example_id,label,expected_landed_percentage,expected_percentage_bucket,predicted_label,predicted_percentage,predicted_percentage_bucket,suggestion_language,tokenizer,exact_normalized_match,line_recall,token_recall,identifier_normalized_token_recall,literal_normalized_token_recall,identifier_and_literal_normalized_token_recall,best_added_line_overlap,best_hunk_token_recall,best_hunk_token_precision,best_hunk_token_f1,best_hunk_identifier_normalized_recall,best_hunk_literal_normalized_recall,best_hunk_identifier_and_literal_normalized_recall,best_hunk_contiguous_line_ratio,best_hunk_token_lcs_recall,best_hunk_size_ratio,meaningful_anchor_recall,meaningful_anchor_count,best_hunk_size,best_hunk_file,best_hunk_candidate_type,candidate_hunk_count,structural_available,structural_engine,structural_language,structural_similarity,structural_node_recall,structural_error,gumtree_available,gumtree_language,gumtree_operation_count,gumtree_insert_ratio,gumtree_delete_ratio,gumtree_update_ratio,gumtree_move_ratio,gumtree_error,file_overlap_ratio,changed_line_overlap_ratio
cd2b0042572e07b5,mostly,80,71-80,mostly,76,71-80,python,python,False,0.000000,0.833333,1.000000,0.833333,1.000000,0.000000,0.833333,0.116279,0.204082,1.000000,0.833333,1.000000,0.000000,0.833333,0.250000,0.666667,3,4,engineering_agent/app/agent_task_runner.py,same_file,5,True,python_ast,python,0.833333,0.833333,,False,,0,0.000000,0.000000,0.000000,0.000000,disabled,1.000000,0.000000
d194cf145826059c,0%,0,0,0%,0,0,python,python,False,0.000000,0.000000,0.000000,0.000000,0.000000,0.000000,0.533333,0.010695,0.020970,0.933333,0.533333,0.933333,0.000000,0.933333,0.007299,0.000000,6,137,fl_control_plane/data_extractor/azure_devops/extractor.py,same_extension,16,True,python_ast,python,1.000000,1.000000,,False,,0,0.000000,0.000000,0.000000,0.000000,disabled,0.000000,0.000000
dc9e6a6b54b060f0,0%,0,0,0%,0,0,python,python,False,0.000000,0.000000,0.000000,0.000000,0.000000,0.000000,0.533333,0.010695,0.020970,0.933333,0.533333,0.933333,0.000000,0.933333,0.007299,0.000000,6,137,fl_control_plane/data_extractor/azure_devops/extractor.py,same_extension,16,True,python_ast,python,1.000000,1.000000,,False,,0,0.000000,0.000000,0.000000,0.000000,disabled,0.000000,0.000000
cc66db418d255fc8,0%,0,0,0%,0,0,python,python,False,0.000000,0.000000,0.000000,0.000000,0.000000,0.000000,0.571429,0.005348,0.010596,0.857143,0.571429,0.857143,0.000000,0.857143,0.007299,0.000000,2,137,fl_control_plane/data_extractor/azure_devops/extractor.py,same_extension,16,True,python_ast,python,1.000000,1.000000,,False,,0,0.000000,0.000000,0.000000,0.000000,disabled,0.000000,0.000000
403e90a4c2db4136,100%,100,91-100,mostly,85,81-90,python,python,False,0.000000,1.000000,1.000000,1.000000,1.000000,0.000000,0.714286,1.000000,0.833333,0.714286,0.714286,0.714286,0.000000,0.714286,1.000000,1.000000,2,1,fl_control_plane/data_extractor/azure_devops/extractor.py,same_file,21,True,python_ast,python,1.000000,1.000000,,False,,0,0.000000,0.000000,0.000000,0.000000,disabled,1.000000,1.000000
742ac3b0bb8297a0,0%,0,0,0%,0,0,python,python,False,0.000000,0.000000,0.000000,0.000000,0.000000,0.000000,0.538462,0.009358,0.018397,0.923077,0.538462,0.923077,0.000000,0.923077,0.007299,0.000000,5,137,fl_control_plane/data_extractor/azure_devops/extractor.py,same_extension,16,True,python_ast,python,1.000000,1.000000,,False,,0,0.000000,0.000000,0.000000,0.000000,disabled,0.000000,0.000000
1b748b260d77cd78,0%,0,0,0%,0,0,python,python,False,0.000000,0.000000,0.000000,0.000000,0.000000,0.000000,0.538462,0.009358,0.018397,0.923077,0.538462,0.923077,0.000000,0.923077,0.007299,0.000000,5,137,fl_control_plane/data_extractor/azure_devops/extractor.py,same_extension,16,True,python_ast,python,1.000000,1.000000,,False,,0,0.000000,0.000000,0.000000,0.000000,disabled,0.000000,0.000000
967cd6a03e5b5d19,0%,0,0,0%,0,0,python,python,False,0.000000,0.000000,0.000000,0.000000,0.000000,0.000000,0.571429,0.005348,0.010596,0.857143,0.571429,0.857143,0.000000,0.857143,0.007299,0.000000,2,137,fl_control_plane/data_extractor/azure_devops/extractor.py,same_extension,16,True,python_ast,python,1.000000,1.000000,,False,,0,0.000000,0.000000,0.000000,0.000000,disabled,0.000000,0.000000
8f62a0b99cc9c89c,0%,0,0,0%,0,0,python,python,False,0.000000,0.000000,0.000000,0.000000,0.000000,0.000000,0.545455,0.008021,0.015810,0.909091,0.545455,0.909091,0.000000,0.909091,0.007299,0.000000,4,137,fl_control_plane/data_extractor/azure_devops/extractor.py,same_extension,16,True,python_ast,python,1.000000,1.000000,,False,,0,0.000000,0.000000,0.000000,0.000000,disabled,0.000000,0.000000
23d104a53d5fc5c4,0%,0,0,0%,0,0,python,python,False,0.000000,0.000000,0.000000,0.000000,0.000000,0.000000,0.538462,0.009358,0.018397,0.923077,0.538462,0.923077,0.000000,0.923077,0.007299,0.000000,5,137,fl_control_plane/data_extractor/azure_devops/extractor.py,same_extension,16,True,python_ast,python,1.000000,1.000000,,False,,0,0.000000,0.000000,0.000000,0.000000,disabled,0.000000,0.000000
de92cd9447f2fa47,0%,0,0,0%,0,0,python,python,False,0.000000,0.000000,0.000000,0.000000,0.000000,0.000000,0.555556,0.006684,0.013210,0.888889,0.555556,0.888889,0.000000,0.888889,0.007299,0.000000,3,137,fl_control_plane/data_extractor/azure_devops/extractor.py,same_extension,16,False,python_ast,python,0.000000,0.000000,SyntaxError: invalid syntax,False,,0,0.000000,0.000000,0.000000,0.000000,disabled,0.000000,0.000000
d3ab1e351262273a,0%,0,0,0%,0,0,python,python,False,0.000000,0.000000,0.000000,0.000000,0.000000,0.000000,0.555556,0.006684,0.013210,0.888889,0.555556,0.888889,0.000000,0.888889,0.007299,0.000000,3,137,fl_control_plane/data_extractor/azure_devops/extractor.py,same_extension,16,True,python_ast,python,1.000000,1.000000,,False,,0,0.000000,0.000000,0.000000,0.000000,disabled,0.000000,0.000000
757368422f2749b4,0%,0,0,0%,0,0,python,python,False,0.000000,0.000000,0.000000,0.000000,0.000000,0.000000,0.571429,0.005348,0.010596,0.857143,0.571429,0.857143,0.000000,0.857143,0.007299,0.000000,2,137,fl_control_plane/data_extractor/azure_devops/extractor.py,same_extension,16,True,python_ast,python,1.000000,1.000000,,False,,0,0.000000,0.000000,0.000000,0.000000,disabled,0.000000,0.000000
b658067ad0731da8,0%,0,0,0%,0,0,python,python,False,0.000000,0.000000,0.000000,0.000000,0.000000,0.000000,0.571429,0.005348,0.010596,0.857143,0.571429,0.857143,0.000000,0.857143,0.007299,0.000000,2,137,fl_control_plane/data_extractor/azure_devops/extractor.py,same_extension,16,True,python_ast,python,1.000000,1.000000,,False,,0,0.000000,0.000000,0.000000,0.000000,disabled,0.000000,0.000000
3061ff62b29be147,0%,0,0,0%,0,0,python,python,False,0.000000,0.000000,0.000000,0.000000,0.000000,0.000000,0.571429,0.005348,0.010596,0.857143,0.571429,0.857143,0.000000,0.857143,0.007299,0.000000,2,137,fl_control_plane/data_extractor/azure_devops/extractor.py,same_extension,16,True,python_ast,python,1.000000,1.000000,,False,,0,0.000000,0.000000,0.000000,0.000000,disabled,0.000000,0.000000
1126cd2fb10d2a29,0%,0,0,0%,0,0,python,python,False,0.000000,0.000000,0.000000,0.000000,0.000000,0.000000,0.571429,0.005348,0.010596,0.857143,0.571429,0.857143,0.000000,0.857143,0.007299,0.000000,2,137,fl_control_plane/data_extractor/azure_devops/extractor.py,same_extension,16,True,python_ast,python,1.000000,1.000000,,False,,0,0.000000,0.000000,0.000000,0.000000,disabled,0.000000,0.000000
6cef07e270f1244a,0%,0,0,0%,0,0,python,python,False,0.000000,0.000000,0.000000,0.000000,0.000000,0.000000,0.571429,0.005348,0.010596,0.857143,0.571429,0.857143,0.000000,0.857143,0.007299,0.000000,2,137,fl_control_plane/data_extractor/azure_devops/extractor.py,same_extension,16,True,python_ast,python,1.000000,1.000000,,False,,0,0.000000,0.000000,0.000000,0.000000,disabled,0.000000,0.000000
2ab762dd314235a2,0%,0,0,0%,0,0,python,python,False,0.000000,0.000000,0.000000,0.000000,0.000000,0.000000,0.571429,0.005348,0.010596,0.857143,0.571429,0.857143,0.000000,0.857143,0.007299,0.000000,2,137,fl_control_plane/data_extractor/azure_devops/extractor.py,same_extension,16,True,python_ast,python,1.000000,1.000000,,False,,0,0.000000,0.000000,0.000000,0.000000,disabled,0.000000,0.000000
cd2d016f7c7b8481,0%,0,0,0%,0,0,python,python,False,0.000000,0.000000,0.000000,0.000000,0.000000,0.000000,0.538462,0.009358,0.018397,0.923077,0.538462,0.923077,0.000000,0.923077,0.007299,0.000000,5,137,fl_control_plane/data_extractor/azure_devops/extractor.py,same_extension,16,True,python_ast,python,1.000000,1.000000,,False,,0,0.000000,0.000000,0.000000,0.000000,disabled,0.000000,0.000000
3ee9858f05443f9f,0%,0,0,0%,0,0,python,python,False,0.000000,0.000000,0.000000,0.000000,0.000000,0.000000,0.555556,0.006684,0.013210,0.888889,0.555556,0.888889,0.000000,0.888889,0.007299,0.000000,3,137,fl_control_plane/data_extractor/azure_devops/extractor.py,same_extension,16,True,python_ast,python,1.000000,1.000000,,False,,0,0.000000,0.000000,0.000000,0.000000,disabled,0.000000,0.000000
2b161a20579548f7,partial,35,31-40,mostly,82,81-90,dockerfile,dockerfile,False,0.000000,0.424242,0.424242,0.424242,0.424242,0.000000,0.424242,1.000000,0.595745,0.424242,0.424242,0.424242,0.000000,0.424242,1.000000,0.375000,16,1,engineering_agent/Dockerfile,same_file,1,False,,,0.000000,0.000000,no supported local structural parser,False,,0,0.000000,0.000000,0.000000,0.000000,disabled,1.000000,0.000000
a27e9597f4a9fe69,100%,100,91-100,100%,100,91-100,python,python,True,1.000000,0.758621,0.758621,0.758621,0.758621,1.000000,0.758621,0.119565,0.206573,0.758621,0.758621,0.758621,1.000000,0.758621,0.153846,0.571429,7,13,fl_control_plane/pipeline_analyzer/gates/wip_gate/wip_detection.py,same_file,307,True,python_ast,python,1.000000,1.000000,,False,,0,0.000000,0.000000,0.000000,0.000000,disabled,1.000000,1.000000
3955503109943ea3,partial,50,41-50,partial,55,51-60,python,python,False,0.200000,0.867647,0.926471,0.941176,1.000000,0.200000,0.823529,0.118644,0.207407,0.911765,0.882353,0.970588,0.200000,0.779412,0.083333,0.560000,25,60,fl_control_plane/temporal/interceptor.py,neighboring_same_file,302,True,python_ast,python,1.000000,1.000000,,False,,0,0.000000,0.000000,0.000000,0.000000,disabled,1.000000,0.200000
80b221891ca9140c,mostly,85,81-90,mostly,88,81-90,python,python,False,0.750000,1.000000,1.000000,1.000000,1.000000,0.500000,1.000000,0.466667,0.636364,1.000000,1.000000,1.000000,0.500000,1.000000,0.333333,1.000000,11,12,fl_control_plane/temporal/persist_inspection_db_activity.py,same_file,297,True,python_ast,python,1.000000,1.000000,,False,,0,0.000000,0.000000,0.000000,0.000000,disabled,1.000000,0.750000
fa9f06c7275bcf3e,100%,100,91-100,100%,100,91-100,python,python,True,1.000000,1.000000,1.000000,1.000000,1.000000,1.000000,1.000000,0.000537,0.001073,1.000000,1.000000,1.000000,1.000000,1.000000,0.003205,0.000000,0,312,fl_control_plane/data_extractor/jenkins/xmake.py,same_file,43,True,python_ast,python,1.000000,1.000000,,False,,0,0.000000,0.000000,0.000000,0.000000,disabled,1.000000,1.000000
71c68b9dedea6319,100%,100,91-100,100%,100,91-100,python,python,True,1.000000,1.000000,1.000000,1.000000,1.000000,1.000000,1.000000,0.002684,0.005353,1.000000,1.000000,1.000000,1.000000,1.000000,0.006410,1.000000,2,312,fl_control_plane/data_extractor/jenkins/xmake.py,same_file,45,False,python_ast,python,0.000000,0.000000,SyntaxError: unmatched ']',False,,0,0.000000,0.000000,0.000000,0.000000,disabled,1.000000,1.000000
d3cd82df9aa5e25c,partial,50,41-50,mostly,72,71-80,python,python,False,0.666667,0.800000,0.866667,0.800000,0.866667,0.666667,1.000000,0.008052,0.015974,1.000000,1.000000,1.000000,0.333333,1.000000,0.009615,1.000000,5,312,fl_control_plane/data_extractor/jenkins/xmake.py,same_extension,46,True,python_ast,python,1.000000,1.000000,,False,,0,0.000000,0.000000,0.000000,0.000000,disabled,1.000000,0.666700
e5106bffc71fe0ef,100%,100,91-100,mostly,72,71-80,python,python,False,0.000000,1.000000,1.000000,1.000000,1.000000,0.000000,1.000000,0.029126,0.056604,1.000000,1.000000,1.000000,0.000000,1.000000,0.020408,1.000000,3,49,scripts/fl_comparison/run_comparison_batch.py,same_file,52,True,python_ast,python,1.000000,1.000000,,False,,0,0.000000,0.000000,0.000000,0.000000,disabled,1.000000,0.000000
c43a1546a8e17df4,partial,39,31-40,partial,55,51-60,python,python,False,0.500000,0.854545,0.890909,0.963636,1.000000,0.250000,0.945455,0.525253,0.675325,0.981818,0.945455,0.981818,0.250000,0.945455,0.666667,0.916667,24,6,scripts/fl_comparison/run_comparison_batch.py,same_file,52,True,python_ast,python,1.000000,1.000000,,False,,0,0.000000,0.000000,0.000000,0.000000,disabled,1.000000,0.500000
11c4648428c0c386,0%,0,0,mostly,72,71-80,python,python,False,0.000000,0.850000,0.850000,0.850000,0.850000,0.000000,0.850000,0.059441,0.111111,0.850000,0.850000,0.850000,0.000000,0.850000,0.027778,1.000000,6,36,tests/mcp_servers/github_finalizer/test_github_finalizer_settings.py,same_file,17,True,python_ast,python,0.800000,0.800000,,False,,0,0.000000,0.000000,0.000000,0.000000,disabled,1.000000,0.000000
4b99d7c39346d96f,mostly,80,71-80,mostly,72,71-80,python,python,False,0.000000,1.000000,1.000000,1.000000,1.000000,0.000000,1.000000,0.022321,0.043668,1.000000,1.000000,1.000000,0.000000,1.000000,0.050000,1.000000,1,20,fl_mcp_servers/github_finalizer/settings.py,same_file,16,True,python_ast,python,1.000000,1.000000,,False,,0,0.000000,0.000000,0.000000,0.000000,disabled,1.000000,0.000000
3c0ae1370098fbfe,0%,0,0,0%,0,0,yaml,yaml_like,False,0.000000,0.000000,0.000000,0.000000,0.000000,0.000000,0.000000,0.000000,0.000000,0.000000,0.000000,0.000000,0.000000,0.000000,0.000000,0.000000,0,0,,,0,False,,,0.000000,0.000000,no supported local structural parser,False,,0,0.000000,0.000000,0.000000,0.000000,disabled,0.000000,0.000000
71c4b1f498409b89,0%,0,0,0%,0,0,yaml,yaml_like,False,0.000000,0.000000,0.000000,0.000000,0.000000,0.000000,0.600000,0.011091,0.021779,0.900000,0.600000,0.900000,0.000000,0.900000,0.015385,0.400000,5,65,fl_control_plane/execution_engine/hdlf_cert_provisioner.py,anchor_overlap,1,False,,,0.000000,0.000000,no supported local structural parser,False,,0,0.000000,0.000000,0.000000,0.000000,disabled,0.000000,0.000000
95ffed536433a4d6,mostly,80,71-80,mostly,78,71-80,python,python,False,0.000000,0.600000,0.600000,0.600000,0.600000,0.000000,0.600000,0.750000,0.666667,0.600000,0.600000,0.600000,0.000000,0.600000,1.000000,1.000000,1,1,fl_control_plane/metadata_extractor/jenkins.py,same_file,45,True,python_ast,python,1.000000,1.000000,,False,,0,0.000000,0.000000,0.000000,0.000000,disabled,1.000000,1.000000
77efe46a00c47062,mostly,85,81-90,mostly,79,71-80,python,python,False,0.750000,1.000000,1.000000,1.000000,1.000000,0.750000,0.875000,0.875000,0.875000,0.875000,0.875000,0.875000,0.750000,0.875000,1.000000,1.000000,6,8,fl_control_plane/handler_orchestrator/orchestrator.py,same_file,27,True,python_ast,python,1.000000,1.000000,,False,,0,0.000000,0.000000,0.000000,0.000000,disabled,1.000000,0.750000
42a10ece27f320b2,mostly,85,81-90,mostly,79,71-80,python,python,False,0.750000,1.000000,1.000000,1.000000,1.000000,0.750000,0.875000,0.875000,0.875000,0.875000,0.875000,0.875000,0.750000,0.875000,1.000000,1.000000,6,8,fl_control_plane/handler_orchestrator/orchestrator.py,same_file,27,True,python_ast,python,1.000000,1.000000,,False,,0,0.000000,0.000000,0.000000,0.000000,disabled,1.000000,0.750000
7b33bafebbe400aa,partial,47,41-50,partial,55,51-60,python,python,False,0.363636,0.800000,0.928571,0.814286,0.942857,0.363636,0.785714,0.216535,0.339506,0.928571,0.800000,0.942857,0.181818,0.900000,0.180328,0.655172,29,61,fl_control_plane/handler_orchestrator/orchestrator.py,same_file,27,True,python_ast,python,1.000000,1.000000,,False,,0,0.000000,0.000000,0.000000,0.000000,disabled,1.000000,0.400000
34017602ebc8d985,100%,100,91-100,100%,100,91-100,python,python,True,1.000000,0.181818,0.727273,0.181818,0.727273,1.000000,0.000000,0.000000,0.000000,0.727273,0.000000,0.727273,1.000000,0.727273,0.083333,0.000000,7,12,tests/handler_orchestrator/test_orchestrator.py,same_file,26,False,python_ast,python,0.000000,0.000000,SyntaxError: invalid syntax,False,,0,0.000000,0.000000,0.000000,0.000000,disabled,1.000000,1.000000
50925e1bb1e94cf5,mostly,80,71-80,mostly,72,71-80,json,json,False,0.000000,0.780488,0.804878,0.780488,0.804878,0.000000,0.804878,0.021682,0.042226,0.804878,0.804878,0.804878,0.000000,0.780488,0.002033,1.000000,11,492,dashboards/lenny-pipeline-doctor-performance.json,same_extension,5,False,,,0.000000,0.000000,no supported local structural parser,False,,0,0.000000,0.000000,0.000000,0.000000,disabled,1.000000,0.000000
cf60be638884c2cf,mostly,80,71-80,mostly,72,71-80,json,json,False,0.000000,0.756098,0.756098,0.756098,0.756098,0.000000,0.756098,0.010801,0.021299,0.756098,0.756098,0.756098,0.000000,0.756098,0.000797,1.000000,11,1254,dashboards/lenny-pipeline-doctor-platform-operations.json,same_file,5,False,,,0.000000,0.000000,no supported local structural parser,False,,0,0.000000,0.000000,0.000000,0.000000,disabled,1.000000,0.000000
d65726bbc88e2f0a,mostly,80,71-80,mostly,71,71-80,json,json,False,0.000000,0.769231,0.807692,0.769231,0.807692,0.000000,0.769231,0.013937,0.027379,0.807692,0.769231,0.807692,0.000000,0.807692,0.000797,0.866667,15,1254,dashboards/lenny-pipeline-doctor-platform-operations.json,same_file,5,False,,,0.000000,0.000000,no supported local structural parser,False,,0,0.000000,0.000000,0.000000,0.000000,disabled,1.000000,0.000000
2c2e98d2d28c9994,mostly,80,71-80,mostly,64,61-70,json,json,False,0.000000,0.727273,0.777778,0.727273,0.777778,0.000000,0.727273,0.025087,0.048501,0.777778,0.727273,0.777778,0.000000,0.000000,0.000797,0.814815,27,1254,dashboards/lenny-pipeline-doctor-platform-operations.json,same_file,5,False,,,0.000000,0.000000,no supported local structural parser,False,,0,0.000000,0.000000,0.000000,0.000000,disabled,1.000000,0.000000
d9d8ac55ea3efbbf,mostly,80,71-80,mostly,72,71-80,markdown,markdown,False,0.000000,0.980769,1.000000,0.980769,1.000000,0.000000,0.980769,0.070637,0.131783,1.000000,0.980769,1.000000,0.000000,0.980769,0.035714,1.000000,20,28,openspec/changes/archive/2026-08-13-lenny-pipeline-doctor-dashboards/tasks.md,same_file,8,False,,,0.000000,0.000000,no supported local structural parser,False,,0,0.000000,0.000000,0.000000,0.000000,disabled,1.000000,0.000000
cd99a4ccd6f41d2a,mostly,85,81-90,mostly,72,71-80,python,python,False,0.000000,1.000000,1.000000,1.000000,1.000000,0.000000,1.000000,0.027630,0.053775,1.000000,1.000000,1.000000,0.000000,1.000000,0.009132,1.000000,13,219,fl_mcp_servers/github_finalizer/server.py,same_file,13,True,python_ast,python,1.000000,1.000000,,False,,0,0.000000,0.000000,0.000000,0.000000,disabled,1.000000,0.000000
99ecc72f2785261f,partial,48,41-50,partial,55,51-60,python,python,False,0.500000,1.000000,1.000000,1.000000,1.000000,0.500000,1.000000,0.028571,0.055556,1.000000,1.000000,1.000000,0.250000,1.000000,0.108108,1.000000,1,37,fl_control_plane/execution_engine/hdlf_cert_provisioner.py,same_file,99,True,python_ast,python,1.000000,1.000000,,False,,0,0.000000,0.000000,0.000000,0.000000,disabled,1.000000,0.500000
5d96cdeffe1a29d1,100%,100,91-100,100%,100,91-100,python,python,False,1.000000,1.000000,1.000000,1.000000,1.000000,1.000000,1.000000,0.260163,0.412903,1.000000,1.000000,1.000000,0.875000,1.000000,0.296296,1.000000,14,27,fl_control_plane/temporal/workflow.py,same_file,96,True,python_ast,python,1.000000,1.000000,,False,,0,0.000000,0.000000,0.000000,0.000000,disabled,1.000000,1.000000
9ea6a9fa60f9d398,100%,100,91-100,100%,100,91-100,python,python,True,1.000000,1.000000,1.000000,1.000000,1.000000,1.000000,1.000000,0.048780,0.093023,1.000000,1.000000,1.000000,1.000000,1.000000,0.037037,1.000000,1,27,fl_control_plane/temporal/workflow.py,same_file,96,True,python_ast,python,1.000000,1.000000,,False,,0,0.000000,0.000000,0.000000,0.000000,disabled,1.000000,1.000000
e1770a1b33da3051,mostly,85,81-90,mostly,88,81-90,python,python,False,0.666667,1.000000,1.000000,1.000000,1.000000,0.666667,1.000000,0.163043,0.280374,1.000000,1.000000,1.000000,0.666667,1.000000,0.125000,1.000000,6,24,fl_control_plane/temporal/workflow.py,same_file,96,True,python_ast,python,1.000000,1.000000,,False,,0,0.000000,0.000000,0.000000,0.000000,disabled,1.000000,0.666700
f0b241261497d617,mostly,85,81-90,mostly,88,81-90,python,python,False,0.666667,1.000000,1.000000,1.000000,1.000000,0.666667,1.000000,0.163043,0.280374,1.000000,1.000000,1.000000,0.666667,1.000000,0.125000,1.000000,6,24,fl_control_plane/temporal/workflow.py,same_file,96,True,python_ast,python,1.000000,1.000000,,False,,0,0.000000,0.000000,0.000000,0.000000,disabled,1.000000,0.666700
022aa699240596da,mostly,80,71-80,mostly,72,71-80,python,python,False,0.666667,0.850000,0.850000,0.850000,0.850000,0.666667,0.950000,0.088372,0.161702,0.950000,0.950000,0.950000,0.333333,0.900000,0.050000,1.000000,4,60,fl_control_plane/execution_engine/hdlf_cert_provisioner.py,same_file,98,True,python_ast,python,1.000000,1.000000,,False,,0,0.000000,0.000000,0.000000,0.000000,disabled,1.000000,0.666700
3372495653d6e5de,partial,35,31-40,mostly,72,71-80,shell,pygments,False,0.000000,0.769231,1.000000,0.769231,1.000000,0.000000,0.769231,0.006454,0.012800,1.000000,0.769231,1.000000,0.000000,1.000000,0.004773,0.642857,14,419,scripts/release.sh,same_file,11,False,,,0.000000,0.000000,no supported local structural parser,False,,0,0.000000,0.000000,0.000000,0.000000,disabled,1.000000,0.000000
0a68efb97a28641c,100%,100,91-100,mostly,85,81-90,python,python,False,0.000000,1.000000,1.000000,1.000000,1.000000,0.000000,0.714286,1.000000,0.833333,0.714286,0.714286,0.714286,0.000000,0.714286,1.000000,1.000000,2,1,fl_control_plane/data_extractor/jenkins/stages.py,same_file,16,True,python_ast,python,1.000000,1.000000,,False,,0,0.000000,0.000000,0.000000,0.000000,disabled,1.000000,1.000000
031ecec4ad5d2de9,100%,100,91-100,100%,100,91-100,python,python,True,1.000000,1.000000,1.000000,1.000000,1.000000,1.000000,1.000000,0.046948,0.089686,1.000000,1.000000,1.000000,1.000000,1.000000,0.014925,1.000000,1,67,fl_shared/hdlf_client/client.py,same_file,18,True,python_ast,python,1.000000,1.000000,,False,,0,0.000000,0.000000,0.000000,0.000000,disabled,1.000000,1.000000
99e6218b82e01624,100%,100,91-100,100%,100,91-100,python,python,True,1.000000,0.700000,0.700000,0.700000,0.700000,1.000000,0.700000,0.011182,0.022013,0.700000,0.700000,0.700000,1.000000,0.700000,0.013699,1.000000,1,73,fl_control_plane/execution_engine/hdlf_cert_provisioner.py,same_file,17,True,python_ast,python,1.000000,1.000000,,False,,0,0.000000,0.000000,0.000000,0.000000,disabled,1.000000,1.000000
1fdc72a79ebc0277,mostly,85,81-90,mostly,80,71-80,python,python,False,0.800000,0.880000,0.880000,0.880000,0.880000,0.800000,0.880000,0.035144,0.067588,0.880000,0.880000,0.880000,0.600000,0.880000,0.068493,1.000000,8,73,fl_control_plane/execution_engine/hdlf_cert_provisioner.py,same_file,17,True,python_ast,python,1.000000,1.000000,,False,,0,0.000000,0.000000,0.000000,0.000000,disabled,1.000000,0.800000
1153816b5ef57bae,100%,100,91-100,100%,100,91-100,python,python,True,1.000000,0.833333,0.833333,1.000000,1.000000,1.000000,0.833333,0.007987,0.015823,0.833333,1.000000,1.000000,1.000000,1.000000,0.013699,0.666667,3,73,fl_control_plane/execution_engine/hdlf_cert_provisioner.py,same_file,17,True,python_ast,python,1.000000,1.000000,,False,,0,0.000000,0.000000,0.000000,0.000000,disabled,1.000000,1.000000
1c37b2cda0db2d87,100%,100,91-100,100%,100,91-100,python,python,True,1.000000,0.923077,0.923077,1.000000,1.000000,1.000000,0.923077,0.019169,0.037559,0.923077,1.000000,1.000000,1.000000,1.000000,0.013699,0.833333,6,73,fl_control_plane/execution_engine/hdlf_cert_provisioner.py,same_file,17,True,python_ast,python,1.000000,1.000000,,False,,0,0.000000,0.000000,0.000000,0.000000,disabled,1.000000,1.000000
f184196a1a2ab26a,100%,100,91-100,mostly,85,81-90,python,python,False,0.000000,1.000000,1.000000,1.000000,1.000000,0.000000,0.777778,1.000000,0.875000,0.777778,0.777778,0.777778,0.000000,0.777778,1.000000,1.000000,3,1,fl_control_plane/handler_orchestrator/applicability.py,same_file,71,True,python_ast,python,1.000000,1.000000,,False,,0,0.000000,0.000000,0.000000,0.000000,disabled,1.000000,1.000000
4c24eaad10a3d1c9,100%,100,91-100,mostly,85,81-90,python,python,False,0.000000,1.000000,1.000000,1.000000,1.000000,0.000000,0.866667,1.000000,0.928571,0.866667,0.866667,0.866667,0.000000,0.866667,1.000000,1.000000,6,1,fl_control_plane/handler_orchestrator/defaults_resolver.py,same_file,70,True,python_ast,python,1.000000,1.000000,,False,,0,0.000000,0.000000,0.000000,0.000000,disabled,1.000000,1.000000
c383da4792fe1222,100%,100,91-100,mostly,85,81-90,python,python,False,0.000000,1.000000,1.000000,1.000000,1.000000,0.000000,0.714286,1.000000,0.833333,0.714286,0.714286,0.714286,0.000000,0.714286,1.000000,1.000000,2,1,fl_control_plane/handler_orchestrator/orchestrator.py,same_file,83,True,python_ast,python,1.000000,1.000000,,False,,0,0.000000,0.000000,0.000000,0.000000,disabled,1.000000,1.000000
92deeeb3c6e1cbba,100%,100,91-100,mostly,85,81-90,python,python,False,0.000000,1.000000,1.000000,1.000000,1.000000,0.000000,0.714286,1.000000,0.833333,0.714286,0.714286,0.714286,0.000000,0.714286,1.000000,1.000000,2,1,fl_control_plane/handler_orchestrator/orchestrator.py,same_file,83,True,python_ast,python,1.000000,1.000000,,False,,0,0.000000,0.000000,0.000000,0.000000,disabled,1.000000,1.000000
5541c01c69ff7bc2,mostly,75,71-80,mostly,80,71-80,python,python,False,0.666667,0.818182,0.909091,0.909091,1.000000,0.666667,0.727273,0.072727,0.132231,0.909091,0.818182,1.000000,0.333333,0.909091,0.157895,0.500000,4,19,fl_control_plane/handler_orchestrator/orchestrator.py,same_file,83,True,python_ast,python,1.000000,1.000000,,False,,0,0.000000,0.000000,0.000000,0.000000,disabled,1.000000,0.666700
5a7d126918013fd8,mostly,80,71-80,mostly,82,81-90,python,python,False,0.000000,1.000000,1.000000,1.000000,1.000000,0.000000,1.000000,0.555556,0.714286,1.000000,1.000000,1.000000,0.000000,1.000000,1.000000,1.000000,3,1,tests/handler_orchestrator/test_orchestrator.py,same_file,85,False,python_ast,python,0.000000,0.000000,SyntaxError: illegal target for annotation,False,,0,0.000000,0.000000,0.000000,0.000000,disabled,1.000000,0.000000
e132b69170c1e4a4,0%,0,0,mostly,88,81-90,python,python,False,0.500000,0.714286,1.000000,0.714286,1.000000,0.500000,0.714286,0.087719,0.156250,1.000000,0.714286,1.000000,0.500000,1.000000,0.222222,0.333333,3,9,fl_control_plane/data_extractor/jenkins/capture_plan.py,same_file,15,True,python_ast,python,1.000000,1.000000,,False,,0,0.000000,0.000000,0.000000,0.000000,disabled,1.000000,0.500000
b432fc4127054e6e,100%,100,91-100,100%,100,91-100,python,python,True,1.000000,1.000000,1.000000,1.000000,1.000000,1.000000,1.000000,0.114504,0.205479,1.000000,1.000000,1.000000,1.000000,1.000000,0.040000,1.000000,6,25,fl_control_plane/metadata_extractor/jenkins.py,same_file,14,True,python_ast,python,1.000000,1.000000,,False,,0,0.000000,0.000000,0.000000,0.000000,disabled,1.000000,1.000000
5bab9b9af098498f,100%,100,91-100,100%,100,91-100,python,python,False,1.000000,0.937500,0.937500,0.937500,0.937500,0.777778,0.937500,0.937500,0.937500,0.937500,0.937500,0.937500,0.555556,0.937500,0.818182,1.000000,8,11,fl_control_plane/execution_engine/hdlf_cert_provisioner.py,same_file,37,True,python_ast,python,1.000000,1.000000,,False,,0,0.000000,0.000000,0.000000,0.000000,disabled,1.000000,1.000000
be53318866c3698b,100%,100,91-100,100%,100,91-100,shell,pygments,True,1.000000,1.000000,1.000000,1.000000,1.000000,1.000000,1.000000,0.076661,0.142405,1.000000,1.000000,1.000000,1.000000,1.000000,0.016667,1.000000,9,60,scripts/temporal-ui.sh,same_file,1,False,,,0.000000,0.000000,no supported local structural parser,False,,0,0.000000,0.000000,0.000000,0.000000,disabled,1.000000,1.000000
4c429448c78f3c3e,mostly,85,81-90,mostly,88,81-90,shell,pygments,False,0.857143,1.000000,1.000000,1.000000,1.000000,0.714286,1.000000,0.085179,0.156986,1.000000,1.000000,1.000000,0.714286,1.000000,0.116667,1.000000,12,60,scripts/temporal-ui.sh,same_file,1,False,,,0.000000,0.000000,no supported local structural parser,False,,0,0.000000,0.000000,0.000000,0.000000,disabled,1.000000,0.857100
8bb42bb584f7d410,100%,100,91-100,mostly,72,71-80,shell,pygments,False,0.666667,1.000000,1.000000,1.000000,1.000000,0.666667,1.000000,0.030664,0.059504,1.000000,1.000000,1.000000,0.333333,1.000000,0.050000,1.000000,6,60,scripts/temporal-ui.sh,same_file,1,False,,,0.000000,0.000000,no supported local structural parser,False,,0,0.000000,0.000000,0.000000,0.000000,disabled,1.000000,0.666700
fec444cd0fc72a67,100%,100,91-100,100%,100,91-100,shell,pygments,True,1.000000,1.000000,1.000000,1.000000,1.000000,1.000000,1.000000,0.051107,0.097245,1.000000,1.000000,1.000000,1.000000,1.000000,0.066667,1.000000,12,60,scripts/temporal-ui.sh,same_file,1,False,,,0.000000,0.000000,no supported local structural parser,False,,0,0.000000,0.000000,0.000000,0.000000,disabled,1.000000,1.000000
3216449c1f1338a1,100%,100,91-100,100%,100,91-100,python,python,True,1.000000,1.000000,1.000000,1.000000,1.000000,1.000000,1.000000,0.040859,0.078511,1.000000,1.000000,1.000000,1.000000,1.000000,0.038806,1.000000,38,335,scripts/fl_comparison/build_comparison_bundle.py,same_file,6,True,python_ast,python,1.000000,1.000000,,False,,0,0.000000,0.000000,0.000000,0.000000,disabled,1.000000,1.000000
e135857d810cf7f2,100%,100,91-100,100%,100,91-100,python,python,True,1.000000,1.000000,1.000000,1.000000,1.000000,1.000000,1.000000,0.009267,0.018364,1.000000,1.000000,1.000000,1.000000,1.000000,0.011940,1.000000,6,335,scripts/fl_comparison/build_comparison_bundle.py,same_file,9,True,python_ast,python,1.000000,1.000000,,False,,0,0.000000,0.000000,0.000000,0.000000,disabled,1.000000,1.000000
44684fae7e81b740,mostly,85,81-90,mostly,72,71-80,python,python,False,0.666667,1.000000,1.000000,1.000000,1.000000,0.666667,1.000000,0.008483,0.016823,1.000000,1.000000,1.000000,0.333333,1.000000,0.009464,1.000000,4,317,scripts/fl_comparison/common.py,same_file,9,True,python_ast,python,1.000000,1.000000,,False,,0,0.000000,0.000000,0.000000,0.000000,disabled,1.000000,1.000000
5a11a7f4e746cb73,mostly,80,71-80,mostly,72,71-80,python,python,False,0.000000,0.965517,1.000000,0.965517,1.000000,0.000000,0.965517,0.066667,0.124722,1.000000,0.965517,1.000000,0.000000,0.965517,0.009901,0.916667,12,101,tests/test_fl_comparison_common.py,same_file,9,True,python_ast,python,1.000000,1.000000,,False,,0,0.000000,0.000000,0.000000,0.000000,disabled,1.000000,0.000000
7f2802b977497fea,0%,0,0,0%,0,0,python,python,False,0.000000,0.222222,0.333333,0.277778,0.388889,0.000000,0.611111,0.215686,0.318841,0.888889,0.666667,0.944444,0.000000,0.777778,0.125000,0.142857,7,8,fl_control_plane/data_extractor/jenkins/stages.py,same_extension,9,True,python_ast,python,0.823529,0.823529,,False,,0,0.000000,0.000000,0.000000,0.000000,disabled,1.000000,0.000000
15c0b3ca729c9de3,0%,0,0,0%,0,0,python,python,False,0.000000,0.000000,0.000000,0.000000,0.000000,0.000000,0.611111,0.215686,0.318841,0.888889,0.666667,0.944444,0.000000,0.777778,0.125000,0.142857,7,8,fl_control_plane/data_extractor/jenkins/stages.py,same_extension,8,True,python_ast,python,0.823529,0.823529,,False,,0,0.000000,0.000000,0.000000,0.000000,disabled,0.000000,0.000000
4ce01340b2e21f4f,100%,100,91-100,100%,100,91-100,python,python,True,1.000000,1.000000,1.000000,1.000000,1.000000,1.000000,1.000000,0.042424,0.081395,1.000000,1.000000,1.000000,1.000000,1.000000,0.014815,1.000000,12,135,fl_control_plane/handler_orchestrator/relevance_evaluator.py,same_file,74,True,python_ast,python,1.000000,1.000000,,False,,0,0.000000,0.000000,0.000000,0.000000,disabled,1.000000,1.000000
6fb5025fcb384169,mostly,85,81-90,mostly,72,71-80,python,python,False,0.000000,0.933333,1.000000,0.933333,1.000000,0.000000,0.933333,0.269231,0.417910,1.000000,0.933333,1.000000,0.000000,1.000000,0.090909,0.800000,5,11,fl_control_plane/handler_orchestrator/applicability.py,same_file,79,True,python_ast,python,1.000000,1.000000,,False,,0,0.000000,0.000000,0.000000,0.000000,disabled,1.000000,0.000000
13e87294a6fa3c1a,partial,25,21-30,partial,55,51-60,python,python,False,0.250000,0.833333,1.000000,0.833333,1.000000,0.125000,0.666667,0.300000,0.413793,1.000000,0.666667,1.000000,0.125000,0.777778,0.888889,0.142857,7,9,fl_control_plane/handler_orchestrator/orchestrator.py,same_file,90,True,python_ast,python,1.000000,1.000000,,False,,0,0.000000,0.000000,0.000000,0.000000,disabled,1.000000,0.250000
319a45eb28fa283d,partial,50,41-50,mostly,88,81-90,python,python,False,0.500000,1.000000,1.000000,1.000000,1.000000,0.500000,1.000000,0.240000,0.387097,1.000000,1.000000,1.000000,0.500000,1.000000,0.111111,1.000000,7,18,fl_control_plane/data_extractor/jenkins/capture_plan.py,same_file,12,True,python_ast,python,1.000000,1.000000,,False,,0,0.000000,0.000000,0.000000,0.000000,disabled,1.000000,0.500000
39a543d25fd0fa31,partial,50,41-50,mostly,88,81-90,python,python,False,0.500000,1.000000,1.000000,1.000000,1.000000,0.500000,1.000000,0.195652,0.327273,1.000000,1.000000,1.000000,0.500000,1.000000,0.166667,1.000000,7,12,fl_control_plane/temporal/persist_inspection_db_activity.py,same_file,12,True,python_ast,python,1.000000,1.000000,,False,,0,0.000000,0.000000,0.000000,0.000000,disabled,1.000000,0.500000
b756ab3d5f9d7df1,100%,100,91-100,100%,100,91-100,python,python,True,1.000000,1.000000,1.000000,1.000000,1.000000,1.000000,1.000000,0.266667,0.421053,1.000000,1.000000,1.000000,1.000000,1.000000,0.166667,1.000000,7,18,fl_control_plane/data_extractor/jenkins/capture_plan.py,same_file,12,True,python_ast,python,1.000000,1.000000,,False,,0,0.000000,0.000000,0.000000,0.000000,disabled,1.000000,1.000000
6f1fb15bc2434972,100%,100,91-100,mostly,84,81-90,python,python,False,0.000000,1.000000,1.000000,1.000000,1.000000,0.000000,1.000000,0.217391,0.357143,1.000000,1.000000,1.000000,0.000000,0.950000,0.250000,1.000000,7,12,fl_control_plane/temporal/persist_inspection_db_activity.py,same_file,12,True,python_ast,python,1.000000,1.000000,,False,,0,0.000000,0.000000,0.000000,0.000000,disabled,1.000000,1.000000
4811b0ab32921c84,100%,100,91-100,100%,100,91-100,python,python,True,1.000000,1.000000,1.000000,1.000000,1.000000,1.000000,1.000000,0.106667,0.192771,1.000000,1.000000,1.000000,1.000000,1.000000,0.055556,1.000000,3,18,fl_control_plane/data_extractor/jenkins/capture_plan.py,same_file,12,True,python_ast,python,1.000000,1.000000,,False,,0,0.000000,0.000000,0.000000,0.000000,disabled,1.000000,1.000000
3b4ab7fa4c4301bd,100%,100,91-100,mostly,72,71-80,python,python,False,0.000000,1.000000,1.000000,1.000000,1.000000,0.000000,1.000000,0.009847,0.019502,1.000000,1.000000,1.000000,0.000000,1.000000,0.008333,1.000000,3,120,fl_mcp_servers/generic/pipeline_data_mcp.py,same_file,133,True,python_ast,python,1.000000,1.000000,,False,,0,0.000000,0.000000,0.000000,0.000000,disabled,1.000000,0.000000
64be0c800d185f15,mostly,85,81-90,partial,55,51-60,python,python,False,0.500000,0.921053,0.921053,0.947368,0.947368,0.500000,0.921053,0.038293,0.073529,0.921053,0.947368,0.947368,0.166667,0.947368,0.050000,0.923077,13,120,fl_mcp_servers/generic/pipeline_data_mcp.py,same_file,139,True,python_ast,python,0.942857,0.942857,,False,,0,0.000000,0.000000,0.000000,0.000000,disabled,1.000000,0.500000
2f4b9c6ae3b14bb1,100%,100,91-100,100%,100,91-100,yaml,yaml_like,True,1.000000,1.000000,1.000000,1.000000,1.000000,1.000000,1.000000,0.471910,0.641221,1.000000,1.000000,1.000000,1.000000,1.000000,0.373494,1.000000,121,83,chart/templates/argocd-wait-hook-job.yaml,same_file,6,False,,,0.000000,0.000000,no supported local structural parser,False,,0,0.000000,0.000000,0.000000,0.000000,disabled,1.000000,1.000000
73b7ffc669ae225c,100%,100,91-100,100%,100,91-100,yaml,yaml_like,True,1.000000,1.000000,1.000000,1.000000,1.000000,1.000000,1.000000,0.052970,0.100610,1.000000,1.000000,1.000000,1.000000,1.000000,0.012048,1.000000,8,83,chart/templates/argocd-wait-hook-job.yaml,same_file,6,False,,,0.000000,0.000000,no supported local structural parser,False,,0,0.000000,0.000000,0.000000,0.000000,disabled,1.000000,1.000000
a47be0d797167d35,100%,100,91-100,100%,100,91-100,yaml,yaml_like,True,1.000000,1.000000,1.000000,1.000000,1.000000,1.000000,1.000000,0.040128,0.077160,1.000000,1.000000,1.000000,1.000000,1.000000,0.012048,1.000000,11,83,chart/templates/argocd-wait-hook-job.yaml,same_file,6,False,,,0.000000,0.000000,no supported local structural parser,False,,0,0.000000,0.000000,0.000000,0.000000,disabled,1.000000,1.000000
2b23b19328b827ba,100%,100,91-100,100%,100,91-100,yaml,yaml_like,True,1.000000,1.000000,1.000000,1.000000,1.000000,1.000000,1.000000,0.051230,0.097466,1.000000,1.000000,1.000000,1.000000,1.000000,0.019231,1.000000,11,52,chart/templates/argocd-wait-hook-rbac.yaml,same_file,6,False,,,0.000000,0.000000,no supported local structural parser,False,,0,0.000000,0.000000,0.000000,0.000000,disabled,1.000000,1.000000
46b8bca808f89142,100%,100,91-100,100%,100,91-100,yaml,yaml_like,True,1.000000,1.000000,1.000000,1.000000,1.000000,1.000000,1.000000,0.051230,0.097466,1.000000,1.000000,1.000000,1.000000,1.000000,0.019231,1.000000,11,52,chart/templates/argocd-wait-hook-rbac.yaml,same_file,6,False,,,0.000000,0.000000,no supported local structural parser,False,,0,0.000000,0.000000,0.000000,0.000000,disabled,1.000000,1.000000
f8d77338f7ee33d1,100%,100,91-100,100%,100,91-100,yaml,yaml_like,True,1.000000,1.000000,1.000000,1.000000,1.000000,1.000000,1.000000,0.051230,0.097466,1.000000,1.000000,1.000000,1.000000,1.000000,0.019231,1.000000,11,52,chart/templates/argocd-wait-hook-rbac.yaml,same_file,6,False,,,0.000000,0.000000,no supported local structural parser,False,,0,0.000000,0.000000,0.000000,0.000000,disabled,1.000000,1.000000
74942f92ff1d98cb,100%,100,91-100,100%,100,91-100,yaml,yaml_like,True,1.000000,1.000000,1.000000,1.000000,1.000000,1.000000,1.000000,1.000000,1.000000,1.000000,1.000000,1.000000,1.000000,1.000000,1.000000,1.000000,3,4,chart/values.yaml,same_file,7,False,,,0.000000,0.000000,no supported local structural parser,False,,0,0.000000,0.000000,0.000000,0.000000,disabled,1.000000,1.000000
ed787a506b3ae332,0%,0,0,0%,0,0,yaml,yaml_like,False,0.000000,0.000000,0.000000,0.000000,0.000000,0.000000,0.500000,0.103448,0.171429,1.000000,0.500000,1.000000,0.000000,1.000000,0.333333,0.000000,3,3,chart/templates/controller-clusterrole.yaml,same_extension,7,False,,,0.000000,0.000000,no supported local structural parser,False,,0,0.000000,0.000000,0.000000,0.000000,disabled,0.000000,0.000000
17643cc9e2185699,0%,0,0,0%,0,0,yaml,yaml_like,False,0.000000,0.000000,0.000000,0.000000,0.000000,0.000000,0.250000,0.020833,0.038462,1.000000,0.250000,1.000000,0.000000,1.000000,0.142857,0.000000,3,7,chart/crds/faulthandler.yaml,same_extension,7,False,,,0.000000,0.000000,no supported local structural parser,False,,0,0.000000,0.000000,0.000000,0.000000,disabled,0.000000,0.000000
b0ca8c42fae0ebde,100%,100,91-100,100%,100,91-100,python,python,True,1.000000,1.000000,1.000000,1.000000,1.000000,1.000000,1.000000,0.078767,0.146032,1.000000,1.000000,1.000000,1.000000,1.000000,0.078125,1.000000,19,128,fl_control_plane/temporal/job_polling.py,same_file,60,True,python_ast,python,1.000000,1.000000,,False,,0,0.000000,0.000000,0.000000,0.000000,disabled,1.000000,1.000000
f41397da1cdb94ed,partial,50,41-50,partial,55,51-60,yaml,yaml_like,False,0.500000,0.578947,0.789474,0.578947,0.789474,0.500000,0.368421,0.152174,0.215385,0.894737,0.368421,0.894737,0.000000,0.789474,0.250000,0.090909,11,8,.github/workflows/pipeline-fl-lcm.yaml,same_extension,6,False,,,0.000000,0.000000,no supported local structural parser,False,,0,0.000000,0.000000,0.000000,0.000000,disabled,1.000000,0.500000
9bf84c8d63a1c75f,100%,100,91-100,100%,100,91-100,yaml,yaml_like,True,1.000000,1.000000,1.000000,1.000000,1.000000,1.000000,1.000000,0.144928,0.253165,1.000000,1.000000,1.000000,1.000000,1.000000,0.166667,1.000000,1,6,.github/workflows/pipeline-fl-lcm.yaml,same_file,7,False,,,0.000000,0.000000,no supported local structural parser,False,,0,0.000000,0.000000,0.000000,0.000000,disabled,1.000000,1.000000
0cfb1add02fdf7d9,mostly,80,71-80,mostly,77,71-80,yaml,yaml_like,False,0.000000,0.903226,0.935484,0.903226,0.935484,0.000000,0.903226,0.358974,0.513761,0.935484,0.903226,0.935484,0.000000,0.870968,0.333333,0.888889,9,3,chart/templates/deployment.yaml,same_file,1,False,,,0.000000,0.000000,no supported local structural parser,False,,0,0.000000,0.000000,0.000000,0.000000,disabled,1.000000,0.000000
fb9d8bdb1265249b,mostly,85,81-90,0%,0,0,python,python,False,0.000000,0.000000,0.000000,0.000000,0.000000,0.000000,0.875000,0.013436,0.026465,0.875000,1.000000,1.000000,0.666667,1.000000,0.053097,0.800000,5,113,db/migrations/versions/0008_update_finalizer_registry.py,same_extension,15,True,python_ast,python,1.000000,1.000000,,False,,0,0.000000,0.000000,0.000000,0.000000,disabled,0.000000,0.833300
ac6d67e0e9214f37,mostly,85,81-90,mostly,88,81-90,python,python,False,0.833333,0.875000,0.875000,1.000000,1.000000,0.833333,0.875000,0.049645,0.093960,0.875000,1.000000,1.000000,0.666667,1.000000,0.200000,0.800000,5,30,tests/finalizer_dispatcher/test_registry_seed.py,same_file,15,True,python_ast,python,1.000000,1.000000,,False,,0,0.000000,0.000000,0.000000,0.000000,disabled,1.000000,0.833300
a74cad3b8dbe74fd,0%,0,0,0%,0,0,python,python,False,0.000000,0.000000,0.000000,0.000000,0.000000,0.000000,0.000000,0.000000,0.000000,0.000000,0.000000,0.000000,0.000000,0.000000,0.000000,0.000000,0,0,,,26,False,python_ast,python,0.000000,0.000000,empty snippet,False,,0,0.000000,0.000000,0.000000,0.000000,disabled,0.000000,0.000000
e0d51b775b587295,100%,100,91-100,100%,100,91-100,python,python,True,1.000000,1.000000,1.000000,1.000000,1.000000,1.000000,1.000000,0.465116,0.634921,1.000000,1.000000,1.000000,1.000000,1.000000,0.250000,1.000000,8,4,fl_control_plane/data_extractor/models.py,same_file,27,True,python_ast,python,1.000000,1.000000,,False,,0,0.000000,0.000000,0.000000,0.000000,disabled,1.000000,1.000000
6bb2ced74bf0a336,partial,48,41-50,partial,55,51-60,yaml,yaml_like,False,0.571429,0.902439,0.975610,0.902439,0.975610,0.571429,0.902439,0.143411,0.247492,0.975610,0.902439,0.975610,0.285714,0.951220,0.318182,0.800000,15,22,.github/workflows/pipeline-fl-lcm.yaml,same_file,4,False,,,0.000000,0.000000,no supported local structural parser,False,,0,0.000000,0.000000,0.000000,0.000000,disabled,1.000000,0.571400
bbe44b2d20e208e3,partial,40,31-40,partial,55,51-60,yaml,yaml_like,False,0.368421,0.791469,0.881517,0.819905,0.900474,0.368421,0.791469,0.486880,0.602888,0.881517,0.819905,0.900474,0.105263,0.635071,0.703704,0.686567,67,27,.github/workflows/pipeline-fl-lcm.yaml,neighboring_same_file,4,False,,,0.000000,0.000000,no supported local structural parser,False,,0,0.000000,0.000000,0.000000,0.000000,disabled,1.000000,0.368400
1d1e76f83eaf0330,0%,0,0,mostly,72,71-80,yaml,yaml_like,False,0.000000,0.953488,0.976744,0.953488,0.976744,0.000000,0.953488,0.063272,0.118669,0.976744,0.953488,0.976744,0.000000,0.906977,0.026316,0.916667,12,38,.github/workflows/pipeline-fl-lcm.yaml,same_file,8,False,,,0.000000,0.000000,no supported local structural parser,False,,0,0.000000,0.000000,0.000000,0.000000,disabled,1.000000,0.000000
0c60f33ba180b6bf,0%,0,0,mostly,72,71-80,yaml,yaml_like,False,0.000000,1.000000,1.000000,1.000000,1.000000,0.000000,1.000000,0.025000,0.048780,1.000000,1.000000,1.000000,0.000000,1.000000,0.019608,1.000000,6,51,.github/workflows/pipeline-fl-lcm.yaml,same_file,8,False,,,0.000000,0.000000,no supported local structural parser,False,,0,0.000000,0.000000,0.000000,0.000000,disabled,1.000000,0.000000
7172e54eddc11d06,100%,100,91-100,100%,100,91-100,yaml,yaml_like,True,1.000000,1.000000,1.000000,1.000000,1.000000,1.000000,1.000000,0.025000,0.048780,1.000000,1.000000,1.000000,1.000000,1.000000,0.019608,1.000000,6,51,.github/workflows/pipeline-fl-lcm.yaml,same_file,8,False,,,0.000000,0.000000,no supported local structural parser,False,,0,0.000000,0.000000,0.000000,0.000000,disabled,1.000000,1.000000
c70fff44064b0bef,partial,40,31-40,mostly,72,71-80,yaml,yaml_like,False,0.000000,1.000000,1.000000,1.000000,1.000000,0.000000,1.000000,0.056995,0.107843,1.000000,1.000000,1.000000,0.000000,1.000000,0.029412,1.000000,7,34,.github/workflows/pipeline-fl-lcm.yaml,same_file,8,False,,,0.000000,0.000000,no supported local structural parser,False,,0,0.000000,0.000000,0.000000,0.000000,disabled,1.000000,0.000000
696285d7e6fd31f5,mostly,80,71-80,mostly,88,81-90,shell,pygments,False,0.000000,1.000000,1.000000,1.000000,1.000000,0.000000,1.000000,0.733333,0.846154,1.000000,1.000000,1.000000,0.000000,1.000000,0.166667,1.000000,3,6,scripts/pipeline-fl-lcm.sh,same_file,4,False,,,0.000000,0.000000,no supported local structural parser,False,,0,0.000000,0.000000,0.000000,0.000000,disabled,1.000000,1.000000
dbe9c32b1aa63877,mostly,80,71-80,partial,55,51-60,python,python,False,0.500000,0.920000,1.000000,0.920000,1.000000,0.500000,0.640000,0.016080,0.031373,0.960000,0.680000,1.000000,0.000000,1.000000,0.010204,0.100000,10,196,fl_control_plane/data_extractor/downloader.py,same_extension,654,True,python_ast,python,1.000000,1.000000,,False,,0,0.000000,0.000000,0.000000,0.000000,disabled,1.000000,0.500000
ad4a74854409d2b6,100%,100,91-100,100%,100,91-100,python,python,True,1.000000,1.000000,1.000000,1.000000,1.000000,1.000000,1.000000,0.176796,0.300469,1.000000,1.000000,1.000000,1.000000,1.000000,0.170732,1.000000,11,41,fl_control_plane/temporal/_activity_helpers.py,same_file,646,True,python_ast,python,1.000000,1.000000,,False,,0,0.000000,0.000000,0.000000,0.000000,disabled,1.000000,1.000000
f27efe531a3a0348,100%,100,91-100,100%,100,91-100,python,python,True,1.000000,1.000000,1.000000,1.000000,1.000000,1.000000,1.000000,0.024233,0.047320,1.000000,1.000000,1.000000,1.000000,1.000000,0.026012,1.000000,19,346,tests/data_extractor/test_downloader_coverage.py,same_file,646,True,python_ast,python,1.000000,1.000000,,False,,0,0.000000,0.000000,0.000000,0.000000,disabled,1.000000,1.000000
14a97789fce5a468,partial,49,41-50,partial,55,51-60,python,python,False,0.500000,0.730769,0.980769,0.750000,1.000000,0.500000,0.403846,0.036842,0.067524,0.980769,0.423077,1.000000,0.000000,0.942308,0.054795,0.093750,32,73,fl_control_plane/data_extractor/downloader.py,neighboring_same_file,678,False,python_ast,python,0.000000,0.000000,SyntaxError: invalid decimal literal,False,,0,0.000000,0.000000,0.000000,0.000000,disabled,1.000000,0.500000
0cec9e0b8cb47970,100%,100,91-100,0%,0,0,python,python,False,0.000000,0.000000,0.000000,0.000000,0.000000,0.000000,0.604651,0.026131,0.050096,0.930233,0.651163,0.976744,0.000000,0.976744,0.025510,0.111111,18,196,fl_control_plane/data_extractor/downloader.py,same_extension,646,True,python_ast,python,0.973684,0.973684,,False,,0,0.000000,0.000000,0.000000,0.000000,disabled,0.000000,0.400000
56659ad682dd6a0b,partial,40,31-40,mostly,72,71-80,markdown,markdown,False,0.000000,1.000000,1.000000,1.000000,1.000000,0.000000,1.000000,0.010638,0.021053,1.000000,1.000000,1.000000,0.000000,1.000000,0.009174,1.000000,4,109,docs/piper-cicd-secrets-setup.md,same_file,2,False,,,0.000000,0.000000,no supported local structural parser,False,,0,0.000000,0.000000,0.000000,0.000000,disabled,1.000000,0.000000
b8e90c4dfa467e26,mostly,80,71-80,mostly,72,71-80,markdown,markdown,False,0.000000,1.000000,1.000000,1.000000,1.000000,0.000000,1.000000,0.021277,0.041667,1.000000,1.000000,1.000000,0.000000,1.000000,0.009174,1.000000,9,109,docs/piper-cicd-secrets-setup.md,same_file,2,False,,,0.000000,0.000000,no supported local structural parser,False,,0,0.000000,0.000000,0.000000,0.000000,disabled,1.000000,0.000000
6371f804f07096c9,mostly,80,71-80,mostly,72,71-80,markdown,markdown,False,0.000000,1.000000,1.000000,1.000000,1.000000,0.000000,1.000000,0.024178,0.047214,1.000000,1.000000,1.000000,0.000000,1.000000,0.009174,1.000000,11,109,docs/piper-cicd-secrets-setup.md,same_file,2,False,,,0.000000,0.000000,no supported local structural parser,False,,0,0.000000,0.000000,0.000000,0.000000,disabled,1.000000,0.000000
fd3fcf62cfe33a1a,mostly,80,71-80,mostly,72,71-80,markdown,markdown,False,0.000000,1.000000,1.000000,1.000000,1.000000,0.000000,1.000000,0.018375,0.036087,1.000000,1.000000,1.000000,0.000000,1.000000,0.009174,1.000000,7,109,docs/piper-cicd-secrets-setup.md,same_file,2,False,,,0.000000,0.000000,no supported local structural parser,False,,0,0.000000,0.000000,0.000000,0.000000,disabled,1.000000,0.000000
84d15a995e67f3e1,100%,100,91-100,100%,100,91-100,markdown,markdown,False,1.000000,1.000000,1.000000,1.000000,1.000000,0.875000,1.000000,0.033849,0.065482,1.000000,1.000000,1.000000,0.750000,1.000000,0.073394,1.000000,8,109,docs/piper-cicd-secrets-setup.md,same_file,2,False,,,0.000000,0.000000,no supported local structural parser,False,,0,0.000000,0.000000,0.000000,0.000000,disabled,1.000000,1.000000
67a8b1ef4cf70d17,mostly,80,71-80,mostly,72,71-80,markdown,markdown,False,0.000000,1.000000,1.000000,1.000000,1.000000,0.000000,1.000000,0.029014,0.056391,1.000000,1.000000,1.000000,0.000000,1.000000,0.009174,1.000000,12,109,docs/piper-cicd-secrets-setup.md,same_file,2,False,,,0.000000,0.000000,no supported local structural parser,False,,0,0.000000,0.000000,0.000000,0.000000,disabled,1.000000,0.000000
e5624db28e57c482,mostly,85,81-90,mostly,86,81-90,markdown,markdown,False,0.800000,1.000000,1.000000,1.000000,1.000000,0.800000,1.000000,0.035783,0.069094,1.000000,1.000000,1.000000,0.600000,0.972973,0.045872,1.000000,16,109,docs/piper-cicd-secrets-setup.md,same_file,2,False,,,0.000000,0.000000,no supported local structural parser,False,,0,0.000000,0.000000,0.000000,0.000000,disabled,1.000000,0.800000
8e2dfad983ac1ed8,partial,40,31-40,mostly,72,71-80,markdown,markdown,False,0.000000,1.000000,1.000000,1.000000,1.000000,0.000000,1.000000,0.012573,0.024833,1.000000,1.000000,1.000000,0.000000,1.000000,0.009174,1.000000,5,109,docs/piper-cicd-secrets-setup.md,same_file,2,False,,,0.000000,0.000000,no supported local structural parser,False,,0,0.000000,0.000000,0.000000,0.000000,disabled,1.000000,0.000000
65bfc0de6a702899,mostly,83,81-90,mostly,72,71-80,markdown,markdown,False,0.727273,0.925926,0.972222,0.925926,0.972222,0.636364,0.833333,0.053035,0.099723,0.981481,0.851852,0.981481,0.000000,0.842593,0.097345,0.641026,39,113,.claude/commands/deploy.md,same_extension,25,False,,,0.000000,0.000000,no supported local structural parser,False,,0,0.000000,0.000000,0.000000,0.000000,disabled,1.000000,0.909100
1d9b5ba9f97ea847,mostly,75,71-80,mostly,74,71-80,markdown,markdown,False,0.266667,0.858209,0.947761,0.858209,0.947761,0.266667,0.843284,0.066588,0.123430,0.970149,0.858209,0.970149,0.000000,0.828358,0.132743,0.686275,51,113,.claude/commands/deploy.md,same_extension,25,False,,,0.000000,0.000000,no supported local structural parser,False,,0,0.000000,0.000000,0.000000,0.000000,disabled,1.000000,0.636400
01c8f7e9ee59a956,100%,100,91-100,100%,100,91-100,markdown,markdown,True,1.000000,1.000000,1.000000,1.000000,1.000000,1.000000,1.000000,0.243590,0.391753,1.000000,1.000000,1.000000,1.000000,1.000000,0.454545,1.000000,15,11,.claude/commands/council-test.md,same_file,25,False,,,0.000000,0.000000,no supported local structural parser,False,,0,0.000000,0.000000,0.000000,0.000000,disabled,1.000000,1.000000
01d7dc528482a6f5,partial,30,21-30,partial,55,51-60,markdown,markdown,False,0.200000,0.923810,1.000000,0.923810,1.000000,0.200000,0.752381,0.083158,0.149763,1.000000,0.752381,1.000000,0.000000,0.819048,0.055556,0.235294,34,90,.claude/commands/council-test.md,neighboring_same_file,25,False,,,0.000000,0.000000,no supported local structural parser,False,,0,0.000000,0.000000,0.000000,0.000000,disabled,1.000000,0.200000
7d2135871c58118c,100%,100,91-100,100%,100,91-100,markdown,markdown,True,1.000000,1.000000,1.000000,1.000000,1.000000,1.000000,1.000000,0.022982,0.044931,1.000000,1.000000,1.000000,1.000000,1.000000,0.008850,1.000000,9,113,.claude/commands/deploy.md,same_file,15,False,,,0.000000,0.000000,no supported local structural parser,False,,0,0.000000,0.000000,0.000000,0.000000,disabled,1.000000,1.000000
8cea9b0c33f7139a,partial,40,31-40,mostly,80,71-80,yaml,yaml_like,False,0.000000,0.650000,0.650000,0.650000,0.650000,0.000000,0.800000,0.160000,0.266667,0.950000,0.800000,0.950000,0.000000,0.950000,0.200000,0.666667,9,5,chart/templates/aicore-externalsecret.yaml,same_extension,5,False,,,0.000000,0.000000,no supported local structural parser,False,,0,0.000000,0.000000,0.000000,0.000000,disabled,1.000000,0.000000
dc2e849326379a88,100%,100,91-100,100%,100,91-100,yaml,yaml_like,True,1.000000,1.000000,1.000000,1.000000,1.000000,1.000000,1.000000,0.200000,0.333333,1.000000,1.000000,1.000000,1.000000,1.000000,0.200000,1.000000,9,5,chart/templates/aicore-externalsecret.yaml,same_file,5,False,,,0.000000,0.000000,no supported local structural parser,False,,0,0.000000,0.000000,0.000000,0.000000,disabled,1.000000,1.000000
dc4793a3353a8ccd,0%,0,0,0%,0,0,toml,pygments,False,0.000000,0.000000,0.000000,0.000000,0.000000,0.000000,0.444444,0.018605,0.035714,0.666667,0.555556,0.777778,0.000000,0.777778,0.027027,0.333333,3,37,fl_control_plane/temporal/workflow.py,anchor_overlap,6,False,,,0.000000,0.000000,no supported local structural parser,False,,0,0.000000,0.000000,0.000000,0.000000,disabled,0.000000,0.000000
075118cbf5c2ba40,mostly,85,81-90,mostly,89,81-90,text,pygments,False,0.888889,0.950000,1.000000,0.950000,1.000000,0.666667,0.950000,0.104972,0.189055,1.000000,0.950000,1.000000,0.555556,0.983333,0.128571,0.903226,31,70,chart/templates/hdlf/_trust-script.tpl,neighboring_same_file,7,False,,,0.000000,0.000000,no supported local structural parser,False,,0,0.000000,0.000000,0.000000,0.000000,disabled,1.000000,0.875000
028c0f05706e6ed2,100%,100,91-100,100%,100,91-100,shell,pygments,True,1.000000,1.000000,1.000000,1.000000,1.000000,1.000000,1.000000,0.010599,0.020976,1.000000,1.000000,1.000000,1.000000,1.000000,0.005277,1.000000,6,379,scripts/pipeline-fl-lcm.sh,same_file,1,False,,,0.000000,0.000000,no supported local structural parser,False,,0,0.000000,0.000000,0.000000,0.000000,disabled,1.000000,1.000000
2660586568093fc4,100%,100,91-100,100%,100,91-100,shell,pygments,True,1.000000,1.000000,1.000000,1.000000,1.000000,1.000000,1.000000,0.005482,0.010905,1.000000,1.000000,1.000000,1.000000,1.000000,0.005277,1.000000,1,379,scripts/pipeline-fl-lcm.sh,same_file,1,False,,,0.000000,0.000000,no supported local structural parser,False,,0,0.000000,0.000000,0.000000,0.000000,disabled,1.000000,1.000000
d51cc7f3e71a9453,100%,100,91-100,100%,100,91-100,shell,pygments,True,1.000000,1.000000,1.000000,1.000000,1.000000,1.000000,1.000000,0.004751,0.009458,1.000000,1.000000,1.000000,1.000000,1.000000,0.005277,0.000000,0,379,scripts/pipeline-fl-lcm.sh,same_file,1,False,,,0.000000,0.000000,no supported local structural parser,False,,0,0.000000,0.000000,0.000000,0.000000,disabled,1.000000,1.000000
3effedf9a0a09928,100%,100,91-100,100%,100,91-100,shell,pygments,True,1.000000,1.000000,1.000000,1.000000,1.000000,1.000000,1.000000,0.026316,0.051282,1.000000,1.000000,1.000000,1.000000,1.000000,0.023747,1.000000,16,379,scripts/pipeline-fl-lcm.sh,same_file,1,False,,,0.000000,0.000000,no supported local structural parser,False,,0,0.000000,0.000000,0.000000,0.000000,disabled,1.000000,1.000000
e15fbb1419b3a0da,100%,100,91-100,100%,100,91-100,shell,pygments,True,1.000000,1.000000,1.000000,1.000000,1.000000,1.000000,1.000000,0.008041,0.015954,1.000000,1.000000,1.000000,1.000000,1.000000,0.002639,1.000000,8,379,scripts/pipeline-fl-lcm.sh,same_file,1,False,,,0.000000,0.000000,no supported local structural parser,False,,0,0.000000,0.000000,0.000000,0.000000,disabled,1.000000,1.000000
043f78241bead226,mostly,79,71-80,mostly,88,81-90,yaml,yaml_like,False,0.750000,0.978261,1.000000,0.978261,1.000000,0.500000,0.978261,0.100446,0.182186,1.000000,0.978261,1.000000,0.250000,1.000000,0.102564,0.950000,20,39,.github/workflows/pipeline-fl-lcm.yaml,same_file,24,False,,,0.000000,0.000000,no supported local structural parser,False,,0,0.000000,0.000000,0.000000,0.000000,disabled,1.000000,0.750000
c517adf359948c90,0%,0,0,mostly,80,71-80,text,regex,False,0.000000,1.000000,1.000000,1.000000,1.000000,0.000000,1.000000,0.500000,0.666667,1.000000,1.000000,1.000000,0.000000,0.666667,0.500000,1.000000,1,2,.gitignore,same_file,5,False,,,0.000000,0.000000,no supported local structural parser,False,,0,0.000000,0.000000,0.000000,0.000000,disabled,1.000000,0.000000
69271ffa5dbd80eb,100%,100,91-100,100%,100,91-100,python,python,True,1.000000,1.000000,1.000000,1.000000,1.000000,1.000000,1.000000,0.009731,0.019274,1.000000,1.000000,1.000000,1.000000,1.000000,0.003030,1.000000,5,330,fl_control_plane/execution_engine/hdlf_cert_provisioner.py,same_file,88,True,python_ast,python,1.000000,1.000000,,False,,0,0.000000,0.000000,0.000000,0.000000,disabled,1.000000,1.000000
db060d8ab85e3881,100%,100,91-100,100%,100,91-100,python,python,True,1.000000,1.000000,1.000000,1.000000,1.000000,1.000000,1.000000,0.009731,0.019274,1.000000,1.000000,1.000000,1.000000,1.000000,0.003030,1.000000,4,330,fl_control_plane/execution_engine/hdlf_cert_provisioner.py,same_file,88,True,python_ast,python,1.000000,1.000000,,False,,0,0.000000,0.000000,0.000000,0.000000,disabled,1.000000,1.000000
fa29c9692318ae00,100%,100,91-100,100%,100,91-100,python,python,True,1.000000,1.000000,1.000000,1.000000,1.000000,1.000000,1.000000,0.009731,0.019274,1.000000,1.000000,1.000000,1.000000,1.000000,0.003030,1.000000,5,330,fl_control_plane/execution_engine/hdlf_cert_provisioner.py,same_file,88,True,python_ast,python,1.000000,1.000000,,False,,0,0.000000,0.000000,0.000000,0.000000,disabled,1.000000,1.000000
3d382fbc54e195b9,100%,100,91-100,100%,100,91-100,python,python,True,1.000000,1.000000,1.000000,1.000000,1.000000,1.000000,1.000000,0.009731,0.019274,1.000000,1.000000,1.000000,1.000000,1.000000,0.003030,1.000000,4,330,fl_control_plane/execution_engine/hdlf_cert_provisioner.py,same_file,88,True,python_ast,python,1.000000,1.000000,,False,,0,0.000000,0.000000,0.000000,0.000000,disabled,1.000000,1.000000
3aa14b3a7de60845,mostly,79,71-80,mostly,80,71-80,python,python,False,0.800000,0.960000,1.000000,0.960000,1.000000,0.800000,0.960000,0.489796,0.648649,1.000000,0.960000,1.000000,0.800000,0.880000,0.500000,0.900000,10,10,fl_control_plane/temporal/finalize_activity.py,neighboring_same_file,89,True,python_ast,python,1.000000,1.000000,,False,,0,0.000000,0.000000,0.000000,0.000000,disabled,1.000000,0.800000
84435b09592f3463,mostly,85,81-90,100%,90,81-90,python,python,False,0.900000,0.981481,0.981481,1.000000,1.000000,0.800000,1.000000,0.211765,0.349515,1.000000,1.000000,1.000000,0.400000,0.981481,0.222222,1.000000,21,45,hdlf_server/dependencies.py,same_file,88,True,python_ast,python,1.000000,1.000000,,False,,0,0.000000,0.000000,0.000000,0.000000,disabled,1.000000,0.900000
d2c575e9e651437a,mostly,85,81-90,100%,93,91-100,python,python,False,0.933333,0.981818,0.981818,1.000000,1.000000,0.866667,1.000000,0.215686,0.354839,1.000000,1.000000,1.000000,0.466667,0.981818,0.333333,1.000000,21,45,hdlf_server/dependencies.py,same_file,88,True,python_ast,python,1.000000,1.000000,,False,,0,0.000000,0.000000,0.000000,0.000000,disabled,1.000000,0.933300
55b3d623a760425d,mostly,85,81-90,mostly,72,71-80,text,pygments,False,0.818182,0.954545,0.981818,0.954545,0.981818,0.636364,0.954545,0.038788,0.074547,0.981818,0.954545,0.981818,0.363636,0.000000,0.038462,0.906250,32,286,chart/templates/hdlf/_trust-script.tpl,same_file,4,False,,,0.000000,0.000000,no supported local structural parser,False,,0,0.000000,0.000000,0.000000,0.000000,disabled,1.000000,0.800000
1714c083587607d2,100%,100,91-100,100%,100,91-100,yaml,yaml_like,True,1.000000,1.000000,1.000000,1.000000,1.000000,1.000000,1.000000,0.431373,0.602740,1.000000,1.000000,1.000000,1.000000,1.000000,0.166667,1.000000,10,6,chart/templates/deployment.yaml,same_file,27,False,,,0.000000,0.000000,no supported local structural parser,False,,0,0.000000,0.000000,0.000000,0.000000,disabled,1.000000,1.000000
40d010551bc05a07,100%,100,91-100,100%,100,91-100,python,python,True,1.000000,1.000000,1.000000,1.000000,1.000000,1.000000,1.000000,0.843137,0.914894,1.000000,1.000000,1.000000,1.000000,1.000000,0.600000,1.000000,16,5,engineering_agent/app/agent_task_runner.py,same_file,92,True,python_ast,python,1.000000,1.000000,,False,,0,0.000000,0.000000,0.000000,0.000000,disabled,1.000000,1.000000
c06cec604342c3b4,0%,0,0,mostly,67,61-70,dockerfile,dockerfile,False,0.000000,0.675439,0.850877,0.675439,0.850877,0.000000,0.675439,0.345291,0.456973,0.850877,0.675439,0.850877,0.000000,0.763158,0.117647,0.523810,42,17,Dockerfile,same_file,5,False,,,0.000000,0.000000,no supported local structural parser,False,,0,0.000000,0.000000,0.000000,0.000000,disabled,1.000000,0.000000
c22470ee11abc815,0%,0,0,mostly,69,61-70,dockerfile,dockerfile,False,0.000000,0.684211,0.850877,0.684211,0.850877,0.000000,0.684211,0.275618,0.392947,0.850877,0.684211,0.850877,0.000000,0.780702,0.100000,0.547619,42,20,engineering_agent/Dockerfile,same_file,5,False,,,0.000000,0.000000,no supported local structural parser,False,,0,0.000000,0.000000,0.000000,0.000000,disabled,1.000000,0.000000
6a68025dd21afb99,mostly,75,71-80,mostly,82,81-90,dockerfile,dockerfile,False,0.333333,0.953125,0.968750,0.953125,0.968750,0.333333,0.953125,0.273543,0.425087,0.968750,0.953125,0.968750,0.333333,0.968750,0.176471,0.962963,27,17,Dockerfile,same_file,8,False,,,0.000000,0.000000,no supported local structural parser,False,,0,0.000000,0.000000,0.000000,0.000000,disabled,1.000000,0.333300
2b5dda6cc8f7f928,mostly,75,71-80,mostly,82,81-90,dockerfile,dockerfile,False,0.333333,0.953125,0.968750,0.953125,0.968750,0.333333,0.953125,0.215548,0.351585,0.968750,0.953125,0.968750,0.333333,0.968750,0.150000,0.962963,27,20,engineering_agent/Dockerfile,same_file,8,False,,,0.000000,0.000000,no supported local structural parser,False,,0,0.000000,0.000000,0.000000,0.000000,disabled,1.000000,0.333300
e16e594dbda50c6e,mostly,75,71-80,mostly,82,81-90,dockerfile,dockerfile,False,0.333333,0.953125,0.968750,0.953125,0.968750,0.333333,0.953125,0.211806,0.346591,0.968750,0.953125,0.968750,0.333333,0.968750,0.150000,0.962963,27,20,fl_mcp_servers/Dockerfile,same_file,8,False,,,0.000000,0.000000,no supported local structural parser,False,,0,0.000000,0.000000,0.000000,0.000000,disabled,1.000000,0.333300
fecbb15737b78ea5,mostly,85,81-90,mostly,72,71-80,yaml,yaml_like,False,0.789474,0.949239,1.000000,0.949239,1.000000,0.789474,0.949239,0.061493,0.115503,1.000000,0.949239,1.000000,0.473684,0.000000,0.061889,0.862069,58,307,.github/workflows/build-and-deploy.yaml,same_file,1,False,,,0.000000,0.000000,no supported local structural parser,False,,0,0.000000,0.000000,0.000000,0.000000,disabled,1.000000,0.789500
f1b394c72eaf026b,partial,50,41-50,mostly,88,81-90,yaml,yaml_like,False,0.500000,1.000000,1.000000,1.000000,1.000000,0.500000,1.000000,0.011181,0.022114,1.000000,1.000000,1.000000,0.500000,1.000000,0.006515,1.000000,9,307,.github/workflows/build-and-deploy.yaml,same_file,1,False,,,0.000000,0.000000,no supported local structural parser,False,,0,0.000000,0.000000,0.000000,0.000000,disabled,1.000000,0.500000
5cbf1c668d8efaab,mostly,85,81-90,mostly,72,71-80,yaml,yaml_like,False,0.700000,0.955752,1.000000,0.955752,1.000000,0.700000,0.955752,0.035515,0.068484,1.000000,0.955752,1.000000,0.400000,0.000000,0.032573,0.906250,32,307,.github/workflows/build-and-deploy.yaml,same_file,1,False,,,0.000000,0.000000,no supported local structural parser,False,,0,0.000000,0.000000,0.000000,0.000000,disabled,1.000000,0.700000
5d250f8757a707a2,mostly,75,71-80,mostly,72,71-80,yaml,yaml_like,False,0.714286,1.000000,1.000000,1.000000,1.000000,0.714286,1.000000,0.018415,0.036164,1.000000,1.000000,1.000000,0.428571,1.000000,0.022801,1.000000,20,307,.github/workflows/build-and-deploy.yaml,same_file,1,False,,,0.000000,0.000000,no supported local structural parser,False,,0,0.000000,0.000000,0.000000,0.000000,disabled,1.000000,0.714300
30e228c77882a254,mostly,78,71-80,mostly,72,71-80,yaml,yaml_like,False,0.800000,0.966102,1.000000,0.966102,1.000000,0.600000,0.966102,0.037488,0.072175,1.000000,0.966102,1.000000,0.400000,0.000000,0.016287,0.826087,23,307,.github/workflows/build-and-deploy.yaml,same_file,1,False,,,0.000000,0.000000,no supported local structural parser,False,,0,0.000000,0.000000,0.000000,0.000000,disabled,1.000000,0.800000
6d335ddaa5c1edfc,partial,50,41-50,mostly,72,71-80,yaml,yaml_like,False,0.333333,0.920000,1.000000,0.920000,1.000000,0.333333,0.920000,0.015127,0.029764,1.000000,0.920000,1.000000,0.333333,0.980000,0.009772,0.692308,13,307,.github/workflows/build-and-deploy.yaml,same_file,1,False,,,0.000000,0.000000,no supported local structural parser,False,,0,0.000000,0.000000,0.000000,0.000000,disabled,1.000000,0.333300
2f3a32c796b2a4f5,0%,0,0,100%,100,91-100,python,python,True,0.000000,0.857143,1.000000,0.857143,1.000000,0.000000,0.714286,0.029412,0.056497,1.000000,0.714286,1.000000,0.000000,1.000000,0.027778,0.333333,3,36,fl_control_plane/execution_engine/job_activity.py,same_file,106,True,python_ast,python,1.000000,1.000000,,False,,0,0.000000,0.000000,0.000000,0.000000,disabled,1.000000,1.000000
3758c8966ed3d924,0%,0,0,0%,0,0,yaml,yaml_like,False,0.000000,0.166667,0.666667,0.166667,0.666667,0.000000,0.166667,0.250000,0.200000,0.666667,0.166667,0.666667,0.000000,0.666667,1.000000,0.000000,3,1,.pipeline/config.yml,same_file,1,False,,,0.000000,0.000000,no supported local structural parser,False,,0,0.000000,0.000000,0.000000,0.000000,disabled,1.000000,0.000000
40bb560ab40aa615,0%,0,0,mostly,76,71-80,yaml,yaml_like,False,0.000000,0.833333,1.000000,0.833333,1.000000,0.000000,0.500000,0.300000,0.375000,1.000000,0.500000,1.000000,0.000000,0.833333,0.500000,0.000000,3,2,chart/values.yaml,same_file,9,False,,,0.000000,0.000000,no supported local structural parser,False,,0,0.000000,0.000000,0.000000,0.000000,disabled,1.000000,1.000000
adec60c8ff03ca67,100%,100,91-100,100%,100,91-100,python,python,False,1.000000,1.000000,1.000000,1.000000,1.000000,0.500000,0.937500,0.030000,0.058140,0.937500,1.000000,1.000000,0.500000,1.000000,0.029851,0.833333,6,67,fl_control_plane/execution_engine/dispatcher.py,same_file,111,True,python_ast,python,1.000000,1.000000,,False,,0,0.000000,0.000000,0.000000,0.000000,disabled,1.000000,1.000000
0dd294cf3281077e,100%,100,91-100,100%,100,91-100,python,python,True,1.000000,0.846154,0.846154,1.000000,1.000000,1.000000,0.846154,0.011752,0.023182,0.846154,1.000000,1.000000,1.000000,1.000000,0.008333,0.500000,4,120,engineering_agent/app/client_reporter.py,same_file,20,True,python_ast,python,1.000000,1.000000,,False,,0,0.000000,0.000000,0.000000,0.000000,disabled,1.000000,1.000000
587dbceb539d8e0c,100%,100,91-100,100%,100,91-100,python,python,True,1.000000,1.000000,1.000000,1.000000,1.000000,1.000000,1.000000,0.011866,0.023454,1.000000,1.000000,1.000000,1.000000,1.000000,0.006211,1.000000,4,161,engineering_agent/tests/test_client_reporter.py,same_file,20,True,python_ast,python,1.000000,1.000000,,False,,0,0.000000,0.000000,0.000000,0.000000,disabled,1.000000,1.000000
83ca6900e513b5eb,100%,100,91-100,100%,100,91-100,python,python,True,1.000000,1.000000,1.000000,1.000000,1.000000,1.000000,1.000000,0.016181,0.031847,1.000000,1.000000,1.000000,1.000000,1.000000,0.006211,1.000000,5,161,engineering_agent/tests/test_client_reporter.py,same_file,20,True,python_ast,python,1.000000,1.000000,,False,,0,0.000000,0.000000,0.000000,0.000000,disabled,1.000000,1.000000
37f93a76375dbcfa,100%,100,91-100,100%,100,91-100,python,python,False,1.000000,1.000000,1.000000,1.000000,1.000000,0.500000,1.000000,0.006863,0.013633,1.000000,1.000000,1.000000,0.500000,1.000000,0.005882,1.000000,4,340,fl_control_plane/pipeline_analyzer/analyzer.py,same_file,49,True,python_ast,python,1.000000,1.000000,,False,,0,0.000000,0.000000,0.000000,0.000000,disabled,1.000000,1.000000
beed0d7e5463e30a,mostly,85,81-90,mostly,72,71-80,python,python,False,0.714286,1.000000,1.000000,1.000000,1.000000,0.428571,1.000000,0.014425,0.028440,1.000000,1.000000,1.000000,0.428571,1.000000,0.017032,1.000000,12,411,fl_control_plane/ai_hub.py,same_file,47,True,python_ast,python,1.000000,1.000000,,False,,0,0.000000,0.000000,0.000000,0.000000,disabled,1.000000,0.714300
967398ee80658add,0%,0,0,0%,0,0,python,python,False,0.000000,0.000000,0.000000,0.000000,0.000000,0.000000,0.793103,0.010703,0.021120,1.000000,0.793103,1.000000,0.200000,1.000000,0.012165,0.454545,11,411,fl_control_plane/ai_hub.py,same_extension,47,True,python_ast,python,1.000000,1.000000,,False,,0,0.000000,0.000000,0.000000,0.000000,disabled,0.000000,0.200000
5047f4a93a3c25fe,100%,100,91-100,100%,100,91-100,python,python,True,1.000000,1.000000,1.000000,1.000000,1.000000,1.000000,1.000000,0.068736,0.128631,1.000000,1.000000,1.000000,1.000000,1.000000,0.050847,1.000000,9,118,fl_control_plane/pipeline_analyzer/gates/wip_gate/wip_ai_prompts.py,same_file,47,True,python_ast,python,0.920000,0.920000,,False,,0,0.000000,0.000000,0.000000,0.000000,disabled,1.000000,1.000000
7acd27bae7190c07,100%,100,91-100,100%,100,91-100,python,python,True,1.000000,1.000000,1.000000,1.000000,1.000000,1.000000,1.000000,0.038235,0.073654,1.000000,1.000000,1.000000,1.000000,1.000000,0.096154,1.000000,4,52,db/migrations/versions/0002_pipeline_analyzer.py,same_file,47,True,python_ast,python,1.000000,1.000000,,False,,0,0.000000,0.000000,0.000000,0.000000,disabled,1.000000,1.000000
f7dcbe3fa6a98b0b,100%,100,91-100,100%,100,91-100,python,python,True,1.000000,1.000000,1.000000,1.000000,1.000000,1.000000,1.000000,0.023529,0.045977,1.000000,1.000000,1.000000,1.000000,1.000000,0.019231,1.000000,3,52,db/migrations/versions/0002_pipeline_analyzer.py,same_file,47,True,python_ast,python,1.000000,1.000000,,False,,0,0.000000,0.000000,0.000000,0.000000,disabled,1.000000,1.000000
a502c9b7291d53c7,0%,0,0,0%,0,0,text,pygments,False,0.000000,0.000000,0.000000,0.000000,0.000000,0.000000,0.555556,0.002671,0.005316,1.000000,0.555556,1.000000,0.000000,1.000000,0.006329,0.400000,5,158,openspec/changes/pipeline-analyzer/proposal.md,anchor_overlap,2,False,,,0.000000,0.000000,no supported local structural parser,False,,0,0.000000,0.000000,0.000000,0.000000,disabled,0.000000,0.000000
7809faae9b2a82ad,0%,0,0,0%,0,0,python,python,False,0.000000,0.000000,0.000000,0.000000,0.000000,0.000000,0.909091,0.013727,0.027045,1.000000,0.909091,1.000000,0.000000,0.954545,0.005882,0.714286,7,340,fl_control_plane/pipeline_analyzer/analyzer.py,same_extension,47,True,python_ast,python,1.000000,1.000000,,False,,0,0.000000,0.000000,0.000000,0.000000,disabled,0.000000,0.000000
0241e68088ffcaf8,100%,100,91-100,100%,100,91-100,markdown,markdown,True,1.000000,1.000000,1.000000,1.000000,1.000000,1.000000,1.000000,0.118552,0.211974,1.000000,1.000000,1.000000,1.000000,1.000000,0.181818,1.000000,48,77,.claude/commands/deploy.md,same_file,7,False,,,0.000000,0.000000,no supported local structural parser,False,,0,0.000000,0.000000,0.000000,0.000000,disabled,1.000000,1.000000
b49492f805f5b937,100%,100,91-100,100%,100,91-100,markdown,markdown,True,1.000000,1.000000,1.000000,1.000000,1.000000,1.000000,1.000000,0.028054,0.054577,1.000000,1.000000,1.000000,1.000000,1.000000,0.012987,1.000000,12,77,.claude/commands/deploy.md,same_file,7,False,,,0.000000,0.000000,no supported local structural parser,False,,0,0.000000,0.000000,0.000000,0.000000,disabled,1.000000,1.000000
7b3a01274417d1cc,partial,50,41-50,mostly,88,81-90,yaml,yaml_like,False,0.714286,0.976190,1.000000,1.000000,1.000000,0.571429,0.976190,0.471264,0.635659,1.000000,1.000000,1.000000,0.428571,1.000000,0.700000,0.944444,18,10,chart/values.yaml,same_file,4,False,,,0.000000,0.000000,no supported local structural parser,False,,0,0.000000,0.000000,0.000000,0.000000,disabled,1.000000,0.714300
4acc5cb179410225,0%,0,0,partial,55,51-60,json,json,False,0.000000,0.000000,0.000000,0.000000,0.000000,0.000000,0.526316,0.100334,0.168539,0.631579,0.526316,0.631579,0.000000,0.631579,0.162791,0.454545,11,43,chart/templates/argocd-application.yaml,anchor_overlap,2,False,,,0.000000,0.000000,no supported local structural parser,False,,0,0.000000,0.000000,0.000000,0.000000,disabled,1.000000,0.285700
b027aea1beded653,100%,100,91-100,100%,100,91-100,python,python,True,1.000000,1.000000,1.000000,1.000000,1.000000,1.000000,1.000000,0.001597,0.003189,1.000000,1.000000,1.000000,1.000000,1.000000,0.002198,1.000000,2,455,tests/hdlf_server/test_handler_results_router.py,same_file,132,True,python_ast,python,1.000000,1.000000,,False,,0,0.000000,0.000000,0.000000,0.000000,disabled,1.000000,1.000000
5465cf4232987b41,100%,100,91-100,100%,100,91-100,python,python,True,1.000000,0.269231,0.500000,0.269231,0.500000,1.000000,0.269231,0.018717,0.035000,0.500000,0.269231,0.500000,1.000000,0.500000,0.016260,0.375000,8,123,fl_control_plane/handler_orchestrator/defaults_resolver.py,same_file,131,False,python_ast,python,0.000000,0.000000,SyntaxError: invalid syntax,False,,0,0.000000,0.000000,0.000000,0.000000,disabled,1.000000,1.000000
935b96ff75ebcc5c,100%,100,91-100,100%,100,91-100,python,python,True,1.000000,1.000000,1.000000,1.000000,1.000000,1.000000,1.000000,0.121739,0.217054,1.000000,1.000000,1.000000,1.000000,1.000000,0.043478,1.000000,5,23,hdlf_server/dependencies.py,same_file,132,True,python_ast,python,1.000000,1.000000,,False,,0,0.000000,0.000000,0.000000,0.000000,disabled,1.000000,1.000000
5c7bcf50690be1de,0%,0,0,mostly,61,61-70,python,python,False,0.000000,0.600000,0.800000,0.600000,0.800000,0.000000,0.600000,0.461538,0.521739,0.800000,0.600000,0.800000,0.000000,0.633333,0.285714,0.538462,13,2,hdlf_server/handler_results_router.py,neighboring_same_file,10,True,python_ast,python,0.407407,0.407407,,False,,0,0.000000,0.000000,0.000000,0.000000,disabled,1.000000,0.000000
7b6f39fdbd3f6add,mostly,85,81-90,mostly,82,81-90,markdown,markdown,False,0.000000,0.812500,1.000000,0.812500,1.000000,0.000000,0.812500,0.166667,0.276596,1.000000,0.812500,1.000000,0.000000,0.937500,0.142857,0.724138,29,7,CLAUDE.md,same_file,1,False,,,0.000000,0.000000,no supported local structural parser,False,,0,0.000000,0.000000,0.000000,0.000000,disabled,1.000000,0.000000
a7e2e55e827548e8,mostly,80,71-80,mostly,72,71-80,markdown,markdown,False,0.000000,1.000000,1.000000,1.000000,1.000000,0.000000,0.562500,0.013932,0.027190,1.000000,0.562500,1.000000,0.000000,0.875000,0.071429,0.250000,8,14,docs/design/FL_Architecture_Design.md,same_file,103,False,,,0.000000,0.000000,no supported local structural parser,False,,0,0.000000,0.000000,0.000000,0.000000,disabled,1.000000,1.000000
565a4f1d93ac8656,100%,100,91-100,100%,100,91-100,markdown,markdown,True,1.000000,1.000000,1.000000,1.000000,1.000000,1.000000,1.000000,0.280000,0.437500,1.000000,1.000000,1.000000,1.000000,1.000000,0.500000,1.000000,16,2,docs/design/FL_Architecture_Design.md,same_file,103,False,,,0.000000,0.000000,no supported local structural parser,False,,0,0.000000,0.000000,0.000000,0.000000,disabled,1.000000,1.000000
d1ae2ff7d6a770ce,100%,100,91-100,100%,100,91-100,markdown,markdown,True,1.000000,1.000000,1.000000,1.000000,1.000000,1.000000,1.000000,0.010714,0.021201,1.000000,1.000000,1.000000,1.000000,1.000000,0.090909,1.000000,2,11,docs/design/FL_Architecture_Design.md,same_file,103,False,,,0.000000,0.000000,no supported local structural parser,False,,0,0.000000,0.000000,0.000000,0.000000,disabled,1.000000,1.000000
208bb11d40a15a9a,0%,0,0,0%,0,0,markdown,markdown,False,0.000000,0.791667,0.958333,0.833333,1.000000,0.000000,0.458333,0.014267,0.027673,0.958333,0.500000,1.000000,0.000000,1.000000,0.062500,0.142857,14,16,docs/design/FL_Architecture_Design.md,neighboring_same_file,103,False,,,0.000000,0.000000,no supported local structural parser,False,,0,0.000000,0.000000,0.000000,0.000000,disabled,1.000000,0.000000
3d790c9ce9f5b0cb,mostly,85,81-90,mostly,82,81-90,python,python,False,0.000000,0.882353,0.882353,1.000000,1.000000,0.000000,0.941176,0.160000,0.273504,0.941176,1.000000,1.000000,0.000000,0.970588,0.125000,1.000000,14,16,fl_control_plane/execution_engine/dispatcher.py,same_file,187,True,python_ast,python,1.000000,1.000000,,False,,0,0.000000,0.000000,0.000000,0.000000,disabled,1.000000,0.000000
fc84bd3b0d7427a5,0%,0,0,0%,0,0,python,python,False,0.000000,0.578947,0.894737,0.578947,0.894737,0.000000,0.578947,0.083969,0.146667,1.000000,0.578947,1.000000,0.000000,0.842105,0.090909,0.000000,6,11,fl_control_plane/data_extractor/capture_plan.py,same_extension,182,True,python_ast,python,1.000000,1.000000,,False,,0,0.000000,0.000000,0.000000,0.000000,disabled,1.000000,0.000000
f97b1ebc7edea2de,100%,100,91-100,100%,100,91-100,yaml,yaml_like,True,1.000000,1.000000,1.000000,1.000000,1.000000,1.000000,1.000000,1.000000,1.000000,1.000000,1.000000,1.000000,1.000000,1.000000,1.000000,1.000000,3,1,.pipeline/config.yml,same_file,5,False,,,0.000000,0.000000,no supported local structural parser,False,,0,0.000000,0.000000,0.000000,0.000000,disabled,1.000000,1.000000
a73f348566a7301b,0%,0,0,0%,0,0,python,python,False,0.000000,0.000000,0.000000,0.000000,0.000000,0.000000,0.644068,0.014367,0.028107,0.983051,0.644068,0.983051,0.076923,0.966102,0.032828,0.090909,22,396,fl_shared/utils/github_client.py,same_extension,21,True,python_ast,python,0.977273,0.977273,,False,,0,0.000000,0.000000,0.000000,0.000000,disabled,0.000000,0.416700
11fb43381f24dbf8,partial,44,41-50,partial,55,51-60,python,python,False,0.500000,0.906250,0.968750,0.906250,0.968750,0.500000,0.906250,0.134259,0.233871,0.968750,0.906250,0.968750,0.250000,0.937500,0.156863,0.800000,10,51,fl_control_plane/finalizer_dispatcher/activity.py,same_file,22,True,python_ast,python,0.967742,0.967742,,False,,0,0.000000,0.000000,0.000000,0.000000,disabled,1.000000,0.500000
15c1b0b59796da0e,mostly,80,71-80,mostly,72,71-80,python,python,False,0.000000,1.000000,1.000000,1.000000,1.000000,0.000000,1.000000,0.046296,0.088496,1.000000,1.000000,1.000000,0.000000,1.000000,0.019608,1.000000,5,51,fl_control_plane/finalizer_dispatcher/activity.py,same_file,21,True,python_ast,python,1.000000,1.000000,,False,,0,0.000000,0.000000,0.000000,0.000000,disabled,1.000000,0.000000
3030a31d1c73c404,0%,0,0,0%,0,0,python,python,False,0.000000,0.421053,0.684211,0.473684,0.736842,0.000000,0.631579,0.030457,0.058111,0.894737,0.684211,0.947368,0.000000,0.947368,0.012048,0.000000,6,83,fl_control_plane/finalizer_dispatcher/selector.py,same_extension,21,True,python_ast,python,1.000000,1.000000,,False,,0,0.000000,0.000000,0.000000,0.000000,disabled,1.000000,0.000000
299ea557f28dac75,0%,0,0,0%,0,0,python,python,False,0.000000,0.450000,0.700000,0.500000,0.750000,0.000000,0.600000,0.030457,0.057971,0.850000,0.650000,0.900000,0.000000,0.900000,0.012048,0.000000,6,83,fl_control_plane/finalizer_dispatcher/selector.py,same_extension,21,True,python_ast,python,0.866667,0.866667,,False,,0,0.000000,0.000000,0.000000,0.000000,disabled,1.000000,0.000000
fe386ba1f05612e6,0%,0,0,0%,0,0,python,python,False,0.000000,0.450000,0.700000,0.500000,0.750000,0.000000,0.600000,0.030457,0.057971,0.850000,0.650000,0.900000,0.000000,0.900000,0.012048,0.000000,6,83,fl_control_plane/finalizer_dispatcher/selector.py,same_extension,21,True,python_ast,python,0.866667,0.866667,,False,,0,0.000000,0.000000,0.000000,0.000000,disabled,1.000000,0.000000
0d66f530d93a05a5,0%,0,0,0%,0,0,python,python,False,0.000000,0.400000,1.000000,0.400000,1.000000,0.000000,0.400000,0.009259,0.018100,1.000000,0.400000,1.000000,0.000000,1.000000,0.019608,0.000000,3,51,fl_control_plane/finalizer_dispatcher/activity.py,same_file,21,True,python_ast,python,1.000000,1.000000,,False,,0,0.000000,0.000000,0.000000,0.000000,disabled,1.000000,0.000000
84af76253b87c5fb,100%,100,91-100,100%,100,91-100,python,python,True,1.000000,1.000000,1.000000,1.000000,1.000000,1.000000,1.000000,0.022508,0.044025,1.000000,1.000000,1.000000,1.000000,1.000000,0.014286,1.000000,2,70,fl_mcp_servers/settings.py,same_file,81,True,python_ast,python,1.000000,1.000000,,False,,0,0.000000,0.000000,0.000000,0.000000,disabled,1.000000,1.000000
93a3be7230776f49,partial,50,41-50,partial,55,51-60,python,python,False,0.250000,0.892857,0.964286,0.892857,0.964286,0.250000,0.750000,0.012034,0.023689,1.000000,0.750000,1.000000,0.000000,1.000000,0.012048,0.363636,11,332,fl_control_plane/inspection_results_repository/inspection_results_repository_hdlf.py,same_extension,105,True,python_ast,python,1.000000,1.000000,,False,,0,0.000000,0.000000,0.000000,0.000000,disabled,1.000000,0.500000
adb92b3306c33a5e,0%,0,0,mostly,72,71-80,yaml,yaml_like,False,0.000000,0.666667,1.000000,0.666667,1.000000,0.000000,1.000000,0.002680,0.005345,1.000000,1.000000,1.000000,0.000000,1.000000,0.004566,1.000000,3,219,docs/testing/handler_controller/DeploymentGuide.md,anchor_overlap,44,False,,,0.000000,0.000000,no supported local structural parser,False,,0,0.000000,0.000000,0.000000,0.000000,disabled,1.000000,0.000000
061379cb4f387d33,0%,0,0,mostly,72,71-80,python,python,False,0.000000,0.307692,0.615385,0.307692,0.615385,0.000000,0.538462,0.005311,0.010518,0.769231,0.538462,0.769231,0.000000,0.692308,0.003788,1.000000,1,264,chart/crds/faulthandler.yaml,anchor_overlap,47,True,python_ast,python,1.000000,1.000000,,False,,0,0.000000,0.000000,0.000000,0.000000,disabled,1.000000,0.000000
35c1cb69b0ac88d4,100%,100,91-100,mostly,72,71-80,python,python,False,0.333333,0.716981,0.867925,0.754717,0.905660,0.333333,0.698113,0.012092,0.023771,0.905660,0.792453,1.000000,0.111111,1.000000,0.016275,0.176471,17,553,handler_controller/reconciler.py,same_extension,42,True,python_ast,python,1.000000,1.000000,,False,,0,0.000000,0.000000,0.000000,0.000000,disabled,1.000000,0.666700
e69ac2ae1cdb0772,partial,45,41-50,mostly,72,71-80,python,python,False,0.000000,0.857143,0.964286,0.892857,1.000000,0.000000,0.857143,0.007843,0.015544,0.964286,0.892857,1.000000,0.000000,1.000000,0.003617,0.714286,14,553,handler_controller/reconciler.py,same_file,42,True,python_ast,python,1.000000,1.000000,,False,,0,0.000000,0.000000,0.000000,0.000000,disabled,1.000000,0.000000
9e2e5cbadb741394,partial,21,21-30,0%,0,0,python,python,False,0.000000,0.000000,0.000000,0.000000,0.000000,0.000000,0.947368,0.040089,0.076923,1.000000,0.947368,1.000000,0.200000,0.894737,0.053191,0.857143,7,94,engineering_agent/app/agent_task_runner.py,same_extension,7,True,python_ast,python,1.000000,1.000000,,False,,0,0.000000,0.000000,0.000000,0.000000,disabled,0.000000,0.400000
cc46dd7ba5dda297,0%,0,0,0%,0,0,python,python,False,0.000000,0.000000,0.000000,0.000000,0.000000,0.000000,0.743590,0.064588,0.118852,0.948718,0.769231,0.974359,0.000000,0.871795,0.042553,0.307692,13,94,engineering_agent/app/agent_task_runner.py,same_extension,7,True,python_ast,python,0.966667,0.966667,,False,,0,0.000000,0.000000,0.000000,0.000000,disabled,0.000000,0.000000
aba434dc48e60fd7,mostly,82,81-90,mostly,88,81-90,python,python,False,0.600000,0.942857,1.000000,0.942857,1.000000,0.600000,0.942857,0.163366,0.278481,1.000000,0.942857,1.000000,0.600000,1.000000,0.060976,0.800000,10,82,engineering_agent/app/models.py,same_file,8,True,python_ast,python,1.000000,1.000000,,False,,0,0.000000,0.000000,0.000000,0.000000,disabled,1.000000,0.600000
a35c44279c5e4e87,partial,20,11-20,0%,0,0,python,python,False,0.000000,0.000000,0.000000,0.000000,0.000000,0.000000,0.882353,0.100223,0.180000,0.960784,0.901961,0.980392,0.142857,0.980392,0.074468,0.782609,23,94,engineering_agent/app/agent_task_runner.py,same_extension,7,True,python_ast,python,1.000000,1.000000,,False,,0,0.000000,0.000000,0.000000,0.000000,disabled,0.000000,0.142900
79796e12c350d103,100%,100,91-100,100%,100,91-100,toml,pygments,True,1.000000,1.000000,1.000000,1.000000,1.000000,1.000000,1.000000,0.018135,0.035623,1.000000,1.000000,1.000000,1.000000,1.000000,0.021277,1.000000,3,47,engineering_agent/pyproject.toml,same_file,1,False,,,0.000000,0.000000,no supported local structural parser,False,,0,0.000000,0.000000,0.000000,0.000000,disabled,1.000000,1.000000
8b93be38df67daf2,100%,100,91-100,100%,100,91-100,markdown,markdown,True,1.000000,1.000000,1.000000,1.000000,1.000000,1.000000,1.000000,0.011836,0.023394,1.000000,1.000000,1.000000,1.000000,0.000000,0.010460,1.000000,18,478,.claude/commands/deploy.md,same_file,4,False,,,0.000000,0.000000,no supported local structural parser,False,,0,0.000000,0.000000,0.000000,0.000000,disabled,1.000000,1.000000
549b2e28bcc48aef,100%,100,91-100,100%,100,91-100,markdown,markdown,True,1.000000,1.000000,1.000000,1.000000,1.000000,1.000000,1.000000,0.007021,0.013944,1.000000,1.000000,1.000000,1.000000,1.000000,0.004184,1.000000,13,478,.claude/commands/deploy.md,same_file,4,False,,,0.000000,0.000000,no supported local structural parser,False,,0,0.000000,0.000000,0.000000,0.000000,disabled,1.000000,1.000000
31d372ebc5f8ee66,mostly,81,81-90,mostly,72,71-80,markdown,markdown,False,0.800000,1.000000,1.000000,1.000000,1.000000,0.800000,1.000000,0.013440,0.026524,1.000000,1.000000,1.000000,0.400000,0.000000,0.010460,1.000000,24,478,.claude/commands/deploy.md,same_file,4,False,,,0.000000,0.000000,no supported local structural parser,False,,0,0.000000,0.000000,0.000000,0.000000,disabled,1.000000,0.800000
cbed4324a4dbb805,0%,0,0,0%,0,0,text,regex,False,0.000000,0.000000,0.000000,0.000000,0.000000,0.000000,0.500000,0.000272,0.000543,1.000000,0.500000,1.000000,0.000000,1.000000,0.001019,0.333333,6,981,fl_control_plane/execution_engine/local_testing/stage_error.txt,same_extension,1,False,,,0.000000,0.000000,no supported local structural parser,False,,0,0.000000,0.000000,0.000000,0.000000,disabled,0.000000,0.000000
e8c2148265c37a1a,partial,50,41-50,0%,0,0,python,python,False,0.000000,0.000000,0.000000,0.000000,0.000000,0.000000,0.780488,0.022054,0.042895,0.975610,0.804878,1.000000,0.166667,0.975610,0.023810,0.562500,16,252,fl_control_plane/execution_engine/dispatcher.py,same_extension,7,True,python_ast,python,1.000000,1.000000,,False,,0,0.000000,0.000000,0.000000,0.000000,disabled,0.000000,0.600000
9acd83a3179af89c,mostly,75,71-80,0%,0,0,shell,pygments,False,0.000000,0.000000,0.000000,0.000000,0.000000,0.000000,0.792593,0.308357,0.443983,0.970370,0.792593,0.970370,0.125000,0.822222,0.173913,0.435897,39,46,fl_control_plane/execution_engine/local_testing/dev.sh,same_extension,2,False,,,0.000000,0.000000,no supported local structural parser,False,,0,0.000000,0.000000,0.000000,0.000000,disabled,0.000000,0.500000
ae69170058770e3e,mostly,80,71-80,0%,0,0,shell,pygments,False,0.000000,0.000000,0.000000,0.000000,0.000000,0.000000,0.973684,0.106628,0.192208,1.000000,0.973684,1.000000,0.250000,1.000000,0.086957,0.909091,11,46,fl_control_plane/execution_engine/local_testing/dev.sh,same_extension,2,False,,,0.000000,0.000000,no supported local structural parser,False,,0,0.000000,0.000000,0.000000,0.000000,disabled,0.000000,0.250000
343d1f0a1d4ba6e0,0%,0,0,0%,0,0,toml,pygments,False,0.000000,0.000000,0.000000,0.000000,0.000000,0.000000,0.812500,0.000883,0.001764,1.000000,0.812500,1.000000,0.000000,1.000000,0.002039,0.400000,5,981,fl_control_plane/execution_engine/local_testing/stage_error.txt,anchor_overlap,4,False,,,0.000000,0.000000,no supported local structural parser,False,,0,0.000000,0.000000,0.000000,0.000000,disabled,0.000000,0.000000
cc01474cfd506fc3,mostly,80,71-80,0%,0,0,python,python,False,0.000000,0.000000,0.000000,0.000000,0.000000,0.000000,0.865672,0.047040,0.089231,0.970149,0.895522,1.000000,0.125000,0.985075,0.048485,0.750000,28,165,tests/execution_engine/test_dispatcher.py,same_extension,6,True,python_ast,python,1.000000,1.000000,,False,,0,0.000000,0.000000,0.000000,0.000000,disabled,0.000000,0.375000
a7c98d5952d77457,mostly,75,71-80,partial,55,51-60,python,python,False,0.565217,0.843750,0.968750,0.859375,0.984375,0.478261,0.843750,0.216867,0.345048,0.968750,0.859375,0.984375,0.173913,0.921875,0.315068,0.678571,28,73,fl_control_plane/handler_orchestrator/models.py,same_file,10,True,python_ast,python,0.965517,0.965517,,False,,0,0.000000,0.000000,0.000000,0.000000,disabled,1.000000,0.565200
ce43057fa5a331cf,mostly,75,71-80,mostly,82,81-90,python,python,False,0.648649,0.936842,1.000000,0.936842,1.000000,0.459459,0.936842,0.167608,0.284345,1.000000,0.936842,1.000000,0.378378,0.926316,0.180488,0.853659,82,205,fl_control_plane/handler_orchestrator/orchestrator.py,same_file,10,True,python_ast,python,1.000000,1.000000,,False,,0,0.000000,0.000000,0.000000,0.000000,disabled,1.000000,0.586200
6919f9e070f24901,partial,50,41-50,mostly,72,71-80,python,python,False,0.600000,1.000000,1.000000,1.000000,1.000000,0.400000,1.000000,0.011299,0.022346,1.000000,1.000000,1.000000,0.400000,1.000000,0.024390,1.000000,4,205,fl_control_plane/handler_orchestrator/orchestrator.py,same_file,10,True,python_ast,python,1.000000,1.000000,,False,,0,0.000000,0.000000,0.000000,0.000000,disabled,1.000000,0.600000
8adfeceaeb2c0745,100%,100,91-100,0%,0,0,python,python,False,0.000000,0.000000,0.000000,0.000000,0.000000,0.000000,0.985915,0.274510,0.429448,0.992958,0.985915,0.992958,0.535714,0.978873,0.191781,0.977273,44,146,fl_shared/hdlf_client/client.py,same_extension,32,True,python_ast,python,1.000000,1.000000,,False,,0,0.000000,0.000000,0.000000,0.000000,disabled,0.000000,0.769200
f28e825a055f9764,100%,100,91-100,0%,0,0,python,python,False,0.000000,0.000000,0.000000,0.000000,0.000000,0.000000,1.000000,0.311628,0.475177,1.000000,1.000000,1.000000,1.000000,1.000000,0.212121,1.000000,30,66,hdlf_server/dependencies.py,same_extension,32,True,python_ast,python,1.000000,1.000000,,False,,0,0.000000,0.000000,0.000000,0.000000,disabled,0.000000,1.000000
a5eb85431f39cf72,mostly,85,81-90,0%,0,0,python,python,False,0.000000,0.000000,0.000000,0.000000,0.000000,0.000000,0.972973,0.020408,0.039978,1.000000,0.972973,1.000000,0.428571,1.000000,0.017903,0.928571,14,391,hdlf_server/router.py,same_extension,32,False,python_ast,python,0.000000,0.000000,SyntaxError: expected an indented block after function definition on line 2,False,,0,0.000000,0.000000,0.000000,0.000000,disabled,0.000000,0.857100
18d40843657bacde,100%,100,91-100,0%,0,0,python,python,False,0.000000,0.000000,0.000000,0.000000,0.000000,0.000000,1.000000,0.026077,0.050829,1.000000,1.000000,1.000000,1.000000,1.000000,0.015345,1.000000,17,391,hdlf_server/router.py,same_extension,32,False,python_ast,python,0.000000,0.000000,SyntaxError: expected an indented block after function definition on line 2,False,,0,0.000000,0.000000,0.000000,0.000000,disabled,0.000000,1.000000
60f1080eb9cd452f,mostly,75,71-80,0%,0,0,python,python,False,0.000000,0.000000,0.000000,0.000000,0.000000,0.000000,0.500000,0.096386,0.161616,1.000000,0.500000,1.000000,0.000000,1.000000,0.048780,0.000000,8,41,hdlf_server/__init__.py,same_extension,32,True,python_ast,python,1.000000,1.000000,,False,,0,0.000000,0.000000,0.000000,0.000000,disabled,0.000000,0.500000
2c1256077df74d34,mostly,75,71-80,0%,0,0,python,python,False,0.000000,0.000000,0.000000,0.000000,0.000000,0.000000,0.953488,0.020429,0.040000,1.000000,0.953488,1.000000,0.166667,1.000000,0.014888,0.888889,18,403,hdlf_server/reader.py,same_extension,32,True,python_ast,python,1.000000,1.000000,,False,,0,0.000000,0.000000,0.000000,0.000000,disabled,0.000000,0.333300
dc3ebf51fa21a70a,mostly,80,71-80,mostly,72,71-80,python,python,False,0.000000,0.769231,1.000000,0.769231,1.000000,0.000000,0.769231,0.165289,0.272109,1.000000,0.769231,1.000000,0.000000,0.923077,0.032787,0.500000,12,61,fl_control_plane/execution_contracts.py,same_file,1,True,python_ast,python,0.947368,0.947368,,False,,0,0.000000,0.000000,0.000000,0.000000,disabled,1.000000,0.000000
1fa6db9950932879,100%,100,91-100,100%,100,91-100,python,python,True,1.000000,1.000000,1.000000,1.000000,1.000000,1.000000,1.000000,0.082645,0.152672,1.000000,1.000000,1.000000,1.000000,1.000000,0.016393,1.000000,5,61,fl_control_plane/execution_contracts.py,same_file,1,True,python_ast,python,1.000000,1.000000,,False,,0,0.000000,0.000000,0.000000,0.000000,disabled,1.000000,1.000000
8fd18627fdc24413,mostly,80,71-80,mostly,72,71-80,python,python,False,0.000000,0.800000,1.000000,0.800000,1.000000,0.000000,0.800000,0.066116,0.122137,1.000000,0.800000,1.000000,0.000000,1.000000,0.016393,0.600000,5,61,fl_control_plane/execution_contracts.py,same_file,1,True,python_ast,python,1.000000,1.000000,,False,,0,0.000000,0.000000,0.000000,0.000000,disabled,1.000000,0.000000
7fb902d95f6bc56c,mostly,80,71-80,mostly,72,71-80,python,python,False,0.000000,0.800000,1.000000,0.800000,1.000000,0.000000,0.800000,0.132231,0.226950,1.000000,0.800000,1.000000,0.000000,1.000000,0.032787,0.600000,10,61,fl_control_plane/execution_contracts.py,same_file,1,True,python_ast,python,0.933333,0.933333,,False,,0,0.000000,0.000000,0.000000,0.000000,disabled,1.000000,0.000000
c028d395204a2520,100%,100,91-100,100%,100,91-100,python,python,True,1.000000,1.000000,1.000000,1.000000,1.000000,1.000000,1.000000,0.052941,0.100559,1.000000,1.000000,1.000000,1.000000,1.000000,0.055556,1.000000,3,18,fl_control_plane/metadata_extractor/extractor.py,same_file,41,True,python_ast,python,1.000000,1.000000,,False,,0,0.000000,0.000000,0.000000,0.000000,disabled,1.000000,1.000000
36224bcb27488d4a,0%,0,0,partial,55,51-60,python,python,False,0.000000,0.491803,0.868852,0.557377,0.934426,0.000000,0.524590,0.041721,0.077295,0.918033,0.573770,0.967213,0.100000,0.934426,0.060976,0.041667,24,164,fl_control_plane/temporal/interceptor.py,same_extension,41,True,python_ast,python,0.921569,0.921569,,False,,0,0.000000,0.000000,0.000000,0.000000,disabled,1.000000,0.200000
40dfd85b1bcd04ab,0%,0,0,partial,55,51-60,python,python,False,0.000000,0.478261,0.891304,0.543478,0.956522,0.000000,0.456522,0.057851,0.102689,0.869565,0.521739,0.934783,0.166667,0.934783,0.064516,0.000000,18,93,fl_control_plane/data_extractor/activity.py,same_extension,41,True,python_ast,python,0.812500,0.812500,,False,,0,0.000000,0.000000,0.000000,0.000000,disabled,1.000000,0.166700
79c73ebf0f804f32,partial,50,41-50,partial,55,51-60,python,python,False,0.300000,0.792453,0.924528,0.867925,1.000000,0.200000,0.773585,0.053455,0.100000,0.924528,0.849057,1.000000,0.100000,1.000000,0.060976,0.545455,22,164,fl_control_plane/temporal/interceptor.py,same_extension,39,True,python_ast,python,1.000000,1.000000,,False,,0,0.000000,0.000000,0.000000,0.000000,disabled,1.000000,0.600000
f88a2ee1e9819f85,partial,50,41-50,mostly,72,71-80,yaml,yaml_like,False,0.750000,0.655172,0.965517,0.655172,0.965517,0.750000,0.655172,0.008257,0.016309,1.000000,0.655172,1.000000,0.000000,0.965517,0.012698,0.411765,17,315,scripts/deploy-dev.sh,anchor_overlap,22,False,,,0.000000,0.000000,no supported local structural parser,False,,0,0.000000,0.000000,0.000000,0.000000,disabled,1.000000,0.750000
e7ebca553e1541d9,partial,47,41-50,partial,55,51-60,yaml,yaml_like,False,0.500000,0.545455,0.954545,0.545455,0.954545,0.500000,0.681818,0.006519,0.012914,1.000000,0.681818,1.000000,0.000000,0.954545,0.006349,0.416667,12,315,scripts/deploy-dev.sh,anchor_overlap,22,False,,,0.000000,0.000000,no supported local structural parser,False,,0,0.000000,0.000000,0.000000,0.000000,disabled,1.000000,0.500000
f03817bfe9dd8f56,0%,0,0,0%,0,0,text,regex,False,0.000000,0.000000,0.000000,0.000000,0.000000,0.000000,0.000000,0.000000,0.000000,0.000000,0.000000,0.000000,0.000000,0.000000,0.000000,0.000000,0,0,,,0,False,,,0.000000,0.000000,no supported local structural parser,False,,0,0.000000,0.000000,0.000000,0.000000,disabled,0.000000,0.000000
d2b7fd6a8f81bc0a,0%,0,0,0%,0,0,python,python,False,0.000000,0.000000,0.000000,0.000000,0.000000,0.000000,0.428571,0.031746,0.059113,0.821429,0.500000,0.892857,0.000000,0.892857,0.043478,0.071429,14,46,fl_control_plane/data_extractor/extractor.py,same_extension,39,False,python_ast,python,0.000000,0.000000,SyntaxError: invalid character '—' (U+2014),False,,0,0.000000,0.000000,0.000000,0.000000,disabled,0.000000,0.000000
3571bb010a6f07fc,0%,0,0,0%,0,0,python,python,False,0.000000,0.000000,0.000000,0.000000,0.000000,0.000000,0.725000,0.076720,0.138756,0.975000,0.750000,1.000000,0.200000,0.950000,0.108696,0.421053,19,46,fl_control_plane/data_extractor/extractor.py,same_extension,39,True,python_ast,python,0.966667,0.966667,,False,,0,0.000000,0.000000,0.000000,0.000000,disabled,0.000000,0.200000
5d5eb278731cbebc,0%,0,0,0%,0,0,python,python,False,0.000000,0.600000,0.900000,0.700000,1.000000,0.000000,0.600000,0.016529,0.032172,0.900000,0.700000,1.000000,0.000000,1.000000,0.010753,0.000000,4,93,fl_control_plane/data_extractor/activity.py,same_extension,39,True,python_ast,python,1.000000,1.000000,,False,,0,0.000000,0.000000,0.000000,0.000000,disabled,1.000000,0.000000
ad82d6abe12cf8b7,0%,0,0,0%,0,0,python,python,False,0.000000,0.357143,0.642857,0.428571,0.714286,0.000000,0.642857,0.040179,0.075630,0.928571,0.714286,1.000000,0.000000,1.000000,0.010526,0.000000,5,95,fl_control_plane/temporal/workflow.py,same_extension,39,False,python_ast,python,0.000000,0.000000,SyntaxError: unexpected unindent,False,,0,0.000000,0.000000,0.000000,0.000000,disabled,1.000000,0.000000
20e99165f802a3a6,partial,40,31-40,mostly,72,71-80,python,python,False,0.000000,0.826087,1.000000,0.826087,1.000000,0.000000,0.826087,0.078512,0.143396,1.000000,0.826087,1.000000,0.000000,1.000000,0.083333,0.600000,10,24,tests/test_credentials.py,same_file,40,False,python_ast,python,0.000000,0.000000,SyntaxError: expected an indented block after 'with' statement on line 2,False,,0,0.000000,0.000000,0.000000,0.000000,disabled,1.000000,1.000000
f43e7c99273ea092,0%,0,0,0%,0,0,python,python,False,0.000000,0.000000,0.000000,0.000000,0.000000,0.000000,0.684211,0.032099,0.061321,0.789474,0.894737,1.000000,0.000000,1.000000,0.019231,0.250000,8,104,fl_control_plane/metadata_extractor/activity.py,same_extension,39,True,python_ast,python,0.937500,0.937500,,False,,0,0.000000,0.000000,0.000000,0.000000,disabled,0.000000,0.000000
18839d9dd01a74a7,100%,100,91-100,100%,100,91-100,yaml,yaml_like,True,1.000000,1.000000,1.000000,1.000000,1.000000,1.000000,1.000000,0.028346,0.055130,1.000000,1.000000,1.000000,1.000000,1.000000,0.012821,1.000000,7,78,chart/templates/deployment.yaml,same_file,12,False,,,0.000000,0.000000,no supported local structural parser,False,,0,0.000000,0.000000,0.000000,0.000000,disabled,1.000000,1.000000
3912d9656b57350d,100%,100,91-100,100%,100,91-100,yaml,yaml_like,False,1.000000,1.000000,1.000000,1.000000,1.000000,0.666667,1.000000,0.212025,0.349869,1.000000,1.000000,1.000000,0.666667,1.000000,0.214286,1.000000,26,28,chart/templates/hana-binding.yaml,same_file,13,False,,,0.000000,0.000000,no supported local structural parser,False,,0,0.000000,0.000000,0.000000,0.000000,disabled,1.000000,1.000000
894b52ea84474d5f,100%,100,91-100,100%,100,91-100,yaml,yaml_like,False,1.000000,1.000000,1.000000,1.000000,1.000000,0.600000,1.000000,0.227848,0.371134,1.000000,1.000000,1.000000,0.600000,1.000000,0.178571,1.000000,28,28,chart/templates/hana-binding.yaml,same_file,13,False,,,0.000000,0.000000,no supported local structural parser,False,,0,0.000000,0.000000,0.000000,0.000000,disabled,1.000000,1.000000
87e6828b031ebe6c,0%,0,0,0%,0,0,yaml,yaml_like,False,0.000000,0.000000,0.000000,0.000000,0.000000,0.000000,0.000000,0.000000,0.000000,0.000000,0.000000,0.000000,0.000000,0.000000,0.000000,0.000000,0,0,,,13,False,,,0.000000,0.000000,no supported local structural parser,False,,0,0.000000,0.000000,0.000000,0.000000,disabled,1.000000,0.000000
59ece7aefacfc969,0%,0,0,0%,0,0,python,python,False,0.000000,0.425532,0.702128,0.519149,0.795745,0.000000,0.536170,0.245136,0.336449,0.855319,0.574468,0.885106,0.000000,0.651064,0.829787,0.103774,106,47,fl_control_plane/config.py,same_extension,11,True,python_ast,python,0.780000,0.780000,,False,,0,0.000000,0.000000,0.000000,0.000000,disabled,1.000000,0.000000
6bcca438e86457e3,0%,0,0,0%,0,0,yaml,yaml_like,False,0.000000,0.450000,0.650000,0.625000,0.725000,0.000000,0.525000,0.011660,0.022814,0.725000,0.675000,0.875000,0.000000,0.850000,0.048000,0.357143,14,125,docs/pre-commit-hooks.md,anchor_overlap,2,False,,,0.000000,0.000000,no supported local structural parser,False,,0,0.000000,0.000000,0.000000,0.000000,disabled,1.000000,0.000000
50178ce5e014009e,0%,0,0,0%,0,0,yaml,yaml_like,False,0.000000,0.375000,0.575000,0.550000,0.650000,0.000000,0.500000,0.011105,0.021727,0.650000,0.700000,0.825000,0.000000,0.800000,0.048000,0.384615,13,125,docs/pre-commit-hooks.md,anchor_overlap,3,False,,,0.000000,0.000000,no supported local structural parser,False,,0,0.000000,0.000000,0.000000,0.000000,disabled,1.000000,0.000000
8557ba5041f74deb,mostly,80,71-80,mostly,72,71-80,markdown,markdown,False,0.000000,0.888889,1.000000,0.888889,1.000000,0.000000,0.888889,0.008884,0.017592,1.000000,0.888889,1.000000,0.000000,1.000000,0.008000,0.750000,8,125,docs/pre-commit-hooks.md,same_file,2,False,,,0.000000,0.000000,no supported local structural parser,False,,0,0.000000,0.000000,0.000000,0.000000,disabled,1.000000,0.000000
df197089cf18a66c,0%,0,0,mostly,72,71-80,text,regex,False,0.000000,0.108108,0.675676,0.108108,0.675676,0.000000,0.837838,0.006130,0.012170,1.000000,0.837838,1.000000,0.000000,0.000000,0.008681,0.666667,36,576,docs/design/db-architecture.md,anchor_overlap,10,False,,,0.000000,0.000000,no supported local structural parser,False,,0,0.000000,0.000000,0.000000,0.000000,disabled,1.000000,0.000000
c632c05c90fc8984,0%,0,0,0%,0,0,text,pygments,False,0.000000,0.636364,1.000000,0.636364,1.000000,0.000000,0.636364,0.152174,0.245614,1.000000,0.636364,1.000000,0.000000,1.000000,0.111111,0.333333,6,9,db/schema.sql,same_file,10,False,,,0.000000,0.000000,no supported local structural parser,False,,0,0.000000,0.000000,0.000000,0.000000,disabled,1.000000,0.000000
27848ff21ef27eaf,0%,0,0,0%,0,0,text,pygments,False,0.000000,0.473684,0.754386,0.473684,0.754386,0.000000,0.719298,0.004053,0.008061,1.000000,0.719298,1.000000,0.000000,0.000000,0.024306,0.333333,24,576,docs/design/db-architecture.md,anchor_overlap,10,False,,,0.000000,0.000000,no supported local structural parser,False,,0,0.000000,0.000000,0.000000,0.000000,disabled,1.000000,0.000000
d200021363a7bc83,0%,0,0,0%,0,0,text,pygments,False,0.000000,0.578947,1.000000,0.578947,1.000000,0.000000,0.421053,0.173913,0.246154,1.000000,0.421053,1.000000,0.000000,1.000000,0.222222,0.166667,12,9,db/schema.sql,same_file,10,False,,,0.000000,0.000000,no supported local structural parser,False,,0,0.000000,0.000000,0.000000,0.000000,disabled,1.000000,0.000000
197963e054b43c45,100%,100,91-100,100%,100,91-100,markdown,markdown,True,1.000000,1.000000,1.000000,1.000000,1.000000,1.000000,1.000000,0.001285,0.002567,1.000000,1.000000,1.000000,1.000000,1.000000,0.001736,1.000000,9,576,docs/design/db-architecture.md,same_file,1,False,,,0.000000,0.000000,no supported local structural parser,False,,0,0.000000,0.000000,0.000000,0.000000,disabled,1.000000,1.000000
0dbac171fae3b004,100%,100,91-100,100%,100,91-100,markdown,markdown,True,1.000000,1.000000,1.000000,1.000000,1.000000,1.000000,1.000000,0.001285,0.002567,1.000000,1.000000,1.000000,1.000000,1.000000,0.001736,1.000000,9,576,docs/design/db-architecture.md,same_file,1,False,,,0.000000,0.000000,no supported local structural parser,False,,0,0.000000,0.000000,0.000000,0.000000,disabled,1.000000,1.000000
9eac56ac24e60034,100%,100,91-100,100%,100,91-100,toml,pygments,True,1.000000,1.000000,1.000000,1.000000,1.000000,1.000000,1.000000,0.024911,0.048611,1.000000,1.000000,1.000000,1.000000,1.000000,0.025641,1.000000,2,39,pyproject.toml,same_file,17,False,,,0.000000,0.000000,no supported local structural parser,False,,0,0.000000,0.000000,0.000000,0.000000,disabled,1.000000,1.000000
a3542825e488255d,100%,100,91-100,100%,100,91-100,python,python,False,1.000000,1.000000,1.000000,1.000000,1.000000,0.888889,1.000000,0.234177,0.379487,1.000000,1.000000,1.000000,0.888889,1.000000,0.150000,1.000000,20,60,fl_control_plane/jwks_client.py,same_file,21,True,python_ast,python,1.000000,1.000000,,False,,0,0.000000,0.000000,0.000000,0.000000,disabled,1.000000,1.000000
14aa4385c81c4305,mostly,85,81-90,mostly,88,81-90,python,python,False,0.857143,1.000000,1.000000,1.000000,1.000000,0.857143,1.000000,0.027140,0.052846,1.000000,1.000000,1.000000,0.571429,1.000000,0.015086,1.000000,27,464,fl_control_plane/database.py,same_file,21,True,python_ast,python,1.000000,1.000000,,False,,0,0.000000,0.000000,0.000000,0.000000,disabled,1.000000,0.833300
012ea1f1f7d559e6,partial,27,21-30,partial,55,51-60,python,python,False,0.200000,0.583333,0.888889,0.611111,0.916667,0.200000,0.861111,0.125000,0.218310,0.972222,0.888889,1.000000,0.200000,1.000000,0.083333,0.583333,12,60,fl_control_plane/ingestion_api/schemas.py,same_extension,22,True,python_ast,python,1.000000,1.000000,,False,,0,0.000000,0.000000,0.000000,0.000000,disabled,1.000000,0.400000
f9606eedd8e73d32,100%,100,91-100,100%,100,91-100,python,python,True,1.000000,1.000000,1.000000,1.000000,1.000000,1.000000,1.000000,0.049550,0.094421,1.000000,1.000000,1.000000,1.000000,1.000000,0.030303,1.000000,2,66,fl_control_plane/ingestion_api/pipeline_url_validators.py,same_file,25,True,python_ast,python,1.000000,1.000000,,False,,0,0.000000,0.000000,0.000000,0.000000,disabled,1.000000,1.000000
fb71b9fe038ed0a2,mostly,80,71-80,mostly,72,71-80,markdown,markdown,False,0.000000,0.981132,1.000000,0.981132,1.000000,0.000000,0.962264,0.064803,0.121429,1.000000,0.962264,1.000000,0.000000,0.981132,0.024390,0.931034,29,41,docs/design/FL_Architecture_Design.md,same_file,11,False,,,0.000000,0.000000,no supported local structural parser,False,,0,0.000000,0.000000,0.000000,0.000000,disabled,1.000000,0.000000
aacfafe6729f0786,100%,100,91-100,100%,100,91-100,markdown,markdown,True,1.000000,1.000000,1.000000,1.000000,1.000000,1.000000,1.000000,0.148666,0.258850,1.000000,1.000000,1.000000,1.000000,1.000000,0.073171,1.000000,52,41,docs/design/FL_Architecture_Design.md,same_file,11,False,,,0.000000,0.000000,no supported local structural parser,False,,0,0.000000,0.000000,0.000000,0.000000,disabled,1.000000,1.000000
ba90af434cdbbbd8,100%,100,91-100,mostly,72,71-80,yaml,yaml_like,False,0.000000,1.000000,1.000000,1.000000,1.000000,0.000000,1.000000,0.455882,0.626263,1.000000,1.000000,1.000000,0.000000,1.000000,0.090909,1.000000,14,11,.github/workflows/piper-oss-ppms.yaml,same_file,1,False,,,0.000000,0.000000,no supported local structural parser,False,,0,0.000000,0.000000,0.000000,0.000000,disabled,1.000000,0.000000
4dbf6d31fa65daef,partial,35,31-40,partial,55,51-60,yaml,yaml_like,False,0.166667,0.730769,0.980769,0.730769,0.980769,0.166667,0.730769,0.558824,0.633333,0.980769,0.730769,0.980769,0.166667,0.711538,0.545455,0.620690,29,11,.github/workflows/piper-oss-ppms.yaml,same_file,1,False,,,0.000000,0.000000,no supported local structural parser,False,,0,0.000000,0.000000,0.000000,0.000000,disabled,1.000000,0.166700
a0a7b69ab1eb64ab,100%,100,91-100,100%,100,91-100,markdown,markdown,True,1.000000,1.000000,1.000000,1.000000,1.000000,1.000000,1.000000,0.122200,0.217786,1.000000,1.000000,1.000000,1.000000,1.000000,0.107143,1.000000,34,28,openspec/changes/cluster-automation/specs/cluster-bootstrap/spec.md,same_file,5,False,,,0.000000,0.000000,no supported local structural parser,False,,0,0.000000,0.000000,0.000000,0.000000,disabled,1.000000,1.000000
d5b5ccb7b0a1fdbf,100%,100,91-100,100%,100,91-100,markdown,markdown,True,1.000000,1.000000,1.000000,1.000000,1.000000,1.000000,1.000000,0.132383,0.233813,1.000000,1.000000,1.000000,1.000000,1.000000,0.142857,1.000000,40,28,openspec/changes/cluster-automation/specs/cluster-bootstrap/spec.md,same_file,5,False,,,0.000000,0.000000,no supported local structural parser,False,,0,0.000000,0.000000,0.000000,0.000000,disabled,1.000000,1.000000
01c2ea2547abb9c2,100%,100,91-100,100%,100,91-100,markdown,markdown,True,1.000000,1.000000,1.000000,1.000000,1.000000,1.000000,1.000000,0.052587,0.099919,1.000000,1.000000,1.000000,1.000000,1.000000,0.015625,1.000000,36,64,openspec/changes/cluster-automation/design.md,same_file,5,False,,,0.000000,0.000000,no supported local structural parser,False,,0,0.000000,0.000000,0.000000,0.000000,disabled,1.000000,1.000000
04ea4d8dde1371b4,100%,100,91-100,100%,100,91-100,markdown,markdown,True,1.000000,1.000000,1.000000,1.000000,1.000000,1.000000,1.000000,0.010076,0.019950,1.000000,1.000000,1.000000,1.000000,1.000000,0.095238,1.000000,2,21,openspec/changes/cluster-automation/proposal.md,same_file,5,False,,,0.000000,0.000000,no supported local structural parser,False,,0,0.000000,0.000000,0.000000,0.000000,disabled,1.000000,1.000000
37639e9183f3c7f5,100%,100,91-100,100%,100,91-100,yaml,yaml_like,True,1.000000,1.000000,1.000000,1.000000,1.000000,1.000000,1.000000,0.356164,0.525253,1.000000,1.000000,1.000000,1.000000,1.000000,0.142857,1.000000,12,7,.pipeline/config.yml,same_file,3,False,,,0.000000,0.000000,no supported local structural parser,False,,0,0.000000,0.000000,0.000000,0.000000,disabled,1.000000,1.000000
b8e151a5e7c9db05,0%,0,0,0%,0,0,yaml,yaml_like,False,0.000000,0.250000,1.000000,0.500000,1.000000,0.000000,0.250000,0.021277,0.039216,1.000000,0.500000,1.000000,0.000000,1.000000,0.076923,0.000000,3,13,.pipeline/config.yml,same_file,4,False,,,0.000000,0.000000,no supported local structural parser,False,,0,0.000000,0.000000,0.000000,0.000000,disabled,1.000000,0.000000
bac8c7dc67cd286a,100%,100,91-100,100%,100,91-100,yaml,yaml_like,True,1.000000,1.000000,1.000000,1.000000,1.000000,1.000000,1.000000,0.356164,0.525253,1.000000,1.000000,1.000000,1.000000,1.000000,0.142857,1.000000,12,7,.pipeline/config.yml,same_file,3,False,,,0.000000,0.000000,no supported local structural parser,False,,0,0.000000,0.000000,0.000000,0.000000,disabled,1.000000,1.000000
2b6af7b5b476e38e,100%,100,91-100,100%,100,91-100,yaml,yaml_like,True,1.000000,1.000000,1.000000,1.000000,1.000000,1.000000,1.000000,0.211712,0.349442,1.000000,1.000000,1.000000,1.000000,1.000000,0.148148,1.000000,14,27,chart/templates/deployment.yaml,same_file,5,False,,,0.000000,0.000000,no supported local structural parser,False,,0,0.000000,0.000000,0.000000,0.000000,disabled,1.000000,1.000000
a1dbff3f7eff1b14,mostly,80,71-80,mostly,82,81-90,yaml,yaml_like,False,0.000000,0.933333,1.000000,0.933333,1.000000,0.000000,0.933333,0.172840,0.291667,1.000000,0.933333,1.000000,0.000000,1.000000,0.111111,0.800000,5,9,chart/templates/secret.yaml,same_file,5,False,,,0.000000,0.000000,no supported local structural parser,False,,0,0.000000,0.000000,0.000000,0.000000,disabled,1.000000,0.000000
bc2628c5bee1772e,100%,100,91-100,100%,100,91-100,markdown,markdown,True,1.000000,1.000000,1.000000,1.000000,1.000000,1.000000,1.000000,0.003268,0.006515,1.000000,1.000000,1.000000,1.000000,1.000000,0.009615,1.000000,4,104,CLAUDE.md,same_file,1,False,,,0.000000,0.000000,no supported local structural parser,False,,0,0.000000,0.000000,0.000000,0.000000,disabled,1.000000,1.000000
eea2dbb7248bc9cc,100%,100,91-100,mostly,82,81-90,text,regex,False,0.000000,0.750000,1.000000,0.750000,1.000000,0.000000,0.750000,0.120000,0.206897,1.000000,0.750000,1.000000,0.000000,1.000000,0.125000,0.666667,3,8,.gitignore,same_file,7,False,,,0.000000,0.000000,no supported local structural parser,False,,0,0.000000,0.000000,0.000000,0.000000,disabled,1.000000,0.000000
996b6a496fafaf75,100%,100,91-100,mostly,82,81-90,text,regex,False,0.000000,0.750000,1.000000,0.750000,1.000000,0.000000,0.750000,0.120000,0.206897,1.000000,0.750000,1.000000,0.000000,1.000000,0.125000,0.666667,3,8,.gitignore,same_file,7,False,,,0.000000,0.000000,no supported local structural parser,False,,0,0.000000,0.000000,0.000000,0.000000,disabled,1.000000,0.000000
