example_id,label,expected_landed_percentage,expected_percentage_bucket,predicted_label,predicted_percentage,predicted_percentage_bucket,suggestion_language,tokenizer,exact_normalized_match,line_recall,token_recall,identifier_normalized_token_recall,literal_normalized_token_recall,identifier_and_literal_normalized_token_recall,best_added_line_overlap,best_hunk_token_recall,best_hunk_token_precision,best_hunk_token_f1,best_hunk_identifier_normalized_recall,best_hunk_literal_normalized_recall,best_hunk_identifier_and_literal_normalized_recall,best_hunk_contiguous_line_ratio,best_hunk_token_lcs_recall,best_hunk_size_ratio,meaningful_anchor_recall,meaningful_anchor_count,best_hunk_size,best_hunk_file,best_hunk_candidate_type,candidate_hunk_count,structural_available,structural_engine,structural_language,structural_similarity,structural_node_recall,structural_error,gumtree_available,gumtree_language,gumtree_operation_count,gumtree_insert_ratio,gumtree_delete_ratio,gumtree_update_ratio,gumtree_move_ratio,gumtree_error,file_overlap_ratio,changed_line_overlap_ratio
4cd17d7210f1d44c,100%,100,91-100,100%,100,91-100,javascript,pygments,True,1.000000,1.000000,1.000000,1.000000,1.000000,1.000000,1.000000,1.000000,1.000000,1.000000,1.000000,1.000000,1.000000,1.000000,1.000000,1.000000,3,1,GDJS/tests/tests/Extensions/testspriteruntimeobject.js,same_file,1,True,tree_sitter,javascript,1.000000,1.000000,,False,,0,0.000000,0.000000,0.000000,0.000000,disabled,1.000000,1.000000
df8df776d03104b9,100%,100,91-100,100%,100,91-100,javascript,pygments,True,1.000000,1.000000,1.000000,1.000000,1.000000,1.000000,1.000000,1.000000,1.000000,1.000000,1.000000,1.000000,1.000000,1.000000,1.000000,1.000000,4,1,newIDE/app/src/Utils/GDevelopServices/Tutorial.js,same_file,1,True,tree_sitter,javascript,1.000000,1.000000,,False,,0,0.000000,0.000000,0.000000,0.000000,disabled,1.000000,1.000000
7186e02bba1d1f02,partial,36,31-40,partial,55,51-60,typescript,pygments,False,0.285714,0.846154,0.897436,0.846154,0.897436,0.285714,0.846154,0.500000,0.628571,0.897436,0.846154,0.897436,0.142857,0.871795,0.857143,0.833333,12,6,GDJS/Runtime/pixi-renderers/pixi-image-manager.ts,same_file,3,True,tree_sitter,typescript,0.906250,0.906250,,False,,0,0.000000,0.000000,0.000000,0.000000,disabled,1.000000,0.285700
f134b46dced33312,100%,100,91-100,100%,100,91-100,cpp,pygments,True,1.000000,1.000000,1.000000,1.000000,1.000000,1.000000,1.000000,1.000000,1.000000,1.000000,1.000000,1.000000,1.000000,1.000000,1.000000,1.000000,9,1,Core/GDCore/Project/Layer.cpp,same_file,1,True,tree_sitter,cpp,1.000000,1.000000,,False,,0,0.000000,0.000000,0.000000,0.000000,disabled,1.000000,1.000000
b69cfae6585cc713,mostly,70,61-70,mostly,82,81-90,cpp,pygments,False,0.000000,0.900000,1.000000,0.900000,1.000000,0.000000,0.900000,0.900000,0.900000,1.000000,0.900000,1.000000,0.000000,1.000000,1.000000,0.750000,4,1,Core/GDCore/Extensions/Metadata/ParameterMetadataTools.cpp,same_file,4,True,tree_sitter,cpp,1.000000,1.000000,,False,,0,0.000000,0.000000,0.000000,0.000000,disabled,1.000000,0.000000
5410d52810a5c331,0%,0,0,0%,0,0,javascript,pygments,False,0.000000,0.588235,1.000000,0.588235,1.000000,0.000000,0.588235,0.208333,0.307692,1.000000,0.588235,1.000000,0.000000,0.941176,0.090909,0.222222,9,11,newIDE/app/src/EventsBasedObjectEditor/index.js,same_file,4,True,tree_sitter,javascript,0.916667,0.916667,,False,,0,0.000000,0.000000,0.000000,0.000000,disabled,1.000000,0.000000
389f75d5e99249e8,partial,45,41-50,mostly,82,81-90,javascript,pygments,False,0.000000,0.933333,1.000000,0.933333,1.000000,0.000000,0.933333,0.823529,0.875000,1.000000,0.933333,1.000000,0.000000,1.000000,0.333333,0.875000,8,3,newIDE/app/src/EventsFunctionsList/EventsBasedObjectTreeViewItemContent.js,same_file,2,True,tree_sitter,javascript,1.000000,1.000000,,False,,0,0.000000,0.000000,0.000000,0.000000,disabled,1.000000,0.000000
e8d9a574d827f4d3,partial,22,21-30,partial,55,51-60,javascript,pygments,False,0.200000,0.428571,0.428571,0.428571,0.428571,0.200000,0.428571,1.000000,0.600000,0.428571,0.428571,0.428571,0.200000,0.428571,0.200000,0.363636,11,1,newIDE/app/src/EventsBasedBehaviorEditor/EventsBasedBehaviorPropertiesEditor.js,same_file,1,True,tree_sitter,javascript,0.315789,0.315789,,False,,0,0.000000,0.000000,0.000000,0.000000,disabled,1.000000,0.200000
14c45213ad94ded9,100%,100,91-100,100%,100,91-100,javascript,pygments,True,1.000000,1.000000,1.000000,1.000000,1.000000,1.000000,1.000000,0.473684,0.642857,1.000000,1.000000,1.000000,1.000000,1.000000,0.500000,1.000000,2,2,Extensions/TextInput/JsExtension.js,same_file,4,True,tree_sitter,javascript,1.000000,1.000000,,False,,0,0.000000,0.000000,0.000000,0.000000,disabled,1.000000,1.000000
d437bedd31d52014,100%,100,91-100,100%,100,91-100,javascript,pygments,True,1.000000,1.000000,1.000000,1.000000,1.000000,1.000000,1.000000,0.526316,0.689655,1.000000,1.000000,1.000000,1.000000,1.000000,0.500000,1.000000,4,2,Extensions/TextInput/JsExtension.js,same_file,4,True,tree_sitter,javascript,1.000000,1.000000,,False,,0,0.000000,0.000000,0.000000,0.000000,disabled,1.000000,1.000000
3c25abfe8f27780e,0%,0,0,0%,0,0,typescript,pygments,False,0.000000,0.200000,0.800000,0.200000,0.800000,0.000000,0.200000,0.011111,0.021053,0.800000,0.200000,0.800000,0.000000,0.800000,0.142857,0.000000,3,7,Extensions/TextInput/textinputruntimeobject-pixi-renderer.ts,same_file,2,True,tree_sitter,typescript,0.333333,0.333333,,False,,0,0.000000,0.000000,0.000000,0.000000,disabled,1.000000,0.000000
6afa2e5143c51be9,100%,100,91-100,100%,100,91-100,typescript,pygments,True,1.000000,1.000000,1.000000,1.000000,1.000000,1.000000,1.000000,0.400000,0.571429,1.000000,1.000000,1.000000,1.000000,1.000000,0.500000,1.000000,1,2,Extensions/TextInput/textinputruntimeobject.ts,same_file,4,True,tree_sitter,typescript,1.000000,1.000000,,False,,0,0.000000,0.000000,0.000000,0.000000,disabled,1.000000,1.000000
ec153757a9d407af,mostly,67,61-70,mostly,88,81-90,typescript,pygments,False,0.666667,1.000000,1.000000,1.000000,1.000000,0.666667,1.000000,0.400000,0.571429,1.000000,1.000000,1.000000,0.666667,1.000000,0.750000,1.000000,5,4,Extensions/TextInput/textinputruntimeobject-pixi-renderer.ts,same_file,5,True,tree_sitter,typescript,0.923077,0.923077,,False,,0,0.000000,0.000000,0.000000,0.000000,disabled,1.000000,0.666700
df33327eca448d47,100%,100,91-100,100%,100,91-100,javascript,pygments,True,1.000000,1.000000,1.000000,1.000000,1.000000,1.000000,1.000000,1.000000,1.000000,1.000000,1.000000,1.000000,1.000000,1.000000,1.000000,1.000000,14,1,Extensions/TextInput/JsExtension.js,same_file,1,True,tree_sitter,javascript,1.000000,1.000000,,False,,0,0.000000,0.000000,0.000000,0.000000,disabled,1.000000,1.000000
cd8a4b62c7fca75d,partial,45,41-50,100%,100,91-100,typescript,pygments,True,0.000000,1.000000,1.000000,1.000000,1.000000,0.000000,1.000000,0.680000,0.809524,1.000000,1.000000,1.000000,0.000000,1.000000,1.000000,1.000000,6,1,Extensions/TextInput/textinputruntimeobject-pixi-renderer.ts,same_file,1,True,tree_sitter,typescript,1.000000,1.000000,,False,,0,0.000000,0.000000,0.000000,0.000000,disabled,1.000000,0.000000
d1a6976fcd1926e1,partial,40,31-40,mostly,61,61-70,javascript,pygments,False,0.000000,0.357143,0.500000,0.357143,0.500000,0.000000,0.357143,0.714286,0.476190,0.500000,0.357143,0.500000,0.000000,0.500000,0.500000,0.166667,6,2,newIDE/app/src/EventsSheet/ParameterFields/VariableField.js,same_file,1,True,tree_sitter,javascript,0.461538,0.461538,,False,,0,0.000000,0.000000,0.000000,0.000000,disabled,1.000000,0.000000
c078a94cd8edef43,0%,0,0,mostly,82,81-90,typescript,pygments,False,0.000000,0.928571,0.964286,0.928571,0.964286,0.000000,0.928571,0.145251,0.251208,0.964286,0.928571,0.964286,0.000000,0.928571,0.120000,0.900000,10,25,Extensions/3D/Cube3DRuntimeObjectPixiRenderer.ts,same_file,2,True,tree_sitter,typescript,0.923077,0.923077,,False,,0,0.000000,0.000000,0.000000,0.000000,disabled,1.000000,0.000000
4b7fb01d5a55b031,0%,0,0,mostly,72,71-80,typescript,pygments,False,0.000000,0.916667,1.000000,0.916667,1.000000,0.000000,0.833333,0.066667,0.123457,1.000000,0.833333,1.000000,0.000000,1.000000,0.083333,0.600000,5,24,Extensions/3D/Cube3DRuntimeObjectPixiRenderer.ts,same_file,3,True,tree_sitter,typescript,1.000000,1.000000,,False,,0,0.000000,0.000000,0.000000,0.000000,disabled,1.000000,0.000000
c9cbceb64d919140,100%,97,91-100,mostly,88,81-90,javascript,pygments,False,0.666667,1.000000,1.000000,1.000000,1.000000,0.666667,1.000000,0.461538,0.631579,1.000000,1.000000,1.000000,0.666667,1.000000,0.500000,1.000000,16,6,Extensions/3D/JsExtension.js,same_file,1,True,tree_sitter,javascript,0.928571,0.928571,,False,,0,0.000000,0.000000,0.000000,0.000000,disabled,1.000000,0.666700
b20bee588840dabf,100%,100,91-100,100%,100,91-100,javascript,pygments,True,1.000000,1.000000,1.000000,1.000000,1.000000,1.000000,1.000000,0.256410,0.408163,1.000000,1.000000,1.000000,1.000000,1.000000,0.166667,1.000000,5,6,Extensions/3D/JsExtension.js,same_file,1,True,tree_sitter,javascript,0.933333,0.933333,,False,,0,0.000000,0.000000,0.000000,0.000000,disabled,1.000000,1.000000
8961069ac4abf068,100%,90,81-90,mostly,82,81-90,javascript,pygments,False,0.000000,0.958333,1.000000,0.958333,1.000000,0.000000,0.958333,0.261364,0.410714,1.000000,0.958333,1.000000,0.000000,0.958333,0.142857,0.923077,13,7,Extensions/AdMob/JsExtension.js,neighboring_same_file,3,True,tree_sitter,javascript,1.000000,1.000000,,False,,0,0.000000,0.000000,0.000000,0.000000,disabled,1.000000,0.000000
3d7574a43b9ff863,100%,100,91-100,100%,100,91-100,javascript,pygments,True,1.000000,1.000000,1.000000,1.000000,1.000000,1.000000,1.000000,1.000000,1.000000,1.000000,1.000000,1.000000,1.000000,1.000000,1.000000,1.000000,8,1,newIDE/app/src/AssetStore/NewObjectDialog.js,same_file,1,True,tree_sitter,javascript,1.000000,1.000000,,False,,0,0.000000,0.000000,0.000000,0.000000,disabled,1.000000,1.000000
3fe50f8d257172d3,100%,100,91-100,100%,100,91-100,javascript,pygments,True,1.000000,1.000000,1.000000,1.000000,1.000000,1.000000,1.000000,0.882353,0.937500,1.000000,1.000000,1.000000,1.000000,1.000000,0.500000,1.000000,8,2,newIDE/app/src/AssetStore/NewObjectDialog.js,same_file,1,True,tree_sitter,javascript,0.857143,0.857143,,False,,0,0.000000,0.000000,0.000000,0.000000,disabled,1.000000,1.000000
d39b00a13ed904a1,100%,100,91-100,100%,100,91-100,javascript,pygments,True,1.000000,1.000000,1.000000,1.000000,1.000000,1.000000,1.000000,1.000000,1.000000,1.000000,1.000000,1.000000,1.000000,1.000000,1.000000,1.000000,3,1,newIDE/app/src/Utils/GDevelopServices/Asset.js,same_file,1,True,tree_sitter,javascript,1.000000,1.000000,,False,,0,0.000000,0.000000,0.000000,0.000000,disabled,1.000000,1.000000
4737c34cfe47495e,mostly,70,61-70,mostly,67,61-70,javascript,pygments,False,0.000000,0.812500,0.812500,0.875000,0.812500,0.000000,0.812500,0.433333,0.565217,0.812500,0.875000,0.812500,0.000000,0.687500,0.333333,0.857143,7,3,newIDE/app/src/InAppTutorial/BlockingLayerWithHoles.js,same_file,4,True,tree_sitter,javascript,0.857143,0.857143,,False,,0,0.000000,0.000000,0.000000,0.000000,disabled,1.000000,0.000000
b154923e6fcfd101,0%,0,0,0%,0,0,javascript,pygments,False,0.000000,0.666667,1.000000,0.666667,1.000000,0.000000,0.666667,0.023256,0.044944,1.000000,0.666667,1.000000,0.000000,1.000000,0.058824,0.000000,2,17,newIDE/app/src/MainFrame/EditorContainers/HomePage/PlaySection/GamesPlatformFrame.js,same_file,2,True,tree_sitter,javascript,1.000000,1.000000,,False,,0,0.000000,0.000000,0.000000,0.000000,disabled,1.000000,0.000000
dbb493267fe87e05,100%,100,91-100,100%,100,91-100,javascript,pygments,True,1.000000,1.000000,1.000000,1.000000,1.000000,1.000000,1.000000,0.193548,0.324324,1.000000,1.000000,1.000000,1.000000,1.000000,0.125000,1.000000,3,8,newIDE/app/src/MainFrame/index.js,same_file,2,True,tree_sitter,javascript,1.000000,1.000000,,False,,0,0.000000,0.000000,0.000000,0.000000,disabled,1.000000,1.000000
60fa7ba71fcd1fd2,100%,100,91-100,100%,100,91-100,javascript,pygments,True,1.000000,1.000000,1.000000,1.000000,1.000000,1.000000,1.000000,1.000000,1.000000,1.000000,1.000000,1.000000,1.000000,1.000000,1.000000,1.000000,5,1,newIDE/app/src/MainFrame/index.js,same_file,1,True,tree_sitter,javascript,1.000000,1.000000,,False,,0,0.000000,0.000000,0.000000,0.000000,disabled,1.000000,1.000000
4702e4776e462412,100%,100,91-100,100%,100,91-100,javascript,pygments,True,1.000000,1.000000,1.000000,1.000000,1.000000,1.000000,1.000000,0.081633,0.150943,1.000000,1.000000,1.000000,1.000000,1.000000,0.090909,1.000000,1,11,newIDE/app/src/MainFrame/index.js,same_file,1,True,tree_sitter,javascript,1.000000,1.000000,,False,,0,0.000000,0.000000,0.000000,0.000000,disabled,1.000000,1.000000
45422b1207b4e89d,0%,0,0,mostly,82,81-90,javascript,pygments,False,0.000000,0.933333,1.000000,0.933333,1.000000,0.000000,0.933333,0.411765,0.571429,1.000000,0.933333,1.000000,0.000000,1.000000,0.250000,0.923077,13,4,newIDE/app/src/GameDashboard/GameAnalyticsPanel.js,same_file,2,True,tree_sitter,javascript,1.000000,1.000000,,False,,0,0.000000,0.000000,0.000000,0.000000,disabled,1.000000,0.000000
8fe2e2675934ad33,partial,45,41-50,mostly,82,81-90,javascript,pygments,False,0.000000,1.000000,1.000000,1.000000,1.000000,0.000000,1.000000,0.521739,0.685714,1.000000,1.000000,1.000000,0.000000,1.000000,0.333333,1.000000,10,3,newIDE/app/src/GameDashboard/GameAnalyticsPanel.js,same_file,4,True,tree_sitter,javascript,1.000000,1.000000,,False,,0,0.000000,0.000000,0.000000,0.000000,disabled,1.000000,0.000000
6cf332abbff94fb3,0%,0,0,0%,0,0,javascript,pygments,False,0.000000,0.000000,0.157895,0.000000,0.157895,0.000000,0.000000,0.000000,0.000000,0.157895,0.000000,0.157895,0.000000,0.157895,0.200000,0.000000,14,1,newIDE/app/src/GameDashboard/GameAnalyticsPanel.js,same_file,2,True,tree_sitter,javascript,0.250000,0.250000,,False,,0,0.000000,0.000000,0.000000,0.000000,disabled,1.000000,0.000000
d9f01f80c689cbbe,partial,25,21-30,partial,50,41-50,javascript,pygments,False,0.250000,0.250000,0.687500,0.250000,0.687500,0.250000,0.250000,0.153846,0.190476,0.625000,0.250000,0.625000,0.250000,0.562500,0.750000,0.272727,11,3,newIDE/app/src/GameDashboard/GameAnalyticsPanel.js,neighboring_same_file,5,True,tree_sitter,javascript,0.375000,0.375000,,False,,0,0.000000,0.000000,0.000000,0.000000,disabled,1.000000,0.250000
732a5235577856a0,100%,100,91-100,100%,100,91-100,javascript,pygments,True,1.000000,1.000000,1.000000,1.000000,1.000000,1.000000,1.000000,1.000000,1.000000,1.000000,1.000000,1.000000,1.000000,1.000000,1.000000,1.000000,9,1,Extensions/PlatformBehavior/tests/JumpAndFallingPlatformer.spec.js,same_file,1,True,tree_sitter,javascript,1.000000,1.000000,,False,,0,0.000000,0.000000,0.000000,0.000000,disabled,1.000000,1.000000
84f5d213955e16c5,partial,45,41-50,mostly,82,81-90,cpp,pygments,False,0.000000,1.000000,1.000000,1.000000,1.000000,0.000000,1.000000,0.923077,0.960000,1.000000,1.000000,1.000000,0.000000,1.000000,0.500000,1.000000,12,2,Extensions/PlatformBehavior/PlatformerObjectBehavior.cpp,same_file,3,True,tree_sitter,cpp,1.000000,1.000000,,False,,0,0.000000,0.000000,0.000000,0.000000,disabled,1.000000,0.000000
7b0f1884ae0c71ac,100%,100,91-100,100%,100,91-100,javascript,regex,True,1.000000,1.000000,1.000000,1.000000,1.000000,1.000000,1.000000,1.000000,1.000000,1.000000,1.000000,1.000000,1.000000,1.000000,1.000000,1.000000,6,1,newIDE/app/src/ObjectEditor/Editors/CustomObjectPropertiesEditor/index.js,same_file,1,True,tree_sitter,javascript,1.000000,1.000000,,False,,0,0.000000,0.000000,0.000000,0.000000,disabled,1.000000,1.000000
e130331cd4717104,100%,100,91-100,100%,100,91-100,javascript,regex,True,1.000000,1.000000,1.000000,1.000000,1.000000,1.000000,1.000000,1.000000,1.000000,1.000000,1.000000,1.000000,1.000000,1.000000,1.000000,1.000000,6,1,newIDE/app/src/ObjectEditor/Editors/CustomObjectPropertiesEditor/index.js,same_file,1,True,tree_sitter,javascript,1.000000,1.000000,,False,,0,0.000000,0.000000,0.000000,0.000000,disabled,1.000000,1.000000
bf166ea291ceea14,100%,100,91-100,100%,100,91-100,typescript,pygments,True,1.000000,1.000000,1.000000,1.000000,1.000000,1.000000,1.000000,1.000000,1.000000,1.000000,1.000000,1.000000,1.000000,1.000000,1.000000,1.000000,5,1,GDJS/Runtime/ResourceManager.ts,same_file,1,True,tree_sitter,typescript,1.000000,1.000000,,False,,0,0.000000,0.000000,0.000000,0.000000,disabled,1.000000,1.000000
ceb5acdf30f767c8,100%,100,91-100,100%,100,91-100,javascript,pygments,True,1.000000,1.000000,1.000000,1.000000,1.000000,1.000000,1.000000,1.000000,1.000000,1.000000,1.000000,1.000000,1.000000,1.000000,1.000000,1.000000,12,1,newIDE/app/src/AssetStore/ExtensionStore/InstallExtension.js,same_file,6,True,tree_sitter,javascript,1.000000,1.000000,,False,,0,0.000000,0.000000,0.000000,0.000000,disabled,1.000000,1.000000
5364d16aaefa972f,100%,100,91-100,100%,100,91-100,javascript,pygments,True,1.000000,1.000000,1.000000,1.000000,1.000000,1.000000,1.000000,1.000000,1.000000,1.000000,1.000000,1.000000,1.000000,1.000000,1.000000,1.000000,7,4,newIDE/app/src/ChoicesEditor/index.js,same_file,2,True,tree_sitter,javascript,1.000000,1.000000,,False,,0,0.000000,0.000000,0.000000,0.000000,disabled,1.000000,1.000000
8847de6cfa50e361,mostly,70,61-70,mostly,82,81-90,javascript,pygments,False,0.000000,0.764706,0.764706,0.764706,0.764706,0.000000,0.764706,1.000000,0.866667,0.764706,0.764706,0.764706,0.000000,0.764706,1.000000,0.833333,6,1,newIDE/app/src/AssetStore/BehaviorStore/BehaviorStoreContext.js,same_file,1,True,tree_sitter,javascript,0.833333,0.833333,,False,,0,0.000000,0.000000,0.000000,0.000000,disabled,1.000000,0.000000
b037adb45fd6bc1e,partial,59,51-60,partial,55,51-60,cpp,regex,False,0.250000,1.000000,1.000000,1.000000,1.000000,0.250000,1.000000,0.965517,0.982456,1.000000,1.000000,1.000000,0.250000,0.928571,0.800000,1.000000,32,5,Core/GDCore/Events/CodeGeneration/EventsCodeGenerator.cpp,same_file,2,True,tree_sitter,cpp,1.000000,1.000000,,False,,0,0.000000,0.000000,0.000000,0.000000,disabled,1.000000,0.250000
d41057d1700e298d,100%,100,91-100,mostly,82,81-90,javascript,pygments,False,0.000000,1.000000,1.000000,1.000000,1.000000,0.000000,1.000000,0.981132,0.990476,1.000000,1.000000,1.000000,0.000000,1.000000,1.000000,1.000000,21,1,newIDE/app/src/EditorFunctions/index.js,same_file,1,True,tree_sitter,javascript,1.000000,1.000000,,False,,0,0.000000,0.000000,0.000000,0.000000,disabled,1.000000,0.000000
7ec15053fc500ee1,100%,100,91-100,100%,100,91-100,typescript,regex,True,1.000000,1.000000,1.000000,1.000000,1.000000,1.000000,1.000000,1.000000,1.000000,1.000000,1.000000,1.000000,1.000000,1.000000,1.000000,1.000000,6,1,GDJS/Runtime/pixi-renderers/pixi-bitmapfont-manager.ts,same_file,1,True,tree_sitter,typescript,1.000000,1.000000,,False,,0,0.000000,0.000000,0.000000,0.000000,disabled,1.000000,1.000000
49c96b8ff4cc0265,100%,100,91-100,100%,100,91-100,javascript,pygments,True,1.000000,1.000000,1.000000,1.000000,1.000000,1.000000,1.000000,1.000000,1.000000,1.000000,1.000000,1.000000,1.000000,1.000000,1.000000,1.000000,4,1,newIDE/app/src/EditorFunctions/index.js,same_file,1,True,tree_sitter,javascript,1.000000,1.000000,,False,,0,0.000000,0.000000,0.000000,0.000000,disabled,1.000000,1.000000
959d73bf17213d0f,100%,100,91-100,100%,100,91-100,javascript,pygments,True,1.000000,1.000000,1.000000,1.000000,1.000000,1.000000,1.000000,0.583333,0.736842,1.000000,1.000000,1.000000,1.000000,1.000000,0.142857,1.000000,10,7,newIDE/app/src/EditorFunctions/index.js,same_file,2,True,tree_sitter,javascript,1.000000,1.000000,,False,,0,0.000000,0.000000,0.000000,0.000000,disabled,1.000000,1.000000
64a26779f906dd47,100%,100,91-100,100%,100,91-100,typescript,pygments,True,1.000000,1.000000,1.000000,1.000000,1.000000,1.000000,1.000000,1.000000,1.000000,1.000000,1.000000,1.000000,1.000000,1.000000,1.000000,1.000000,4,1,GDJS/Runtime/pixi-renderers/pixi-bitmapfont-manager.ts,same_file,2,True,tree_sitter,typescript,1.000000,1.000000,,False,,0,0.000000,0.000000,0.000000,0.000000,disabled,1.000000,1.000000
0e32b8caadf9bc43,100%,100,91-100,100%,100,91-100,typescript,pygments,True,1.000000,1.000000,1.000000,1.000000,1.000000,1.000000,1.000000,1.000000,1.000000,1.000000,1.000000,1.000000,1.000000,1.000000,1.000000,1.000000,4,1,GDJS/Runtime/pixi-renderers/pixi-bitmapfont-manager.ts,same_file,2,True,tree_sitter,typescript,1.000000,1.000000,,False,,0,0.000000,0.000000,0.000000,0.000000,disabled,1.000000,1.000000
5612ccd651443f80,100%,100,91-100,100%,100,91-100,javascript,pygments,True,1.000000,1.000000,1.000000,1.000000,1.000000,1.000000,1.000000,1.000000,1.000000,1.000000,1.000000,1.000000,1.000000,1.000000,1.000000,1.000000,2,1,newIDE/app/src/SceneEditor/index.js,same_file,1,True,tree_sitter,javascript,1.000000,1.000000,,False,,0,0.000000,0.000000,0.000000,0.000000,disabled,1.000000,1.000000
184dddbc0750c6a4,100%,100,91-100,100%,100,91-100,cpp,regex,True,1.000000,0.000000,0.818182,0.000000,0.818182,1.000000,0.000000,0.000000,0.000000,0.818182,0.000000,0.818182,1.000000,0.818182,0.111111,0.000000,9,9,Core/GDCore/IDE/InstructionValidator.cpp,same_file,2,True,tree_sitter,cpp,1.000000,1.000000,,False,,0,0.000000,0.000000,0.000000,0.000000,disabled,1.000000,1.000000
5d6825f45ebf20dd,100%,100,91-100,100%,100,91-100,cpp,regex,True,1.000000,0.074074,0.666667,0.074074,0.666667,1.000000,0.074074,0.076923,0.075472,0.518519,0.074074,0.518519,1.000000,0.444444,0.333333,0.000000,12,6,Core/GDCore/IDE/InstructionValidator.cpp,same_file,5,True,tree_sitter,cpp,1.000000,1.000000,,False,,0,0.000000,0.000000,0.000000,0.000000,disabled,1.000000,1.000000
fc95be84637a7c7a,100%,100,91-100,100%,100,91-100,cpp,regex,True,1.000000,0.000000,0.789474,0.000000,0.789474,1.000000,0.000000,0.000000,0.000000,0.631579,0.000000,0.631579,1.000000,0.631579,0.166667,0.000000,10,6,Core/GDCore/IDE/InstructionValidator.cpp,same_file,5,True,tree_sitter,cpp,1.000000,1.000000,,False,,0,0.000000,0.000000,0.000000,0.000000,disabled,1.000000,1.000000
3b374c4dfeacefc9,100%,100,91-100,100%,100,91-100,cpp,pygments,True,1.000000,1.000000,1.000000,1.000000,1.000000,1.000000,1.000000,0.169014,0.289157,1.000000,1.000000,1.000000,1.000000,1.000000,0.125000,1.000000,6,8,Core/GDCore/IDE/InstructionValidator.cpp,same_file,3,True,tree_sitter,cpp,1.000000,1.000000,,False,,0,0.000000,0.000000,0.000000,0.000000,disabled,1.000000,1.000000
6c5fa40f9d6baa5e,100%,100,91-100,100%,100,91-100,cpp,pygments,True,1.000000,1.000000,1.000000,1.000000,1.000000,1.000000,1.000000,1.000000,1.000000,1.000000,1.000000,1.000000,1.000000,1.000000,1.000000,1.000000,4,1,Core/GDCore/Project/Effect.cpp,same_file,1,True,tree_sitter,cpp,1.000000,1.000000,,False,,0,0.000000,0.000000,0.000000,0.000000,disabled,1.000000,1.000000
808448b88dbb88db,100%,90,81-90,mostly,82,81-90,typescript,pygments,False,0.000000,1.000000,1.000000,1.000000,1.000000,0.000000,1.000000,1.000000,1.000000,1.000000,1.000000,1.000000,0.000000,1.000000,0.333333,1.000000,10,3,GDJS/Runtime/howler-sound-manager/howler-sound-manager.ts,same_file,2,True,tree_sitter,typescript,1.000000,1.000000,,False,,0,0.000000,0.000000,0.000000,0.000000,disabled,1.000000,0.000000
29d58a5698e55fdc,partial,45,41-50,mostly,82,81-90,typescript,pygments,False,0.000000,0.958333,1.000000,0.958333,1.000000,0.000000,0.958333,0.958333,0.958333,1.000000,0.958333,1.000000,0.000000,1.000000,0.333333,0.909091,11,3,GDJS/Runtime/pixi-renderers/pixi-bitmapfont-manager.ts,same_file,2,True,tree_sitter,typescript,1.000000,1.000000,,False,,0,0.000000,0.000000,0.000000,0.000000,disabled,1.000000,0.000000
0b201f517dfa9fab,100%,100,91-100,100%,100,91-100,javascript,pygments,True,1.000000,1.000000,1.000000,1.000000,1.000000,1.000000,1.000000,0.183333,0.309859,1.000000,1.000000,1.000000,1.000000,1.000000,0.200000,1.000000,5,5,newIDE/app/src/Utils/ProjectSettingsReader.js,same_file,3,True,tree_sitter,javascript,1.000000,1.000000,,False,,0,0.000000,0.000000,0.000000,0.000000,disabled,1.000000,1.000000
c328ff71b3af6bf4,100%,100,91-100,100%,100,91-100,javascript,pygments,True,1.000000,1.000000,1.000000,1.000000,1.000000,1.000000,1.000000,1.000000,1.000000,1.000000,1.000000,1.000000,1.000000,1.000000,1.000000,1.000000,1,1,newIDE/app/src/PropertiesEditor/PropertiesMapToSchema.js,same_file,1,True,tree_sitter,javascript,1.000000,1.000000,,False,,0,0.000000,0.000000,0.000000,0.000000,disabled,1.000000,1.000000
04f8511321a14249,0%,0,0,mostly,72,71-80,javascript,pygments,False,0.000000,1.000000,1.000000,1.000000,1.000000,0.000000,1.000000,0.084211,0.155340,1.000000,1.000000,1.000000,0.000000,1.000000,0.040000,1.000000,6,25,newIDE/app/src/UI/SoundPlayer/CompactSoundPlayer.js,same_file,3,True,tree_sitter,javascript,1.000000,1.000000,,False,,0,0.000000,0.000000,0.000000,0.000000,disabled,1.000000,0.000000
5b612e4b586589b5,mostly,70,61-70,mostly,72,71-80,javascript,pygments,False,0.000000,0.928571,1.000000,0.928571,1.000000,0.000000,0.928571,0.064356,0.120370,1.000000,0.928571,1.000000,0.000000,1.000000,0.038462,0.833333,6,26,newIDE/app/src/UI/SoundPlayer/CompactSoundPlayer.js,same_file,3,True,tree_sitter,javascript,0.928571,0.928571,,False,,0,0.000000,0.000000,0.000000,0.000000,disabled,1.000000,0.000000
a14332921a1b8585,100%,100,91-100,100%,100,91-100,javascript,pygments,True,1.000000,1.000000,1.000000,1.000000,1.000000,1.000000,1.000000,0.400000,0.571429,1.000000,1.000000,1.000000,1.000000,1.000000,0.500000,1.000000,4,2,newIDE/app/src/LayersList/index.js,same_file,3,True,tree_sitter,javascript,1.000000,1.000000,,False,,0,0.000000,0.000000,0.000000,0.000000,disabled,1.000000,1.000000
61d9829dd9b5b5bf,partial,50,41-50,mostly,80,71-80,javascript,pygments,False,0.500000,0.863636,1.000000,0.863636,1.000000,0.500000,0.863636,0.703704,0.775510,1.000000,0.863636,1.000000,0.500000,0.909091,0.666667,0.625000,8,3,newIDE/app/src/LayersList/index.js,neighboring_same_file,3,True,tree_sitter,javascript,1.000000,1.000000,,False,,0,0.000000,0.000000,0.000000,0.000000,disabled,1.000000,0.500000
61d3d6becfa2be62,partial,44,41-50,mostly,82,81-90,text,pygments,False,0.333333,0.384615,0.384615,0.384615,0.384615,0.333333,0.384615,1.000000,0.555556,0.384615,0.384615,0.384615,0.333333,0.384615,0.333333,0.300000,10,1,Source/Alamofire.swift,same_file,1,False,,,0.000000,0.000000,no supported local structural parser,False,,0,0.000000,0.000000,0.000000,0.000000,disabled,1.000000,0.333300
54467dca4c9c4016,mostly,84,81-90,mostly,82,81-90,text,pygments,False,0.333333,0.950000,0.950000,0.950000,0.950000,0.333333,0.950000,1.000000,0.974359,0.950000,0.950000,0.950000,0.333333,0.950000,0.666667,1.000000,10,2,Source/Download.swift,same_file,5,False,,,0.000000,0.000000,no supported local structural parser,False,,0,0.000000,0.000000,0.000000,0.000000,disabled,1.000000,0.333300
1cef3b6a90d89d8e,mostly,70,61-70,mostly,76,71-80,text,pygments,False,0.000000,0.954545,0.954545,0.954545,0.954545,0.000000,0.909091,0.370370,0.526316,0.954545,0.909091,0.954545,0.000000,0.863636,0.333333,0.900000,10,3,Source/ResponseSerialization.swift,same_file,7,False,,,0.000000,0.000000,no supported local structural parser,False,,0,0.000000,0.000000,0.000000,0.000000,disabled,1.000000,0.000000
cd3b6261dd89d4c2,0%,0,0,partial,56,51-60,text,pygments,False,0.000000,0.750000,0.750000,0.791667,0.791667,0.000000,0.583333,0.636364,0.608696,0.625000,0.583333,0.625000,0.000000,0.625000,1.000000,0.714286,7,1,Source/ResponseSerialization.swift,same_file,7,False,,,0.000000,0.000000,no supported local structural parser,False,,0,0.000000,0.000000,0.000000,0.000000,disabled,1.000000,0.000000
026588fd2c91f73c,mostly,70,61-70,mostly,80,71-80,text,pygments,False,0.000000,0.956522,0.956522,0.956522,0.956522,0.000000,0.913043,0.488372,0.636364,0.956522,0.913043,0.956522,0.000000,0.913043,0.500000,0.888889,9,2,Source/ResponseSerialization.swift,neighboring_same_file,7,False,,,0.000000,0.000000,no supported local structural parser,False,,0,0.000000,0.000000,0.000000,0.000000,disabled,1.000000,0.000000
85cc77b7401ac27f,partial,53,51-60,mostly,83,81-90,text,pygments,False,0.500000,0.647059,0.823529,0.647059,0.823529,0.500000,0.764706,0.722222,0.742857,0.941176,0.764706,0.941176,0.500000,0.941176,1.000000,0.571429,7,4,Source/Manager.swift,same_file,4,False,,,0.000000,0.000000,no supported local structural parser,False,,0,0.000000,0.000000,0.000000,0.000000,disabled,1.000000,0.500000
439f6615759bad97,partial,57,51-60,mostly,72,71-80,text,pygments,False,0.500000,0.789474,0.947368,0.789474,0.947368,0.500000,0.789474,0.789474,0.789474,0.947368,0.789474,0.947368,0.500000,0.684211,0.750000,0.666667,9,3,Source/TaskDelegate.swift,same_file,1,False,,,0.000000,0.000000,no supported local structural parser,False,,0,0.000000,0.000000,0.000000,0.000000,disabled,1.000000,0.500000
fb0a6f5cb5ff5c0e,partial,22,21-30,partial,49,41-50,text,pygments,False,0.200000,0.392857,0.500000,0.392857,0.500000,0.200000,0.392857,0.578947,0.468085,0.500000,0.392857,0.500000,0.200000,0.428571,0.600000,0.375000,16,3,Source/TaskDelegate.swift,same_file,2,False,,,0.000000,0.000000,no supported local structural parser,False,,0,0.000000,0.000000,0.000000,0.000000,disabled,1.000000,0.200000
b254fff997e200c8,100%,100,91-100,100%,100,91-100,text,pygments,True,1.000000,1.000000,1.000000,1.000000,1.000000,1.000000,1.000000,1.000000,1.000000,1.000000,1.000000,1.000000,1.000000,1.000000,1.000000,1.000000,15,5,Tests/ResultTests.swift,same_file,5,False,,,0.000000,0.000000,no supported local structural parser,False,,0,0.000000,0.000000,0.000000,0.000000,disabled,1.000000,1.000000
33fe1ece98fda613,partial,47,41-50,partial,55,51-60,text,pygments,False,0.500000,0.061538,0.061538,0.061538,0.061538,0.500000,0.061538,1.000000,0.115942,0.061538,0.061538,0.061538,0.166667,0.061538,0.500000,0.000000,14,3,Source/ParameterEncoding.swift,same_file,1,False,,,0.000000,0.000000,no supported local structural parser,False,,0,0.000000,0.000000,0.000000,0.000000,disabled,1.000000,0.500000
41c9729a1a617ef2,partial,42,41-50,mostly,82,81-90,text,pygments,False,0.461538,0.351562,0.351562,0.351562,0.351562,0.461538,0.351562,1.000000,0.520231,0.351562,0.351562,0.351562,0.307692,0.351562,0.461538,0.435897,39,6,Source/SessionManager.swift,same_file,1,False,,,0.000000,0.000000,no supported local structural parser,False,,0,0.000000,0.000000,0.000000,0.000000,disabled,1.000000,0.461500
29ddac2c1df04fd6,mostly,60,51-60,mostly,85,81-90,text,pygments,False,0.600000,0.607143,0.607143,0.607143,0.607143,0.600000,0.607143,1.000000,0.755556,0.607143,0.607143,0.607143,0.600000,0.607143,0.600000,0.619048,21,3,Tests/ResponseTests.swift,same_file,2,False,,,0.000000,0.000000,no supported local structural parser,False,,0,0.000000,0.000000,0.000000,0.000000,disabled,1.000000,0.600000
7f586f319bca7992,partial,32,31-40,partial,55,51-60,text,pygments,False,0.333333,0.133333,0.133333,0.133333,0.133333,0.333333,0.133333,1.000000,0.235294,0.133333,0.133333,0.133333,0.166667,0.133333,0.333333,0.000000,4,2,Tests/SessionManagerTests.swift,same_file,1,False,,,0.000000,0.000000,no supported local structural parser,False,,0,0.000000,0.000000,0.000000,0.000000,disabled,1.000000,0.333300
dfa7bbff3f82e76c,mostly,87,81-90,mostly,87,81-90,text,pygments,False,0.826087,0.933962,0.933962,0.933962,0.933962,0.826087,0.933962,1.000000,0.965854,0.933962,0.933962,0.933962,0.782609,0.933962,0.826087,0.957447,47,19,Tests/UploadTests.swift,same_file,3,False,,,0.000000,0.000000,no supported local structural parser,False,,0,0.000000,0.000000,0.000000,0.000000,disabled,1.000000,0.826100
fa41c33cd449e41c,partial,22,21-30,partial,55,51-60,text,pygments,False,0.210526,0.238636,0.238636,0.238636,0.238636,0.210526,0.238636,1.000000,0.385321,0.238636,0.238636,0.238636,0.210526,0.238636,0.210526,0.243902,41,4,Source/TaskDelegate.swift,same_file,2,False,,,0.000000,0.000000,no supported local structural parser,False,,0,0.000000,0.000000,0.000000,0.000000,disabled,1.000000,0.210500
fc926b5a2fe7b0ca,100%,90,81-90,100%,100,91-100,text,pygments,True,0.000000,1.000000,1.000000,1.000000,1.000000,0.000000,1.000000,0.458333,0.628571,1.000000,1.000000,1.000000,0.000000,1.000000,0.066667,1.000000,6,15,Source/CachedResponseHandler.swift,same_file,3,False,,,0.000000,0.000000,no supported local structural parser,False,,0,0.000000,0.000000,0.000000,0.000000,disabled,1.000000,0.000000
807c7c29790b94c1,0%,0,0,0%,0,0,text,pygments,False,0.000000,0.333333,0.666667,0.333333,0.666667,0.000000,0.000000,0.000000,0.000000,0.666667,0.000000,0.666667,0.000000,0.666667,0.500000,0.000000,4,4,Source/RequestTaskMap.swift,same_file,3,False,,,0.000000,0.000000,no supported local structural parser,False,,0,0.000000,0.000000,0.000000,0.000000,disabled,1.000000,0.000000
aeee0b6b686fa23b,100%,93,91-100,mostly,88,81-90,text,pygments,False,0.800000,0.875000,1.000000,0.875000,1.000000,0.800000,0.875000,0.437500,0.583333,1.000000,0.875000,1.000000,0.800000,1.000000,0.416667,0.727273,11,12,Source/ParameterEncoder.swift,same_file,4,False,,,0.000000,0.000000,no supported local structural parser,False,,0,0.000000,0.000000,0.000000,0.000000,disabled,1.000000,0.800000
07f0c1e6b5f06040,100%,100,91-100,100%,100,91-100,text,regex,True,1.000000,1.000000,1.000000,1.000000,1.000000,1.000000,1.000000,1.000000,1.000000,1.000000,1.000000,1.000000,1.000000,1.000000,1.000000,1.000000,10,1,Source/URLEncodedFormEncoder.swift,same_file,3,False,,,0.000000,0.000000,no supported local structural parser,False,,0,0.000000,0.000000,0.000000,0.000000,disabled,1.000000,1.000000
a546681c5937122f,0%,0,0,0%,0,0,text,pygments,False,0.000000,0.714286,1.000000,0.714286,1.000000,0.000000,0.714286,0.004050,0.008054,1.000000,0.714286,1.000000,0.000000,0.952381,0.001908,0.000000,6,524,Tests/ResponseTests.swift,same_file,2,False,,,0.000000,0.000000,no supported local structural parser,False,,0,0.000000,0.000000,0.000000,0.000000,disabled,1.000000,0.000000
670a31f427196bba,100%,100,91-100,100%,100,91-100,text,pygments,True,1.000000,1.000000,1.000000,1.000000,1.000000,1.000000,1.000000,0.138614,0.243478,1.000000,1.000000,1.000000,1.000000,1.000000,0.100000,0.000000,0,10,Source/Protected.swift,same_file,2,False,,,0.000000,0.000000,no supported local structural parser,False,,0,0.000000,0.000000,0.000000,0.000000,disabled,1.000000,1.000000
87ca11d35a7d55ac,mostly,89,81-90,100%,90,81-90,text,pygments,False,0.800000,1.000000,1.000000,1.000000,1.000000,0.800000,1.000000,1.000000,1.000000,1.000000,1.000000,1.000000,0.800000,1.000000,0.800000,1.000000,8,4,Source/Protected.swift,same_file,4,False,,,0.000000,0.000000,no supported local structural parser,False,,0,0.000000,0.000000,0.000000,0.000000,disabled,1.000000,0.800000
b445b1af0f1bcea2,partial,26,21-30,partial,55,51-60,text,pygments,False,0.090909,0.556604,0.783019,0.566038,0.792453,0.090909,0.556604,0.551402,0.553991,0.783019,0.566038,0.792453,0.045455,0.650943,0.500000,0.434783,46,11,Source/Protected.swift,neighboring_same_file,4,False,,,0.000000,0.000000,no supported local structural parser,False,,0,0.000000,0.000000,0.000000,0.000000,disabled,1.000000,0.090900
aa568bf59d4fa1eb,100%,100,91-100,100%,100,91-100,text,pygments,True,1.000000,1.000000,1.000000,1.000000,1.000000,1.000000,1.000000,1.000000,1.000000,1.000000,1.000000,1.000000,1.000000,1.000000,0.250000,1.000000,10,4,Source/ServerTrustEvaluation.swift,same_file,2,False,,,0.000000,0.000000,no supported local structural parser,False,,0,0.000000,0.000000,0.000000,0.000000,disabled,1.000000,1.000000
6ec97cdc2abeeafc,0%,0,0,mostly,67,61-70,text,pygments,False,0.000000,0.764706,0.852941,0.764706,0.852941,0.000000,0.764706,0.426230,0.547368,0.852941,0.764706,0.852941,0.000000,0.764706,0.285714,0.785714,14,14,Source/Session.swift,neighboring_same_file,3,False,,,0.000000,0.000000,no supported local structural parser,False,,0,0.000000,0.000000,0.000000,0.000000,disabled,1.000000,0.000000
701b41e3e9dafee0,100%,100,91-100,100%,100,91-100,text,pygments,True,1.000000,1.000000,1.000000,1.000000,1.000000,1.000000,1.000000,0.062500,0.117647,1.000000,1.000000,1.000000,1.000000,1.000000,0.111111,1.000000,2,9,Tests/UploadTests.swift,same_file,1,False,,,0.000000,0.000000,no supported local structural parser,False,,0,0.000000,0.000000,0.000000,0.000000,disabled,1.000000,1.000000
b4e03ea343462902,100%,100,91-100,100%,100,91-100,text,pygments,True,1.000000,1.000000,1.000000,1.000000,1.000000,1.000000,1.000000,0.166667,0.285714,1.000000,1.000000,1.000000,1.000000,1.000000,0.111111,1.000000,6,9,Tests/UploadTests.swift,same_file,1,False,,,0.000000,0.000000,no supported local structural parser,False,,0,0.000000,0.000000,0.000000,0.000000,disabled,1.000000,1.000000
c8035bea579a4de6,100%,100,91-100,100%,100,91-100,text,pygments,True,1.000000,1.000000,1.000000,1.000000,1.000000,1.000000,1.000000,0.269231,0.424242,1.000000,1.000000,1.000000,1.000000,1.000000,0.125000,1.000000,13,8,Tests/UploadTests.swift,same_file,3,False,,,0.000000,0.000000,no supported local structural parser,False,,0,0.000000,0.000000,0.000000,0.000000,disabled,1.000000,1.000000
95c8b23cf3f2de15,100%,100,91-100,100%,100,91-100,text,pygments,True,1.000000,1.000000,1.000000,1.000000,1.000000,1.000000,1.000000,0.154762,0.268041,1.000000,1.000000,1.000000,1.000000,1.000000,0.111111,1.000000,6,9,Tests/UploadTests.swift,same_file,1,False,,,0.000000,0.000000,no supported local structural parser,False,,0,0.000000,0.000000,0.000000,0.000000,disabled,1.000000,1.000000
376c9caa92681781,100%,100,91-100,100%,100,91-100,text,pygments,True,1.000000,1.000000,1.000000,1.000000,1.000000,1.000000,1.000000,0.076923,0.142857,1.000000,1.000000,1.000000,1.000000,1.000000,0.125000,1.000000,3,8,Tests/UploadTests.swift,same_file,3,False,,,0.000000,0.000000,no supported local structural parser,False,,0,0.000000,0.000000,0.000000,0.000000,disabled,1.000000,1.000000
b40abcc167008c98,100%,100,91-100,100%,100,91-100,text,pygments,True,1.000000,1.000000,1.000000,1.000000,1.000000,1.000000,1.000000,0.076923,0.142857,1.000000,1.000000,1.000000,1.000000,1.000000,0.125000,1.000000,3,8,Tests/UploadTests.swift,same_file,3,False,,,0.000000,0.000000,no supported local structural parser,False,,0,0.000000,0.000000,0.000000,0.000000,disabled,1.000000,1.000000
a517a58250a032ed,100%,100,91-100,100%,100,91-100,text,regex,True,1.000000,0.047619,0.380952,0.047619,0.380952,1.000000,0.047619,0.066667,0.055556,0.380952,0.047619,0.380952,1.000000,0.380952,0.500000,0.076923,13,2,Source/ParameterEncoding.swift,same_file,1,False,,,0.000000,0.000000,no supported local structural parser,False,,0,0.000000,0.000000,0.000000,0.000000,disabled,1.000000,1.000000
cdf9fcd70e3e7d31,100%,100,91-100,100%,100,91-100,text,pygments,True,1.000000,1.000000,1.000000,1.000000,1.000000,1.000000,1.000000,1.000000,1.000000,1.000000,1.000000,1.000000,1.000000,1.000000,1.000000,1.000000,7,1,Source/URLEncodedFormEncoder.swift,same_file,1,False,,,0.000000,0.000000,no supported local structural parser,False,,0,0.000000,0.000000,0.000000,0.000000,disabled,1.000000,1.000000
b7f9123846c24470,100%,100,91-100,100%,100,91-100,text,pygments,True,1.000000,1.000000,1.000000,1.000000,1.000000,1.000000,1.000000,1.000000,1.000000,1.000000,1.000000,1.000000,1.000000,1.000000,1.000000,1.000000,7,1,Source/ParameterEncoding.swift,same_file,4,False,,,0.000000,0.000000,no supported local structural parser,False,,0,0.000000,0.000000,0.000000,0.000000,disabled,1.000000,1.000000
c7b7a7faec42a330,100%,100,91-100,100%,100,91-100,text,pygments,True,1.000000,1.000000,1.000000,1.000000,1.000000,1.000000,1.000000,1.000000,1.000000,1.000000,1.000000,1.000000,1.000000,1.000000,1.000000,1.000000,7,2,Source/ParameterEncoding.swift,same_file,4,False,,,0.000000,0.000000,no supported local structural parser,False,,0,0.000000,0.000000,0.000000,0.000000,disabled,1.000000,1.000000
6073f74990a1437b,100%,100,91-100,100%,100,91-100,text,pygments,True,1.000000,1.000000,1.000000,1.000000,1.000000,1.000000,1.000000,1.000000,1.000000,1.000000,1.000000,1.000000,1.000000,1.000000,1.000000,1.000000,3,1,Tests/ParameterEncoderTests.swift,same_file,1,False,,,0.000000,0.000000,no supported local structural parser,False,,0,0.000000,0.000000,0.000000,0.000000,disabled,1.000000,1.000000
0788fb19ea70a119,100%,100,91-100,100%,100,91-100,python,python,True,1.000000,1.000000,1.000000,1.000000,1.000000,1.000000,1.000000,0.288889,0.448276,1.000000,1.000000,1.000000,1.000000,1.000000,0.125000,1.000000,3,8,openhands/runtime/impl/docker/docker_runtime.py,same_file,3,True,python_ast,python,1.000000,1.000000,,False,,0,0.000000,0.000000,0.000000,0.000000,disabled,1.000000,1.000000
f51f881d184dd122,100%,100,91-100,100%,100,91-100,python,python,True,1.000000,1.000000,1.000000,1.000000,1.000000,1.000000,1.000000,1.000000,1.000000,1.000000,1.000000,1.000000,1.000000,1.000000,1.000000,1.000000,1,1,openhands/llm/llm.py,same_file,1,True,python_ast,python,1.000000,1.000000,,False,,0,0.000000,0.000000,0.000000,0.000000,disabled,1.000000,1.000000
2dd9e4467237bfe5,100%,100,91-100,100%,100,91-100,python,python,True,1.000000,1.000000,1.000000,1.000000,1.000000,1.000000,1.000000,1.000000,1.000000,1.000000,1.000000,1.000000,1.000000,1.000000,1.000000,1.000000,4,1,third_party/runtime/impl/modal/modal_runtime.py,same_file,1,True,python_ast,python,1.000000,1.000000,,False,,0,0.000000,0.000000,0.000000,0.000000,disabled,1.000000,1.000000
0f0b6fc6daa8fbea,100%,100,91-100,100%,100,91-100,python,python,True,1.000000,1.000000,1.000000,1.000000,1.000000,1.000000,1.000000,1.000000,1.000000,1.000000,1.000000,1.000000,1.000000,1.000000,1.000000,1.000000,4,1,third_party/runtime/impl/modal/modal_runtime.py,same_file,1,True,python_ast,python,1.000000,1.000000,,False,,0,0.000000,0.000000,0.000000,0.000000,disabled,1.000000,1.000000
c443341734fec35e,partial,20,11-20,partial,51,51-60,typescript,pygments,False,0.000000,0.545455,0.666667,0.545455,0.666667,0.000000,0.545455,0.529412,0.537313,0.666667,0.545455,0.666667,0.000000,0.575758,0.857143,0.333333,6,7,frontend/vitest.setup.ts,same_file,1,True,tree_sitter,typescript,0.586207,0.586207,,False,,0,0.000000,0.000000,0.000000,0.000000,disabled,1.000000,0.000000
14c034f70c19d763,100%,100,91-100,100%,100,91-100,python,python,True,1.000000,1.000000,1.000000,1.000000,1.000000,1.000000,1.000000,1.000000,1.000000,1.000000,1.000000,1.000000,1.000000,1.000000,1.000000,1.000000,4,1,openhands/core/config/toml_writer.py,same_file,1,False,python_ast,python,0.000000,0.000000,SyntaxError: unterminated triple-quoted string literal (detected at line 2),False,,0,0.000000,0.000000,0.000000,0.000000,disabled,1.000000,1.000000
0a8696f0f1a1b801,100%,100,91-100,100%,100,91-100,python,python,True,1.000000,0.000000,0.000000,0.000000,0.000000,1.000000,0.000000,0.000000,0.000000,0.000000,0.000000,0.000000,1.000000,0.000000,1.000000,0.000000,0,1,openhands/server/session/__init__.py,same_file,1,True,python_ast,python,1.000000,1.000000,,False,,0,0.000000,0.000000,0.000000,0.000000,disabled,1.000000,1.000000
384163525d7ae765,mostly,78,71-80,mostly,81,81-90,typescript,pygments,False,0.700000,0.881720,0.935484,0.881720,0.935484,0.700000,0.860215,0.941176,0.898876,0.881720,0.860215,0.881720,0.300000,0.870968,0.909091,0.800000,25,11,frontend/src/routes/settings.tsx,same_file,4,True,tree_sitter,typescript,0.838235,0.838235,,False,,0,0.000000,0.000000,0.000000,0.000000,disabled,1.000000,0.700000
d3930dc8390e5b16,mostly,70,61-70,mostly,82,81-90,python,python,False,0.000000,0.928571,1.000000,0.928571,1.000000,0.000000,0.928571,0.309524,0.464286,1.000000,0.928571,1.000000,0.000000,1.000000,0.166667,0.833333,6,6,openhands/security/grayswan/analyzer.py,same_file,4,True,python_ast,python,1.000000,1.000000,,False,,0,0.000000,0.000000,0.000000,0.000000,disabled,1.000000,0.000000
36f4c32cac9b3848,partial,22,21-30,partial,55,51-60,typescript,pygments,False,0.333333,0.117647,0.117647,0.117647,0.117647,0.333333,0.117647,1.000000,0.210526,0.117647,0.117647,0.117647,0.166667,0.117647,0.333333,0.181818,11,2,frontend/src/ui/card.tsx,same_file,1,True,tree_sitter,typescript,0.166667,0.166667,,False,,0,0.000000,0.000000,0.000000,0.000000,disabled,1.000000,0.333300
86b33787f2cb364f,partial,33,31-40,mostly,82,81-90,python,python,False,0.333333,1.000000,1.000000,1.000000,1.000000,0.333333,1.000000,0.106667,0.192771,1.000000,1.000000,1.000000,0.333333,0.937500,0.120000,1.000000,7,25,openhands/agenthub/codeact_agent/tools/str_replace_editor.py,same_file,1,True,python_ast,python,1.000000,1.000000,,False,,0,0.000000,0.000000,0.000000,0.000000,disabled,1.000000,0.333300
797c4ecd49be3e03,0%,0,0,0%,0,0,typescript,pygments,False,0.000000,0.315789,0.631579,0.315789,0.631579,0.000000,0.263158,0.147059,0.188679,0.578947,0.263158,0.578947,0.000000,0.526316,0.100000,0.000000,4,10,frontend/src/hooks/use-auto-resize.ts,same_file,4,True,tree_sitter,typescript,0.400000,0.400000,,False,,0,0.000000,0.000000,0.000000,0.000000,disabled,1.000000,0.000000
3a0c291f80f8a628,0%,0,0,partial,26,21-30,typescript,pygments,False,0.000000,0.139535,0.279070,0.139535,0.279070,0.000000,0.139535,0.300000,0.190476,0.279070,0.139535,0.279070,0.000000,0.255814,0.777778,0.062500,16,9,frontend/src/hooks/use-auto-resize.ts,same_file,2,True,tree_sitter,typescript,0.184211,0.184211,,False,,0,0.000000,0.000000,0.000000,0.000000,disabled,1.000000,0.000000
0a9de208fd0ae201,0%,0,0,partial,53,51-60,typescript,pygments,False,0.000000,0.400000,0.600000,0.400000,0.600000,0.000000,0.400000,0.153846,0.222222,0.600000,0.400000,0.600000,0.000000,0.600000,1.000000,0.500000,2,1,frontend/src/hooks/use-drag-resize.ts,same_file,2,True,tree_sitter,typescript,0.333333,0.333333,,False,,0,0.000000,0.000000,0.000000,0.000000,disabled,1.000000,0.000000
3763b0f60752dfd4,100%,100,91-100,100%,100,91-100,python,python,True,1.000000,1.000000,1.000000,1.000000,1.000000,1.000000,1.000000,1.000000,1.000000,1.000000,1.000000,1.000000,1.000000,1.000000,1.000000,1.000000,2,1,openhands-cli/openhands_cli/tui/settings/settings_screen.py,same_file,1,True,python_ast,python,1.000000,1.000000,,False,,0,0.000000,0.000000,0.000000,0.000000,disabled,1.000000,1.000000
1da1ec130ce63c67,100%,100,91-100,100%,100,91-100,python,python,True,1.000000,1.000000,1.000000,1.000000,1.000000,1.000000,1.000000,1.000000,1.000000,1.000000,1.000000,1.000000,1.000000,1.000000,1.000000,0.000000,0,1,openhands-cli/openhands_cli/agent_chat.py,same_file,1,True,python_ast,python,1.000000,1.000000,,False,,0,0.000000,0.000000,0.000000,0.000000,disabled,1.000000,1.000000
556cd9453b9d1bc1,100%,100,91-100,100%,100,91-100,python,python,True,1.000000,1.000000,1.000000,1.000000,1.000000,1.000000,1.000000,1.000000,1.000000,1.000000,1.000000,1.000000,1.000000,1.000000,1.000000,1.000000,1,1,openhands-cli/openhands_cli/simple_main.py,same_file,3,True,python_ast,python,1.000000,1.000000,,False,,0,0.000000,0.000000,0.000000,0.000000,disabled,1.000000,1.000000
ac9f9e9c3b5d4975,mostly,70,61-70,mostly,82,81-90,typescript,pygments,False,0.000000,1.000000,1.000000,1.000000,1.000000,0.000000,1.000000,0.818182,0.900000,1.000000,1.000000,1.000000,0.000000,1.000000,1.000000,1.000000,3,1,frontend/src/components/features/home/git-repo-dropdown/git-repo-dropdown.tsx,same_file,1,True,tree_sitter,typescript,0.875000,0.875000,,False,,0,0.000000,0.000000,0.000000,0.000000,disabled,1.000000,0.000000
89aa3564c476c90d,100%,100,91-100,100%,100,91-100,python,python,True,1.000000,1.000000,1.000000,1.000000,1.000000,1.000000,1.000000,1.000000,1.000000,1.000000,1.000000,1.000000,1.000000,1.000000,1.000000,1.000000,3,1,openhands/server/session/session.py,same_file,1,False,python_ast,python,0.000000,0.000000,SyntaxError: '(' was never closed,False,,0,0.000000,0.000000,0.000000,0.000000,disabled,1.000000,1.000000
f3371d86a0aa9eef,100%,100,91-100,100%,100,91-100,python,python,True,1.000000,1.000000,1.000000,1.000000,1.000000,1.000000,1.000000,1.000000,1.000000,1.000000,1.000000,1.000000,1.000000,1.000000,1.000000,1.000000,4,1,openhands-cli/openhands_cli/user_actions/agent_action.py,same_file,1,True,python_ast,python,1.000000,1.000000,,False,,0,0.000000,0.000000,0.000000,0.000000,disabled,1.000000,1.000000
982b3882aa2fd385,100%,100,91-100,100%,100,91-100,python,python,True,1.000000,0.928571,0.928571,0.928571,0.928571,1.000000,1.000000,0.608696,0.756757,1.000000,1.000000,1.000000,1.000000,1.000000,0.200000,1.000000,6,5,openhands/resolver/send_pull_request.py,same_file,3,True,python_ast,python,1.000000,1.000000,,False,,0,0.000000,0.000000,0.000000,0.000000,disabled,1.000000,1.000000
f0559989db4b5654,0%,0,0,0%,0,0,typescript,pygments,False,0.000000,0.333333,0.833333,0.333333,0.833333,0.000000,0.333333,0.055556,0.095238,0.833333,0.333333,0.833333,0.000000,0.833333,0.100000,0.000000,3,10,frontend/src/utils/utils.ts,same_file,2,True,tree_sitter,typescript,0.285714,0.285714,,False,,0,0.000000,0.000000,0.000000,0.000000,disabled,1.000000,0.000000
ea3b2f9fe4712ce8,0%,0,0,0%,0,0,python,python,False,0.000000,0.312500,0.687500,0.312500,0.687500,0.000000,0.312500,0.217391,0.256410,0.687500,0.312500,0.687500,0.000000,0.562500,0.500000,0.000000,6,2,enterprise/server/routes/billing.py,same_file,4,True,python_ast,python,0.550000,0.550000,,False,,0,0.000000,0.000000,0.000000,0.000000,disabled,1.000000,0.000000
bddfd164865ddddb,0%,0,0,0%,0,0,python,python,False,0.000000,0.750000,1.000000,0.750000,1.000000,0.000000,0.750000,0.108434,0.189474,1.000000,0.750000,1.000000,0.000000,0.833333,0.272727,0.250000,4,11,openhands-cli/openhands_cli/setup.py,same_file,2,True,python_ast,python,0.769231,0.769231,,False,,0,0.000000,0.000000,0.000000,0.000000,disabled,1.000000,0.000000
cba5a2afd1d01553,100%,100,91-100,100%,100,91-100,python,python,True,1.000000,1.000000,1.000000,1.000000,1.000000,1.000000,1.000000,1.000000,1.000000,1.000000,1.000000,1.000000,1.000000,1.000000,1.000000,1.000000,2,1,openhands-cli/build.py,same_file,1,True,python_ast,python,1.000000,1.000000,,False,,0,0.000000,0.000000,0.000000,0.000000,disabled,1.000000,1.000000
d859929c7d66bc81,100%,100,91-100,100%,100,91-100,python,python,True,1.000000,0.000000,0.000000,0.000000,0.000000,1.000000,0.000000,0.000000,0.000000,0.000000,0.000000,0.000000,1.000000,0.000000,1.000000,0.000000,0,3,openhands-cli/tests/commands/test_new_command.py,same_file,1,True,python_ast,python,1.000000,1.000000,,False,,0,0.000000,0.000000,0.000000,0.000000,disabled,1.000000,1.000000
36f03706235bdca8,100%,100,91-100,100%,100,91-100,typescript,pygments,True,1.000000,1.000000,1.000000,1.000000,1.000000,1.000000,1.000000,1.000000,1.000000,1.000000,1.000000,1.000000,1.000000,1.000000,1.000000,1.000000,3,1,frontend/src/components/features/conversation/conversation-tabs/conversation-tabs.tsx,same_file,1,True,tree_sitter,typescript,1.000000,1.000000,,False,,0,0.000000,0.000000,0.000000,0.000000,disabled,1.000000,1.000000
8e07e2979418ef34,100%,100,91-100,100%,100,91-100,typescript,pygments,True,1.000000,1.000000,1.000000,1.000000,1.000000,1.000000,1.000000,1.000000,1.000000,1.000000,1.000000,1.000000,1.000000,1.000000,1.000000,1.000000,1,1,frontend/src/components/features/conversation/conversation-tabs/conversation-tabs.tsx,same_file,1,True,tree_sitter,typescript,1.000000,1.000000,,False,,0,0.000000,0.000000,0.000000,0.000000,disabled,1.000000,1.000000
dafb38dc8d2004b9,partial,50,41-50,mostly,76,71-80,typescript,pygments,False,0.500000,0.851852,1.000000,0.851852,1.000000,0.500000,0.851852,0.264368,0.403509,1.000000,0.851852,1.000000,0.500000,0.740741,0.285714,0.600000,10,7,frontend/src/context/ws-client-provider.tsx,neighboring_same_file,4,True,tree_sitter,typescript,0.888889,0.888889,,False,,0,0.000000,0.000000,0.000000,0.000000,disabled,1.000000,0.500000
f2a543399a927dfa,0%,0,0,0%,0,0,typescript,pygments,False,0.000000,0.352941,0.705882,0.352941,0.705882,0.000000,0.352941,0.162162,0.222222,0.705882,0.352941,0.705882,0.000000,0.529412,0.200000,0.142857,7,5,frontend/src/entry.client.tsx,same_file,1,True,tree_sitter,typescript,0.357143,0.357143,,False,,0,0.000000,0.000000,0.000000,0.000000,disabled,1.000000,0.000000
9e2daed8d5f16608,partial,56,51-60,mostly,81,81-90,typescript,pygments,False,0.666667,0.846154,0.923077,0.846154,0.923077,0.333333,0.846154,0.440000,0.578947,0.923077,0.846154,0.923077,0.333333,0.923077,0.600000,0.666667,3,5,frontend/src/entry.client.tsx,neighboring_same_file,3,True,tree_sitter,typescript,0.900000,0.900000,,False,,0,0.000000,0.000000,0.000000,0.000000,disabled,1.000000,0.666700
029739864ef85065,partial,56,51-60,mostly,85,81-90,typescript,pygments,False,0.666667,0.769231,0.846154,0.769231,0.846154,0.666667,0.692308,1.000000,0.818182,0.692308,0.692308,0.692308,0.333333,0.692308,0.333333,0.666667,3,1,frontend/src/entry.client.tsx,same_file,3,True,tree_sitter,typescript,0.800000,0.800000,,False,,0,0.000000,0.000000,0.000000,0.000000,disabled,1.000000,0.666700
1c574e37d37dced8,0%,0,0,mostly,64,61-70,typescript,pygments,False,0.000000,0.500000,0.722222,0.500000,0.722222,0.000000,0.500000,0.123288,0.197802,0.722222,0.500000,0.722222,0.000000,0.722222,0.181818,0.500000,8,11,frontend/src/components/features/conversation-panel/conversation-panel.tsx,neighboring_same_file,4,True,tree_sitter,typescript,0.588235,0.588235,,False,,0,0.000000,0.000000,0.000000,0.000000,disabled,1.000000,0.000000
bb7a7beb4459f7c1,0%,0,0,0%,0,0,python,python,False,0.000000,0.400000,1.000000,0.400000,1.000000,0.000000,0.400000,0.125000,0.190476,1.000000,0.400000,1.000000,0.000000,1.000000,0.500000,0.250000,4,2,openhands/app_server/app_conversation/live_status_app_conversation_service.py,same_file,3,False,python_ast,python,0.000000,0.000000,SyntaxError: invalid syntax,False,,0,0.000000,0.000000,0.000000,0.000000,disabled,1.000000,0.000000
285bec4194625d3b,partial,25,21-30,partial,55,51-60,typescript,pygments,False,0.250000,0.363636,0.381818,0.363636,0.381818,0.250000,0.363636,0.952381,0.526316,0.381818,0.363636,0.381818,0.125000,0.327273,0.500000,0.333333,21,4,frontend/src/utils/utils.ts,neighboring_same_file,3,True,tree_sitter,typescript,0.378378,0.378378,,False,,0,0.000000,0.000000,0.000000,0.000000,disabled,1.000000,0.250000
0bf6ca9327c17876,100%,100,91-100,100%,100,91-100,typescript,pygments,True,1.000000,1.000000,1.000000,1.000000,1.000000,1.000000,1.000000,1.000000,1.000000,1.000000,1.000000,1.000000,1.000000,1.000000,1.000000,1.000000,2,1,frontend/src/components/features/settings/settings-navigation.tsx,same_file,3,True,tree_sitter,typescript,1.000000,1.000000,,False,,0,0.000000,0.000000,0.000000,0.000000,disabled,1.000000,1.000000
0d957a9d6200075f,100%,100,91-100,100%,100,91-100,typescript,pygments,True,1.000000,1.000000,1.000000,1.000000,1.000000,1.000000,1.000000,1.000000,1.000000,1.000000,1.000000,1.000000,1.000000,1.000000,1.000000,0.000000,0,1,frontend/src/components/features/settings/settings-navigation.tsx,same_file,3,True,tree_sitter,typescript,1.000000,1.000000,,False,,0,0.000000,0.000000,0.000000,0.000000,disabled,1.000000,1.000000
3fcb63d95b5f3189,partial,56,51-60,mostly,80,71-80,typescript,pygments,False,0.666667,0.913043,0.956522,0.913043,0.956522,0.666667,0.913043,0.875000,0.893617,0.956522,0.913043,0.956522,0.333333,0.826087,1.000000,0.857143,7,3,frontend/src/hooks/mutation/use-accept-tos.ts,neighboring_same_file,3,True,tree_sitter,typescript,0.866667,0.866667,,False,,0,0.000000,0.000000,0.000000,0.000000,disabled,1.000000,0.666700
a42f23a902db423a,partial,44,41-50,mostly,76,71-80,typescript,pygments,False,0.333333,0.888889,1.000000,0.888889,1.000000,0.333333,0.888889,0.333333,0.484848,1.000000,0.888889,1.000000,0.333333,0.666667,1.000000,0.750000,4,3,frontend/src/hooks/mutation/use-accept-tos.ts,neighboring_same_file,5,True,tree_sitter,typescript,0.375000,0.375000,,False,,0,0.000000,0.000000,0.000000,0.000000,disabled,1.000000,0.333300
38ec44bbe983fb0e,100%,100,91-100,100%,100,91-100,python,python,True,1.000000,0.000000,0.000000,0.000000,0.000000,1.000000,0.000000,0.000000,0.000000,0.000000,0.000000,0.000000,1.000000,0.000000,1.000000,0.000000,0,1,openhands/storage/settings/file_settings_store.py,same_file,1,True,python_ast,python,1.000000,1.000000,,False,,0,0.000000,0.000000,0.000000,0.000000,disabled,1.000000,1.000000
c0689572c2aa635c,partial,45,41-50,mostly,72,71-80,typescript,pygments,False,0.000000,0.950000,1.000000,0.950000,1.000000,0.000000,0.950000,0.012752,0.025166,1.000000,0.950000,1.000000,0.000000,1.000000,0.005208,0.857143,7,192,frontend/__tests__/components/interactive-chat-box.test.tsx,same_file,1,True,tree_sitter,typescript,1.000000,1.000000,,False,,0,0.000000,0.000000,0.000000,0.000000,disabled,1.000000,0.000000
917f8e357a2a88bb,0%,0,0,mostly,72,71-80,typescript,pygments,False,0.000000,0.909091,1.000000,0.909091,1.000000,0.000000,0.909091,0.013342,0.026298,1.000000,0.909091,1.000000,0.000000,1.000000,0.005181,0.714286,7,193,frontend/__tests__/components/interactive-chat-box.test.tsx,same_file,1,True,tree_sitter,typescript,0.944444,0.944444,,False,,0,0.000000,0.000000,0.000000,0.000000,disabled,1.000000,0.000000
5c304baf268ea446,100%,100,91-100,100%,100,91-100,typescript,pygments,True,1.000000,1.000000,1.000000,1.000000,1.000000,1.000000,1.000000,1.000000,1.000000,1.000000,1.000000,1.000000,1.000000,1.000000,1.000000,1.000000,3,1,frontend/__tests__/components/chat/chat-interface.test.tsx,same_file,2,True,tree_sitter,typescript,1.000000,1.000000,,False,,0,0.000000,0.000000,0.000000,0.000000,disabled,1.000000,1.000000
1758c6fd5e2b39d4,100%,100,91-100,100%,100,91-100,typescript,pygments,True,1.000000,1.000000,1.000000,1.000000,1.000000,1.000000,1.000000,1.000000,1.000000,1.000000,1.000000,1.000000,1.000000,1.000000,1.000000,1.000000,3,1,frontend/__tests__/components/chat/chat-interface.test.tsx,same_file,2,True,tree_sitter,typescript,1.000000,1.000000,,False,,0,0.000000,0.000000,0.000000,0.000000,disabled,1.000000,1.000000
968e882a79911a77,partial,52,51-60,partial,55,51-60,typescript,pygments,False,0.500000,0.901961,0.960784,0.921569,0.980392,0.500000,0.901961,0.167273,0.282209,0.960784,0.921569,0.980392,0.250000,0.960784,0.129032,0.800000,20,31,frontend/src/components/features/chat/chat-status-indicator.tsx,same_file,1,True,tree_sitter,typescript,0.850000,0.850000,,False,,0,0.000000,0.000000,0.000000,0.000000,disabled,1.000000,0.500000
6fd9be60cb2947c3,100%,100,91-100,100%,100,91-100,typescript,pygments,True,1.000000,1.000000,1.000000,1.000000,1.000000,1.000000,1.000000,1.000000,1.000000,1.000000,1.000000,1.000000,1.000000,1.000000,1.000000,1.000000,1,1,frontend/src/components/features/org/organization-member-list-item.tsx,same_file,2,True,tree_sitter,typescript,1.000000,1.000000,,False,,0,0.000000,0.000000,0.000000,0.000000,disabled,1.000000,1.000000
1fc7f9c70b05e362,100%,100,91-100,100%,100,91-100,typescript,pygments,True,1.000000,1.000000,1.000000,1.000000,1.000000,1.000000,1.000000,1.000000,1.000000,1.000000,1.000000,1.000000,1.000000,1.000000,1.000000,1.000000,4,1,frontend/src/components/features/org/organization-member-role-context-menu.tsx,same_file,4,True,tree_sitter,typescript,1.000000,1.000000,,False,,0,0.000000,0.000000,0.000000,0.000000,disabled,1.000000,1.000000
752f2a62c51b5cd1,100%,100,91-100,100%,100,91-100,typescript,pygments,True,1.000000,1.000000,1.000000,1.000000,1.000000,1.000000,1.000000,1.000000,1.000000,1.000000,1.000000,1.000000,1.000000,1.000000,1.000000,1.000000,4,1,frontend/src/components/features/org/organization-member-role-context-menu.tsx,same_file,7,True,tree_sitter,typescript,1.000000,1.000000,,False,,0,0.000000,0.000000,0.000000,0.000000,disabled,1.000000,1.000000
f6403ae5e414e64f,mostly,70,61-70,mostly,82,81-90,typescript,pygments,False,0.000000,0.916667,1.000000,0.916667,1.000000,0.000000,0.916667,0.916667,0.916667,1.000000,0.916667,1.000000,0.000000,1.000000,1.000000,0.750000,4,1,frontend/src/components/features/org/organization-member-role-context-menu.tsx,same_file,3,True,tree_sitter,typescript,1.000000,1.000000,,False,,0,0.000000,0.000000,0.000000,0.000000,disabled,1.000000,0.000000
a9a857ef6c4900a6,100%,100,91-100,100%,100,91-100,typescript,pygments,True,1.000000,1.000000,1.000000,1.000000,1.000000,1.000000,1.000000,1.000000,1.000000,1.000000,1.000000,1.000000,1.000000,1.000000,1.000000,1.000000,3,1,frontend/__tests__/routes/manage-organization-members.test.tsx,same_file,1,True,tree_sitter,typescript,1.000000,1.000000,,False,,0,0.000000,0.000000,0.000000,0.000000,disabled,1.000000,1.000000
1226c3d61b990646,partial,35,31-40,mostly,76,71-80,typescript,pygments,False,0.000000,0.866667,1.000000,0.866667,1.000000,0.000000,0.866667,0.393939,0.541667,1.000000,0.866667,1.000000,0.000000,0.866667,0.500000,0.666667,6,4,frontend/src/context/use-selected-organization.ts,same_file,1,True,tree_sitter,typescript,0.615385,0.615385,,False,,0,0.000000,0.000000,0.000000,0.000000,disabled,1.000000,0.000000
952fd50ff411d79d,mostly,87,81-90,mostly,86,81-90,typescript,pygments,False,0.666667,0.945946,1.000000,0.945946,1.000000,0.666667,0.945946,0.432099,0.593220,1.000000,0.945946,1.000000,0.666667,0.972973,0.300000,0.866667,15,10,frontend/src/components/shared/buttons/new-project-button.tsx,neighboring_same_file,3,True,tree_sitter,typescript,1.000000,1.000000,,False,,0,0.000000,0.000000,0.000000,0.000000,disabled,1.000000,0.666700
795e78f4e2262434,100%,100,91-100,100%,100,91-100,python,python,True,1.000000,1.000000,1.000000,1.000000,1.000000,1.000000,1.000000,1.000000,1.000000,1.000000,1.000000,1.000000,1.000000,1.000000,1.000000,1.000000,2,1,enterprise/server/constants.py,same_file,1,True,python_ast,python,1.000000,1.000000,,False,,0,0.000000,0.000000,0.000000,0.000000,disabled,1.000000,1.000000
2af5663f8b2005a0,100%,100,91-100,100%,100,91-100,typescript,pygments,True,1.000000,1.000000,1.000000,1.000000,1.000000,1.000000,1.000000,1.000000,1.000000,1.000000,1.000000,1.000000,1.000000,1.000000,1.000000,1.000000,3,1,frontend/__tests__/components/chat/chat-interface.test.tsx,same_file,1,True,tree_sitter,typescript,1.000000,1.000000,,False,,0,0.000000,0.000000,0.000000,0.000000,disabled,1.000000,1.000000
9bf065d12c499655,100%,100,91-100,100%,100,91-100,typescript,pygments,True,1.000000,1.000000,1.000000,1.000000,1.000000,1.000000,1.000000,0.166667,0.285714,1.000000,1.000000,1.000000,1.000000,1.000000,0.142857,1.000000,4,7,frontend/src/components/features/conversation-panel/conversation-card/conversation-card-skeleton.tsx,same_file,1,True,tree_sitter,typescript,0.857143,0.857143,,False,,0,0.000000,0.000000,0.000000,0.000000,disabled,1.000000,1.000000
0b00ab447a6ff107,100%,94,91-100,partial,55,51-60,typescript,pygments,False,0.500000,1.000000,1.000000,1.000000,1.000000,0.500000,1.000000,0.480392,0.649007,1.000000,1.000000,1.000000,0.250000,1.000000,0.571429,1.000000,19,7,frontend/src/components/features/conversation-panel/conversation-card/conversation-card-skeleton.tsx,same_file,1,True,tree_sitter,typescript,1.000000,1.000000,,False,,0,0.000000,0.000000,0.000000,0.000000,disabled,1.000000,0.500000
10539540a4dd7c7d,100%,100,91-100,100%,100,91-100,typescript,pygments,True,1.000000,1.000000,1.000000,1.000000,1.000000,1.000000,1.000000,1.000000,1.000000,1.000000,1.000000,1.000000,1.000000,1.000000,1.000000,1.000000,6,1,frontend/src/components/features/diff-viewer/empty-changes-message.tsx,same_file,1,True,tree_sitter,typescript,1.000000,1.000000,,False,,0,0.000000,0.000000,0.000000,0.000000,disabled,1.000000,1.000000
ce1606a583b8c9ad,100%,100,91-100,100%,100,91-100,python,python,True,1.000000,0.000000,0.000000,0.000000,0.000000,1.000000,0.000000,0.000000,0.000000,0.000000,0.000000,0.000000,1.000000,0.000000,1.000000,0.000000,0,1,enterprise/storage/saas_settings_store.py,same_file,3,True,python_ast,python,1.000000,1.000000,,False,,0,0.000000,0.000000,0.000000,0.000000,disabled,1.000000,1.000000
a92c996a7aeb0e23,partial,37,31-40,partial,55,51-60,typescript,pygments,False,0.444444,0.862745,0.941176,0.862745,0.941176,0.444444,0.862745,0.419048,0.564103,0.941176,0.862745,0.941176,0.111111,0.705882,1.000000,0.600000,10,9,frontend/__tests__/utils/websocket-url.test.ts,neighboring_same_file,3,True,tree_sitter,typescript,0.789474,0.789474,,False,,0,0.000000,0.000000,0.000000,0.000000,disabled,1.000000,0.444400
e953026e3f88ec0b,100%,100,91-100,100%,100,91-100,typescript,pygments,False,1.000000,1.000000,1.000000,1.000000,1.000000,0.800000,0.965116,1.000000,0.982249,0.965116,0.965116,0.965116,0.800000,0.965116,0.800000,1.000000,27,4,frontend/__tests__/utils/websocket-url.test.ts,same_file,3,True,tree_sitter,typescript,1.000000,1.000000,,False,,0,0.000000,0.000000,0.000000,0.000000,disabled,1.000000,1.000000
9d6b6b7c080b4d66,partial,5,1-10,partial,55,51-60,typescript,pygments,False,0.166667,0.846939,0.979592,0.846939,0.979592,0.166667,0.846939,0.320463,0.464986,0.979592,0.846939,0.979592,0.166667,0.795918,0.193548,0.571429,28,31,frontend/__tests__/utils/websocket-url.test.ts,same_file,2,True,tree_sitter,typescript,0.984375,0.984375,,False,,0,0.000000,0.000000,0.000000,0.000000,disabled,1.000000,0.166700
0b2654877ca58686,partial,5,1-10,partial,55,51-60,typescript,pygments,False,0.090909,0.839506,0.962963,0.839506,0.962963,0.090909,0.839506,0.309091,0.451827,0.962963,0.839506,0.962963,0.090909,0.851852,0.523810,0.600000,25,21,frontend/__tests__/utils/websocket-url.test.ts,same_file,2,True,tree_sitter,typescript,0.973684,0.973684,,False,,0,0.000000,0.000000,0.000000,0.000000,disabled,1.000000,0.090900
0659f552a13c3207,100%,100,91-100,100%,100,91-100,typescript,pygments,True,1.000000,1.000000,1.000000,1.000000,1.000000,1.000000,1.000000,0.023499,0.045918,1.000000,1.000000,1.000000,1.000000,1.000000,0.034483,1.000000,7,116,frontend/__tests__/utils/websocket-url.test.ts,same_file,3,True,tree_sitter,typescript,1.000000,1.000000,,False,,0,0.000000,0.000000,0.000000,0.000000,disabled,1.000000,1.000000
86b259de90c8fe84,100%,100,91-100,100%,100,91-100,typescript,pygments,True,1.000000,1.000000,1.000000,1.000000,1.000000,1.000000,1.000000,0.078488,0.145553,1.000000,1.000000,1.000000,1.000000,1.000000,0.111111,1.000000,7,36,frontend/__tests__/utils/websocket-url.test.ts,same_file,2,True,tree_sitter,typescript,0.944444,0.944444,,False,,0,0.000000,0.000000,0.000000,0.000000,disabled,1.000000,1.000000
f4b13b9adb24873b,partial,38,31-40,partial,55,51-60,typescript,pygments,False,0.250000,0.705882,0.882353,0.705882,0.882353,0.250000,0.705882,0.111111,0.192000,0.882353,0.705882,0.882353,0.250000,0.823529,0.166667,0.500000,6,24,frontend/src/utils/conversation-local-storage.ts,same_file,1,True,tree_sitter,typescript,0.818182,0.818182,,False,,0,0.000000,0.000000,0.000000,0.000000,disabled,1.000000,0.250000
e3148169ebffe624,partial,5,1-10,partial,40,31-40,typescript,pygments,False,0.166667,0.300000,0.520000,0.300000,0.520000,0.166667,0.300000,0.272727,0.285714,0.520000,0.300000,0.520000,0.166667,0.360000,0.750000,0.083333,12,8,frontend/src/components/features/conversation/conversation-name.tsx,neighboring_same_file,4,True,tree_sitter,typescript,0.387097,0.387097,,False,,0,0.000000,0.000000,0.000000,0.000000,disabled,1.000000,0.166700
cbd9508fa9f19a0c,0%,0,0,0%,0,0,typescript,pygments,False,0.000000,0.538462,0.692308,0.538462,0.692308,0.000000,0.538462,0.088608,0.152174,0.692308,0.538462,0.692308,0.000000,0.615385,0.166667,0.000000,2,6,frontend/src/components/features/chat/error-message-banner.tsx,neighboring_same_file,5,True,tree_sitter,typescript,0.500000,0.500000,,False,,0,0.000000,0.000000,0.000000,0.000000,disabled,1.000000,0.000000
d8701e9e3e440b0e,100%,100,91-100,100%,100,91-100,typescript,pygments,True,1.000000,1.000000,1.000000,1.000000,1.000000,1.000000,1.000000,0.260000,0.412698,1.000000,1.000000,1.000000,1.000000,1.000000,0.500000,1.000000,5,2,frontend/src/components/features/chat/error-message-banner.tsx,same_file,1,True,tree_sitter,typescript,1.000000,1.000000,,False,,0,0.000000,0.000000,0.000000,0.000000,disabled,1.000000,1.000000
a15386ea399477c7,partial,59,51-60,mostly,79,71-80,typescript,pygments,False,0.600000,0.695652,0.793478,0.695652,0.793478,0.600000,0.684783,0.926471,0.787500,0.728261,0.684783,0.728261,0.533333,0.695652,0.666667,0.606061,33,10,frontend/src/utils/mutate-with-toast.ts,same_file,3,True,tree_sitter,typescript,0.760000,0.760000,,False,,0,0.000000,0.000000,0.000000,0.000000,disabled,1.000000,0.600000
bca92c7429790ab9,partial,55,51-60,partial,55,51-60,typescript,pygments,False,0.375000,0.727273,0.854545,0.727273,0.854545,0.375000,0.727273,0.634921,0.677966,0.854545,0.727273,0.854545,0.250000,0.709091,0.800000,0.611111,18,10,frontend/src/components/features/settings/api-keys-manager.tsx,neighboring_same_file,3,True,tree_sitter,typescript,0.805556,0.805556,,False,,0,0.000000,0.000000,0.000000,0.000000,disabled,1.000000,0.375000
d56150cfb6715ec2,partial,39,31-40,mostly,76,71-80,typescript,pygments,False,0.300000,0.849057,0.886792,0.849057,0.886792,0.300000,0.811321,0.877551,0.843137,0.830189,0.811321,0.830189,0.300000,0.811321,0.500000,0.882353,17,5,frontend/src/components/features/settings/create-api-key-modal.tsx,same_file,3,True,tree_sitter,typescript,0.809524,0.809524,,False,,0,0.000000,0.000000,0.000000,0.000000,disabled,1.000000,0.300000
960b40bcf4102806,partial,40,31-40,partial,55,51-60,typescript,pygments,False,0.222222,0.911111,0.933333,0.911111,0.933333,0.222222,0.866667,0.722222,0.787879,0.888889,0.866667,0.888889,0.222222,0.888889,0.555556,0.923077,13,5,frontend/src/components/features/settings/delete-api-key-modal.tsx,same_file,3,True,tree_sitter,typescript,0.861111,0.861111,,False,,0,0.000000,0.000000,0.000000,0.000000,disabled,1.000000,0.222200
24d57ba728066d39,100%,100,91-100,100%,100,91-100,python,python,True,1.000000,1.000000,1.000000,1.000000,1.000000,1.000000,1.000000,0.073171,0.136364,1.000000,1.000000,1.000000,1.000000,1.000000,0.200000,1.000000,1,5,openhands/integrations/provider.py,same_file,2,False,python_ast,python,0.000000,0.000000,SyntaxError: '(' was never closed,False,,0,0.000000,0.000000,0.000000,0.000000,disabled,1.000000,1.000000
ab16fbe93bb0af4a,0%,0,0,mostly,70,61-70,python,python,False,0.000000,0.800000,0.866667,0.933333,0.933333,0.000000,0.800000,0.292683,0.428571,0.866667,0.933333,0.933333,0.000000,0.800000,0.200000,0.600000,5,5,openhands/integrations/provider.py,same_file,2,True,python_ast,python,0.363636,0.363636,,False,,0,0.000000,0.000000,0.000000,0.000000,disabled,1.000000,0.000000
e6a0d0289daaac72,100%,100,91-100,mostly,82,81-90,python,python,False,0.000000,0.916667,0.916667,1.000000,1.000000,0.000000,0.916667,0.916667,0.916667,0.916667,1.000000,1.000000,0.000000,1.000000,1.000000,0.800000,5,1,openhands/app_server/sandbox/docker_sandbox_service.py,same_file,1,True,python_ast,python,1.000000,1.000000,,False,,0,0.000000,0.000000,0.000000,0.000000,disabled,1.000000,0.000000
b1779d8ce2264abf,0%,0,0,partial,39,31-40,python,python,False,0.000000,0.234043,0.276596,0.340426,0.382979,0.000000,0.234043,0.458333,0.309859,0.276596,0.340426,0.382979,0.000000,0.319149,0.857143,0.066667,15,6,openhands/app_server/sandbox/docker_sandbox_service.py,same_file,2,True,python_ast,python,0.410256,0.410256,,False,,0,0.000000,0.000000,0.000000,0.000000,disabled,1.000000,0.000000
431a4e6dca9dc6f2,mostly,89,81-90,mostly,88,81-90,python,python,False,0.600000,1.000000,1.000000,1.000000,1.000000,0.600000,1.000000,0.958333,0.978723,1.000000,1.000000,1.000000,0.600000,1.000000,0.833333,1.000000,7,6,openhands/app_server/sandbox/docker_sandbox_service.py,same_file,2,True,python_ast,python,0.875000,0.875000,,False,,0,0.000000,0.000000,0.000000,0.000000,disabled,1.000000,0.600000
3f4734fcb8631611,partial,50,41-50,mostly,85,81-90,typescript,pygments,False,0.500000,0.482143,0.482143,0.482143,0.482143,0.500000,0.482143,1.000000,0.650602,0.482143,0.482143,0.482143,0.400000,0.482143,0.500000,0.500000,16,5,frontend/src/contexts/conversation-websocket-context.tsx,same_file,2,True,tree_sitter,typescript,0.547619,0.547619,,False,,0,0.000000,0.000000,0.000000,0.000000,disabled,1.000000,0.500000
eb52fef4935505bb,100%,100,91-100,100%,100,91-100,typescript,pygments,True,1.000000,1.000000,1.000000,1.000000,1.000000,1.000000,1.000000,1.000000,1.000000,1.000000,1.000000,1.000000,1.000000,1.000000,1.000000,1.000000,2,1,frontend/src/api/event-service/event-service.api.ts,same_file,5,True,tree_sitter,typescript,1.000000,1.000000,,False,,0,0.000000,0.000000,0.000000,0.000000,disabled,1.000000,1.000000
58d0598de8ea798f,mostly,70,61-70,mostly,82,81-90,typescript,pygments,False,0.000000,0.833333,1.000000,0.833333,1.000000,0.000000,0.666667,0.666667,0.666667,1.000000,0.666667,1.000000,0.000000,1.000000,1.000000,0.000000,2,1,frontend/src/api/event-service/event-service.api.ts,same_file,5,True,tree_sitter,typescript,1.000000,1.000000,,False,,0,0.000000,0.000000,0.000000,0.000000,disabled,1.000000,0.000000
bfcf3a69cfa10fb6,partial,58,51-60,mostly,77,71-80,typescript,pygments,False,0.400000,0.962963,1.000000,0.962963,1.000000,0.400000,0.962963,0.382353,0.547368,1.000000,0.962963,1.000000,0.400000,0.796296,0.208333,0.857143,14,24,frontend/__tests__/hooks/query/use-conversation-history.test.tsx,neighboring_same_file,3,True,tree_sitter,typescript,1.000000,1.000000,,False,,0,0.000000,0.000000,0.000000,0.000000,disabled,1.000000,0.400000
2db16f0aef453bd3,mostly,64,61-70,partial,55,51-60,typescript,pygments,False,0.600000,0.920000,0.980000,0.940000,0.980000,0.400000,0.860000,0.267081,0.407583,0.980000,0.880000,0.980000,0.200000,0.860000,0.208333,0.615385,13,24,frontend/__tests__/hooks/query/use-conversation-history.test.tsx,same_file,3,True,tree_sitter,typescript,0.976190,0.976190,,False,,0,0.000000,0.000000,0.000000,0.000000,disabled,1.000000,0.600000
19617e3e7e6e2b5a,100%,100,91-100,100%,100,91-100,typescript,pygments,True,1.000000,1.000000,1.000000,1.000000,1.000000,1.000000,1.000000,1.000000,1.000000,1.000000,1.000000,1.000000,1.000000,1.000000,1.000000,1.000000,2,1,frontend/src/contexts/conversation-websocket-context.tsx,same_file,1,True,tree_sitter,typescript,1.000000,1.000000,,False,,0,0.000000,0.000000,0.000000,0.000000,disabled,1.000000,1.000000
cfb0fc9502b49ad1,100%,100,91-100,100%,100,91-100,typescript,pygments,True,1.000000,1.000000,1.000000,1.000000,1.000000,1.000000,1.000000,1.000000,1.000000,1.000000,1.000000,1.000000,1.000000,1.000000,1.000000,1.000000,5,1,frontend/src/contexts/conversation-websocket-context.tsx,same_file,1,True,tree_sitter,typescript,1.000000,1.000000,,False,,0,0.000000,0.000000,0.000000,0.000000,disabled,1.000000,1.000000
3c78e97f2d98ee3d,0%,0,0,mostly,80,71-80,typescript,pygments,False,0.000000,1.000000,1.000000,1.000000,1.000000,0.000000,1.000000,0.307692,0.470588,1.000000,1.000000,1.000000,0.000000,0.875000,0.250000,1.000000,5,4,frontend/__tests__/components/features/home/git-repo-dropdown.test.tsx,neighboring_same_file,5,True,tree_sitter,typescript,1.000000,1.000000,,False,,0,0.000000,0.000000,0.000000,0.000000,disabled,1.000000,0.000000
55b29b9d739459df,mostly,70,61-70,mostly,72,71-80,typescript,pygments,False,0.000000,0.833333,1.000000,0.833333,1.000000,0.000000,0.833333,0.033784,0.064935,1.000000,0.833333,1.000000,0.000000,1.000000,0.032258,0.666667,3,31,frontend/src/components/features/conversation/metrics-modal/metrics-modal.tsx,same_file,1,True,tree_sitter,typescript,1.000000,1.000000,,False,,0,0.000000,0.000000,0.000000,0.000000,disabled,1.000000,0.000000
01017cf1c58767f2,100%,100,91-100,100%,100,91-100,python,python,True,1.000000,1.000000,1.000000,1.000000,1.000000,1.000000,1.000000,1.000000,1.000000,1.000000,1.000000,1.000000,1.000000,1.000000,0.500000,1.000000,6,2,enterprise/migrations/env.py,same_file,1,True,python_ast,python,1.000000,1.000000,,False,,0,0.000000,0.000000,0.000000,0.000000,disabled,1.000000,1.000000
f962f63b25121669,100%,100,91-100,100%,100,91-100,python,python,True,1.000000,1.000000,1.000000,1.000000,1.000000,1.000000,1.000000,1.000000,1.000000,1.000000,1.000000,1.000000,1.000000,1.000000,0.500000,1.000000,6,2,openhands/app_server/app_lifespan/alembic/env.py,same_file,1,True,python_ast,python,1.000000,1.000000,,False,,0,0.000000,0.000000,0.000000,0.000000,disabled,1.000000,1.000000
a090b7cbe1e07617,mostly,76,71-80,mostly,74,71-80,python,python,False,0.600000,0.608696,0.608696,0.608696,0.608696,0.600000,0.608696,0.875000,0.717949,0.608696,0.608696,0.608696,0.400000,0.608696,0.800000,0.571429,7,4,openhands/app_server/app_conversation/live_status_app_conversation_service.py,same_file,2,True,python_ast,python,0.684211,0.684211,,False,,0,0.000000,0.000000,0.000000,0.000000,disabled,1.000000,0.600000
d6c749aebcb19f9a,0%,0,0,mostly,82,81-90,python,python,False,0.000000,1.000000,1.000000,1.000000,1.000000,0.000000,1.000000,0.937500,0.967742,1.000000,1.000000,1.000000,0.000000,1.000000,0.166667,1.000000,11,6,enterprise/storage/user_store.py,same_file,2,True,python_ast,python,1.000000,1.000000,,False,,0,0.000000,0.000000,0.000000,0.000000,disabled,1.000000,0.000000
9aed09c8e557fd0c,partial,10,1-10,mostly,69,61-70,python,python,False,0.000000,0.722222,0.750000,0.722222,0.750000,0.000000,0.722222,0.812500,0.764706,0.750000,0.722222,0.750000,0.000000,0.666667,0.833333,0.769231,13,6,enterprise/storage/user_store.py,same_file,2,True,python_ast,python,0.633333,0.633333,,False,,0,0.000000,0.000000,0.000000,0.000000,disabled,1.000000,0.000000
574dd307a08c16c3,0%,0,0,partial,55,51-60,python,python,False,0.000000,0.375000,0.625000,0.375000,0.625000,0.000000,0.375000,0.600000,0.461538,0.625000,0.375000,0.625000,0.000000,0.625000,1.000000,0.000000,4,1,tests/e2e/test_settings.py,same_file,2,True,python_ast,python,0.714286,0.714286,,False,,0,0.000000,0.000000,0.000000,0.000000,disabled,1.000000,0.000000
5837d61bf4f4be11,0%,0,0,0%,0,0,python,python,False,0.000000,0.615385,0.615385,0.846154,0.846154,0.000000,0.615385,0.024242,0.046647,0.615385,0.846154,0.846154,0.000000,0.846154,0.136364,0.000000,5,44,enterprise/integrations/utils.py,same_file,1,True,python_ast,python,0.888889,0.888889,,False,,0,0.000000,0.000000,0.000000,0.000000,disabled,1.000000,0.000000
c65cdda764108332,0%,0,0,0%,0,0,python,python,False,0.000000,0.615385,0.923077,0.653846,0.961538,0.000000,0.615385,0.052117,0.096096,0.923077,0.653846,0.961538,0.000000,0.884615,0.742857,0.200000,10,35,enterprise/integrations/utils.py,same_file,1,True,python_ast,python,1.000000,1.000000,,False,,0,0.000000,0.000000,0.000000,0.000000,disabled,1.000000,0.000000
f7d8a936eee6925c,0%,0,0,0%,0,0,python,python,False,0.000000,0.271429,0.828571,0.271429,0.828571,0.000000,0.271429,0.061889,0.100796,0.828571,0.271429,0.828571,0.000000,0.757143,0.171429,0.000000,39,35,enterprise/integrations/utils.py,same_file,1,False,python_ast,python,0.000000,0.000000,SyntaxError: invalid syntax,False,,0,0.000000,0.000000,0.000000,0.000000,disabled,1.000000,0.000000
42bd0f698be07a66,partial,58,51-60,partial,55,51-60,python,python,False,0.285714,0.891304,0.891304,0.891304,0.891304,0.142857,0.891304,1.000000,0.942529,0.891304,0.891304,0.891304,0.142857,0.521739,0.777778,0.833333,18,9,enterprise/integrations/github/github_manager.py,same_file,2,True,python_ast,python,0.764706,0.764706,,False,,0,0.000000,0.000000,0.000000,0.000000,disabled,1.000000,0.285700
e659611f8565d046,0%,0,0,0%,0,0,typescript,pygments,False,0.000000,0.625000,0.875000,0.625000,0.875000,0.000000,0.500000,0.250000,0.333333,0.750000,0.625000,0.875000,0.000000,0.875000,0.500000,0.000000,2,2,frontend/src/utils/verified-models.ts,same_file,3,True,tree_sitter,typescript,1.000000,1.000000,,False,,0,0.000000,0.000000,0.000000,0.000000,disabled,1.000000,0.000000
2b3306530ac9006c,0%,0,0,mostly,82,81-90,python,python,False,0.000000,0.500000,0.500000,1.000000,1.000000,0.000000,0.500000,0.500000,0.500000,0.500000,1.000000,1.000000,0.000000,1.000000,1.000000,0.000000,1,1,openhands/utils/llm.py,same_file,2,True,python_ast,python,1.000000,1.000000,,False,,0,0.000000,0.000000,0.000000,0.000000,disabled,1.000000,0.000000
69db091ac28c5901,0%,0,0,0%,0,0,typescript,pygments,False,0.000000,0.127273,0.400000,0.127273,0.400000,0.000000,0.127273,0.116667,0.121739,0.400000,0.127273,0.400000,0.000000,0.345455,0.454545,0.000000,14,5,frontend/src/components/features/org/change-org-name-modal.tsx,neighboring_same_file,3,True,tree_sitter,typescript,0.333333,0.333333,,False,,0,0.000000,0.000000,0.000000,0.000000,disabled,1.000000,0.000000
d76afa3447281f67,0%,0,0,0%,0,0,typescript,pygments,False,0.000000,0.250000,0.625000,0.250000,0.625000,0.000000,0.250000,0.210526,0.228571,0.625000,0.250000,0.625000,0.000000,0.562500,0.250000,0.000000,6,1,frontend/src/components/features/org/change-org-name-modal.tsx,same_file,4,True,tree_sitter,typescript,0.285714,0.285714,,False,,0,0.000000,0.000000,0.000000,0.000000,disabled,1.000000,0.000000
965e3d1e74f6073e,0%,0,0,0%,0,0,typescript,pygments,False,0.000000,0.230769,0.384615,0.269231,0.423077,0.000000,0.230769,0.100000,0.139535,0.384615,0.269231,0.423077,0.000000,0.307692,0.625000,0.000000,5,5,frontend/src/components/features/org/change-org-name-modal.tsx,neighboring_same_file,4,True,tree_sitter,typescript,0.347826,0.347826,,False,,0,0.000000,0.000000,0.000000,0.000000,disabled,1.000000,0.000000
300971631faf2b30,partial,14,11-20,partial,55,51-60,typescript,pygments,False,0.111111,0.622222,0.866667,0.622222,0.866667,0.111111,0.600000,0.391304,0.473684,0.844444,0.600000,0.844444,0.111111,0.577778,0.818182,0.285714,14,11,frontend/src/components/features/org/delete-org-confirmation-modal.tsx,neighboring_same_file,5,True,tree_sitter,typescript,0.636364,0.636364,,False,,0,0.000000,0.000000,0.000000,0.000000,disabled,1.000000,0.111100
7c98bf045800b625,100%,90,81-90,mostly,82,81-90,typescript,pygments,False,0.000000,1.000000,1.000000,1.000000,1.000000,0.000000,1.000000,0.181818,0.307692,1.000000,1.000000,1.000000,0.000000,1.000000,0.111111,1.000000,5,9,frontend/src/components/features/org/delete-org-confirmation-modal.tsx,same_file,5,True,tree_sitter,typescript,1.000000,1.000000,,False,,0,0.000000,0.000000,0.000000,0.000000,disabled,1.000000,0.000000
ad2d1db42c1adea5,partial,45,41-50,mostly,82,81-90,typescript,pygments,False,0.000000,1.000000,1.000000,1.000000,1.000000,0.000000,1.000000,0.333333,0.500000,1.000000,1.000000,1.000000,0.000000,1.000000,0.111111,1.000000,8,9,frontend/src/components/features/org/delete-org-confirmation-modal.tsx,same_file,5,True,tree_sitter,typescript,1.000000,1.000000,,False,,0,0.000000,0.000000,0.000000,0.000000,disabled,1.000000,0.000000
9b711ef9234b931e,partial,8,1-10,partial,55,51-60,typescript,pygments,False,0.250000,0.062500,0.062500,0.062500,0.062500,0.250000,0.062500,1.000000,0.117647,0.062500,0.062500,0.062500,0.250000,0.062500,0.250000,0.000000,5,1,frontend/src/components/features/org/org-selector.tsx,same_file,2,True,tree_sitter,typescript,0.076923,0.076923,,False,,0,0.000000,0.000000,0.000000,0.000000,disabled,1.000000,0.250000
ef55e91958f77a10,100%,100,91-100,100%,100,91-100,typescript,pygments,True,1.000000,1.000000,1.000000,1.000000,1.000000,1.000000,1.000000,1.000000,1.000000,1.000000,1.000000,1.000000,1.000000,1.000000,1.000000,1.000000,3,1,frontend/src/components/features/settings/settings-navigation.tsx,same_file,3,True,tree_sitter,typescript,1.000000,1.000000,,False,,0,0.000000,0.000000,0.000000,0.000000,disabled,1.000000,1.000000
aafc00dc89b9c294,100%,100,91-100,100%,100,91-100,python,python,True,1.000000,0.000000,0.000000,0.000000,0.000000,1.000000,0.000000,0.000000,0.000000,0.000000,0.000000,0.000000,1.000000,0.000000,0.200000,0.000000,0,10,enterprise/tests/unit/test_billing.py,same_file,4,True,python_ast,python,1.000000,1.000000,,False,,0,0.000000,0.000000,0.000000,0.000000,disabled,1.000000,1.000000
43b92ef4ccdab57b,partial,57,51-60,partial,56,51-60,python,python,False,0.500000,0.583333,0.666667,0.583333,0.666667,0.500000,0.583333,0.451613,0.509091,0.666667,0.583333,0.666667,0.500000,0.500000,1.000000,0.714286,7,4,enterprise/server/routes/billing.py,same_file,2,True,python_ast,python,0.625000,0.625000,,False,,0,0.000000,0.000000,0.000000,0.000000,disabled,1.000000,0.500000
108f56c8d2068ec7,100%,100,91-100,100%,100,91-100,python,python,True,1.000000,0.000000,0.000000,0.000000,0.000000,1.000000,0.000000,0.000000,0.000000,0.000000,0.000000,0.000000,1.000000,0.000000,1.000000,0.000000,0,1,enterprise/sync/clean_proactive_convo_table.py,same_file,1,True,python_ast,python,1.000000,1.000000,,False,,0,0.000000,0.000000,0.000000,0.000000,disabled,1.000000,1.000000
30678bcb66d06cdb,0%,0,0,mostly,82,81-90,python,python,False,0.000000,0.300000,0.300000,0.300000,0.300000,0.000000,0.300000,1.000000,0.461538,0.300000,0.300000,0.300000,0.000000,0.300000,1.000000,0.400000,5,1,enterprise/server/routes/org_models.py,same_file,1,True,python_ast,python,0.500000,0.500000,,False,,0,0.000000,0.000000,0.000000,0.000000,disabled,1.000000,0.000000
17fb71cd798fed03,partial,23,21-30,partial,55,51-60,python,python,False,0.111111,0.745283,0.915094,0.745283,0.915094,0.111111,0.745283,0.362385,0.487654,0.915094,0.745283,0.915094,0.055556,0.669811,0.529412,0.394737,38,34,enterprise/tests/unit/server/routes/test_orgs.py,neighboring_same_file,3,True,python_ast,python,0.875000,0.875000,,False,,0,0.000000,0.000000,0.000000,0.000000,disabled,1.000000,0.111100
3cb7a7cee756e70b,0%,0,0,partial,34,31-40,python,python,False,0.000000,0.100000,0.150000,0.100000,0.150000,0.000000,0.100000,0.400000,0.160000,0.150000,0.100000,0.150000,0.000000,0.150000,0.500000,0.000000,10,1,enterprise/storage/user_store.py,same_file,2,True,python_ast,python,0.066667,0.066667,,False,,0,0.000000,0.000000,0.000000,0.000000,disabled,1.000000,0.000000
fa0204ab7b17931b,mostly,68,61-70,mostly,82,81-90,python,python,False,0.500000,0.968750,1.000000,0.968750,1.000000,0.500000,0.968750,0.113139,0.202614,1.000000,0.968750,1.000000,0.500000,0.937500,0.117647,0.933333,15,34,enterprise/server/utils/saas_app_conversation_info_injector.py,same_file,1,True,python_ast,python,1.000000,1.000000,,False,,0,0.000000,0.000000,0.000000,0.000000,disabled,1.000000,0.500000
132599a4300bd28a,0%,0,0,mostly,60,51-60,typescript,pygments,False,0.000000,0.421053,0.736842,0.421053,0.736842,0.000000,0.421053,0.500000,0.457143,0.736842,0.421053,0.736842,0.000000,0.684211,1.000000,0.200000,10,1,frontend/src/components/features/user/user-context-menu.tsx,same_file,1,True,tree_sitter,typescript,0.500000,0.500000,,False,,0,0.000000,0.000000,0.000000,0.000000,disabled,1.000000,0.000000
fcb73e9bdbfd5aa2,partial,27,21-30,partial,55,51-60,typescript,pygments,False,0.230769,0.391753,0.402062,0.391753,0.402062,0.230769,0.391753,0.926829,0.550725,0.402062,0.391753,0.402062,0.153846,0.402062,0.538462,0.285714,35,7,frontend/src/hooks/query/use-git-user.ts,same_file,2,True,tree_sitter,typescript,0.423077,0.423077,,False,,0,0.000000,0.000000,0.000000,0.000000,disabled,1.000000,0.230800
38c0860d20006fde,partial,34,31-40,partial,55,51-60,python,python,False,0.363636,0.705882,0.843137,0.803922,0.941176,0.363636,0.705882,0.507042,0.590164,0.843137,0.803922,0.941176,0.181818,0.705882,1.000000,0.476190,21,11,enterprise/server/routes/api_keys.py,neighboring_same_file,4,True,python_ast,python,0.750000,0.750000,,False,,0,0.000000,0.000000,0.000000,0.000000,disabled,1.000000,0.363600
c5a1a6b869700f40,0%,0,0,partial,40,31-40,typescript,pygments,False,0.000000,0.457143,0.485714,0.571429,0.600000,0.000000,0.342857,0.098361,0.152866,0.371429,0.457143,0.485714,0.000000,0.457143,0.333333,0.500000,10,3,frontend/src/routes/manage-organization-members.tsx,neighboring_same_file,5,True,tree_sitter,typescript,0.280000,0.280000,,False,,0,0.000000,0.000000,0.000000,0.000000,disabled,1.000000,0.000000
566e2d062bc8c0d1,partial,14,11-20,mostly,65,61-70,typescript,pygments,False,0.000000,0.700000,0.816667,0.700000,0.816667,0.000000,0.700000,0.736842,0.717949,0.816667,0.700000,0.816667,0.000000,0.600000,1.000000,0.722222,18,5,frontend/src/routes/settings.tsx,neighboring_same_file,3,True,tree_sitter,typescript,0.760000,0.760000,,False,,0,0.000000,0.000000,0.000000,0.000000,disabled,1.000000,0.000000
be5edf7ab627587c,0%,0,0,0%,0,0,typescript,pygments,False,0.000000,0.000000,0.000000,0.000000,0.000000,0.000000,0.000000,0.000000,0.000000,0.000000,0.000000,0.000000,0.000000,0.000000,0.000000,0.000000,0,0,,,2,True,tree_sitter,typescript,0.200000,0.200000,,False,,0,0.000000,0.000000,0.000000,0.000000,disabled,1.000000,0.000000
c506b15b76d25868,0%,0,0,partial,53,51-60,python,python,False,0.000000,0.461538,0.692308,0.461538,0.692308,0.000000,0.461538,0.307692,0.369231,0.692308,0.461538,0.692308,0.000000,0.500000,1.000000,0.125000,8,5,enterprise/storage/database.py,same_file,1,True,python_ast,python,0.571429,0.571429,,False,,0,0.000000,0.000000,0.000000,0.000000,disabled,1.000000,0.000000
7784530e507963e8,100%,100,91-100,100%,100,91-100,python,python,True,1.000000,1.000000,1.000000,1.000000,1.000000,1.000000,1.000000,0.179487,0.304348,1.000000,1.000000,1.000000,1.000000,1.000000,0.200000,1.000000,3,5,enterprise/storage/database.py,same_file,1,True,python_ast,python,1.000000,1.000000,,False,,0,0.000000,0.000000,0.000000,0.000000,disabled,1.000000,1.000000
7765ef4474fece71,mostly,70,61-70,partial,55,51-60,python,python,False,0.571429,0.929825,0.964912,0.964912,1.000000,0.428571,0.929825,0.147632,0.254808,0.964912,0.964912,1.000000,0.285714,0.947368,0.184211,0.818182,22,38,enterprise/tests/unit/test_org_store.py,same_file,1,True,python_ast,python,1.000000,1.000000,,False,,0,0.000000,0.000000,0.000000,0.000000,disabled,1.000000,0.571400
09217d5bc576ac0f,100%,100,91-100,100%,100,91-100,python,python,True,1.000000,1.000000,1.000000,1.000000,1.000000,1.000000,1.000000,1.000000,1.000000,1.000000,1.000000,1.000000,1.000000,1.000000,1.000000,1.000000,4,1,openhands/controller/agent_controller.py,same_file,3,True,python_ast,python,1.000000,1.000000,,False,,0,0.000000,0.000000,0.000000,0.000000,disabled,1.000000,1.000000
2edfd3817813f46d,mostly,60,51-60,partial,55,51-60,python,python,False,0.400000,0.686747,0.855422,0.734940,0.903614,0.200000,0.686747,0.532710,0.600000,0.855422,0.734940,0.903614,0.200000,0.759036,0.476190,0.486486,37,21,openhands/app_server/services/jwt_service.py,same_file,4,True,python_ast,python,0.842857,0.842857,,False,,0,0.000000,0.000000,0.000000,0.000000,disabled,1.000000,0.400000
f49855cc9140cc4b,100%,95,91-100,mostly,74,71-80,python,python,False,0.571429,0.929825,0.929825,0.964912,0.964912,0.428571,0.929825,0.495327,0.646341,0.929825,0.964912,0.964912,0.428571,0.824561,0.333333,0.900000,20,21,openhands/app_server/services/jwt_service.py,same_file,2,True,python_ast,python,1.000000,1.000000,,False,,0,0.000000,0.000000,0.000000,0.000000,disabled,1.000000,0.571400
992e1aefbbf73056,partial,50,41-50,mostly,82,81-90,python,python,False,0.000000,0.958333,0.958333,1.000000,1.000000,0.000000,0.958333,0.273810,0.425926,0.958333,1.000000,1.000000,0.000000,1.000000,0.142857,0.900000,10,14,openhands/app_server/services/jwt_service.py,same_file,2,True,python_ast,python,0.833333,0.833333,,False,,0,0.000000,0.000000,0.000000,0.000000,disabled,1.000000,0.000000
a9ff6cc5213e57cd,100%,94,91-100,mostly,89,81-90,text,pygments,False,0.857143,1.000000,1.000000,1.000000,1.000000,0.857143,1.000000,0.968750,0.984127,1.000000,1.000000,1.000000,0.714286,1.000000,1.000000,1.000000,11,7,modules/features/podcasts/src/main/java/au/com/shiftyjelly/pocketcasts/podcasts/view/components/DividerSubTitle.kt,same_file,2,False,,,0.000000,0.000000,no supported local structural parser,False,,0,0.000000,0.000000,0.000000,0.000000,disabled,1.000000,0.857100
83a83fbe3da9a6b0,partial,14,11-20,partial,50,41-50,shell,pygments,False,0.115385,0.492958,0.647887,0.492958,0.647887,0.115385,0.352113,0.588235,0.440529,0.492958,0.352113,0.492958,0.038462,0.345070,0.230769,0.190476,42,6,.buildkite/commands/should-skip-job.sh,neighboring_same_file,5,False,,,0.000000,0.000000,no supported local structural parser,False,,0,0.000000,0.000000,0.000000,0.000000,disabled,1.000000,0.115400
f2b90b3b0bcc75cf,100%,100,91-100,mostly,82,81-90,shell,pygments,False,0.000000,0.800000,0.800000,0.800000,0.800000,0.000000,0.800000,0.960000,0.872727,0.800000,0.800000,0.800000,0.000000,0.800000,1.000000,0.666667,9,1,.buildkite/commands/assemble-release-apk.sh,same_file,1,False,,,0.000000,0.000000,no supported local structural parser,False,,0,0.000000,0.000000,0.000000,0.000000,disabled,1.000000,0.000000
2c1ef2a3166a8e0d,0%,0,0,mostly,71,71-80,shell,pygments,False,0.000000,0.800000,0.933333,0.800000,0.933333,0.000000,0.800000,0.206897,0.328767,0.933333,0.800000,0.933333,0.000000,0.800000,0.142857,0.500000,4,7,.buildkite/commands/should-skip-job.sh,neighboring_same_file,7,False,,,0.000000,0.000000,no supported local structural parser,False,,0,0.000000,0.000000,0.000000,0.000000,disabled,1.000000,0.000000
9631738e5f984e61,0%,0,0,0%,0,0,text,pygments,False,0.000000,0.090909,0.545455,0.090909,0.545455,0.000000,0.090909,0.052632,0.066667,0.545455,0.090909,0.545455,0.000000,0.545455,1.000000,0.000000,5,1,modules/services/compose/src/main/java/au/com/shiftyjelly/pocketcasts/compose/components/EmailAndPasswordFields.kt,same_file,1,False,,,0.000000,0.000000,no supported local structural parser,False,,0,0.000000,0.000000,0.000000,0.000000,disabled,1.000000,0.000000
f8f23a183740a943,100%,100,91-100,100%,100,91-100,text,pygments,True,1.000000,1.000000,1.000000,1.000000,1.000000,1.000000,1.000000,0.342857,0.510638,1.000000,1.000000,1.000000,1.000000,1.000000,0.500000,1.000000,4,2,modules/features/player/src/main/java/au/com/shiftyjelly/pocketcasts/player/view/PlayerBottomSheet.kt,same_file,1,False,,,0.000000,0.000000,no supported local structural parser,False,,0,0.000000,0.000000,0.000000,0.000000,disabled,1.000000,1.000000
7a946b6861e9ead0,mostly,62,61-70,partial,55,51-60,text,pygments,False,0.500000,0.617647,0.617647,0.617647,0.617647,0.500000,0.617647,1.000000,0.763636,0.617647,0.617647,0.617647,0.166667,0.617647,0.500000,0.692308,13,3,modules/services/views/src/main/java/com/google/android/material/bottomsheet/ViewPager2AwareBottomSheetBehavior.kt,same_file,1,False,,,0.000000,0.000000,no supported local structural parser,False,,0,0.000000,0.000000,0.000000,0.000000,disabled,1.000000,0.500000
824b252ecdefae6c,100%,100,91-100,100%,100,91-100,text,pygments,True,1.000000,1.000000,1.000000,1.000000,1.000000,1.000000,1.000000,1.000000,1.000000,1.000000,1.000000,1.000000,1.000000,1.000000,1.000000,1.000000,5,1,modules/services/repositories/src/main/java/au/com/shiftyjelly/pocketcasts/repositories/notification/NotificationWorker.kt,same_file,1,False,,,0.000000,0.000000,no supported local structural parser,False,,0,0.000000,0.000000,0.000000,0.000000,disabled,1.000000,1.000000
3aeb2ef27fe4e950,mostly,65,61-70,mostly,84,81-90,text,pygments,False,0.600000,0.913043,1.000000,0.913043,1.000000,0.600000,0.913043,0.677419,0.777778,1.000000,0.913043,1.000000,0.400000,0.956522,0.833333,0.800000,10,6,modules/services/repositories/src/test/java/au/com/shiftyjelly/pocketcasts/repositories/categories/CategoriesManagerTest.kt,same_file,5,False,,,0.000000,0.000000,no supported local structural parser,False,,0,0.000000,0.000000,0.000000,0.000000,disabled,1.000000,0.600000
9456e4927ef97139,0%,0,0,0%,0,0,text,pygments,False,0.000000,0.636364,1.000000,0.636364,1.000000,0.000000,0.545455,0.037975,0.071006,1.000000,0.545455,1.000000,0.000000,1.000000,0.030303,0.000000,4,33,modules/features/account/src/main/java/au/com/shiftyjelly/pocketcasts/account/onboarding/upgrade/OnboardingUpgradeScreen.kt,same_file,3,False,,,0.000000,0.000000,no supported local structural parser,False,,0,0.000000,0.000000,0.000000,0.000000,disabled,1.000000,0.000000
369fdfb11695b3fe,mostly,70,61-70,mostly,79,71-80,text,pygments,False,0.000000,0.800000,0.900000,0.800000,0.900000,0.000000,0.800000,0.285714,0.421053,0.900000,0.800000,0.900000,0.000000,0.900000,0.250000,0.625000,8,4,modules/features/account/src/main/java/au/com/shiftyjelly/pocketcasts/account/onboarding/upgrade/OnboardingUpgradeScreen.kt,same_file,6,False,,,0.000000,0.000000,no supported local structural parser,False,,0,0.000000,0.000000,0.000000,0.000000,disabled,1.000000,0.000000
e293645dd9847c4a,mostly,70,61-70,mostly,72,71-80,text,pygments,False,0.000000,0.800000,0.900000,0.850000,0.950000,0.000000,0.800000,0.111888,0.196319,0.900000,0.850000,0.950000,0.000000,0.900000,0.066667,0.625000,8,15,modules/features/account/src/main/java/au/com/shiftyjelly/pocketcasts/account/onboarding/upgrade/OnboardingUpgradeScreen.kt,same_file,5,False,,,0.000000,0.000000,no supported local structural parser,False,,0,0.000000,0.000000,0.000000,0.000000,disabled,1.000000,0.000000
caf4ed920acd6855,partial,49,41-50,partial,55,51-60,text,pygments,False,0.250000,1.000000,1.000000,1.000000,1.000000,0.250000,1.000000,0.210526,0.347826,1.000000,1.000000,1.000000,0.250000,1.000000,0.571429,1.000000,4,7,modules/features/account/src/main/java/au/com/shiftyjelly/pocketcasts/account/onboarding/upgrade/OnboardingUpgradeScreen.kt,same_file,3,False,,,0.000000,0.000000,no supported local structural parser,False,,0,0.000000,0.000000,0.000000,0.000000,disabled,1.000000,0.250000
b452378ae1f631d6,0%,0,0,0%,0,0,text,pygments,False,0.000000,0.571429,0.942857,0.571429,0.942857,0.000000,0.571429,0.153846,0.242424,0.942857,0.571429,0.942857,0.000000,0.742857,0.375000,0.133333,15,16,modules/features/account/src/main/java/au/com/shiftyjelly/pocketcasts/account/onboarding/components/SubscriptionPlanRow.kt,same_file,2,False,,,0.000000,0.000000,no supported local structural parser,False,,0,0.000000,0.000000,0.000000,0.000000,disabled,1.000000,0.000000
18ff6bf61238e683,0%,0,0,mostly,72,71-80,text,pygments,False,0.000000,1.000000,1.000000,1.000000,1.000000,0.000000,1.000000,0.059140,0.111675,1.000000,1.000000,1.000000,0.000000,1.000000,0.035714,1.000000,4,28,modules/services/repositories/src/main/java/au/com/shiftyjelly/pocketcasts/repositories/notification/NotificationOpenReceiver.kt,same_file,3,False,,,0.000000,0.000000,no supported local structural parser,False,,0,0.000000,0.000000,0.000000,0.000000,disabled,1.000000,0.000000
858bbc77b77c8b81,partial,37,31-40,partial,55,51-60,text,pygments,False,0.333333,0.905660,1.000000,0.905660,1.000000,0.333333,0.905660,0.237624,0.376471,1.000000,0.905660,1.000000,0.166667,0.905660,0.200000,0.782609,23,30,modules/services/repositories/src/main/java/au/com/shiftyjelly/pocketcasts/repositories/notification/NotificationOpenReceiver.kt,same_file,1,False,,,0.000000,0.000000,no supported local structural parser,False,,0,0.000000,0.000000,0.000000,0.000000,disabled,1.000000,0.333300
288a6ba45e530a7f,100%,100,91-100,100%,100,91-100,text,pygments,True,1.000000,1.000000,1.000000,1.000000,1.000000,1.000000,1.000000,1.000000,1.000000,1.000000,1.000000,1.000000,1.000000,1.000000,1.000000,1.000000,1,1,modules/services/views/src/main/java/com/google/android/material/bottomsheet/ViewPager2AwareBottomSheetBehavior.kt,same_file,1,False,,,0.000000,0.000000,no supported local structural parser,False,,0,0.000000,0.000000,0.000000,0.000000,disabled,1.000000,1.000000
6709e91a46a41a04,100%,100,91-100,100%,100,91-100,text,pygments,True,1.000000,1.000000,1.000000,1.000000,1.000000,1.000000,1.000000,1.000000,1.000000,1.000000,1.000000,1.000000,1.000000,1.000000,1.000000,1.000000,7,1,modules/features/account/src/main/java/au/com/shiftyjelly/pocketcasts/account/onboarding/upgrade/contextual/Bookmarks.kt,same_file,1,False,,,0.000000,0.000000,no supported local structural parser,False,,0,0.000000,0.000000,0.000000,0.000000,disabled,1.000000,1.000000
3f67bd16f7934917,partial,8,1-10,partial,55,51-60,text,pygments,False,0.250000,0.636364,1.000000,0.636364,1.000000,0.250000,0.636364,0.318182,0.424242,1.000000,0.636364,1.000000,0.250000,0.909091,1.000000,0.000000,4,4,modules/features/account/src/main/java/au/com/shiftyjelly/pocketcasts/account/onboarding/recommendations/OnboardingInterestsViewModel.kt,same_file,3,False,,,0.000000,0.000000,no supported local structural parser,False,,0,0.000000,0.000000,0.000000,0.000000,disabled,1.000000,0.250000
37af0abadcb66bef,0%,0,0,0%,0,0,text,pygments,False,0.000000,0.250000,0.916667,0.250000,0.916667,0.000000,0.250000,0.111111,0.153846,0.916667,0.250000,0.916667,0.000000,0.833333,1.000000,0.000000,7,1,modules/services/model/src/main/java/au/com/shiftyjelly/pocketcasts/models/db/dao/PlaylistDao.kt,same_file,1,False,,,0.000000,0.000000,no supported local structural parser,False,,0,0.000000,0.000000,0.000000,0.000000,disabled,1.000000,0.000000
d5f7bb99dc97882d,100%,100,91-100,100%,100,91-100,text,pygments,True,1.000000,1.000000,1.000000,1.000000,1.000000,1.000000,1.000000,1.000000,1.000000,1.000000,1.000000,1.000000,1.000000,1.000000,1.000000,1.000000,12,1,modules/services/model/src/main/java/au/com/shiftyjelly/pocketcasts/models/db/dao/PlaylistDao.kt,same_file,1,False,,,0.000000,0.000000,no supported local structural parser,False,,0,0.000000,0.000000,0.000000,0.000000,disabled,1.000000,1.000000
559a2d88ab883ad7,100%,100,91-100,100%,100,91-100,text,pygments,True,1.000000,1.000000,1.000000,1.000000,1.000000,1.000000,1.000000,1.000000,1.000000,1.000000,1.000000,1.000000,1.000000,1.000000,1.000000,1.000000,3,1,modules/services/model/src/main/java/au/com/shiftyjelly/pocketcasts/models/db/dao/PlaylistDao.kt,same_file,1,False,,,0.000000,0.000000,no supported local structural parser,False,,0,0.000000,0.000000,0.000000,0.000000,disabled,1.000000,1.000000
c326d38c326c7aae,0%,0,0,0%,0,0,text,pygments,False,0.000000,0.000000,0.250000,0.250000,0.250000,0.000000,0.000000,0.000000,0.000000,0.250000,0.250000,0.250000,0.000000,0.250000,0.250000,0.000000,2,4,modules/services/views/src/main/java/au/com/shiftyjelly/pocketcasts/views/swipe/SwipeRowLayout.kt,same_file,1,False,,,0.000000,0.000000,no supported local structural parser,False,,0,0.000000,0.000000,0.000000,0.000000,disabled,1.000000,0.000000
90eddde2d4ec6a5c,0%,0,0,partial,55,51-60,text,regex,False,0.000000,0.108108,0.162162,0.108108,0.162162,0.000000,0.108108,0.645161,0.185185,0.162162,0.108108,0.162162,0.000000,0.156757,0.153846,0.098039,102,2,modules/services/views/src/main/java/au/com/shiftyjelly/pocketcasts/views/swipe/SwipeActionViewModel.kt,same_file,1,False,,,0.000000,0.000000,no supported local structural parser,False,,0,0.000000,0.000000,0.000000,0.000000,disabled,1.000000,0.000000
3bab5bca8b658694,100%,100,91-100,100%,100,91-100,text,pygments,True,1.000000,1.000000,1.000000,1.000000,1.000000,1.000000,1.000000,0.687500,0.814815,1.000000,1.000000,1.000000,1.000000,1.000000,0.500000,1.000000,8,2,modules/services/preferences/src/main/java/au/com/shiftyjelly/pocketcasts/preferences/model/ShelfRowItem.kt,same_file,1,False,,,0.000000,0.000000,no supported local structural parser,False,,0,0.000000,0.000000,0.000000,0.000000,disabled,1.000000,1.000000
12166cc85d9b89f7,100%,100,91-100,100%,100,91-100,text,pygments,True,1.000000,1.000000,1.000000,1.000000,1.000000,1.000000,1.000000,1.000000,1.000000,1.000000,1.000000,1.000000,1.000000,1.000000,1.000000,1.000000,5,1,modules/features/filters/src/main/java/au/com/shiftyjelly/pocketcasts/playlists/manual/AddEpisodesViewModel.kt,same_file,1,False,,,0.000000,0.000000,no supported local structural parser,False,,0,0.000000,0.000000,0.000000,0.000000,disabled,1.000000,1.000000
88a7114cd3f019d7,partial,25,21-30,partial,55,51-60,text,pygments,False,0.250000,0.764706,1.000000,0.764706,1.000000,0.250000,0.735294,0.462963,0.568182,1.000000,0.735294,1.000000,0.250000,0.970588,1.000000,0.437500,16,4,modules/features/filters/src/main/java/au/com/shiftyjelly/pocketcasts/playlists/manual/AddToPlaylistViewModel.kt,same_file,3,False,,,0.000000,0.000000,no supported local structural parser,False,,0,0.000000,0.000000,0.000000,0.000000,disabled,1.000000,0.250000
0f77c03d7fb622be,partial,49,41-50,partial,55,51-60,text,pygments,False,0.333333,0.833333,0.944444,0.833333,0.944444,0.333333,0.833333,0.432692,0.569620,0.944444,0.833333,0.944444,0.222222,0.777778,0.473684,0.727273,22,19,modules/features/filters/src/main/java/au/com/shiftyjelly/pocketcasts/playlists/manual/AddEpisodesViewModel.kt,same_file,1,False,,,0.000000,0.000000,no supported local structural parser,False,,0,0.000000,0.000000,0.000000,0.000000,disabled,1.000000,0.333300
3e23db91af7f0627,mostly,63,61-70,mostly,75,71-80,text,pygments,False,0.400000,0.795918,0.836735,0.795918,0.836735,0.400000,0.795918,0.886364,0.838710,0.836735,0.795918,0.836735,0.400000,0.714286,1.000000,0.761905,21,5,modules/features/filters/src/main/java/au/com/shiftyjelly/pocketcasts/playlists/PlaylistViewModel.kt,same_file,2,False,,,0.000000,0.000000,no supported local structural parser,False,,0,0.000000,0.000000,0.000000,0.000000,disabled,1.000000,0.400000
f1b176cd9e901ee4,partial,5,1-10,partial,45,41-50,text,pygments,False,0.052632,0.275510,0.520408,0.275510,0.520408,0.052632,0.275510,0.529412,0.362416,0.520408,0.275510,0.520408,0.052632,0.397959,0.368421,0.000000,35,7,app/build.gradle.kts,same_file,2,False,,,0.000000,0.000000,no supported local structural parser,False,,0,0.000000,0.000000,0.000000,0.000000,disabled,1.000000,0.052600
40d9f3a2f0470764,0%,0,0,0%,0,0,text,pygments,False,0.000000,0.064516,0.322581,0.064516,0.322581,0.000000,0.064516,0.095238,0.076923,0.322581,0.064516,0.322581,0.000000,0.290323,0.600000,0.000000,19,5,automotive/build.gradle.kts,same_file,2,False,,,0.000000,0.000000,no supported local structural parser,False,,0,0.000000,0.000000,0.000000,0.000000,disabled,1.000000,0.000000
31eaae11b21485de,0%,0,0,0%,0,0,text,pygments,False,0.000000,0.064516,0.322581,0.064516,0.322581,0.000000,0.064516,0.095238,0.076923,0.322581,0.064516,0.322581,0.000000,0.290323,0.600000,0.000000,19,5,wear/build.gradle.kts,same_file,2,False,,,0.000000,0.000000,no supported local structural parser,False,,0,0.000000,0.000000,0.000000,0.000000,disabled,1.000000,0.000000
18c515bbe4a152b2,100%,100,91-100,100%,100,91-100,text,pygments,True,1.000000,1.000000,1.000000,1.000000,1.000000,1.000000,1.000000,1.000000,1.000000,1.000000,1.000000,1.000000,1.000000,1.000000,1.000000,1.000000,8,1,wear/src/main/kotlin/au/com/shiftyjelly/pocketcasts/wear/ui/authentication/AuthenticationNavGraph.kt,same_file,7,False,,,0.000000,0.000000,no supported local structural parser,False,,0,0.000000,0.000000,0.000000,0.000000,disabled,1.000000,1.000000
95bf21682731ac52,0%,0,0,partial,54,51-60,text,pygments,False,0.000000,0.392857,0.714286,0.392857,0.714286,0.000000,0.392857,0.366667,0.379310,0.714286,0.392857,0.714286,0.000000,0.535714,0.200000,0.000000,7,5,wear/src/main/kotlin/au/com/shiftyjelly/pocketcasts/wear/ui/authentication/AuthenticationNavGraph.kt,neighboring_same_file,3,False,,,0.000000,0.000000,no supported local structural parser,False,,0,0.000000,0.000000,0.000000,0.000000,disabled,1.000000,0.000000
60dfcc1b3cd696ee,100%,90,81-90,mostly,78,71-80,text,pygments,False,0.000000,0.785714,0.857143,0.785714,0.857143,0.000000,0.785714,0.916667,0.846154,0.857143,0.785714,0.857143,0.000000,0.857143,1.000000,0.800000,5,1,modules/services/repositories/src/main/java/au/com/shiftyjelly/pocketcasts/repositories/sync/PodcastSyncProcess.kt,same_file,1,False,,,0.000000,0.000000,no supported local structural parser,False,,0,0.000000,0.000000,0.000000,0.000000,disabled,1.000000,0.000000
7df52a73827c83e3,100%,100,91-100,100%,100,91-100,text,pygments,True,1.000000,1.000000,1.000000,1.000000,1.000000,1.000000,1.000000,1.000000,1.000000,1.000000,1.000000,1.000000,1.000000,1.000000,1.000000,1.000000,8,1,modules/services/repositories/src/main/java/au/com/shiftyjelly/pocketcasts/repositories/di/InitializerEntryPoint.kt,same_file,1,False,,,0.000000,0.000000,no supported local structural parser,False,,0,0.000000,0.000000,0.000000,0.000000,disabled,1.000000,1.000000
eb947e491586f3ce,100%,100,91-100,100%,100,91-100,text,pygments,True,1.000000,1.000000,1.000000,1.000000,1.000000,1.000000,1.000000,1.000000,1.000000,1.000000,1.000000,1.000000,1.000000,1.000000,1.000000,1.000000,5,1,modules/services/repositories/src/main/java/au/com/shiftyjelly/pocketcasts/repositories/playback/PlaybackService.kt,same_file,1,False,,,0.000000,0.000000,no supported local structural parser,False,,0,0.000000,0.000000,0.000000,0.000000,disabled,1.000000,1.000000
fd6d0e37201028d4,100%,100,91-100,100%,100,91-100,text,pygments,True,1.000000,1.000000,1.000000,1.000000,1.000000,1.000000,1.000000,1.000000,1.000000,1.000000,1.000000,1.000000,1.000000,1.000000,1.000000,1.000000,6,1,wear/src/main/kotlin/au/com/shiftyjelly/pocketcasts/wear/ui/playlist/PlaylistViewModel.kt,same_file,2,False,,,0.000000,0.000000,no supported local structural parser,False,,0,0.000000,0.000000,0.000000,0.000000,disabled,1.000000,1.000000
de097d5bf586edc2,100%,100,91-100,100%,100,91-100,text,pygments,True,1.000000,1.000000,1.000000,1.000000,1.000000,1.000000,1.000000,1.000000,1.000000,1.000000,1.000000,1.000000,1.000000,1.000000,1.000000,1.000000,9,1,wear/src/main/kotlin/au/com/shiftyjelly/pocketcasts/wear/ui/playlist/PlaylistViewModel.kt,same_file,1,False,,,0.000000,0.000000,no supported local structural parser,False,,0,0.000000,0.000000,0.000000,0.000000,disabled,1.000000,1.000000
bd9c5f91add701f0,0%,0,0,partial,44,41-50,text,pygments,False,0.000000,0.250000,0.500000,0.250000,0.500000,0.000000,0.250000,0.400000,0.307692,0.500000,0.250000,0.500000,0.000000,0.500000,1.000000,0.000000,4,1,wear/src/main/kotlin/au/com/shiftyjelly/pocketcasts/wear/ui/WatchListScreenViewModel.kt,same_file,1,False,,,0.000000,0.000000,no supported local structural parser,False,,0,0.000000,0.000000,0.000000,0.000000,disabled,1.000000,0.000000
701f47d0d22d6768,100%,100,91-100,mostly,82,81-90,text,pygments,False,0.000000,0.933333,0.933333,0.933333,0.933333,0.000000,0.933333,0.378378,0.538462,0.933333,0.933333,0.933333,0.000000,0.933333,0.500000,1.000000,6,2,modules/features/taskerplugin/src/main/java/au/com/shiftyjelly/pocketcasts/taskerplugin/playplaylist/config/ViewModelConfigPlayPlaylist.kt,same_file,3,False,,,0.000000,0.000000,no supported local structural parser,False,,0,0.000000,0.000000,0.000000,0.000000,disabled,1.000000,0.000000
23fde59519d4298b,mostly,70,61-70,mostly,72,71-80,text,pygments,False,0.000000,1.000000,1.000000,1.000000,1.000000,0.000000,1.000000,0.106061,0.191781,1.000000,1.000000,1.000000,0.000000,1.000000,0.066667,1.000000,8,15,modules/features/taskerplugin/src/main/java/au/com/shiftyjelly/pocketcasts/taskerplugin/queryfilterepisodes/ActionRunnerQueryFilterEpisodes.kt,same_file,1,False,,,0.000000,0.000000,no supported local structural parser,False,,0,0.000000,0.000000,0.000000,0.000000,disabled,1.000000,0.000000
4f564eaf7e37f6c8,partial,50,41-50,mostly,85,81-90,text,pygments,False,0.500000,0.382353,0.500000,0.382353,0.500000,0.500000,0.264706,1.000000,0.418605,0.264706,0.264706,0.264706,0.500000,0.264706,0.500000,0.357143,14,1,wear/src/main/kotlin/au/com/shiftyjelly/pocketcasts/wear/ui/authentication/LoginWithGoogleViewModel.kt,same_file,2,False,,,0.000000,0.000000,no supported local structural parser,False,,0,0.000000,0.000000,0.000000,0.000000,disabled,1.000000,0.500000
0f2bbd92830df629,100%,100,91-100,100%,100,91-100,text,pygments,True,1.000000,1.000000,1.000000,1.000000,1.000000,1.000000,1.000000,1.000000,1.000000,1.000000,1.000000,1.000000,1.000000,1.000000,1.000000,1.000000,18,2,modules/services/model/src/main/java/au/com/shiftyjelly/pocketcasts/models/to/SearchAutoCompleteItem.kt,same_file,1,False,,,0.000000,0.000000,no supported local structural parser,False,,0,0.000000,0.000000,0.000000,0.000000,disabled,1.000000,1.000000
88c8321d58d58b11,100%,100,91-100,100%,100,91-100,text,pygments,True,1.000000,1.000000,1.000000,1.000000,1.000000,1.000000,1.000000,0.035714,0.068966,1.000000,1.000000,1.000000,1.000000,1.000000,0.500000,0.000000,0,2,modules/services/repositories/src/main/java/au/com/shiftyjelly/pocketcasts/repositories/search/SearchAutoCompleteManagerImpl.kt,same_file,1,False,,,0.000000,0.000000,no supported local structural parser,False,,0,0.000000,0.000000,0.000000,0.000000,disabled,1.000000,1.000000
a955a5e3f72ea713,partial,15,11-20,mostly,82,81-90,text,pygments,False,0.000000,0.435897,0.641026,0.435897,0.641026,0.000000,0.307692,1.000000,0.470588,0.307692,0.307692,0.307692,0.000000,0.307692,0.142857,0.428571,14,1,modules/features/search/src/main/java/au/com/shiftyjelly/pocketcasts/search/SearchHandler.kt,same_file,5,False,,,0.000000,0.000000,no supported local structural parser,False,,0,0.000000,0.000000,0.000000,0.000000,disabled,1.000000,0.000000
36c49bc018099c35,100%,90,81-90,mostly,82,81-90,text,pygments,False,0.000000,0.923077,0.923077,0.923077,0.923077,0.000000,0.923077,0.923077,0.923077,0.923077,0.923077,0.923077,0.000000,0.923077,1.000000,1.000000,7,1,modules/services/model/src/main/java/au/com/shiftyjelly/pocketcasts/models/db/dao/PlaylistDao.kt,same_file,1,False,,,0.000000,0.000000,no supported local structural parser,False,,0,0.000000,0.000000,0.000000,0.000000,disabled,1.000000,0.000000
5584728d3e74ba7f,partial,33,31-40,mostly,82,81-90,text,pygments,False,0.333333,0.791667,1.000000,0.791667,1.000000,0.333333,0.791667,0.279412,0.413043,1.000000,0.791667,1.000000,0.333333,0.958333,0.375000,0.545455,11,8,modules/features/profile/src/main/java/au/com/shiftyjelly/pocketcasts/profile/winback/CancelOfferPage.kt,same_file,4,False,,,0.000000,0.000000,no supported local structural parser,False,,0,0.000000,0.000000,0.000000,0.000000,disabled,1.000000,0.333300
7562ca7c36484e05,100%,100,91-100,100%,100,91-100,text,pygments,True,1.000000,1.000000,1.000000,1.000000,1.000000,1.000000,1.000000,1.000000,1.000000,1.000000,1.000000,1.000000,1.000000,1.000000,1.000000,1.000000,3,1,modules/services/utils/src/test/java/au/com/shiftyjelly/pocketcasts/utils/coroutines/SyncedActionTest.kt,same_file,1,False,,,0.000000,0.000000,no supported local structural parser,False,,0,0.000000,0.000000,0.000000,0.000000,disabled,1.000000,1.000000
b17fef04cada9fbb,100%,100,91-100,100%,100,91-100,text,pygments,True,1.000000,1.000000,1.000000,1.000000,1.000000,1.000000,1.000000,1.000000,1.000000,1.000000,1.000000,1.000000,1.000000,1.000000,1.000000,1.000000,4,1,modules/features/podcasts/src/main/java/au/com/shiftyjelly/pocketcasts/podcasts/view/podcast/BaseEpisodeViewHolder.kt,same_file,1,False,,,0.000000,0.000000,no supported local structural parser,False,,0,0.000000,0.000000,0.000000,0.000000,disabled,1.000000,1.000000
6887c9597905894d,100%,100,91-100,100%,100,91-100,text,pygments,True,1.000000,1.000000,1.000000,1.000000,1.000000,1.000000,1.000000,1.000000,1.000000,1.000000,1.000000,1.000000,1.000000,1.000000,1.000000,1.000000,3,1,modules/services/model/src/test/java/au/com/shiftyjelly/pocketcasts/models/type/UpNextSortTypeTest.kt,same_file,1,False,,,0.000000,0.000000,no supported local structural parser,False,,0,0.000000,0.000000,0.000000,0.000000,disabled,1.000000,1.000000
3e6546e6a038494e,100%,100,91-100,100%,100,91-100,text,pygments,True,1.000000,1.000000,1.000000,1.000000,1.000000,1.000000,1.000000,1.000000,1.000000,1.000000,1.000000,1.000000,1.000000,1.000000,1.000000,1.000000,2,1,modules/services/views/src/main/java/au/com/shiftyjelly/pocketcasts/views/adapter/LockableListAdapter.kt,same_file,1,False,,,0.000000,0.000000,no supported local structural parser,False,,0,0.000000,0.000000,0.000000,0.000000,disabled,1.000000,1.000000
2ab55890d3312683,100%,100,91-100,100%,100,91-100,text,pygments,True,1.000000,1.000000,1.000000,1.000000,1.000000,1.000000,1.000000,1.000000,1.000000,1.000000,1.000000,1.000000,1.000000,1.000000,1.000000,1.000000,4,1,modules/features/podcasts/src/main/java/au/com/shiftyjelly/pocketcasts/podcasts/view/podcasts/FolderViewHolder.kt,same_file,1,False,,,0.000000,0.000000,no supported local structural parser,False,,0,0.000000,0.000000,0.000000,0.000000,disabled,1.000000,1.000000
30588209c826e28a,100%,100,91-100,100%,100,91-100,text,pygments,True,1.000000,1.000000,1.000000,1.000000,1.000000,1.000000,1.000000,1.000000,1.000000,1.000000,1.000000,1.000000,1.000000,1.000000,1.000000,1.000000,4,1,modules/features/podcasts/src/main/java/au/com/shiftyjelly/pocketcasts/podcasts/view/podcasts/FolderAdapter.kt,same_file,1,False,,,0.000000,0.000000,no supported local structural parser,False,,0,0.000000,0.000000,0.000000,0.000000,disabled,1.000000,1.000000
3bc1096ebc036d3a,100%,100,91-100,100%,100,91-100,text,pygments,True,1.000000,1.000000,1.000000,1.000000,1.000000,1.000000,1.000000,1.000000,1.000000,1.000000,1.000000,1.000000,1.000000,1.000000,1.000000,1.000000,1,1,wear/src/main/kotlin/au/com/shiftyjelly/pocketcasts/wear/MainActivity.kt,same_file,1,False,,,0.000000,0.000000,no supported local structural parser,False,,0,0.000000,0.000000,0.000000,0.000000,disabled,1.000000,1.000000
bb4e6ab3e22836aa,100%,90,81-90,mostly,72,71-80,text,pygments,False,0.000000,0.933333,1.000000,0.933333,1.000000,0.000000,0.933333,0.048951,0.093023,1.000000,0.933333,1.000000,0.000000,1.000000,0.038462,0.857143,7,26,modules/services/repositories/src/main/java/au/com/shiftyjelly/pocketcasts/repositories/playlist/PlaylistManagerImpl.kt,same_file,2,False,,,0.000000,0.000000,no supported local structural parser,False,,0,0.000000,0.000000,0.000000,0.000000,disabled,1.000000,0.000000
38d1931e7b15ce91,100%,90,81-90,mostly,72,71-80,text,pygments,False,0.000000,1.000000,1.000000,1.000000,1.000000,0.000000,1.000000,0.041667,0.080000,1.000000,1.000000,1.000000,0.000000,1.000000,0.052632,1.000000,2,19,modules/features/filters/src/main/java/au/com/shiftyjelly/pocketcasts/playlists/PlaylistFragment.kt,same_file,2,False,,,0.000000,0.000000,no supported local structural parser,False,,0,0.000000,0.000000,0.000000,0.000000,disabled,1.000000,0.000000
c84172e7fd42d39a,100%,100,91-100,100%,100,91-100,text,pygments,True,1.000000,1.000000,1.000000,1.000000,1.000000,1.000000,1.000000,1.000000,1.000000,1.000000,1.000000,1.000000,1.000000,1.000000,1.000000,1.000000,7,6,wear/src/main/kotlin/au/com/shiftyjelly/pocketcasts/wear/ui/authentication/LoginViewModel.kt,same_file,1,False,,,0.000000,0.000000,no supported local structural parser,False,,0,0.000000,0.000000,0.000000,0.000000,disabled,1.000000,1.000000
e89ce6634e67dec0,mostly,70,61-70,mostly,76,71-80,text,pygments,False,0.000000,0.857143,1.000000,0.857143,1.000000,0.000000,0.857143,0.545455,0.666667,1.000000,0.857143,1.000000,0.000000,0.857143,0.500000,0.666667,3,2,modules/features/filters/src/main/java/au/com/shiftyjelly/pocketcasts/playlists/smart/PodcastsRulePage.kt,neighboring_same_file,4,False,,,0.000000,0.000000,no supported local structural parser,False,,0,0.000000,0.000000,0.000000,0.000000,disabled,1.000000,0.000000
7f24e719084a3b0c,100%,100,91-100,mostly,82,81-90,text,pygments,False,0.000000,0.888889,0.888889,0.888889,0.888889,0.000000,0.888889,1.000000,0.941176,0.888889,0.888889,0.888889,0.000000,0.888889,1.000000,1.000000,4,1,modules/features/filters/src/main/java/au/com/shiftyjelly/pocketcasts/playlists/smart/EditRulesFragment.kt,same_file,1,False,,,0.000000,0.000000,no supported local structural parser,False,,0,0.000000,0.000000,0.000000,0.000000,disabled,1.000000,0.000000
34f5ba998b54c8ed,100%,100,91-100,100%,100,91-100,text,pygments,True,1.000000,1.000000,1.000000,1.000000,1.000000,1.000000,1.000000,1.000000,1.000000,1.000000,1.000000,1.000000,1.000000,1.000000,1.000000,1.000000,4,1,modules/features/filters/src/main/java/au/com/shiftyjelly/pocketcasts/playlists/smart/EditRulesFragment.kt,same_file,1,False,,,0.000000,0.000000,no supported local structural parser,False,,0,0.000000,0.000000,0.000000,0.000000,disabled,1.000000,1.000000
ca068eeef872e700,mostly,70,61-70,mostly,72,71-80,text,pygments,False,0.000000,0.857143,1.000000,0.857143,1.000000,0.000000,0.857143,0.100840,0.180451,1.000000,0.857143,1.000000,0.000000,1.000000,0.058824,0.800000,10,17,modules/services/model/src/main/java/au/com/shiftyjelly/pocketcasts/models/db/dao/PodcastDao.kt,same_file,4,False,,,0.000000,0.000000,no supported local structural parser,False,,0,0.000000,0.000000,0.000000,0.000000,disabled,1.000000,0.000000
a2e34e9471749e8c,100%,90,81-90,mostly,82,81-90,text,pygments,False,0.000000,0.888889,1.000000,0.888889,1.000000,0.000000,0.888889,0.372093,0.524590,1.000000,0.888889,1.000000,0.000000,1.000000,0.200000,0.833333,12,5,modules/services/model/src/main/java/au/com/shiftyjelly/pocketcasts/models/db/dao/PlaylistDao.kt,same_file,4,False,,,0.000000,0.000000,no supported local structural parser,False,,0,0.000000,0.000000,0.000000,0.000000,disabled,1.000000,0.000000
115002cabe230dec,100%,100,91-100,100%,100,91-100,text,pygments,True,1.000000,1.000000,1.000000,1.000000,1.000000,1.000000,1.000000,0.476190,0.645161,1.000000,1.000000,1.000000,1.000000,1.000000,0.500000,1.000000,4,2,modules/features/filters/src/main/java/au/com/shiftyjelly/pocketcasts/playlists/SettingsFragment.kt,same_file,1,False,,,0.000000,0.000000,no supported local structural parser,False,,0,0.000000,0.000000,0.000000,0.000000,disabled,1.000000,1.000000
c29fc541a1b6adb0,100%,90,81-90,mostly,72,71-80,text,pygments,False,0.000000,0.870968,0.870968,0.935484,0.935484,0.000000,0.870968,0.182432,0.301676,0.870968,0.935484,0.935484,0.000000,0.935484,0.045455,0.777778,18,22,modules/features/search/src/main/java/au/com/shiftyjelly/pocketcasts/search/component/ImprovedSearchEpisodeResultRow.kt,same_file,3,False,,,0.000000,0.000000,no supported local structural parser,False,,0,0.000000,0.000000,0.000000,0.000000,disabled,1.000000,0.000000
cb3e10095e2243bd,mostly,70,61-70,mostly,82,81-90,text,pygments,False,0.000000,0.750000,1.000000,1.000000,1.000000,0.000000,0.750000,0.120000,0.206897,1.000000,1.000000,1.000000,0.000000,1.000000,0.200000,0.500000,2,5,modules/services/utils/src/main/java/au/com/shiftyjelly/pocketcasts/utils/featureflag/Feature.kt,same_file,1,False,,,0.000000,0.000000,no supported local structural parser,False,,0,0.000000,0.000000,0.000000,0.000000,disabled,1.000000,0.000000
7b6cf8e35920afc8,partial,57,51-60,mostly,76,71-80,text,pygments,False,0.333333,0.787879,1.000000,0.787879,1.000000,0.333333,0.787879,0.619048,0.693333,1.000000,0.787879,1.000000,0.333333,0.848485,0.428571,0.533333,15,7,modules/features/podcasts/src/main/java/au/com/shiftyjelly/pocketcasts/podcasts/view/podcast/PodcastHeader.kt,neighboring_same_file,4,False,,,0.000000,0.000000,no supported local structural parser,False,,0,0.000000,0.000000,0.000000,0.000000,disabled,1.000000,0.333300
bf250ee4c9ee8ebb,100%,90,81-90,mostly,82,81-90,text,pygments,False,0.000000,1.000000,1.000000,1.000000,1.000000,0.000000,1.000000,0.596491,0.747253,1.000000,1.000000,1.000000,0.000000,1.000000,0.500000,1.000000,13,2,modules/services/repositories/src/main/java/au/com/shiftyjelly/pocketcasts/repositories/search/ImprovedSearchManagerImpl.kt,same_file,4,False,,,0.000000,0.000000,no supported local structural parser,False,,0,0.000000,0.000000,0.000000,0.000000,disabled,1.000000,0.000000
5d2c8ab658abf528,0%,0,0,partial,43,41-50,text,pygments,False,0.000000,0.371429,0.628571,0.371429,0.628571,0.000000,0.285714,0.434783,0.344828,0.514286,0.285714,0.514286,0.000000,0.457143,0.666667,0.000000,12,4,modules/features/search/src/main/java/au/com/shiftyjelly/pocketcasts/search/SearchAutoCompleteResultsPage.kt,neighboring_same_file,6,False,,,0.000000,0.000000,no supported local structural parser,False,,0,0.000000,0.000000,0.000000,0.000000,disabled,1.000000,0.000000
f5a7e16360d2bf81,partial,44,41-50,partial,55,51-60,text,pygments,False,0.333333,0.600000,0.933333,0.600000,0.933333,0.333333,0.400000,0.333333,0.363636,0.800000,0.400000,0.800000,0.000000,0.600000,0.750000,0.000000,7,4,modules/features/search/src/main/java/au/com/shiftyjelly/pocketcasts/search/SearchAutoCompleteResultsPage.kt,neighboring_same_file,6,False,,,0.000000,0.000000,no supported local structural parser,False,,0,0.000000,0.000000,0.000000,0.000000,disabled,1.000000,0.333300
8458fb28932ade2b,100%,100,91-100,100%,100,91-100,text,pygments,False,1.000000,1.000000,1.000000,1.000000,1.000000,1.000000,1.000000,0.149171,0.259615,1.000000,1.000000,1.000000,0.833333,0.962963,0.176471,1.000000,10,34,modules/features/search/src/main/java/au/com/shiftyjelly/pocketcasts/search/SearchAutoCompleteResultsPage.kt,same_file,2,False,,,0.000000,0.000000,no supported local structural parser,False,,0,0.000000,0.000000,0.000000,0.000000,disabled,1.000000,1.000000
f762bcbc9073335e,0%,0,0,0%,0,0,text,pygments,False,0.000000,0.578947,0.894737,0.578947,0.894737,0.000000,0.578947,0.067073,0.120219,0.894737,0.578947,0.894737,0.000000,0.789474,0.272727,0.200000,5,11,modules/features/search/src/main/java/au/com/shiftyjelly/pocketcasts/search/SearchHandler.kt,same_file,2,False,,,0.000000,0.000000,no supported local structural parser,False,,0,0.000000,0.000000,0.000000,0.000000,disabled,1.000000,0.000000
89ec34d3bd422d27,100%,90,81-90,mostly,82,81-90,text,pygments,False,0.000000,0.928571,0.928571,1.000000,1.000000,0.000000,0.928571,0.928571,0.928571,0.928571,1.000000,1.000000,0.000000,1.000000,1.000000,1.000000,2,1,modules/features/endofyear/src/main/java/au/com/shiftyjelly/pocketcasts/endofyear/ui/CompletionRateStory.kt,same_file,1,False,,,0.000000,0.000000,no supported local structural parser,False,,0,0.000000,0.000000,0.000000,0.000000,disabled,1.000000,0.000000
af16aebc42cf536d,0%,0,0,mostly,82,81-90,text,pygments,False,0.000000,0.900000,1.000000,0.900000,1.000000,0.000000,0.900000,0.428571,0.580645,1.000000,0.900000,1.000000,0.000000,1.000000,0.333333,0.750000,4,3,modules/features/endofyear/src/main/java/au/com/shiftyjelly/pocketcasts/endofyear/StoryCaptureController.kt,same_file,2,False,,,0.000000,0.000000,no supported local structural parser,False,,0,0.000000,0.000000,0.000000,0.000000,disabled,1.000000,0.000000
4e75a800869a6ec4,100%,100,91-100,100%,100,91-100,text,pygments,True,1.000000,1.000000,1.000000,1.000000,1.000000,1.000000,1.000000,1.000000,1.000000,1.000000,1.000000,1.000000,1.000000,1.000000,1.000000,1.000000,5,1,modules/features/filters/src/main/java/au/com/shiftyjelly/pocketcasts/playlists/component/PlaylistPreviewRow.kt,same_file,4,False,,,0.000000,0.000000,no supported local structural parser,False,,0,0.000000,0.000000,0.000000,0.000000,disabled,1.000000,1.000000
6be36df067ae0caf,0%,0,0,mostly,67,61-70,text,pygments,False,0.000000,0.529412,0.882353,0.529412,0.882353,0.000000,0.529412,0.321429,0.400000,0.882353,0.529412,0.882353,0.000000,0.588235,0.111111,0.142857,7,9,modules/features/filters/src/main/java/au/com/shiftyjelly/pocketcasts/playlists/PlaylistFragment.kt,neighboring_same_file,4,False,,,0.000000,0.000000,no supported local structural parser,False,,0,0.000000,0.000000,0.000000,0.000000,disabled,1.000000,0.000000
dfde8d56d13b9dd0,100%,100,91-100,100%,100,91-100,text,pygments,True,1.000000,1.000000,1.000000,1.000000,1.000000,1.000000,1.000000,1.000000,1.000000,1.000000,1.000000,1.000000,1.000000,1.000000,1.000000,1.000000,4,1,modules/features/endofyear/src/main/java/au/com/shiftyjelly/pocketcasts/endofyear/ui/EndingStory.kt,same_file,4,False,,,0.000000,0.000000,no supported local structural parser,False,,0,0.000000,0.000000,0.000000,0.000000,disabled,1.000000,1.000000
7b24b2e8d655edf8,0%,0,0,0%,0,0,text,pygments,False,0.000000,0.777778,1.000000,0.777778,1.000000,0.000000,0.777778,0.159091,0.264151,1.000000,0.777778,1.000000,0.000000,1.000000,0.125000,0.333333,3,8,modules/features/filters/src/main/java/au/com/shiftyjelly/pocketcasts/playlists/PlaylistFragment.kt,same_file,2,False,,,0.000000,0.000000,no supported local structural parser,False,,0,0.000000,0.000000,0.000000,0.000000,disabled,1.000000,0.000000
9332437894751407,partial,44,41-50,partial,55,51-60,text,pygments,False,0.125000,0.890000,1.000000,0.890000,1.000000,0.125000,0.880000,0.594595,0.709677,1.000000,0.880000,1.000000,0.000000,0.870000,0.421053,0.727273,44,19,modules/features/endofyear/src/main/java/au/com/shiftyjelly/pocketcasts/endofyear/ui/TopShowStory.kt,same_file,3,False,,,0.000000,0.000000,no supported local structural parser,False,,0,0.000000,0.000000,0.000000,0.000000,disabled,1.000000,0.125000
f71376566cb700e2,partial,54,51-60,partial,55,51-60,text,pygments,False,0.142857,0.896552,1.000000,0.896552,1.000000,0.142857,0.896552,0.568306,0.695652,1.000000,0.896552,1.000000,0.142857,0.887931,0.280000,0.739130,46,25,modules/features/endofyear/src/main/java/au/com/shiftyjelly/pocketcasts/endofyear/ui/TopShowStory.kt,neighboring_same_file,3,False,,,0.000000,0.000000,no supported local structural parser,False,,0,0.000000,0.000000,0.000000,0.000000,disabled,1.000000,0.142900
4540c2fdad90e55a,0%,0,0,0%,0,0,text,pygments,False,0.000000,0.400000,0.400000,0.400000,0.400000,0.000000,0.400000,0.100000,0.160000,0.400000,0.400000,0.400000,0.000000,0.400000,0.200000,0.250000,4,5,modules/features/endofyear/src/main/java/au/com/shiftyjelly/pocketcasts/endofyear/ui/TopShowStory.kt,same_file,2,False,,,0.000000,0.000000,no supported local structural parser,False,,0,0.000000,0.000000,0.000000,0.000000,disabled,1.000000,0.000000
fdacb5bda9bf1b7e,0%,0,0,mostly,72,71-80,text,pygments,False,0.000000,1.000000,1.000000,1.000000,1.000000,0.000000,1.000000,0.021930,0.042918,1.000000,1.000000,1.000000,0.000000,1.000000,0.023256,1.000000,4,43,modules/features/endofyear/src/main/java/au/com/shiftyjelly/pocketcasts/endofyear/ui/TopShowStory.kt,same_file,1,False,,,0.000000,0.000000,no supported local structural parser,False,,0,0.000000,0.000000,0.000000,0.000000,disabled,1.000000,0.000000
f43d426148954df2,partial,33,31-40,mostly,72,71-80,text,pygments,False,0.333333,0.968254,1.000000,0.968254,1.000000,0.333333,0.968254,0.201987,0.334247,1.000000,0.968254,1.000000,0.333333,1.000000,0.062500,0.925926,27,48,modules/features/endofyear/src/main/java/au/com/shiftyjelly/pocketcasts/endofyear/ui/TopShowStory.kt,same_file,1,False,,,0.000000,0.000000,no supported local structural parser,False,,0,0.000000,0.000000,0.000000,0.000000,disabled,1.000000,0.333300
eb54e6ef81332cb4,mostly,83,81-90,mostly,88,81-90,text,pygments,False,0.875000,0.927273,1.000000,0.927273,1.000000,0.875000,0.927273,0.822581,0.871795,1.000000,0.927273,1.000000,0.750000,0.945455,0.727273,0.789474,19,11,app/src/main/java/au/com/shiftyjelly/pocketcasts/ui/MainActivity.kt,same_file,2,False,,,0.000000,0.000000,no supported local structural parser,False,,0,0.000000,0.000000,0.000000,0.000000,disabled,1.000000,0.875000
7a8f12466ae5f89c,partial,20,11-20,partial,55,51-60,text,pygments,False,0.200000,0.103448,0.103448,0.103448,0.103448,0.200000,0.103448,1.000000,0.187500,0.103448,0.103448,0.103448,0.200000,0.103448,0.200000,0.083333,12,1,modules/features/appreview/src/main/kotlin/au/com/shiftyjelly/pocketcasts/appreview/AppReviewDialogFragment.kt,same_file,1,False,,,0.000000,0.000000,no supported local structural parser,False,,0,0.000000,0.000000,0.000000,0.000000,disabled,1.000000,0.200000
eb91bb51d24fd71d,partial,27,21-30,partial,55,51-60,text,pygments,False,0.250000,0.327273,0.327273,0.327273,0.327273,0.250000,0.327273,1.000000,0.493151,0.327273,0.327273,0.327273,0.125000,0.327273,0.250000,0.360000,25,2,modules/services/analytics/src/main/java/au/com/shiftyjelly/pocketcasts/analytics/AnalyticsTracker.kt,same_file,2,False,,,0.000000,0.000000,no supported local structural parser,False,,0,0.000000,0.000000,0.000000,0.000000,disabled,1.000000,0.250000
e26ea6b7ab2dff12,0%,0,0,0%,0,0,text,pygments,False,0.000000,0.136364,0.590909,0.136364,0.590909,0.000000,0.136364,0.111111,0.122449,0.590909,0.136364,0.590909,0.000000,0.590909,1.000000,0.090909,11,3,modules/features/endofyear/src/test/kotlin/au/com/shiftyjelly/pocketcasts/endofyear/EndOfYearViewModelTest.kt,same_file,2,False,,,0.000000,0.000000,no supported local structural parser,False,,0,0.000000,0.000000,0.000000,0.000000,disabled,1.000000,0.000000
3290cd78c2107352,100%,100,91-100,100%,100,91-100,text,pygments,True,1.000000,1.000000,1.000000,1.000000,1.000000,1.000000,1.000000,1.000000,1.000000,1.000000,1.000000,1.000000,1.000000,1.000000,1.000000,1.000000,2,1,modules/services/preferences/src/main/java/au/com/shiftyjelly/pocketcasts/preferences/model/AppReviewReason.kt,same_file,1,False,,,0.000000,0.000000,no supported local structural parser,False,,0,0.000000,0.000000,0.000000,0.000000,disabled,1.000000,1.000000
64e1a1014b16cd90,100%,100,91-100,100%,100,91-100,text,pygments,True,1.000000,1.000000,1.000000,1.000000,1.000000,1.000000,1.000000,1.000000,1.000000,1.000000,1.000000,1.000000,1.000000,1.000000,1.000000,1.000000,3,1,modules/services/repositories/src/main/java/au/com/shiftyjelly/pocketcasts/repositories/appreview/AppReviewAnalyticsListener.kt,same_file,1,False,,,0.000000,0.000000,no supported local structural parser,False,,0,0.000000,0.000000,0.000000,0.000000,disabled,1.000000,1.000000
2fd56e49449b3981,partial,12,11-20,mostly,72,71-80,text,pygments,False,0.000000,0.354839,0.419355,0.354839,0.419355,0.000000,0.354839,0.846154,0.500000,0.419355,0.354839,0.419355,0.000000,0.387097,0.222222,0.296296,27,2,modules/services/repositories/src/main/java/au/com/shiftyjelly/pocketcasts/repositories/appreview/AppReviewManagerImpl.kt,same_file,1,False,,,0.000000,0.000000,no supported local structural parser,False,,0,0.000000,0.000000,0.000000,0.000000,disabled,1.000000,0.000000
e4ee92a239241071,partial,18,11-20,mostly,78,71-80,text,pygments,False,0.000000,0.500000,0.541667,0.500000,0.541667,0.000000,0.500000,0.923077,0.648649,0.541667,0.500000,0.541667,0.000000,0.520833,0.181818,0.588235,17,2,modules/services/repositories/src/main/java/au/com/shiftyjelly/pocketcasts/repositories/appreview/AppReviewManagerImpl.kt,same_file,1,False,,,0.000000,0.000000,no supported local structural parser,False,,0,0.000000,0.000000,0.000000,0.000000,disabled,1.000000,0.000000
a011d0f8cf2a093b,100%,100,91-100,100%,100,91-100,text,pygments,True,1.000000,1.000000,1.000000,1.000000,1.000000,1.000000,1.000000,1.000000,1.000000,1.000000,1.000000,1.000000,1.000000,1.000000,1.000000,1.000000,5,1,modules/services/preferences/src/main/java/au/com/shiftyjelly/pocketcasts/preferences/SettingsImpl.kt,same_file,1,False,,,0.000000,0.000000,no supported local structural parser,False,,0,0.000000,0.000000,0.000000,0.000000,disabled,1.000000,1.000000
7b641f145a078211,0%,0,0,mostly,72,71-80,text,pygments,False,0.000000,1.000000,1.000000,1.000000,1.000000,0.000000,1.000000,0.031873,0.061776,1.000000,1.000000,1.000000,0.000000,1.000000,0.022727,1.000000,3,44,modules/features/endofyear/src/main/java/au/com/shiftyjelly/pocketcasts/endofyear/ui/TopShowsStory.kt,same_file,1,False,,,0.000000,0.000000,no supported local structural parser,False,,0,0.000000,0.000000,0.000000,0.000000,disabled,1.000000,0.000000
456bf29fc9205e69,0%,0,0,0%,0,0,text,pygments,False,0.000000,0.423077,0.807692,0.423077,0.807692,0.000000,0.423077,0.220000,0.289474,0.807692,0.423077,0.807692,0.000000,0.653846,0.277778,0.090909,11,5,modules/services/views/src/main/java/au/com/shiftyjelly/pocketcasts/views/component/TouchDetectionFrameLayout.kt,same_file,5,False,,,0.000000,0.000000,no supported local structural parser,False,,0,0.000000,0.000000,0.000000,0.000000,disabled,1.000000,0.000000
feacc0ae3d5b5249,0%,0,0,partial,47,41-50,text,pygments,False,0.000000,0.384615,0.615385,0.384615,0.615385,0.000000,0.384615,0.416667,0.400000,0.615385,0.384615,0.615385,0.000000,0.461538,0.500000,0.400000,5,2,modules/features/settings/src/main/java/au/com/shiftyjelly/pocketcasts/settings/LicensesFragment.kt,same_file,4,False,,,0.000000,0.000000,no supported local structural parser,False,,0,0.000000,0.000000,0.000000,0.000000,disabled,1.000000,0.000000
a355d88401a0a9c9,0%,0,0,0%,0,0,text,pygments,False,0.000000,0.000000,0.642857,0.000000,0.642857,0.000000,0.000000,0.000000,0.000000,0.642857,0.000000,0.642857,0.000000,0.642857,0.500000,0.000000,8,1,modules/features/appreview/src/main/kotlin/au/com/shiftyjelly/pocketcasts/appreview/AppReviewPage.kt,same_file,2,False,,,0.000000,0.000000,no supported local structural parser,False,,0,0.000000,0.000000,0.000000,0.000000,disabled,1.000000,0.000000
68f8f60eb651cdf8,0%,0,0,0%,0,0,text,pygments,False,0.000000,0.000000,0.555556,0.000000,0.555556,0.000000,0.000000,0.000000,0.000000,0.555556,0.000000,0.555556,0.000000,0.555556,1.000000,0.000000,7,1,modules/features/appreview/src/main/kotlin/au/com/shiftyjelly/pocketcasts/appreview/AppReviewPage.kt,same_file,2,False,,,0.000000,0.000000,no supported local structural parser,False,,0,0.000000,0.000000,0.000000,0.000000,disabled,1.000000,0.000000
efff0295ad3770b2,0%,0,0,0%,0,0,text,pygments,False,0.000000,0.000000,0.444444,0.000000,0.444444,0.000000,0.000000,0.000000,0.000000,0.444444,0.000000,0.444444,0.000000,0.444444,1.000000,0.000000,8,1,modules/features/appreview/src/main/kotlin/au/com/shiftyjelly/pocketcasts/appreview/AppReviewPage.kt,same_file,2,False,,,0.000000,0.000000,no supported local structural parser,False,,0,0.000000,0.000000,0.000000,0.000000,disabled,1.000000,0.000000
b81e7c6f165df36c,partial,45,41-50,mostly,75,71-80,text,pygments,False,0.000000,0.750000,0.850000,0.750000,0.850000,0.000000,0.750000,0.882353,0.810811,0.850000,0.750000,0.850000,0.000000,0.850000,1.000000,0.600000,10,2,modules/features/endofyear/src/main/java/au/com/shiftyjelly/pocketcasts/endofyear/ui/TotalTimeStory.kt,same_file,2,False,,,0.000000,0.000000,no supported local structural parser,False,,0,0.000000,0.000000,0.000000,0.000000,disabled,1.000000,0.000000
e6e39734ce7c581f,partial,18,11-20,partial,55,51-60,text,pygments,False,0.142857,0.288889,0.288889,0.288889,0.288889,0.142857,0.288889,1.000000,0.448276,0.288889,0.288889,0.288889,0.142857,0.288889,0.142857,0.300000,20,1,modules/features/appreview/src/main/kotlin/au/com/shiftyjelly/pocketcasts/appreview/AppReviewViewModel.kt,same_file,1,False,,,0.000000,0.000000,no supported local structural parser,False,,0,0.000000,0.000000,0.000000,0.000000,disabled,1.000000,0.142900
e1358aa74e27326b,100%,100,91-100,100%,100,91-100,text,pygments,True,1.000000,1.000000,1.000000,1.000000,1.000000,1.000000,1.000000,1.000000,1.000000,1.000000,1.000000,1.000000,1.000000,1.000000,1.000000,1.000000,9,1,modules/services/repositories/src/main/java/au/com/shiftyjelly/pocketcasts/repositories/appreview/AppReviewExceptionHandler.kt,same_file,1,False,,,0.000000,0.000000,no supported local structural parser,False,,0,0.000000,0.000000,0.000000,0.000000,disabled,1.000000,1.000000
9ffe167919e1187a,0%,0,0,mostly,82,81-90,text,pygments,False,0.000000,0.448276,0.448276,0.448276,0.448276,0.000000,0.448276,1.000000,0.619048,0.448276,0.448276,0.448276,0.000000,0.413793,0.250000,0.352941,17,1,modules/features/appreview/src/main/kotlin/au/com/shiftyjelly/pocketcasts/appreview/AppReviewViewModel.kt,same_file,1,False,,,0.000000,0.000000,no supported local structural parser,False,,0,0.000000,0.000000,0.000000,0.000000,disabled,1.000000,0.000000
ed9683f2898fc402,100%,100,91-100,100%,100,91-100,text,pygments,True,1.000000,1.000000,1.000000,1.000000,1.000000,1.000000,1.000000,1.000000,1.000000,1.000000,1.000000,1.000000,1.000000,1.000000,1.000000,1.000000,8,3,modules/services/utils/src/main/java/au/com/shiftyjelly/pocketcasts/utils/ChainedExceptionHandler.kt,same_file,1,False,,,0.000000,0.000000,no supported local structural parser,False,,0,0.000000,0.000000,0.000000,0.000000,disabled,1.000000,1.000000
14c3bd9db2ebc5ee,100%,100,91-100,mostly,72,71-80,text,pygments,False,0.000000,1.000000,1.000000,1.000000,1.000000,0.000000,1.000000,0.088889,0.163265,1.000000,1.000000,1.000000,0.000000,1.000000,0.033333,1.000000,8,30,modules/services/repositories/src/main/java/au/com/shiftyjelly/pocketcasts/repositories/appreview/AppReviewManagerImpl.kt,same_file,2,False,,,0.000000,0.000000,no supported local structural parser,False,,0,0.000000,0.000000,0.000000,0.000000,disabled,1.000000,0.000000
abbd848eadd5b7a0,0%,0,0,mostly,72,71-80,text,pygments,False,0.000000,0.857143,1.000000,0.857143,1.000000,0.000000,0.857143,0.031250,0.060302,1.000000,0.857143,1.000000,0.000000,1.000000,0.041667,0.666667,3,24,modules/services/repositories/src/main/java/au/com/shiftyjelly/pocketcasts/repositories/appreview/AppReviewManagerImpl.kt,same_file,2,False,,,0.000000,0.000000,no supported local structural parser,False,,0,0.000000,0.000000,0.000000,0.000000,disabled,1.000000,0.000000
63a56886aa29910f,100%,100,91-100,100%,100,91-100,text,pygments,True,1.000000,1.000000,1.000000,1.000000,1.000000,1.000000,1.000000,1.000000,1.000000,1.000000,1.000000,1.000000,1.000000,1.000000,1.000000,1.000000,14,1,modules/services/model/src/main/java/au/com/shiftyjelly/pocketcasts/models/db/dao/EpisodeDao.kt,same_file,1,False,,,0.000000,0.000000,no supported local structural parser,False,,0,0.000000,0.000000,0.000000,0.000000,disabled,1.000000,1.000000
6dd2070278a6b86b,100%,100,91-100,100%,100,91-100,text,pygments,True,1.000000,1.000000,1.000000,1.000000,1.000000,1.000000,1.000000,1.000000,1.000000,1.000000,1.000000,1.000000,1.000000,1.000000,1.000000,1.000000,3,1,modules/services/repositories/src/main/java/au/com/shiftyjelly/pocketcasts/repositories/appreview/AppReviewManagerImpl.kt,same_file,3,False,,,0.000000,0.000000,no supported local structural parser,False,,0,0.000000,0.000000,0.000000,0.000000,disabled,1.000000,1.000000
53f6525ae56d26a2,100%,100,91-100,100%,100,91-100,text,pygments,True,1.000000,1.000000,1.000000,1.000000,1.000000,1.000000,1.000000,1.000000,1.000000,1.000000,1.000000,1.000000,1.000000,1.000000,1.000000,1.000000,3,1,modules/services/repositories/src/main/java/au/com/shiftyjelly/pocketcasts/repositories/appreview/AppReviewManagerImpl.kt,same_file,3,False,,,0.000000,0.000000,no supported local structural parser,False,,0,0.000000,0.000000,0.000000,0.000000,disabled,1.000000,1.000000
4cd0ef33cc742ef7,0%,0,0,mostly,82,81-90,text,pygments,False,0.000000,0.866667,1.000000,0.866667,1.000000,0.000000,0.866667,0.216667,0.346667,1.000000,0.866667,1.000000,0.000000,1.000000,0.250000,0.800000,10,4,modules/services/repositories/src/main/java/au/com/shiftyjelly/pocketcasts/repositories/appreview/AppReviewManagerImpl.kt,same_file,4,False,,,0.000000,0.000000,no supported local structural parser,False,,0,0.000000,0.000000,0.000000,0.000000,disabled,1.000000,0.000000
3a525721ed0179b1,100%,100,91-100,100%,100,91-100,text,pygments,True,1.000000,1.000000,1.000000,1.000000,1.000000,1.000000,1.000000,1.000000,1.000000,1.000000,1.000000,1.000000,1.000000,1.000000,1.000000,1.000000,38,4,modules/services/repositories/src/main/java/au/com/shiftyjelly/pocketcasts/repositories/appreview/AppReviewManagerImpl.kt,same_file,3,False,,,0.000000,0.000000,no supported local structural parser,False,,0,0.000000,0.000000,0.000000,0.000000,disabled,1.000000,1.000000
9dfcba9b4de0ecdc,partial,15,11-20,0%,0,0,text,pygments,False,0.000000,0.666667,0.904762,0.761905,1.000000,0.000000,0.666667,0.159091,0.256881,0.904762,0.761905,1.000000,0.000000,0.952381,0.166667,0.222222,9,18,modules/features/endofyear/src/main/java/au/com/shiftyjelly/pocketcasts/endofyear/ui/TopShowStory.kt,same_file,2,False,,,0.000000,0.000000,no supported local structural parser,False,,0,0.000000,0.000000,0.000000,0.000000,disabled,1.000000,0.000000
ccd54adcf2c487ac,0%,0,0,mostly,65,61-70,text,pygments,False,0.000000,0.476190,0.857143,0.476190,0.857143,0.000000,0.476190,0.384615,0.425532,0.857143,0.476190,0.857143,0.000000,0.714286,0.333333,0.000000,9,1,modules/features/endofyear/src/main/java/au/com/shiftyjelly/pocketcasts/endofyear/ui/TopShowStory.kt,same_file,2,False,,,0.000000,0.000000,no supported local structural parser,False,,0,0.000000,0.000000,0.000000,0.000000,disabled,1.000000,0.000000
eb1e22c841a6277a,0%,0,0,0%,0,0,text,regex,False,0.000000,0.130435,0.695652,0.173913,0.739130,0.000000,0.130435,0.093750,0.109091,0.695652,0.173913,0.739130,0.000000,0.652174,0.200000,0.000000,13,5,modules/features/endofyear/src/main/java/au/com/shiftyjelly/pocketcasts/endofyear/ui/TopShowStory.kt,neighboring_same_file,7,False,,,0.000000,0.000000,no supported local structural parser,False,,0,0.000000,0.000000,0.000000,0.000000,disabled,1.000000,0.000000
cd5463f0a3a791a1,0%,0,0,partial,34,31-40,text,pygments,False,0.000000,0.133333,0.200000,0.133333,0.200000,0.000000,0.133333,0.400000,0.200000,0.200000,0.133333,0.200000,0.000000,0.200000,1.000000,0.000000,6,1,modules/features/endofyear/src/main/java/au/com/shiftyjelly/pocketcasts/endofyear/ui/TopShowStory.kt,same_file,1,False,,,0.000000,0.000000,no supported local structural parser,False,,0,0.000000,0.000000,0.000000,0.000000,disabled,1.000000,0.000000
5c1d69a1f26d9ee8,partial,15,11-20,mostly,82,81-90,text,pygments,False,0.000000,1.000000,1.000000,1.000000,1.000000,0.000000,1.000000,0.196262,0.328125,1.000000,1.000000,1.000000,0.000000,1.000000,0.166667,1.000000,9,18,modules/features/endofyear/src/main/java/au/com/shiftyjelly/pocketcasts/endofyear/ui/TopShowStory.kt,same_file,2,False,,,0.000000,0.000000,no supported local structural parser,False,,0,0.000000,0.000000,0.000000,0.000000,disabled,1.000000,0.000000
16f03302b6770fdc,partial,50,41-50,mostly,69,61-70,text,pygments,False,0.500000,0.714286,0.857143,0.714286,0.857143,0.500000,0.714286,0.322581,0.444444,0.857143,0.714286,0.857143,0.500000,0.785714,0.250000,0.500000,6,8,modules/features/endofyear/src/main/java/au/com/shiftyjelly/pocketcasts/endofyear/ui/LongestEpisodeStory.kt,neighboring_same_file,4,False,,,0.000000,0.000000,no supported local structural parser,False,,0,0.000000,0.000000,0.000000,0.000000,disabled,1.000000,0.500000
d51616cc3aa85eb3,mostly,80,71-80,mostly,88,81-90,text,pygments,False,0.666667,0.950000,1.000000,0.950000,1.000000,0.666667,0.950000,0.358491,0.520548,1.000000,0.950000,1.000000,0.333333,1.000000,0.428571,0.857143,7,7,modules/features/filters/src/main/java/au/com/shiftyjelly/pocketcasts/playlists/manual/AddEpisodesColumn.kt,neighboring_same_file,3,False,,,0.000000,0.000000,no supported local structural parser,False,,0,0.000000,0.000000,0.000000,0.000000,disabled,1.000000,0.666700
842156a216fc29f8,0%,0,0,0%,0,0,text,pygments,False,0.000000,0.600000,1.000000,0.600000,1.000000,0.000000,0.600000,0.130435,0.214286,1.000000,0.600000,1.000000,0.000000,0.800000,0.500000,0.000000,2,2,modules/features/endofyear/src/main/java/au/com/shiftyjelly/pocketcasts/endofyear/ui/components/VideoSurface.kt,same_file,7,False,,,0.000000,0.000000,no supported local structural parser,False,,0,0.000000,0.000000,0.000000,0.000000,disabled,1.000000,0.000000
b031e1f6ed00d8c3,partial,8,1-10,mostly,65,61-70,text,pygments,False,0.000000,0.379032,0.467742,0.379032,0.467742,0.000000,0.346774,0.767857,0.477778,0.419355,0.346774,0.419355,0.000000,0.379032,0.227273,0.290909,55,5,modules/features/endofyear/src/main/java/au/com/shiftyjelly/pocketcasts/endofyear/ui/components/VideoSurface.kt,neighboring_same_file,5,False,,,0.000000,0.000000,no supported local structural parser,False,,0,0.000000,0.000000,0.000000,0.000000,disabled,1.000000,0.000000
357ba3b40aab2e80,0%,0,0,mostly,82,81-90,text,pygments,False,0.000000,1.000000,1.000000,1.000000,1.000000,0.000000,1.000000,0.151515,0.263158,1.000000,1.000000,1.000000,0.000000,1.000000,0.333333,1.000000,2,3,modules/features/endofyear/src/main/java/au/com/shiftyjelly/pocketcasts/endofyear/ui/components/VideoSurface.kt,same_file,6,False,,,0.000000,0.000000,no supported local structural parser,False,,0,0.000000,0.000000,0.000000,0.000000,disabled,1.000000,0.000000
55c71d7c6a29686c,100%,100,91-100,100%,100,91-100,text,regex,True,1.000000,0.061538,0.292308,0.061538,0.292308,1.000000,1.000000,1.000000,1.000000,1.000000,1.000000,1.000000,1.000000,1.000000,1.000000,1.000000,35,3,modules/features/filters/src/main/java/au/com/shiftyjelly/pocketcasts/playlists/manual/AddToPlaylistFragment.kt,same_file,3,False,,,0.000000,0.000000,no supported local structural parser,False,,0,0.000000,0.000000,0.000000,0.000000,disabled,1.000000,1.000000
37ab5403a9fa5c35,0%,0,0,0%,0,0,text,pygments,False,0.000000,0.000000,0.176471,0.000000,0.176471,0.000000,0.000000,0.000000,0.000000,0.176471,0.000000,0.176471,0.000000,0.176471,0.500000,0.000000,11,2,modules/features/endofyear/src/main/java/au/com/shiftyjelly/pocketcasts/endofyear/EndOfYearViewModel.kt,same_file,2,False,,,0.000000,0.000000,no supported local structural parser,False,,0,0.000000,0.000000,0.000000,0.000000,disabled,1.000000,0.000000
d9495d372a82be6f,0%,0,0,0%,0,0,text,pygments,False,0.000000,0.400000,0.900000,0.400000,0.900000,0.000000,0.400000,0.048193,0.086022,0.900000,0.400000,0.900000,0.000000,0.900000,0.100000,0.000000,8,20,modules/features/endofyear/src/main/java/au/com/shiftyjelly/pocketcasts/endofyear/ui/StoriesPage.kt,same_file,2,False,,,0.000000,0.000000,no supported local structural parser,False,,0,0.000000,0.000000,0.000000,0.000000,disabled,1.000000,0.000000
22481a30a3cc075f,100%,95,91-100,mostly,82,81-90,text,pygments,False,0.777778,0.964286,0.982143,0.964286,0.982143,0.777778,0.964286,0.295082,0.451883,0.982143,0.964286,0.982143,0.444444,0.928571,0.243243,0.956522,23,37,modules/features/endofyear/src/main/java/au/com/shiftyjelly/pocketcasts/endofyear/ui/StoriesPage.kt,same_file,2,False,,,0.000000,0.000000,no supported local structural parser,False,,0,0.000000,0.000000,0.000000,0.000000,disabled,1.000000,0.777800
932e1fbdcb03abef,0%,0,0,0%,0,0,text,pygments,False,0.000000,0.529412,0.941176,0.529412,0.941176,0.000000,0.529412,0.142857,0.225000,0.941176,0.529412,0.941176,0.000000,0.882353,0.428571,0.222222,9,7,modules/features/endofyear/src/main/java/au/com/shiftyjelly/pocketcasts/endofyear/EndOfYearViewModel.kt,same_file,4,False,,,0.000000,0.000000,no supported local structural parser,False,,0,0.000000,0.000000,0.000000,0.000000,disabled,1.000000,0.000000
d9c491a6f51aa0b9,0%,0,0,0%,0,0,text,pygments,False,0.000000,0.500000,1.000000,0.500000,1.000000,0.000000,0.250000,0.055556,0.090909,1.000000,0.250000,1.000000,0.000000,1.000000,0.500000,0.000000,3,2,modules/features/endofyear/src/main/java/au/com/shiftyjelly/pocketcasts/endofyear/ui/StoriesPage.kt,same_file,3,False,,,0.000000,0.000000,no supported local structural parser,False,,0,0.000000,0.000000,0.000000,0.000000,disabled,1.000000,0.000000
16117283dc87b1ea,partial,25,21-30,partial,55,51-60,text,pygments,False,0.166667,0.362319,0.405797,0.362319,0.405797,0.166667,0.362319,0.833333,0.505051,0.405797,0.362319,0.405797,0.083333,0.391304,0.333333,0.375000,32,4,modules/services/utils/src/main/java/au/com/shiftyjelly/pocketcasts/utils/accessibility/AccessibilityManager.kt,same_file,2,False,,,0.000000,0.000000,no supported local structural parser,False,,0,0.000000,0.000000,0.000000,0.000000,disabled,1.000000,0.166700
8cc9a3e52be59d56,partial,45,41-50,mostly,72,71-80,text,pygments,False,0.000000,0.958333,1.000000,0.958333,1.000000,0.000000,0.958333,0.005045,0.010037,1.000000,0.958333,1.000000,0.000000,1.000000,0.003497,0.916667,12,572,modules/features/endofyear/src/test/kotlin/au/com/shiftyjelly/pocketcasts/endofyear/EndOfYearViewModelTest.kt,neighboring_same_file,3,False,,,0.000000,0.000000,no supported local structural parser,False,,0,0.000000,0.000000,0.000000,0.000000,disabled,1.000000,0.000000
0108aec3d1f1f993,partial,8,1-10,partial,55,51-60,text,pygments,False,0.250000,0.705882,1.000000,0.705882,1.000000,0.250000,0.705882,0.292683,0.413793,1.000000,0.705882,1.000000,0.250000,0.823529,0.500000,0.375000,8,8,modules/features/endofyear/src/main/java/au/com/shiftyjelly/pocketcasts/endofyear/EndOfYearViewModel.kt,neighboring_same_file,3,False,,,0.000000,0.000000,no supported local structural parser,False,,0,0.000000,0.000000,0.000000,0.000000,disabled,1.000000,0.250000
31b327600eebb7dd,0%,0,0,0%,0,0,text,pygments,False,0.000000,0.000000,0.000000,0.000000,0.000000,0.000000,0.000000,0.000000,0.000000,0.000000,0.000000,0.000000,0.000000,0.000000,0.000000,0.000000,0,0,,,0,False,,,0.000000,0.000000,no supported local structural parser,False,,0,0.000000,0.000000,0.000000,0.000000,disabled,1.000000,0.000000
53ce9bd1c4878310,partial,5,1-10,partial,55,51-60,text,pygments,False,0.111111,0.301587,0.444444,0.301587,0.444444,0.111111,0.301587,0.678571,0.417582,0.444444,0.301587,0.444444,0.111111,0.396825,0.444444,0.230769,26,4,modules/features/podcasts/src/main/java/au/com/shiftyjelly/pocketcasts/podcasts/view/podcast/BaseEpisodeViewHolder.kt,same_file,2,False,,,0.000000,0.000000,no supported local structural parser,False,,0,0.000000,0.000000,0.000000,0.000000,disabled,1.000000,0.111100
f62dafaef17dbf39,0%,0,0,partial,50,41-50,text,pygments,False,0.000000,0.457143,0.657143,0.500000,0.685714,0.000000,0.457143,0.516129,0.484848,0.657143,0.500000,0.685714,0.000000,0.457143,0.785714,0.185185,27,11,modules/features/endofyear/src/main/java/au/com/shiftyjelly/pocketcasts/endofyear/ui/NumberOfShowsStory.kt,neighboring_same_file,4,False,,,0.000000,0.000000,no supported local structural parser,False,,0,0.000000,0.000000,0.000000,0.000000,disabled,1.000000,0.000000
96101782beecee67,partial,14,11-20,mostly,69,61-70,text,pygments,False,0.000000,0.826087,0.913043,0.913043,1.000000,0.000000,0.826087,0.395833,0.535211,0.913043,0.913043,1.000000,0.000000,0.782609,0.500000,0.714286,14,8,modules/features/endofyear/src/main/java/au/com/shiftyjelly/pocketcasts/endofyear/ui/NumberOfShowsStory.kt,neighboring_same_file,5,False,,,0.000000,0.000000,no supported local structural parser,False,,0,0.000000,0.000000,0.000000,0.000000,disabled,1.000000,0.000000
46b9ec6fb7dfe681,0%,0,0,0%,0,0,text,pygments,False,0.000000,0.076923,0.692308,0.153846,0.730769,0.000000,0.076923,0.043478,0.055556,0.692308,0.153846,0.730769,0.000000,0.653846,0.500000,0.000000,18,8,modules/features/endofyear/src/main/java/au/com/shiftyjelly/pocketcasts/endofyear/ui/NumberOfShowsStory.kt,neighboring_same_file,4,False,,,0.000000,0.000000,no supported local structural parser,False,,0,0.000000,0.000000,0.000000,0.000000,disabled,1.000000,0.000000
63ef422328dd8cea,partial,12,11-20,partial,55,51-60,text,pygments,False,0.083333,0.071429,0.071429,0.071429,0.071429,0.083333,0.071429,1.000000,0.133333,0.071429,0.071429,0.071429,0.083333,0.071429,0.083333,0.142857,14,1,modules/features/endofyear/src/main/java/au/com/shiftyjelly/pocketcasts/endofyear/ui/NumberOfShowsStory.kt,same_file,2,False,,,0.000000,0.000000,no supported local structural parser,False,,0,0.000000,0.000000,0.000000,0.000000,disabled,1.000000,0.083300
3b0351145e2042f5,partial,45,41-50,0%,0,0,text,pygments,False,0.000000,0.600000,0.850000,0.600000,0.850000,0.000000,0.600000,0.218182,0.320000,0.850000,0.600000,0.850000,0.000000,0.650000,0.285714,0.375000,8,7,modules/features/endofyear/src/main/java/au/com/shiftyjelly/pocketcasts/endofyear/ui/NumberOfShowsStory.kt,neighboring_same_file,4,False,,,0.000000,0.000000,no supported local structural parser,False,,0,0.000000,0.000000,0.000000,0.000000,disabled,1.000000,0.000000
de15f0ef6663d4a3,partial,16,11-20,mostly,62,61-70,text,pygments,False,0.000000,0.641509,0.905660,0.660377,0.924528,0.000000,0.547170,0.580000,0.563107,0.811321,0.566038,0.830189,0.000000,0.660377,0.888889,0.571429,28,9,modules/features/endofyear/src/main/java/au/com/shiftyjelly/pocketcasts/endofyear/ui/NumberOfShowsStory.kt,neighboring_same_file,5,False,,,0.000000,0.000000,no supported local structural parser,False,,0,0.000000,0.000000,0.000000,0.000000,disabled,1.000000,0.000000
a46fc20734528231,0%,0,0,partial,47,41-50,text,pygments,False,0.000000,0.434211,0.618421,0.473684,0.644737,0.000000,0.434211,0.532258,0.478261,0.618421,0.473684,0.644737,0.000000,0.421053,0.733333,0.193548,31,11,modules/features/endofyear/src/main/java/au/com/shiftyjelly/pocketcasts/endofyear/ui/NumberOfShowsStory.kt,neighboring_same_file,4,False,,,0.000000,0.000000,no supported local structural parser,False,,0,0.000000,0.000000,0.000000,0.000000,disabled,1.000000,0.000000
f0c50fbe009f4468,0%,0,0,mostly,72,71-80,text,pygments,False,0.000000,0.900000,1.000000,0.900000,1.000000,0.000000,0.900000,0.046154,0.087805,1.000000,0.900000,1.000000,0.000000,1.000000,0.027778,0.857143,7,36,modules/features/endofyear/src/main/java/au/com/shiftyjelly/pocketcasts/endofyear/ui/NumberOfShowsStory.kt,same_file,1,False,,,0.000000,0.000000,no supported local structural parser,False,,0,0.000000,0.000000,0.000000,0.000000,disabled,1.000000,0.000000
1dcd357279624ccf,100%,93,91-100,mostly,87,81-90,text,pygments,False,0.866667,0.985915,0.985915,0.985915,0.985915,0.866667,0.985915,0.250000,0.398860,0.985915,0.985915,0.985915,0.666667,0.943662,0.340909,1.000000,25,44,modules/features/endofyear/src/main/java/au/com/shiftyjelly/pocketcasts/endofyear/ui/NumberOfShowsStory.kt,same_file,1,False,,,0.000000,0.000000,no supported local structural parser,False,,0,0.000000,0.000000,0.000000,0.000000,disabled,1.000000,0.866700
a6c603f23ba6a152,100%,100,91-100,100%,100,91-100,text,regex,True,1.000000,1.000000,1.000000,1.000000,1.000000,1.000000,1.000000,1.000000,1.000000,1.000000,1.000000,1.000000,1.000000,1.000000,1.000000,1.000000,13,1,app/src/androidTest/java/au/com/shiftyjelly/pocketcasts/repositories/playlist/PlaylistManagerSmartTest.kt,same_file,1,False,,,0.000000,0.000000,no supported local structural parser,False,,0,0.000000,0.000000,0.000000,0.000000,disabled,1.000000,1.000000
96d4e649e584d957,100%,100,91-100,100%,100,91-100,text,regex,True,1.000000,1.000000,1.000000,1.000000,1.000000,1.000000,1.000000,1.000000,1.000000,1.000000,1.000000,1.000000,1.000000,1.000000,1.000000,1.000000,13,1,app/src/androidTest/java/au/com/shiftyjelly/pocketcasts/repositories/playlist/PlaylistManagerManualTest.kt,same_file,1,False,,,0.000000,0.000000,no supported local structural parser,False,,0,0.000000,0.000000,0.000000,0.000000,disabled,1.000000,1.000000
c3a8ad2f1e5b8db6,0%,0,0,0%,0,0,text,regex,False,0.000000,0.071429,0.214286,0.071429,0.214286,0.000000,0.071429,0.206897,0.106195,0.214286,0.071429,0.214286,0.000000,0.202381,0.222222,0.071429,42,2,modules/services/repositories/src/main/java/au/com/shiftyjelly/pocketcasts/repositories/playlist/PlaylistManager.kt,same_file,2,False,,,0.000000,0.000000,no supported local structural parser,False,,0,0.000000,0.000000,0.000000,0.000000,disabled,1.000000,0.000000
0185388223614dc2,mostly,83,81-90,mostly,80,71-80,text,pygments,False,0.750000,0.863636,0.954545,0.863636,0.954545,0.750000,0.863636,0.655172,0.745098,0.954545,0.863636,0.954545,0.500000,0.909091,0.666667,0.800000,10,6,modules/features/profile/src/main/java/au/com/shiftyjelly/pocketcasts/profile/ProfileViewModel.kt,same_file,2,False,,,0.000000,0.000000,no supported local structural parser,False,,0,0.000000,0.000000,0.000000,0.000000,disabled,1.000000,0.750000
0eec40d97d21c94e,partial,40,31-40,partial,55,51-60,text,pygments,False,0.166667,0.750000,0.846154,0.769231,0.865385,0.166667,0.750000,0.722222,0.735849,0.846154,0.769231,0.865385,0.166667,0.673077,0.833333,0.647059,17,5,modules/features/endofyear/src/main/java/au/com/shiftyjelly/pocketcasts/endofyear/ui/NumberOfShowsStory.kt,neighboring_same_file,4,False,,,0.000000,0.000000,no supported local structural parser,False,,0,0.000000,0.000000,0.000000,0.000000,disabled,1.000000,0.166700
f9cd0609386664dc,100%,90,81-90,mostly,78,71-80,text,pygments,False,0.000000,0.937500,0.937500,0.937500,0.937500,0.000000,0.875000,0.424242,0.571429,0.875000,0.875000,0.875000,0.000000,0.875000,0.333333,1.000000,5,3,modules/features/endofyear/src/main/java/au/com/shiftyjelly/pocketcasts/endofyear/ui/NumberOfShowsStory.kt,same_file,4,False,,,0.000000,0.000000,no supported local structural parser,False,,0,0.000000,0.000000,0.000000,0.000000,disabled,1.000000,0.000000
0d56302131818af5,mostly,72,71-80,partial,55,51-60,text,pygments,False,0.400000,0.918919,0.945946,0.918919,0.945946,0.400000,0.918919,0.772727,0.839506,0.945946,0.918919,0.945946,0.200000,0.810811,1.000000,1.000000,11,5,modules/features/endofyear/src/main/java/au/com/shiftyjelly/pocketcasts/endofyear/ui/NumberOfShowsStory.kt,neighboring_same_file,4,False,,,0.000000,0.000000,no supported local structural parser,False,,0,0.000000,0.000000,0.000000,0.000000,disabled,1.000000,0.400000
9e217213ed71fc1f,100%,100,91-100,100%,100,91-100,text,pygments,False,1.000000,1.000000,1.000000,1.000000,1.000000,1.000000,1.000000,0.167832,0.287425,1.000000,1.000000,1.000000,0.500000,1.000000,0.193548,1.000000,9,31,modules/features/endofyear/src/main/java/au/com/shiftyjelly/pocketcasts/endofyear/EndOfYearViewModel.kt,same_file,2,False,,,0.000000,0.000000,no supported local structural parser,False,,0,0.000000,0.000000,0.000000,0.000000,disabled,1.000000,1.000000
305febacbf69f3a5,100%,100,91-100,100%,100,91-100,text,pygments,True,1.000000,1.000000,1.000000,1.000000,1.000000,1.000000,1.000000,0.555556,0.714286,1.000000,1.000000,1.000000,1.000000,1.000000,0.250000,1.000000,4,4,modules/features/profile/src/main/java/au/com/shiftyjelly/pocketcasts/profile/AccountDetailsFragment.kt,same_file,1,False,,,0.000000,0.000000,no supported local structural parser,False,,0,0.000000,0.000000,0.000000,0.000000,disabled,1.000000,1.000000
dcd4dfa2cf1a86ae,100%,100,91-100,100%,100,91-100,text,pygments,True,1.000000,1.000000,1.000000,1.000000,1.000000,1.000000,1.000000,1.000000,1.000000,1.000000,1.000000,1.000000,1.000000,1.000000,1.000000,1.000000,4,1,modules/features/profile/src/main/java/au/com/shiftyjelly/pocketcasts/profile/AccountDetailsFragment.kt,same_file,1,False,,,0.000000,0.000000,no supported local structural parser,False,,0,0.000000,0.000000,0.000000,0.000000,disabled,1.000000,1.000000
b960608c15a3c680,mostly,70,61-70,mostly,82,81-90,text,pygments,False,0.000000,0.923077,1.000000,0.923077,1.000000,0.000000,0.923077,0.240000,0.380952,1.000000,0.923077,1.000000,0.000000,1.000000,0.250000,0.750000,4,4,modules/features/account/src/main/java/au/com/shiftyjelly/pocketcasts/account/onboarding/upgrade/OnboardingUpgradeFeaturesPage.kt,same_file,3,False,,,0.000000,0.000000,no supported local structural parser,False,,0,0.000000,0.000000,0.000000,0.000000,disabled,1.000000,0.000000
b7751ed3cbdd5e82,partial,45,41-50,mostly,75,71-80,text,pygments,False,0.000000,0.879310,0.982759,0.879310,0.982759,0.000000,0.879310,0.459459,0.603550,0.982759,0.879310,0.982759,0.000000,0.810345,0.153846,0.769231,26,13,modules/features/account/src/main/java/au/com/shiftyjelly/pocketcasts/account/viewmodel/OnboardingUpgradeFeaturesViewModel.kt,neighboring_same_file,5,False,,,0.000000,0.000000,no supported local structural parser,False,,0,0.000000,0.000000,0.000000,0.000000,disabled,1.000000,0.000000
0541a8b1ff98c44d,100%,90,81-90,mostly,82,81-90,text,pygments,False,0.000000,0.857143,0.928571,0.857143,0.928571,0.000000,0.857143,0.235294,0.369231,0.928571,0.857143,0.928571,0.000000,0.928571,0.200000,0.666667,3,5,modules/features/search/src/main/java/au/com/shiftyjelly/pocketcasts/search/ImprovedSearchResultsPage.kt,same_file,3,False,,,0.000000,0.000000,no supported local structural parser,False,,0,0.000000,0.000000,0.000000,0.000000,disabled,1.000000,0.000000
157c4bc1b46032e4,100%,100,91-100,100%,100,91-100,text,pygments,True,1.000000,1.000000,1.000000,1.000000,1.000000,1.000000,1.000000,0.288889,0.448276,1.000000,1.000000,1.000000,1.000000,1.000000,0.333333,1.000000,4,3,modules/features/search/src/main/java/au/com/shiftyjelly/pocketcasts/search/ImprovedSearchResultsPage.kt,same_file,1,False,,,0.000000,0.000000,no supported local structural parser,False,,0,0.000000,0.000000,0.000000,0.000000,disabled,1.000000,1.000000
48a24c72a663d821,100%,100,91-100,100%,100,91-100,text,pygments,True,1.000000,1.000000,1.000000,1.000000,1.000000,1.000000,1.000000,0.288889,0.448276,1.000000,1.000000,1.000000,1.000000,1.000000,0.333333,1.000000,3,3,modules/features/search/src/main/java/au/com/shiftyjelly/pocketcasts/search/ImprovedSearchResultsPage.kt,same_file,1,False,,,0.000000,0.000000,no supported local structural parser,False,,0,0.000000,0.000000,0.000000,0.000000,disabled,1.000000,1.000000
6eabaadc49d6e4f4,mostly,68,61-70,partial,55,51-60,text,pygments,False,0.500000,0.954545,0.954545,0.954545,0.954545,0.500000,0.954545,0.933333,0.943820,0.954545,0.954545,0.954545,0.250000,0.931818,0.750000,1.000000,15,3,modules/features/search/src/main/java/au/com/shiftyjelly/pocketcasts/search/ImprovedSearchResultsPage.kt,same_file,1,False,,,0.000000,0.000000,no supported local structural parser,False,,0,0.000000,0.000000,0.000000,0.000000,disabled,1.000000,0.500000
fcce64c09c8d410c,0%,0,0,partial,34,31-40,text,pygments,False,0.000000,0.105263,0.210526,0.105263,0.210526,0.000000,0.105263,0.400000,0.166667,0.210526,0.105263,0.210526,0.000000,0.210526,0.333333,0.090909,11,1,modules/services/model/src/main/java/au/com/shiftyjelly/pocketcasts/models/to/Story.kt,same_file,2,False,,,0.000000,0.000000,no supported local structural parser,False,,0,0.000000,0.000000,0.000000,0.000000,disabled,1.000000,0.000000
9c1009ab1634b817,100%,100,91-100,100%,95,91-100,text,pygments,False,1.000000,1.000000,1.000000,1.000000,1.000000,1.000000,1.000000,1.000000,1.000000,1.000000,1.000000,1.000000,0.500000,1.000000,1.000000,1.000000,8,2,modules/features/endofyear/src/main/java/au/com/shiftyjelly/pocketcasts/endofyear/ui/TopShowStory.kt,same_file,1,False,,,0.000000,0.000000,no supported local structural parser,False,,0,0.000000,0.000000,0.000000,0.000000,disabled,1.000000,1.000000
2468950c713f5e88,partial,45,41-50,mostly,82,81-90,text,pygments,False,0.000000,0.833333,1.000000,0.833333,1.000000,0.000000,0.833333,0.833333,0.833333,1.000000,0.833333,1.000000,0.000000,1.000000,1.000000,0.750000,4,1,modules/features/endofyear/src/main/java/au/com/shiftyjelly/pocketcasts/endofyear/ui/TopShowStory.kt,same_file,1,False,,,0.000000,0.000000,no supported local structural parser,False,,0,0.000000,0.000000,0.000000,0.000000,disabled,1.000000,0.000000
9e1132854edc14d1,100%,90,81-90,mostly,72,71-80,text,pygments,False,0.000000,1.000000,1.000000,1.000000,1.000000,0.000000,1.000000,0.043011,0.082474,1.000000,1.000000,1.000000,0.000000,1.000000,0.071429,1.000000,2,14,modules/features/endofyear/src/main/java/au/com/shiftyjelly/pocketcasts/endofyear/ui/LongestEpisodeStory.kt,same_file,4,False,,,0.000000,0.000000,no supported local structural parser,False,,0,0.000000,0.000000,0.000000,0.000000,disabled,1.000000,0.000000
3e8fe05f8b5d83a7,partial,45,41-50,mostly,79,71-80,text,pygments,False,0.000000,0.482759,0.517241,0.482759,0.517241,0.000000,0.482759,0.933333,0.636364,0.517241,0.482759,0.517241,0.000000,0.517241,0.500000,0.363636,11,1,app/build.gradle.kts,same_file,1,False,,,0.000000,0.000000,no supported local structural parser,False,,0,0.000000,0.000000,0.000000,0.000000,disabled,1.000000,0.000000
3b47ee72d1f7cc92,partial,45,41-50,mostly,79,71-80,text,pygments,False,0.000000,0.482759,0.517241,0.482759,0.517241,0.000000,0.482759,0.933333,0.636364,0.517241,0.482759,0.517241,0.000000,0.517241,0.500000,0.363636,11,1,automotive/build.gradle.kts,same_file,1,False,,,0.000000,0.000000,no supported local structural parser,False,,0,0.000000,0.000000,0.000000,0.000000,disabled,1.000000,0.000000
572bc908ad945b21,partial,45,41-50,mostly,79,71-80,text,pygments,False,0.000000,0.793103,0.931034,0.793103,0.931034,0.000000,0.793103,0.396552,0.528736,0.931034,0.793103,0.931034,0.000000,0.896552,0.666667,0.636364,11,3,wear/build.gradle.kts,neighboring_same_file,3,False,,,0.000000,0.000000,no supported local structural parser,False,,0,0.000000,0.000000,0.000000,0.000000,disabled,1.000000,0.000000
16f6d9bce0f6295e,100%,100,91-100,100%,100,91-100,text,pygments,True,1.000000,1.000000,1.000000,1.000000,1.000000,1.000000,1.000000,1.000000,1.000000,1.000000,1.000000,1.000000,1.000000,1.000000,1.000000,1.000000,5,1,app/build.gradle.kts,same_file,1,False,,,0.000000,0.000000,no supported local structural parser,False,,0,0.000000,0.000000,0.000000,0.000000,disabled,1.000000,1.000000
ca122353a5125b59,100%,100,91-100,100%,100,91-100,text,pygments,True,1.000000,1.000000,1.000000,1.000000,1.000000,1.000000,1.000000,1.000000,1.000000,1.000000,1.000000,1.000000,1.000000,1.000000,1.000000,1.000000,5,1,app/build.gradle.kts,same_file,3,False,,,0.000000,0.000000,no supported local structural parser,False,,0,0.000000,0.000000,0.000000,0.000000,disabled,1.000000,1.000000
4e3b75f54c0ccfb5,100%,100,91-100,100%,100,91-100,text,pygments,True,1.000000,1.000000,1.000000,1.000000,1.000000,1.000000,1.000000,1.000000,1.000000,1.000000,1.000000,1.000000,1.000000,1.000000,1.000000,1.000000,5,1,automotive/build.gradle.kts,same_file,1,False,,,0.000000,0.000000,no supported local structural parser,False,,0,0.000000,0.000000,0.000000,0.000000,disabled,1.000000,1.000000
c8891e57c1bf54ff,100%,100,91-100,100%,100,91-100,text,pygments,True,1.000000,1.000000,1.000000,1.000000,1.000000,1.000000,1.000000,1.000000,1.000000,1.000000,1.000000,1.000000,1.000000,1.000000,1.000000,1.000000,5,1,automotive/build.gradle.kts,same_file,1,False,,,0.000000,0.000000,no supported local structural parser,False,,0,0.000000,0.000000,0.000000,0.000000,disabled,1.000000,1.000000
5379d4c473877599,100%,100,91-100,100%,100,91-100,text,pygments,True,1.000000,1.000000,1.000000,1.000000,1.000000,1.000000,1.000000,1.000000,1.000000,1.000000,1.000000,1.000000,1.000000,1.000000,1.000000,1.000000,5,1,wear/build.gradle.kts,same_file,3,False,,,0.000000,0.000000,no supported local structural parser,False,,0,0.000000,0.000000,0.000000,0.000000,disabled,1.000000,1.000000
5aa498a9bfba3bbf,100%,100,91-100,100%,100,91-100,text,pygments,True,1.000000,1.000000,1.000000,1.000000,1.000000,1.000000,1.000000,1.000000,1.000000,1.000000,1.000000,1.000000,1.000000,1.000000,1.000000,1.000000,5,1,wear/build.gradle.kts,same_file,3,False,,,0.000000,0.000000,no supported local structural parser,False,,0,0.000000,0.000000,0.000000,0.000000,disabled,1.000000,1.000000
77397327a7b06817,100%,90,81-90,0%,0,0,text,regex,False,0.000000,0.071429,0.785714,0.071429,0.785714,0.000000,0.071429,0.038462,0.050000,0.785714,0.071429,0.785714,0.000000,0.785714,0.333333,0.100000,10,3,modules/features/player/src/main/java/au/com/shiftyjelly/pocketcasts/player/view/MiniPlayer.kt,same_file,4,False,,,0.000000,0.000000,no supported local structural parser,False,,0,0.000000,0.000000,0.000000,0.000000,disabled,1.000000,0.000000
9e26c77611e17d94,0%,0,0,mostly,82,81-90,text,pygments,False,0.000000,1.000000,1.000000,1.000000,1.000000,0.000000,1.000000,0.160000,0.275862,1.000000,1.000000,1.000000,0.000000,1.000000,0.250000,1.000000,4,4,modules/services/repositories/src/main/java/au/com/shiftyjelly/pocketcasts/repositories/podcast/SubscribeManager.kt,same_file,2,False,,,0.000000,0.000000,no supported local structural parser,False,,0,0.000000,0.000000,0.000000,0.000000,disabled,1.000000,0.000000
e6456ebe86e8e21a,mostly,62,61-70,mostly,85,81-90,text,pygments,False,0.600000,0.630435,0.630435,0.630435,0.630435,0.600000,0.630435,1.000000,0.773333,0.630435,0.630435,0.630435,0.520000,0.630435,0.640000,0.610169,59,16,wear/src/main/kotlin/au/com/shiftyjelly/pocketcasts/wear/ui/podcast/PodcastViewModel.kt,same_file,1,False,,,0.000000,0.000000,no supported local structural parser,False,,0,0.000000,0.000000,0.000000,0.000000,disabled,1.000000,0.600000
63d046012ca0cb47,100%,100,91-100,100%,100,91-100,text,pygments,True,1.000000,1.000000,1.000000,1.000000,1.000000,1.000000,1.000000,0.106383,0.192308,1.000000,1.000000,1.000000,1.000000,1.000000,0.058824,1.000000,5,17,wear/src/main/kotlin/au/com/shiftyjelly/pocketcasts/wear/ui/podcast/PodcastViewModel.kt,same_file,3,False,,,0.000000,0.000000,no supported local structural parser,False,,0,0.000000,0.000000,0.000000,0.000000,disabled,1.000000,1.000000
935483c82aa669d6,partial,32,31-40,partial,55,51-60,text,pygments,False,0.285714,0.388889,0.388889,0.388889,0.388889,0.285714,0.388889,1.000000,0.560000,0.388889,0.388889,0.388889,0.285714,0.388889,0.285714,0.470588,17,2,wear/src/main/kotlin/au/com/shiftyjelly/pocketcasts/wear/ui/downloads/DownloadsScreenViewModel.kt,same_file,1,False,,,0.000000,0.000000,no supported local structural parser,False,,0,0.000000,0.000000,0.000000,0.000000,disabled,1.000000,0.285700
329c69e20733f55a,0%,0,0,0%,0,0,text,pygments,False,0.000000,0.050000,0.250000,0.050000,0.250000,0.000000,0.050000,0.100000,0.066667,0.250000,0.050000,0.250000,0.000000,0.250000,1.000000,0.000000,10,2,wear/src/main/kotlin/au/com/shiftyjelly/pocketcasts/wear/ui/component/NoContentScreen.kt,same_file,2,False,,,0.000000,0.000000,no supported local structural parser,False,,0,0.000000,0.000000,0.000000,0.000000,disabled,1.000000,0.000000
ff86e387c8120690,100%,100,91-100,100%,100,91-100,text,pygments,True,1.000000,1.000000,1.000000,1.000000,1.000000,1.000000,1.000000,1.000000,1.000000,1.000000,1.000000,1.000000,1.000000,1.000000,1.000000,1.000000,2,1,wear/src/main/kotlin/au/com/shiftyjelly/pocketcasts/wear/ui/WatchListScreen.kt,same_file,1,False,,,0.000000,0.000000,no supported local structural parser,False,,0,0.000000,0.000000,0.000000,0.000000,disabled,1.000000,1.000000
9b3e5b363e5009e7,100%,100,91-100,100%,100,91-100,text,pygments,True,1.000000,1.000000,1.000000,1.000000,1.000000,1.000000,1.000000,1.000000,1.000000,1.000000,1.000000,1.000000,1.000000,1.000000,1.000000,1.000000,3,1,wear/src/main/kotlin/au/com/shiftyjelly/pocketcasts/wear/ui/component/EpisodeListScreen.kt,same_file,1,False,,,0.000000,0.000000,no supported local structural parser,False,,0,0.000000,0.000000,0.000000,0.000000,disabled,1.000000,1.000000
b76e54ef1178f2a0,100%,100,91-100,100%,100,91-100,text,pygments,True,1.000000,1.000000,1.000000,1.000000,1.000000,1.000000,1.000000,1.000000,1.000000,1.000000,1.000000,1.000000,1.000000,1.000000,1.000000,1.000000,6,1,modules/services/compose/src/main/java/au/com/shiftyjelly/pocketcasts/compose/components/PodcastImage.kt,same_file,1,False,,,0.000000,0.000000,no supported local structural parser,False,,0,0.000000,0.000000,0.000000,0.000000,disabled,1.000000,1.000000
7a2e3bd845c8ccae,0%,0,0,partial,36,31-40,text,pygments,False,0.000000,0.294118,0.470588,0.294118,0.470588,0.000000,0.294118,0.312500,0.303030,0.470588,0.294118,0.470588,0.000000,0.411765,0.333333,0.285714,7,2,modules/services/compose/src/main/java/au/com/shiftyjelly/pocketcasts/compose/folder/FolderImage.kt,neighboring_same_file,4,False,,,0.000000,0.000000,no supported local structural parser,False,,0,0.000000,0.000000,0.000000,0.000000,disabled,1.000000,0.000000
d69bd4dd54ef5bdb,0%,0,0,mostly,82,81-90,text,pygments,False,0.000000,0.500000,1.000000,0.500000,1.000000,0.000000,0.500000,0.333333,0.400000,1.000000,0.500000,1.000000,0.000000,1.000000,1.000000,0.000000,2,1,modules/services/compose/src/main/java/au/com/shiftyjelly/pocketcasts/compose/folder/FolderImage.kt,same_file,2,False,,,0.000000,0.000000,no supported local structural parser,False,,0,0.000000,0.000000,0.000000,0.000000,disabled,1.000000,0.000000
e739a4eb059a01e2,100%,100,91-100,100%,100,91-100,text,pygments,True,1.000000,1.000000,1.000000,1.000000,1.000000,1.000000,1.000000,1.000000,1.000000,1.000000,1.000000,1.000000,1.000000,1.000000,1.000000,1.000000,2,1,modules/services/sharing/src/test/kotlin/au/com/shiftyjelly/pocketcasts/sharing/SharingAnalyticsTest.kt,same_file,1,False,,,0.000000,0.000000,no supported local structural parser,False,,0,0.000000,0.000000,0.000000,0.000000,disabled,1.000000,1.000000
cc61939ac9a1075f,100%,100,91-100,100%,100,91-100,text,pygments,True,1.000000,1.000000,1.000000,1.000000,1.000000,1.000000,1.000000,0.214286,0.352941,1.000000,1.000000,1.000000,1.000000,1.000000,0.500000,1.000000,3,2,modules/services/repositories/src/main/java/au/com/shiftyjelly/pocketcasts/repositories/sync/PodcastRefresherImpl.kt,same_file,1,False,,,0.000000,0.000000,no supported local structural parser,False,,0,0.000000,0.000000,0.000000,0.000000,disabled,1.000000,1.000000
3215956dea3cb036,100%,100,91-100,100%,100,91-100,text,pygments,True,1.000000,1.000000,1.000000,1.000000,1.000000,1.000000,1.000000,1.000000,1.000000,1.000000,1.000000,1.000000,1.000000,1.000000,1.000000,1.000000,7,1,modules/services/repositories/src/main/java/au/com/shiftyjelly/pocketcasts/repositories/support/Support.kt,same_file,1,False,,,0.000000,0.000000,no supported local structural parser,False,,0,0.000000,0.000000,0.000000,0.000000,disabled,1.000000,1.000000
164ee541e389eb5e,100%,100,91-100,100%,100,91-100,text,pygments,True,1.000000,1.000000,1.000000,1.000000,1.000000,1.000000,1.000000,1.000000,1.000000,1.000000,1.000000,1.000000,1.000000,1.000000,1.000000,1.000000,47,14,modules/services/repositories/src/main/java/au/com/shiftyjelly/pocketcasts/repositories/support/Support.kt,same_file,2,False,,,0.000000,0.000000,no supported local structural parser,False,,0,0.000000,0.000000,0.000000,0.000000,disabled,1.000000,1.000000
b44cdd3c632bebfb,0%,0,0,partial,40,31-40,text,pygments,False,0.000000,0.212121,0.424242,0.212121,0.424242,0.000000,0.212121,0.466667,0.291667,0.424242,0.212121,0.424242,0.000000,0.363636,0.250000,0.000000,10,2,modules/features/account/src/main/java/au/com/shiftyjelly/pocketcasts/account/onboarding/OnboardingFlowComposable.kt,same_file,2,False,,,0.000000,0.000000,no supported local structural parser,False,,0,0.000000,0.000000,0.000000,0.000000,disabled,1.000000,0.000000
396c39957a071d6e,100%,100,91-100,100%,100,91-100,text,pygments,True,1.000000,1.000000,1.000000,1.000000,1.000000,1.000000,1.000000,1.000000,1.000000,1.000000,1.000000,1.000000,1.000000,1.000000,1.000000,1.000000,6,1,modules/features/account/src/main/java/au/com/shiftyjelly/pocketcasts/account/viewmodel/OnboardingUpgradeFeaturesViewModel.kt,same_file,1,False,,,0.000000,0.000000,no supported local structural parser,False,,0,0.000000,0.000000,0.000000,0.000000,disabled,1.000000,1.000000
86eed574f608d946,100%,100,91-100,100%,100,91-100,text,pygments,True,1.000000,1.000000,1.000000,1.000000,1.000000,1.000000,1.000000,0.586207,0.739130,1.000000,1.000000,1.000000,1.000000,1.000000,0.500000,1.000000,6,2,modules/features/account/src/main/java/au/com/shiftyjelly/pocketcasts/account/onboarding/components/SubscriptionPlanRow.kt,same_file,4,False,,,0.000000,0.000000,no supported local structural parser,False,,0,0.000000,0.000000,0.000000,0.000000,disabled,1.000000,1.000000
9806a0a715a18cfc,0%,0,0,mostly,82,81-90,text,pygments,False,0.000000,0.785714,1.000000,0.785714,1.000000,0.000000,0.785714,0.083969,0.151724,1.000000,0.785714,1.000000,0.000000,1.000000,0.176471,0.625000,8,17,modules/features/account/src/main/java/au/com/shiftyjelly/pocketcasts/account/onboarding/components/SubscriptionPlanRow.kt,same_file,2,False,,,0.000000,0.000000,no supported local structural parser,False,,0,0.000000,0.000000,0.000000,0.000000,disabled,1.000000,0.000000
96563c74f9d8eed2,0%,0,0,mostly,82,81-90,text,pygments,False,0.000000,0.500000,1.000000,0.500000,1.000000,0.000000,0.500000,0.500000,0.500000,1.000000,0.500000,1.000000,0.000000,1.000000,1.000000,0.000000,3,1,modules/services/servers/src/test/kotlin/au/com/shiftyjelly/pocketcasts/servers/adapters/ExecutorEnqueueAdapterFactoryTest.kt,same_file,3,False,,,0.000000,0.000000,no supported local structural parser,False,,0,0.000000,0.000000,0.000000,0.000000,disabled,1.000000,0.000000
1e08f583f69e03fa,partial,8,1-10,partial,55,51-60,text,pygments,False,0.090909,0.466667,0.611111,0.466667,0.611111,0.090909,0.322222,0.828571,0.464000,0.388889,0.322222,0.388889,0.000000,0.333333,0.181818,0.263158,38,2,modules/services/servers/src/test/kotlin/au/com/shiftyjelly/pocketcasts/servers/adapters/ExecutorEnqueueAdapterFactoryTest.kt,neighboring_same_file,6,False,,,0.000000,0.000000,no supported local structural parser,False,,0,0.000000,0.000000,0.000000,0.000000,disabled,1.000000,0.090900
05c7a0dec7587072,partial,5,1-10,mostly,72,71-80,text,pygments,False,0.000000,0.037433,0.042781,0.037433,0.042781,0.000000,0.037433,0.875000,0.071795,0.042781,0.037433,0.042781,0.000000,0.042781,0.035088,0.028571,140,2,modules/services/servers/src/test/kotlin/au/com/shiftyjelly/pocketcasts/servers/adapters/ExecutorEnqueueAdapterFactoryTest.kt,neighboring_same_file,2,False,,,0.000000,0.000000,no supported local structural parser,False,,0,0.000000,0.000000,0.000000,0.000000,disabled,1.000000,0.000000
2017e5edf16b3ebf,partial,5,1-10,mostly,72,71-80,text,pygments,False,0.000000,0.037433,0.042781,0.037433,0.042781,0.000000,0.037433,0.875000,0.071795,0.042781,0.037433,0.042781,0.000000,0.042781,0.035088,0.028571,140,2,modules/services/servers/src/test/kotlin/au/com/shiftyjelly/pocketcasts/servers/adapters/ExecutorEnqueueAdapterFactoryTest.kt,neighboring_same_file,2,False,,,0.000000,0.000000,no supported local structural parser,False,,0,0.000000,0.000000,0.000000,0.000000,disabled,1.000000,0.000000
f29be5c82bf50cec,partial,5,1-10,mostly,72,71-80,text,pygments,False,0.000000,0.037433,0.042781,0.037433,0.042781,0.000000,0.037433,0.875000,0.071795,0.042781,0.037433,0.042781,0.000000,0.042781,0.035088,0.028571,140,2,modules/services/servers/src/test/kotlin/au/com/shiftyjelly/pocketcasts/servers/adapters/ExecutorEnqueueAdapterFactoryTest.kt,neighboring_same_file,2,False,,,0.000000,0.000000,no supported local structural parser,False,,0,0.000000,0.000000,0.000000,0.000000,disabled,1.000000,0.000000
b287569ccd0b559c,mostly,70,61-70,mostly,82,81-90,text,pygments,False,0.000000,0.916667,1.000000,0.916667,1.000000,0.000000,0.916667,0.500000,0.647059,1.000000,0.916667,1.000000,0.000000,1.000000,0.333333,0.833333,12,3,automotive/build.gradle.kts,same_file,4,False,,,0.000000,0.000000,no supported local structural parser,False,,0,0.000000,0.000000,0.000000,0.000000,disabled,1.000000,0.000000
0d7b732cfdc9d7bb,mostly,70,61-70,mostly,82,81-90,text,pygments,False,0.000000,0.916667,1.000000,0.916667,1.000000,0.000000,0.916667,0.511628,0.656716,1.000000,0.916667,1.000000,0.000000,1.000000,0.500000,0.833333,12,2,app/build.gradle.kts,same_file,4,False,,,0.000000,0.000000,no supported local structural parser,False,,0,0.000000,0.000000,0.000000,0.000000,disabled,1.000000,0.000000
7818793b22d3cb83,mostly,70,61-70,mostly,82,81-90,text,pygments,False,0.000000,0.923077,1.000000,0.923077,1.000000,0.000000,0.923077,0.558140,0.695652,1.000000,0.923077,1.000000,0.000000,1.000000,0.500000,0.846154,13,2,wear/build.gradle.kts,same_file,4,False,,,0.000000,0.000000,no supported local structural parser,False,,0,0.000000,0.000000,0.000000,0.000000,disabled,1.000000,0.000000
bad6962d54d76719,100%,100,91-100,100%,100,91-100,text,pygments,True,1.000000,1.000000,1.000000,1.000000,1.000000,1.000000,1.000000,1.000000,1.000000,1.000000,1.000000,1.000000,1.000000,1.000000,1.000000,1.000000,9,1,modules/services/payment/src/test/kotlin/au/com/shiftyjelly/pocketcasts/payment/SubscriptionPlansTest.kt,same_file,1,False,,,0.000000,0.000000,no supported local structural parser,False,,0,0.000000,0.000000,0.000000,0.000000,disabled,1.000000,1.000000
1fdb293367721117,100%,100,91-100,100%,100,91-100,text,pygments,True,1.000000,1.000000,1.000000,1.000000,1.000000,1.000000,1.000000,1.000000,1.000000,1.000000,1.000000,1.000000,1.000000,1.000000,1.000000,1.000000,11,1,modules/services/payment/src/main/kotlin/au/com/shiftyjelly/pocketcasts/payment/Data.kt,same_file,1,False,,,0.000000,0.000000,no supported local structural parser,False,,0,0.000000,0.000000,0.000000,0.000000,disabled,1.000000,1.000000
d0fc482423f99ed4,partial,23,21-30,mostly,74,71-80,text,pygments,False,0.000000,0.225806,0.258065,0.225806,0.258065,0.000000,0.225806,0.875000,0.358974,0.258065,0.225806,0.258065,0.000000,0.258065,0.333333,0.200000,30,2,modules/features/podcasts/src/main/java/au/com/shiftyjelly/pocketcasts/podcasts/view/episode/EpisodeFragment.kt,same_file,1,False,,,0.000000,0.000000,no supported local structural parser,False,,0,0.000000,0.000000,0.000000,0.000000,disabled,1.000000,0.000000
4c768b846a945f58,partial,7,1-10,partial,55,51-60,text,pygments,False,0.200000,0.979592,1.000000,0.979592,1.000000,0.200000,0.979592,0.125984,0.223256,1.000000,0.979592,1.000000,0.200000,1.000000,0.131579,0.941176,17,38,modules/features/podcasts/src/main/java/au/com/shiftyjelly/pocketcasts/podcasts/view/episode/EpisodeFragment.kt,same_file,2,False,,,0.000000,0.000000,no supported local structural parser,False,,0,0.000000,0.000000,0.000000,0.000000,disabled,1.000000,0.200000
401e16eb7f653d5c,0%,0,0,mostly,64,61-70,text,pygments,False,0.000000,0.315789,0.421053,0.315789,0.421053,0.000000,0.315789,0.750000,0.444444,0.421053,0.315789,0.421053,0.000000,0.421053,0.200000,0.222222,9,1,modules/services/model/src/main/java/au/com/shiftyjelly/pocketcasts/models/entity/PodcastEpisode.kt,same_file,1,False,,,0.000000,0.000000,no supported local structural parser,False,,0,0.000000,0.000000,0.000000,0.000000,disabled,1.000000,0.000000
64c9904fe73a479f,0%,0,0,0%,0,0,text,pygments,False,0.000000,0.000000,0.500000,0.000000,0.500000,0.000000,0.000000,0.000000,0.000000,0.500000,0.000000,0.500000,0.000000,0.500000,0.500000,0.000000,4,2,modules/services/model/src/main/java/au/com/shiftyjelly/pocketcasts/models/db/dao/PlaylistDao.kt,same_file,2,False,,,0.000000,0.000000,no supported local structural parser,False,,0,0.000000,0.000000,0.000000,0.000000,disabled,1.000000,0.000000
9ba6a415fdc7fb8b,0%,0,0,0%,0,0,text,pygments,False,0.000000,0.090909,0.318182,0.090909,0.318182,0.000000,0.090909,0.125000,0.105263,0.318182,0.090909,0.318182,0.000000,0.227273,0.428571,0.000000,17,3,build.gradle.kts,same_file,2,False,,,0.000000,0.000000,no supported local structural parser,False,,0,0.000000,0.000000,0.000000,0.000000,disabled,1.000000,0.000000
e4bee5dbcef75f1a,partial,50,41-50,mostly,76,71-80,text,pygments,False,0.500000,0.842105,0.947368,0.842105,0.947368,0.500000,0.842105,0.507937,0.633663,0.947368,0.842105,0.947368,0.500000,0.868421,0.400000,0.750000,16,5,modules/services/repositories/src/main/java/au/com/shiftyjelly/pocketcasts/repositories/playlist/PlaylistManagerImpl.kt,same_file,2,False,,,0.000000,0.000000,no supported local structural parser,False,,0,0.000000,0.000000,0.000000,0.000000,disabled,1.000000,0.500000
8644c5883d43c36b,100%,100,91-100,100%,100,91-100,text,pygments,True,1.000000,1.000000,1.000000,1.000000,1.000000,1.000000,1.000000,1.000000,1.000000,1.000000,1.000000,1.000000,1.000000,1.000000,1.000000,1.000000,5,1,modules/services/analytics/testing/src/main/kotlin/au/com/shiftyjelly/pocketcasts/analytics/testing/TestEventSink.kt,same_file,1,False,,,0.000000,0.000000,no supported local structural parser,False,,0,0.000000,0.000000,0.000000,0.000000,disabled,1.000000,1.000000
d9f4bfb4634bcb45,0%,0,0,partial,51,51-60,text,pygments,False,0.000000,0.448276,0.672414,0.448276,0.672414,0.000000,0.448276,0.577778,0.504854,0.672414,0.448276,0.672414,0.000000,0.568966,0.666667,0.357143,28,4,modules/services/analytics/src/main/java/au/com/shiftyjelly/pocketcasts/analytics/EventSink.kt,neighboring_same_file,3,False,,,0.000000,0.000000,no supported local structural parser,False,,0,0.000000,0.000000,0.000000,0.000000,disabled,1.000000,0.000000
82b47923b8b3e5cb,100%,100,91-100,100%,100,91-100,text,pygments,True,1.000000,1.000000,1.000000,1.000000,1.000000,1.000000,1.000000,1.000000,1.000000,1.000000,1.000000,1.000000,1.000000,1.000000,1.000000,1.000000,4,1,wear/src/main/kotlin/au/com/shiftyjelly/pocketcasts/wear/ui/authentication/RequirePlusScreen.kt,same_file,1,False,,,0.000000,0.000000,no supported local structural parser,False,,0,0.000000,0.000000,0.000000,0.000000,disabled,1.000000,1.000000
a3813db715d0bdaa,0%,0,0,0%,0,0,text,pygments,False,0.000000,0.071429,0.178571,0.071429,0.178571,0.000000,0.071429,0.200000,0.105263,0.178571,0.071429,0.178571,0.000000,0.178571,0.500000,0.071429,14,2,app/src/androidTest/java/au/com/shiftyjelly/pocketcasts/models/db/UserEpisodeDaoDownloadStatusTest.kt,same_file,2,False,,,0.000000,0.000000,no supported local structural parser,False,,0,0.000000,0.000000,0.000000,0.000000,disabled,1.000000,0.000000
dba398e8c5d49cd4,partial,10,1-10,partial,55,51-60,text,pygments,False,0.090909,0.588235,0.638655,0.588235,0.638655,0.090909,0.588235,0.921053,0.717949,0.638655,0.588235,0.638655,0.045455,0.588235,0.409091,0.580000,50,9,modules/services/model/src/main/java/au/com/shiftyjelly/pocketcasts/models/db/dao/UserEpisodeDao.kt,same_file,2,False,,,0.000000,0.000000,no supported local structural parser,False,,0,0.000000,0.000000,0.000000,0.000000,disabled,1.000000,0.090900
c38faf85a8c6dfcc,partial,10,1-10,partial,55,51-60,text,pygments,False,0.090909,0.570248,0.628099,0.570248,0.628099,0.090909,0.570248,0.907895,0.700508,0.628099,0.570248,0.628099,0.045455,0.578512,0.409091,0.549020,51,9,modules/services/model/src/main/java/au/com/shiftyjelly/pocketcasts/models/db/dao/EpisodeDao.kt,same_file,2,False,,,0.000000,0.000000,no supported local structural parser,False,,0,0.000000,0.000000,0.000000,0.000000,disabled,1.000000,0.090900
1d8552b392994451,100%,100,91-100,100%,100,91-100,text,pygments,True,1.000000,1.000000,1.000000,1.000000,1.000000,1.000000,1.000000,1.000000,1.000000,1.000000,1.000000,1.000000,1.000000,1.000000,1.000000,1.000000,4,1,modules/services/repositories/src/main/java/au/com/shiftyjelly/pocketcasts/repositories/download/DownloadEpisodeWorker.kt,same_file,1,False,,,0.000000,0.000000,no supported local structural parser,False,,0,0.000000,0.000000,0.000000,0.000000,disabled,1.000000,1.000000
3d22b57721d2f6b8,100%,100,91-100,100%,100,91-100,text,pygments,True,1.000000,1.000000,1.000000,1.000000,1.000000,1.000000,1.000000,1.000000,1.000000,1.000000,1.000000,1.000000,1.000000,1.000000,1.000000,1.000000,13,1,modules/services/repositories/src/main/java/au/com/shiftyjelly/pocketcasts/repositories/download/DownloadEpisodeWorker.kt,same_file,3,False,,,0.000000,0.000000,no supported local structural parser,False,,0,0.000000,0.000000,0.000000,0.000000,disabled,1.000000,1.000000
5419b29df53d1159,partial,5,1-10,mostly,68,61-70,text,pygments,False,0.000000,0.045977,0.057471,0.045977,0.057471,0.000000,0.045977,0.800000,0.086957,0.057471,0.045977,0.057471,0.000000,0.057471,0.083333,0.027778,36,1,modules/features/podcasts/src/main/java/au/com/shiftyjelly/pocketcasts/podcasts/view/podcasts/FolderAdapter.kt,same_file,1,False,,,0.000000,0.000000,no supported local structural parser,False,,0,0.000000,0.000000,0.000000,0.000000,disabled,1.000000,0.000000
9a7da997cc094edb,100%,90,81-90,mostly,82,81-90,text,pygments,False,0.000000,1.000000,1.000000,1.000000,1.000000,0.000000,1.000000,0.625000,0.769231,1.000000,1.000000,1.000000,0.000000,1.000000,0.250000,1.000000,4,4,modules/services/repositories/src/main/java/au/com/shiftyjelly/pocketcasts/repositories/download/DownloadEpisodeWorker.kt,neighboring_same_file,5,False,,,0.000000,0.000000,no supported local structural parser,False,,0,0.000000,0.000000,0.000000,0.000000,disabled,1.000000,0.000000
7ea810f73dacb446,100%,90,81-90,mostly,72,71-80,text,pygments,False,0.000000,0.900000,1.000000,0.900000,1.000000,0.000000,0.900000,0.068702,0.127660,1.000000,0.900000,1.000000,0.000000,1.000000,0.052632,0.750000,4,19,modules/services/repositories/src/main/java/au/com/shiftyjelly/pocketcasts/repositories/download/DownloadEpisodeWorker.kt,same_file,2,False,,,0.000000,0.000000,no supported local structural parser,False,,0,0.000000,0.000000,0.000000,0.000000,disabled,1.000000,0.000000
4ce9e9e3cc841546,0%,0,0,0%,0,0,text,pygments,False,0.000000,0.476190,0.809524,0.476190,0.809524,0.000000,0.380952,0.242424,0.296296,0.761905,0.380952,0.761905,0.000000,0.619048,0.545455,0.111111,9,11,modules/services/repositories/src/main/java/au/com/shiftyjelly/pocketcasts/repositories/download/DownloadManager2.kt,neighboring_same_file,9,False,,,0.000000,0.000000,no supported local structural parser,False,,0,0.000000,0.000000,0.000000,0.000000,disabled,1.000000,0.000000
1f252bca09cc5b84,100%,100,91-100,100%,100,91-100,text,regex,True,1.000000,0.105263,0.789474,0.105263,0.789474,1.000000,0.105263,0.019231,0.032520,0.789474,0.105263,0.789474,1.000000,0.789474,0.071429,0.100000,10,14,modules/services/repositories/src/main/java/au/com/shiftyjelly/pocketcasts/repositories/sync/SyncManagerImpl.kt,same_file,3,False,,,0.000000,0.000000,no supported local structural parser,False,,0,0.000000,0.000000,0.000000,0.000000,disabled,1.000000,1.000000
282534fc954e552c,mostly,64,61-70,partial,55,51-60,text,pygments,False,0.416667,0.884615,1.000000,0.884615,1.000000,0.416667,0.884615,0.663462,0.758242,1.000000,0.884615,1.000000,0.166667,0.833333,0.857143,0.640000,25,14,modules/services/repositories/src/main/java/au/com/shiftyjelly/pocketcasts/repositories/sync/SyncManagerImpl.kt,same_file,3,False,,,0.000000,0.000000,no supported local structural parser,False,,0,0.000000,0.000000,0.000000,0.000000,disabled,1.000000,0.416700
b95688bfc91d73f3,100%,97,91-100,mostly,89,81-90,text,pygments,False,0.888889,0.980769,0.980769,0.980769,0.980769,0.888889,0.980769,1.000000,0.990291,0.980769,0.980769,0.980769,0.777778,0.980769,0.888889,1.000000,21,8,modules/services/repositories/src/main/java/au/com/shiftyjelly/pocketcasts/repositories/playlist/PlaylistManagerImpl.kt,same_file,3,False,,,0.000000,0.000000,no supported local structural parser,False,,0,0.000000,0.000000,0.000000,0.000000,disabled,1.000000,0.888900
817040a0b6504a2d,0%,0,0,0%,0,0,text,pygments,False,0.000000,0.000000,0.000000,0.000000,0.000000,0.000000,0.000000,0.000000,0.000000,0.000000,0.000000,0.000000,0.000000,0.000000,0.000000,0.000000,0,0,,,2,False,,,0.000000,0.000000,no supported local structural parser,False,,0,0.000000,0.000000,0.000000,0.000000,disabled,1.000000,0.000000
d1955d6c143852f0,0%,0,0,0%,0,0,text,pygments,False,0.000000,0.064516,0.153226,0.064516,0.153226,0.000000,0.064516,0.250000,0.102564,0.153226,0.064516,0.153226,0.000000,0.153226,0.160000,0.000000,47,4,modules/services/repositories/src/main/java/au/com/shiftyjelly/pocketcasts/repositories/download/EpisodeDownloader.kt,same_file,2,False,,,0.000000,0.000000,no supported local structural parser,False,,0,0.000000,0.000000,0.000000,0.000000,disabled,1.000000,0.000000
61a7afef4d1d64f9,100%,100,91-100,100%,100,91-100,text,pygments,True,1.000000,1.000000,1.000000,1.000000,1.000000,1.000000,1.000000,1.000000,1.000000,1.000000,1.000000,1.000000,1.000000,1.000000,1.000000,1.000000,5,1,modules/services/analytics/src/test/kotlin/au/com/shiftyjelly/pocketcasts/analytics/experiments/ExperimentProviderTest.kt,same_file,2,False,,,0.000000,0.000000,no supported local structural parser,False,,0,0.000000,0.000000,0.000000,0.000000,disabled,1.000000,1.000000
bd90db1d6b508756,0%,0,0,mostly,82,81-90,text,pygments,False,0.000000,1.000000,1.000000,1.000000,1.000000,0.000000,1.000000,1.000000,1.000000,1.000000,1.000000,1.000000,0.000000,1.000000,0.333333,1.000000,3,1,modules/services/repositories/src/test/java/au/com/shiftyjelly/pocketcasts/repositories/sync/AccountManagerStatusInfoTest.kt,same_file,4,False,,,0.000000,0.000000,no supported local structural parser,False,,0,0.000000,0.000000,0.000000,0.000000,disabled,1.000000,0.000000
380feea6c0ac6173,partial,50,41-50,0%,0,0,text,pygments,False,0.500000,0.000000,0.500000,0.000000,0.500000,0.500000,0.000000,0.000000,0.000000,0.500000,0.000000,0.500000,0.500000,0.500000,0.500000,0.000000,1,1,modules/services/analytics/src/main/java/au/com/shiftyjelly/pocketcasts/analytics/di/AnalyticsModule.kt,same_file,2,False,,,0.000000,0.000000,no supported local structural parser,False,,0,0.000000,0.000000,0.000000,0.000000,disabled,1.000000,0.500000
bf0d08e11dacdd0c,100%,90,81-90,mostly,82,81-90,text,pygments,False,0.000000,0.928571,1.000000,1.000000,1.000000,0.000000,0.928571,0.464286,0.619048,1.000000,1.000000,1.000000,0.000000,1.000000,0.500000,0.857143,7,2,modules/services/repositories/src/main/java/au/com/shiftyjelly/pocketcasts/repositories/podcast/PodcastManagerImpl.kt,same_file,2,False,,,0.000000,0.000000,no supported local structural parser,False,,0,0.000000,0.000000,0.000000,0.000000,disabled,1.000000,0.000000
d8ef3362061e6a54,0%,0,0,mostly,63,61-70,text,pygments,False,0.000000,0.731707,0.853659,0.731707,0.853659,0.000000,0.682927,0.321839,0.437500,0.829268,0.682927,0.829268,0.000000,0.682927,0.555556,0.625000,16,9,modules/features/referrals/src/main/kotlin/au/com/shiftyjelly/pocketcasts/referrals/ReferralSubscriptionPlan.kt,neighboring_same_file,5,False,,,0.000000,0.000000,no supported local structural parser,False,,0,0.000000,0.000000,0.000000,0.000000,disabled,1.000000,0.000000
f38c9656d7b9cd58,100%,100,91-100,100%,100,91-100,text,pygments,True,1.000000,1.000000,1.000000,1.000000,1.000000,1.000000,1.000000,1.000000,1.000000,1.000000,1.000000,1.000000,1.000000,1.000000,0.750000,1.000000,15,4,modules/features/referrals/src/main/kotlin/au/com/shiftyjelly/pocketcasts/referrals/ReferralSubscriptionPlan.kt,same_file,6,False,,,0.000000,0.000000,no supported local structural parser,False,,0,0.000000,0.000000,0.000000,0.000000,disabled,1.000000,1.000000
304bd8f7c5a7c128,100%,90,81-90,mostly,82,81-90,text,pygments,False,0.000000,0.947368,1.000000,1.000000,1.000000,0.000000,0.947368,0.947368,0.947368,1.000000,1.000000,1.000000,0.000000,1.000000,1.000000,0.888889,9,1,modules/features/referrals/src/test/kotlin/au/com/shiftyjelly/pocketcasts/referrals/ReferralsClaimGuestPassViewModelTest.kt,same_file,1,False,,,0.000000,0.000000,no supported local structural parser,False,,0,0.000000,0.000000,0.000000,0.000000,disabled,1.000000,0.000000
f870141e1fff849a,0%,0,0,0%,0,0,text,pygments,False,0.000000,0.400000,1.000000,0.400000,1.000000,0.000000,0.400000,0.032258,0.059701,1.000000,0.400000,1.000000,0.000000,1.000000,0.200000,0.000000,3,5,modules/services/utils/src/main/java/au/com/shiftyjelly/pocketcasts/utils/extensions/PaymentExtensions.kt,same_file,1,False,,,0.000000,0.000000,no supported local structural parser,False,,0,0.000000,0.000000,0.000000,0.000000,disabled,1.000000,0.000000
110623123b86d909,100%,100,91-100,100%,100,91-100,text,pygments,True,1.000000,1.000000,1.000000,1.000000,1.000000,1.000000,1.000000,1.000000,1.000000,1.000000,1.000000,1.000000,1.000000,1.000000,1.000000,1.000000,4,1,modules/features/settings/src/main/java/au/com/shiftyjelly/pocketcasts/settings/viewmodel/ManualCleanupViewModel.kt,same_file,1,False,,,0.000000,0.000000,no supported local structural parser,False,,0,0.000000,0.000000,0.000000,0.000000,disabled,1.000000,1.000000
67c5dd7ec1799b7d,100%,100,91-100,100%,100,91-100,text,pygments,True,1.000000,1.000000,1.000000,1.000000,1.000000,1.000000,1.000000,1.000000,1.000000,1.000000,1.000000,1.000000,1.000000,1.000000,1.000000,1.000000,2,1,wear/src/main/kotlin/au/com/shiftyjelly/pocketcasts/wear/networking/ConnectivityStateManager.kt,same_file,1,False,,,0.000000,0.000000,no supported local structural parser,False,,0,0.000000,0.000000,0.000000,0.000000,disabled,1.000000,1.000000
d809368bdbc31646,0%,0,0,mostly,82,81-90,text,pygments,False,0.000000,1.000000,1.000000,1.000000,1.000000,0.000000,1.000000,1.000000,1.000000,1.000000,1.000000,1.000000,0.000000,1.000000,1.000000,1.000000,1,1,wear/src/main/kotlin/au/com/shiftyjelly/pocketcasts/wear/ui/component/NotificationScreen.kt,same_file,1,False,,,0.000000,0.000000,no supported local structural parser,False,,0,0.000000,0.000000,0.000000,0.000000,disabled,1.000000,0.000000
f985f70bced736b7,100%,100,91-100,100%,100,91-100,text,pygments,True,1.000000,1.000000,1.000000,1.000000,1.000000,1.000000,1.000000,1.000000,1.000000,1.000000,1.000000,1.000000,1.000000,1.000000,1.000000,1.000000,6,1,wear/src/main/kotlin/au/com/shiftyjelly/pocketcasts/wear/ui/TimeFormatUtil.kt,same_file,1,False,,,0.000000,0.000000,no supported local structural parser,False,,0,0.000000,0.000000,0.000000,0.000000,disabled,1.000000,1.000000
6c78103b3f235f67,partial,20,11-20,partial,55,51-60,text,pygments,False,0.200000,0.627451,0.843137,0.627451,0.843137,0.200000,0.627451,0.421053,0.503937,0.843137,0.627451,0.843137,0.200000,0.843137,0.555556,0.590909,22,9,Modules/Server/Sources/PocketCastsServer/Public/Sharing/Structs/ServerStructs.swift,neighboring_same_file,3,False,,,0.000000,0.000000,no supported local structural parser,False,,0,0.000000,0.000000,0.000000,0.000000,disabled,1.000000,0.200000
b0a0d1ec0c6aa946,100%,90,81-90,mostly,78,71-80,text,pygments,False,0.600000,0.750000,0.812500,0.750000,0.812500,0.600000,0.750000,0.923077,0.827586,0.812500,0.750000,0.812500,0.400000,0.812500,0.800000,0.888889,9,4,podcasts/DiscoverViewController+CategoryRedesign.swift,same_file,2,False,,,0.000000,0.000000,no supported local structural parser,False,,0,0.000000,0.000000,0.000000,0.000000,disabled,1.000000,0.600000
7b8ed6f390bf5895,100%,100,91-100,100%,100,91-100,text,pygments,True,1.000000,1.000000,1.000000,1.000000,1.000000,1.000000,1.000000,1.000000,1.000000,1.000000,1.000000,1.000000,1.000000,1.000000,1.000000,1.000000,3,1,podcasts/HeadingCell.swift,same_file,1,False,,,0.000000,0.000000,no supported local structural parser,False,,0,0.000000,0.000000,0.000000,0.000000,disabled,1.000000,1.000000
48413a925fda59f4,100%,100,91-100,100%,100,91-100,text,pygments,True,1.000000,1.000000,1.000000,1.000000,1.000000,1.000000,1.000000,1.000000,1.000000,1.000000,1.000000,1.000000,1.000000,1.000000,1.000000,1.000000,5,1,podcasts/Constants.swift,same_file,3,False,,,0.000000,0.000000,no supported local structural parser,False,,0,0.000000,0.000000,0.000000,0.000000,disabled,1.000000,1.000000
90e9874f8143217f,mostly,60,51-60,mostly,72,71-80,text,pygments,False,0.583333,0.722222,0.944444,0.750000,0.944444,0.583333,0.722222,0.448276,0.553191,0.944444,0.750000,0.944444,0.500000,0.611111,0.833333,0.466667,15,10,podcasts/NotificationsViewController.swift,neighboring_same_file,3,False,,,0.000000,0.000000,no supported local structural parser,False,,0,0.000000,0.000000,0.000000,0.000000,disabled,1.000000,0.583300
e842dc6d8c4ab6e0,partial,47,41-50,mostly,78,71-80,text,pygments,False,0.000000,0.875000,0.875000,1.000000,1.000000,0.000000,0.843750,0.642857,0.729730,0.843750,0.968750,0.968750,0.000000,0.812500,1.000000,1.000000,9,3,podcasts/Common SwiftUI/BannerView.swift,same_file,6,False,,,0.000000,0.000000,no supported local structural parser,False,,0,0.000000,0.000000,0.000000,0.000000,disabled,1.000000,0.000000
cd234ec0bf7a2d66,0%,0,0,mostly,82,81-90,text,pygments,False,0.000000,0.812500,1.000000,0.812500,1.000000,0.000000,0.770833,0.435294,0.556391,0.979167,0.770833,0.979167,0.000000,0.937500,0.400000,0.500000,20,10,podcasts/Common SwiftUI/BannerView.swift,neighboring_same_file,6,False,,,0.000000,0.000000,no supported local structural parser,False,,0,0.000000,0.000000,0.000000,0.000000,disabled,1.000000,0.000000
a1654018cf141242,partial,57,51-60,partial,55,51-60,text,pygments,False,0.428571,0.595745,0.595745,0.595745,0.595745,0.428571,0.595745,0.965517,0.736842,0.595745,0.595745,0.595745,0.285714,0.595745,0.571429,0.611111,18,4,podcasts/PodcastListViewController+Search.swift,same_file,2,False,,,0.000000,0.000000,no supported local structural parser,False,,0,0.000000,0.000000,0.000000,0.000000,disabled,1.000000,0.428600
8dd0ebe51a833e56,100%,100,91-100,100%,100,91-100,text,pygments,True,1.000000,1.000000,1.000000,1.000000,1.000000,1.000000,1.000000,1.000000,1.000000,1.000000,1.000000,1.000000,1.000000,1.000000,1.000000,1.000000,3,1,podcasts/Notifications/NotificationsCoordinator.swift,same_file,1,False,,,0.000000,0.000000,no supported local structural parser,False,,0,0.000000,0.000000,0.000000,0.000000,disabled,1.000000,1.000000
b2ecc1e90e05f6c7,0%,0,0,0%,0,0,text,pygments,False,0.000000,0.000000,0.202381,0.000000,0.202381,0.000000,0.000000,0.000000,0.000000,0.202381,0.000000,0.202381,0.000000,0.202381,0.500000,0.000000,54,10,PocketCastsTests/Helpers/DBTestCase.swift,neighboring_same_file,4,False,,,0.000000,0.000000,no supported local structural parser,False,,0,0.000000,0.000000,0.000000,0.000000,disabled,1.000000,0.000000
0c58f011e0bc5c9e,partial,25,21-30,partial,55,51-60,text,pygments,False,0.100000,0.689189,0.878378,0.716216,0.905405,0.100000,0.689189,0.728571,0.708333,0.878378,0.716216,0.905405,0.100000,0.635135,0.700000,0.515152,33,7,podcasts/PodcastListViewController+Tip.swift,neighboring_same_file,3,False,,,0.000000,0.000000,no supported local structural parser,False,,0,0.000000,0.000000,0.000000,0.000000,disabled,1.000000,0.100000
611c70552afa05e2,0%,0,0,mostly,82,81-90,text,pygments,False,0.000000,0.777778,0.777778,1.000000,1.000000,0.000000,0.777778,0.189189,0.304348,0.777778,1.000000,1.000000,0.000000,1.000000,0.333333,0.600000,5,3,podcasts/PodcastListViewController+Tip.swift,same_file,3,False,,,0.000000,0.000000,no supported local structural parser,False,,0,0.000000,0.000000,0.000000,0.000000,disabled,1.000000,0.000000
2dd4d88493e0ea97,0%,0,0,partial,48,41-50,text,pygments,False,0.000000,0.020173,0.034582,0.021614,0.036023,0.000000,0.020173,0.560000,0.038943,0.034582,0.021614,0.036023,0.000000,0.034582,0.192308,0.006536,306,5,podcasts/LargeListSummaryCellHeaderView.swift,same_file,1,False,,,0.000000,0.000000,no supported local structural parser,False,,0,0.000000,0.000000,0.000000,0.000000,disabled,1.000000,0.000000
edc5ecec6dba9cfc,100%,100,91-100,100%,100,91-100,text,pygments,True,1.000000,1.000000,1.000000,1.000000,1.000000,1.000000,1.000000,1.000000,1.000000,1.000000,1.000000,1.000000,1.000000,1.000000,1.000000,1.000000,2,1,podcasts/Notifications/NotificationsCoordinator+AnalyticsAdapter.swift,same_file,1,False,,,0.000000,0.000000,no supported local structural parser,False,,0,0.000000,0.000000,0.000000,0.000000,disabled,1.000000,1.000000
2afcab5b58089283,0%,0,0,mostly,72,71-80,text,pygments,False,0.000000,0.777778,1.000000,0.777778,1.000000,0.000000,0.777778,0.168675,0.277228,1.000000,0.777778,1.000000,0.000000,1.000000,0.062500,0.500000,8,16,podcasts/Notifications/NotificationsCoordinator.swift,neighboring_same_file,3,False,,,0.000000,0.000000,no supported local structural parser,False,,0,0.000000,0.000000,0.000000,0.000000,disabled,1.000000,0.000000
d1ad18b4f02b8158,mostly,76,71-80,mostly,78,71-80,text,pygments,False,0.642857,0.882353,0.947059,0.882353,0.947059,0.642857,0.882353,0.857143,0.869565,0.947059,0.882353,0.947059,0.178571,0.876471,0.928571,0.840000,75,26,podcasts/Notifications/NotificationsCoordinator.swift,same_file,4,False,,,0.000000,0.000000,no supported local structural parser,False,,0,0.000000,0.000000,0.000000,0.000000,disabled,1.000000,0.642900
b3ceeb93f5feb006,partial,56,51-60,mostly,76,71-80,text,pygments,False,0.000000,0.933333,0.933333,0.933333,0.933333,0.000000,0.933333,0.202899,0.333333,0.933333,0.933333,0.933333,0.000000,0.866667,0.500000,0.800000,5,4,podcasts/PodcastViewController+TableData.swift,neighboring_same_file,3,False,,,0.000000,0.000000,no supported local structural parser,False,,0,0.000000,0.000000,0.000000,0.000000,disabled,1.000000,0.000000
60087d7d6962bdc5,100%,100,91-100,100%,100,91-100,shell,pygments,True,1.000000,1.000000,1.000000,1.000000,1.000000,1.000000,1.000000,1.000000,1.000000,1.000000,1.000000,1.000000,1.000000,1.000000,1.000000,1.000000,8,1,.buildkite/commands/should-skip-job.sh,same_file,7,False,,,0.000000,0.000000,no supported local structural parser,False,,0,0.000000,0.000000,0.000000,0.000000,disabled,1.000000,1.000000
52c52b42e69d46ff,0%,0,0,partial,58,51-60,text,pygments,False,0.000000,0.461538,0.769231,0.461538,0.769231,0.000000,0.461538,0.428571,0.444444,0.769231,0.461538,0.769231,0.000000,0.615385,1.000000,0.333333,6,1,podcasts/MainTabBarController.swift,same_file,1,False,,,0.000000,0.000000,no supported local structural parser,False,,0,0.000000,0.000000,0.000000,0.000000,disabled,1.000000,0.000000
9e7d6dfcb06ce72b,0%,0,0,partial,46,41-50,text,pygments,False,0.000000,0.300000,0.442857,0.300000,0.442857,0.000000,0.300000,0.538462,0.385321,0.442857,0.300000,0.442857,0.000000,0.414286,0.500000,0.160000,25,4,podcasts/AnalyticsHelper.swift,neighboring_same_file,3,False,,,0.000000,0.000000,no supported local structural parser,False,,0,0.000000,0.000000,0.000000,0.000000,disabled,1.000000,0.000000
c2a3131cfdce4aeb,100%,90,81-90,mostly,82,81-90,text,pygments,False,0.000000,0.875000,1.000000,0.875000,1.000000,0.000000,0.875000,0.700000,0.777778,1.000000,0.875000,1.000000,0.000000,1.000000,0.500000,0.800000,5,2,podcasts/PlaylistSelectionViewController.swift,same_file,3,False,,,0.000000,0.000000,no supported local structural parser,False,,0,0.000000,0.000000,0.000000,0.000000,disabled,1.000000,0.000000
fc2f94e84fe747ea,partial,5,1-10,partial,49,41-50,text,pygments,False,0.111111,0.380000,0.640000,0.380000,0.640000,0.111111,0.380000,0.575758,0.457831,0.640000,0.380000,0.640000,0.111111,0.420000,0.666667,0.190476,21,6,podcasts/PlaylistCellView.swift,neighboring_same_file,3,False,,,0.000000,0.000000,no supported local structural parser,False,,0,0.000000,0.000000,0.000000,0.000000,disabled,1.000000,0.111100
0c1ea8d596eb448a,100%,100,91-100,100%,100,91-100,text,pygments,True,1.000000,1.000000,1.000000,1.000000,1.000000,1.000000,1.000000,1.000000,1.000000,1.000000,1.000000,1.000000,1.000000,1.000000,1.000000,1.000000,9,1,Modules/Server/Sources/PocketCastsServer/Public/Search/PredictiveSearchTask.swift,same_file,1,False,,,0.000000,0.000000,no supported local structural parser,False,,0,0.000000,0.000000,0.000000,0.000000,disabled,1.000000,1.000000
270ccf7ae7f462df,mostly,80,71-80,mostly,85,81-90,text,pygments,False,0.500000,0.666667,0.666667,0.666667,0.666667,0.500000,0.666667,1.000000,0.800000,0.666667,0.666667,0.666667,0.500000,0.666667,0.500000,1.000000,1,1,podcasts/New Search/Views/Results/PredictiveList.swift,same_file,3,False,,,0.000000,0.000000,no supported local structural parser,False,,0,0.000000,0.000000,0.000000,0.000000,disabled,1.000000,0.500000
562bd2599205ad06,0%,0,0,mostly,64,61-70,text,pygments,False,0.000000,0.136364,0.181818,0.136364,0.181818,0.000000,0.136364,0.750000,0.230769,0.181818,0.136364,0.181818,0.000000,0.181818,0.500000,0.111111,18,1,podcasts/New Detail/Episode Add/ManualPlaylistsChooserViewController.swift,same_file,1,False,,,0.000000,0.000000,no supported local structural parser,False,,0,0.000000,0.000000,0.000000,0.000000,disabled,1.000000,0.000000
fea3b4701d78dc57,100%,95,91-100,mostly,88,81-90,text,pygments,False,0.500000,0.937500,0.937500,1.000000,1.000000,0.500000,0.937500,0.937500,0.937500,0.937500,1.000000,1.000000,0.500000,1.000000,1.000000,0.833333,6,2,podcasts/End of Year/Stories/2025/PaidStoryWallView2025.swift,same_file,2,False,,,0.000000,0.000000,no supported local structural parser,False,,0,0.000000,0.000000,0.000000,0.000000,disabled,1.000000,0.500000
1aa8b99b7a3bc9df,100%,90,81-90,mostly,82,81-90,text,pygments,False,0.000000,1.000000,1.000000,1.000000,1.000000,0.000000,1.000000,1.000000,1.000000,1.000000,1.000000,1.000000,0.000000,1.000000,1.000000,1.000000,9,1,podcasts/MediaExporterResourceLoaderDelegate.swift,same_file,5,False,,,0.000000,0.000000,no supported local structural parser,False,,0,0.000000,0.000000,0.000000,0.000000,disabled,1.000000,0.000000
ed1f466088eb0056,mostly,85,81-90,mostly,88,81-90,text,pygments,False,0.800000,0.944444,1.000000,0.944444,1.000000,0.800000,0.861111,0.281818,0.424658,1.000000,0.861111,1.000000,0.200000,1.000000,0.384615,0.666667,12,13,podcasts/MediaFileHandle.swift,same_file,3,False,,,0.000000,0.000000,no supported local structural parser,False,,0,0.000000,0.000000,0.000000,0.000000,disabled,1.000000,0.800000
1802da79b1e88b42,mostly,60,51-60,mostly,79,71-80,text,pygments,False,0.500000,0.896552,0.931034,0.896552,0.931034,0.500000,0.896552,0.226087,0.361111,0.931034,0.896552,0.931034,0.500000,0.896552,0.285714,0.923077,13,14,podcasts/MediaFileHandle.swift,same_file,4,False,,,0.000000,0.000000,no supported local structural parser,False,,0,0.000000,0.000000,0.000000,0.000000,disabled,1.000000,0.500000
887c8abbb300c060,100%,100,91-100,100%,100,91-100,text,pygments,True,1.000000,1.000000,1.000000,1.000000,1.000000,1.000000,1.000000,1.000000,1.000000,1.000000,1.000000,1.000000,1.000000,1.000000,1.000000,1.000000,5,1,podcasts/EpisodeCell.swift,same_file,1,False,,,0.000000,0.000000,no supported local structural parser,False,,0,0.000000,0.000000,0.000000,0.000000,disabled,1.000000,1.000000
c53be16063547a0c,100%,100,91-100,100%,100,91-100,text,pygments,True,1.000000,1.000000,1.000000,1.000000,1.000000,1.000000,1.000000,1.000000,1.000000,1.000000,1.000000,1.000000,1.000000,1.000000,1.000000,1.000000,10,1,podcasts/PlayerCell.swift,same_file,1,False,,,0.000000,0.000000,no supported local structural parser,False,,0,0.000000,0.000000,0.000000,0.000000,disabled,1.000000,1.000000
50f75e50bee6431b,100%,93,91-100,mostly,82,81-90,text,pygments,False,0.333333,0.925926,1.000000,0.925926,1.000000,0.333333,0.925926,0.925926,0.925926,1.000000,0.925926,1.000000,0.333333,1.000000,1.000000,0.888889,18,3,podcasts/UpNextViewController.swift,same_file,3,False,,,0.000000,0.000000,no supported local structural parser,False,,0,0.000000,0.000000,0.000000,0.000000,disabled,1.000000,0.333300
619f53faa164a9ae,100%,100,91-100,100%,100,91-100,text,pygments,True,1.000000,1.000000,1.000000,1.000000,1.000000,1.000000,1.000000,1.000000,1.000000,1.000000,1.000000,1.000000,1.000000,1.000000,1.000000,1.000000,2,1,Modules/DataModel/Sources/PocketCastsDataModel/Private/Managers/FolderDataManager.swift,same_file,5,False,,,0.000000,0.000000,no supported local structural parser,False,,0,0.000000,0.000000,0.000000,0.000000,disabled,1.000000,1.000000
51195615da6c4164,100%,100,91-100,100%,100,91-100,text,pygments,True,1.000000,1.000000,1.000000,1.000000,1.000000,1.000000,1.000000,1.000000,1.000000,1.000000,1.000000,1.000000,1.000000,1.000000,1.000000,1.000000,3,1,Modules/DataModel/Sources/PocketCastsDataModel/Public/Model/Folder.swift,same_file,1,False,,,0.000000,0.000000,no supported local structural parser,False,,0,0.000000,0.000000,0.000000,0.000000,disabled,1.000000,1.000000
b7e07d71ee9774f7,partial,42,41-50,mostly,73,71-80,text,pygments,False,0.333333,0.785714,0.964286,0.785714,0.964286,0.333333,0.785714,0.440000,0.564103,0.964286,0.785714,0.964286,0.333333,0.750000,0.428571,0.583333,12,7,Modules/DataModel/Sources/PocketCastsDataModel/Private/Managers/FolderDataManager.swift,same_file,3,False,,,0.000000,0.000000,no supported local structural parser,False,,0,0.000000,0.000000,0.000000,0.000000,disabled,1.000000,0.333300
9ae27226c5db9335,mostly,70,61-70,mostly,82,81-90,text,pygments,False,0.000000,0.900000,1.000000,0.900000,1.000000,0.000000,0.900000,0.195652,0.321429,1.000000,0.900000,1.000000,0.000000,1.000000,0.166667,0.800000,5,6,podcasts/GridHelper.swift,same_file,2,False,,,0.000000,0.000000,no supported local structural parser,False,,0,0.000000,0.000000,0.000000,0.000000,disabled,1.000000,0.000000
479b4fe5125b26a6,mostly,70,61-70,mostly,82,81-90,text,pygments,False,0.000000,0.952381,0.952381,0.952381,0.952381,0.000000,0.952381,0.800000,0.869565,0.952381,0.952381,0.952381,0.000000,0.952381,1.000000,0.888889,9,1,podcasts/SiriSettingsViewController.swift,same_file,1,False,,,0.000000,0.000000,no supported local structural parser,False,,0,0.000000,0.000000,0.000000,0.000000,disabled,1.000000,0.000000
1b81b9dc5541bdc4,0%,0,0,0%,0,0,text,pygments,False,0.000000,0.375000,0.750000,0.500000,0.875000,0.000000,0.375000,0.065217,0.111111,0.750000,0.500000,0.875000,0.000000,0.875000,0.166667,0.000000,4,6,podcasts/GridHelper.swift,same_file,2,False,,,0.000000,0.000000,no supported local structural parser,False,,0,0.000000,0.000000,0.000000,0.000000,disabled,1.000000,0.000000
1b8a9b628578588a,mostly,62,61-70,mostly,85,81-90,text,pygments,False,0.586207,0.833333,0.833333,0.833333,0.833333,0.586207,0.833333,1.000000,0.909091,0.833333,0.833333,0.833333,0.344828,0.833333,0.586207,0.820755,106,17,podcasts/AppDelegate+UrlHandling.swift,same_file,2,False,,,0.000000,0.000000,no supported local structural parser,False,,0,0.000000,0.000000,0.000000,0.000000,disabled,1.000000,0.586200
46de483d3a497f79,partial,23,21-30,mostly,81,81-90,text,pygments,False,0.000000,0.792453,0.981132,0.811321,1.000000,0.000000,0.792453,0.278146,0.411765,0.981132,0.811321,1.000000,0.000000,0.924528,0.294118,0.576923,26,17,podcasts/PCRefreshControl.swift,same_file,2,False,,,0.000000,0.000000,no supported local structural parser,False,,0,0.000000,0.000000,0.000000,0.000000,disabled,1.000000,0.000000
9a0c1952129f9850,partial,35,31-40,mostly,77,71-80,text,pygments,False,0.000000,0.750000,1.000000,0.750000,1.000000,0.000000,0.625000,0.303030,0.408163,1.000000,0.625000,1.000000,0.000000,0.875000,0.800000,0.000000,6,5,podcasts/PCRefreshControl.swift,neighboring_same_file,7,False,,,0.000000,0.000000,no supported local structural parser,False,,0,0.000000,0.000000,0.000000,0.000000,disabled,1.000000,0.000000
0145d6f21fdca8c6,partial,50,41-50,mostly,85,81-90,text,pygments,False,0.500000,0.500000,0.500000,0.500000,0.500000,0.500000,0.500000,1.000000,0.666667,0.500000,0.500000,0.500000,0.500000,0.500000,0.500000,0.500000,8,1,podcasts/PlaylistsViewController.swift,same_file,2,False,,,0.000000,0.000000,no supported local structural parser,False,,0,0.000000,0.000000,0.000000,0.000000,disabled,1.000000,0.500000
385e34c4f27a90d7,0%,0,0,0%,0,0,text,pygments,False,0.000000,0.000000,0.000000,0.000000,0.000000,0.000000,0.000000,0.000000,0.000000,0.000000,0.000000,0.000000,0.000000,0.000000,0.000000,0.000000,0,0,,,0,False,,,0.000000,0.000000,no supported local structural parser,False,,0,0.000000,0.000000,0.000000,0.000000,disabled,1.000000,0.000000
e933ce9aff7067d9,100%,100,91-100,100%,100,91-100,text,pygments,True,1.000000,1.000000,1.000000,1.000000,1.000000,1.000000,1.000000,1.000000,1.000000,1.000000,1.000000,1.000000,1.000000,1.000000,1.000000,1.000000,3,1,podcasts/UploadedViewController.swift,same_file,1,False,,,0.000000,0.000000,no supported local structural parser,False,,0,0.000000,0.000000,0.000000,0.000000,disabled,1.000000,1.000000
a0f95e14d4d2360c,100%,100,91-100,100%,100,91-100,text,regex,True,1.000000,1.000000,1.000000,1.000000,1.000000,1.000000,1.000000,1.000000,1.000000,1.000000,1.000000,1.000000,1.000000,1.000000,1.000000,1.000000,3,1,podcasts/ShowNotesPlayerItemViewController.swift,same_file,1,False,,,0.000000,0.000000,no supported local structural parser,False,,0,0.000000,0.000000,0.000000,0.000000,disabled,1.000000,1.000000
9a4e62da43a92f64,100%,100,91-100,100%,95,91-100,text,pygments,False,1.000000,1.000000,1.000000,1.000000,1.000000,1.000000,1.000000,1.000000,1.000000,1.000000,1.000000,1.000000,0.750000,0.933333,1.000000,1.000000,6,4,podcasts/NewsletterCell.swift,same_file,1,False,,,0.000000,0.000000,no supported local structural parser,False,,0,0.000000,0.000000,0.000000,0.000000,disabled,1.000000,1.000000
8fc6dcb346aa3e4a,partial,50,41-50,mostly,83,81-90,text,pygments,False,0.500000,0.823529,0.941176,0.823529,0.941176,0.500000,0.823529,0.777778,0.800000,0.941176,0.823529,0.941176,0.500000,0.941176,1.000000,0.625000,8,2,podcasts/ChaptersHeader.swift,same_file,2,False,,,0.000000,0.000000,no supported local structural parser,False,,0,0.000000,0.000000,0.000000,0.000000,disabled,1.000000,0.500000
bcfdd13c6a0f5340,0%,0,0,partial,28,21-30,text,pygments,False,0.000000,0.013072,0.032680,0.013072,0.032680,0.000000,0.013072,0.333333,0.025157,0.032680,0.013072,0.032680,0.000000,0.032680,0.066667,0.000000,58,1,podcasts/ChaptersHeader.swift,same_file,1,False,,,0.000000,0.000000,no supported local structural parser,False,,0,0.000000,0.000000,0.000000,0.000000,disabled,1.000000,0.000000
fb06a87db4afb33b,0%,0,0,0%,0,0,text,pygments,False,0.000000,0.148148,0.444444,0.148148,0.444444,0.000000,0.148148,0.222222,0.177778,0.444444,0.148148,0.444444,0.000000,0.407407,1.000000,0.000000,14,2,podcasts/ChaptersHeader.swift,same_file,1,False,,,0.000000,0.000000,no supported local structural parser,False,,0,0.000000,0.000000,0.000000,0.000000,disabled,1.000000,0.000000
4e38bbb69adba3d6,partial,50,41-50,mostly,85,81-90,text,pygments,False,0.500000,0.529412,0.529412,0.529412,0.529412,0.500000,0.529412,1.000000,0.692308,0.529412,0.529412,0.529412,0.500000,0.529412,0.500000,0.500000,8,1,podcasts/ImportExportViewController.swift,same_file,1,False,,,0.000000,0.000000,no supported local structural parser,False,,0,0.000000,0.000000,0.000000,0.000000,disabled,1.000000,0.500000
fe50e2c0d5c3babb,0%,0,0,0%,0,0,text,pygments,False,0.000000,0.100000,0.300000,0.100000,0.300000,0.000000,0.100000,0.250000,0.142857,0.300000,0.100000,0.300000,0.000000,0.300000,1.000000,0.000000,9,2,podcasts/PodcastHeaderListViewController.swift,neighboring_same_file,2,False,,,0.000000,0.000000,no supported local structural parser,False,,0,0.000000,0.000000,0.000000,0.000000,disabled,1.000000,0.000000
eb062612e04e0808,100%,100,91-100,100%,100,91-100,text,pygments,True,1.000000,1.000000,1.000000,1.000000,1.000000,1.000000,1.000000,0.214286,0.352941,1.000000,1.000000,1.000000,1.000000,1.000000,0.181818,1.000000,18,22,Modules/Server/Sources/PocketCastsServer/Public/Sync/UpNextSyncTask.swift,same_file,1,False,,,0.000000,0.000000,no supported local structural parser,False,,0,0.000000,0.000000,0.000000,0.000000,disabled,1.000000,1.000000
4da08a30004e29de,0%,0,0,mostly,78,71-80,text,pygments,False,0.000000,0.833333,1.000000,0.833333,1.000000,0.000000,0.833333,0.263158,0.400000,1.000000,0.833333,1.000000,0.000000,0.888889,0.142857,0.625000,8,7,podcasts/WatchManager.swift,same_file,2,False,,,0.000000,0.000000,no supported local structural parser,False,,0,0.000000,0.000000,0.000000,0.000000,disabled,1.000000,0.000000
9d2a02038f580ca6,100%,100,91-100,100%,100,91-100,text,pygments,True,1.000000,1.000000,1.000000,1.000000,1.000000,1.000000,1.000000,1.000000,1.000000,1.000000,1.000000,1.000000,1.000000,1.000000,1.000000,1.000000,4,1,podcasts/TranscriptSearchAccessoryView.swift,same_file,1,False,,,0.000000,0.000000,no supported local structural parser,False,,0,0.000000,0.000000,0.000000,0.000000,disabled,1.000000,1.000000
ee11dafda38c8694,100%,100,91-100,100%,100,91-100,text,pygments,True,1.000000,1.000000,1.000000,1.000000,1.000000,1.000000,1.000000,1.000000,1.000000,1.000000,1.000000,1.000000,1.000000,1.000000,1.000000,1.000000,8,1,podcasts/TranscriptSearchAccessoryView.swift,same_file,1,False,,,0.000000,0.000000,no supported local structural parser,False,,0,0.000000,0.000000,0.000000,0.000000,disabled,1.000000,1.000000
31893ff431e3a7ff,mostly,70,61-70,mostly,82,81-90,text,pygments,False,0.000000,0.937500,0.937500,0.937500,0.937500,0.000000,0.937500,0.789474,0.857143,0.937500,0.937500,0.937500,0.000000,0.937500,1.000000,1.000000,6,1,podcasts/TranscriptSearchAccessoryView.swift,same_file,1,False,,,0.000000,0.000000,no supported local structural parser,False,,0,0.000000,0.000000,0.000000,0.000000,disabled,1.000000,0.000000
b8bf98457554b370,mostly,72,71-80,mostly,84,81-90,text,pygments,False,0.666667,0.886364,1.000000,0.886364,1.000000,0.500000,0.886364,0.312000,0.461538,1.000000,0.886364,1.000000,0.166667,0.954545,0.315789,0.764706,17,19,podcasts/WatchManager.swift,same_file,2,False,,,0.000000,0.000000,no supported local structural parser,False,,0,0.000000,0.000000,0.000000,0.000000,disabled,1.000000,0.666700
e5736b2295d6b51d,partial,44,41-50,partial,55,51-60,text,pygments,False,0.437500,0.662500,0.837500,0.662500,0.837500,0.437500,0.662500,0.654321,0.658385,0.837500,0.662500,0.837500,0.187500,0.662500,1.000000,0.527778,36,16,podcasts/LogsView.swift,neighboring_same_file,4,False,,,0.000000,0.000000,no supported local structural parser,False,,0,0.000000,0.000000,0.000000,0.000000,disabled,1.000000,0.437500
af6b1cdbedbddcce,mostly,70,61-70,mostly,82,81-90,text,pygments,False,0.000000,0.904762,0.952381,0.952381,1.000000,0.000000,0.904762,0.791667,0.844444,0.952381,0.952381,1.000000,0.000000,1.000000,1.000000,0.777778,9,1,podcasts/SmallPagedListSummaryViewController.swift,same_file,1,False,,,0.000000,0.000000,no supported local structural parser,False,,0,0.000000,0.000000,0.000000,0.000000,disabled,1.000000,0.000000
5667db04ba8c46e6,mostly,78,71-80,partial,55,51-60,text,pygments,False,0.500000,0.812500,0.875000,0.812500,0.875000,0.500000,0.812500,0.245283,0.376812,0.875000,0.812500,0.875000,0.250000,0.812500,0.333333,0.833333,6,12,podcasts/LargeListSummaryViewController.swift,same_file,2,False,,,0.000000,0.000000,no supported local structural parser,False,,0,0.000000,0.000000,0.000000,0.000000,disabled,1.000000,0.500000
b68a9655bbf58bed,mostly,78,71-80,partial,55,51-60,text,pygments,False,0.500000,0.812500,0.875000,0.812500,0.875000,0.500000,0.812500,0.194030,0.313253,0.875000,0.812500,0.875000,0.250000,0.812500,0.307692,0.833333,6,13,podcasts/LargeListCell.swift,same_file,2,False,,,0.000000,0.000000,no supported local structural parser,False,,0,0.000000,0.000000,0.000000,0.000000,disabled,1.000000,0.500000
28b316c4f0d03fd7,0%,0,0,0%,0,0,text,pygments,False,0.000000,0.714286,0.857143,0.857143,1.000000,0.000000,0.571429,0.038835,0.072727,0.857143,0.714286,1.000000,0.000000,1.000000,0.090909,0.000000,3,11,podcasts/HorizontalCollectionList.swift,same_file,3,False,,,0.000000,0.000000,no supported local structural parser,False,,0,0.000000,0.000000,0.000000,0.000000,disabled,1.000000,0.000000
df9c03f3b342d653,partial,45,41-50,mostly,80,71-80,text,pygments,False,0.000000,0.727273,0.772727,0.727273,0.772727,0.000000,0.727273,0.941176,0.820513,0.772727,0.727273,0.772727,0.000000,0.772727,1.000000,0.666667,9,1,podcasts/Onboarding/Plus/NewUpgrade/UpgradeProductsView.swift,same_file,1,False,,,0.000000,0.000000,no supported local structural parser,False,,0,0.000000,0.000000,0.000000,0.000000,disabled,1.000000,0.000000
44aa44b88fb7e2d8,100%,100,91-100,100%,100,91-100,text,pygments,True,1.000000,1.000000,1.000000,1.000000,1.000000,1.000000,1.000000,1.000000,1.000000,1.000000,1.000000,1.000000,1.000000,1.000000,1.000000,1.000000,9,1,podcasts/ShelfCell.swift,same_file,4,False,,,0.000000,0.000000,no supported local structural parser,False,,0,0.000000,0.000000,0.000000,0.000000,disabled,1.000000,1.000000
553c586acc78b114,100%,100,91-100,100%,100,91-100,text,regex,True,1.000000,0.027778,0.166667,0.027778,0.166667,1.000000,1.000000,1.000000,1.000000,1.000000,1.000000,1.000000,1.000000,1.000000,1.000000,1.000000,41,4,podcasts/SleepTimerViewController.swift,same_file,4,False,,,0.000000,0.000000,no supported local structural parser,False,,0,0.000000,0.000000,0.000000,0.000000,disabled,1.000000,1.000000
a9f1bbd5fa7df595,partial,52,51-60,mostly,76,71-80,text,pygments,False,0.500000,0.896552,0.965517,0.896552,0.965517,0.500000,0.896552,0.201550,0.329114,0.965517,0.896552,0.965517,0.500000,0.862069,0.181818,0.800000,10,22,podcasts/PlaylistsViewController+Table.swift,same_file,2,False,,,0.000000,0.000000,no supported local structural parser,False,,0,0.000000,0.000000,0.000000,0.000000,disabled,1.000000,0.500000
d9148550343b01db,100%,90,81-90,mostly,72,71-80,text,pygments,False,0.000000,1.000000,1.000000,1.000000,1.000000,0.000000,1.000000,0.178295,0.302632,1.000000,1.000000,1.000000,0.000000,1.000000,0.045455,1.000000,10,22,podcasts/PlaylistsViewController+Table.swift,same_file,2,False,,,0.000000,0.000000,no supported local structural parser,False,,0,0.000000,0.000000,0.000000,0.000000,disabled,1.000000,0.000000
17bbe87523876f7d,100%,100,91-100,100%,100,91-100,text,pygments,True,1.000000,1.000000,1.000000,1.000000,1.000000,1.000000,1.000000,1.000000,1.000000,1.000000,1.000000,1.000000,1.000000,1.000000,1.000000,1.000000,4,1,podcasts/NewEmailViewController.swift,same_file,1,False,,,0.000000,0.000000,no supported local structural parser,False,,0,0.000000,0.000000,0.000000,0.000000,disabled,1.000000,1.000000
b7daa9b7667f5297,100%,100,91-100,100%,100,91-100,text,pygments,True,1.000000,1.000000,1.000000,1.000000,1.000000,1.000000,1.000000,1.000000,1.000000,1.000000,1.000000,1.000000,1.000000,1.000000,1.000000,1.000000,6,2,Modules/Server/Sources/PocketCastsServer/Public/Cache/ShowInfoDataRetriever.swift,same_file,1,False,,,0.000000,0.000000,no supported local structural parser,False,,0,0.000000,0.000000,0.000000,0.000000,disabled,1.000000,1.000000
29e043c01081a6be,100%,100,91-100,100%,100,91-100,text,pygments,True,1.000000,1.000000,1.000000,1.000000,1.000000,1.000000,1.000000,1.000000,1.000000,1.000000,1.000000,1.000000,1.000000,1.000000,1.000000,1.000000,2,1,podcasts/MultiSelectActionController.swift,same_file,1,False,,,0.000000,0.000000,no supported local structural parser,False,,0,0.000000,0.000000,0.000000,0.000000,disabled,1.000000,1.000000
d0ee2f5a9126f6c3,100%,100,91-100,100%,100,91-100,text,pygments,True,1.000000,1.000000,1.000000,1.000000,1.000000,1.000000,1.000000,1.000000,1.000000,1.000000,1.000000,1.000000,1.000000,1.000000,1.000000,1.000000,10,2,podcasts/MultiSelectFooterView.swift,same_file,1,False,,,0.000000,0.000000,no supported local structural parser,False,,0,0.000000,0.000000,0.000000,0.000000,disabled,1.000000,1.000000
7291edaf1f4d9e95,100%,100,91-100,mostly,82,81-90,text,pygments,False,0.000000,0.933333,0.933333,1.000000,1.000000,0.000000,0.933333,0.291667,0.444444,0.933333,1.000000,1.000000,0.000000,1.000000,0.333333,0.857143,7,3,podcasts/DateHeadingView.swift,same_file,3,False,,,0.000000,0.000000,no supported local structural parser,False,,0,0.000000,0.000000,0.000000,0.000000,disabled,1.000000,0.000000
6483d26d2a3fdebc,partial,51,51-60,mostly,82,81-90,text,pygments,False,0.333333,0.894737,0.947368,0.947368,1.000000,0.333333,0.894737,0.404762,0.557377,0.947368,0.947368,1.000000,0.333333,0.947368,0.500000,0.777778,9,6,podcasts/DownloadsViewController+Table.swift,same_file,1,False,,,0.000000,0.000000,no supported local structural parser,False,,0,0.000000,0.000000,0.000000,0.000000,disabled,1.000000,0.333300
51da48a32707a68f,partial,35,31-40,partial,55,51-60,text,pygments,False,0.428571,0.641509,0.867925,0.641509,0.867925,0.285714,0.641509,0.586207,0.612613,0.867925,0.641509,0.867925,0.142857,0.641509,0.636364,0.428571,21,11,podcasts/New Detail/Episode Add/ManualPlaylistsChooserViewController.swift,same_file,2,False,,,0.000000,0.000000,no supported local structural parser,False,,0,0.000000,0.000000,0.000000,0.000000,disabled,1.000000,0.428600
99e168f736f4940f,partial,5,1-10,partial,55,51-60,text,pygments,False,0.181818,0.573770,0.950820,0.590164,0.967213,0.181818,0.573770,0.101156,0.171990,0.950820,0.590164,0.967213,0.090909,0.836066,0.275000,0.142857,28,40,podcasts/WatchManager.swift,same_file,1,False,,,0.000000,0.000000,no supported local structural parser,False,,0,0.000000,0.000000,0.000000,0.000000,disabled,1.000000,0.181800
f5d4883c31cdee8f,partial,18,11-20,mostly,74,71-80,python,python,False,0.000000,0.830769,0.953846,0.846154,0.969231,0.000000,0.830769,0.343949,0.486486,0.953846,0.846154,0.969231,0.000000,0.846154,0.363636,0.805556,36,11,taipy/core/taipy.py,neighboring_same_file,6,False,python_ast,python,0.000000,0.000000,SyntaxError: illegal target for annotation,False,,0,0.000000,0.000000,0.000000,0.000000,disabled,1.000000,0.000000
fc966a84bbb7cf2c,partial,51,51-60,partial,55,51-60,python,python,False,0.095238,0.807692,0.918803,0.846154,0.957265,0.047619,0.807692,0.533898,0.642857,0.918803,0.846154,0.957265,0.047619,0.871795,0.538462,0.605769,104,39,tests/core/scenario/test_scenario_manager.py,same_file,1,True,python_ast,python,0.875776,0.875776,,False,,0,0.000000,0.000000,0.000000,0.000000,disabled,1.000000,0.095200
81073400e81dd34c,partial,33,31-40,mostly,78,71-80,python,python,False,0.333333,0.933333,0.933333,0.933333,0.933333,0.333333,0.866667,0.333333,0.481481,0.866667,0.866667,0.866667,0.333333,0.800000,1.000000,1.000000,7,3,taipy/core/taipy.py,neighboring_same_file,5,True,python_ast,python,0.800000,0.800000,,False,,0,0.000000,0.000000,0.000000,0.000000,disabled,1.000000,0.333300
b358928a6165278d,mostly,60,51-60,mostly,69,61-70,python,python,False,0.000000,0.815789,0.894737,0.815789,0.894737,0.000000,0.815789,0.162304,0.270742,0.894737,0.815789,0.894737,0.000000,0.789474,0.187500,0.800000,15,16,taipy/core/taipy.py,same_file,4,True,python_ast,python,0.896552,0.896552,,False,,0,0.000000,0.000000,0.000000,0.000000,disabled,1.000000,0.000000
50c20c9466340396,partial,45,41-50,mostly,82,81-90,python,python,False,0.000000,1.000000,1.000000,1.000000,1.000000,0.000000,1.000000,0.226562,0.369427,1.000000,1.000000,1.000000,0.000000,1.000000,0.250000,1.000000,16,8,taipy/core/taipy.py,same_file,7,False,python_ast,python,0.000000,0.000000,SyntaxError: invalid syntax,False,,0,0.000000,0.000000,0.000000,0.000000,disabled,1.000000,0.000000
88eedf008a5b0639,partial,57,51-60,mostly,82,81-90,python,python,False,0.333333,0.977273,1.000000,0.977273,1.000000,0.333333,0.977273,0.335938,0.500000,1.000000,0.977273,1.000000,0.333333,0.977273,0.375000,1.000000,25,8,taipy/core/taipy.py,same_file,5,False,python_ast,python,0.000000,0.000000,SyntaxError: invalid syntax,False,,0,0.000000,0.000000,0.000000,0.000000,disabled,1.000000,0.333300
78b32ffe9fa3ad62,100%,100,91-100,100%,100,91-100,python,python,True,1.000000,1.000000,1.000000,1.000000,1.000000,1.000000,1.000000,0.151832,0.263636,1.000000,1.000000,1.000000,1.000000,1.000000,0.312500,1.000000,13,16,taipy/core/taipy.py,same_file,2,True,python_ast,python,1.000000,1.000000,,False,,0,0.000000,0.000000,0.000000,0.000000,disabled,1.000000,1.000000
df46cb2037aa5e66,100%,100,91-100,100%,100,91-100,python,python,True,1.000000,1.000000,1.000000,1.000000,1.000000,1.000000,1.000000,0.136364,0.240000,1.000000,1.000000,1.000000,1.000000,1.000000,0.166667,1.000000,6,6,tests/core/scenario/test_scenario_manager.py,same_file,4,True,python_ast,python,1.000000,1.000000,,False,,0,0.000000,0.000000,0.000000,0.000000,disabled,1.000000,1.000000
8e690d940f19a6c6,100%,100,91-100,100%,100,91-100,python,python,True,1.000000,1.000000,1.000000,1.000000,1.000000,1.000000,1.000000,0.117647,0.210526,1.000000,1.000000,1.000000,1.000000,1.000000,0.117647,1.000000,8,17,tests/core/test_taipy.py,same_file,2,True,python_ast,python,1.000000,1.000000,,False,,0,0.000000,0.000000,0.000000,0.000000,disabled,1.000000,1.000000
abd759c9895a0dd0,100%,100,91-100,100%,100,91-100,python,python,True,1.000000,1.000000,1.000000,1.000000,1.000000,1.000000,1.000000,0.335938,0.502924,1.000000,1.000000,1.000000,1.000000,1.000000,0.375000,1.000000,25,8,taipy/core/taipy.py,same_file,4,False,python_ast,python,0.000000,0.000000,SyntaxError: invalid syntax,False,,0,0.000000,0.000000,0.000000,0.000000,disabled,1.000000,1.000000
ba50eaf74cd37795,mostly,68,61-70,mostly,81,81-90,python,python,False,0.000000,0.925532,0.957447,0.925532,0.957447,0.000000,0.925532,0.537037,0.679688,0.957447,0.925532,0.957447,0.000000,0.914894,0.454545,0.942308,52,11,taipy/core/taipy.py,same_file,4,False,python_ast,python,0.000000,0.000000,SyntaxError: illegal target for annotation,False,,0,0.000000,0.000000,0.000000,0.000000,disabled,1.000000,0.000000
f5f99554ed1ee01c,100%,100,91-100,100%,100,91-100,python,python,True,1.000000,1.000000,1.000000,1.000000,1.000000,1.000000,1.000000,0.296296,0.457143,1.000000,1.000000,1.000000,1.000000,1.000000,0.272727,1.000000,23,11,taipy/core/taipy.py,same_file,4,False,python_ast,python,0.000000,0.000000,SyntaxError: invalid syntax,False,,0,0.000000,0.000000,0.000000,0.000000,disabled,1.000000,1.000000
230607d6ecb7ba74,100%,100,91-100,100%,100,91-100,python,python,True,1.000000,1.000000,1.000000,1.000000,1.000000,1.000000,1.000000,1.000000,1.000000,1.000000,1.000000,1.000000,1.000000,1.000000,1.000000,1.000000,8,1,taipy/core/scenario/_scenario_manager.py,same_file,1,True,python_ast,python,1.000000,1.000000,,False,,0,0.000000,0.000000,0.000000,0.000000,disabled,1.000000,1.000000
41ceb79c8278a9b6,100%,100,91-100,100%,100,91-100,python,python,True,1.000000,1.000000,1.000000,1.000000,1.000000,1.000000,1.000000,1.000000,1.000000,1.000000,1.000000,1.000000,1.000000,1.000000,1.000000,1.000000,12,3,taipy/core/taipy.py,same_file,5,True,python_ast,python,1.000000,1.000000,,False,,0,0.000000,0.000000,0.000000,0.000000,disabled,1.000000,1.000000
83d5158456c06f2b,100%,97,91-100,mostly,88,81-90,python,python,False,0.666667,1.000000,1.000000,1.000000,1.000000,0.666667,1.000000,0.658824,0.794326,1.000000,1.000000,1.000000,0.666667,1.000000,0.600000,1.000000,33,5,taipy/core/taipy.py,same_file,6,False,python_ast,python,0.000000,0.000000,SyntaxError: illegal target for annotation,False,,0,0.000000,0.000000,0.000000,0.000000,disabled,1.000000,0.666700
bb4478ebc2e796eb,100%,100,91-100,100%,100,91-100,python,python,True,1.000000,1.000000,1.000000,1.000000,1.000000,1.000000,1.000000,0.224806,0.367089,1.000000,1.000000,1.000000,1.000000,1.000000,0.333333,1.000000,12,9,taipy/core/taipy.py,same_file,4,True,python_ast,python,1.000000,1.000000,,False,,0,0.000000,0.000000,0.000000,0.000000,disabled,1.000000,1.000000
0434eabb79edcdca,100%,97,91-100,mostly,88,81-90,python,python,False,0.666667,1.000000,1.000000,1.000000,1.000000,0.666667,1.000000,0.434109,0.605405,1.000000,1.000000,1.000000,0.666667,1.000000,0.333333,1.000000,33,9,taipy/core/taipy.py,same_file,4,False,python_ast,python,0.000000,0.000000,SyntaxError: illegal target for annotation,False,,0,0.000000,0.000000,0.000000,0.000000,disabled,1.000000,0.666700
19e692af86a493b9,100%,100,91-100,100%,100,91-100,python,python,True,1.000000,1.000000,1.000000,1.000000,1.000000,1.000000,1.000000,1.000000,1.000000,1.000000,1.000000,1.000000,1.000000,1.000000,1.000000,1.000000,27,3,taipy/core/taipy.py,same_file,4,False,python_ast,python,0.000000,0.000000,SyntaxError: illegal target for annotation,False,,0,0.000000,0.000000,0.000000,0.000000,disabled,1.000000,1.000000
774c60a3681809d3,100%,100,91-100,100%,100,91-100,python,python,True,1.000000,1.000000,1.000000,1.000000,1.000000,1.000000,1.000000,0.765625,0.867257,1.000000,1.000000,1.000000,1.000000,1.000000,0.750000,1.000000,27,4,taipy/core/taipy.py,same_file,4,False,python_ast,python,0.000000,0.000000,SyntaxError: illegal target for annotation,False,,0,0.000000,0.000000,0.000000,0.000000,disabled,1.000000,1.000000
c0af4a0eaaf3aecf,100%,100,91-100,100%,100,91-100,python,python,True,1.000000,1.000000,1.000000,1.000000,1.000000,1.000000,1.000000,0.234375,0.379747,1.000000,1.000000,1.000000,1.000000,1.000000,0.250000,1.000000,8,4,taipy/core/taipy.py,same_file,4,False,python_ast,python,0.000000,0.000000,SyntaxError: invalid syntax,False,,0,0.000000,0.000000,0.000000,0.000000,disabled,1.000000,1.000000
e1266cf572d597e1,partial,5,1-10,mostly,73,71-80,python,python,False,0.000000,0.864198,0.950617,0.876543,0.962963,0.000000,0.864198,0.648148,0.740741,0.950617,0.876543,0.962963,0.000000,0.827160,0.900000,0.722222,36,10,tests/core/scenario/test_scenario_manager.py,neighboring_same_file,3,True,python_ast,python,0.854545,0.854545,,False,,0,0.000000,0.000000,0.000000,0.000000,disabled,1.000000,0.000000
7e448b3885f52b1f,partial,23,21-30,mostly,82,81-90,python,python,False,0.000000,0.941176,0.941176,1.000000,1.000000,0.000000,0.941176,0.150943,0.260163,0.941176,1.000000,1.000000,0.000000,1.000000,0.176471,0.857143,7,17,tests/core/scenario/test_scenario_manager.py,same_file,3,True,python_ast,python,0.769231,0.769231,,False,,0,0.000000,0.000000,0.000000,0.000000,disabled,1.000000,0.000000
8e9a4908a948c914,mostly,61,61-70,partial,55,51-60,python,python,False,0.285714,0.972973,0.972973,1.000000,1.000000,0.285714,0.972973,0.324324,0.486486,0.972973,1.000000,1.000000,0.285714,1.000000,0.350000,0.933333,15,20,tests/core/scenario/test_scenario_manager.py,same_file,3,True,python_ast,python,0.884615,0.884615,,False,,0,0.000000,0.000000,0.000000,0.000000,disabled,1.000000,0.285700
a9e5c43f5f31a724,partial,23,21-30,mostly,82,81-90,python,python,False,0.000000,0.941176,0.941176,1.000000,1.000000,0.000000,0.941176,0.128000,0.225352,0.941176,1.000000,1.000000,0.000000,1.000000,0.125000,0.857143,7,24,tests/core/scenario/test_scenario_manager.py,same_file,3,True,python_ast,python,0.692308,0.692308,,False,,0,0.000000,0.000000,0.000000,0.000000,disabled,1.000000,0.000000
04a79917dc3151df,partial,35,31-40,mostly,72,71-80,python,python,False,0.000000,1.000000,1.000000,1.000000,1.000000,0.000000,1.000000,0.090278,0.165605,1.000000,1.000000,1.000000,0.000000,1.000000,0.074074,1.000000,5,27,tests/core/scenario/test_scenario_manager.py,same_file,3,True,python_ast,python,1.000000,1.000000,,False,,0,0.000000,0.000000,0.000000,0.000000,disabled,1.000000,0.000000
3962c9df86ee5356,partial,46,41-50,mostly,82,81-90,python,python,False,0.000000,1.000000,1.000000,1.000000,1.000000,0.000000,1.000000,0.251852,0.402367,1.000000,1.000000,1.000000,0.000000,1.000000,0.214286,1.000000,14,28,tests/core/scenario/test_scenario_manager.py,same_file,2,True,python_ast,python,1.000000,1.000000,,False,,0,0.000000,0.000000,0.000000,0.000000,disabled,1.000000,0.000000
29b68f5ea579891f,100%,90,81-90,mostly,88,81-90,python,python,False,0.500000,1.000000,1.000000,1.000000,1.000000,0.500000,1.000000,0.952381,0.975610,1.000000,1.000000,1.000000,0.500000,1.000000,0.666667,1.000000,8,6,tests/core/test_taipy.py,same_file,6,True,python_ast,python,1.000000,1.000000,,False,,0,0.000000,0.000000,0.000000,0.000000,disabled,1.000000,0.500000
20cc852d7a284ee4,100%,100,91-100,100%,100,91-100,python,python,True,1.000000,1.000000,1.000000,1.000000,1.000000,1.000000,1.000000,1.000000,1.000000,1.000000,1.000000,1.000000,1.000000,1.000000,1.000000,1.000000,5,2,tests/core/test_taipy.py,same_file,6,True,python_ast,python,1.000000,1.000000,,False,,0,0.000000,0.000000,0.000000,0.000000,disabled,1.000000,1.000000
975945d463148a55,100%,100,91-100,100%,100,91-100,python,python,True,1.000000,1.000000,1.000000,1.000000,1.000000,1.000000,1.000000,1.000000,1.000000,1.000000,1.000000,1.000000,1.000000,1.000000,1.000000,1.000000,12,3,taipy/core/_entity/_entity_ids.py,same_file,2,True,python_ast,python,1.000000,1.000000,,False,,0,0.000000,0.000000,0.000000,0.000000,disabled,1.000000,1.000000
c55f822b2c7550a3,100%,100,91-100,100%,100,91-100,python,python,True,1.000000,1.000000,1.000000,1.000000,1.000000,1.000000,1.000000,1.000000,1.000000,1.000000,1.000000,1.000000,1.000000,1.000000,1.000000,1.000000,17,5,taipy/core/data/data_node.py,same_file,5,False,python_ast,python,0.000000,0.000000,SyntaxError: unterminated triple-quoted string literal (detected at line 6),False,,0,0.000000,0.000000,0.000000,0.000000,disabled,1.000000,1.000000
85df53d5d6d4a2dc,partial,24,21-30,partial,55,51-60,python,python,False,0.214286,0.256098,0.317073,0.268293,0.329268,0.214286,0.256098,0.724138,0.378378,0.317073,0.256098,0.317073,0.071429,0.268293,0.642857,0.103448,29,9,taipy/core/data/data_node.py,same_file,4,True,python_ast,python,0.452830,0.452830,,False,,0,0.000000,0.000000,0.000000,0.000000,disabled,1.000000,0.214300
9eda0e100d34f5ac,0%,0,0,0%,0,0,python,python,False,0.000000,0.333333,0.666667,0.333333,0.666667,0.000000,0.333333,0.133333,0.190476,0.666667,0.333333,0.666667,0.000000,0.666667,0.500000,0.000000,3,2,taipy/_cli/_scaffold_cli.py,same_file,1,True,python_ast,python,0.833333,0.833333,,False,,0,0.000000,0.000000,0.000000,0.000000,disabled,1.000000,0.000000
c0b1b2be4b67f022,mostly,67,61-70,100%,90,81-90,python,python,False,0.666667,1.000000,1.000000,1.000000,1.000000,0.666667,1.000000,1.000000,1.000000,1.000000,1.000000,1.000000,0.333333,1.000000,1.000000,1.000000,8,3,taipy/_cli/_scaffold_cli.py,same_file,1,True,python_ast,python,1.000000,1.000000,,False,,0,0.000000,0.000000,0.000000,0.000000,disabled,1.000000,0.666700
6c8f46f233ae87b6,partial,50,41-50,mostly,85,81-90,python,python,False,0.500000,0.685714,0.685714,0.685714,0.685714,0.500000,0.685714,1.000000,0.813559,0.685714,0.685714,0.685714,0.500000,0.685714,0.500000,0.588235,17,1,taipy/core/_entity/submittable.py,same_file,1,False,python_ast,python,0.000000,0.000000,SyntaxError: invalid syntax,False,,0,0.000000,0.000000,0.000000,0.000000,disabled,1.000000,0.500000
8384a9d2f1ca2aa7,100%,100,91-100,100%,100,91-100,python,python,True,1.000000,0.000000,0.000000,0.000000,0.000000,1.000000,0.000000,0.000000,0.000000,0.000000,0.000000,0.000000,1.000000,0.000000,1.000000,0.000000,0,1,taipy/core/data/data_node.py,same_file,3,True,python_ast,python,1.000000,1.000000,,False,,0,0.000000,0.000000,0.000000,0.000000,disabled,1.000000,1.000000
2011a6a2f47191b6,mostly,80,71-80,mostly,82,81-90,python,python,False,0.000000,0.938776,0.938776,0.938776,0.938776,0.000000,0.938776,0.560976,0.702290,0.938776,0.938776,0.938776,0.000000,0.938776,0.800000,1.000000,27,5,taipy/core/data/data_node.py,same_file,3,False,python_ast,python,0.000000,0.000000,SyntaxError: unterminated string literal (detected at line 5),False,,0,0.000000,0.000000,0.000000,0.000000,disabled,1.000000,0.000000
80554a32989161ee,100%,100,91-100,100%,100,91-100,python,python,True,1.000000,1.000000,1.000000,1.000000,1.000000,1.000000,1.000000,1.000000,1.000000,1.000000,1.000000,1.000000,1.000000,1.000000,1.000000,1.000000,10,2,taipy/core/scenario/scenario.py,same_file,2,False,python_ast,python,0.000000,0.000000,SyntaxError: invalid syntax,False,,0,0.000000,0.000000,0.000000,0.000000,disabled,1.000000,1.000000
166842db2ce63c5f,100%,100,91-100,100%,100,91-100,python,python,True,1.000000,0.000000,0.000000,0.000000,0.000000,1.000000,0.000000,0.000000,0.000000,0.000000,0.000000,0.000000,1.000000,0.000000,1.000000,0.000000,0,1,taipy/core/task/task.py,same_file,1,True,python_ast,python,1.000000,1.000000,,False,,0,0.000000,0.000000,0.000000,0.000000,disabled,1.000000,1.000000
d92a25b57233a4d6,100%,100,91-100,100%,100,91-100,python,python,True,1.000000,1.000000,1.000000,1.000000,1.000000,1.000000,1.000000,0.363636,0.533333,1.000000,1.000000,1.000000,1.000000,1.000000,0.333333,1.000000,4,3,taipy/core/notification/core_event_consumer.py,same_file,5,False,python_ast,python,0.000000,0.000000,SyntaxError: '(' was never closed,False,,0,0.000000,0.000000,0.000000,0.000000,disabled,1.000000,1.000000
d224abad23c537f8,100%,100,91-100,100%,100,91-100,python,python,True,1.000000,1.000000,1.000000,1.000000,1.000000,1.000000,1.000000,0.363636,0.533333,1.000000,1.000000,1.000000,1.000000,1.000000,0.333333,1.000000,4,3,taipy/core/notification/core_event_consumer.py,same_file,6,True,python_ast,python,1.000000,1.000000,,False,,0,0.000000,0.000000,0.000000,0.000000,disabled,1.000000,1.000000
a458136540621383,100%,100,91-100,100%,100,91-100,python,python,True,1.000000,1.000000,1.000000,1.000000,1.000000,1.000000,1.000000,0.917808,0.957143,1.000000,1.000000,1.000000,1.000000,1.000000,0.888889,1.000000,36,9,taipy/core/notification/notifier.py,same_file,2,False,python_ast,python,0.000000,0.000000,SyntaxError: invalid syntax,False,,0,0.000000,0.000000,0.000000,0.000000,disabled,1.000000,1.000000
7b9194c0bace41b2,100%,100,91-100,100%,100,91-100,python,python,True,1.000000,1.000000,1.000000,1.000000,1.000000,1.000000,1.000000,1.000000,1.000000,1.000000,1.000000,1.000000,1.000000,1.000000,1.000000,1.000000,5,1,taipy/gui_core/_context.py,same_file,1,True,python_ast,python,1.000000,1.000000,,False,,0,0.000000,0.000000,0.000000,0.000000,disabled,1.000000,1.000000
2ea5b216bc0ae20b,100%,100,91-100,100%,100,91-100,python,python,True,1.000000,1.000000,1.000000,1.000000,1.000000,1.000000,1.000000,1.000000,1.000000,1.000000,1.000000,1.000000,1.000000,1.000000,1.000000,1.000000,2,1,taipy/core/sequence/_sequence_manager.py,same_file,4,True,python_ast,python,1.000000,1.000000,,False,,0,0.000000,0.000000,0.000000,0.000000,disabled,1.000000,1.000000
fab87977b7feb201,100%,100,91-100,100%,100,91-100,python,python,True,1.000000,1.000000,1.000000,1.000000,1.000000,1.000000,1.000000,1.000000,1.000000,1.000000,1.000000,1.000000,1.000000,1.000000,1.000000,1.000000,10,1,taipy/core/cycle/cycle.py,same_file,4,False,python_ast,python,0.000000,0.000000,SyntaxError: invalid syntax,False,,0,0.000000,0.000000,0.000000,0.000000,disabled,1.000000,1.000000
e5183a177f410598,0%,0,0,mostly,82,81-90,python,python,False,0.000000,0.666667,1.000000,0.666667,1.000000,0.000000,0.555556,0.069444,0.123457,1.000000,0.555556,1.000000,0.000000,1.000000,0.200000,0.555556,9,5,taipy/core/cycle/cycle.py,same_file,4,False,python_ast,python,0.000000,0.000000,SyntaxError: invalid syntax,False,,0,0.000000,0.000000,0.000000,0.000000,disabled,1.000000,0.000000
456a8c7422a90016,100%,100,91-100,100%,100,91-100,python,python,True,1.000000,1.000000,1.000000,1.000000,1.000000,1.000000,1.000000,1.000000,1.000000,1.000000,1.000000,1.000000,1.000000,1.000000,1.000000,1.000000,10,1,taipy/core/cycle/cycle.py,same_file,4,False,python_ast,python,0.000000,0.000000,SyntaxError: invalid syntax,False,,0,0.000000,0.000000,0.000000,0.000000,disabled,1.000000,1.000000
2bfc74fb2a553464,100%,100,91-100,100%,100,91-100,python,python,True,1.000000,1.000000,1.000000,1.000000,1.000000,1.000000,1.000000,1.000000,1.000000,1.000000,1.000000,1.000000,1.000000,1.000000,1.000000,1.000000,9,1,taipy/core/cycle/cycle.py,same_file,4,False,python_ast,python,0.000000,0.000000,SyntaxError: invalid syntax,False,,0,0.000000,0.000000,0.000000,0.000000,disabled,1.000000,1.000000
155ef5ae861c7f5a,100%,100,91-100,100%,100,91-100,python,python,True,1.000000,1.000000,1.000000,1.000000,1.000000,1.000000,1.000000,0.583333,0.736842,1.000000,1.000000,1.000000,1.000000,1.000000,0.500000,1.000000,10,2,taipy/core/job/job.py,same_file,1,False,python_ast,python,0.000000,0.000000,SyntaxError: invalid syntax,False,,0,0.000000,0.000000,0.000000,0.000000,disabled,1.000000,1.000000
fd855a9eaf904e9c,mostly,83,81-90,mostly,85,81-90,python,python,False,0.833333,0.850575,0.977011,0.850575,0.977011,0.833333,0.850575,0.795699,0.822222,0.977011,0.850575,0.977011,0.833333,0.965517,1.000000,0.851852,54,6,taipy/core/cycle/cycle.py,neighboring_same_file,4,False,python_ast,python,0.000000,0.000000,SyntaxError: invalid syntax,False,,0,0.000000,0.000000,0.000000,0.000000,disabled,1.000000,0.833300
843f9750cd8e792d,mostly,67,61-70,mostly,74,71-80,python,python,False,0.666667,0.645161,0.709677,0.645161,0.709677,0.666667,0.645161,0.869565,0.740741,0.709677,0.645161,0.709677,0.666667,0.548387,1.000000,0.615385,13,3,taipy/gui/_renderers/builder.py,neighboring_same_file,3,True,python_ast,python,0.680000,0.680000,,False,,0,0.000000,0.000000,0.000000,0.000000,disabled,1.000000,0.666700
f73c199cae54a010,100%,100,91-100,100%,100,91-100,python,python,True,1.000000,1.000000,1.000000,1.000000,1.000000,1.000000,1.000000,0.033708,0.065217,1.000000,1.000000,1.000000,1.000000,1.000000,0.066667,1.000000,1,15,doc/gui/examples/controls/metric-layout.py,same_file,1,False,python_ast,python,0.000000,0.000000,SyntaxError: '{' was never closed,False,,0,0.000000,0.000000,0.000000,0.000000,disabled,1.000000,1.000000
2316af738fd8b3e5,100%,90,81-90,mostly,82,81-90,python,python,False,0.000000,0.965517,0.965517,1.000000,1.000000,0.000000,0.965517,0.823529,0.888889,0.965517,1.000000,1.000000,0.000000,0.965517,0.500000,0.833333,6,2,doc/gui/examples/controls/metric-value-format.py,same_file,1,False,python_ast,python,0.000000,0.000000,SyntaxError: invalid syntax,False,,0,0.000000,0.000000,0.000000,0.000000,disabled,1.000000,0.000000
e51ed1b7afc675c8,mostly,87,81-90,mostly,66,61-70,python,python,False,0.625000,0.716049,0.716049,0.753086,0.753086,0.625000,0.716049,0.146096,0.242678,0.716049,0.753086,0.753086,0.500000,0.753086,0.421053,0.275862,29,19,taipy/gui_core/_adapters.py,same_file,1,True,python_ast,python,0.666667,0.666667,,False,,0,0.000000,0.000000,0.000000,0.000000,disabled,1.000000,0.625000
ed56c1a47ddc542c,100%,90,81-90,mostly,82,81-90,python,python,False,0.000000,0.969697,1.000000,0.969697,1.000000,0.000000,0.969697,0.711111,0.820513,1.000000,0.969697,1.000000,0.000000,1.000000,0.333333,0.900000,10,3,taipy/gui_core/_adapters.py,same_file,5,False,python_ast,python,0.000000,0.000000,SyntaxError: invalid syntax,False,,0,0.000000,0.000000,0.000000,0.000000,disabled,1.000000,0.000000
5c72a44c9b4b522e,mostly,70,61-70,mostly,82,81-90,python,python,False,0.000000,1.000000,1.000000,1.000000,1.000000,0.000000,1.000000,0.243902,0.392157,1.000000,1.000000,1.000000,0.000000,1.000000,0.250000,1.000000,4,4,taipy/core/reason/_reason_factory.py,same_file,3,True,python_ast,python,1.000000,1.000000,,False,,0,0.000000,0.000000,0.000000,0.000000,disabled,1.000000,0.000000
7c3f7c62ceb0806c,mostly,70,61-70,mostly,78,71-80,python,python,False,0.000000,0.875000,0.875000,0.875000,0.875000,0.000000,0.875000,0.170732,0.285714,0.875000,0.875000,0.875000,0.000000,0.875000,0.250000,1.000000,1,4,taipy/core/reason/_reason_factory.py,same_file,3,True,python_ast,python,1.000000,1.000000,,False,,0,0.000000,0.000000,0.000000,0.000000,disabled,1.000000,0.000000
034f617cffdcda23,100%,100,91-100,100%,100,91-100,python,python,True,1.000000,1.000000,1.000000,1.000000,1.000000,1.000000,1.000000,0.243902,0.392157,1.000000,1.000000,1.000000,1.000000,1.000000,0.250000,1.000000,4,4,taipy/core/reason/_reason_factory.py,same_file,3,True,python_ast,python,1.000000,1.000000,,False,,0,0.000000,0.000000,0.000000,0.000000,disabled,1.000000,1.000000
a06d325abf4bc036,100%,100,91-100,100%,100,91-100,python,python,True,1.000000,1.000000,1.000000,1.000000,1.000000,1.000000,1.000000,0.432432,0.603774,1.000000,1.000000,1.000000,1.000000,1.000000,0.250000,1.000000,8,4,tests/core/data/test_data_manager.py,same_file,3,True,python_ast,python,1.000000,1.000000,,False,,0,0.000000,0.000000,0.000000,0.000000,disabled,1.000000,1.000000
38257d0765714f03,mostly,70,61-70,mostly,82,81-90,python,python,False,0.000000,1.000000,1.000000,1.000000,1.000000,0.000000,1.000000,0.108108,0.195122,1.000000,1.000000,1.000000,0.000000,1.000000,0.250000,1.000000,1,4,tests/core/data/test_data_manager.py,same_file,4,True,python_ast,python,1.000000,1.000000,,False,,0,0.000000,0.000000,0.000000,0.000000,disabled,1.000000,0.000000
bf6d67ef63ba3ff2,0%,0,0,0%,0,0,python,python,False,0.000000,0.238095,0.476190,0.238095,0.476190,0.000000,0.666667,0.172840,0.274510,0.904762,0.666667,0.904762,0.000000,0.714286,0.200000,0.375000,8,5,taipy/core/taipy.py,same_file,3,True,python_ast,python,0.866667,0.866667,,False,,0,0.000000,0.000000,0.000000,0.000000,disabled,1.000000,0.000000
dd8317fba53186c0,100%,100,91-100,100%,100,91-100,typescript,pygments,True,1.000000,1.000000,1.000000,1.000000,1.000000,1.000000,1.000000,0.246032,0.394904,1.000000,1.000000,1.000000,1.000000,1.000000,0.142857,1.000000,9,7,frontend/taipy-gui/src/components/Taipy/Metric.tsx,same_file,2,True,tree_sitter,typescript,1.000000,1.000000,,False,,0,0.000000,0.000000,0.000000,0.000000,disabled,1.000000,1.000000
8def8a1425dd372c,100%,100,91-100,100%,100,91-100,typescript,pygments,True,1.000000,1.000000,1.000000,1.000000,1.000000,1.000000,1.000000,0.666667,0.800000,1.000000,1.000000,1.000000,1.000000,1.000000,0.750000,1.000000,6,4,frontend/taipy-gui/src/components/Taipy/Metric.tsx,same_file,3,True,tree_sitter,typescript,1.000000,1.000000,,False,,0,0.000000,0.000000,0.000000,0.000000,disabled,1.000000,1.000000
124b5053765d0f49,mostly,70,61-70,mostly,78,71-80,python,python,False,0.000000,0.777778,0.777778,0.777778,0.777778,0.000000,0.777778,0.142857,0.241379,0.777778,0.777778,0.777778,0.000000,0.777778,0.200000,1.000000,2,5,taipy/gui/gui.py,same_file,2,True,python_ast,python,0.888889,0.888889,,False,,0,0.000000,0.000000,0.000000,0.000000,disabled,1.000000,0.000000
babb59c8f892bcce,100%,100,91-100,100%,100,91-100,python,python,True,1.000000,1.000000,1.000000,1.000000,1.000000,1.000000,1.000000,0.105634,0.191083,1.000000,1.000000,1.000000,1.000000,1.000000,0.083333,1.000000,12,12,taipy/gui/gui.py,same_file,3,False,python_ast,python,0.000000,0.000000,SyntaxError: invalid syntax,False,,0,0.000000,0.000000,0.000000,0.000000,disabled,1.000000,1.000000
68722d7ef1f22b12,partial,45,41-50,mostly,72,71-80,python,python,False,0.000000,1.000000,1.000000,1.000000,1.000000,0.000000,1.000000,0.204225,0.339181,1.000000,1.000000,1.000000,0.000000,1.000000,0.083333,1.000000,15,12,taipy/gui/gui.py,same_file,3,False,python_ast,python,0.000000,0.000000,SyntaxError: invalid syntax,False,,0,0.000000,0.000000,0.000000,0.000000,disabled,1.000000,0.000000
8d7f1d9374be591c,100%,100,91-100,100%,100,91-100,python,python,True,1.000000,1.000000,1.000000,1.000000,1.000000,1.000000,1.000000,0.302326,0.464286,1.000000,1.000000,1.000000,1.000000,1.000000,0.333333,1.000000,7,3,taipy/gui/state.py,same_file,1,False,python_ast,python,0.000000,0.000000,SyntaxError: unterminated triple-quoted string literal (detected at line 2),False,,0,0.000000,0.000000,0.000000,0.000000,disabled,1.000000,1.000000
62b5041fc2d91055,0%,0,0,0%,0,0,python,python,False,0.000000,0.500000,1.000000,0.500000,1.000000,0.000000,0.500000,0.162791,0.245614,1.000000,0.500000,1.000000,0.000000,0.928571,0.333333,0.363636,11,3,taipy/gui/state.py,same_file,1,False,python_ast,python,0.000000,0.000000,SyntaxError: invalid syntax,False,,0,0.000000,0.000000,0.000000,0.000000,disabled,1.000000,0.000000
620d5eec076e11f6,partial,45,41-50,mostly,82,81-90,python,python,False,0.000000,0.966667,1.000000,0.966667,1.000000,0.000000,0.966667,0.537037,0.690476,1.000000,0.966667,1.000000,0.000000,1.000000,0.200000,0.937500,16,5,taipy/gui/gui.py,same_file,1,False,python_ast,python,0.000000,0.000000,SyntaxError: invalid syntax,False,,0,0.000000,0.000000,0.000000,0.000000,disabled,1.000000,0.000000
1096218ab7dfe3d6,100%,100,91-100,100%,100,91-100,python,python,True,1.000000,1.000000,1.000000,1.000000,1.000000,1.000000,1.000000,0.130435,0.230769,1.000000,1.000000,1.000000,1.000000,1.000000,0.100000,1.000000,12,10,taipy/core/reason/reason.py,same_file,2,False,python_ast,python,0.000000,0.000000,SyntaxError: illegal target for annotation,False,,0,0.000000,0.000000,0.000000,0.000000,disabled,1.000000,1.000000
df9481e21bb20d22,100%,100,91-100,100%,100,91-100,python,python,True,1.000000,1.000000,1.000000,1.000000,1.000000,1.000000,1.000000,1.000000,1.000000,1.000000,1.000000,1.000000,1.000000,1.000000,1.000000,1.000000,10,1,taipy/core/reason/reason.py,same_file,7,False,python_ast,python,0.000000,0.000000,SyntaxError: invalid syntax,False,,0,0.000000,0.000000,0.000000,0.000000,disabled,1.000000,1.000000
59ee262061f2b175,100%,100,91-100,100%,100,91-100,python,python,True,1.000000,1.000000,1.000000,1.000000,1.000000,1.000000,1.000000,1.000000,1.000000,1.000000,1.000000,1.000000,1.000000,1.000000,1.000000,1.000000,9,1,taipy/core/reason/reason.py,same_file,6,False,python_ast,python,0.000000,0.000000,SyntaxError: invalid syntax,False,,0,0.000000,0.000000,0.000000,0.000000,disabled,1.000000,1.000000
c0aa836dede9c2a6,100%,100,91-100,100%,100,91-100,python,python,True,1.000000,1.000000,1.000000,1.000000,1.000000,1.000000,1.000000,1.000000,1.000000,1.000000,1.000000,1.000000,1.000000,1.000000,1.000000,1.000000,11,1,taipy/core/reason/reason.py,same_file,8,False,python_ast,python,0.000000,0.000000,SyntaxError: invalid syntax,False,,0,0.000000,0.000000,0.000000,0.000000,disabled,1.000000,1.000000
d05c0fce8c1372af,100%,100,91-100,100%,100,91-100,python,python,True,1.000000,1.000000,1.000000,1.000000,1.000000,1.000000,1.000000,1.000000,1.000000,1.000000,1.000000,1.000000,1.000000,1.000000,1.000000,1.000000,9,1,taipy/core/reason/reason.py,same_file,8,False,python_ast,python,0.000000,0.000000,SyntaxError: invalid syntax,False,,0,0.000000,0.000000,0.000000,0.000000,disabled,1.000000,1.000000
fe8559a8b5c84857,100%,100,91-100,100%,100,91-100,python,python,True,1.000000,1.000000,1.000000,1.000000,1.000000,1.000000,1.000000,1.000000,1.000000,1.000000,1.000000,1.000000,1.000000,1.000000,1.000000,1.000000,13,1,taipy/core/reason/reason.py,same_file,3,False,python_ast,python,0.000000,0.000000,SyntaxError: invalid syntax,False,,0,0.000000,0.000000,0.000000,0.000000,disabled,1.000000,1.000000
78f10844c4473f3b,mostly,73,71-80,mostly,79,71-80,python,python,False,0.500000,0.916667,0.950000,0.916667,0.950000,0.500000,0.916667,0.797101,0.852713,0.950000,0.916667,0.950000,0.500000,0.900000,0.800000,0.957143,70,10,taipy/core/reason/reason.py,same_file,2,False,python_ast,python,0.000000,0.000000,SyntaxError: invalid syntax,False,,0,0.000000,0.000000,0.000000,0.000000,disabled,1.000000,0.500000
dad952a76336c009,100%,90,81-90,mostly,82,81-90,python,python,False,0.000000,0.933333,1.000000,0.933333,1.000000,0.000000,0.933333,0.280000,0.430769,1.000000,0.933333,1.000000,0.000000,1.000000,0.200000,0.857143,7,5,taipy/core/data/_data_manager.py,same_file,1,True,python_ast,python,1.000000,1.000000,,False,,0,0.000000,0.000000,0.000000,0.000000,disabled,1.000000,0.000000
67876322470e6de4,100%,90,81-90,mostly,82,81-90,python,python,False,0.000000,0.933333,1.000000,0.933333,1.000000,0.000000,0.933333,0.311111,0.466667,1.000000,0.933333,1.000000,0.000000,1.000000,0.200000,0.800000,5,5,taipy/core/_entity/submittable.py,same_file,1,True,python_ast,python,1.000000,1.000000,,False,,0,0.000000,0.000000,0.000000,0.000000,disabled,1.000000,0.000000
275a41efc5eda16e,100%,100,91-100,mostly,82,81-90,typescript,pygments,False,0.000000,1.000000,1.000000,1.000000,1.000000,0.000000,1.000000,0.233333,0.378378,1.000000,1.000000,1.000000,0.000000,1.000000,0.111111,1.000000,7,9,frontend/taipy-gui/base/src/app.ts,same_file,5,True,tree_sitter,typescript,1.000000,1.000000,,False,,0,0.000000,0.000000,0.000000,0.000000,disabled,1.000000,0.000000
386ba9d75f9cf8e4,partial,42,41-50,mostly,82,81-90,typescript,pygments,False,0.333333,0.875000,0.958333,0.875000,0.958333,0.333333,0.666667,0.105960,0.182857,0.958333,0.666667,0.958333,0.333333,0.958333,0.157895,0.222222,9,19,frontend/taipy-gui/base/src/app.ts,same_file,5,True,tree_sitter,typescript,0.826087,0.826087,,False,,0,0.000000,0.000000,0.000000,0.000000,disabled,1.000000,0.333300
150062aa87451e86,100%,100,91-100,100%,100,91-100,typescript,pygments,True,1.000000,1.000000,1.000000,1.000000,1.000000,1.000000,1.000000,0.298246,0.459459,1.000000,1.000000,1.000000,1.000000,1.000000,0.333333,1.000000,6,3,frontend/taipy-gui/src/components/Taipy/Image.spec.tsx,same_file,1,True,tree_sitter,typescript,1.000000,1.000000,,False,,0,0.000000,0.000000,0.000000,0.000000,disabled,1.000000,1.000000
fca80dc2729f2c60,100%,100,91-100,100%,100,91-100,typescript,pygments,True,1.000000,1.000000,1.000000,1.000000,1.000000,1.000000,1.000000,0.315789,0.480000,1.000000,1.000000,1.000000,1.000000,1.000000,0.333333,1.000000,7,3,frontend/taipy-gui/src/components/Taipy/Image.spec.tsx,same_file,3,True,tree_sitter,typescript,1.000000,1.000000,,False,,0,0.000000,0.000000,0.000000,0.000000,disabled,1.000000,1.000000
30ea40352c284c0d,mostly,70,61-70,mostly,82,81-90,typescript,pygments,False,0.000000,0.941176,1.000000,0.941176,1.000000,0.000000,0.941176,0.280702,0.432432,1.000000,0.941176,1.000000,0.000000,1.000000,0.333333,0.833333,6,3,frontend/taipy-gui/src/components/Taipy/Image.spec.tsx,same_file,3,True,tree_sitter,typescript,1.000000,1.000000,,False,,0,0.000000,0.000000,0.000000,0.000000,disabled,1.000000,0.000000
953402302bb908c1,100%,100,91-100,100%,100,91-100,typescript,pygments,True,1.000000,1.000000,1.000000,1.000000,1.000000,1.000000,1.000000,0.513514,0.678571,1.000000,1.000000,1.000000,1.000000,1.000000,0.500000,1.000000,7,2,frontend/taipy-gui/src/components/Taipy/Image.spec.tsx,same_file,3,True,tree_sitter,typescript,1.000000,1.000000,,False,,0,0.000000,0.000000,0.000000,0.000000,disabled,1.000000,1.000000
bf35ea37b7ca7d1f,100%,100,91-100,100%,100,91-100,typescript,pygments,True,1.000000,1.000000,1.000000,1.000000,1.000000,1.000000,1.000000,0.486486,0.654545,1.000000,1.000000,1.000000,1.000000,1.000000,0.500000,1.000000,7,2,frontend/taipy-gui/src/components/Taipy/Image.spec.tsx,same_file,5,True,tree_sitter,typescript,1.000000,1.000000,,False,,0,0.000000,0.000000,0.000000,0.000000,disabled,1.000000,1.000000
26aef64659926ed2,100%,100,91-100,100%,100,91-100,typescript,pygments,True,1.000000,1.000000,1.000000,1.000000,1.000000,1.000000,1.000000,0.500000,0.666667,1.000000,1.000000,1.000000,1.000000,1.000000,0.500000,1.000000,8,2,frontend/taipy-gui/src/components/Taipy/Image.spec.tsx,same_file,3,True,tree_sitter,typescript,1.000000,1.000000,,False,,0,0.000000,0.000000,0.000000,0.000000,disabled,1.000000,1.000000
70f19dc88286a92d,100%,100,91-100,100%,100,91-100,typescript,pygments,True,1.000000,1.000000,1.000000,1.000000,1.000000,1.000000,1.000000,0.500000,0.666667,1.000000,1.000000,1.000000,1.000000,1.000000,0.500000,1.000000,7,2,frontend/taipy-gui/src/components/Taipy/Image.spec.tsx,same_file,1,True,tree_sitter,typescript,1.000000,1.000000,,False,,0,0.000000,0.000000,0.000000,0.000000,disabled,1.000000,1.000000
fbdf8a013515ae0c,100%,100,91-100,100%,100,91-100,typescript,pygments,True,1.000000,1.000000,1.000000,1.000000,1.000000,1.000000,1.000000,1.000000,1.000000,1.000000,1.000000,1.000000,1.000000,1.000000,1.000000,1.000000,5,1,frontend/taipy-gui/src/components/Taipy/Alert.spec.tsx,same_file,3,True,tree_sitter,typescript,1.000000,1.000000,,False,,0,0.000000,0.000000,0.000000,0.000000,disabled,1.000000,1.000000
d532a1e60d8dcb82,100%,100,91-100,100%,100,91-100,typescript,pygments,True,1.000000,1.000000,1.000000,1.000000,1.000000,1.000000,1.000000,1.000000,1.000000,1.000000,1.000000,1.000000,1.000000,1.000000,1.000000,1.000000,6,1,frontend/taipy-gui/src/components/Taipy/Alert.spec.tsx,same_file,3,True,tree_sitter,typescript,1.000000,1.000000,,False,,0,0.000000,0.000000,0.000000,0.000000,disabled,1.000000,1.000000
6a6290cecd02774b,100%,100,91-100,100%,100,91-100,typescript,pygments,True,1.000000,1.000000,1.000000,1.000000,1.000000,1.000000,1.000000,1.000000,1.000000,1.000000,1.000000,1.000000,1.000000,1.000000,1.000000,1.000000,2,1,frontend/taipy-gui/src/components/Taipy/Metric.tsx,same_file,5,True,tree_sitter,typescript,1.000000,1.000000,,False,,0,0.000000,0.000000,0.000000,0.000000,disabled,1.000000,1.000000
a59586eade069c88,100%,100,91-100,100%,100,91-100,python,python,True,1.000000,1.000000,1.000000,1.000000,1.000000,1.000000,1.000000,1.000000,1.000000,1.000000,1.000000,1.000000,1.000000,1.000000,1.000000,1.000000,3,1,taipy/gui_core/_adapters.py,same_file,1,True,python_ast,python,1.000000,1.000000,,False,,0,0.000000,0.000000,0.000000,0.000000,disabled,1.000000,1.000000
13eebcc02095e1b9,100%,100,91-100,100%,100,91-100,python,python,True,1.000000,1.000000,1.000000,1.000000,1.000000,1.000000,1.000000,1.000000,1.000000,1.000000,1.000000,1.000000,1.000000,1.000000,1.000000,1.000000,2,1,taipy/_cli/_create_cli.py,same_file,1,True,python_ast,python,1.000000,1.000000,,False,,0,0.000000,0.000000,0.000000,0.000000,disabled,1.000000,1.000000
6ad61172cef50af7,100%,100,91-100,100%,100,91-100,python,python,True,1.000000,1.000000,1.000000,1.000000,1.000000,1.000000,1.000000,1.000000,1.000000,1.000000,1.000000,1.000000,1.000000,1.000000,1.000000,1.000000,3,1,taipy/gui/server.py,same_file,2,True,python_ast,python,1.000000,1.000000,,False,,0,0.000000,0.000000,0.000000,0.000000,disabled,1.000000,1.000000
7c02fe581c804c37,100%,100,91-100,100%,100,91-100,python,python,True,1.000000,1.000000,1.000000,1.000000,1.000000,1.000000,1.000000,0.318182,0.482759,1.000000,1.000000,1.000000,1.000000,1.000000,0.500000,1.000000,2,2,taipy/core/_orchestrator/_orchestrator.py,same_file,1,False,python_ast,python,0.000000,0.000000,SyntaxError: invalid syntax,False,,0,0.000000,0.000000,0.000000,0.000000,disabled,1.000000,1.000000
33e8bd10c46230b2,100%,100,91-100,100%,100,91-100,python,python,True,1.000000,1.000000,1.000000,1.000000,1.000000,1.000000,1.000000,0.681818,0.810811,1.000000,1.000000,1.000000,1.000000,1.000000,0.500000,1.000000,6,2,taipy/core/_orchestrator/_orchestrator.py,same_file,1,False,python_ast,python,0.000000,0.000000,SyntaxError: invalid syntax,False,,0,0.000000,0.000000,0.000000,0.000000,disabled,1.000000,1.000000
ae19e634e255e94a,100%,100,91-100,100%,100,91-100,python,python,True,1.000000,1.000000,1.000000,1.000000,1.000000,1.000000,1.000000,0.600000,0.750000,1.000000,1.000000,1.000000,1.000000,1.000000,0.500000,1.000000,6,2,taipy/core/_orchestrator/_orchestrator.py,same_file,1,False,python_ast,python,0.000000,0.000000,SyntaxError: invalid syntax,False,,0,0.000000,0.000000,0.000000,0.000000,disabled,1.000000,1.000000
d038c5d2edfefdbb,100%,100,91-100,100%,100,91-100,python,python,True,1.000000,1.000000,1.000000,1.000000,1.000000,1.000000,1.000000,0.681818,0.810811,1.000000,1.000000,1.000000,1.000000,1.000000,0.500000,1.000000,6,2,taipy/core/scenario/scenario.py,same_file,1,False,python_ast,python,0.000000,0.000000,SyntaxError: invalid syntax,False,,0,0.000000,0.000000,0.000000,0.000000,disabled,1.000000,1.000000
a4058b7c3d022e87,100%,100,91-100,100%,100,91-100,python,python,True,1.000000,1.000000,1.000000,1.000000,1.000000,1.000000,1.000000,0.714286,0.833333,1.000000,1.000000,1.000000,1.000000,1.000000,0.500000,1.000000,6,2,taipy/core/sequence/sequence.py,same_file,1,False,python_ast,python,0.000000,0.000000,SyntaxError: invalid syntax,False,,0,0.000000,0.000000,0.000000,0.000000,disabled,1.000000,1.000000
61097ec3e6bd5350,100%,100,91-100,100%,100,91-100,python,python,True,1.000000,1.000000,1.000000,1.000000,1.000000,1.000000,1.000000,0.535714,0.697674,1.000000,1.000000,1.000000,1.000000,1.000000,0.500000,1.000000,6,2,taipy/core/taipy.py,same_file,1,False,python_ast,python,0.000000,0.000000,SyntaxError: invalid syntax,False,,0,0.000000,0.000000,0.000000,0.000000,disabled,1.000000,1.000000
a191d918570224f9,100%,100,91-100,100%,100,91-100,python,python,True,1.000000,1.000000,1.000000,1.000000,1.000000,1.000000,1.000000,0.714286,0.833333,1.000000,1.000000,1.000000,1.000000,1.000000,0.500000,1.000000,6,2,taipy/core/task/task.py,same_file,1,False,python_ast,python,0.000000,0.000000,SyntaxError: invalid syntax,False,,0,0.000000,0.000000,0.000000,0.000000,disabled,1.000000,1.000000
2a586fd7ac9ed87c,100%,100,91-100,100%,100,91-100,python,python,True,1.000000,1.000000,1.000000,1.000000,1.000000,1.000000,1.000000,1.000000,1.000000,1.000000,1.000000,1.000000,1.000000,1.000000,1.000000,1.000000,4,1,taipy/core/reason/reason.py,same_file,1,True,python_ast,python,1.000000,1.000000,,False,,0,0.000000,0.000000,0.000000,0.000000,disabled,1.000000,1.000000
9e74ccf72fd8ed61,100%,100,91-100,100%,100,91-100,typescript,pygments,True,1.000000,1.000000,1.000000,1.000000,1.000000,1.000000,1.000000,0.760000,0.863636,1.000000,1.000000,1.000000,1.000000,1.000000,0.500000,1.000000,7,2,frontend/taipy-gui/src/components/Taipy/PaginatedTable.spec.tsx,same_file,1,True,tree_sitter,typescript,1.000000,1.000000,,False,,0,0.000000,0.000000,0.000000,0.000000,disabled,1.000000,1.000000
5fdd5b80f88cba84,0%,0,0,0%,0,0,python,python,False,0.000000,0.565217,0.913043,0.565217,0.913043,0.000000,0.565217,0.106557,0.179310,0.913043,0.565217,0.913043,0.000000,0.782609,0.176471,0.111111,9,17,taipy/core/data/data_node.py,same_file,2,True,python_ast,python,0.857143,0.857143,,False,,0,0.000000,0.000000,0.000000,0.000000,disabled,1.000000,0.000000
c0c359b0b73e33e1,0%,0,0,partial,52,51-60,python,python,False,0.000000,0.555556,0.666667,0.555556,0.666667,0.000000,0.444444,0.275862,0.340426,0.555556,0.444444,0.555556,0.000000,0.500000,0.666667,0.666667,6,3,taipy/core/scenario/scenario.py,same_file,3,True,python_ast,python,0.562500,0.562500,,False,,0,0.000000,0.000000,0.000000,0.000000,disabled,1.000000,0.000000
85345284a403e31e,mostly,80,71-80,mostly,82,81-90,python,python,False,0.000000,0.956522,1.000000,0.956522,1.000000,0.000000,0.956522,0.758621,0.846154,1.000000,0.956522,1.000000,0.000000,1.000000,0.666667,0.900000,10,3,taipy/core/scenario/scenario.py,same_file,3,True,python_ast,python,1.000000,1.000000,,False,,0,0.000000,0.000000,0.000000,0.000000,disabled,1.000000,0.000000
34f2dedfbda3febc,100%,100,91-100,100%,100,91-100,python,python,True,1.000000,1.000000,1.000000,1.000000,1.000000,1.000000,1.000000,1.000000,1.000000,1.000000,1.000000,1.000000,1.000000,1.000000,1.000000,1.000000,3,1,taipy/gui/_renderers/_markdown/preproc.py,same_file,1,True,python_ast,python,1.000000,1.000000,,False,,0,0.000000,0.000000,0.000000,0.000000,disabled,1.000000,1.000000
28013a9b4798a1d7,mostly,87,81-90,mostly,82,81-90,text,pygments,False,0.333333,0.976190,1.000000,0.976190,1.000000,0.333333,0.976190,0.976190,0.976190,1.000000,0.976190,1.000000,0.333333,0.976190,1.000000,0.952381,21,3,taipy/config/config.pyi,same_file,2,False,,,0.000000,0.000000,no supported local structural parser,False,,0,0.000000,0.000000,0.000000,0.000000,disabled,1.000000,0.333300
77b3341cadffcde9,mostly,87,81-90,mostly,82,81-90,text,pygments,False,0.333333,0.976190,1.000000,0.976190,1.000000,0.333333,0.976190,0.976190,0.976190,1.000000,0.976190,1.000000,0.333333,0.976190,1.000000,0.952381,21,3,taipy/config/config.pyi,same_file,4,False,,,0.000000,0.000000,no supported local structural parser,False,,0,0.000000,0.000000,0.000000,0.000000,disabled,1.000000,0.333300
ec712678547da933,mostly,87,81-90,mostly,82,81-90,text,pygments,False,0.333333,0.976190,1.000000,0.976190,1.000000,0.333333,0.976190,0.976190,0.976190,1.000000,0.976190,1.000000,0.333333,0.976190,1.000000,0.952381,21,3,taipy/config/config.pyi,same_file,4,False,,,0.000000,0.000000,no supported local structural parser,False,,0,0.000000,0.000000,0.000000,0.000000,disabled,1.000000,0.333300
cb710a7b7f65a094,mostly,87,81-90,mostly,82,81-90,text,pygments,False,0.333333,0.976190,1.000000,0.976190,1.000000,0.333333,0.976190,0.976190,0.976190,1.000000,0.976190,1.000000,0.333333,0.976190,1.000000,0.952381,21,3,taipy/config/config.pyi,same_file,4,False,,,0.000000,0.000000,no supported local structural parser,False,,0,0.000000,0.000000,0.000000,0.000000,disabled,1.000000,0.333300
ad6d25c93f65ee2d,mostly,87,81-90,mostly,82,81-90,text,pygments,False,0.333333,0.976190,1.000000,0.976190,1.000000,0.333333,0.976190,0.976190,0.976190,1.000000,0.976190,1.000000,0.333333,0.976190,1.000000,0.952381,21,3,taipy/config/config.pyi,same_file,4,False,,,0.000000,0.000000,no supported local structural parser,False,,0,0.000000,0.000000,0.000000,0.000000,disabled,1.000000,0.333300
0aa02f8c8e67cf49,mostly,87,81-90,mostly,82,81-90,text,pygments,False,0.333333,0.976190,1.000000,0.976190,1.000000,0.333333,0.976190,0.976190,0.976190,1.000000,0.976190,1.000000,0.333333,0.976190,1.000000,0.952381,21,3,taipy/config/config.pyi,same_file,4,False,,,0.000000,0.000000,no supported local structural parser,False,,0,0.000000,0.000000,0.000000,0.000000,disabled,1.000000,0.333300
c6f315a009ffff46,mostly,87,81-90,mostly,82,81-90,text,pygments,False,0.333333,0.976190,1.000000,0.976190,1.000000,0.333333,0.976190,0.394231,0.561644,1.000000,0.976190,1.000000,0.333333,0.976190,0.300000,0.952381,21,10,taipy/config/config.pyi,same_file,4,False,,,0.000000,0.000000,no supported local structural parser,False,,0,0.000000,0.000000,0.000000,0.000000,disabled,1.000000,0.333300
9a1ed05d29ae6df2,mostly,87,81-90,mostly,82,81-90,text,pygments,False,0.333333,0.976190,1.000000,0.976190,1.000000,0.333333,0.976190,0.183036,0.308271,1.000000,0.976190,1.000000,0.333333,0.976190,0.214286,0.952381,21,14,taipy/config/config.pyi,same_file,4,False,,,0.000000,0.000000,no supported local structural parser,False,,0,0.000000,0.000000,0.000000,0.000000,disabled,1.000000,0.333300
4af11a809892437b,mostly,87,81-90,mostly,82,81-90,text,pygments,False,0.333333,0.976190,1.000000,0.976190,1.000000,0.333333,0.976190,0.181416,0.305970,1.000000,0.976190,1.000000,0.333333,0.976190,0.200000,0.952381,21,15,taipy/config/config.pyi,same_file,3,False,,,0.000000,0.000000,no supported local structural parser,False,,0,0.000000,0.000000,0.000000,0.000000,disabled,1.000000,0.333300
8e56e28654bfad33,mostly,87,81-90,mostly,82,81-90,text,pygments,False,0.333333,0.976190,1.000000,0.976190,1.000000,0.333333,0.976190,0.976190,0.976190,1.000000,0.976190,1.000000,0.333333,0.976190,1.000000,0.952381,21,3,taipy/config/config.pyi,same_file,3,False,,,0.000000,0.000000,no supported local structural parser,False,,0,0.000000,0.000000,0.000000,0.000000,disabled,1.000000,0.333300
2fe5c69870b49af0,mostly,87,81-90,mostly,82,81-90,text,pygments,False,0.333333,0.976190,1.000000,0.976190,1.000000,0.333333,0.976190,0.976190,0.976190,1.000000,0.976190,1.000000,0.333333,0.976190,1.000000,0.952381,21,3,taipy/config/config.pyi,same_file,3,False,,,0.000000,0.000000,no supported local structural parser,False,,0,0.000000,0.000000,0.000000,0.000000,disabled,1.000000,0.333300
1895d62911d380e1,mostly,87,81-90,mostly,82,81-90,text,pygments,False,0.333333,0.976190,1.000000,0.976190,1.000000,0.333333,0.976190,0.976190,0.976190,1.000000,0.976190,1.000000,0.333333,0.976190,1.000000,0.952381,21,3,taipy/config/config.pyi,same_file,3,False,,,0.000000,0.000000,no supported local structural parser,False,,0,0.000000,0.000000,0.000000,0.000000,disabled,1.000000,0.333300
818c5218d83248b4,mostly,87,81-90,mostly,82,81-90,text,pygments,False,0.333333,0.976190,1.000000,0.976190,1.000000,0.333333,0.976190,0.162055,0.277966,1.000000,0.976190,1.000000,0.333333,0.976190,0.136364,0.952381,21,22,taipy/config/config.pyi,same_file,3,False,,,0.000000,0.000000,no supported local structural parser,False,,0,0.000000,0.000000,0.000000,0.000000,disabled,1.000000,0.333300
42e70d5dedd1316f,0%,0,0,0%,0,0,text,pygments,False,0.000000,0.444444,0.851852,0.444444,0.851852,0.000000,0.444444,0.048780,0.087912,0.851852,0.444444,0.851852,0.000000,0.777778,0.086957,0.000000,10,23,taipy/config/config.pyi,same_file,2,False,,,0.000000,0.000000,no supported local structural parser,False,,0,0.000000,0.000000,0.000000,0.000000,disabled,1.000000,0.000000
6847622f8fbba870,mostly,87,81-90,mostly,82,81-90,python,python,False,0.333333,0.979592,1.000000,0.979592,1.000000,0.333333,0.979592,0.979592,0.979592,1.000000,0.979592,1.000000,0.333333,0.979592,1.000000,0.956522,23,3,taipy/core/config/data_node_config.py,same_file,2,False,python_ast,python,0.000000,0.000000,SyntaxError: expected 'else' after 'if' expression,False,,0,0.000000,0.000000,0.000000,0.000000,disabled,1.000000,0.333300
98024169d9853a78,mostly,87,81-90,mostly,82,81-90,python,python,False,0.333333,0.979592,1.000000,0.979592,1.000000,0.333333,0.979592,0.979592,0.979592,1.000000,0.979592,1.000000,0.333333,0.979592,1.000000,0.956522,23,3,taipy/core/config/data_node_config.py,same_file,4,False,python_ast,python,0.000000,0.000000,SyntaxError: expected 'else' after 'if' expression,False,,0,0.000000,0.000000,0.000000,0.000000,disabled,1.000000,0.333300
d46f15b6dcaeaaf9,mostly,87,81-90,mostly,82,81-90,python,python,False,0.333333,0.979592,1.000000,0.979592,1.000000,0.333333,0.979592,0.979592,0.979592,1.000000,0.979592,1.000000,0.333333,0.979592,1.000000,0.956522,23,3,taipy/core/config/data_node_config.py,same_file,4,False,python_ast,python,0.000000,0.000000,SyntaxError: expected 'else' after 'if' expression,False,,0,0.000000,0.000000,0.000000,0.000000,disabled,1.000000,0.333300
309646b453d6d8d6,mostly,87,81-90,mostly,82,81-90,python,python,False,0.333333,0.979592,1.000000,0.979592,1.000000,0.333333,0.979592,0.979592,0.979592,1.000000,0.979592,1.000000,0.333333,0.979592,1.000000,0.956522,23,3,taipy/core/config/data_node_config.py,same_file,4,False,python_ast,python,0.000000,0.000000,SyntaxError: expected 'else' after 'if' expression,False,,0,0.000000,0.000000,0.000000,0.000000,disabled,1.000000,0.333300
86d9a617d38610f6,mostly,87,81-90,mostly,82,81-90,python,python,False,0.333333,0.979592,1.000000,0.979592,1.000000,0.333333,0.979592,0.979592,0.979592,1.000000,0.979592,1.000000,0.333333,0.979592,1.000000,0.956522,23,3,taipy/core/config/data_node_config.py,same_file,4,False,python_ast,python,0.000000,0.000000,SyntaxError: expected 'else' after 'if' expression,False,,0,0.000000,0.000000,0.000000,0.000000,disabled,1.000000,0.333300
edfa3a2161e5cfc9,mostly,87,81-90,mostly,82,81-90,python,python,False,0.333333,0.979592,1.000000,0.979592,1.000000,0.333333,0.979592,0.979592,0.979592,1.000000,0.979592,1.000000,0.333333,0.979592,1.000000,0.956522,23,3,taipy/core/config/data_node_config.py,same_file,4,False,python_ast,python,0.000000,0.000000,SyntaxError: expected 'else' after 'if' expression,False,,0,0.000000,0.000000,0.000000,0.000000,disabled,1.000000,0.333300
034254df5a77d301,mostly,87,81-90,mostly,82,81-90,python,python,False,0.333333,0.979592,1.000000,0.979592,1.000000,0.333333,0.979592,0.979592,0.979592,1.000000,0.979592,1.000000,0.333333,0.979592,1.000000,0.956522,23,3,taipy/core/config/data_node_config.py,same_file,4,False,python_ast,python,0.000000,0.000000,SyntaxError: expected 'else' after 'if' expression,False,,0,0.000000,0.000000,0.000000,0.000000,disabled,1.000000,0.333300
3ba8a2a57e7b7a20,mostly,87,81-90,mostly,82,81-90,python,python,False,0.333333,0.979592,1.000000,0.979592,1.000000,0.333333,0.979592,0.979592,0.979592,1.000000,0.979592,1.000000,0.333333,0.979592,1.000000,0.956522,23,3,taipy/core/config/data_node_config.py,same_file,4,False,python_ast,python,0.000000,0.000000,SyntaxError: expected 'else' after 'if' expression,False,,0,0.000000,0.000000,0.000000,0.000000,disabled,1.000000,0.333300
2ec981572feb8089,mostly,87,81-90,mostly,82,81-90,python,python,False,0.333333,0.979592,1.000000,0.979592,1.000000,0.333333,0.979592,0.241206,0.387097,1.000000,0.979592,1.000000,0.333333,0.979592,0.214286,0.956522,23,14,taipy/core/config/data_node_config.py,same_file,4,False,python_ast,python,0.000000,0.000000,SyntaxError: expected 'else' after 'if' expression,False,,0,0.000000,0.000000,0.000000,0.000000,disabled,1.000000,0.333300
79df9a7ed3521bd9,mostly,87,81-90,mostly,82,81-90,python,python,False,0.333333,0.979592,1.000000,0.979592,1.000000,0.333333,0.979592,0.979592,0.979592,1.000000,0.979592,1.000000,0.333333,0.979592,1.000000,0.956522,23,3,taipy/core/config/data_node_config.py,same_file,3,False,python_ast,python,0.000000,0.000000,SyntaxError: expected 'else' after 'if' expression,False,,0,0.000000,0.000000,0.000000,0.000000,disabled,1.000000,0.333300
a1073969bdec1151,mostly,87,81-90,mostly,82,81-90,python,python,False,0.333333,0.979592,1.000000,0.979592,1.000000,0.333333,0.979592,0.979592,0.979592,1.000000,0.979592,1.000000,0.333333,0.979592,1.000000,0.956522,23,3,taipy/core/config/data_node_config.py,same_file,3,False,python_ast,python,0.000000,0.000000,SyntaxError: expected 'else' after 'if' expression,False,,0,0.000000,0.000000,0.000000,0.000000,disabled,1.000000,0.333300
06ef33204c0ec783,mostly,87,81-90,mostly,82,81-90,python,python,False,0.333333,0.979592,1.000000,0.979592,1.000000,0.333333,0.979592,0.979592,0.979592,1.000000,0.979592,1.000000,0.333333,0.979592,1.000000,0.956522,23,3,taipy/core/config/data_node_config.py,same_file,3,False,python_ast,python,0.000000,0.000000,SyntaxError: expected 'else' after 'if' expression,False,,0,0.000000,0.000000,0.000000,0.000000,disabled,1.000000,0.333300
1dbd3e08e7be8890,partial,53,51-60,mostly,77,71-80,python,python,False,0.000000,0.918367,0.979592,0.918367,0.979592,0.000000,0.918367,0.261628,0.407240,0.979592,0.918367,0.979592,0.000000,0.877551,0.130435,0.869565,23,23,taipy/core/config/data_node_config.py,neighboring_same_file,3,False,python_ast,python,0.000000,0.000000,SyntaxError: expected 'else' after 'if' expression,False,,0,0.000000,0.000000,0.000000,0.000000,disabled,1.000000,0.000000
4a9ca163d8887f05,100%,100,91-100,100%,100,91-100,python,python,True,1.000000,1.000000,1.000000,1.000000,1.000000,1.000000,1.000000,0.063187,0.118863,1.000000,1.000000,1.000000,1.000000,1.000000,0.047619,1.000000,11,21,taipy/gui/gui_actions.py,same_file,1,False,python_ast,python,0.000000,0.000000,SyntaxError: invalid syntax,False,,0,0.000000,0.000000,0.000000,0.000000,disabled,1.000000,1.000000
f002a3c9f43b7880,100%,90,81-90,mostly,72,71-80,python,python,False,0.000000,1.000000,1.000000,1.000000,1.000000,0.000000,1.000000,0.079670,0.147583,1.000000,1.000000,1.000000,0.000000,1.000000,0.047619,1.000000,8,21,taipy/gui/gui_actions.py,same_file,1,False,python_ast,python,0.000000,0.000000,SyntaxError: invalid syntax,False,,0,0.000000,0.000000,0.000000,0.000000,disabled,1.000000,0.000000
05241b60977e3769,0%,0,0,mostly,80,71-80,typescript,pygments,False,0.000000,1.000000,1.000000,1.000000,1.000000,0.000000,1.000000,0.081633,0.150943,1.000000,1.000000,1.000000,0.000000,0.750000,0.333333,1.000000,2,3,frontend/taipy-gui/base/src/app.ts,same_file,3,True,tree_sitter,typescript,1.000000,1.000000,,False,,0,0.000000,0.000000,0.000000,0.000000,disabled,1.000000,0.000000
dd35aa8f0c982f65,partial,45,41-50,mostly,80,71-80,typescript,pygments,False,0.000000,1.000000,1.000000,1.000000,1.000000,0.000000,1.000000,0.696970,0.821429,1.000000,1.000000,1.000000,0.000000,0.913043,0.333333,1.000000,9,3,frontend/taipy-gui/src/components/Taipy/Input.tsx,same_file,4,True,tree_sitter,typescript,1.000000,1.000000,,False,,0,0.000000,0.000000,0.000000,0.000000,disabled,1.000000,0.000000
98bd88bdaae39782,100%,100,91-100,100%,100,91-100,python,python,True,1.000000,1.000000,1.000000,1.000000,1.000000,1.000000,1.000000,0.333333,0.500000,1.000000,1.000000,1.000000,1.000000,1.000000,0.333333,1.000000,1,3,taipy/core/_core.py,same_file,1,True,python_ast,python,1.000000,1.000000,,False,,0,0.000000,0.000000,0.000000,0.000000,disabled,1.000000,1.000000
81f4452f41dd7e09,100%,100,91-100,100%,100,91-100,python,python,True,1.000000,1.000000,1.000000,1.000000,1.000000,1.000000,1.000000,0.666667,0.800000,1.000000,1.000000,1.000000,1.000000,1.000000,0.666667,1.000000,2,3,taipy/core/_core.py,same_file,1,True,python_ast,python,1.000000,1.000000,,False,,0,0.000000,0.000000,0.000000,0.000000,disabled,1.000000,1.000000
0b2467e4fe43b4f9,100%,100,91-100,100%,100,91-100,typescript,pygments,True,1.000000,1.000000,1.000000,1.000000,1.000000,1.000000,1.000000,1.000000,1.000000,1.000000,1.000000,1.000000,1.000000,1.000000,1.000000,0.000000,0,1,frontend/taipy-gui/src/components/Taipy/AutoLoadingTable.tsx,same_file,1,True,tree_sitter,typescript,1.000000,1.000000,,False,,0,0.000000,0.000000,0.000000,0.000000,disabled,1.000000,1.000000
fd3a083099b6c8d8,100%,100,91-100,100%,100,91-100,typescript,pygments,True,1.000000,1.000000,1.000000,1.000000,1.000000,1.000000,1.000000,1.000000,1.000000,1.000000,1.000000,1.000000,1.000000,1.000000,1.000000,0.000000,0,1,frontend/taipy-gui/src/components/Taipy/PaginatedTable.tsx,same_file,1,True,tree_sitter,typescript,1.000000,1.000000,,False,,0,0.000000,0.000000,0.000000,0.000000,disabled,1.000000,1.000000
8c270a7007df237b,0%,0,0,0%,0,0,typescript,pygments,False,0.000000,0.722222,1.000000,0.722222,1.000000,0.000000,0.722222,0.144444,0.240741,1.000000,0.722222,1.000000,0.000000,0.777778,0.250000,0.000000,4,8,frontend/taipy-gui/src/components/Taipy/tableUtils.tsx,neighboring_same_file,4,True,tree_sitter,typescript,0.833333,0.833333,,False,,0,0.000000,0.000000,0.000000,0.000000,disabled,1.000000,0.000000
cb14624181f93ba2,100%,100,91-100,100%,100,91-100,python,python,True,1.000000,1.000000,1.000000,1.000000,1.000000,1.000000,1.000000,1.000000,1.000000,1.000000,1.000000,1.000000,1.000000,1.000000,1.000000,1.000000,10,1,taipy/config/__init__.py,same_file,1,False,python_ast,python,0.000000,0.000000,SyntaxError: invalid syntax,False,,0,0.000000,0.000000,0.000000,0.000000,disabled,1.000000,1.000000
1575387036a5a23c,100%,100,91-100,100%,100,91-100,python,python,True,1.000000,1.000000,1.000000,1.000000,1.000000,1.000000,1.000000,1.000000,1.000000,1.000000,1.000000,1.000000,1.000000,1.000000,1.000000,1.000000,10,1,taipy/config/checker/issue.py,same_file,1,False,python_ast,python,0.000000,0.000000,SyntaxError: invalid syntax,False,,0,0.000000,0.000000,0.000000,0.000000,disabled,1.000000,1.000000
e256e8352f90644e,100%,100,91-100,100%,100,91-100,python,python,True,1.000000,1.000000,1.000000,1.000000,1.000000,1.000000,1.000000,1.000000,1.000000,1.000000,1.000000,1.000000,1.000000,1.000000,1.000000,1.000000,9,1,taipy/config/checker/issue_collector.py,same_file,1,False,python_ast,python,0.000000,0.000000,SyntaxError: invalid syntax,False,,0,0.000000,0.000000,0.000000,0.000000,disabled,1.000000,1.000000
27db8572241915d6,100%,100,91-100,100%,100,91-100,python,python,True,1.000000,1.000000,1.000000,1.000000,1.000000,1.000000,1.000000,0.291667,0.451613,1.000000,1.000000,1.000000,1.000000,1.000000,0.500000,1.000000,3,2,taipy/config/config.py,same_file,3,False,python_ast,python,0.000000,0.000000,SyntaxError: invalid syntax,False,,0,0.000000,0.000000,0.000000,0.000000,disabled,1.000000,1.000000
9c2f5c7b207f4df7,100%,100,91-100,100%,100,91-100,python,python,True,1.000000,1.000000,1.000000,1.000000,1.000000,1.000000,1.000000,0.256098,0.407767,1.000000,1.000000,1.000000,1.000000,1.000000,0.250000,1.000000,7,4,taipy/config/config.py,same_file,5,False,python_ast,python,0.000000,0.000000,SyntaxError: invalid syntax,False,,0,0.000000,0.000000,0.000000,0.000000,disabled,1.000000,1.000000
535a54c3ee3cdad6,100%,100,91-100,100%,100,91-100,python,python,True,1.000000,1.000000,1.000000,1.000000,1.000000,1.000000,1.000000,0.243902,0.392157,1.000000,1.000000,1.000000,1.000000,1.000000,0.250000,1.000000,6,4,taipy/config/config.py,same_file,5,False,python_ast,python,0.000000,0.000000,SyntaxError: invalid syntax,False,,0,0.000000,0.000000,0.000000,0.000000,disabled,1.000000,1.000000
5ddaebe4e87040a9,100%,100,91-100,100%,100,91-100,python,python,True,1.000000,1.000000,1.000000,1.000000,1.000000,1.000000,1.000000,0.243902,0.392157,1.000000,1.000000,1.000000,1.000000,1.000000,0.250000,1.000000,6,4,taipy/config/config.py,same_file,5,False,python_ast,python,0.000000,0.000000,SyntaxError: invalid syntax,False,,0,0.000000,0.000000,0.000000,0.000000,disabled,1.000000,1.000000
48913c3df46e8146,100%,100,91-100,100%,100,91-100,python,python,True,1.000000,1.000000,1.000000,1.000000,1.000000,1.000000,1.000000,0.256098,0.407767,1.000000,1.000000,1.000000,1.000000,1.000000,0.250000,1.000000,10,4,taipy/config/config.py,same_file,5,False,python_ast,python,0.000000,0.000000,SyntaxError: invalid syntax,False,,0,0.000000,0.000000,0.000000,0.000000,disabled,1.000000,1.000000
81136c9e69835199,100%,100,91-100,100%,100,91-100,python,python,True,1.000000,0.800000,0.800000,0.800000,0.800000,1.000000,0.800000,0.102564,0.181818,0.800000,0.800000,0.800000,1.000000,0.800000,0.333333,0.500000,2,3,taipy/config/config.py,same_file,3,False,python_ast,python,0.000000,0.000000,SyntaxError: invalid syntax,False,,0,0.000000,0.000000,0.000000,0.000000,disabled,1.000000,1.000000
27d6a636986e1c5a,100%,100,91-100,100%,100,91-100,python,python,True,1.000000,1.000000,1.000000,1.000000,1.000000,1.000000,1.000000,0.410256,0.581818,1.000000,1.000000,1.000000,1.000000,1.000000,0.333333,1.000000,10,3,taipy/config/config.py,same_file,3,False,python_ast,python,0.000000,0.000000,SyntaxError: invalid syntax,False,,0,0.000000,0.000000,0.000000,0.000000,disabled,1.000000,1.000000
13d0d6c6003dc8e2,100%,100,91-100,100%,100,91-100,python,python,True,1.000000,1.000000,1.000000,1.000000,1.000000,1.000000,1.000000,0.358974,0.528302,1.000000,1.000000,1.000000,1.000000,1.000000,0.333333,1.000000,12,3,taipy/config/config.py,same_file,3,False,python_ast,python,0.000000,0.000000,SyntaxError: invalid syntax,False,,0,0.000000,0.000000,0.000000,0.000000,disabled,1.000000,1.000000
0fed37e138b268e0,100%,100,91-100,100%,100,91-100,python,python,True,1.000000,1.000000,1.000000,1.000000,1.000000,1.000000,1.000000,1.000000,1.000000,1.000000,1.000000,1.000000,1.000000,1.000000,1.000000,1.000000,1,1,taipy/config/exceptions/__init__.py,same_file,1,True,python_ast,python,1.000000,1.000000,,False,,0,0.000000,0.000000,0.000000,0.000000,disabled,1.000000,1.000000
c88b7d5e75559079,100%,100,91-100,100%,100,91-100,python,python,True,1.000000,1.000000,1.000000,1.000000,1.000000,1.000000,1.000000,1.000000,1.000000,1.000000,1.000000,1.000000,1.000000,1.000000,1.000000,1.000000,1,1,taipy/core/data/__init__.py,same_file,1,True,python_ast,python,1.000000,1.000000,,False,,0,0.000000,0.000000,0.000000,0.000000,disabled,1.000000,1.000000
29a287d24459f9c9,100%,100,91-100,100%,100,91-100,python,python,True,1.000000,1.000000,1.000000,1.000000,1.000000,1.000000,1.000000,0.237288,0.383562,1.000000,1.000000,1.000000,1.000000,1.000000,0.200000,1.000000,10,5,taipy/core/reason/__init__.py,same_file,1,False,python_ast,python,0.000000,0.000000,SyntaxError: invalid syntax,False,,0,0.000000,0.000000,0.000000,0.000000,disabled,1.000000,1.000000
054c8ddd46d71c41,100%,100,91-100,100%,100,91-100,python,python,True,1.000000,1.000000,1.000000,1.000000,1.000000,1.000000,1.000000,0.288136,0.447368,1.000000,1.000000,1.000000,1.000000,1.000000,0.200000,1.000000,8,5,taipy/core/reason/__init__.py,same_file,1,False,python_ast,python,0.000000,0.000000,SyntaxError: invalid syntax,False,,0,0.000000,0.000000,0.000000,0.000000,disabled,1.000000,1.000000
ce778ab8d6e58142,0%,0,0,0%,0,0,python,python,False,0.000000,0.444444,0.944444,0.444444,0.944444,0.000000,0.444444,0.135593,0.207792,0.944444,0.444444,0.944444,0.000000,0.944444,0.200000,0.272727,11,5,taipy/core/reason/__init__.py,same_file,1,False,python_ast,python,0.000000,0.000000,SyntaxError: invalid syntax,False,,0,0.000000,0.000000,0.000000,0.000000,disabled,1.000000,0.000000
625e9ae2a69d79db,100%,100,91-100,100%,100,91-100,python,python,True,1.000000,1.000000,1.000000,1.000000,1.000000,1.000000,1.000000,0.186441,0.314286,1.000000,1.000000,1.000000,1.000000,1.000000,0.200000,1.000000,4,5,taipy/core/reason/__init__.py,same_file,1,False,python_ast,python,0.000000,0.000000,SyntaxError: invalid syntax,False,,0,0.000000,0.000000,0.000000,0.000000,disabled,1.000000,1.000000
6289148133db5cd7,100%,100,91-100,100%,100,91-100,python,python,True,1.000000,1.000000,1.000000,1.000000,1.000000,1.000000,1.000000,0.186441,0.314286,1.000000,1.000000,1.000000,1.000000,1.000000,0.200000,1.000000,6,5,taipy/core/reason/__init__.py,same_file,1,False,python_ast,python,0.000000,0.000000,SyntaxError: invalid syntax,False,,0,0.000000,0.000000,0.000000,0.000000,disabled,1.000000,1.000000
d3a4d2b20c399512,100%,100,91-100,100%,100,91-100,python,python,True,1.000000,1.000000,1.000000,1.000000,1.000000,1.000000,1.000000,1.000000,1.000000,1.000000,1.000000,1.000000,1.000000,1.000000,1.000000,1.000000,1,1,taipy/rest/api/__init__.py,same_file,1,True,python_ast,python,1.000000,1.000000,,False,,0,0.000000,0.000000,0.000000,0.000000,disabled,1.000000,1.000000
d524f97c40900179,100%,100,91-100,100%,100,91-100,python,python,True,1.000000,1.000000,1.000000,1.000000,1.000000,1.000000,1.000000,1.000000,1.000000,1.000000,1.000000,1.000000,1.000000,1.000000,1.000000,1.000000,10,1,taipy/config/section.py,same_file,1,False,python_ast,python,0.000000,0.000000,SyntaxError: invalid syntax,False,,0,0.000000,0.000000,0.000000,0.000000,disabled,1.000000,1.000000
cf94aa53834baeb4,mostly,67,61-70,mostly,75,71-80,python,python,False,0.666667,0.814815,0.851852,0.814815,0.851852,0.666667,0.814815,0.846154,0.830189,0.851852,0.814815,0.851852,0.666667,0.666667,0.750000,0.800000,10,4,taipy/core/job/_job_manager.py,same_file,1,True,python_ast,python,0.880000,0.880000,,False,,0,0.000000,0.000000,0.000000,0.000000,disabled,1.000000,0.666700
957120388ef0710b,100%,100,91-100,100%,100,91-100,python,python,True,1.000000,1.000000,1.000000,1.000000,1.000000,1.000000,1.000000,0.307692,0.470588,1.000000,1.000000,1.000000,1.000000,1.000000,0.250000,1.000000,2,4,taipy/core/job/_job_manager.py,same_file,1,True,python_ast,python,1.000000,1.000000,,False,,0,0.000000,0.000000,0.000000,0.000000,disabled,1.000000,1.000000
8abbc680b3adae7f,partial,33,31-40,partial,55,51-60,python,python,False,0.266667,0.595960,0.606061,0.595960,0.606061,0.266667,0.595960,0.983333,0.742138,0.606061,0.595960,0.606061,0.200000,0.606061,0.466667,0.621622,37,7,taipy/core/job/job.py,same_file,2,True,python_ast,python,0.571429,0.571429,,False,,0,0.000000,0.000000,0.000000,0.000000,disabled,1.000000,0.266700
9339b1ddded4c177,mostly,70,61-70,mostly,82,81-90,python,python,False,0.000000,0.800000,0.800000,1.000000,1.000000,0.000000,0.800000,0.117647,0.205128,0.800000,1.000000,1.000000,0.000000,1.000000,0.333333,0.500000,2,3,taipy/config/config.py,same_file,1,False,python_ast,python,0.000000,0.000000,SyntaxError: invalid syntax,False,,0,0.000000,0.000000,0.000000,0.000000,disabled,1.000000,0.000000
073d68181d950158,100%,100,91-100,100%,100,91-100,python,python,True,1.000000,1.000000,1.000000,1.000000,1.000000,1.000000,1.000000,0.852941,0.920635,1.000000,1.000000,1.000000,1.000000,1.000000,0.666667,1.000000,15,3,taipy/config/config.py,same_file,1,False,python_ast,python,0.000000,0.000000,SyntaxError: invalid syntax,False,,0,0.000000,0.000000,0.000000,0.000000,disabled,1.000000,1.000000
3ad1207218506cff,100%,100,91-100,100%,100,91-100,python,python,True,1.000000,0.909091,0.909091,1.000000,1.000000,1.000000,1.000000,1.000000,1.000000,1.000000,1.000000,1.000000,1.000000,1.000000,1.000000,1.000000,5,1,doc/gui/examples/controls/selector_styling.py,same_file,3,True,python_ast,python,1.000000,1.000000,,False,,0,0.000000,0.000000,0.000000,0.000000,disabled,1.000000,1.000000
3e40f33c242f574a,100%,100,91-100,100%,100,91-100,python,python,True,1.000000,0.944444,0.944444,0.944444,0.944444,1.000000,1.000000,1.000000,1.000000,1.000000,1.000000,1.000000,1.000000,1.000000,1.000000,1.000000,7,1,taipy/core/config/data_node_config.py,same_file,3,True,python_ast,python,1.000000,1.000000,,False,,0,0.000000,0.000000,0.000000,0.000000,disabled,1.000000,1.000000
aa4e00e5464373e6,100%,100,91-100,100%,100,91-100,python,python,True,1.000000,1.000000,1.000000,1.000000,1.000000,1.000000,1.000000,0.088889,0.163265,1.000000,1.000000,1.000000,1.000000,1.000000,0.105263,1.000000,11,19,taipy/core/config/data_node_config.py,same_file,3,False,python_ast,python,0.000000,0.000000,SyntaxError: illegal target for annotation,False,,0,0.000000,0.000000,0.000000,0.000000,disabled,1.000000,1.000000
6b8d0b6b525cc25f,100%,100,91-100,100%,100,91-100,python,python,True,1.000000,1.000000,1.000000,1.000000,1.000000,1.000000,1.000000,0.273148,0.429091,1.000000,1.000000,1.000000,1.000000,1.000000,0.277778,1.000000,31,18,taipy/core/config/data_node_config.py,same_file,3,False,python_ast,python,0.000000,0.000000,SyntaxError: illegal target for annotation,False,,0,0.000000,0.000000,0.000000,0.000000,disabled,1.000000,1.000000
434b571cd798ed97,100%,100,91-100,100%,100,91-100,python,python,True,1.000000,1.000000,1.000000,1.000000,1.000000,1.000000,1.000000,0.223577,0.365449,1.000000,1.000000,1.000000,1.000000,1.000000,0.190476,1.000000,29,21,taipy/core/config/data_node_config.py,same_file,3,False,python_ast,python,0.000000,0.000000,SyntaxError: illegal target for annotation,False,,0,0.000000,0.000000,0.000000,0.000000,disabled,1.000000,1.000000
ed7a46d5590d192b,100%,100,91-100,100%,100,91-100,python,python,True,1.000000,1.000000,1.000000,1.000000,1.000000,1.000000,1.000000,0.227642,0.370861,1.000000,1.000000,1.000000,1.000000,1.000000,0.238095,1.000000,31,21,taipy/core/config/data_node_config.py,same_file,3,False,python_ast,python,0.000000,0.000000,SyntaxError: illegal target for annotation,False,,0,0.000000,0.000000,0.000000,0.000000,disabled,1.000000,1.000000
f07af26a48ed1b6c,100%,100,91-100,100%,100,91-100,python,python,True,1.000000,1.000000,1.000000,1.000000,1.000000,1.000000,1.000000,0.227642,0.370861,1.000000,1.000000,1.000000,1.000000,1.000000,0.238095,1.000000,31,21,taipy/core/config/data_node_config.py,same_file,3,False,python_ast,python,0.000000,0.000000,SyntaxError: illegal target for annotation,False,,0,0.000000,0.000000,0.000000,0.000000,disabled,1.000000,1.000000
94b30e08b4deed25,mostly,63,61-70,mostly,85,81-90,python,python,False,0.629630,0.644986,0.704607,0.644986,0.704607,0.629630,0.607046,1.000000,0.755481,0.607046,0.607046,0.607046,0.629630,0.607046,0.629630,0.604396,182,17,taipy/core/data/aws_s3.py,same_file,3,False,python_ast,python,0.000000,0.000000,SyntaxError: invalid syntax,False,,0,0.000000,0.000000,0.000000,0.000000,disabled,1.000000,0.629600
6cea53472dfeb298,100%,100,91-100,100%,100,91-100,python,python,True,1.000000,1.000000,1.000000,1.000000,1.000000,1.000000,1.000000,0.154472,0.267606,1.000000,1.000000,1.000000,1.000000,1.000000,0.125000,1.000000,8,8,taipy/core/data/aws_s3.py,same_file,1,False,python_ast,python,0.000000,0.000000,SyntaxError: invalid syntax,False,,0,0.000000,0.000000,0.000000,0.000000,disabled,1.000000,1.000000
b351f01489c5c264,partial,22,21-30,partial,55,51-60,python,python,False,0.222222,0.387755,0.420408,0.387755,0.420408,0.222222,0.387755,0.863636,0.535211,0.420408,0.387755,0.420408,0.055556,0.375510,0.388889,0.316667,120,7,taipy/core/data/aws_s3.py,neighboring_same_file,3,False,python_ast,python,0.000000,0.000000,SyntaxError: invalid syntax,False,,0,0.000000,0.000000,0.000000,0.000000,disabled,1.000000,0.222200
36b195b6a4dd71cb,partial,36,31-40,partial,55,51-60,python,python,False,0.250000,0.722222,0.907407,0.722222,0.907407,0.250000,0.722222,0.351351,0.472727,0.907407,0.722222,0.907407,0.250000,0.907407,0.666667,0.695652,23,6,taipy/core/data/aws_s3.py,same_file,3,False,python_ast,python,0.000000,0.000000,SyntaxError: invalid syntax,False,,0,0.000000,0.000000,0.000000,0.000000,disabled,1.000000,0.250000
d35d9446f5c321c7,100%,100,91-100,100%,100,91-100,python,python,True,1.000000,1.000000,1.000000,1.000000,1.000000,1.000000,1.000000,0.481481,0.650000,1.000000,1.000000,1.000000,1.000000,1.000000,0.333333,1.000000,4,3,doc/gui/examples/controls/input_active.py,same_file,1,False,python_ast,python,0.000000,0.000000,SyntaxError: invalid syntax,False,,0,0.000000,0.000000,0.000000,0.000000,disabled,1.000000,1.000000
243e3c61f586485c,100%,100,91-100,100%,100,91-100,python,python,True,1.000000,1.000000,1.000000,1.000000,1.000000,1.000000,1.000000,0.111111,0.200000,1.000000,1.000000,1.000000,1.000000,1.000000,0.333333,1.000000,2,3,doc/gui/examples/controls/input_active.py,same_file,1,True,python_ast,python,1.000000,1.000000,,False,,0,0.000000,0.000000,0.000000,0.000000,disabled,1.000000,1.000000
194f45490514583f,100%,100,91-100,100%,100,91-100,python,python,True,1.000000,1.000000,1.000000,1.000000,1.000000,1.000000,1.000000,0.407407,0.578947,1.000000,1.000000,1.000000,1.000000,1.000000,0.333333,1.000000,5,3,doc/gui/examples/controls/input_active.py,same_file,1,True,python_ast,python,1.000000,1.000000,,False,,0,0.000000,0.000000,0.000000,0.000000,disabled,1.000000,1.000000
8961200ca0b517f8,100%,100,91-100,100%,100,91-100,python,python,True,1.000000,1.000000,1.000000,1.000000,1.000000,1.000000,1.000000,0.056604,0.107143,1.000000,1.000000,1.000000,1.000000,1.000000,0.142857,1.000000,1,7,doc/gui/examples/controls/input_change_delay_on_change.py,same_file,1,True,python_ast,python,1.000000,1.000000,,False,,0,0.000000,0.000000,0.000000,0.000000,disabled,1.000000,1.000000
27eca3e9916fbffa,100%,100,91-100,100%,100,91-100,python,python,True,1.000000,1.000000,1.000000,1.000000,1.000000,1.000000,1.000000,0.264151,0.417910,1.000000,1.000000,1.000000,1.000000,1.000000,0.142857,1.000000,4,7,doc/gui/examples/controls/input_change_delay_on_change.py,same_file,1,False,python_ast,python,0.000000,0.000000,SyntaxError: invalid syntax,False,,0,0.000000,0.000000,0.000000,0.000000,disabled,1.000000,1.000000
27d275f8d6c3855a,100%,90,81-90,mostly,82,81-90,python,python,False,0.000000,0.909091,0.909091,1.000000,1.000000,0.000000,0.909091,0.188679,0.312500,0.909091,1.000000,1.000000,0.000000,1.000000,0.142857,0.800000,5,7,doc/gui/examples/controls/input_change_delay_on_change.py,same_file,1,True,python_ast,python,1.000000,1.000000,,False,,0,0.000000,0.000000,0.000000,0.000000,disabled,1.000000,0.000000
165be65d8e4d90bd,100%,100,91-100,100%,100,91-100,python,python,True,1.000000,1.000000,1.000000,1.000000,1.000000,1.000000,1.000000,0.517241,0.681818,1.000000,1.000000,1.000000,1.000000,1.000000,0.333333,1.000000,5,3,doc/gui/examples/controls/input_line_shown.py,same_file,1,False,python_ast,python,0.000000,0.000000,SyntaxError: invalid syntax,False,,0,0.000000,0.000000,0.000000,0.000000,disabled,1.000000,1.000000
8815caaa38d74491,100%,100,91-100,100%,100,91-100,python,python,True,1.000000,1.000000,1.000000,1.000000,1.000000,1.000000,1.000000,0.103448,0.187500,1.000000,1.000000,1.000000,1.000000,1.000000,0.333333,1.000000,2,3,doc/gui/examples/controls/input_line_shown.py,same_file,1,True,python_ast,python,1.000000,1.000000,,False,,0,0.000000,0.000000,0.000000,0.000000,disabled,1.000000,1.000000
df62771b78a87548,100%,90,81-90,mostly,82,81-90,python,python,False,0.000000,0.909091,0.909091,1.000000,1.000000,0.000000,0.909091,0.344828,0.500000,0.909091,1.000000,1.000000,0.000000,1.000000,0.333333,0.800000,5,3,doc/gui/examples/controls/input_line_shown.py,same_file,1,True,python_ast,python,1.000000,1.000000,,False,,0,0.000000,0.000000,0.000000,0.000000,disabled,1.000000,0.000000
ad945cd3b65f5f15,100%,90,81-90,mostly,82,81-90,python,python,False,0.000000,0.909091,0.909091,1.000000,1.000000,0.000000,0.909091,0.400000,0.555556,0.909091,1.000000,1.000000,0.000000,1.000000,0.333333,0.800000,5,3,doc/gui/examples/controls/input_multiline.py,same_file,1,True,python_ast,python,1.000000,1.000000,,False,,0,0.000000,0.000000,0.000000,0.000000,disabled,1.000000,0.000000
28c89103791ac3e1,100%,100,91-100,100%,100,91-100,python,python,True,1.000000,1.000000,1.000000,1.000000,1.000000,1.000000,1.000000,0.440000,0.611111,1.000000,1.000000,1.000000,1.000000,1.000000,0.333333,1.000000,3,3,doc/gui/examples/controls/input_multiline.py,same_file,1,False,python_ast,python,0.000000,0.000000,SyntaxError: invalid syntax,False,,0,0.000000,0.000000,0.000000,0.000000,disabled,1.000000,1.000000
503ddff9dab1024b,100%,100,91-100,0%,0,0,python,python,False,0.000000,0.130435,0.434783,0.130435,0.434783,0.000000,0.130435,0.120000,0.125000,0.434783,0.130435,0.434783,0.000000,0.434783,0.333333,0.066667,15,3,doc/gui/examples/controls/input_multiline.py,same_file,1,False,python_ast,python,0.000000,0.000000,SyntaxError: unexpected EOF while parsing,False,,0,0.000000,0.000000,0.000000,0.000000,disabled,1.000000,0.000000
afd78560dd1ce236,100%,100,91-100,100%,100,91-100,python,python,True,1.000000,1.000000,1.000000,1.000000,1.000000,1.000000,1.000000,0.260417,0.413223,1.000000,1.000000,1.000000,1.000000,1.000000,0.043478,1.000000,7,23,doc/gui/examples/controls/input_on_action.py,same_file,1,False,python_ast,python,0.000000,0.000000,SyntaxError: invalid syntax,False,,0,0.000000,0.000000,0.000000,0.000000,disabled,1.000000,1.000000
5deaa18b0aa8c55a,100%,100,91-100,100%,100,91-100,python,python,True,1.000000,1.000000,1.000000,1.000000,1.000000,1.000000,1.000000,0.104167,0.188679,1.000000,1.000000,1.000000,1.000000,1.000000,0.125000,1.000000,3,8,doc/gui/examples/controls/input_on_action.py,same_file,1,True,python_ast,python,1.000000,1.000000,,False,,0,0.000000,0.000000,0.000000,0.000000,disabled,1.000000,1.000000
3ae6c04193b52e7b,100%,100,91-100,100%,100,91-100,python,python,True,1.000000,1.000000,1.000000,1.000000,1.000000,1.000000,1.000000,0.388889,0.560000,1.000000,1.000000,1.000000,1.000000,1.000000,0.500000,1.000000,2,2,doc/gui/examples/controls/input_password.py,same_file,1,False,python_ast,python,0.000000,0.000000,SyntaxError: invalid syntax,False,,0,0.000000,0.000000,0.000000,0.000000,disabled,1.000000,1.000000
626a075dd5a9df97,100%,100,91-100,100%,100,91-100,python,python,True,1.000000,1.000000,1.000000,1.000000,1.000000,1.000000,1.000000,0.611111,0.758621,1.000000,1.000000,1.000000,1.000000,1.000000,0.500000,1.000000,5,2,doc/gui/examples/controls/input_password.py,same_file,1,True,python_ast,python,1.000000,1.000000,,False,,0,0.000000,0.000000,0.000000,0.000000,disabled,1.000000,1.000000
6f1a6b298b485545,100%,100,91-100,100%,100,91-100,python,python,True,1.000000,1.000000,1.000000,1.000000,1.000000,1.000000,1.000000,0.105769,0.191304,1.000000,1.000000,1.000000,1.000000,1.000000,0.040000,1.000000,5,25,doc/gui/examples/controls/input_on_action.py,same_file,1,True,python_ast,python,1.000000,1.000000,,False,,0,0.000000,0.000000,0.000000,0.000000,disabled,1.000000,1.000000
0b4847c602e9e59b,100%,100,91-100,100%,100,91-100,python,python,True,1.000000,1.000000,1.000000,1.000000,1.000000,1.000000,1.000000,0.458333,0.628571,1.000000,1.000000,1.000000,1.000000,1.000000,0.500000,1.000000,5,2,doc/gui/examples/controls/input_type.py,same_file,1,True,python_ast,python,1.000000,1.000000,,False,,0,0.000000,0.000000,0.000000,0.000000,disabled,1.000000,1.000000
38408ae16c39f4df,100%,100,91-100,100%,100,91-100,python,python,True,1.000000,1.000000,1.000000,1.000000,1.000000,1.000000,1.000000,0.541667,0.702703,1.000000,1.000000,1.000000,1.000000,1.000000,0.500000,1.000000,4,2,doc/gui/examples/controls/input_type.py,same_file,1,False,python_ast,python,0.000000,0.000000,SyntaxError: invalid syntax,False,,0,0.000000,0.000000,0.000000,0.000000,disabled,1.000000,1.000000
c46fe470b3726e21,100%,100,91-100,100%,100,91-100,python,python,True,1.000000,1.000000,1.000000,1.000000,1.000000,1.000000,1.000000,0.687500,0.814815,1.000000,1.000000,1.000000,1.000000,1.000000,0.666667,1.000000,7,3,doc/gui/examples/controls/input_on_action.py,same_file,1,True,python_ast,python,1.000000,1.000000,,False,,0,0.000000,0.000000,0.000000,0.000000,disabled,1.000000,1.000000
d407a9990abd5a57,100%,100,91-100,100%,100,91-100,python,python,True,1.000000,1.000000,1.000000,1.000000,1.000000,1.000000,1.000000,0.153846,0.266667,1.000000,1.000000,1.000000,1.000000,1.000000,0.125000,1.000000,2,8,taipy/common/config/__init__.py,same_file,5,True,python_ast,python,1.000000,1.000000,,False,,0,0.000000,0.000000,0.000000,0.000000,disabled,1.000000,1.000000
b2ff6a2d48eeb87e,100%,100,91-100,100%,100,91-100,python,python,True,1.000000,1.000000,1.000000,1.000000,1.000000,1.000000,1.000000,0.153846,0.266667,1.000000,1.000000,1.000000,1.000000,1.000000,0.125000,1.000000,2,8,taipy/common/config/__init__.py,same_file,4,True,python_ast,python,1.000000,1.000000,,False,,0,0.000000,0.000000,0.000000,0.000000,disabled,1.000000,1.000000
995f4eb5bb6d9b51,partial,25,21-30,partial,55,51-60,python,python,False,0.250000,0.333333,0.333333,0.333333,0.333333,0.250000,0.333333,1.000000,0.500000,0.333333,0.333333,0.333333,0.250000,0.333333,0.250000,0.363636,11,1,doc/gui/examples/charts/matplotlib/builder.py,same_file,1,True,python_ast,python,0.333333,0.333333,,False,,0,0.000000,0.000000,0.000000,0.000000,disabled,1.000000,0.250000
8a463ba8b8f31638,0%,0,0,0%,0,0,python,python,False,0.000000,0.000000,0.000000,0.000000,0.000000,0.000000,0.000000,0.000000,0.000000,0.000000,0.000000,0.000000,0.000000,0.000000,0.000000,0.000000,0,0,,,0,False,,,0.000000,0.000000,no supported local structural parser,False,,0,0.000000,0.000000,0.000000,0.000000,disabled,1.000000,0.000000
9c6f1e060d065861,100%,100,91-100,100%,100,91-100,python,python,True,1.000000,0.909091,0.909091,0.909091,0.909091,1.000000,0.909091,0.121951,0.215054,0.909091,0.909091,0.909091,1.000000,0.909091,0.250000,0.800000,5,4,doc/gui/examples/controls/menu_label.py,same_file,1,True,python_ast,python,1.000000,1.000000,,False,,0,0.000000,0.000000,0.000000,0.000000,disabled,1.000000,1.000000
72197a444f7617b0,0%,0,0,mostly,76,71-80,python,python,False,0.000000,0.823529,1.000000,0.823529,1.000000,0.000000,0.823529,0.170732,0.282828,1.000000,0.823529,1.000000,0.000000,0.823529,0.250000,0.666667,6,4,doc/gui/examples/controls/menu_label.py,same_file,1,False,python_ast,python,0.000000,0.000000,SyntaxError: invalid syntax,False,,0,0.000000,0.000000,0.000000,0.000000,disabled,1.000000,0.000000
7d45c3d93d79bebe,100%,100,91-100,100%,100,91-100,python,python,True,1.000000,0.703704,0.703704,0.703704,0.703704,1.000000,0.703704,0.231707,0.348624,0.703704,0.703704,0.703704,1.000000,0.703704,0.250000,0.111111,9,4,doc/gui/examples/controls/menu_label.py,same_file,1,True,python_ast,python,1.000000,1.000000,,False,,0,0.000000,0.000000,0.000000,0.000000,disabled,1.000000,1.000000
cefd4c0a38a256d5,100%,100,91-100,100%,100,91-100,python,python,True,1.000000,0.909091,0.909091,0.909091,0.909091,1.000000,0.909091,0.123457,0.217391,0.909091,0.909091,0.909091,1.000000,0.909091,0.250000,0.800000,5,4,doc/gui/examples/controls/menu_inactive.py,same_file,1,True,python_ast,python,1.000000,1.000000,,False,,0,0.000000,0.000000,0.000000,0.000000,disabled,1.000000,1.000000
6e4b6ad566301c77,100%,100,91-100,100%,100,91-100,python,python,True,1.000000,0.703704,0.703704,0.703704,0.703704,1.000000,0.703704,0.234568,0.351852,0.703704,0.703704,0.703704,1.000000,0.703704,0.250000,0.111111,9,4,doc/gui/examples/controls/menu_inactive.py,same_file,1,True,python_ast,python,1.000000,1.000000,,False,,0,0.000000,0.000000,0.000000,0.000000,disabled,1.000000,1.000000
072407734ce9cb28,100%,100,91-100,100%,100,91-100,python,python,True,1.000000,1.000000,1.000000,1.000000,1.000000,1.000000,1.000000,0.060976,0.114943,1.000000,1.000000,1.000000,1.000000,1.000000,0.250000,1.000000,1,4,doc/gui/examples/controls/menu_label.py,same_file,1,False,python_ast,python,0.000000,0.000000,SyntaxError: unterminated triple-quoted string literal (detected at line 2),False,,0,0.000000,0.000000,0.000000,0.000000,disabled,1.000000,1.000000
e7cb4f5b3d42e44d,100%,100,91-100,100%,100,91-100,python,python,True,1.000000,0.703704,0.703704,0.777778,0.777778,1.000000,0.703704,0.130137,0.219653,0.703704,0.777778,0.777778,1.000000,0.740741,0.142857,0.111111,9,7,doc/gui/examples/controls/menu_on_action.py,same_file,1,True,python_ast,python,1.000000,1.000000,,False,,0,0.000000,0.000000,0.000000,0.000000,disabled,1.000000,1.000000
d4d4c4ef63b919d6,100%,100,91-100,100%,100,91-100,python,python,True,1.000000,1.000000,1.000000,1.000000,1.000000,1.000000,1.000000,0.034247,0.066225,1.000000,1.000000,1.000000,1.000000,1.000000,0.142857,1.000000,1,7,doc/gui/examples/controls/menu_on_action.py,same_file,1,False,python_ast,python,0.000000,0.000000,SyntaxError: unterminated triple-quoted string literal (detected at line 2),False,,0,0.000000,0.000000,0.000000,0.000000,disabled,1.000000,1.000000
3bf64ff464ccd79d,100%,90,81-90,mostly,72,71-80,python,python,False,0.000000,0.909091,0.909091,1.000000,1.000000,0.000000,0.909091,0.037175,0.071429,0.909091,1.000000,1.000000,0.000000,1.000000,0.058824,0.800000,5,17,doc/gui/examples/controls/menu_on_action.py,same_file,1,True,python_ast,python,1.000000,1.000000,,False,,0,0.000000,0.000000,0.000000,0.000000,disabled,1.000000,0.000000
4b4da12b20ae7260,partial,45,41-50,mostly,82,81-90,python,python,False,0.000000,1.000000,1.000000,1.000000,1.000000,0.000000,1.000000,0.102740,0.186335,1.000000,1.000000,1.000000,0.000000,1.000000,0.142857,1.000000,5,7,doc/gui/examples/controls/menu_on_action.py,same_file,3,False,python_ast,python,0.000000,0.000000,SyntaxError: invalid syntax,False,,0,0.000000,0.000000,0.000000,0.000000,disabled,1.000000,0.000000
e80c266c36e6f4e0,0%,0,0,mostly,78,71-80,python,python,False,0.000000,0.666667,0.888889,0.666667,0.888889,0.000000,0.666667,0.041096,0.077419,0.888889,0.666667,0.888889,0.000000,0.888889,0.142857,1.000000,2,7,doc/gui/examples/controls/menu_on_action.py,same_file,1,False,python_ast,python,0.000000,0.000000,SyntaxError: expected ':',False,,0,0.000000,0.000000,0.000000,0.000000,disabled,1.000000,0.000000
1421276bc057ee5c,0%,0,0,0%,0,0,python,python,False,0.000000,0.666667,0.833333,0.833333,1.000000,0.000000,0.666667,0.027397,0.052632,0.833333,0.833333,1.000000,0.000000,1.000000,0.142857,0.333333,3,7,doc/gui/examples/controls/menu_on_action.py,same_file,1,True,python_ast,python,1.000000,1.000000,,False,,0,0.000000,0.000000,0.000000,0.000000,disabled,1.000000,0.000000
3f13b108d3b58a52,0%,0,0,0%,0,0,python,python,False,0.000000,0.400000,0.800000,0.400000,0.800000,0.000000,0.400000,0.013699,0.026490,0.800000,0.400000,0.800000,0.000000,0.800000,0.142857,0.000000,2,7,doc/gui/examples/controls/menu_on_action.py,same_file,1,True,python_ast,python,0.800000,0.800000,,False,,0,0.000000,0.000000,0.000000,0.000000,disabled,1.000000,0.000000
4ecdffdfd96346fc,0%,0,0,mostly,62,61-70,python,python,False,0.000000,0.600000,0.700000,0.600000,0.700000,0.000000,0.600000,0.041096,0.076923,0.700000,0.600000,0.700000,0.000000,0.700000,0.142857,0.500000,2,7,doc/gui/examples/controls/menu_on_action.py,same_file,1,True,python_ast,python,1.000000,1.000000,,False,,0,0.000000,0.000000,0.000000,0.000000,disabled,1.000000,0.000000
8f0d1071f61da592,100%,100,91-100,100%,100,91-100,python,python,True,1.000000,1.000000,1.000000,1.000000,1.000000,1.000000,1.000000,0.172840,0.294737,1.000000,1.000000,1.000000,1.000000,1.000000,0.250000,1.000000,4,4,doc/gui/examples/controls/menu_inactive.py,same_file,1,False,python_ast,python,0.000000,0.000000,SyntaxError: invalid syntax,False,,0,0.000000,0.000000,0.000000,0.000000,disabled,1.000000,1.000000
05a20b9441094bf6,100%,100,91-100,100%,100,91-100,python,python,True,1.000000,0.703704,0.703704,0.703704,0.703704,1.000000,0.703704,0.243590,0.361905,0.703704,0.703704,0.703704,1.000000,0.703704,0.250000,0.111111,9,4,doc/gui/examples/controls/menu_simple.py,same_file,1,True,python_ast,python,1.000000,1.000000,,False,,0,0.000000,0.000000,0.000000,0.000000,disabled,1.000000,1.000000
a3888b8e94ed3242,100%,100,91-100,100%,100,91-100,python,python,True,1.000000,1.000000,1.000000,1.000000,1.000000,1.000000,1.000000,0.141026,0.247191,1.000000,1.000000,1.000000,1.000000,1.000000,0.250000,1.000000,3,4,doc/gui/examples/controls/menu_simple.py,same_file,1,False,python_ast,python,0.000000,0.000000,SyntaxError: invalid syntax,False,,0,0.000000,0.000000,0.000000,0.000000,disabled,1.000000,1.000000
e873c22bcc1df083,100%,100,91-100,100%,100,91-100,python,python,True,1.000000,1.000000,1.000000,1.000000,1.000000,1.000000,1.000000,0.064103,0.120482,1.000000,1.000000,1.000000,1.000000,1.000000,0.250000,1.000000,1,4,doc/gui/examples/controls/menu_simple.py,same_file,1,False,python_ast,python,0.000000,0.000000,SyntaxError: unterminated triple-quoted string literal (detected at line 2),False,,0,0.000000,0.000000,0.000000,0.000000,disabled,1.000000,1.000000
e97ce1eda047591d,100%,100,91-100,100%,100,91-100,python,python,True,1.000000,0.909091,0.909091,0.909091,0.909091,1.000000,0.909091,0.128205,0.224719,0.909091,0.909091,0.909091,1.000000,0.909091,0.250000,0.800000,5,4,doc/gui/examples/controls/menu_simple.py,same_file,1,True,python_ast,python,1.000000,1.000000,,False,,0,0.000000,0.000000,0.000000,0.000000,disabled,1.000000,1.000000
17086e8d001e983b,100%,90,81-90,mostly,82,81-90,typescript,pygments,False,0.000000,0.800000,1.000000,0.800000,1.000000,0.000000,0.800000,0.666667,0.727273,1.000000,0.800000,1.000000,0.000000,1.000000,0.500000,0.500000,2,2,frontend/taipy-gui/src/context/taipyReducers.ts,same_file,4,True,tree_sitter,typescript,1.000000,1.000000,,False,,0,0.000000,0.000000,0.000000,0.000000,disabled,1.000000,0.000000
b81a45f8bedc01cd,100%,90,81-90,mostly,82,81-90,typescript,pygments,False,0.000000,0.800000,1.000000,0.800000,1.000000,0.000000,0.800000,0.400000,0.533333,1.000000,0.800000,1.000000,0.000000,1.000000,1.000000,0.500000,2,1,frontend/taipy-gui/src/context/taipyReducers.ts,same_file,5,True,tree_sitter,typescript,1.000000,1.000000,,False,,0,0.000000,0.000000,0.000000,0.000000,disabled,1.000000,0.000000
c275c65473af2d1d,0%,0,0,0%,0,0,python,python,False,0.000000,0.500000,0.833333,0.500000,0.833333,0.000000,0.500000,0.078947,0.136364,0.833333,0.500000,0.833333,0.000000,0.833333,0.111111,0.000000,2,9,taipy/gui/gui.py,same_file,3,True,python_ast,python,1.000000,1.000000,,False,,0,0.000000,0.000000,0.000000,0.000000,disabled,1.000000,0.000000
6573fb383a849bec,0%,0,0,mostly,72,71-80,python,python,False,0.000000,0.833333,0.833333,1.000000,1.000000,0.000000,0.833333,0.000290,0.000579,0.833333,1.000000,1.000000,0.000000,1.000000,0.000386,0.500000,2,2592,taipy/gui/gui.py,same_file,3,True,python_ast,python,1.000000,1.000000,,False,,0,0.000000,0.000000,0.000000,0.000000,disabled,1.000000,0.000000
65b8670224a9764e,100%,100,91-100,100%,100,91-100,python,python,True,1.000000,1.000000,1.000000,1.000000,1.000000,1.000000,1.000000,0.000174,0.000348,1.000000,1.000000,1.000000,1.000000,1.000000,0.000386,1.000000,1,2592,taipy/gui/gui.py,same_file,3,True,python_ast,python,1.000000,1.000000,,False,,0,0.000000,0.000000,0.000000,0.000000,disabled,1.000000,1.000000
e18ea43e0e0e6f5a,100%,90,81-90,mostly,82,81-90,python,python,False,0.000000,0.916667,1.000000,0.916667,1.000000,0.000000,0.916667,0.458333,0.611111,1.000000,0.916667,1.000000,0.000000,1.000000,0.500000,0.666667,3,2,taipy/gui/utils/callable.py,same_file,1,True,python_ast,python,1.000000,1.000000,,False,,0,0.000000,0.000000,0.000000,0.000000,disabled,1.000000,0.000000
6f0f6df2bcd26b5c,partial,16,11-20,partial,56,51-60,python,python,False,0.000000,0.500000,0.578947,0.684211,0.763158,0.000000,0.500000,0.441860,0.469136,0.578947,0.684211,0.763158,0.000000,0.631579,1.000000,0.230769,13,5,doc/gui/examples/controls/column_name_styling.py,same_file,1,True,python_ast,python,0.045455,0.045455,,False,,0,0.000000,0.000000,0.000000,0.000000,disabled,1.000000,0.000000
6af8bf8b8686cbb8,100%,100,91-100,100%,100,91-100,python,python,True,1.000000,0.000000,0.000000,0.000000,0.000000,1.000000,0.000000,0.000000,0.000000,0.000000,0.000000,0.000000,1.000000,0.000000,1.000000,0.000000,0,1,tests/gui/data/test_accessors.py,same_file,1,True,python_ast,python,1.000000,1.000000,,False,,0,0.000000,0.000000,0.000000,0.000000,disabled,1.000000,1.000000
75c268a39a019c57,100%,100,91-100,100%,100,91-100,python,python,True,1.000000,1.000000,1.000000,1.000000,1.000000,1.000000,1.000000,1.000000,1.000000,1.000000,1.000000,1.000000,1.000000,1.000000,1.000000,1.000000,14,2,taipy/common/config/config.py,same_file,1,True,python_ast,python,1.000000,1.000000,,False,,0,0.000000,0.000000,0.000000,0.000000,disabled,1.000000,1.000000
b975538b50ab708d,100%,100,91-100,100%,100,91-100,python,python,True,1.000000,1.000000,1.000000,1.000000,1.000000,1.000000,1.000000,1.000000,1.000000,1.000000,1.000000,1.000000,1.000000,1.000000,1.000000,1.000000,6,1,taipy/_run.py,same_file,1,False,python_ast,python,0.000000,0.000000,SyntaxError: invalid syntax,False,,0,0.000000,0.000000,0.000000,0.000000,disabled,1.000000,1.000000
4587e8b9b3220c79,100%,100,91-100,100%,100,91-100,text,pygments,True,1.000000,1.000000,1.000000,1.000000,1.000000,1.000000,1.000000,0.290323,0.450000,1.000000,1.000000,1.000000,1.000000,1.000000,0.250000,1.000000,9,4,taipy/common/config/config.pyi,same_file,1,False,,,0.000000,0.000000,no supported local structural parser,False,,0,0.000000,0.000000,0.000000,0.000000,disabled,1.000000,1.000000
961bfd98c7d57ad1,100%,100,91-100,100%,100,91-100,text,pygments,True,1.000000,1.000000,1.000000,1.000000,1.000000,1.000000,1.000000,0.209677,0.346667,1.000000,1.000000,1.000000,1.000000,1.000000,0.250000,1.000000,7,4,taipy/common/config/config.pyi,same_file,1,False,,,0.000000,0.000000,no supported local structural parser,False,,0,0.000000,0.000000,0.000000,0.000000,disabled,1.000000,1.000000
fc0116133c54dbb9,100%,100,91-100,100%,100,91-100,text,pygments,True,1.000000,1.000000,1.000000,1.000000,1.000000,1.000000,1.000000,0.500000,0.666667,1.000000,1.000000,1.000000,1.000000,1.000000,0.500000,1.000000,17,4,taipy/common/config/config.pyi,same_file,1,False,,,0.000000,0.000000,no supported local structural parser,False,,0,0.000000,0.000000,0.000000,0.000000,disabled,1.000000,1.000000
6abe9ac280e7f42a,100%,100,91-100,100%,100,91-100,text,pygments,True,1.000000,1.000000,1.000000,1.000000,1.000000,1.000000,1.000000,1.000000,1.000000,1.000000,1.000000,1.000000,1.000000,1.000000,1.000000,1.000000,10,1,taipy/common/config/config.pyi,same_file,1,False,,,0.000000,0.000000,no supported local structural parser,False,,0,0.000000,0.000000,0.000000,0.000000,disabled,1.000000,1.000000
2905cab50d7581af,100%,100,91-100,100%,100,91-100,text,pygments,True,1.000000,1.000000,1.000000,1.000000,1.000000,1.000000,1.000000,1.000000,1.000000,1.000000,1.000000,1.000000,1.000000,1.000000,1.000000,1.000000,10,1,taipy/common/config/config.pyi,same_file,1,False,,,0.000000,0.000000,no supported local structural parser,False,,0,0.000000,0.000000,0.000000,0.000000,disabled,1.000000,1.000000
018fae8539472d04,100%,100,91-100,100%,100,91-100,python,python,True,1.000000,1.000000,1.000000,1.000000,1.000000,1.000000,1.000000,1.000000,1.000000,1.000000,1.000000,1.000000,1.000000,1.000000,1.000000,1.000000,10,1,taipy/core/common/_mongo_connector.py,same_file,1,False,python_ast,python,0.000000,0.000000,SyntaxError: invalid syntax,False,,0,0.000000,0.000000,0.000000,0.000000,disabled,1.000000,1.000000
55c613436f5578bf,100%,100,91-100,100%,100,91-100,python,python,True,1.000000,1.000000,1.000000,1.000000,1.000000,1.000000,1.000000,0.322581,0.487805,1.000000,1.000000,1.000000,1.000000,1.000000,0.250000,1.000000,9,4,taipy/core/config/data_node_config.py,same_file,1,False,python_ast,python,0.000000,0.000000,SyntaxError: illegal target for annotation,False,,0,0.000000,0.000000,0.000000,0.000000,disabled,1.000000,1.000000
2df40a0621c49730,100%,100,91-100,100%,100,91-100,python,python,True,1.000000,1.000000,1.000000,1.000000,1.000000,1.000000,1.000000,0.209677,0.346667,1.000000,1.000000,1.000000,1.000000,1.000000,0.250000,1.000000,7,4,taipy/core/config/data_node_config.py,same_file,1,False,python_ast,python,0.000000,0.000000,SyntaxError: illegal target for annotation,False,,0,0.000000,0.000000,0.000000,0.000000,disabled,1.000000,1.000000
96d282e567feadda,100%,100,91-100,100%,100,91-100,python,python,True,1.000000,1.000000,1.000000,1.000000,1.000000,1.000000,1.000000,0.467742,0.637363,1.000000,1.000000,1.000000,1.000000,1.000000,0.500000,1.000000,17,4,taipy/core/config/data_node_config.py,same_file,1,False,python_ast,python,0.000000,0.000000,SyntaxError: invalid syntax,False,,0,0.000000,0.000000,0.000000,0.000000,disabled,1.000000,1.000000
59ad625093701c99,100%,100,91-100,100%,100,91-100,python,python,True,1.000000,1.000000,1.000000,1.000000,1.000000,1.000000,1.000000,1.000000,1.000000,1.000000,1.000000,1.000000,1.000000,1.000000,1.000000,1.000000,10,1,taipy/core/config/data_node_config.py,same_file,1,False,python_ast,python,0.000000,0.000000,SyntaxError: invalid syntax,False,,0,0.000000,0.000000,0.000000,0.000000,disabled,1.000000,1.000000
7d7ed3f6fb452a6d,100%,100,91-100,100%,100,91-100,python,python,True,1.000000,1.000000,1.000000,1.000000,1.000000,1.000000,1.000000,1.000000,1.000000,1.000000,1.000000,1.000000,1.000000,1.000000,1.000000,1.000000,10,1,taipy/core/config/data_node_config.py,same_file,1,False,python_ast,python,0.000000,0.000000,SyntaxError: invalid syntax,False,,0,0.000000,0.000000,0.000000,0.000000,disabled,1.000000,1.000000
7e9db8c198dbb7d3,100%,100,91-100,100%,100,91-100,python,python,True,1.000000,1.000000,1.000000,1.000000,1.000000,1.000000,1.000000,0.209302,0.346154,1.000000,1.000000,1.000000,1.000000,1.000000,0.166667,1.000000,7,6,taipy/core/data/parquet.py,same_file,1,False,python_ast,python,0.000000,0.000000,SyntaxError: invalid syntax,False,,0,0.000000,0.000000,0.000000,0.000000,disabled,1.000000,1.000000
1ae6cc3b427d2445,100%,100,91-100,100%,100,91-100,python,python,True,1.000000,1.000000,1.000000,1.000000,1.000000,1.000000,1.000000,0.500000,0.666667,1.000000,1.000000,1.000000,1.000000,1.000000,0.500000,1.000000,23,6,taipy/core/data/parquet.py,same_file,1,False,python_ast,python,0.000000,0.000000,SyntaxError: invalid syntax,False,,0,0.000000,0.000000,0.000000,0.000000,disabled,1.000000,1.000000
c92aa50df4d573c0,100%,100,91-100,100%,100,91-100,python,python,True,1.000000,1.000000,1.000000,1.000000,1.000000,1.000000,1.000000,0.290698,0.450450,1.000000,1.000000,1.000000,1.000000,1.000000,0.333333,1.000000,16,6,taipy/core/data/parquet.py,same_file,1,False,python_ast,python,0.000000,0.000000,SyntaxError: invalid syntax,False,,0,0.000000,0.000000,0.000000,0.000000,disabled,1.000000,1.000000
4ae733359bef2a09,100%,100,91-100,100%,100,91-100,python,python,True,1.000000,1.000000,1.000000,1.000000,1.000000,1.000000,1.000000,1.000000,1.000000,1.000000,1.000000,1.000000,1.000000,1.000000,1.000000,1.000000,9,1,taipy/core/scenario/scenario.py,same_file,2,False,python_ast,python,0.000000,0.000000,SyntaxError: illegal target for annotation,False,,0,0.000000,0.000000,0.000000,0.000000,disabled,1.000000,1.000000
cafe86eed1f817ac,100%,100,91-100,100%,100,91-100,python,python,True,1.000000,1.000000,1.000000,1.000000,1.000000,1.000000,1.000000,1.000000,1.000000,1.000000,1.000000,1.000000,1.000000,1.000000,1.000000,1.000000,9,1,taipy/core/scenario/scenario.py,same_file,2,False,python_ast,python,0.000000,0.000000,SyntaxError: illegal target for annotation,False,,0,0.000000,0.000000,0.000000,0.000000,disabled,1.000000,1.000000
51cf24112f375fc8,100%,100,91-100,100%,100,91-100,python,python,True,1.000000,1.000000,1.000000,1.000000,1.000000,1.000000,1.000000,1.000000,1.000000,1.000000,1.000000,1.000000,1.000000,1.000000,1.000000,1.000000,9,1,taipy/core/sequence/sequence.py,same_file,2,False,python_ast,python,0.000000,0.000000,SyntaxError: illegal target for annotation,False,,0,0.000000,0.000000,0.000000,0.000000,disabled,1.000000,1.000000
ea15bca905207377,100%,100,91-100,100%,100,91-100,python,python,True,1.000000,1.000000,1.000000,1.000000,1.000000,1.000000,1.000000,1.000000,1.000000,1.000000,1.000000,1.000000,1.000000,1.000000,1.000000,1.000000,9,1,taipy/core/sequence/sequence.py,same_file,2,False,python_ast,python,0.000000,0.000000,SyntaxError: illegal target for annotation,False,,0,0.000000,0.000000,0.000000,0.000000,disabled,1.000000,1.000000
fb35cd7611f6091c,100%,100,91-100,100%,100,91-100,python,python,True,1.000000,1.000000,1.000000,1.000000,1.000000,1.000000,1.000000,1.000000,1.000000,1.000000,1.000000,1.000000,1.000000,1.000000,1.000000,1.000000,9,1,taipy/core/taipy.py,same_file,3,False,python_ast,python,0.000000,0.000000,SyntaxError: illegal target for annotation,False,,0,0.000000,0.000000,0.000000,0.000000,disabled,1.000000,1.000000
81c67b2ceab6a981,100%,100,91-100,100%,100,91-100,python,python,True,1.000000,1.000000,1.000000,1.000000,1.000000,1.000000,1.000000,1.000000,1.000000,1.000000,1.000000,1.000000,1.000000,1.000000,1.000000,1.000000,9,1,taipy/core/taipy.py,same_file,4,False,python_ast,python,0.000000,0.000000,SyntaxError: illegal target for annotation,False,,0,0.000000,0.000000,0.000000,0.000000,disabled,1.000000,1.000000
346c3446829f8c5d,100%,100,91-100,100%,100,91-100,python,python,True,1.000000,1.000000,1.000000,1.000000,1.000000,1.000000,1.000000,1.000000,1.000000,1.000000,1.000000,1.000000,1.000000,1.000000,1.000000,1.000000,9,1,taipy/core/taipy.py,same_file,4,False,python_ast,python,0.000000,0.000000,SyntaxError: illegal target for annotation,False,,0,0.000000,0.000000,0.000000,0.000000,disabled,1.000000,1.000000
71319192e339083d,100%,100,91-100,100%,100,91-100,python,python,True,1.000000,1.000000,1.000000,1.000000,1.000000,1.000000,1.000000,1.000000,1.000000,1.000000,1.000000,1.000000,1.000000,1.000000,1.000000,1.000000,9,1,taipy/core/taipy.py,same_file,2,False,python_ast,python,0.000000,0.000000,SyntaxError: illegal target for annotation,False,,0,0.000000,0.000000,0.000000,0.000000,disabled,1.000000,1.000000
7c52c9a29bb6e782,100%,100,91-100,100%,100,91-100,python,python,True,1.000000,1.000000,1.000000,1.000000,1.000000,1.000000,1.000000,1.000000,1.000000,1.000000,1.000000,1.000000,1.000000,1.000000,1.000000,1.000000,10,1,taipy/core/task/task.py,same_file,1,False,python_ast,python,0.000000,0.000000,SyntaxError: unterminated triple-quoted string literal (detected at line 2),False,,0,0.000000,0.000000,0.000000,0.000000,disabled,1.000000,1.000000
9180627dc7ec3b3d,100%,100,91-100,100%,100,91-100,python,python,True,1.000000,1.000000,1.000000,1.000000,1.000000,1.000000,1.000000,1.000000,1.000000,1.000000,1.000000,1.000000,1.000000,1.000000,1.000000,1.000000,8,1,taipy/gui/gui.py,same_file,1,False,python_ast,python,0.000000,0.000000,SyntaxError: invalid syntax,False,,0,0.000000,0.000000,0.000000,0.000000,disabled,1.000000,1.000000
2c4adfcb58f7c5f9,100%,100,91-100,100%,100,91-100,python,python,True,1.000000,1.000000,1.000000,1.000000,1.000000,1.000000,1.000000,0.571429,0.727273,1.000000,1.000000,1.000000,1.000000,1.000000,0.500000,1.000000,7,2,taipy/gui/gui.py,same_file,1,False,python_ast,python,0.000000,0.000000,SyntaxError: invalid syntax,False,,0,0.000000,0.000000,0.000000,0.000000,disabled,1.000000,1.000000
e994896c413c18d0,100%,100,91-100,100%,100,91-100,python,python,True,1.000000,1.000000,1.000000,1.000000,1.000000,1.000000,1.000000,0.428571,0.600000,1.000000,1.000000,1.000000,1.000000,1.000000,0.500000,1.000000,6,2,taipy/gui/gui.py,same_file,1,False,python_ast,python,0.000000,0.000000,SyntaxError: invalid syntax,False,,0,0.000000,0.000000,0.000000,0.000000,disabled,1.000000,1.000000
d4d1bf4e8f394d2a,100%,100,91-100,100%,100,91-100,python,python,True,1.000000,1.000000,1.000000,1.000000,1.000000,1.000000,1.000000,1.000000,1.000000,1.000000,1.000000,1.000000,1.000000,1.000000,1.000000,1.000000,17,2,taipy/gui/gui.py,same_file,1,False,python_ast,python,0.000000,0.000000,SyntaxError: invalid syntax,False,,0,0.000000,0.000000,0.000000,0.000000,disabled,1.000000,1.000000
cf771957c7802490,100%,100,91-100,100%,100,91-100,python,python,True,1.000000,1.000000,1.000000,1.000000,1.000000,1.000000,1.000000,1.000000,1.000000,1.000000,1.000000,1.000000,1.000000,1.000000,1.000000,1.000000,7,1,taipy/gui/gui_actions.py,same_file,1,False,python_ast,python,0.000000,0.000000,SyntaxError: invalid syntax,False,,0,0.000000,0.000000,0.000000,0.000000,disabled,1.000000,1.000000
b0e8c9fcbf2444c3,100%,100,91-100,100%,100,91-100,python,python,True,1.000000,1.000000,1.000000,1.000000,1.000000,1.000000,1.000000,1.000000,1.000000,1.000000,1.000000,1.000000,1.000000,1.000000,1.000000,1.000000,4,1,taipy/gui/gui_actions.py,same_file,3,False,python_ast,python,0.000000,0.000000,SyntaxError: invalid syntax,False,,0,0.000000,0.000000,0.000000,0.000000,disabled,1.000000,1.000000
802a44949919a2d7,100%,100,91-100,100%,100,91-100,python,python,True,1.000000,1.000000,1.000000,1.000000,1.000000,1.000000,1.000000,1.000000,1.000000,1.000000,1.000000,1.000000,1.000000,1.000000,1.000000,1.000000,11,1,taipy/gui/gui_actions.py,same_file,3,False,python_ast,python,0.000000,0.000000,SyntaxError: invalid syntax,False,,0,0.000000,0.000000,0.000000,0.000000,disabled,1.000000,1.000000
4c2e83a8d974410a,100%,100,91-100,100%,100,91-100,python,python,True,1.000000,1.000000,1.000000,1.000000,1.000000,1.000000,1.000000,1.000000,1.000000,1.000000,1.000000,1.000000,1.000000,1.000000,1.000000,1.000000,17,2,taipy/gui/gui_actions.py,same_file,1,False,python_ast,python,0.000000,0.000000,SyntaxError: invalid syntax,False,,0,0.000000,0.000000,0.000000,0.000000,disabled,1.000000,1.000000
6257a0d237cf3cef,100%,100,91-100,100%,100,91-100,python,python,True,1.000000,0.000000,0.000000,0.000000,0.000000,1.000000,0.000000,0.000000,0.000000,0.000000,0.000000,0.000000,1.000000,0.000000,1.000000,0.000000,0,1,taipy/gui/server.py,same_file,1,True,python_ast,python,1.000000,1.000000,,False,,0,0.000000,0.000000,0.000000,0.000000,disabled,1.000000,1.000000
7784ff0f281c482e,100%,100,91-100,100%,100,91-100,python,python,True,1.000000,1.000000,1.000000,1.000000,1.000000,1.000000,1.000000,0.406250,0.577778,1.000000,1.000000,1.000000,1.000000,1.000000,0.500000,1.000000,8,2,taipy/rest/rest.py,same_file,1,False,python_ast,python,0.000000,0.000000,SyntaxError: invalid syntax,False,,0,0.000000,0.000000,0.000000,0.000000,disabled,1.000000,1.000000
947e891daa76f571,100%,100,91-100,100%,100,91-100,python,python,True,1.000000,1.000000,1.000000,1.000000,1.000000,1.000000,1.000000,0.593750,0.745098,1.000000,1.000000,1.000000,1.000000,1.000000,0.500000,1.000000,13,2,taipy/rest/rest.py,same_file,1,False,python_ast,python,0.000000,0.000000,SyntaxError: invalid syntax,False,,0,0.000000,0.000000,0.000000,0.000000,disabled,1.000000,1.000000
2fe681574bfa9b9e,100%,100,91-100,100%,100,91-100,text,pygments,True,1.000000,1.000000,1.000000,1.000000,1.000000,1.000000,1.000000,1.000000,1.000000,1.000000,1.000000,1.000000,1.000000,1.000000,1.000000,1.000000,7,1,taipy/common/config/config.pyi,same_file,1,False,,,0.000000,0.000000,no supported local structural parser,False,,0,0.000000,0.000000,0.000000,0.000000,disabled,1.000000,1.000000
90ba96f301bf2547,partial,14,11-20,partial,55,51-60,python,python,False,0.142857,0.615385,0.769231,0.769231,0.923077,0.142857,0.615385,0.363636,0.457143,0.769231,0.769231,0.923077,0.142857,0.794872,0.777778,0.076923,13,9,doc/gui/examples/controls/slider_labels_dictionary.py,same_file,1,False,python_ast,python,0.000000,0.000000,SyntaxError: '{' was never closed,False,,0,0.000000,0.000000,0.000000,0.000000,disabled,1.000000,0.142900
da970b357608749b,100%,100,91-100,100%,100,91-100,python,python,True,1.000000,1.000000,1.000000,1.000000,1.000000,1.000000,1.000000,0.227273,0.370370,1.000000,1.000000,1.000000,1.000000,1.000000,0.111111,1.000000,4,9,doc/gui/examples/controls/slider_labels_dictionary.py,same_file,1,False,python_ast,python,0.000000,0.000000,SyntaxError: invalid syntax,False,,0,0.000000,0.000000,0.000000,0.000000,disabled,1.000000,1.000000
c93ccf8df70df3b1,mostly,83,81-90,mostly,86,81-90,typescript,pygments,False,0.857143,0.852941,0.926471,0.852941,0.926471,0.857143,0.852941,0.794521,0.822695,0.926471,0.852941,0.926471,0.428571,0.794118,1.000000,0.761905,21,14,frontend/taipy-gui/src/components/Taipy/TableFilter.tsx,same_file,4,True,tree_sitter,typescript,0.904762,0.904762,,False,,0,0.000000,0.000000,0.000000,0.000000,disabled,1.000000,0.857100
0e4f30f408670ecf,mostly,67,61-70,mostly,80,71-80,python,python,False,0.666667,0.938144,0.989691,0.938144,0.989691,0.500000,0.938144,0.478947,0.634146,0.989691,0.938144,0.989691,0.500000,0.907216,0.240000,0.838710,31,25,taipy/gui/data/pandas_data_accessor.py,same_file,1,True,python_ast,python,0.974684,0.974684,,False,,0,0.000000,0.000000,0.000000,0.000000,disabled,1.000000,0.666700
76b1f29c0c7e2506,partial,50,41-50,mostly,66,61-70,typescript,pygments,False,0.500000,0.583333,0.750000,0.583333,0.750000,0.500000,0.583333,0.358974,0.444444,0.750000,0.583333,0.750000,0.500000,0.750000,1.000000,0.500000,8,2,frontend/taipy-gui/src/components/Taipy/TableFilter.tsx,neighboring_same_file,3,True,tree_sitter,typescript,0.727273,0.727273,,False,,0,0.000000,0.000000,0.000000,0.000000,disabled,1.000000,0.500000
1ced9b7dcb6e25e3,100%,100,91-100,100%,100,91-100,python,python,True,1.000000,1.000000,1.000000,1.000000,1.000000,1.000000,1.000000,1.000000,1.000000,1.000000,1.000000,1.000000,1.000000,1.000000,1.000000,1.000000,3,1,taipy/gui/mock/mock_state.py,same_file,1,True,python_ast,python,1.000000,1.000000,,False,,0,0.000000,0.000000,0.000000,0.000000,disabled,1.000000,1.000000
31a34f5c79534ce8,100%,100,91-100,100%,100,91-100,python,python,True,1.000000,0.000000,0.000000,0.000000,0.000000,1.000000,0.000000,0.000000,0.000000,0.000000,0.000000,0.000000,1.000000,0.000000,0.500000,0.000000,0,2,doc/gui/extension/example_library/example_library.py,same_file,1,True,python_ast,python,1.000000,1.000000,,False,,0,0.000000,0.000000,0.000000,0.000000,disabled,1.000000,1.000000
02670390033d6a9d,100%,100,91-100,100%,100,91-100,python,python,True,1.000000,0.947368,0.947368,1.000000,1.000000,1.000000,1.000000,1.000000,1.000000,1.000000,1.000000,1.000000,1.000000,1.000000,1.000000,1.000000,7,1,doc/gui/extension/table_chess_game.py,same_file,3,True,python_ast,python,1.000000,1.000000,,False,,0,0.000000,0.000000,0.000000,0.000000,disabled,1.000000,1.000000
e0c0701c892e2b6e,100%,100,91-100,100%,100,91-100,typescript,pygments,True,1.000000,1.000000,1.000000,1.000000,1.000000,1.000000,1.000000,1.000000,1.000000,1.000000,1.000000,1.000000,1.000000,1.000000,1.000000,1.000000,2,1,doc/gui/extension/example_library/front-end/src/index.ts,same_file,1,True,tree_sitter,typescript,1.000000,1.000000,,False,,0,0.000000,0.000000,0.000000,0.000000,disabled,1.000000,1.000000
51ae98736e2de9ec,100%,100,91-100,100%,100,91-100,python,python,True,1.000000,0.000000,0.000000,0.000000,0.000000,1.000000,0.000000,0.000000,0.000000,0.000000,0.000000,0.000000,1.000000,0.000000,0.200000,0.000000,0,5,doc/gui/examples/controls/chat-streaming.py,same_file,3,True,python_ast,python,1.000000,1.000000,,False,,0,0.000000,0.000000,0.000000,0.000000,disabled,1.000000,1.000000
266e974f90ae86cb,100%,100,91-100,100%,100,91-100,python,python,True,1.000000,0.000000,0.000000,0.000000,0.000000,1.000000,0.000000,0.000000,0.000000,0.000000,0.000000,0.000000,1.000000,0.000000,0.125000,0.000000,0,8,doc/gui/examples/controls/chat-streaming.py,same_file,1,True,python_ast,python,1.000000,1.000000,,False,,0,0.000000,0.000000,0.000000,0.000000,disabled,1.000000,1.000000
2ed45129776c306b,100%,100,91-100,100%,100,91-100,python,python,True,1.000000,0.000000,0.000000,0.000000,0.000000,1.000000,0.000000,0.000000,0.000000,0.000000,0.000000,0.000000,1.000000,0.000000,0.111111,0.000000,0,9,doc/gui/examples/controls/chat-streaming.py,same_file,1,True,python_ast,python,1.000000,1.000000,,False,,0,0.000000,0.000000,0.000000,0.000000,disabled,1.000000,1.000000
d4f8826df30265f1,100%,100,91-100,100%,100,91-100,python,python,True,1.000000,0.000000,0.000000,0.000000,0.000000,1.000000,0.000000,0.000000,0.000000,0.000000,0.000000,0.000000,1.000000,0.000000,0.125000,0.000000,0,8,doc/gui/examples/controls/chat-streaming.py,same_file,1,True,python_ast,python,1.000000,1.000000,,False,,0,0.000000,0.000000,0.000000,0.000000,disabled,1.000000,1.000000
6a8dd893fc6c50ce,100%,100,91-100,100%,100,91-100,python,python,True,1.000000,0.000000,0.000000,0.000000,0.000000,1.000000,0.000000,0.000000,0.000000,0.000000,0.000000,0.000000,1.000000,0.000000,0.125000,0.000000,0,8,doc/gui/examples/controls/chat-streaming.py,same_file,3,True,python_ast,python,1.000000,1.000000,,False,,0,0.000000,0.000000,0.000000,0.000000,disabled,1.000000,1.000000
56e88079459655ff,100%,100,91-100,100%,100,91-100,python,python,True,1.000000,0.000000,0.000000,0.000000,0.000000,1.000000,0.000000,0.000000,0.000000,0.000000,0.000000,0.000000,1.000000,0.000000,0.125000,0.000000,0,8,doc/gui/examples/controls/chat-streaming.py,same_file,3,True,python_ast,python,1.000000,1.000000,,False,,0,0.000000,0.000000,0.000000,0.000000,disabled,1.000000,1.000000
10fd0bc33c74608d,100%,100,91-100,100%,100,91-100,python,python,True,1.000000,1.000000,1.000000,1.000000,1.000000,1.000000,1.000000,0.714286,0.833333,1.000000,1.000000,1.000000,1.000000,1.000000,0.125000,1.000000,5,8,doc/gui/examples/controls/chat-streaming.py,same_file,3,True,python_ast,python,1.000000,1.000000,,False,,0,0.000000,0.000000,0.000000,0.000000,disabled,1.000000,1.000000
aba20873f034996d,100%,100,91-100,100%,100,91-100,python,python,True,1.000000,0.000000,0.000000,0.000000,0.000000,1.000000,0.000000,0.000000,0.000000,0.000000,0.000000,0.000000,1.000000,0.000000,1.000000,0.000000,0,1,doc/gui/examples/controls/chat-streaming.py,same_file,6,True,python_ast,python,1.000000,1.000000,,False,,0,0.000000,0.000000,0.000000,0.000000,disabled,1.000000,1.000000
e49bb2f44f9f990d,100%,100,91-100,100%,100,91-100,python,python,True,1.000000,0.000000,0.000000,0.000000,0.000000,1.000000,0.000000,0.000000,0.000000,0.000000,0.000000,0.000000,1.000000,0.000000,0.200000,0.000000,0,5,doc/gui/examples/controls/chat-streaming.py,same_file,7,True,python_ast,python,1.000000,1.000000,,False,,0,0.000000,0.000000,0.000000,0.000000,disabled,1.000000,1.000000
2f12cf53d58c85ab,100%,100,91-100,100%,100,91-100,python,python,True,1.000000,1.000000,1.000000,1.000000,1.000000,1.000000,1.000000,1.000000,1.000000,1.000000,1.000000,1.000000,1.000000,1.000000,0.200000,1.000000,1,5,doc/gui/examples/controls/chat-streaming.py,same_file,5,True,python_ast,python,1.000000,1.000000,,False,,0,0.000000,0.000000,0.000000,0.000000,disabled,1.000000,1.000000
9bf8d408a7e7010d,100%,100,91-100,100%,100,91-100,python,python,True,1.000000,1.000000,1.000000,1.000000,1.000000,1.000000,1.000000,1.000000,1.000000,1.000000,1.000000,1.000000,1.000000,1.000000,0.200000,1.000000,3,5,doc/gui/examples/controls/chat-streaming.py,same_file,3,True,python_ast,python,1.000000,1.000000,,False,,0,0.000000,0.000000,0.000000,0.000000,disabled,1.000000,1.000000
a2e7d7302bc0b5ad,100%,100,91-100,100%,100,91-100,python,python,True,1.000000,0.000000,0.000000,0.000000,0.000000,1.000000,0.000000,0.000000,0.000000,0.000000,0.000000,0.000000,1.000000,0.000000,0.200000,0.000000,0,5,doc/gui/examples/controls/chat-streaming.py,same_file,3,True,python_ast,python,1.000000,1.000000,,False,,0,0.000000,0.000000,0.000000,0.000000,disabled,1.000000,1.000000
a626afeed345e1f5,mostly,70,61-70,0%,0,0,python,python,False,0.000000,0.000000,0.000000,0.000000,0.000000,0.000000,0.000000,0.000000,0.000000,0.000000,0.000000,0.000000,0.000000,0.000000,0.000000,0.000000,0,0,,,5,True,python_ast,python,1.000000,1.000000,,False,,0,0.000000,0.000000,0.000000,0.000000,disabled,1.000000,0.000000
38cd90a887272561,0%,0,0,0%,0,0,python,python,False,0.000000,0.333333,0.666667,0.333333,0.666667,0.000000,0.250000,0.272727,0.260870,0.583333,0.250000,0.583333,0.000000,0.583333,1.000000,0.000000,2,1,doc/gui/examples/controls/chat-streaming.py,same_file,5,True,python_ast,python,0.666667,0.666667,,False,,0,0.000000,0.000000,0.000000,0.000000,disabled,1.000000,0.000000
e277291d063d1a1d,100%,100,91-100,100%,100,91-100,python,python,True,1.000000,0.000000,0.000000,0.000000,0.000000,1.000000,0.000000,0.000000,0.000000,0.000000,0.000000,0.000000,1.000000,0.000000,1.000000,0.000000,0,1,doc/gui/examples/controls/chat-streaming.py,same_file,5,True,python_ast,python,1.000000,1.000000,,False,,0,0.000000,0.000000,0.000000,0.000000,disabled,1.000000,1.000000
1edc8ed394cdfadc,100%,100,91-100,100%,100,91-100,python,python,True,1.000000,1.000000,1.000000,1.000000,1.000000,1.000000,1.000000,1.000000,1.000000,1.000000,1.000000,1.000000,1.000000,1.000000,1.000000,1.000000,5,1,doc/gui/examples/controls/chat-streaming.py,same_file,3,True,python_ast,python,1.000000,1.000000,,False,,0,0.000000,0.000000,0.000000,0.000000,disabled,1.000000,1.000000
812522b480a0bb85,100%,100,91-100,100%,100,91-100,python,python,True,1.000000,0.000000,0.000000,0.000000,0.000000,1.000000,0.000000,0.000000,0.000000,0.000000,0.000000,0.000000,1.000000,0.000000,0.166667,0.000000,0,6,doc/gui/examples/controls/chat-streaming.py,same_file,5,True,python_ast,python,1.000000,1.000000,,False,,0,0.000000,0.000000,0.000000,0.000000,disabled,1.000000,1.000000
a5eff9fa3f97b806,100%,100,91-100,100%,100,91-100,python,python,True,1.000000,1.000000,1.000000,1.000000,1.000000,1.000000,1.000000,0.739130,0.850000,1.000000,1.000000,1.000000,1.000000,1.000000,0.166667,1.000000,5,6,doc/gui/examples/controls/chat-streaming.py,same_file,5,True,python_ast,python,1.000000,1.000000,,False,,0,0.000000,0.000000,0.000000,0.000000,disabled,1.000000,1.000000
a0082d53581b7dd6,100%,100,91-100,100%,100,91-100,python,python,True,1.000000,0.000000,0.000000,0.000000,0.000000,1.000000,0.000000,0.000000,0.000000,0.000000,0.000000,0.000000,1.000000,0.000000,0.166667,0.000000,0,6,doc/gui/examples/controls/chat-streaming.py,same_file,5,True,python_ast,python,1.000000,1.000000,,False,,0,0.000000,0.000000,0.000000,0.000000,disabled,1.000000,1.000000
b6f4e792dee2666c,100%,100,91-100,100%,100,91-100,python,python,True,1.000000,1.000000,1.000000,1.000000,1.000000,1.000000,1.000000,0.285714,0.444444,1.000000,1.000000,1.000000,1.000000,1.000000,0.333333,1.000000,2,3,doc/gui/examples/controls/chat-streaming.py,same_file,5,True,python_ast,python,1.000000,1.000000,,False,,0,0.000000,0.000000,0.000000,0.000000,disabled,1.000000,1.000000
58225eb5644a583b,100%,100,91-100,100%,100,91-100,python,python,True,1.000000,0.000000,0.000000,0.000000,0.000000,1.000000,0.000000,0.000000,0.000000,0.000000,0.000000,0.000000,1.000000,0.000000,0.166667,0.000000,0,6,doc/gui/examples/controls/chat-streaming.py,same_file,5,True,python_ast,python,1.000000,1.000000,,False,,0,0.000000,0.000000,0.000000,0.000000,disabled,1.000000,1.000000
ae947f753d2b4a26,100%,100,91-100,100%,100,91-100,python,python,True,1.000000,0.000000,0.000000,0.000000,0.000000,1.000000,0.000000,0.000000,0.000000,0.000000,0.000000,0.000000,1.000000,0.000000,0.166667,0.000000,0,6,doc/gui/examples/controls/chat-streaming.py,same_file,5,True,python_ast,python,1.000000,1.000000,,False,,0,0.000000,0.000000,0.000000,0.000000,disabled,1.000000,1.000000
c018adc1569a6144,100%,100,91-100,100%,100,91-100,python,python,True,1.000000,0.000000,0.000000,0.000000,0.000000,1.000000,0.000000,0.000000,0.000000,0.000000,0.000000,0.000000,1.000000,0.000000,1.000000,0.000000,0,2,doc/gui/examples/controls/chat-streaming.py,same_file,7,True,python_ast,python,1.000000,1.000000,,False,,0,0.000000,0.000000,0.000000,0.000000,disabled,1.000000,1.000000
ddfd297c25e17c50,100%,100,91-100,100%,100,91-100,python,python,True,1.000000,0.000000,0.000000,0.000000,0.000000,1.000000,0.000000,0.000000,0.000000,0.000000,0.000000,0.000000,1.000000,0.000000,0.200000,0.000000,0,5,doc/gui/examples/controls/chat-streaming.py,same_file,7,True,python_ast,python,1.000000,1.000000,,False,,0,0.000000,0.000000,0.000000,0.000000,disabled,1.000000,1.000000
d100e38b09031274,100%,100,91-100,100%,100,91-100,python,python,True,1.000000,0.000000,0.000000,0.000000,0.000000,1.000000,0.000000,0.000000,0.000000,0.000000,0.000000,0.000000,1.000000,0.000000,0.200000,0.000000,0,5,doc/gui/examples/controls/chat-streaming.py,same_file,5,True,python_ast,python,1.000000,1.000000,,False,,0,0.000000,0.000000,0.000000,0.000000,disabled,1.000000,1.000000
5c8d2c92ec1770c3,100%,100,91-100,100%,100,91-100,python,python,True,1.000000,0.000000,0.000000,0.000000,0.000000,1.000000,0.000000,0.000000,0.000000,0.000000,0.000000,0.000000,1.000000,0.000000,0.200000,0.000000,0,5,doc/gui/examples/controls/chat-streaming.py,same_file,5,True,python_ast,python,1.000000,1.000000,,False,,0,0.000000,0.000000,0.000000,0.000000,disabled,1.000000,1.000000
c55433e483a1a1f7,100%,100,91-100,100%,100,91-100,python,python,True,1.000000,0.000000,0.000000,0.000000,0.000000,1.000000,0.000000,0.000000,0.000000,0.000000,0.000000,0.000000,1.000000,0.000000,0.200000,0.000000,0,5,doc/gui/examples/controls/chat-streaming.py,same_file,3,True,python_ast,python,1.000000,1.000000,,False,,0,0.000000,0.000000,0.000000,0.000000,disabled,1.000000,1.000000
eca553c7be38328b,100%,100,91-100,100%,100,91-100,typescript,pygments,True,1.000000,1.000000,1.000000,1.000000,1.000000,1.000000,1.000000,1.000000,1.000000,1.000000,1.000000,1.000000,1.000000,1.000000,1.000000,1.000000,7,1,frontend/taipy-gui/src/components/Taipy/TableFilter.tsx,same_file,1,True,tree_sitter,typescript,1.000000,1.000000,,False,,0,0.000000,0.000000,0.000000,0.000000,disabled,1.000000,1.000000
42a1913641c2db2e,100%,100,91-100,100%,100,91-100,python,python,True,1.000000,1.000000,1.000000,1.000000,1.000000,1.000000,1.000000,0.687500,0.814815,1.000000,1.000000,1.000000,1.000000,1.000000,0.333333,1.000000,5,3,doc/gui/examples/blocks/layout_fit/markdown.py,same_file,1,True,python_ast,python,1.000000,1.000000,,False,,0,0.000000,0.000000,0.000000,0.000000,disabled,1.000000,1.000000
81953824faf86ba4,100%,100,91-100,100%,100,91-100,python,python,True,1.000000,1.000000,1.000000,1.000000,1.000000,1.000000,1.000000,0.478261,0.647059,1.000000,1.000000,1.000000,1.000000,1.000000,0.333333,1.000000,5,3,doc/gui/examples/blocks/layout_fit/builder.py,same_file,1,True,python_ast,python,1.000000,1.000000,,False,,0,0.000000,0.000000,0.000000,0.000000,disabled,1.000000,1.000000
71cd4da993aa4559,100%,100,91-100,100%,100,91-100,python,python,True,1.000000,1.000000,1.000000,1.000000,1.000000,1.000000,1.000000,1.000000,1.000000,1.000000,1.000000,1.000000,1.000000,1.000000,1.000000,1.000000,7,1,taipy/core/data/csv.py,same_file,3,True,python_ast,python,1.000000,1.000000,,False,,0,0.000000,0.000000,0.000000,0.000000,disabled,1.000000,1.000000
9dc22ca80f6583ee,100%,100,91-100,100%,100,91-100,python,python,True,1.000000,1.000000,1.000000,1.000000,1.000000,1.000000,1.000000,1.000000,1.000000,1.000000,1.000000,1.000000,1.000000,1.000000,1.000000,0.000000,0,1,taipy/core/config/checkers/_data_node_config_checker.py,same_file,1,True,python_ast,python,1.000000,1.000000,,False,,0,0.000000,0.000000,0.000000,0.000000,disabled,1.000000,1.000000
c55e14f972ec4aec,100%,100,91-100,100%,100,91-100,python,python,True,1.000000,1.000000,1.000000,1.000000,1.000000,1.000000,1.000000,1.000000,1.000000,1.000000,1.000000,1.000000,1.000000,1.000000,1.000000,1.000000,4,1,taipy/core/config/scenario_config.py,same_file,1,True,python_ast,python,1.000000,1.000000,,False,,0,0.000000,0.000000,0.000000,0.000000,disabled,1.000000,1.000000
d0c6637aff4a1357,mostly,70,61-70,mostly,82,81-90,python,python,False,0.000000,0.875000,0.875000,1.000000,1.000000,0.000000,0.875000,0.259259,0.400000,0.875000,1.000000,1.000000,0.000000,1.000000,0.333333,0.750000,4,3,doc/gui/extension/example_library/example_library.py,same_file,2,True,python_ast,python,1.000000,1.000000,,False,,0,0.000000,0.000000,0.000000,0.000000,disabled,1.000000,0.000000
c77601078f5eed6f,100%,100,91-100,100%,100,91-100,python,python,True,1.000000,1.000000,1.000000,1.000000,1.000000,1.000000,1.000000,1.000000,1.000000,1.000000,1.000000,1.000000,1.000000,1.000000,1.000000,1.000000,2,1,tests/gui/e2e/test_resizing.py,same_file,3,True,python_ast,python,1.000000,1.000000,,False,,0,0.000000,0.000000,0.000000,0.000000,disabled,1.000000,1.000000
d2fde005038083f1,100%,100,91-100,100%,100,91-100,python,python,True,1.000000,1.000000,1.000000,1.000000,1.000000,1.000000,1.000000,1.000000,1.000000,1.000000,1.000000,1.000000,1.000000,1.000000,1.000000,1.000000,4,1,tests/gui/e2e/test_resizing.py,same_file,5,True,python_ast,python,1.000000,1.000000,,False,,0,0.000000,0.000000,0.000000,0.000000,disabled,1.000000,1.000000
a378a349c969fc4d,mostly,70,61-70,mostly,82,81-90,python,python,False,0.000000,0.875000,0.875000,1.000000,1.000000,0.000000,0.875000,0.437500,0.583333,0.875000,1.000000,1.000000,0.000000,1.000000,0.500000,0.666667,3,2,taipy/gui/_renderers/factory.py,same_file,2,True,python_ast,python,1.000000,1.000000,,False,,0,0.000000,0.000000,0.000000,0.000000,disabled,1.000000,0.000000
d7b0b207585652e4,partial,33,31-40,mostly,88,81-90,python,python,False,0.500000,0.875000,1.000000,0.875000,1.000000,0.500000,0.875000,0.038251,0.073298,1.000000,0.875000,1.000000,0.500000,1.000000,0.095238,0.666667,3,21,taipy/gui/gui.py,same_file,2,True,python_ast,python,1.000000,1.000000,,False,,0,0.000000,0.000000,0.000000,0.000000,disabled,1.000000,0.500000
31b730fdc39b2f24,mostly,70,61-70,mostly,82,81-90,python,python,False,0.000000,0.846154,0.923077,0.923077,1.000000,0.000000,0.846154,0.846154,0.846154,0.923077,0.923077,1.000000,0.000000,1.000000,1.000000,0.600000,5,1,taipy/gui/page.py,same_file,1,True,python_ast,python,1.000000,1.000000,,False,,0,0.000000,0.000000,0.000000,0.000000,disabled,1.000000,0.000000
10a99bf850ac3925,100%,100,91-100,100%,100,91-100,python,python,True,1.000000,0.800000,0.800000,0.800000,0.800000,1.000000,0.800000,0.044944,0.085106,0.800000,0.800000,0.800000,1.000000,0.800000,0.166667,0.500000,2,6,taipy/core/data/pickle.py,same_file,2,False,python_ast,python,0.000000,0.000000,SyntaxError: invalid syntax,False,,0,0.000000,0.000000,0.000000,0.000000,disabled,1.000000,1.000000
ba07630231e95b61,100%,100,91-100,100%,100,91-100,python,python,True,1.000000,1.000000,1.000000,1.000000,1.000000,1.000000,1.000000,1.000000,1.000000,1.000000,1.000000,1.000000,1.000000,1.000000,1.000000,1.000000,4,1,taipy/common/config/_serializer/_base_serializer.py,same_file,4,True,python_ast,python,1.000000,1.000000,,False,,0,0.000000,0.000000,0.000000,0.000000,disabled,1.000000,1.000000
e5c72b0a49684430,0%,0,0,0%,0,0,typescript,pygments,False,0.000000,0.700000,1.000000,0.700000,1.000000,0.000000,0.700000,0.074074,0.133971,1.000000,0.700000,1.000000,0.000000,0.900000,0.043478,0.333333,9,23,frontend/taipy-gui/src/components/Taipy/Chart.tsx,same_file,3,True,tree_sitter,typescript,1.000000,1.000000,,False,,0,0.000000,0.000000,0.000000,0.000000,disabled,1.000000,0.000000
2bd56f41e2ca8e85,0%,0,0,mostly,72,71-80,typescript,pygments,False,0.000000,0.750000,0.875000,0.750000,0.875000,0.000000,0.750000,0.022642,0.043956,0.875000,0.750000,0.875000,0.000000,0.875000,0.023256,0.500000,2,43,frontend/taipy-gui/src/components/Taipy/Chart.tsx,same_file,1,True,tree_sitter,typescript,1.000000,1.000000,,False,,0,0.000000,0.000000,0.000000,0.000000,disabled,1.000000,0.000000
9a323eb63e598993,0%,0,0,0%,0,0,python,python,False,0.000000,0.147059,0.411765,0.147059,0.411765,0.000000,0.147059,0.046729,0.070922,0.411765,0.147059,0.411765,0.000000,0.411765,0.125000,0.000000,9,8,taipy/common/config/_serializer/_base_serializer.py,neighboring_same_file,3,False,python_ast,python,0.000000,0.000000,SyntaxError: '{' was never closed,False,,0,0.000000,0.000000,0.000000,0.000000,disabled,1.000000,0.000000
93e49d83e398e68a,0%,0,0,mostly,82,81-90,python,python,False,0.000000,0.956522,1.000000,0.956522,1.000000,0.000000,0.956522,0.305556,0.463158,1.000000,0.956522,1.000000,0.000000,1.000000,0.500000,0.888889,9,4,taipy/common/config/_serializer/_base_serializer.py,same_file,3,True,python_ast,python,1.000000,1.000000,,False,,0,0.000000,0.000000,0.000000,0.000000,disabled,1.000000,0.000000
74a7bf326b3dfe77,100%,100,91-100,100%,100,91-100,python,python,True,1.000000,1.000000,1.000000,1.000000,1.000000,1.000000,1.000000,1.000000,1.000000,1.000000,1.000000,1.000000,1.000000,1.000000,1.000000,1.000000,2,1,taipy/core/notification/_registration.py,same_file,1,True,python_ast,python,1.000000,1.000000,,False,,0,0.000000,0.000000,0.000000,0.000000,disabled,1.000000,1.000000
c6d7be045e1498bd,100%,100,91-100,100%,100,91-100,python,python,True,1.000000,1.000000,1.000000,1.000000,1.000000,1.000000,1.000000,1.000000,1.000000,1.000000,1.000000,1.000000,1.000000,1.000000,1.000000,1.000000,4,1,taipy/core/notification/notifier.py,same_file,1,True,python_ast,python,1.000000,1.000000,,False,,0,0.000000,0.000000,0.000000,0.000000,disabled,1.000000,1.000000
92e91542d15884b0,0%,0,0,0%,0,0,typescript,pygments,False,0.000000,0.500000,0.833333,0.500000,0.833333,0.000000,0.500000,0.250000,0.333333,0.833333,0.500000,0.833333,0.000000,0.666667,0.500000,0.000000,2,2,frontend/taipy-gui/src/components/Taipy/tableUtils.tsx,same_file,4,True,tree_sitter,typescript,0.714286,0.714286,,False,,0,0.000000,0.000000,0.000000,0.000000,disabled,1.000000,0.000000
92af49d30e810798,100%,100,91-100,100%,100,91-100,python,python,True,1.000000,0.000000,0.000000,0.000000,0.000000,1.000000,0.000000,0.000000,0.000000,0.000000,0.000000,0.000000,1.000000,0.000000,1.000000,0.000000,0,1,tools/gui/generate_pyi.py,same_file,1,True,python_ast,python,1.000000,1.000000,,False,,0,0.000000,0.000000,0.000000,0.000000,disabled,1.000000,1.000000
28e3cfd94d593cc9,100%,100,91-100,100%,100,91-100,python,python,True,1.000000,1.000000,1.000000,1.000000,1.000000,1.000000,1.000000,0.404255,0.575758,1.000000,1.000000,1.000000,1.000000,1.000000,0.333333,1.000000,7,3,taipy/core/scenario/scenario.py,same_file,1,True,python_ast,python,1.000000,1.000000,,False,,0,0.000000,0.000000,0.000000,0.000000,disabled,1.000000,1.000000
14bda8f1a59c0fb4,100%,100,91-100,100%,100,91-100,python,python,True,1.000000,1.000000,1.000000,1.000000,1.000000,1.000000,1.000000,0.191489,0.321429,1.000000,1.000000,1.000000,1.000000,1.000000,0.333333,1.000000,3,3,taipy/core/scenario/scenario.py,same_file,1,True,python_ast,python,1.000000,1.000000,,False,,0,0.000000,0.000000,0.000000,0.000000,disabled,1.000000,1.000000
0fdd3f228bfb0859,100%,100,91-100,100%,100,91-100,python,python,True,1.000000,1.000000,1.000000,1.000000,1.000000,1.000000,1.000000,0.404255,0.575758,1.000000,1.000000,1.000000,1.000000,1.000000,0.333333,1.000000,7,3,taipy/core/scenario/scenario.py,same_file,1,True,python_ast,python,1.000000,1.000000,,False,,0,0.000000,0.000000,0.000000,0.000000,disabled,1.000000,1.000000
0251c6982d3ec58c,100%,100,91-100,100%,100,91-100,python,python,True,1.000000,1.000000,1.000000,1.000000,1.000000,1.000000,1.000000,1.000000,1.000000,1.000000,1.000000,1.000000,1.000000,1.000000,1.000000,1.000000,7,1,taipy/core/scenario/scenario.py,same_file,3,True,python_ast,python,1.000000,1.000000,,False,,0,0.000000,0.000000,0.000000,0.000000,disabled,1.000000,1.000000
e98022a7706d791d,100%,100,91-100,100%,100,91-100,python,python,True,1.000000,1.000000,1.000000,1.000000,1.000000,1.000000,1.000000,1.000000,1.000000,1.000000,1.000000,1.000000,1.000000,1.000000,1.000000,1.000000,10,1,taipy/core/config/task_config.py,same_file,1,False,python_ast,python,0.000000,0.000000,SyntaxError: invalid syntax,False,,0,0.000000,0.000000,0.000000,0.000000,disabled,1.000000,1.000000
7f26275adf18ec81,partial,56,51-60,mostly,88,81-90,python,python,False,0.555556,1.000000,1.000000,1.000000,1.000000,0.555556,1.000000,0.425373,0.596859,1.000000,1.000000,1.000000,0.444444,1.000000,0.600000,1.000000,20,15,taipy/core/scenario/scenario.py,same_file,1,True,python_ast,python,1.000000,1.000000,,False,,0,0.000000,0.000000,0.000000,0.000000,disabled,1.000000,0.555600
0d6ab0d93bc4000b,partial,33,31-40,mostly,82,81-90,python,python,False,0.333333,1.000000,1.000000,1.000000,1.000000,0.333333,1.000000,0.294118,0.454545,1.000000,1.000000,1.000000,0.333333,1.000000,0.375000,1.000000,7,8,taipy/core/config/task_config.py,same_file,4,True,python_ast,python,1.000000,1.000000,,False,,0,0.000000,0.000000,0.000000,0.000000,disabled,1.000000,0.333300
0ef4b24222426646,0%,0,0,0%,0,0,python,python,False,0.000000,0.777778,1.000000,0.777778,1.000000,0.000000,0.777778,0.148936,0.250000,1.000000,0.777778,1.000000,0.000000,1.000000,0.333333,0.333333,3,3,taipy/core/scenario/scenario.py,same_file,3,True,python_ast,python,0.714286,0.714286,,False,,0,0.000000,0.000000,0.000000,0.000000,disabled,1.000000,0.000000
24f142df878f8f7b,0%,0,0,0%,0,0,python,python,False,0.000000,0.555556,0.777778,0.555556,0.777778,0.000000,0.555556,0.263158,0.357143,0.777778,0.555556,0.777778,0.000000,0.666667,1.000000,0.333333,3,1,taipy/core/scenario/scenario.py,same_file,4,True,python_ast,python,0.714286,0.714286,,False,,0,0.000000,0.000000,0.000000,0.000000,disabled,1.000000,0.000000
95423be330054edb,0%,0,0,mostly,79,71-80,python,python,False,0.000000,0.170732,0.170732,0.170732,0.170732,0.000000,0.170732,0.933333,0.288660,0.170732,0.170732,0.170732,0.000000,0.158537,0.142857,0.238095,42,1,taipy/core/config/task_config.py,same_file,1,False,python_ast,python,0.000000,0.000000,SyntaxError: invalid syntax,False,,0,0.000000,0.000000,0.000000,0.000000,disabled,1.000000,0.000000
d71b9f11471c9e35,partial,57,51-60,mostly,63,61-70,python,python,False,0.333333,0.675000,0.825000,0.675000,0.825000,0.333333,0.675000,0.428571,0.524272,0.825000,0.675000,0.825000,0.333333,0.675000,0.600000,0.647059,17,10,taipy/core/_entity/_reload.py,neighboring_same_file,4,True,python_ast,python,0.815789,0.815789,,False,,0,0.000000,0.000000,0.000000,0.000000,disabled,1.000000,0.333300
65f7a896309b3301,partial,14,11-20,partial,55,51-60,python,python,False,0.125000,0.928571,0.928571,0.928571,0.928571,0.125000,0.928571,0.590909,0.722222,0.928571,0.928571,0.928571,0.125000,0.928571,0.250000,1.000000,5,2,taipy/core/scenario/scenario.py,same_file,2,True,python_ast,python,1.000000,1.000000,,False,,0,0.000000,0.000000,0.000000,0.000000,disabled,1.000000,0.125000
d1141984f0668287,0%,0,0,mostly,63,61-70,python,python,False,0.000000,0.619048,0.714286,0.619048,0.714286,0.000000,0.619048,0.684211,0.650000,0.714286,0.619048,0.714286,0.000000,0.714286,0.500000,0.666667,6,4,taipy/core/config/checkers/_data_node_config_checker.py,same_file,3,True,python_ast,python,0.500000,0.500000,,False,,0,0.000000,0.000000,0.000000,0.000000,disabled,1.000000,0.000000
4e477643b504f9eb,100%,100,91-100,100%,100,91-100,python,python,True,1.000000,1.000000,1.000000,1.000000,1.000000,1.000000,1.000000,1.000000,1.000000,1.000000,1.000000,1.000000,1.000000,1.000000,1.000000,1.000000,2,2,taipy/core/notification/core_event_consumer.py,same_file,1,True,python_ast,python,1.000000,1.000000,,False,,0,0.000000,0.000000,0.000000,0.000000,disabled,1.000000,1.000000
b55a593369c32c95,100%,100,91-100,100%,100,91-100,python,python,True,1.000000,0.000000,0.000000,0.000000,0.000000,1.000000,0.000000,0.000000,0.000000,0.000000,0.000000,0.000000,1.000000,0.000000,1.000000,0.000000,0,1,taipy/core/notification/core_event_consumer.py,same_file,1,True,python_ast,python,1.000000,1.000000,,False,,0,0.000000,0.000000,0.000000,0.000000,disabled,1.000000,1.000000
bf927b08753b7aa2,100%,100,91-100,100%,100,91-100,python,python,True,1.000000,1.000000,1.000000,1.000000,1.000000,1.000000,1.000000,1.000000,1.000000,1.000000,1.000000,1.000000,1.000000,1.000000,1.000000,1.000000,2,2,taipy/core/notification/core_event_consumer.py,same_file,1,True,python_ast,python,1.000000,1.000000,,False,,0,0.000000,0.000000,0.000000,0.000000,disabled,1.000000,1.000000
c508a48ed9284845,partial,50,41-50,mostly,88,81-90,python,python,False,0.500000,0.666667,0.833333,0.833333,1.000000,0.500000,0.666667,0.666667,0.666667,0.833333,0.833333,1.000000,0.500000,1.000000,1.000000,0.500000,4,2,taipy/core/data/csv.py,same_file,2,True,python_ast,python,1.000000,1.000000,,False,,0,0.000000,0.000000,0.000000,0.000000,disabled,1.000000,0.500000
45e0502b5fcc5f05,100%,100,91-100,100%,100,91-100,python,python,True,1.000000,1.000000,1.000000,1.000000,1.000000,1.000000,1.000000,0.500000,0.666667,1.000000,1.000000,1.000000,1.000000,1.000000,0.500000,1.000000,5,2,taipy/core/data/csv.py,same_file,4,True,python_ast,python,1.000000,1.000000,,False,,0,0.000000,0.000000,0.000000,0.000000,disabled,1.000000,1.000000
be2bc626a39a466a,partial,50,41-50,mostly,88,81-90,python,python,False,0.500000,0.666667,0.833333,0.833333,1.000000,0.500000,0.666667,0.666667,0.666667,0.833333,0.833333,1.000000,0.500000,1.000000,1.000000,0.500000,4,2,taipy/core/data/csv.py,same_file,2,True,python_ast,python,1.000000,1.000000,,False,,0,0.000000,0.000000,0.000000,0.000000,disabled,1.000000,0.500000
371517c44e89f968,100%,100,91-100,100%,100,91-100,python,python,True,1.000000,1.000000,1.000000,1.000000,1.000000,1.000000,1.000000,0.500000,0.666667,1.000000,1.000000,1.000000,1.000000,1.000000,0.500000,1.000000,5,2,taipy/core/data/csv.py,same_file,4,True,python_ast,python,1.000000,1.000000,,False,,0,0.000000,0.000000,0.000000,0.000000,disabled,1.000000,1.000000
b4db2bf99ffe5bc7,100%,90,81-90,mostly,82,81-90,python,python,False,0.000000,0.904762,0.904762,0.904762,0.904762,0.000000,0.904762,1.000000,0.950000,0.904762,0.904762,0.904762,0.000000,0.904762,1.000000,1.000000,6,1,taipy/gui/servers/flask/server.py,same_file,1,False,python_ast,python,0.000000,0.000000,SyntaxError: expected an indented block after 'if' statement on line 2,False,,0,0.000000,0.000000,0.000000,0.000000,disabled,1.000000,0.000000
b6d1d55fafca87be,partial,47,41-50,partial,55,51-60,python,python,False,0.125000,0.622449,0.632653,0.622449,0.632653,0.125000,0.622449,0.983871,0.762500,0.632653,0.622449,0.632653,0.125000,0.632653,0.500000,0.447368,38,4,taipy/common/_cli/_run_cli.py,same_file,1,False,python_ast,python,0.000000,0.000000,SyntaxError: unterminated triple-quoted string literal (detected at line 9),False,,0,0.000000,0.000000,0.000000,0.000000,disabled,1.000000,0.125000
a713007891f6ef51,100%,100,91-100,0%,0,0,python,python,False,0.750000,0.000000,0.000000,0.000000,0.000000,0.750000,0.000000,0.000000,0.000000,0.000000,0.000000,0.000000,0.750000,0.000000,1.000000,0.000000,0,4,taipy/common/_cli/_run_cli.py,same_file,1,False,,,0.000000,0.000000,no supported local structural parser,False,,0,0.000000,0.000000,0.000000,0.000000,disabled,1.000000,0.750000
64494fe4bdd8b4f8,0%,0,0,mostly,82,81-90,python,python,False,0.000000,1.000000,1.000000,1.000000,1.000000,0.000000,0.800000,1.000000,0.888889,0.800000,0.800000,0.800000,0.000000,0.800000,0.142857,1.000000,5,1,taipy/gui/utils/types.py,same_file,3,True,python_ast,python,1.000000,1.000000,,False,,0,0.000000,0.000000,0.000000,0.000000,disabled,1.000000,0.000000
eada7ef30ff0a27d,100%,100,91-100,100%,100,91-100,python,python,True,1.000000,1.000000,1.000000,1.000000,1.000000,1.000000,1.000000,1.000000,1.000000,1.000000,1.000000,1.000000,1.000000,1.000000,1.000000,0.000000,0,1,taipy/gui/gui.py,same_file,1,True,python_ast,python,1.000000,1.000000,,False,,0,0.000000,0.000000,0.000000,0.000000,disabled,1.000000,1.000000
3905e8b98117e3b2,partial,50,41-50,mostly,85,81-90,python,python,False,0.500000,0.500000,0.500000,0.500000,0.500000,0.500000,0.500000,1.000000,0.666667,0.500000,0.500000,0.500000,0.500000,0.500000,1.000000,0.500000,8,2,taipy/gui/_renderers/builder.py,same_file,2,True,python_ast,python,0.588235,0.588235,,False,,0,0.000000,0.000000,0.000000,0.000000,disabled,1.000000,0.500000
f0e6f199b78978b5,partial,50,41-50,mostly,85,81-90,python,python,False,0.500000,0.333333,0.333333,0.333333,0.333333,0.500000,0.333333,1.000000,0.500000,0.333333,0.333333,0.333333,0.500000,0.333333,0.500000,0.333333,12,2,taipy/gui/_renderers/builder.py,same_file,1,True,python_ast,python,0.370370,0.370370,,False,,0,0.000000,0.000000,0.000000,0.000000,disabled,1.000000,0.500000
62c4cacc24155f3d,partial,22,21-30,partial,55,51-60,python,python,False,0.200000,0.666667,0.825397,0.666667,0.825397,0.200000,0.666667,0.688525,0.677419,0.825397,0.666667,0.825397,0.100000,0.634921,0.700000,0.409091,22,7,taipy/gui/gui.py,neighboring_same_file,4,True,python_ast,python,0.872727,0.872727,,False,,0,0.000000,0.000000,0.000000,0.000000,disabled,1.000000,0.200000
ce75c3aa70603fc6,100%,92,91-100,0%,0,0,python,python,False,0.894737,0.000000,0.000000,0.000000,0.000000,0.894737,0.000000,0.000000,0.000000,0.000000,0.000000,0.000000,0.894737,0.000000,0.947368,0.000000,5,18,taipy/gui/utils/filename.py,same_file,2,True,python_ast,python,0.300000,0.300000,,False,,0,0.000000,0.000000,0.000000,0.000000,disabled,1.000000,0.894700
0579e5228718a9b8,0%,0,0,partial,42,41-50,python,python,False,0.000000,0.230769,0.230769,0.384615,0.384615,0.000000,0.230769,0.500000,0.315789,0.230769,0.384615,0.384615,0.000000,0.384615,0.250000,0.000000,5,1,tests/gui/utils/test_filename.py,same_file,1,True,python_ast,python,0.357143,0.357143,,False,,0,0.000000,0.000000,0.000000,0.000000,disabled,1.000000,0.000000
3888bc2d40fb1b91,100%,100,91-100,100%,100,91-100,typescript,pygments,True,1.000000,1.000000,1.000000,1.000000,1.000000,1.000000,1.000000,1.000000,1.000000,1.000000,1.000000,1.000000,1.000000,1.000000,1.000000,1.000000,6,1,frontend/taipy-gui/src/jsx/parser.ts,same_file,3,True,tree_sitter,typescript,1.000000,1.000000,,False,,0,0.000000,0.000000,0.000000,0.000000,disabled,1.000000,1.000000
b5289da2a008b4ca,100%,100,91-100,100%,100,91-100,typescript,pygments,True,1.000000,1.000000,1.000000,1.000000,1.000000,1.000000,1.000000,1.000000,1.000000,1.000000,1.000000,1.000000,1.000000,1.000000,1.000000,1.000000,7,1,frontend/taipy-gui/src/jsx/parser.ts,same_file,3,True,tree_sitter,typescript,1.000000,1.000000,,False,,0,0.000000,0.000000,0.000000,0.000000,disabled,1.000000,1.000000
2f751deffa44665c,0%,0,0,partial,53,51-60,typescript,pygments,False,0.000000,0.407407,0.703704,0.407407,0.703704,0.000000,0.407407,0.379310,0.392857,0.703704,0.407407,0.703704,0.000000,0.481481,0.500000,0.200000,10,2,frontend/taipy-gui/src/components/Taipy/Input.tsx,neighboring_same_file,3,True,tree_sitter,typescript,0.565217,0.565217,,False,,0,0.000000,0.000000,0.000000,0.000000,disabled,1.000000,0.000000
550a24bf9816320f,100%,100,91-100,100%,100,91-100,python,python,True,1.000000,1.000000,1.000000,1.000000,1.000000,1.000000,1.000000,0.315789,0.480000,1.000000,1.000000,1.000000,1.000000,1.000000,0.250000,1.000000,2,4,taipy/gui/gui.py,same_file,2,True,python_ast,python,1.000000,1.000000,,False,,0,0.000000,0.000000,0.000000,0.000000,disabled,1.000000,1.000000
0baffd74a142fcbc,100%,100,91-100,100%,100,91-100,python,python,True,1.000000,1.000000,1.000000,1.000000,1.000000,1.000000,1.000000,0.315789,0.480000,1.000000,1.000000,1.000000,1.000000,1.000000,0.250000,1.000000,2,4,taipy/gui/gui.py,same_file,2,True,python_ast,python,1.000000,1.000000,,False,,0,0.000000,0.000000,0.000000,0.000000,disabled,1.000000,1.000000
e40b4763129d634b,0%,0,0,partial,33,31-40,python,python,False,0.000000,0.228571,0.371429,0.285714,0.428571,0.000000,0.228571,0.333333,0.271186,0.371429,0.285714,0.428571,0.000000,0.371429,0.750000,0.000000,11,4,taipy/gui_core/_adapters.py,same_file,2,True,python_ast,python,0.444444,0.444444,,False,,0,0.000000,0.000000,0.000000,0.000000,disabled,1.000000,0.000000
846b4ab48984b353,partial,50,41-50,mostly,75,71-80,text,pygments,False,0.750000,0.666667,0.888889,0.666667,0.888889,0.500000,0.666667,0.285714,0.400000,0.888889,0.666667,0.888889,0.250000,0.777778,0.444444,0.000000,2,9,src/Avalonia.Controls/Window.cs,neighboring_same_file,4,False,,,0.000000,0.000000,no supported local structural parser,False,,0,0.000000,0.000000,0.000000,0.000000,disabled,1.000000,0.750000
2eaf9af091aad0ae,0%,0,0,0%,0,0,text,pygments,False,0.000000,0.333333,0.666667,0.333333,0.666667,0.000000,0.333333,0.190476,0.242424,0.666667,0.333333,0.666667,0.000000,0.583333,1.000000,0.200000,5,1,src/Avalonia.Input/DragDropDevice.cs,same_file,1,False,,,0.000000,0.000000,no supported local structural parser,False,,0,0.000000,0.000000,0.000000,0.000000,disabled,1.000000,0.000000
f6b74317b67ccbe7,100%,95,91-100,mostly,81,81-90,text,pygments,False,0.500000,0.846154,0.923077,0.846154,0.923077,0.500000,0.846154,0.916667,0.880000,0.923077,0.846154,0.923077,0.500000,0.923077,1.000000,0.800000,5,2,src/Avalonia.Input/Cursors.cs,same_file,2,False,,,0.000000,0.000000,no supported local structural parser,False,,0,0.000000,0.000000,0.000000,0.000000,disabled,1.000000,0.500000
1dab8f6fc6b000ed,100%,100,91-100,100%,100,91-100,text,pygments,True,1.000000,1.000000,1.000000,1.000000,1.000000,1.000000,1.000000,0.043478,0.083333,1.000000,1.000000,1.000000,1.000000,1.000000,0.043478,1.000000,5,23,src/Avalonia.Controls.DataGrid/DataGrid.cs,same_file,1,False,,,0.000000,0.000000,no supported local structural parser,False,,0,0.000000,0.000000,0.000000,0.000000,disabled,1.000000,1.000000
51e05b6234fbea41,100%,100,91-100,100%,100,91-100,text,pygments,True,1.000000,1.000000,1.000000,1.000000,1.000000,1.000000,1.000000,1.000000,1.000000,1.000000,1.000000,1.000000,1.000000,1.000000,1.000000,1.000000,3,1,src/Avalonia.Controls/Presenters/ItemsPresenter.cs,same_file,1,False,,,0.000000,0.000000,no supported local structural parser,False,,0,0.000000,0.000000,0.000000,0.000000,disabled,1.000000,1.000000
4fa406908107a901,100%,100,91-100,100%,100,91-100,text,pygments,True,1.000000,1.000000,1.000000,1.000000,1.000000,1.000000,1.000000,1.000000,1.000000,1.000000,1.000000,1.000000,1.000000,1.000000,1.000000,1.000000,5,1,src/Avalonia.Controls/Presenters/ScrollContentPresenter.cs,same_file,1,False,,,0.000000,0.000000,no supported local structural parser,False,,0,0.000000,0.000000,0.000000,0.000000,disabled,1.000000,1.000000
623872437a4e229f,100%,100,91-100,100%,100,91-100,text,pygments,True,1.000000,1.000000,1.000000,1.000000,1.000000,1.000000,1.000000,1.000000,1.000000,1.000000,1.000000,1.000000,1.000000,1.000000,1.000000,1.000000,2,1,tests/Avalonia.Controls.UnitTests/GridTests.cs,same_file,2,False,,,0.000000,0.000000,no supported local structural parser,False,,0,0.000000,0.000000,0.000000,0.000000,disabled,1.000000,1.000000
eb526b16c12db93c,100%,100,91-100,100%,100,91-100,text,pygments,True,1.000000,1.000000,1.000000,1.000000,1.000000,1.000000,1.000000,1.000000,1.000000,1.000000,1.000000,1.000000,1.000000,1.000000,1.000000,1.000000,2,1,tests/Avalonia.Controls.UnitTests/GridTests.cs,same_file,2,False,,,0.000000,0.000000,no supported local structural parser,False,,0,0.000000,0.000000,0.000000,0.000000,disabled,1.000000,1.000000
e454b956cfe921f6,100%,100,91-100,100%,100,91-100,text,pygments,True,1.000000,1.000000,1.000000,1.000000,1.000000,1.000000,1.000000,1.000000,1.000000,1.000000,1.000000,1.000000,1.000000,1.000000,1.000000,1.000000,2,1,tests/Avalonia.Controls.UnitTests/GridTests.cs,same_file,2,False,,,0.000000,0.000000,no supported local structural parser,False,,0,0.000000,0.000000,0.000000,0.000000,disabled,1.000000,1.000000
1b42827b0d4d471a,100%,100,91-100,100%,100,91-100,text,pygments,True,1.000000,1.000000,1.000000,1.000000,1.000000,1.000000,1.000000,1.000000,1.000000,1.000000,1.000000,1.000000,1.000000,1.000000,1.000000,1.000000,2,1,tests/Avalonia.Controls.UnitTests/GridTests.cs,same_file,2,False,,,0.000000,0.000000,no supported local structural parser,False,,0,0.000000,0.000000,0.000000,0.000000,disabled,1.000000,1.000000
5782972cb1992046,100%,100,91-100,100%,100,91-100,text,pygments,True,1.000000,1.000000,1.000000,1.000000,1.000000,1.000000,1.000000,1.000000,1.000000,1.000000,1.000000,1.000000,1.000000,1.000000,1.000000,1.000000,2,1,tests/Avalonia.Controls.UnitTests/GridTests.cs,same_file,2,False,,,0.000000,0.000000,no supported local structural parser,False,,0,0.000000,0.000000,0.000000,0.000000,disabled,1.000000,1.000000
8f7c420d8f69830f,100%,100,91-100,100%,100,91-100,text,pygments,True,1.000000,1.000000,1.000000,1.000000,1.000000,1.000000,1.000000,1.000000,1.000000,1.000000,1.000000,1.000000,1.000000,1.000000,1.000000,1.000000,2,1,tests/Avalonia.Controls.UnitTests/GridTests.cs,same_file,2,False,,,0.000000,0.000000,no supported local structural parser,False,,0,0.000000,0.000000,0.000000,0.000000,disabled,1.000000,1.000000
3bc56892b995eca2,100%,100,91-100,100%,100,91-100,text,pygments,True,1.000000,1.000000,1.000000,1.000000,1.000000,1.000000,1.000000,1.000000,1.000000,1.000000,1.000000,1.000000,1.000000,1.000000,1.000000,1.000000,2,1,tests/Avalonia.Controls.UnitTests/GridTests.cs,same_file,2,False,,,0.000000,0.000000,no supported local structural parser,False,,0,0.000000,0.000000,0.000000,0.000000,disabled,1.000000,1.000000
5977c4e3de7de98f,100%,100,91-100,100%,100,91-100,text,pygments,True,1.000000,1.000000,1.000000,1.000000,1.000000,1.000000,1.000000,1.000000,1.000000,1.000000,1.000000,1.000000,1.000000,1.000000,1.000000,1.000000,2,1,tests/Avalonia.Controls.UnitTests/GridTests.cs,same_file,2,False,,,0.000000,0.000000,no supported local structural parser,False,,0,0.000000,0.000000,0.000000,0.000000,disabled,1.000000,1.000000
59ff29fe225ef86c,100%,100,91-100,100%,100,91-100,text,pygments,True,1.000000,1.000000,1.000000,1.000000,1.000000,1.000000,1.000000,1.000000,1.000000,1.000000,1.000000,1.000000,1.000000,1.000000,1.000000,1.000000,2,1,tests/Avalonia.Controls.UnitTests/GridTests.cs,same_file,2,False,,,0.000000,0.000000,no supported local structural parser,False,,0,0.000000,0.000000,0.000000,0.000000,disabled,1.000000,1.000000
0aa133d668c110ad,100%,100,91-100,100%,100,91-100,text,pygments,True,1.000000,1.000000,1.000000,1.000000,1.000000,1.000000,1.000000,1.000000,1.000000,1.000000,1.000000,1.000000,1.000000,1.000000,1.000000,1.000000,2,1,tests/Avalonia.Controls.UnitTests/GridTests.cs,same_file,2,False,,,0.000000,0.000000,no supported local structural parser,False,,0,0.000000,0.000000,0.000000,0.000000,disabled,1.000000,1.000000
ed9347abad319069,100%,100,91-100,100%,100,91-100,text,pygments,True,1.000000,1.000000,1.000000,1.000000,1.000000,1.000000,1.000000,1.000000,1.000000,1.000000,1.000000,1.000000,1.000000,1.000000,1.000000,1.000000,2,1,tests/Avalonia.Controls.UnitTests/GridTests.cs,same_file,2,False,,,0.000000,0.000000,no supported local structural parser,False,,0,0.000000,0.000000,0.000000,0.000000,disabled,1.000000,1.000000
44483e5a0ed5b621,100%,100,91-100,100%,100,91-100,text,pygments,True,1.000000,1.000000,1.000000,1.000000,1.000000,1.000000,1.000000,1.000000,1.000000,1.000000,1.000000,1.000000,1.000000,1.000000,1.000000,1.000000,2,1,tests/Avalonia.Controls.UnitTests/GridTests.cs,same_file,2,False,,,0.000000,0.000000,no supported local structural parser,False,,0,0.000000,0.000000,0.000000,0.000000,disabled,1.000000,1.000000
8d278119fc357d35,100%,100,91-100,100%,100,91-100,text,pygments,True,1.000000,1.000000,1.000000,1.000000,1.000000,1.000000,1.000000,1.000000,1.000000,1.000000,1.000000,1.000000,1.000000,1.000000,1.000000,1.000000,8,1,tests/Avalonia.Controls.UnitTests/GridTests.cs,same_file,1,False,,,0.000000,0.000000,no supported local structural parser,False,,0,0.000000,0.000000,0.000000,0.000000,disabled,1.000000,1.000000
6bf4fdc41f3626b9,100%,100,91-100,100%,100,91-100,text,regex,True,1.000000,1.000000,1.000000,1.000000,1.000000,1.000000,1.000000,0.333333,0.500000,1.000000,1.000000,1.000000,1.000000,1.000000,0.250000,1.000000,16,4,src/Windows/Avalonia.Win32/Win32Platform.cs,same_file,1,False,,,0.000000,0.000000,no supported local structural parser,False,,0,0.000000,0.000000,0.000000,0.000000,disabled,1.000000,1.000000
a866772d57f9fefc,100%,100,91-100,100%,100,91-100,text,regex,True,1.000000,1.000000,1.000000,1.000000,1.000000,1.000000,1.000000,0.166667,0.285714,1.000000,1.000000,1.000000,1.000000,1.000000,0.250000,1.000000,8,4,src/Windows/Avalonia.Win32/Win32Platform.cs,same_file,1,False,,,0.000000,0.000000,no supported local structural parser,False,,0,0.000000,0.000000,0.000000,0.000000,disabled,1.000000,1.000000
dc90eee385582567,100%,100,91-100,100%,100,91-100,text,regex,True,1.000000,1.000000,1.000000,1.000000,1.000000,1.000000,1.000000,0.309524,0.472727,1.000000,1.000000,1.000000,1.000000,1.000000,0.250000,1.000000,16,4,src/Windows/Avalonia.Win32/Win32Platform.cs,same_file,1,False,,,0.000000,0.000000,no supported local structural parser,False,,0,0.000000,0.000000,0.000000,0.000000,disabled,1.000000,1.000000
dbb77593da163357,100%,100,91-100,100%,100,91-100,text,regex,True,1.000000,1.000000,1.000000,1.000000,1.000000,1.000000,1.000000,0.190476,0.320000,1.000000,1.000000,1.000000,1.000000,1.000000,0.250000,1.000000,7,4,src/Windows/Avalonia.Win32/Win32Platform.cs,same_file,1,False,,,0.000000,0.000000,no supported local structural parser,False,,0,0.000000,0.000000,0.000000,0.000000,disabled,1.000000,1.000000
b478b0114b7b717b,100%,100,91-100,100%,100,91-100,text,regex,True,1.000000,1.000000,1.000000,1.000000,1.000000,1.000000,1.000000,0.263636,0.417266,1.000000,1.000000,1.000000,1.000000,1.000000,0.200000,1.000000,16,5,src/Avalonia.X11/X11Platform.cs,same_file,2,False,,,0.000000,0.000000,no supported local structural parser,False,,0,0.000000,0.000000,0.000000,0.000000,disabled,1.000000,1.000000
830ccdef2a8b69dc,100%,100,91-100,100%,100,91-100,text,regex,True,1.000000,1.000000,1.000000,1.000000,1.000000,1.000000,1.000000,0.650000,0.787879,1.000000,1.000000,1.000000,1.000000,1.000000,0.500000,1.000000,16,2,src/Avalonia.Native/AvaloniaNativePlatformExtensions.cs,same_file,1,False,,,0.000000,0.000000,no supported local structural parser,False,,0,0.000000,0.000000,0.000000,0.000000,disabled,1.000000,1.000000
11b90bc72b804db0,100%,100,91-100,100%,100,91-100,text,regex,True,1.000000,1.000000,1.000000,1.000000,1.000000,1.000000,1.000000,0.236364,0.382353,1.000000,1.000000,1.000000,1.000000,1.000000,0.200000,1.000000,16,5,src/Avalonia.X11/X11Platform.cs,same_file,2,False,,,0.000000,0.000000,no supported local structural parser,False,,0,0.000000,0.000000,0.000000,0.000000,disabled,1.000000,1.000000
b2335d0978cbd91d,100%,100,91-100,100%,100,91-100,text,regex,True,1.000000,1.000000,1.000000,1.000000,1.000000,1.000000,1.000000,0.127273,0.225806,1.000000,1.000000,1.000000,1.000000,1.000000,0.200000,1.000000,8,5,src/Avalonia.X11/X11Platform.cs,same_file,2,False,,,0.000000,0.000000,no supported local structural parser,False,,0,0.000000,0.000000,0.000000,0.000000,disabled,1.000000,1.000000
a54e386feb16181c,100%,100,91-100,100%,100,91-100,text,regex,True,1.000000,1.000000,1.000000,1.000000,1.000000,1.000000,1.000000,0.350000,0.518519,1.000000,1.000000,1.000000,1.000000,1.000000,0.500000,1.000000,8,2,src/Avalonia.Native/AvaloniaNativePlatformExtensions.cs,same_file,1,False,,,0.000000,0.000000,no supported local structural parser,False,,0,0.000000,0.000000,0.000000,0.000000,disabled,1.000000,1.000000
05ba26bb49e11e71,100%,100,91-100,100%,100,91-100,text,pygments,True,1.000000,1.000000,1.000000,1.000000,1.000000,1.000000,1.000000,1.000000,1.000000,1.000000,1.000000,1.000000,1.000000,1.000000,1.000000,1.000000,2,1,src/Avalonia.Controls/AutoCompleteBox.cs,same_file,1,False,,,0.000000,0.000000,no supported local structural parser,False,,0,0.000000,0.000000,0.000000,0.000000,disabled,1.000000,1.000000
c380562766d7d5b0,100%,100,91-100,100%,100,91-100,text,pygments,True,1.000000,1.000000,1.000000,1.000000,1.000000,1.000000,1.000000,1.000000,1.000000,1.000000,1.000000,1.000000,1.000000,1.000000,1.000000,1.000000,10,2,src/Avalonia.Base/Input/GestureRecognizers/ScrollGestureRecognizer.cs,same_file,2,False,,,0.000000,0.000000,no supported local structural parser,False,,0,0.000000,0.000000,0.000000,0.000000,disabled,1.000000,1.000000
5cb486a390dd0539,100%,100,91-100,100%,100,91-100,text,pygments,True,1.000000,1.000000,1.000000,1.000000,1.000000,1.000000,1.000000,1.000000,1.000000,1.000000,1.000000,1.000000,1.000000,1.000000,1.000000,1.000000,3,1,src/Avalonia.Controls/Control.cs,same_file,1,False,,,0.000000,0.000000,no supported local structural parser,False,,0,0.000000,0.000000,0.000000,0.000000,disabled,1.000000,1.000000
eb2aff6c652f7dc8,0%,0,0,0%,0,0,text,pygments,False,0.000000,0.044118,0.426471,0.044118,0.426471,0.000000,0.044118,0.046154,0.045113,0.426471,0.044118,0.426471,0.000000,0.411765,0.615385,0.000000,20,13,src/Avalonia.Base/Input/InputElement.cs,neighboring_same_file,4,False,,,0.000000,0.000000,no supported local structural parser,False,,0,0.000000,0.000000,0.000000,0.000000,disabled,1.000000,0.000000
fa424fdd3b169ea1,100%,100,91-100,100%,100,91-100,text,pygments,True,1.000000,1.000000,1.000000,1.000000,1.000000,1.000000,1.000000,1.000000,1.000000,1.000000,1.000000,1.000000,1.000000,1.000000,1.000000,1.000000,2,1,src/Avalonia.Base/Animation/Animators/GradientBrushAnimator.cs,same_file,1,False,,,0.000000,0.000000,no supported local structural parser,False,,0,0.000000,0.000000,0.000000,0.000000,disabled,1.000000,1.000000
78ae847b6016675b,100%,100,91-100,100%,100,91-100,text,pygments,True,1.000000,1.000000,1.000000,1.000000,1.000000,1.000000,1.000000,1.000000,1.000000,1.000000,1.000000,1.000000,1.000000,1.000000,1.000000,1.000000,9,1,src/Markup/Avalonia.Markup.Xaml.Loader/CompilerExtensions/XamlIlBindingPathHelper.cs,same_file,1,False,,,0.000000,0.000000,no supported local structural parser,False,,0,0.000000,0.000000,0.000000,0.000000,disabled,1.000000,1.000000
9c9ed28d5a3be23c,100%,100,91-100,100%,100,91-100,text,pygments,True,1.000000,1.000000,1.000000,1.000000,1.000000,1.000000,1.000000,0.109091,0.196721,1.000000,1.000000,1.000000,1.000000,1.000000,0.045455,1.000000,7,22,src/Avalonia.Base/Input/GestureRecognizers/GestureRecognizer.cs,same_file,1,False,,,0.000000,0.000000,no supported local structural parser,False,,0,0.000000,0.000000,0.000000,0.000000,disabled,1.000000,1.000000
d698b5323c524d8a,100%,100,91-100,100%,100,91-100,text,pygments,True,1.000000,1.000000,1.000000,1.000000,1.000000,1.000000,1.000000,1.000000,1.000000,1.000000,1.000000,1.000000,1.000000,1.000000,1.000000,1.000000,5,1,src/Windows/Avalonia.Win32/OpenGl/Angle/AngleWin32EglDisplay.cs,same_file,3,False,,,0.000000,0.000000,no supported local structural parser,False,,0,0.000000,0.000000,0.000000,0.000000,disabled,1.000000,1.000000
50438859f75d4a51,0%,0,0,0%,0,0,text,pygments,False,0.000000,0.188679,0.471698,0.188679,0.471698,0.000000,0.188679,0.123457,0.149254,0.471698,0.188679,0.471698,0.000000,0.433962,0.714286,0.071429,14,14,src/Markup/Avalonia.Markup.Xaml.Loader/CompilerExtensions/Transformers/AvaloniaXamlIlControlTemplatePartsChecker.cs,same_file,1,False,,,0.000000,0.000000,no supported local structural parser,False,,0,0.000000,0.000000,0.000000,0.000000,disabled,1.000000,0.000000
88b933d51c80ba08,mostly,67,61-70,mostly,85,81-90,text,pygments,False,0.666667,0.869565,0.869565,0.869565,0.869565,0.666667,0.869565,1.000000,0.930233,0.869565,0.869565,0.869565,0.666667,0.869565,0.666667,0.833333,6,2,src/Android/Avalonia.Android/AvaloniaView.cs,same_file,1,False,,,0.000000,0.000000,no supported local structural parser,False,,0,0.000000,0.000000,0.000000,0.000000,disabled,1.000000,0.666700
e1dfed92000927c8,100%,100,91-100,100%,100,91-100,text,pygments,True,1.000000,1.000000,1.000000,1.000000,1.000000,1.000000,1.000000,1.000000,1.000000,1.000000,1.000000,1.000000,1.000000,1.000000,1.000000,1.000000,4,1,src/Avalonia.Controls/NumericUpDown/NumericUpDown.cs,same_file,1,False,,,0.000000,0.000000,no supported local structural parser,False,,0,0.000000,0.000000,0.000000,0.000000,disabled,1.000000,1.000000
fdfa3d8a0d5b16de,partial,59,51-60,partial,55,51-60,text,pygments,False,0.125000,0.718750,0.796875,0.718750,0.796875,0.125000,0.625000,0.666667,0.645161,0.750000,0.625000,0.750000,0.125000,0.593750,0.875000,0.692308,26,7,src/Avalonia.Base/Utilities/WeakEvent.cs,neighboring_same_file,6,False,,,0.000000,0.000000,no supported local structural parser,False,,0,0.000000,0.000000,0.000000,0.000000,disabled,1.000000,0.125000
adc978da92e8bafc,100%,100,91-100,100%,100,91-100,text,pygments,True,1.000000,1.000000,1.000000,1.000000,1.000000,1.000000,1.000000,1.000000,1.000000,1.000000,1.000000,1.000000,1.000000,1.000000,1.000000,1.000000,6,1,tests/Avalonia.Skia.UnitTests/Media/TextFormatting/TextLineTests.cs,same_file,1,False,,,0.000000,0.000000,no supported local structural parser,False,,0,0.000000,0.000000,0.000000,0.000000,disabled,1.000000,1.000000
50e622f07ba65551,0%,0,0,partial,53,51-60,text,pygments,False,0.000000,0.400000,0.600000,0.400000,0.600000,0.000000,0.400000,0.571429,0.470588,0.600000,0.400000,0.600000,0.000000,0.600000,1.000000,0.250000,4,1,src/Avalonia.Native/TopLevelImpl.cs,same_file,2,False,,,0.000000,0.000000,no supported local structural parser,False,,0,0.000000,0.000000,0.000000,0.000000,disabled,1.000000,0.000000
db021ba9e6e9cdec,0%,0,0,0%,0,0,text,pygments,False,0.000000,0.066667,0.366667,0.100000,0.400000,0.000000,0.066667,0.090909,0.076923,0.366667,0.100000,0.400000,0.000000,0.300000,1.000000,0.000000,18,1,src/tools/Avalonia.Generators/NameGenerator/NameGeneratorDiagnostics.cs,same_file,1,False,,,0.000000,0.000000,no supported local structural parser,False,,0,0.000000,0.000000,0.000000,0.000000,disabled,1.000000,0.000000
ba96684ae0cd14b3,100%,100,91-100,100%,100,91-100,text,pygments,True,1.000000,1.000000,1.000000,1.000000,1.000000,1.000000,1.000000,1.000000,1.000000,1.000000,1.000000,1.000000,1.000000,1.000000,1.000000,1.000000,11,2,src/Avalonia.Base/Utilities/StringSplitter.cs,same_file,4,False,,,0.000000,0.000000,no supported local structural parser,False,,0,0.000000,0.000000,0.000000,0.000000,disabled,1.000000,1.000000
0fba7fe81be12fd2,100%,100,91-100,100%,100,91-100,text,pygments,True,1.000000,1.000000,1.000000,1.000000,1.000000,1.000000,1.000000,1.000000,1.000000,1.000000,1.000000,1.000000,1.000000,1.000000,1.000000,1.000000,3,1,src/Avalonia.Base/Utilities/StringSplitter.cs,same_file,3,False,,,0.000000,0.000000,no supported local structural parser,False,,0,0.000000,0.000000,0.000000,0.000000,disabled,1.000000,1.000000
c348b51c89e4b252,partial,11,11-20,partial,55,51-60,text,pygments,False,0.071429,0.433962,0.735849,0.433962,0.735849,0.071429,0.433962,0.460000,0.446602,0.735849,0.433962,0.735849,0.071429,0.528302,0.857143,0.200000,20,12,src/Avalonia.Controls/TabControl.cs,neighboring_same_file,4,False,,,0.000000,0.000000,no supported local structural parser,False,,0,0.000000,0.000000,0.000000,0.000000,disabled,1.000000,0.071400
479c1d9c9b5843d2,100%,100,91-100,100%,100,91-100,text,pygments,True,1.000000,1.000000,1.000000,1.000000,1.000000,1.000000,1.000000,1.000000,1.000000,1.000000,1.000000,1.000000,1.000000,1.000000,1.000000,1.000000,3,1,src/Avalonia.Controls/Primitives/AdornerHelper.cs,same_file,1,False,,,0.000000,0.000000,no supported local structural parser,False,,0,0.000000,0.000000,0.000000,0.000000,disabled,1.000000,1.000000
4a615fad9ebfe9f7,partial,8,1-10,mostly,65,61-70,text,pygments,False,0.000000,0.394737,0.447368,0.407895,0.447368,0.000000,0.394737,0.769231,0.521739,0.447368,0.407895,0.447368,0.000000,0.421053,0.333333,0.454545,33,4,src/Avalonia.Controls/Primitives/AdornerHelper.cs,same_file,1,False,,,0.000000,0.000000,no supported local structural parser,False,,0,0.000000,0.000000,0.000000,0.000000,disabled,1.000000,0.000000
37599b494b6a40cd,100%,100,91-100,100%,100,91-100,typescript,regex,True,1.000000,1.000000,1.000000,1.000000,1.000000,1.000000,1.000000,1.000000,1.000000,1.000000,1.000000,1.000000,1.000000,1.000000,1.000000,1.000000,14,1,eng/tools/summarize-impact/src/cli.ts,same_file,1,True,tree_sitter,typescript,1.000000,1.000000,,False,,0,0.000000,0.000000,0.000000,0.000000,disabled,1.000000,1.000000
e778bcb450cfb3c5,0%,0,0,mostly,64,61-70,javascript,pygments,False,0.000000,0.360000,0.440000,0.400000,0.480000,0.000000,0.360000,0.750000,0.486486,0.440000,0.400000,0.480000,0.000000,0.480000,0.500000,0.200000,10,2,.github/shared/test/swagger.test.js,same_file,1,True,tree_sitter,javascript,0.541667,0.541667,,False,,0,0.000000,0.000000,0.000000,0.000000,disabled,1.000000,0.000000
21599aa7049e8f9a,partial,45,41-50,mostly,78,71-80,javascript,pygments,False,0.000000,0.297297,0.297297,0.324324,0.324324,0.000000,0.297297,0.916667,0.448980,0.297297,0.324324,0.324324,0.000000,0.324324,1.000000,0.266667,15,2,.github/shared/test/swagger.test.js,same_file,2,True,tree_sitter,javascript,0.361111,0.361111,,False,,0,0.000000,0.000000,0.000000,0.000000,disabled,1.000000,0.000000
67b05fe93e9b5ff5,partial,50,41-50,mostly,85,81-90,javascript,pygments,False,0.500000,0.363636,0.363636,0.363636,0.363636,0.500000,0.363636,1.000000,0.533333,0.363636,0.363636,0.363636,0.500000,0.363636,0.500000,0.384615,13,1,.github/shared/test/tag.test.js,same_file,1,True,tree_sitter,javascript,0.406250,0.406250,,False,,0,0.000000,0.000000,0.000000,0.000000,disabled,1.000000,0.500000
8ad66a4c4af442e3,100%,100,91-100,100%,100,91-100,javascript,pygments,True,1.000000,1.000000,1.000000,1.000000,1.000000,1.000000,1.000000,1.000000,1.000000,1.000000,1.000000,1.000000,1.000000,1.000000,0.500000,1.000000,5,2,.github/shared/test/swagger.test.js,same_file,1,True,tree_sitter,javascript,1.000000,1.000000,,False,,0,0.000000,0.000000,0.000000,0.000000,disabled,1.000000,1.000000
69315ddc9eef0d8b,partial,50,41-50,0%,0,0,javascript,pygments,False,0.500000,0.000000,0.280000,0.000000,0.280000,0.500000,0.000000,0.000000,0.000000,0.280000,0.000000,0.280000,0.500000,0.280000,0.500000,0.000000,10,1,.github/shared/test/swagger.test.js,same_file,2,True,tree_sitter,javascript,0.080000,0.080000,,False,,0,0.000000,0.000000,0.000000,0.000000,disabled,1.000000,0.500000
97a5cc4ecd525a63,0%,0,0,mostly,82,81-90,javascript,pygments,False,0.000000,0.629630,0.629630,0.629630,0.629630,0.000000,0.629630,1.000000,0.772727,0.629630,0.629630,0.629630,0.000000,0.629630,1.000000,0.454545,11,1,.github/shared/test/changed-files.test.js,same_file,2,True,tree_sitter,javascript,1.000000,1.000000,,False,,0,0.000000,0.000000,0.000000,0.000000,disabled,1.000000,0.000000
102c7e9c48bc1ba8,100%,100,91-100,100%,100,91-100,typescript,pygments,True,1.000000,1.000000,1.000000,1.000000,1.000000,1.000000,1.000000,1.000000,1.000000,1.000000,1.000000,1.000000,1.000000,1.000000,1.000000,1.000000,5,2,eng/tools/openapi-diff-runner/src/utils/oad-message-processor.ts,same_file,2,True,tree_sitter,typescript,1.000000,1.000000,,False,,0,0.000000,0.000000,0.000000,0.000000,disabled,1.000000,1.000000
9bc7850418e2a338,partial,45,41-50,mostly,78,71-80,python,python,False,0.000000,0.933333,0.933333,0.933333,0.933333,0.000000,0.866667,0.764706,0.812500,0.866667,0.866667,0.866667,0.000000,0.866667,1.000000,1.000000,6,1,chia/server/address_manager.py,same_file,5,True,python_ast,python,0.833333,0.833333,,False,,0,0.000000,0.000000,0.000000,0.000000,disabled,1.000000,0.000000
174e9e9f96df07a4,100%,100,91-100,100%,100,91-100,python,python,True,1.000000,1.000000,1.000000,1.000000,1.000000,1.000000,1.000000,1.000000,1.000000,1.000000,1.000000,1.000000,1.000000,1.000000,1.000000,1.000000,5,1,chia/_tests/core/mempool/test_mempool_manager.py,same_file,1,True,python_ast,python,1.000000,1.000000,,False,,0,0.000000,0.000000,0.000000,0.000000,disabled,1.000000,1.000000
eb8760ce8ccec3fc,partial,50,41-50,mostly,88,81-90,python,python,False,0.500000,0.909091,1.000000,0.909091,1.000000,0.500000,0.909091,0.810811,0.857143,1.000000,0.909091,1.000000,0.500000,1.000000,1.000000,0.750000,12,2,chia/data_layer/data_store.py,neighboring_same_file,4,True,python_ast,python,1.000000,1.000000,,False,,0,0.000000,0.000000,0.000000,0.000000,disabled,1.000000,0.500000
1139f05c331c9ca3,partial,38,31-40,mostly,82,81-90,python,python,False,0.000000,1.000000,1.000000,1.000000,1.000000,0.000000,1.000000,0.124324,0.221154,1.000000,1.000000,1.000000,0.000000,1.000000,0.217391,1.000000,8,23,chia/data_layer/data_store.py,same_file,2,True,python_ast,python,1.000000,1.000000,,False,,0,0.000000,0.000000,0.000000,0.000000,disabled,1.000000,0.000000
5a6def6d4b2db1aa,0%,0,0,0%,0,0,python,python,False,0.000000,0.303030,0.545455,0.363636,0.606061,0.000000,0.303030,0.161290,0.210526,0.545455,0.363636,0.606061,0.000000,0.484848,0.125000,0.000000,10,8,chia/_tests/util/coin_store.py,same_file,2,True,python_ast,python,0.387097,0.387097,,False,,0,0.000000,0.000000,0.000000,0.000000,disabled,1.000000,0.000000
c56b40bc80015693,0%,0,0,mostly,78,71-80,python,python,False,0.000000,0.742857,0.971429,0.742857,0.971429,0.000000,0.742857,0.123810,0.212245,0.971429,0.742857,0.971429,0.000000,0.885714,0.117647,0.611111,18,17,chia/_tests/blockchain/test_blockchain.py,same_file,2,False,python_ast,python,0.000000,0.000000,SyntaxError: unterminated string literal (detected at line 2),False,,0,0.000000,0.000000,0.000000,0.000000,disabled,1.000000,0.000000
37b4751e92b63ebc,0%,0,0,0%,0,0,python,python,False,0.000000,0.727273,0.909091,0.727273,0.909091,0.000000,0.636364,0.132075,0.218750,0.909091,0.636364,0.909091,0.000000,0.909091,0.200000,0.250000,4,5,chia/_tests/util/spend_sim.py,same_file,3,True,python_ast,python,0.888889,0.888889,,False,,0,0.000000,0.000000,0.000000,0.000000,disabled,1.000000,0.000000
1dfe8ef727cd861c,100%,100,91-100,100%,100,91-100,python,python,True,1.000000,1.000000,1.000000,1.000000,1.000000,1.000000,1.000000,1.000000,1.000000,1.000000,1.000000,1.000000,1.000000,1.000000,1.000000,1.000000,9,1,chia/full_node/coin_store.py,same_file,1,True,python_ast,python,1.000000,1.000000,,False,,0,0.000000,0.000000,0.000000,0.000000,disabled,1.000000,1.000000
234f2ea0d1a6b0d6,100%,100,91-100,100%,100,91-100,python,python,True,1.000000,1.000000,1.000000,1.000000,1.000000,1.000000,1.000000,1.000000,1.000000,1.000000,1.000000,1.000000,1.000000,1.000000,1.000000,1.000000,4,2,chia/consensus/coin_store_protocol.py,same_file,2,True,python_ast,python,1.000000,1.000000,,False,,0,0.000000,0.000000,0.000000,0.000000,disabled,1.000000,1.000000
f9ea9ec2424bca43,100%,100,91-100,100%,100,91-100,python,python,True,1.000000,1.000000,1.000000,1.000000,1.000000,1.000000,1.000000,1.000000,1.000000,1.000000,1.000000,1.000000,1.000000,1.000000,1.000000,1.000000,4,2,chia/consensus/coin_store_protocol.py,same_file,4,True,python_ast,python,1.000000,1.000000,,False,,0,0.000000,0.000000,0.000000,0.000000,disabled,1.000000,1.000000
476b92009d3c79d0,100%,100,91-100,100%,100,91-100,python,python,True,1.000000,1.000000,1.000000,1.000000,1.000000,1.000000,1.000000,1.000000,1.000000,1.000000,1.000000,1.000000,1.000000,1.000000,1.000000,1.000000,4,2,chia/consensus/coin_store_protocol.py,same_file,5,True,python_ast,python,1.000000,1.000000,,False,,0,0.000000,0.000000,0.000000,0.000000,disabled,1.000000,1.000000
018b6fd6c3a3e536,100%,100,91-100,100%,100,91-100,python,python,True,1.000000,1.000000,1.000000,1.000000,1.000000,1.000000,1.000000,1.000000,1.000000,1.000000,1.000000,1.000000,1.000000,1.000000,1.000000,1.000000,2,1,chia/consensus/coin_store_protocol.py,same_file,7,True,python_ast,python,1.000000,1.000000,,False,,0,0.000000,0.000000,0.000000,0.000000,disabled,1.000000,1.000000
abb87cbbd3aa30e2,100%,100,91-100,100%,100,91-100,python,python,True,1.000000,1.000000,1.000000,1.000000,1.000000,1.000000,1.000000,1.000000,1.000000,1.000000,1.000000,1.000000,1.000000,1.000000,1.000000,1.000000,4,2,chia/consensus/coin_store_protocol.py,same_file,8,True,python_ast,python,1.000000,1.000000,,False,,0,0.000000,0.000000,0.000000,0.000000,disabled,1.000000,1.000000
8e950b82392693cf,100%,100,91-100,100%,100,91-100,python,python,True,1.000000,1.000000,1.000000,1.000000,1.000000,1.000000,1.000000,1.000000,1.000000,1.000000,1.000000,1.000000,1.000000,1.000000,1.000000,1.000000,4,2,chia/consensus/coin_store_protocol.py,same_file,7,True,python_ast,python,1.000000,1.000000,,False,,0,0.000000,0.000000,0.000000,0.000000,disabled,1.000000,1.000000
36c4f0365188fd5d,100%,100,91-100,100%,100,91-100,python,python,True,1.000000,1.000000,1.000000,1.000000,1.000000,1.000000,1.000000,1.000000,1.000000,1.000000,1.000000,1.000000,1.000000,1.000000,1.000000,1.000000,12,6,chia/consensus/coin_store_protocol.py,same_file,5,True,python_ast,python,1.000000,1.000000,,False,,0,0.000000,0.000000,0.000000,0.000000,disabled,1.000000,1.000000
9413d72738e65f96,partial,33,31-40,mostly,68,61-70,python,python,False,0.333333,0.700000,0.900000,0.733333,0.933333,0.333333,0.700000,0.276316,0.396226,0.900000,0.733333,0.933333,0.333333,0.733333,0.214286,0.400000,10,14,tools/validate_rpcs.py,neighboring_same_file,3,True,python_ast,python,0.750000,0.750000,,False,,0,0.000000,0.000000,0.000000,0.000000,disabled,1.000000,0.333300
c1aae4512e698818,mostly,67,61-70,mostly,77,71-80,python,python,False,0.500000,0.875000,1.000000,0.875000,1.000000,0.500000,0.875000,0.042169,0.080460,1.000000,0.875000,1.000000,0.500000,0.875000,0.090909,0.666667,3,22,tools/validate_rpcs.py,same_file,1,True,python_ast,python,1.000000,1.000000,,False,,0,0.000000,0.000000,0.000000,0.000000,disabled,1.000000,0.500000
db49a2a3721cb927,100%,100,91-100,100%,100,91-100,python,python,True,1.000000,0.000000,0.000000,0.000000,0.000000,1.000000,0.000000,0.000000,0.000000,0.000000,0.000000,0.000000,1.000000,0.000000,0.250000,0.000000,0,4,tools/validate_rpcs.py,same_file,3,True,python_ast,python,1.000000,1.000000,,False,,0,0.000000,0.000000,0.000000,0.000000,disabled,1.000000,1.000000
51043698622deead,100%,90,81-90,mostly,82,81-90,python,python,False,0.000000,0.928571,1.000000,0.928571,1.000000,0.000000,0.928571,0.317073,0.472727,1.000000,0.928571,1.000000,0.000000,1.000000,0.333333,0.833333,6,3,tools/validate_rpcs.py,same_file,3,True,python_ast,python,1.000000,1.000000,,False,,0,0.000000,0.000000,0.000000,0.000000,disabled,1.000000,0.000000
9805d86cb25a60e8,0%,0,0,0%,0,0,python,python,False,0.000000,0.375000,0.625000,0.500000,0.750000,0.000000,0.375000,0.022727,0.042857,0.625000,0.500000,0.750000,0.000000,0.750000,0.041667,0.250000,4,24,tools/validate_rpcs.py,same_file,2,True,python_ast,python,0.857143,0.857143,,False,,0,0.000000,0.000000,0.000000,0.000000,disabled,1.000000,0.000000
1403ab485cbf5f7e,0%,0,0,0%,0,0,python,python,False,0.000000,0.500000,1.000000,0.500000,1.000000,0.000000,0.500000,0.083333,0.142857,1.000000,0.500000,1.000000,0.000000,1.000000,0.111111,0.000000,4,9,tools/validate_rpcs.py,same_file,6,True,python_ast,python,1.000000,1.000000,,False,,0,0.000000,0.000000,0.000000,0.000000,disabled,1.000000,0.000000
f4f9d14eb1ffa38c,100%,100,91-100,100%,100,91-100,python,python,True,1.000000,1.000000,1.000000,1.000000,1.000000,1.000000,1.000000,0.089172,0.163743,1.000000,1.000000,1.000000,1.000000,1.000000,0.111111,1.000000,6,18,tools/validate_rpcs.py,same_file,1,True,python_ast,python,1.000000,1.000000,,False,,0,0.000000,0.000000,0.000000,0.000000,disabled,1.000000,1.000000
f6965662bb2d9dbf,100%,100,91-100,100%,100,91-100,python,python,True,1.000000,1.000000,1.000000,1.000000,1.000000,1.000000,1.000000,0.047872,0.091371,1.000000,1.000000,1.000000,1.000000,1.000000,0.050000,1.000000,4,20,tools/validate_rpcs.py,same_file,2,True,python_ast,python,1.000000,1.000000,,False,,0,0.000000,0.000000,0.000000,0.000000,disabled,1.000000,1.000000
05096db7f29dd19a,100%,100,91-100,100%,100,91-100,python,python,True,1.000000,1.000000,1.000000,1.000000,1.000000,1.000000,1.000000,0.034091,0.065934,1.000000,1.000000,1.000000,1.000000,1.000000,0.100000,1.000000,2,10,tools/validate_rpcs.py,same_file,1,True,python_ast,python,1.000000,1.000000,,False,,0,0.000000,0.000000,0.000000,0.000000,disabled,1.000000,1.000000
99642a20c30fbe04,partial,11,11-20,partial,55,51-60,python,python,False,0.200000,0.620690,0.827586,0.620690,0.827586,0.200000,0.620690,0.620690,0.620690,0.827586,0.620690,0.827586,0.200000,0.517241,0.600000,0.500000,8,3,chia/_tests/core/custom_types/test_proof_of_space.py,same_file,1,True,python_ast,python,0.806452,0.806452,,False,,0,0.000000,0.000000,0.000000,0.000000,disabled,1.000000,0.200000
6cbfa83dff367302,partial,35,31-40,0%,0,0,python,python,False,0.000000,0.375000,0.625000,0.375000,0.625000,0.000000,0.375000,0.250000,0.300000,0.625000,0.375000,0.625000,0.000000,0.625000,1.000000,0.000000,2,2,chia/_tests/util/spend_sim.py,neighboring_same_file,3,True,python_ast,python,0.714286,0.714286,,False,,0,0.000000,0.000000,0.000000,0.000000,disabled,1.000000,0.000000
1de5ea5fe25c5b4b,100%,100,91-100,100%,100,91-100,python,python,True,1.000000,0.000000,0.000000,0.000000,0.000000,1.000000,0.000000,0.000000,0.000000,0.000000,0.000000,0.000000,1.000000,0.000000,1.000000,0.000000,0,1,chia/_tests/core/full_node/test_generator_tools.py,same_file,1,True,python_ast,python,1.000000,1.000000,,False,,0,0.000000,0.000000,0.000000,0.000000,disabled,1.000000,1.000000
f61701b2831ed0a5,100%,100,91-100,100%,100,91-100,python,python,True,1.000000,1.000000,1.000000,1.000000,1.000000,1.000000,1.000000,1.000000,1.000000,1.000000,1.000000,1.000000,1.000000,1.000000,1.000000,1.000000,9,1,chia/_tests/wallet/test_wallet.py,same_file,1,True,python_ast,python,1.000000,1.000000,,False,,0,0.000000,0.000000,0.000000,0.000000,disabled,1.000000,1.000000
e4b15abff8320f5c,100%,100,91-100,100%,100,91-100,python,python,True,1.000000,1.000000,1.000000,1.000000,1.000000,1.000000,1.000000,1.000000,1.000000,1.000000,1.000000,1.000000,1.000000,1.000000,1.000000,1.000000,9,2,chia/cmds/configure.py,same_file,3,True,python_ast,python,1.000000,1.000000,,False,,0,0.000000,0.000000,0.000000,0.000000,disabled,1.000000,1.000000
17692fccbe41edc4,0%,0,0,mostly,78,71-80,python,python,False,0.000000,0.400000,0.400000,0.400000,0.400000,0.000000,0.400000,0.052632,0.093023,0.400000,0.400000,0.400000,0.000000,0.400000,0.125000,1.000000,1,8,chia/full_node/mempool_manager.py,same_file,3,True,python_ast,python,0.666667,0.666667,,False,,0,0.000000,0.000000,0.000000,0.000000,disabled,1.000000,0.000000
743573fcc07abef1,mostly,68,61-70,mostly,82,81-90,python,python,False,0.000000,1.000000,1.000000,1.000000,1.000000,0.000000,0.888889,0.421053,0.571429,1.000000,0.888889,1.000000,0.000000,1.000000,0.250000,0.750000,8,8,chia/full_node/mempool_manager.py,same_file,5,True,python_ast,python,1.000000,1.000000,,False,,0,0.000000,0.000000,0.000000,0.000000,disabled,1.000000,0.000000
457dffc1dd1e8ba2,partial,45,41-50,mostly,74,71-80,python,python,False,0.000000,0.807692,0.923077,0.846154,0.961538,0.000000,0.807692,0.525000,0.636364,0.923077,0.846154,0.961538,0.000000,0.846154,0.500000,0.600000,10,4,chia/_tests/core/test_full_node_rpc.py,neighboring_same_file,3,True,python_ast,python,0.869565,0.869565,,False,,0,0.000000,0.000000,0.000000,0.000000,disabled,1.000000,0.000000
06541eab45e2fd73,partial,28,21-30,partial,43,41-50,python,python,False,0.000000,0.428571,0.571429,0.428571,0.571429,0.000000,0.428571,0.375000,0.400000,0.571429,0.428571,0.571429,0.000000,0.428571,0.750000,0.333333,3,4,tools/validate_rpcs.py,same_file,5,True,python_ast,python,0.800000,0.800000,,False,,0,0.000000,0.000000,0.000000,0.000000,disabled,1.000000,0.000000
a2846ef378d61964,100%,100,91-100,100%,100,91-100,python,python,True,1.000000,1.000000,1.000000,1.000000,1.000000,1.000000,1.000000,0.047761,0.091168,1.000000,1.000000,1.000000,1.000000,1.000000,0.060606,1.000000,8,33,chia/_tests/core/data_layer/test_data_store.py,same_file,1,True,python_ast,python,1.000000,1.000000,,False,,0,0.000000,0.000000,0.000000,0.000000,disabled,1.000000,1.000000
5da612541b8e21ec,partial,45,41-50,mostly,76,71-80,python,python,False,0.000000,0.640000,0.720000,0.640000,0.720000,0.000000,0.640000,0.888889,0.744186,0.720000,0.640000,0.720000,0.000000,0.720000,1.000000,0.545455,11,1,chia/data_layer/data_store.py,same_file,1,True,python_ast,python,0.777778,0.777778,,False,,0,0.000000,0.000000,0.000000,0.000000,disabled,1.000000,0.000000
a84307a83e3ac7df,100%,100,91-100,100%,100,91-100,python,python,True,1.000000,1.000000,1.000000,1.000000,1.000000,1.000000,1.000000,0.236111,0.382022,1.000000,1.000000,1.000000,1.000000,1.000000,0.222222,1.000000,18,27,chia/data_layer/data_store.py,same_file,2,True,python_ast,python,1.000000,1.000000,,False,,0,0.000000,0.000000,0.000000,0.000000,disabled,1.000000,1.000000
10efb1d1e549d1b3,100%,100,91-100,100%,100,91-100,python,python,True,1.000000,1.000000,1.000000,1.000000,1.000000,1.000000,1.000000,1.000000,1.000000,1.000000,1.000000,1.000000,1.000000,1.000000,1.000000,1.000000,9,1,chia/_tests/core/data_layer/test_data_store.py,same_file,4,True,python_ast,python,1.000000,1.000000,,False,,0,0.000000,0.000000,0.000000,0.000000,disabled,1.000000,1.000000
97780c370a78ee1b,partial,57,51-60,partial,55,51-60,python,python,False,0.500000,0.938776,0.959184,0.979592,1.000000,0.500000,0.979592,0.246154,0.393443,1.000000,0.979592,1.000000,0.250000,0.897959,0.181818,0.947368,19,22,chia/_tests/core/data_layer/test_data_store.py,same_file,3,True,python_ast,python,0.954545,0.954545,,False,,0,0.000000,0.000000,0.000000,0.000000,disabled,1.000000,0.500000
0c1ad064e3fb75f1,100%,100,91-100,100%,100,91-100,python,python,True,1.000000,1.000000,1.000000,1.000000,1.000000,1.000000,1.000000,0.057143,0.108108,1.000000,1.000000,1.000000,1.000000,1.000000,0.166667,0.000000,0,6,chia/data_layer/data_store.py,same_file,2,True,python_ast,python,1.000000,1.000000,,False,,0,0.000000,0.000000,0.000000,0.000000,disabled,1.000000,1.000000
77fb322905da062e,100%,100,91-100,100%,100,91-100,python,python,True,1.000000,1.000000,1.000000,1.000000,1.000000,1.000000,0.857143,0.545455,0.666667,0.857143,0.857143,0.857143,0.000000,0.857143,1.000000,1.000000,3,1,chia/data_layer/data_store.py,same_file,6,True,python_ast,python,1.000000,1.000000,,False,,0,0.000000,0.000000,0.000000,0.000000,disabled,1.000000,1.000000
b8c146b62ce19407,100%,100,91-100,100%,100,91-100,python,python,True,1.000000,1.000000,1.000000,1.000000,1.000000,1.000000,0.857143,0.545455,0.666667,0.857143,0.857143,0.857143,0.000000,0.857143,1.000000,1.000000,3,1,chia/data_layer/data_store.py,same_file,5,True,python_ast,python,1.000000,1.000000,,False,,0,0.000000,0.000000,0.000000,0.000000,disabled,1.000000,1.000000
8a314d842f36353e,0%,0,0,partial,58,51-60,python,python,False,0.000000,0.631579,0.842105,0.631579,0.842105,0.000000,0.368421,0.636364,0.466667,0.473684,0.368421,0.473684,0.000000,0.421053,0.500000,0.750000,4,1,chia/data_layer/data_store.py,same_file,5,True,python_ast,python,0.875000,0.875000,,False,,0,0.000000,0.000000,0.000000,0.000000,disabled,1.000000,0.000000
ef97f6591aaef97b,100%,100,91-100,100%,100,91-100,python,python,True,1.000000,1.000000,1.000000,1.000000,1.000000,1.000000,1.000000,1.000000,1.000000,1.000000,1.000000,1.000000,1.000000,1.000000,1.000000,1.000000,8,1,chia/data_layer/data_store.py,same_file,4,True,python_ast,python,1.000000,1.000000,,False,,0,0.000000,0.000000,0.000000,0.000000,disabled,1.000000,1.000000
36834a4612114958,mostly,70,61-70,mostly,82,81-90,python,python,False,0.000000,1.000000,1.000000,1.000000,1.000000,0.000000,1.000000,0.793103,0.884615,1.000000,1.000000,1.000000,0.000000,1.000000,1.000000,1.000000,7,1,chia/_tests/wallet/test_wallet.py,same_file,1,True,python_ast,python,1.000000,1.000000,,False,,0,0.000000,0.000000,0.000000,0.000000,disabled,1.000000,0.000000
51116923dc9d4fd5,100%,100,91-100,100%,100,91-100,python,python,True,1.000000,1.000000,1.000000,1.000000,1.000000,1.000000,1.000000,1.000000,1.000000,1.000000,1.000000,1.000000,1.000000,1.000000,1.000000,1.000000,12,1,chia/full_node/coin_store.py,same_file,6,True,python_ast,python,1.000000,1.000000,,False,,0,0.000000,0.000000,0.000000,0.000000,disabled,1.000000,1.000000
f0e1f19c748bb2e4,0%,0,0,mostly,82,81-90,python,python,False,0.000000,0.875000,1.000000,0.875000,1.000000,0.000000,0.875000,0.280000,0.424242,1.000000,0.875000,1.000000,0.000000,1.000000,1.000000,0.750000,4,1,chia/full_node/coin_store.py,same_file,6,True,python_ast,python,1.000000,1.000000,,False,,0,0.000000,0.000000,0.000000,0.000000,disabled,1.000000,0.000000
3ffa2aedbd23710b,100%,100,91-100,100%,100,91-100,python,python,True,1.000000,1.000000,1.000000,1.000000,1.000000,1.000000,1.000000,1.000000,1.000000,1.000000,1.000000,1.000000,1.000000,1.000000,1.000000,1.000000,4,1,chia/full_node/block_store.py,same_file,3,True,python_ast,python,1.000000,1.000000,,False,,0,0.000000,0.000000,0.000000,0.000000,disabled,1.000000,1.000000
2c21bb0f9b656968,100%,100,91-100,100%,100,91-100,python,python,True,1.000000,1.000000,1.000000,1.000000,1.000000,1.000000,1.000000,1.000000,1.000000,1.000000,1.000000,1.000000,1.000000,1.000000,1.000000,1.000000,6,1,chia/data_layer/start_data_layer.py,same_file,1,True,python_ast,python,1.000000,1.000000,,False,,0,0.000000,0.000000,0.000000,0.000000,disabled,1.000000,1.000000
c4bbd337f11698cc,100%,100,91-100,100%,100,91-100,python,python,True,1.000000,0.000000,0.000000,0.000000,0.000000,1.000000,0.000000,0.000000,0.000000,0.000000,0.000000,0.000000,1.000000,0.000000,0.166667,0.000000,0,6,chia/_tests/core/util/test_streamable.py,same_file,1,True,python_ast,python,1.000000,1.000000,,False,,0,0.000000,0.000000,0.000000,0.000000,disabled,1.000000,1.000000
12d52bfe9cb0d749,100%,100,91-100,100%,100,91-100,python,python,True,1.000000,1.000000,1.000000,1.000000,1.000000,1.000000,1.000000,1.000000,1.000000,1.000000,1.000000,1.000000,1.000000,1.000000,1.000000,1.000000,7,1,chia/util/streamable.py,same_file,1,True,python_ast,python,1.000000,1.000000,,False,,0,0.000000,0.000000,0.000000,0.000000,disabled,1.000000,1.000000
b4028cf033fee766,mostly,75,71-80,mostly,76,71-80,python,python,False,0.666667,0.896552,0.896552,1.000000,1.000000,0.666667,0.896552,0.634146,0.742857,0.896552,1.000000,1.000000,0.500000,0.862069,0.545455,0.769231,13,11,chia/server/rate_limit_numbers.py,neighboring_same_file,4,True,python_ast,python,0.840000,0.840000,,False,,0,0.000000,0.000000,0.000000,0.000000,disabled,1.000000,0.666700
8f98d02ab53e52de,100%,100,91-100,100%,100,91-100,python,python,False,1.000000,1.000000,1.000000,1.000000,1.000000,1.000000,0.937500,0.937500,0.937500,0.937500,0.937500,0.937500,0.750000,0.937500,1.000000,1.000000,5,4,chia/server/rate_limit_numbers.py,same_file,5,False,python_ast,python,0.000000,0.000000,SyntaxError: closing parenthesis ')' does not match opening parenthesis '{' on line 2,False,,0,0.000000,0.000000,0.000000,0.000000,disabled,1.000000,1.000000
f97316fa0a230ce1,100%,100,91-100,100%,100,91-100,python,python,True,1.000000,1.000000,1.000000,1.000000,1.000000,1.000000,1.000000,0.350000,0.518519,1.000000,1.000000,1.000000,1.000000,1.000000,0.500000,1.000000,2,2,chia/server/rate_limits.py,same_file,3,True,python_ast,python,1.000000,1.000000,,False,,0,0.000000,0.000000,0.000000,0.000000,disabled,1.000000,1.000000
dcc9a7bd3146d7d3,100%,100,91-100,100%,100,91-100,python,python,True,1.000000,1.000000,1.000000,1.000000,1.000000,1.000000,1.000000,0.650000,0.787879,1.000000,1.000000,1.000000,1.000000,1.000000,0.500000,1.000000,6,2,chia/server/rate_limits.py,same_file,3,True,python_ast,python,1.000000,1.000000,,False,,0,0.000000,0.000000,0.000000,0.000000,disabled,1.000000,1.000000
c816db505e6033ff,0%,0,0,partial,48,41-50,python,python,False,0.000000,0.369565,0.630435,0.369565,0.630435,0.000000,0.369565,0.333333,0.350515,0.630435,0.369565,0.630435,0.000000,0.413043,0.428571,0.235294,17,7,chia/server/rate_limit_numbers.py,neighboring_same_file,4,True,python_ast,python,0.285714,0.285714,,False,,0,0.000000,0.000000,0.000000,0.000000,disabled,1.000000,0.000000
a224b7073e8efa91,100%,100,91-100,100%,100,91-100,python,python,True,1.000000,0.000000,0.000000,0.000000,0.000000,1.000000,0.000000,0.000000,0.000000,0.000000,0.000000,0.000000,1.000000,0.000000,1.000000,0.000000,0,1,chia/protocols/harvester_protocol.py,same_file,1,True,python_ast,python,1.000000,1.000000,,False,,0,0.000000,0.000000,0.000000,0.000000,disabled,1.000000,1.000000
38b3c67a94d56ed9,100%,100,91-100,100%,100,91-100,python,python,True,1.000000,1.000000,1.000000,1.000000,1.000000,1.000000,1.000000,1.000000,1.000000,1.000000,1.000000,1.000000,1.000000,1.000000,1.000000,1.000000,11,1,chia/full_node/mempool_manager.py,same_file,1,False,python_ast,python,0.000000,0.000000,SyntaxError: unterminated string literal (detected at line 2),False,,0,0.000000,0.000000,0.000000,0.000000,disabled,1.000000,1.000000
5183c38449f63e56,100%,100,91-100,100%,100,91-100,python,python,True,1.000000,0.000000,0.000000,0.000000,0.000000,1.000000,0.000000,0.000000,0.000000,0.000000,0.000000,0.000000,1.000000,0.000000,1.000000,0.000000,0,1,chia/full_node/eligible_coin_spends.py,same_file,1,True,python_ast,python,1.000000,1.000000,,False,,0,0.000000,0.000000,0.000000,0.000000,disabled,1.000000,1.000000
6394afd91e3b0e9a,100%,100,91-100,100%,100,91-100,python,python,True,1.000000,0.000000,0.000000,0.000000,0.000000,1.000000,0.000000,0.000000,0.000000,0.000000,0.000000,0.000000,1.000000,0.000000,1.000000,0.000000,0,1,chia/full_node/mempool_manager.py,same_file,1,True,python_ast,python,1.000000,1.000000,,False,,0,0.000000,0.000000,0.000000,0.000000,disabled,1.000000,1.000000
255f40293948ac73,100%,100,91-100,100%,100,91-100,python,python,True,1.000000,0.500000,0.500000,1.000000,1.000000,1.000000,0.500000,0.016667,0.032258,0.500000,0.500000,0.500000,1.000000,0.500000,0.166667,0.000000,1,6,chia/_tests/core/full_node/test_full_node.py,same_file,3,True,python_ast,python,1.000000,1.000000,,False,,0,0.000000,0.000000,0.000000,0.000000,disabled,1.000000,1.000000
14a08dad6e4bc4f3,0%,0,0,100%,100,91-100,python,python,True,0.000000,1.000000,1.000000,1.000000,1.000000,0.000000,1.000000,0.133333,0.235294,1.000000,1.000000,1.000000,0.000000,1.000000,0.166667,1.000000,4,6,chia/_tests/core/full_node/test_full_node.py,same_file,3,False,python_ast,python,0.000000,0.000000,SyntaxError: invalid syntax,False,,0,0.000000,0.000000,0.000000,0.000000,disabled,1.000000,0.000000
217564a08f087349,mostly,70,61-70,0%,0,0,python,python,False,0.000000,0.000000,0.000000,0.000000,0.000000,0.000000,0.000000,0.000000,0.000000,0.000000,0.000000,0.000000,0.000000,0.000000,0.000000,0.000000,0,0,,,1,True,python_ast,python,1.000000,1.000000,,False,,0,0.000000,0.000000,0.000000,0.000000,disabled,1.000000,0.000000
abb0a03cb66230e2,partial,50,41-50,mostly,77,71-80,python,python,False,0.500000,0.750000,0.875000,0.812500,0.937500,0.500000,0.750000,0.600000,0.666667,0.875000,0.750000,0.875000,0.500000,0.875000,1.000000,0.625000,8,2,chia/_tests/core/mempool/test_mempool.py,same_file,4,True,python_ast,python,0.933333,0.933333,,False,,0,0.000000,0.000000,0.000000,0.000000,disabled,1.000000,0.500000
ed8c7714231bb98d,100%,90,81-90,mostly,82,81-90,python,python,False,0.000000,0.875000,0.875000,1.000000,1.000000,0.000000,0.875000,0.875000,0.875000,0.875000,1.000000,1.000000,0.000000,1.000000,1.000000,0.750000,4,1,chia/full_node/full_node.py,same_file,1,True,python_ast,python,1.000000,1.000000,,False,,0,0.000000,0.000000,0.000000,0.000000,disabled,1.000000,0.000000
6e859c8e697ac95a,partial,43,41-50,partial,55,51-60,python,python,False,0.200000,0.857143,1.000000,0.857143,1.000000,0.200000,0.857143,0.166667,0.279070,1.000000,0.857143,1.000000,0.200000,1.000000,0.227273,0.642857,14,22,chia/full_node/full_node_api.py,same_file,3,True,python_ast,python,1.000000,1.000000,,False,,0,0.000000,0.000000,0.000000,0.000000,disabled,1.000000,0.200000
514aae8fcfa529da,partial,33,31-40,mostly,85,81-90,python,python,False,0.500000,0.333333,0.333333,0.333333,0.333333,0.500000,0.333333,1.000000,0.500000,0.333333,0.333333,0.333333,0.500000,0.333333,0.500000,0.000000,2,4,chia/consensus/get_block_challenge.py,same_file,1,False,python_ast,python,0.000000,0.000000,SyntaxError: invalid syntax,False,,0,0.000000,0.000000,0.000000,0.000000,disabled,1.000000,0.500000
bfa5a4c0f26a5452,100%,100,91-100,100%,100,91-100,python,python,True,1.000000,1.000000,1.000000,1.000000,1.000000,1.000000,1.000000,1.000000,1.000000,1.000000,1.000000,1.000000,1.000000,1.000000,1.000000,1.000000,2,1,chia/simulator/block_tools.py,same_file,2,True,python_ast,python,1.000000,1.000000,,False,,0,0.000000,0.000000,0.000000,0.000000,disabled,1.000000,1.000000
f5913a492fc528a7,mostly,70,61-70,mostly,82,81-90,python,python,False,0.000000,1.000000,1.000000,1.000000,1.000000,0.000000,1.000000,0.181818,0.307692,1.000000,1.000000,1.000000,0.000000,1.000000,0.333333,1.000000,2,3,chia/simulator/block_tools.py,same_file,1,True,python_ast,python,1.000000,1.000000,,False,,0,0.000000,0.000000,0.000000,0.000000,disabled,1.000000,0.000000
c19ec4c0c9b63008,mostly,70,61-70,mostly,82,81-90,python,python,False,0.000000,1.000000,1.000000,1.000000,1.000000,0.000000,1.000000,0.181818,0.307692,1.000000,1.000000,1.000000,0.000000,1.000000,0.333333,1.000000,2,3,chia/simulator/block_tools.py,same_file,1,True,python_ast,python,1.000000,1.000000,,False,,0,0.000000,0.000000,0.000000,0.000000,disabled,1.000000,0.000000
2a6b131390727ae9,0%,0,0,0%,0,0,python,python,False,0.000000,0.222222,0.777778,0.222222,0.777778,0.000000,0.222222,0.153846,0.181818,0.777778,0.222222,0.777778,0.000000,0.555556,0.333333,0.000000,5,3,chia/full_node/tx_processing_queue.py,same_file,3,True,python_ast,python,0.666667,0.666667,,False,,0,0.000000,0.000000,0.000000,0.000000,disabled,1.000000,0.000000
6c591b9753aa709d,partial,45,41-50,0%,0,0,python,python,False,0.000000,0.000000,0.000000,0.500000,0.500000,0.000000,0.000000,0.000000,0.000000,0.000000,0.500000,0.500000,0.000000,0.500000,0.055556,0.000000,0,18,chia/_tests/core/full_node/test_full_node.py,same_file,1,True,python_ast,python,0.666667,0.666667,,False,,0,0.000000,0.000000,0.000000,0.000000,disabled,1.000000,0.000000
7eadf3fa1c5ccd5f,0%,0,0,mostly,72,71-80,python,python,False,0.000000,1.000000,1.000000,1.000000,1.000000,0.000000,1.000000,0.095588,0.174497,1.000000,1.000000,1.000000,0.000000,0.923077,0.038462,1.000000,6,26,chia/full_node/tx_processing_queue.py,same_file,2,True,python_ast,python,0.833333,0.833333,,False,,0,0.000000,0.000000,0.000000,0.000000,disabled,1.000000,0.000000
8b310aa981054587,100%,100,91-100,100%,100,91-100,python,python,True,1.000000,1.000000,1.000000,1.000000,1.000000,1.000000,1.000000,0.057971,0.109589,1.000000,1.000000,1.000000,1.000000,1.000000,0.100000,1.000000,3,20,chia/full_node/tx_processing_queue.py,same_file,3,True,python_ast,python,1.000000,1.000000,,False,,0,0.000000,0.000000,0.000000,0.000000,disabled,1.000000,1.000000
f3dd826155219a48,mostly,73,71-80,partial,55,51-60,python,python,False,0.285714,0.910714,0.964286,0.910714,0.964286,0.285714,0.875000,0.816667,0.844828,0.964286,0.875000,0.964286,0.142857,0.946429,0.857143,0.782609,23,6,chia/full_node/tx_processing_queue.py,same_file,5,True,python_ast,python,0.961538,0.961538,,False,,0,0.000000,0.000000,0.000000,0.000000,disabled,1.000000,0.285700
43733e227d47148e,100%,100,91-100,100%,100,91-100,python,python,True,1.000000,1.000000,1.000000,1.000000,1.000000,1.000000,1.000000,1.000000,1.000000,1.000000,1.000000,1.000000,1.000000,1.000000,1.000000,1.000000,2,1,chia/full_node/tx_processing_queue.py,same_file,3,True,python_ast,python,1.000000,1.000000,,False,,0,0.000000,0.000000,0.000000,0.000000,disabled,1.000000,1.000000
2da0c28cb5dd0803,100%,100,91-100,100%,100,91-100,python,python,True,1.000000,1.000000,1.000000,1.000000,1.000000,1.000000,1.000000,1.000000,1.000000,1.000000,1.000000,1.000000,1.000000,1.000000,1.000000,1.000000,3,1,chia/full_node/tx_processing_queue.py,same_file,2,True,python_ast,python,1.000000,1.000000,,False,,0,0.000000,0.000000,0.000000,0.000000,disabled,1.000000,1.000000
fb579daf70112138,partial,32,31-40,partial,55,51-60,python,python,False,0.100000,0.608696,0.728261,0.608696,0.728261,0.100000,0.608696,0.756757,0.674699,0.728261,0.608696,0.728261,0.100000,0.641304,0.833333,0.527778,36,12,chia/types/blockchain_format/proof_of_space.py,same_file,2,True,python_ast,python,0.769231,0.769231,,False,,0,0.000000,0.000000,0.000000,0.000000,disabled,1.000000,0.100000
9758e1bb823c479b,100%,97,91-100,mostly,87,81-90,python,python,False,0.666667,0.965517,0.965517,0.965517,0.965517,0.666667,0.965517,0.965517,0.965517,0.965517,0.965517,0.965517,0.666667,0.965517,0.428571,1.000000,13,7,chia/full_node/full_node.py,same_file,2,True,python_ast,python,1.000000,1.000000,,False,,0,0.000000,0.000000,0.000000,0.000000,disabled,1.000000,0.666700
9ad0ae780c07c9e4,0%,0,0,0%,0,0,python,python,False,0.000000,0.000000,0.000000,0.000000,0.000000,0.000000,0.000000,0.000000,0.000000,0.000000,0.000000,0.000000,0.000000,0.000000,0.000000,0.000000,0,0,,,2,True,python_ast,python,1.000000,1.000000,,False,,0,0.000000,0.000000,0.000000,0.000000,disabled,1.000000,0.000000
000554a49a94343b,100%,100,91-100,100%,100,91-100,python,python,True,1.000000,1.000000,1.000000,1.000000,1.000000,1.000000,1.000000,0.210526,0.347826,1.000000,1.000000,1.000000,1.000000,1.000000,0.277778,1.000000,11,18,chia/server/ws_connection.py,same_file,1,True,python_ast,python,1.000000,1.000000,,False,,0,0.000000,0.000000,0.000000,0.000000,disabled,1.000000,1.000000
188a28d8c02a7ec5,100%,100,91-100,100%,100,91-100,python,python,True,1.000000,1.000000,1.000000,1.000000,1.000000,1.000000,1.000000,1.000000,1.000000,1.000000,1.000000,1.000000,1.000000,1.000000,1.000000,1.000000,6,1,chia/_tests/wallet/sync/test_wallet_sync.py,same_file,3,True,python_ast,python,1.000000,1.000000,,False,,0,0.000000,0.000000,0.000000,0.000000,disabled,1.000000,1.000000
3d041991b31fca82,100%,100,91-100,mostly,82,81-90,python,python,False,0.000000,1.000000,1.000000,1.000000,1.000000,0.000000,0.937500,0.652174,0.769231,1.000000,0.937500,1.000000,0.000000,1.000000,0.500000,1.000000,5,2,chia/_tests/wallet/sync/test_wallet_sync.py,same_file,3,True,python_ast,python,1.000000,1.000000,,False,,0,0.000000,0.000000,0.000000,0.000000,disabled,1.000000,0.000000
280d789c323ff6da,100%,100,91-100,100%,100,91-100,python,python,True,1.000000,1.000000,1.000000,1.000000,1.000000,1.000000,1.000000,1.000000,1.000000,1.000000,1.000000,1.000000,1.000000,1.000000,1.000000,1.000000,6,1,chia/_tests/wallet/sync/test_wallet_sync.py,same_file,1,True,python_ast,python,1.000000,1.000000,,False,,0,0.000000,0.000000,0.000000,0.000000,disabled,1.000000,1.000000
e05c44cbeca8824e,100%,100,91-100,100%,100,91-100,python,python,True,1.000000,1.000000,1.000000,1.000000,1.000000,1.000000,1.000000,0.040984,0.078740,1.000000,1.000000,1.000000,1.000000,1.000000,0.040816,1.000000,8,49,chia/protocols/protocol_message_type_to_node_type.py,same_file,1,False,python_ast,python,0.000000,0.000000,SyntaxError: invalid syntax,False,,0,0.000000,0.000000,0.000000,0.000000,disabled,1.000000,1.000000
c6162aae7238cbbb,0%,0,0,0%,0,0,python,python,False,0.000000,0.548387,0.838710,0.548387,0.838710,0.000000,0.548387,0.226667,0.320755,0.838710,0.548387,0.838710,0.000000,0.774194,0.666667,0.437500,16,6,chia/server/server.py,same_file,1,True,python_ast,python,0.807692,0.807692,,False,,0,0.000000,0.000000,0.000000,0.000000,disabled,1.000000,0.000000
4e14496d5c9dfd5f,partial,11,11-20,partial,47,41-50,text,pygments,False,0.200000,0.583333,0.583333,0.583333,0.583333,0.200000,0.583333,0.333333,0.424242,0.583333,0.583333,0.583333,0.200000,0.416667,0.600000,0.000000,0,3,CodeEdit/AppDelegate.swift,same_file,3,False,,,0.000000,0.000000,no supported local structural parser,False,,0,0.000000,0.000000,0.000000,0.000000,disabled,1.000000,0.200000
103fa7b37105938b,mostly,70,61-70,mostly,82,81-90,text,pygments,False,0.000000,0.925926,1.000000,0.925926,1.000000,0.000000,0.925926,0.757576,0.833333,1.000000,0.925926,1.000000,0.000000,0.962963,0.500000,0.800000,10,2,CodeEdit/Documents/CodeEditDocumentController.swift,neighboring_same_file,5,False,,,0.000000,0.000000,no supported local structural parser,False,,0,0.000000,0.000000,0.000000,0.000000,disabled,1.000000,0.000000
c4e2efcd2b14555e,100%,100,91-100,100%,100,91-100,text,pygments,True,1.000000,1.000000,1.000000,1.000000,1.000000,1.000000,1.000000,1.000000,1.000000,1.000000,1.000000,1.000000,1.000000,1.000000,1.000000,1.000000,5,1,CodeEditModules/Modules/AppPreferences/src/Sections/GeneralPreferences/GeneralPreferencesView.swift,same_file,4,False,,,0.000000,0.000000,no supported local structural parser,False,,0,0.000000,0.000000,0.000000,0.000000,disabled,1.000000,1.000000
0ab37c3bbc571200,0%,0,0,0%,0,0,text,pygments,False,0.000000,0.285714,0.714286,0.285714,0.714286,0.000000,0.285714,0.024096,0.044444,0.714286,0.285714,0.714286,0.000000,0.714286,0.111111,0.200000,5,9,CodeEditModules/Modules/AppPreferences/src/Sections/SourceControlPreferences/SourceControlGeneralView.swift,same_file,3,False,,,0.000000,0.000000,no supported local structural parser,False,,0,0.000000,0.000000,0.000000,0.000000,disabled,1.000000,0.000000
4f3a616f71ade3db,0%,0,0,mostly,75,71-80,text,pygments,False,0.000000,0.571429,0.857143,0.571429,0.857143,0.000000,0.428571,0.300000,0.352941,0.857143,0.428571,0.857143,0.000000,0.857143,0.500000,0.200000,5,2,CodeEditModules/Modules/AppPreferences/src/Sections/TerminalPreferences/TerminalPreferencesView.swift,same_file,4,False,,,0.000000,0.000000,no supported local structural parser,False,,0,0.000000,0.000000,0.000000,0.000000,disabled,1.000000,0.000000
7c0dfb92bff1782b,partial,31,31-40,partial,55,51-60,text,pygments,False,0.250000,0.375000,0.375000,0.375000,0.375000,0.250000,0.375000,1.000000,0.545455,0.375000,0.375000,0.375000,0.250000,0.375000,0.250000,0.375000,8,1,CodeEdit/TabBar/TabBarItem.swift,same_file,1,False,,,0.000000,0.000000,no supported local structural parser,False,,0,0.000000,0.000000,0.000000,0.000000,disabled,1.000000,0.250000
d6b11f5bef1abb2c,mostly,85,81-90,mostly,87,81-90,text,pygments,False,0.761905,0.970588,0.990196,0.970588,0.990196,0.761905,0.970588,0.961165,0.965854,0.990196,0.970588,0.990196,0.714286,0.970588,0.952381,0.952381,42,20,CodeEditModules/Modules/CodeEditUI/src/PressActionsModifier.swift,same_file,1,False,,,0.000000,0.000000,no supported local structural parser,False,,0,0.000000,0.000000,0.000000,0.000000,disabled,1.000000,0.761900
bbfdbd636fe901ed,100%,90,81-90,mostly,72,71-80,text,pygments,False,0.000000,1.000000,1.000000,1.000000,1.000000,0.000000,1.000000,0.048544,0.092593,1.000000,1.000000,1.000000,0.000000,1.000000,0.050000,1.000000,3,20,CodeEditModules/Modules/CodeEditUI/src/PressActionsModifier.swift,same_file,1,False,,,0.000000,0.000000,no supported local structural parser,False,,0,0.000000,0.000000,0.000000,0.000000,disabled,1.000000,0.000000
1b81a8986c3eadfe,partial,11,11-20,mostly,82,81-90,text,pygments,False,0.000000,0.833333,1.000000,0.833333,1.000000,0.000000,0.833333,0.098039,0.175439,1.000000,0.833333,1.000000,0.000000,1.000000,0.137931,0.571429,7,29,CodeEditModules/Modules/AppPreferences/src/Model/General/GeneralPreferences.swift,same_file,1,False,,,0.000000,0.000000,no supported local structural parser,False,,0,0.000000,0.000000,0.000000,0.000000,disabled,1.000000,0.000000
30786d01d65ff932,partial,11,11-20,mostly,82,81-90,text,pygments,False,0.000000,0.833333,1.000000,0.833333,1.000000,0.000000,0.833333,0.087719,0.158730,1.000000,0.833333,1.000000,0.000000,1.000000,0.117647,0.571429,7,34,CodeEditModules/Modules/AppPreferences/src/Model/General/GeneralPreferences.swift,same_file,1,False,,,0.000000,0.000000,no supported local structural parser,False,,0,0.000000,0.000000,0.000000,0.000000,disabled,1.000000,0.000000
e11029693b000304,0%,0,0,0%,0,0,text,pygments,False,0.000000,0.431818,0.772727,0.431818,0.772727,0.000000,0.431818,0.234568,0.304000,0.772727,0.431818,0.772727,0.000000,0.636364,0.444444,0.062500,16,18,CodeEdit/NavigatorSidebar/FindNavigator/FindNavigatorSearchBar.swift,same_file,1,False,,,0.000000,0.000000,no supported local structural parser,False,,0,0.000000,0.000000,0.000000,0.000000,disabled,1.000000,0.000000
ffcf395dac0c35e0,mostly,80,71-80,mostly,85,81-90,text,pygments,False,0.500000,0.733333,0.733333,0.733333,0.733333,0.500000,0.733333,1.000000,0.846154,0.733333,0.733333,0.733333,0.500000,0.733333,0.500000,1.000000,6,2,CodeEdit/NavigatorSidebar/FindNavigator/FindNavigatorResultFileItem.swift,same_file,2,False,,,0.000000,0.000000,no supported local structural parser,False,,0,0.000000,0.000000,0.000000,0.000000,disabled,1.000000,0.500000
4aba7b8c0d74dba1,0%,0,0,0%,0,0,text,pygments,False,0.000000,0.666667,0.944444,0.666667,0.944444,0.000000,0.666667,0.142857,0.235294,0.944444,0.666667,0.944444,0.000000,0.888889,0.071429,0.000000,5,14,CodeEditModules/Modules/AppPreferences/src/Sections/GeneralPreferences/GeneralPreferencesView.swift,same_file,3,False,,,0.000000,0.000000,no supported local structural parser,False,,0,0.000000,0.000000,0.000000,0.000000,disabled,1.000000,0.000000
8abdc533a573218e,mostly,73,71-80,mostly,86,81-90,text,pygments,False,0.500000,0.904762,0.904762,0.904762,0.904762,0.500000,0.904762,1.000000,0.950000,0.904762,0.904762,0.904762,0.500000,0.904762,0.500000,1.000000,9,2,CodeEdit/NavigatorSidebar/ProjectNavigator/OutlineView/OutlineView.swift,same_file,2,False,,,0.000000,0.000000,no supported local structural parser,False,,0,0.000000,0.000000,0.000000,0.000000,disabled,1.000000,0.500000
1e8019877e457813,mostly,87,81-90,mostly,82,81-90,text,pygments,False,0.333333,0.971429,0.971429,0.971429,0.971429,0.333333,0.971429,0.680000,0.800000,0.971429,0.971429,0.971429,0.333333,0.942857,0.750000,1.000000,14,4,CodeEditModules/Modules/WorkspaceClient/src/Live.swift,same_file,5,False,,,0.000000,0.000000,no supported local structural parser,False,,0,0.000000,0.000000,0.000000,0.000000,disabled,1.000000,0.333300
eb4a5baf3b952281,partial,50,41-50,mostly,73,71-80,text,pygments,False,0.500000,0.840000,0.960000,0.840000,0.960000,0.500000,0.840000,0.677419,0.750000,0.960000,0.840000,0.960000,0.500000,0.760000,0.400000,0.727273,11,5,CodeEdit/Documents/WorkspaceDocument.swift,same_file,4,False,,,0.000000,0.000000,no supported local structural parser,False,,0,0.000000,0.000000,0.000000,0.000000,disabled,1.000000,0.500000
74662f3e39d9fca3,partial,11,11-20,partial,55,51-60,text,pygments,False,0.333333,0.863636,1.000000,0.863636,1.000000,0.333333,0.863636,0.333333,0.481013,1.000000,0.863636,1.000000,0.000000,0.909091,0.375000,0.666667,9,8,CodeEdit/Documents/WorkspaceDocument.swift,same_file,4,False,,,0.000000,0.000000,no supported local structural parser,False,,0,0.000000,0.000000,0.000000,0.000000,disabled,1.000000,0.333300
2f0b899a8ce2a984,partial,50,41-50,mostly,84,81-90,text,pygments,False,0.500000,0.880000,1.000000,0.880000,1.000000,0.500000,0.880000,0.385965,0.536585,1.000000,0.880000,1.000000,0.500000,0.960000,0.250000,0.727273,11,8,CodeEdit/Documents/WorkspaceDocument.swift,same_file,4,False,,,0.000000,0.000000,no supported local structural parser,False,,0,0.000000,0.000000,0.000000,0.000000,disabled,1.000000,0.500000
1807e27b63ae1a9b,partial,11,11-20,partial,55,51-60,text,pygments,False,0.333333,0.772727,0.909091,0.772727,0.909091,0.333333,0.772727,0.548387,0.641509,0.909091,0.772727,0.909091,0.000000,0.727273,0.600000,0.666667,9,5,CodeEdit/Documents/WorkspaceDocument.swift,same_file,4,False,,,0.000000,0.000000,no supported local structural parser,False,,0,0.000000,0.000000,0.000000,0.000000,disabled,1.000000,0.333300
f834b78296bbd7a2,partial,44,41-50,mostly,78,71-80,text,pygments,False,0.333333,0.777778,0.888889,0.777778,0.888889,0.333333,0.777778,0.122807,0.212121,0.888889,0.777778,0.888889,0.333333,0.888889,0.375000,0.750000,4,8,CodeEdit/Documents/WorkspaceDocument.swift,same_file,4,False,,,0.000000,0.000000,no supported local structural parser,False,,0,0.000000,0.000000,0.000000,0.000000,disabled,1.000000,0.333300
5c7f48ea96c899a5,0%,0,0,partial,58,51-60,text,pygments,False,0.000000,0.500000,0.769231,0.500000,0.769231,0.000000,0.500000,0.541667,0.520000,0.769231,0.500000,0.769231,0.000000,0.557692,0.428571,0.318182,22,7,CodeEdit/Documents/WorkspaceDocument.swift,same_file,4,False,,,0.000000,0.000000,no supported local structural parser,False,,0,0.000000,0.000000,0.000000,0.000000,disabled,1.000000,0.000000
7a8c377647138c55,0%,0,0,partial,54,51-60,text,pygments,False,0.000000,0.269231,0.365385,0.269231,0.365385,0.000000,0.269231,0.636364,0.378378,0.365385,0.269231,0.365385,0.000000,0.326923,0.750000,0.181818,22,4,CodeEdit/Documents/WorkspaceDocument.swift,same_file,2,False,,,0.000000,0.000000,no supported local structural parser,False,,0,0.000000,0.000000,0.000000,0.000000,disabled,1.000000,0.000000
f89033731dd40557,100%,100,91-100,100%,100,91-100,text,pygments,True,1.000000,1.000000,1.000000,1.000000,1.000000,1.000000,1.000000,0.441860,0.612903,1.000000,1.000000,1.000000,1.000000,1.000000,0.333333,1.000000,9,6,CodeEdit/Documents/WorkspaceDocument.swift,same_file,2,False,,,0.000000,0.000000,no supported local structural parser,False,,0,0.000000,0.000000,0.000000,0.000000,disabled,1.000000,1.000000
318c5929620a64f7,partial,29,21-30,partial,55,51-60,text,pygments,False,0.400000,0.666667,1.000000,0.666667,1.000000,0.400000,0.666667,0.146667,0.240437,1.000000,0.666667,1.000000,0.200000,0.939394,0.277778,0.214286,14,18,CodeEdit/Documents/WorkspaceCodeFileView.swift,same_file,2,False,,,0.000000,0.000000,no supported local structural parser,False,,0,0.000000,0.000000,0.000000,0.000000,disabled,1.000000,0.400000
a6e1d0d5a30bb211,mostly,89,81-90,mostly,85,81-90,text,pygments,False,0.666667,1.000000,1.000000,1.000000,1.000000,0.666667,0.888889,1.000000,0.941176,0.888889,0.888889,0.888889,0.666667,0.888889,0.666667,1.000000,5,2,CodeEditModules/Modules/CodeFile/src/CodeFile.swift,same_file,4,False,,,0.000000,0.000000,no supported local structural parser,False,,0,0.000000,0.000000,0.000000,0.000000,disabled,1.000000,0.666700
d17bd0754aa7dc66,0%,0,0,partial,38,31-40,text,pygments,False,0.000000,0.190476,0.476190,0.190476,0.476190,0.000000,0.190476,0.307692,0.235294,0.476190,0.190476,0.476190,0.000000,0.428571,0.500000,0.083333,12,3,CodeEditModules/Modules/CodeFile/src/CodeFile.swift,same_file,2,False,,,0.000000,0.000000,no supported local structural parser,False,,0,0.000000,0.000000,0.000000,0.000000,disabled,1.000000,0.000000
a1ebbe2f91bf134d,partial,31,31-40,partial,55,51-60,text,pygments,False,0.375000,0.859649,1.000000,0.859649,1.000000,0.250000,0.859649,0.185606,0.305296,1.000000,0.859649,1.000000,0.250000,0.947368,0.121212,0.692308,26,66,CodeEditModules/Modules/CodeFile/src/CodeFile.swift,neighboring_same_file,3,False,,,0.000000,0.000000,no supported local structural parser,False,,0,0.000000,0.000000,0.000000,0.000000,disabled,1.000000,0.375000
a987b27bfc3f7ac4,100%,100,91-100,100%,100,91-100,text,pygments,True,1.000000,1.000000,1.000000,1.000000,1.000000,1.000000,1.000000,0.181818,0.307692,1.000000,1.000000,1.000000,1.000000,1.000000,0.250000,1.000000,3,4,CodeEditModules/Modules/WorkspaceClient/src/Model/FileItem.swift,same_file,3,False,,,0.000000,0.000000,no supported local structural parser,False,,0,0.000000,0.000000,0.000000,0.000000,disabled,1.000000,1.000000
afa24ad297d19b8b,100%,100,91-100,100%,100,91-100,text,pygments,True,1.000000,1.000000,1.000000,1.000000,1.000000,1.000000,1.000000,1.000000,1.000000,1.000000,1.000000,1.000000,1.000000,1.000000,1.000000,1.000000,5,1,CodeEditModules/Modules/WorkspaceClient/src/Model/FileItem.swift,same_file,1,False,,,0.000000,0.000000,no supported local structural parser,False,,0,0.000000,0.000000,0.000000,0.000000,disabled,1.000000,1.000000
7081598878cfea42,partial,8,1-10,partial,55,51-60,text,pygments,False,0.250000,0.625000,1.000000,0.625000,1.000000,0.250000,0.625000,0.227273,0.333333,1.000000,0.625000,1.000000,0.250000,1.000000,0.500000,0.000000,3,8,CodeEdit/Features/NavigatorSidebar/NavigatorSidebarToolbarTop.swift,same_file,2,False,,,0.000000,0.000000,no supported local structural parser,False,,0,0.000000,0.000000,0.000000,0.000000,disabled,1.000000,0.250000
338221fb7780396c,partial,6,1-10,partial,55,51-60,text,pygments,False,0.200000,0.660377,0.981132,0.660377,0.981132,0.200000,0.660377,0.393258,0.492958,0.981132,0.660377,0.981132,0.100000,0.811321,0.714286,0.260870,23,14,CodeEdit/Features/Documents/Controllers/CodeEditSplitViewController.swift,neighboring_same_file,4,False,,,0.000000,0.000000,no supported local structural parser,False,,0,0.000000,0.000000,0.000000,0.000000,disabled,1.000000,0.200000
31d3c30399fce3f4,100%,100,91-100,100%,100,91-100,text,pygments,True,1.000000,1.000000,1.000000,1.000000,1.000000,1.000000,1.000000,0.647059,0.785714,1.000000,1.000000,1.000000,1.000000,1.000000,0.500000,1.000000,5,2,CodeEdit/Features/Contributors/ContributorsView.swift,same_file,3,False,,,0.000000,0.000000,no supported local structural parser,False,,0,0.000000,0.000000,0.000000,0.000000,disabled,1.000000,1.000000
74f3a68edf2d7546,100%,100,91-100,100%,100,91-100,text,pygments,True,1.000000,1.000000,1.000000,1.000000,1.000000,1.000000,1.000000,0.352941,0.521739,1.000000,1.000000,1.000000,1.000000,1.000000,0.500000,1.000000,2,2,CodeEdit/Features/Contributors/ContributorsView.swift,same_file,4,False,,,0.000000,0.000000,no supported local structural parser,False,,0,0.000000,0.000000,0.000000,0.000000,disabled,1.000000,1.000000
bd97995a0a35af31,100%,100,91-100,100%,100,91-100,text,pygments,True,1.000000,1.000000,1.000000,1.000000,1.000000,1.000000,1.000000,0.478261,0.647059,1.000000,1.000000,1.000000,1.000000,1.000000,0.333333,1.000000,5,3,CodeEdit/Features/Contributors/ContributorsView.swift,same_file,2,False,,,0.000000,0.000000,no supported local structural parser,False,,0,0.000000,0.000000,0.000000,0.000000,disabled,1.000000,1.000000
d832bd6b2ac565d6,partial,50,41-50,mostly,71,71-80,text,pygments,False,0.500000,0.714286,0.857143,0.714286,0.857143,0.500000,0.714286,0.652174,0.681818,0.857143,0.714286,0.857143,0.500000,0.809524,0.750000,0.500000,6,3,CodeEdit/Features/Contributors/ContributorsView.swift,same_file,2,False,,,0.000000,0.000000,no supported local structural parser,False,,0,0.000000,0.000000,0.000000,0.000000,disabled,1.000000,0.500000
e8f87fbaa685f7e7,0%,0,0,partial,42,41-50,text,pygments,False,0.000000,0.178571,0.285714,0.178571,0.285714,0.000000,0.178571,0.500000,0.263158,0.285714,0.178571,0.285714,0.000000,0.285714,0.666667,0.181818,11,2,CodeEdit/Features/Acknowledgements/Views/AcknowledgementsView.swift,same_file,1,False,,,0.000000,0.000000,no supported local structural parser,False,,0,0.000000,0.000000,0.000000,0.000000,disabled,1.000000,0.000000
365187bde43df51c,mostly,62,61-70,mostly,85,81-90,text,pygments,False,0.666667,0.920000,0.960000,0.920000,0.960000,0.500000,0.880000,1.000000,0.936170,0.880000,0.880000,0.880000,0.166667,0.880000,0.500000,0.888889,9,3,CodeEdit/Features/Documents/Controllers/CodeEditDocumentController.swift,same_file,3,False,,,0.000000,0.000000,no supported local structural parser,False,,0,0.000000,0.000000,0.000000,0.000000,disabled,1.000000,0.666700
1a32e296f9ba60c4,mostly,75,71-80,mostly,88,81-90,text,pygments,False,0.750000,0.954545,1.000000,0.954545,1.000000,0.750000,0.954545,0.488372,0.646154,1.000000,0.954545,1.000000,0.750000,1.000000,0.800000,0.888889,9,5,CodeEdit/Features/AppPreferences/Model/Terminal/TerminalPreferences.swift,same_file,5,False,,,0.000000,0.000000,no supported local structural parser,False,,0,0.000000,0.000000,0.000000,0.000000,disabled,1.000000,0.750000
9abda997f47b2a1f,mostly,75,71-80,mostly,88,81-90,text,pygments,False,0.750000,0.954545,1.000000,0.954545,1.000000,0.750000,0.954545,0.488372,0.646154,1.000000,0.954545,1.000000,0.750000,1.000000,0.800000,0.888889,9,5,CodeEdit/Features/AppPreferences/Model/Terminal/TerminalPreferences.swift,same_file,5,False,,,0.000000,0.000000,no supported local structural parser,False,,0,0.000000,0.000000,0.000000,0.000000,disabled,1.000000,0.750000
fff4e815a50146de,100%,100,91-100,100%,100,91-100,text,pygments,True,1.000000,1.000000,1.000000,1.000000,1.000000,1.000000,1.000000,1.000000,1.000000,1.000000,1.000000,1.000000,1.000000,1.000000,1.000000,1.000000,8,1,CodeEdit/Features/NavigatorSidebar/FindNavigator/FindNavigatorModeSelector.swift,same_file,1,False,,,0.000000,0.000000,no supported local structural parser,False,,0,0.000000,0.000000,0.000000,0.000000,disabled,1.000000,1.000000
462c219537cdf024,100%,100,91-100,100%,100,91-100,text,pygments,True,1.000000,1.000000,1.000000,1.000000,1.000000,1.000000,1.000000,1.000000,1.000000,1.000000,1.000000,1.000000,1.000000,1.000000,1.000000,1.000000,2,1,CodeEdit/Features/Documents/Controllers/CodeEditSplitViewController.swift,same_file,1,False,,,0.000000,0.000000,no supported local structural parser,False,,0,0.000000,0.000000,0.000000,0.000000,disabled,1.000000,1.000000
a90f2ff7d7a712c5,100%,100,91-100,100%,100,91-100,text,pygments,True,1.000000,1.000000,1.000000,1.000000,1.000000,1.000000,1.000000,1.000000,1.000000,1.000000,1.000000,1.000000,1.000000,1.000000,1.000000,1.000000,1,1,CodeEdit/Features/Documents/Controllers/CodeEditSplitViewController.swift,same_file,1,False,,,0.000000,0.000000,no supported local structural parser,False,,0,0.000000,0.000000,0.000000,0.000000,disabled,1.000000,1.000000
11a8a4291c7bba9a,100%,90,81-90,mostly,82,81-90,text,pygments,False,0.000000,0.875000,1.000000,0.875000,1.000000,0.000000,0.875000,0.269231,0.411765,1.000000,0.875000,1.000000,0.000000,1.000000,0.333333,0.750000,4,3,CodeEdit/Features/QuickOpen/Views/QuickOpenPreviewView.swift,same_file,3,False,,,0.000000,0.000000,no supported local structural parser,False,,0,0.000000,0.000000,0.000000,0.000000,disabled,1.000000,0.000000
0c1799b2d3537207,100%,100,91-100,100%,100,91-100,text,pygments,True,1.000000,1.000000,1.000000,1.000000,1.000000,1.000000,1.000000,1.000000,1.000000,1.000000,1.000000,1.000000,1.000000,1.000000,1.000000,1.000000,5,1,CodeEdit/AppDelegate.swift,same_file,4,False,,,0.000000,0.000000,no supported local structural parser,False,,0,0.000000,0.000000,0.000000,0.000000,disabled,1.000000,1.000000
bb453b6e5f0e5d52,100%,100,91-100,100%,100,91-100,text,pygments,True,1.000000,1.000000,1.000000,1.000000,1.000000,1.000000,1.000000,1.000000,1.000000,1.000000,1.000000,1.000000,1.000000,1.000000,1.000000,1.000000,10,1,CodeEdit/Features/QuickOpen/ViewModels/QuickOpenViewModel.swift,same_file,3,False,,,0.000000,0.000000,no supported local structural parser,False,,0,0.000000,0.000000,0.000000,0.000000,disabled,1.000000,1.000000
7b8496c0ae41bb14,100%,100,91-100,100%,100,91-100,text,pygments,True,1.000000,1.000000,1.000000,1.000000,1.000000,1.000000,1.000000,1.000000,1.000000,1.000000,1.000000,1.000000,1.000000,1.000000,1.000000,1.000000,10,1,CodeEdit/Features/QuickOpen/Views/QuickOpenPreviewView.swift,same_file,1,False,,,0.000000,0.000000,no supported local structural parser,False,,0,0.000000,0.000000,0.000000,0.000000,disabled,1.000000,1.000000
63608038fec6e84d,100%,100,91-100,100%,100,91-100,text,pygments,True,1.000000,1.000000,1.000000,1.000000,1.000000,1.000000,1.000000,1.000000,1.000000,1.000000,1.000000,1.000000,1.000000,1.000000,1.000000,1.000000,5,1,CodeEdit/Features/Settings/Pages/GeneralSettings/GeneralSettingsView.swift,same_file,1,False,,,0.000000,0.000000,no supported local structural parser,False,,0,0.000000,0.000000,0.000000,0.000000,disabled,1.000000,1.000000
edb591eecadf108b,100%,100,91-100,100%,100,91-100,text,pygments,True,1.000000,1.000000,1.000000,1.000000,1.000000,1.000000,1.000000,1.000000,1.000000,1.000000,1.000000,1.000000,1.000000,1.000000,1.000000,1.000000,5,1,CodeEdit/Features/Settings/Pages/GeneralSettings/GeneralSettingsView.swift,same_file,1,False,,,0.000000,0.000000,no supported local structural parser,False,,0,0.000000,0.000000,0.000000,0.000000,disabled,1.000000,1.000000
b3b066b724ce7905,100%,100,91-100,100%,100,91-100,text,pygments,True,1.000000,1.000000,1.000000,1.000000,1.000000,1.000000,1.000000,1.000000,1.000000,1.000000,1.000000,1.000000,1.000000,1.000000,1.000000,1.000000,9,1,OpenWithCodeEdit/FinderSync.swift,same_file,3,False,,,0.000000,0.000000,no supported local structural parser,False,,0,0.000000,0.000000,0.000000,0.000000,disabled,1.000000,1.000000
f3b41f5b0de3b039,100%,100,91-100,100%,100,91-100,text,pygments,True,1.000000,1.000000,1.000000,1.000000,1.000000,1.000000,1.000000,1.000000,1.000000,1.000000,1.000000,1.000000,1.000000,1.000000,1.000000,1.000000,4,1,OpenWithCodeEdit/FinderSync.swift,same_file,5,False,,,0.000000,0.000000,no supported local structural parser,False,,0,0.000000,0.000000,0.000000,0.000000,disabled,1.000000,1.000000
5c676c631210c075,100%,100,91-100,100%,100,91-100,text,pygments,True,1.000000,1.000000,1.000000,1.000000,1.000000,1.000000,1.000000,1.000000,1.000000,1.000000,1.000000,1.000000,1.000000,1.000000,1.000000,1.000000,10,1,OpenWithCodeEdit/FinderSync.swift,same_file,3,False,,,0.000000,0.000000,no supported local structural parser,False,,0,0.000000,0.000000,0.000000,0.000000,disabled,1.000000,1.000000
543901c5e7844404,100%,100,91-100,100%,100,91-100,text,regex,True,1.000000,1.000000,1.000000,1.000000,1.000000,1.000000,1.000000,1.000000,1.000000,1.000000,1.000000,1.000000,1.000000,1.000000,1.000000,1.000000,11,1,CodeEdit/Features/NavigatorSidebar/ProjectNavigator/OutlineView/ProjectNavigatorOutlineView.swift,same_file,1,False,,,0.000000,0.000000,no supported local structural parser,False,,0,0.000000,0.000000,0.000000,0.000000,disabled,1.000000,1.000000
74f730920bb97603,mostly,63,61-70,partial,53,51-60,text,regex,False,0.333333,0.142857,0.628571,0.142857,0.628571,0.333333,0.142857,0.086207,0.107527,0.628571,0.142857,0.628571,0.333333,0.600000,0.187500,0.133333,15,16,CodeEdit/Features/Editor/Models/Editor.swift,same_file,2,False,,,0.000000,0.000000,no supported local structural parser,False,,0,0.000000,0.000000,0.000000,0.000000,disabled,1.000000,0.333300
bd82c8edb036c521,0%,0,0,0%,0,0,text,pygments,False,0.000000,0.653846,0.884615,0.653846,0.884615,0.000000,0.653846,0.288136,0.400000,0.884615,0.653846,0.884615,0.000000,0.730769,0.571429,0.454545,11,7,CodeEdit/Features/WindowCommands/FileCommands.swift,neighboring_same_file,4,False,,,0.000000,0.000000,no supported local structural parser,False,,0,0.000000,0.000000,0.000000,0.000000,disabled,1.000000,0.000000
cf9dd3c4a2064169,100%,90,81-90,mostly,82,81-90,text,pygments,False,0.000000,0.941176,1.000000,0.941176,1.000000,0.000000,0.941176,0.941176,0.941176,1.000000,0.941176,1.000000,0.000000,1.000000,1.000000,0.800000,5,1,CodeEdit/Features/WindowCommands/FileCommands.swift,same_file,4,False,,,0.000000,0.000000,no supported local structural parser,False,,0,0.000000,0.000000,0.000000,0.000000,disabled,1.000000,0.000000
28b435502e9be932,100%,100,91-100,mostly,82,81-90,text,pygments,False,0.000000,1.000000,1.000000,1.000000,1.000000,0.000000,1.000000,0.941176,0.969697,1.000000,1.000000,1.000000,0.000000,1.000000,1.000000,1.000000,6,1,CodeEdit/Features/WindowCommands/FileCommands.swift,same_file,5,False,,,0.000000,0.000000,no supported local structural parser,False,,0,0.000000,0.000000,0.000000,0.000000,disabled,1.000000,0.000000
01c099e68db32f69,100%,100,91-100,100%,100,91-100,text,pygments,True,1.000000,1.000000,1.000000,1.000000,1.000000,1.000000,1.000000,1.000000,1.000000,1.000000,1.000000,1.000000,1.000000,1.000000,1.000000,1.000000,1,1,CodeEdit/Features/Documents/WorkspaceDocument+Search.swift,same_file,4,False,,,0.000000,0.000000,no supported local structural parser,False,,0,0.000000,0.000000,0.000000,0.000000,disabled,1.000000,1.000000
64e2ead756d052a2,partial,11,11-20,partial,55,51-60,text,pygments,False,0.333333,0.450000,0.900000,0.475000,0.925000,0.333333,0.450000,0.173077,0.250000,0.900000,0.475000,0.925000,0.222222,0.775000,0.375000,0.000000,15,24,CodeEdit/Features/Settings/Pages/SearchSettings/SearchSettingsView.swift,same_file,2,False,,,0.000000,0.000000,no supported local structural parser,False,,0,0.000000,0.000000,0.000000,0.000000,disabled,1.000000,0.333300
0a8465736ab96d28,100%,100,91-100,100%,100,91-100,text,pygments,False,1.000000,1.000000,1.000000,1.000000,1.000000,0.800000,0.971014,1.000000,0.985294,0.971014,0.971014,0.971014,0.700000,0.971014,0.800000,1.000000,26,8,CodeEdit/Features/UtilityArea/Views/UtilityAreaView.swift,same_file,3,False,,,0.000000,0.000000,no supported local structural parser,False,,0,0.000000,0.000000,0.000000,0.000000,disabled,1.000000,1.000000
7cbea71e5939de92,mostly,62,61-70,mostly,85,81-90,text,pygments,False,0.625000,0.666667,0.666667,0.666667,0.666667,0.625000,0.666667,1.000000,0.800000,0.666667,0.666667,0.666667,0.500000,0.666667,0.625000,0.642857,28,5,CodeEdit/Features/UtilityArea/Views/UtilityAreaView.swift,same_file,2,False,,,0.000000,0.000000,no supported local structural parser,False,,0,0.000000,0.000000,0.000000,0.000000,disabled,1.000000,0.625000
d2b85f607ed31b0f,mostly,84,81-90,partial,55,51-60,text,pygments,False,0.250000,0.892857,0.892857,0.892857,0.892857,0.250000,0.892857,1.000000,0.943396,0.892857,0.892857,0.892857,0.125000,0.892857,0.875000,1.000000,19,7,CodeEdit/Features/UtilityArea/Views/UtilityAreaView.swift,same_file,2,False,,,0.000000,0.000000,no supported local structural parser,False,,0,0.000000,0.000000,0.000000,0.000000,disabled,1.000000,0.250000
eda17a6b86a26708,partial,5,1-10,partial,51,51-60,text,pygments,False,0.057692,0.405530,0.672811,0.423963,0.691244,0.057692,0.405530,0.446701,0.425121,0.672811,0.423963,0.691244,0.019231,0.520737,0.576923,0.195402,87,30,CodeEdit/Features/Settings/Views/MonospacedFontPicker.swift,same_file,1,False,,,0.000000,0.000000,no supported local structural parser,False,,0,0.000000,0.000000,0.000000,0.000000,disabled,1.000000,0.057700
f20b4e0d6302b09f,0%,0,0,partial,56,51-60,text,pygments,False,0.000000,0.476923,0.707692,0.476923,0.707692,0.000000,0.476923,0.659574,0.553571,0.707692,0.476923,0.707692,0.000000,0.476923,0.285714,0.227273,22,4,CodeEdit/Features/Settings/Views/MonospacedFontPicker.swift,same_file,1,False,,,0.000000,0.000000,no supported local structural parser,False,,0,0.000000,0.000000,0.000000,0.000000,disabled,1.000000,0.000000
20b87ca028f4b32a,partial,52,51-60,partial,55,51-60,text,pygments,False,0.571429,0.907692,0.969231,0.907692,0.969231,0.571429,0.907692,0.686047,0.781457,0.969231,0.907692,0.969231,0.285714,0.876923,1.000000,0.851852,27,7,CodeEdit/Features/Git/SourceControlManager.swift,neighboring_same_file,3,False,,,0.000000,0.000000,no supported local structural parser,False,,0,0.000000,0.000000,0.000000,0.000000,disabled,1.000000,0.571400
e2c68428de084a8f,100%,100,91-100,100%,100,91-100,text,regex,True,1.000000,1.000000,1.000000,1.000000,1.000000,1.000000,1.000000,1.000000,1.000000,1.000000,1.000000,1.000000,1.000000,1.000000,1.000000,1.000000,3,1,CodeEdit/Features/Commands/Views/QuickActionsView.swift,same_file,1,False,,,0.000000,0.000000,no supported local structural parser,False,,0,0.000000,0.000000,0.000000,0.000000,disabled,1.000000,1.000000
865a324977c27716,partial,50,41-50,0%,0,0,text,pygments,False,0.500000,0.000000,0.666667,0.000000,0.666667,0.500000,0.000000,0.000000,0.000000,0.666667,0.000000,0.666667,0.500000,0.666667,0.500000,0.000000,2,1,CodeEdit/Utils/DependencyInjection/ServiceType.swift,same_file,1,False,,,0.000000,0.000000,no supported local structural parser,False,,0,0.000000,0.000000,0.000000,0.000000,disabled,1.000000,0.500000
78e9983514c4c3c6,partial,6,1-10,partial,55,51-60,text,pygments,False,0.166667,0.571429,0.785714,0.571429,0.785714,0.166667,0.571429,0.246154,0.344086,0.785714,0.571429,0.785714,0.166667,0.607143,0.545455,0.222222,9,11,CodeEdit/Features/Editor/Views/CodeFileView.swift,neighboring_same_file,4,False,,,0.000000,0.000000,no supported local structural parser,False,,0,0.000000,0.000000,0.000000,0.000000,disabled,1.000000,0.166700
898122cba217b53d,100%,100,91-100,100%,100,91-100,text,pygments,True,1.000000,1.000000,1.000000,1.000000,1.000000,1.000000,1.000000,0.425000,0.596491,1.000000,1.000000,1.000000,1.000000,1.000000,0.166667,1.000000,8,6,CodeEdit/Features/Search/Views/QuickSearchResultLabel.swift,same_file,1,False,,,0.000000,0.000000,no supported local structural parser,False,,0,0.000000,0.000000,0.000000,0.000000,disabled,1.000000,1.000000
d07970e7d6c7bf49,100%,100,91-100,100%,100,91-100,text,pygments,True,1.000000,1.000000,1.000000,1.000000,1.000000,1.000000,1.000000,0.575000,0.730159,1.000000,1.000000,1.000000,1.000000,1.000000,0.833333,1.000000,8,6,CodeEdit/Features/Search/Views/QuickSearchResultLabel.swift,same_file,1,False,,,0.000000,0.000000,no supported local structural parser,False,,0,0.000000,0.000000,0.000000,0.000000,disabled,1.000000,1.000000
b4088f46444213fb,partial,31,31-40,mostly,82,81-90,text,pygments,False,0.000000,1.000000,1.000000,1.000000,1.000000,0.000000,1.000000,0.716981,0.835165,1.000000,1.000000,1.000000,0.000000,1.000000,0.500000,1.000000,15,6,CodeEdit/Features/CEWorkspace/Models/CEWorkspaceFileManager.swift,same_file,4,False,,,0.000000,0.000000,no supported local structural parser,False,,0,0.000000,0.000000,0.000000,0.000000,disabled,1.000000,0.000000
d4f3a98bae90d434,100%,100,91-100,100%,100,91-100,text,pygments,True,1.000000,1.000000,1.000000,1.000000,1.000000,1.000000,1.000000,1.000000,1.000000,1.000000,1.000000,1.000000,1.000000,1.000000,1.000000,1.000000,4,1,CodeEdit/Features/Documents/Controllers/CodeEditWindowController.swift,same_file,1,False,,,0.000000,0.000000,no supported local structural parser,False,,0,0.000000,0.000000,0.000000,0.000000,disabled,1.000000,1.000000
430c01ab3b1b2cc2,100%,100,91-100,100%,100,91-100,text,pygments,True,1.000000,1.000000,1.000000,1.000000,1.000000,1.000000,1.000000,0.250000,0.400000,1.000000,1.000000,1.000000,1.000000,1.000000,0.250000,1.000000,3,4,CodeEdit/Features/Documents/Controllers/CodeEditWindowController.swift,same_file,1,False,,,0.000000,0.000000,no supported local structural parser,False,,0,0.000000,0.000000,0.000000,0.000000,disabled,1.000000,1.000000
e7397d8b413cc39b,100%,100,91-100,100%,100,91-100,text,pygments,True,1.000000,1.000000,1.000000,1.000000,1.000000,1.000000,1.000000,0.250000,0.400000,1.000000,1.000000,1.000000,1.000000,1.000000,0.250000,1.000000,3,4,CodeEdit/Features/Documents/Controllers/CodeEditWindowController.swift,same_file,3,False,,,0.000000,0.000000,no supported local structural parser,False,,0,0.000000,0.000000,0.000000,0.000000,disabled,1.000000,1.000000
26858dd8aa70f7ca,100%,100,91-100,100%,100,91-100,text,pygments,True,1.000000,1.000000,1.000000,1.000000,1.000000,1.000000,1.000000,0.250000,0.400000,1.000000,1.000000,1.000000,1.000000,1.000000,0.250000,1.000000,3,4,CodeEdit/Features/Documents/Controllers/CodeEditWindowController.swift,same_file,3,False,,,0.000000,0.000000,no supported local structural parser,False,,0,0.000000,0.000000,0.000000,0.000000,disabled,1.000000,1.000000
fcd8fd683165f744,100%,100,91-100,100%,100,91-100,text,pygments,True,1.000000,1.000000,1.000000,1.000000,1.000000,1.000000,1.000000,0.250000,0.400000,1.000000,1.000000,1.000000,1.000000,1.000000,0.250000,1.000000,3,4,CodeEdit/Features/Documents/Controllers/CodeEditWindowController.swift,same_file,5,False,,,0.000000,0.000000,no supported local structural parser,False,,0,0.000000,0.000000,0.000000,0.000000,disabled,1.000000,1.000000
0e30ab103c6a75e1,100%,100,91-100,100%,100,91-100,text,pygments,True,1.000000,1.000000,1.000000,1.000000,1.000000,1.000000,1.000000,0.333333,0.500000,1.000000,1.000000,1.000000,1.000000,1.000000,0.333333,1.000000,3,3,CodeEdit/Features/Documents/Controllers/CodeEditWindowController.swift,same_file,7,False,,,0.000000,0.000000,no supported local structural parser,False,,0,0.000000,0.000000,0.000000,0.000000,disabled,1.000000,1.000000
3e1dd7a5c8329562,100%,100,91-100,100%,100,91-100,text,pygments,True,1.000000,1.000000,1.000000,1.000000,1.000000,1.000000,1.000000,0.500000,0.666667,1.000000,1.000000,1.000000,1.000000,1.000000,0.500000,1.000000,3,2,CodeEdit/Features/Documents/Controllers/CodeEditWindowController.swift,same_file,6,False,,,0.000000,0.000000,no supported local structural parser,False,,0,0.000000,0.000000,0.000000,0.000000,disabled,1.000000,1.000000
a64a10f572fd8f22,100%,100,91-100,100%,100,91-100,text,pygments,True,1.000000,1.000000,1.000000,1.000000,1.000000,1.000000,1.000000,0.500000,0.666667,1.000000,1.000000,1.000000,1.000000,1.000000,0.500000,1.000000,3,2,CodeEdit/Features/Documents/Controllers/CodeEditWindowController.swift,same_file,7,False,,,0.000000,0.000000,no supported local structural parser,False,,0,0.000000,0.000000,0.000000,0.000000,disabled,1.000000,1.000000
e57a5c0e79478e29,100%,100,91-100,100%,100,91-100,text,pygments,True,1.000000,1.000000,1.000000,1.000000,1.000000,1.000000,1.000000,0.500000,0.666667,1.000000,1.000000,1.000000,1.000000,1.000000,0.500000,1.000000,3,2,CodeEdit/Features/Documents/Controllers/CodeEditWindowController.swift,same_file,5,False,,,0.000000,0.000000,no supported local structural parser,False,,0,0.000000,0.000000,0.000000,0.000000,disabled,1.000000,1.000000
6a940f93f8ebd031,100%,100,91-100,100%,100,91-100,text,pygments,True,1.000000,1.000000,1.000000,1.000000,1.000000,1.000000,0.428571,0.600000,0.500000,0.428571,0.428571,0.428571,0.000000,0.428571,1.000000,1.000000,2,1,CodeEdit/Features/Documents/Controllers/CodeEditWindowController.swift,same_file,5,False,,,0.000000,0.000000,no supported local structural parser,False,,0,0.000000,0.000000,0.000000,0.000000,disabled,1.000000,1.000000
0c6169ee101c56b8,100%,100,91-100,100%,100,91-100,text,pygments,True,1.000000,1.000000,1.000000,1.000000,1.000000,1.000000,1.000000,1.000000,1.000000,1.000000,1.000000,1.000000,1.000000,1.000000,1.000000,1.000000,3,1,CodeEdit/AppDelegate.swift,same_file,3,False,,,0.000000,0.000000,no supported local structural parser,False,,0,0.000000,0.000000,0.000000,0.000000,disabled,1.000000,1.000000
572bb7fba8bed1a2,100%,100,91-100,100%,100,91-100,text,regex,True,1.000000,1.000000,1.000000,1.000000,1.000000,1.000000,1.000000,1.000000,1.000000,1.000000,1.000000,1.000000,1.000000,1.000000,1.000000,1.000000,13,1,CodeEdit/Features/Documents/WorkspaceDocument/WorkspaceDocument+SearchState.swift,same_file,3,False,,,0.000000,0.000000,no supported local structural parser,False,,0,0.000000,0.000000,0.000000,0.000000,disabled,1.000000,1.000000
e320824a9d889e49,0%,0,0,partial,44,41-50,text,pygments,False,0.000000,0.295082,0.573770,0.295082,0.573770,0.000000,0.295082,0.391304,0.336449,0.573770,0.295082,0.573770,0.000000,0.409836,0.166667,0.041667,24,2,CodeEdit/Features/NavigatorArea/ProjectNavigator/OutlineView/ProjectNavigatorViewController+NSOutlineViewDelegate.swift,neighboring_same_file,2,False,,,0.000000,0.000000,no supported local structural parser,False,,0,0.000000,0.000000,0.000000,0.000000,disabled,1.000000,0.000000
73f7dcf0ffb21ba4,100%,100,91-100,100%,100,91-100,text,pygments,True,1.000000,1.000000,1.000000,1.000000,1.000000,1.000000,1.000000,1.000000,1.000000,1.000000,1.000000,1.000000,1.000000,1.000000,1.000000,1.000000,3,1,CodeEdit/Features/NavigatorArea/OutlineView/FileSystemTableViewCell.swift,same_file,6,False,,,0.000000,0.000000,no supported local structural parser,False,,0,0.000000,0.000000,0.000000,0.000000,disabled,1.000000,1.000000
6a1497ed3d7ff784,100%,100,91-100,100%,95,91-100,text,pygments,False,1.000000,1.000000,1.000000,1.000000,1.000000,0.500000,1.000000,1.000000,1.000000,1.000000,1.000000,1.000000,0.500000,1.000000,0.666667,1.000000,26,3,CodeEdit/Features/CEWorkspace/Models/CEWorkspaceFileManager+FileManagement.swift,same_file,4,False,,,0.000000,0.000000,no supported local structural parser,False,,0,0.000000,0.000000,0.000000,0.000000,disabled,1.000000,1.000000
889111b0868a365d,100%,100,91-100,100%,100,91-100,text,pygments,True,1.000000,1.000000,1.000000,1.000000,1.000000,1.000000,1.000000,0.525000,0.688525,1.000000,1.000000,1.000000,1.000000,1.000000,0.500000,1.000000,11,2,CodeEdit/Features/NavigatorArea/ProjectNavigator/OutlineView/ProjectNavigatorMenuActions.swift,same_file,1,False,,,0.000000,0.000000,no supported local structural parser,False,,0,0.000000,0.000000,0.000000,0.000000,disabled,1.000000,1.000000
24c8565f2123b5e6,100%,100,91-100,100%,100,91-100,text,pygments,True,1.000000,1.000000,1.000000,1.000000,1.000000,1.000000,1.000000,0.475000,0.644068,1.000000,1.000000,1.000000,1.000000,1.000000,0.500000,1.000000,9,2,CodeEdit/Features/NavigatorArea/ProjectNavigator/OutlineView/ProjectNavigatorMenuActions.swift,same_file,1,False,,,0.000000,0.000000,no supported local structural parser,False,,0,0.000000,0.000000,0.000000,0.000000,disabled,1.000000,1.000000
8d14bd483254ef91,mostly,79,71-80,partial,55,51-60,text,pygments,False,0.200000,0.916667,0.972222,0.916667,0.972222,0.200000,0.916667,0.485294,0.634615,0.972222,0.916667,0.972222,0.200000,0.972222,0.454545,0.875000,16,11,CodeEdit/Features/Editor/TabBar/Tabs/Tab/Models/EditorTabFileObserver.swift,same_file,1,False,,,0.000000,0.000000,no supported local structural parser,False,,0,0.000000,0.000000,0.000000,0.000000,disabled,1.000000,0.200000
3fc48a633a3aaaf0,100%,100,91-100,100%,100,91-100,text,pygments,True,1.000000,1.000000,1.000000,1.000000,1.000000,1.000000,1.000000,1.000000,1.000000,1.000000,1.000000,1.000000,1.000000,1.000000,1.000000,1.000000,6,1,CodeEdit/Features/NavigatorArea/ProjectNavigator/OutlineView/ProjectNavigatorViewController.swift,same_file,1,False,,,0.000000,0.000000,no supported local structural parser,False,,0,0.000000,0.000000,0.000000,0.000000,disabled,1.000000,1.000000
a292ef691e87ea34,partial,5,1-10,partial,59,51-60,text,pygments,False,0.032258,0.459184,0.602041,0.479592,0.622449,0.032258,0.459184,0.692308,0.552147,0.602041,0.479592,0.622449,0.032258,0.469388,0.290323,0.228571,35,9,CodeEdit/Features/NavigatorArea/ProjectNavigator/ProjectNavigatorToolbarBottom.swift,neighboring_same_file,3,False,,,0.000000,0.000000,no supported local structural parser,False,,0,0.000000,0.000000,0.000000,0.000000,disabled,1.000000,0.032300
f2a69e1ed18d680b,100%,100,91-100,100%,100,91-100,text,pygments,True,1.000000,1.000000,1.000000,1.000000,1.000000,1.000000,1.000000,0.225806,0.368421,1.000000,1.000000,1.000000,1.000000,1.000000,0.500000,1.000000,4,2,CodeEdit/Features/Welcome/Model/RecentProjectsStore.swift,same_file,5,False,,,0.000000,0.000000,no supported local structural parser,False,,0,0.000000,0.000000,0.000000,0.000000,disabled,1.000000,1.000000
d5a8c66614ba02fa,0%,0,0,0%,0,0,text,pygments,False,0.000000,0.444444,0.555556,0.555556,0.666667,0.000000,0.444444,0.016327,0.031496,0.555556,0.555556,0.666667,0.000000,0.666667,0.052632,0.333333,3,19,CodeEditTests/Features/Welcome/RecentProjectsTests.swift,same_file,3,False,,,0.000000,0.000000,no supported local structural parser,False,,0,0.000000,0.000000,0.000000,0.000000,disabled,1.000000,0.000000
969c940781d87eae,mostly,80,71-80,mostly,85,81-90,text,pygments,False,0.500000,0.888889,0.888889,0.888889,0.888889,0.500000,0.888889,1.000000,0.941176,0.888889,0.888889,0.888889,0.500000,0.888889,0.500000,1.000000,3,1,CodeEdit/Features/Editor/JumpBar/Views/EditorJumpBarView.swift,same_file,2,False,,,0.000000,0.000000,no supported local structural parser,False,,0,0.000000,0.000000,0.000000,0.000000,disabled,1.000000,0.500000
1a6cc6a42d18d540,100%,100,91-100,100%,100,91-100,text,pygments,True,1.000000,1.000000,1.000000,1.000000,1.000000,1.000000,1.000000,1.000000,1.000000,1.000000,1.000000,1.000000,1.000000,1.000000,1.000000,1.000000,4,1,CodeEdit/Features/Editor/JumpBar/Views/EditorJumpBarComponent.swift,same_file,1,False,,,0.000000,0.000000,no supported local structural parser,False,,0,0.000000,0.000000,0.000000,0.000000,disabled,1.000000,1.000000
c0ded574dffe88e0,100%,100,91-100,100%,100,91-100,text,pygments,True,1.000000,1.000000,1.000000,1.000000,1.000000,1.000000,1.000000,1.000000,1.000000,1.000000,1.000000,1.000000,1.000000,1.000000,1.000000,1.000000,4,1,CodeEdit/Features/Editor/JumpBar/Views/EditorJumpBarView.swift,same_file,3,False,,,0.000000,0.000000,no supported local structural parser,False,,0,0.000000,0.000000,0.000000,0.000000,disabled,1.000000,1.000000
06e995c76a75e09c,100%,100,91-100,100%,100,91-100,text,pygments,True,1.000000,1.000000,1.000000,1.000000,1.000000,1.000000,1.000000,1.000000,1.000000,1.000000,1.000000,1.000000,1.000000,1.000000,1.000000,1.000000,11,2,CodeEdit/Features/SourceControl/Clone/ViewModels/GitCloneViewModel.swift,same_file,1,False,,,0.000000,0.000000,no supported local structural parser,False,,0,0.000000,0.000000,0.000000,0.000000,disabled,1.000000,1.000000
b755201cc77900cd,100%,90,81-90,mostly,82,81-90,python,python,False,0.000000,0.750000,1.000000,0.750000,1.000000,0.000000,0.750000,0.375000,0.500000,1.000000,0.750000,1.000000,0.000000,1.000000,0.500000,0.500000,2,2,encoder/audio.py,same_file,1,True,python_ast,python,1.000000,1.000000,,False,,0,0.000000,0.000000,0.000000,0.000000,disabled,1.000000,0.000000
a6235e6e02364f31,100%,100,91-100,100%,100,91-100,python,python,True,1.000000,1.000000,1.000000,1.000000,1.000000,1.000000,1.000000,0.500000,0.666667,1.000000,1.000000,1.000000,1.000000,1.000000,0.500000,1.000000,2,2,encoder/audio.py,same_file,1,True,python_ast,python,1.000000,1.000000,,False,,0,0.000000,0.000000,0.000000,0.000000,disabled,1.000000,1.000000
4ab0b6350326b2e9,100%,100,91-100,100%,100,91-100,python,python,True,1.000000,1.000000,1.000000,1.000000,1.000000,1.000000,1.000000,1.000000,1.000000,1.000000,1.000000,1.000000,1.000000,1.000000,1.000000,1.000000,9,1,synthesizer/preprocess.py,same_file,3,True,python_ast,python,1.000000,1.000000,,False,,0,0.000000,0.000000,0.000000,0.000000,disabled,1.000000,1.000000
591be84057c61c7d,0%,0,0,0%,0,0,text,regex,False,0.000000,0.320000,0.620000,0.320000,0.620000,0.000000,0.260000,0.260000,0.260000,0.560000,0.260000,0.560000,0.000000,0.440000,0.714286,0.000000,18,7,frontend/src/components/smart/CharacterList.vue,same_file,4,False,,,0.000000,0.000000,no supported local structural parser,False,,0,0.000000,0.000000,0.000000,0.000000,disabled,1.000000,0.000000
a4af5fa9f9968626,100%,100,91-100,100%,100,91-100,text,pygments,True,1.000000,1.000000,1.000000,1.000000,1.000000,1.000000,1.000000,0.734694,0.847059,1.000000,1.000000,1.000000,1.000000,1.000000,0.666667,1.000000,9,3,contracts/cryptoblades.sol,same_file,4,False,,,0.000000,0.000000,no supported local structural parser,False,,0,0.000000,0.000000,0.000000,0.000000,disabled,1.000000,1.000000
082c6378d74f6c0e,100%,100,91-100,100%,100,91-100,text,pygments,True,1.000000,1.000000,1.000000,1.000000,1.000000,1.000000,1.000000,1.000000,1.000000,1.000000,1.000000,1.000000,1.000000,1.000000,1.000000,1.000000,7,1,contracts/cryptoblades.sol,same_file,3,False,,,0.000000,0.000000,no supported local structural parser,False,,0,0.000000,0.000000,0.000000,0.000000,disabled,1.000000,1.000000
39eb4ae51c8b6446,mostly,70,61-70,mostly,82,81-90,text,pygments,False,0.000000,1.000000,1.000000,1.000000,1.000000,0.000000,1.000000,0.250000,0.400000,1.000000,1.000000,1.000000,0.000000,1.000000,0.333333,1.000000,2,3,contracts/characters.sol,same_file,5,False,,,0.000000,0.000000,no supported local structural parser,False,,0,0.000000,0.000000,0.000000,0.000000,disabled,1.000000,0.000000
025793c1f685caec,100%,100,91-100,100%,100,91-100,text,pygments,True,1.000000,1.000000,1.000000,1.000000,1.000000,1.000000,1.000000,1.000000,1.000000,1.000000,1.000000,1.000000,1.000000,1.000000,1.000000,1.000000,2,2,contracts/cryptoblades.sol,same_file,1,False,,,0.000000,0.000000,no supported local structural parser,False,,0,0.000000,0.000000,0.000000,0.000000,disabled,1.000000,1.000000
1892998f4ef74f64,partial,24,21-30,partial,55,51-60,text,pygments,False,0.285714,0.666667,0.844444,0.688889,0.866667,0.285714,0.666667,0.121457,0.205479,0.844444,0.688889,0.866667,0.142857,0.733333,0.179487,0.400000,15,39,contracts/cryptoblades.sol,same_file,1,False,,,0.000000,0.000000,no supported local structural parser,False,,0,0.000000,0.000000,0.000000,0.000000,disabled,1.000000,0.285700
e6affb33e9320e59,0%,0,0,mostly,78,71-80,text,pygments,False,0.000000,0.333333,0.333333,0.333333,0.333333,0.000000,0.333333,0.100000,0.153846,0.333333,0.333333,0.333333,0.000000,0.333333,0.166667,1.000000,1,1,frontend/src/views/Raid.vue,same_file,4,False,,,0.000000,0.000000,no supported local structural parser,False,,0,0.000000,0.000000,0.000000,0.000000,disabled,1.000000,0.000000
f1fd695308c308dc,0%,0,0,0%,0,0,text,pygments,False,0.000000,0.928571,0.928571,0.928571,0.928571,0.000000,0.928571,0.250000,0.393939,0.928571,0.928571,0.928571,0.000000,0.857143,0.125000,0.000000,0,8,contracts/cryptoblades.sol,same_file,2,False,,,0.000000,0.000000,no supported local structural parser,False,,0,0.000000,0.000000,0.000000,0.000000,disabled,1.000000,0.000000
daf0b1e1ea6686ec,100%,100,91-100,100%,100,91-100,text,pygments,True,1.000000,1.000000,1.000000,1.000000,1.000000,1.000000,1.000000,1.000000,1.000000,1.000000,1.000000,1.000000,1.000000,1.000000,1.000000,1.000000,7,1,frontend/src/views/Bridge.vue,same_file,1,False,,,0.000000,0.000000,no supported local structural parser,False,,0,0.000000,0.000000,0.000000,0.000000,disabled,1.000000,1.000000
5356ca3297fe72b9,partial,9,1-10,partial,55,51-60,go,pygments,False,0.250000,0.529412,0.941176,0.529412,0.941176,0.250000,0.529412,0.120000,0.195652,0.941176,0.529412,0.941176,0.125000,0.852941,0.275862,0.066667,15,29,core/eval.go,same_file,1,True,tree_sitter,go,0.827586,0.827586,,False,,0,0.000000,0.000000,0.000000,0.000000,disabled,1.000000,0.250000
36480b87dfbfea8e,0%,0,0,0%,0,0,go,pygments,False,0.000000,0.454545,0.909091,0.454545,0.909091,0.000000,0.454545,0.014409,0.027933,0.909091,0.454545,0.909091,0.000000,0.909091,0.026316,0.250000,4,38,tests/keys_test.go,same_file,1,True,tree_sitter,go,0.916667,0.916667,,False,,0,0.000000,0.000000,0.000000,0.000000,disabled,1.000000,0.000000
a4a796424094011b,0%,0,0,0%,0,0,go,pygments,False,0.000000,0.606061,0.818182,0.651515,0.863636,0.000000,0.606061,0.156863,0.249221,0.818182,0.651515,0.863636,0.000000,0.681818,0.051282,0.318182,22,39,core/eval.go,same_file,1,True,tree_sitter,go,0.636364,0.636364,,False,,0,0.000000,0.000000,0.000000,0.000000,disabled,1.000000,0.000000
e4e308c775b78a9a,partial,6,1-10,partial,55,51-60,go,pygments,False,0.200000,0.272727,1.000000,0.272727,1.000000,0.200000,0.272727,0.013216,0.025210,1.000000,0.272727,1.000000,0.200000,1.000000,0.135135,0.000000,8,37,core/eval.go,same_file,1,True,tree_sitter,go,0.538462,0.538462,,False,,0,0.000000,0.000000,0.000000,0.000000,disabled,1.000000,0.200000
7b43cb05ce269840,0%,0,0,0%,0,0,go,pygments,False,0.000000,0.350000,0.825000,0.400000,0.875000,0.000000,0.350000,0.060870,0.103704,0.825000,0.400000,0.875000,0.000000,0.850000,0.095238,0.227273,22,42,core/eval.go,same_file,1,True,tree_sitter,go,0.745098,0.745098,,False,,0,0.000000,0.000000,0.000000,0.000000,disabled,1.000000,0.000000
4d754648dadcf6e6,0%,0,0,0%,0,0,go,pygments,False,0.000000,0.342105,0.842105,0.394737,0.894737,0.000000,0.342105,0.070270,0.116592,0.842105,0.394737,0.894737,0.000000,0.842105,0.111111,0.227273,22,36,core/eval.go,same_file,3,True,tree_sitter,go,0.693878,0.693878,,False,,0,0.000000,0.000000,0.000000,0.000000,disabled,1.000000,0.000000
b349d04b9ce4da00,0%,0,0,mostly,72,71-80,go,pygments,False,0.000000,0.750000,1.000000,0.750000,1.000000,0.000000,0.750000,0.035857,0.068441,1.000000,0.750000,1.000000,0.000000,1.000000,0.025641,0.600000,5,39,core/eval.go,same_file,1,True,tree_sitter,go,1.000000,1.000000,,False,,0,0.000000,0.000000,0.000000,0.000000,disabled,1.000000,0.000000
02784f37500df148,partial,5,1-10,partial,55,51-60,go,pygments,False,0.142857,0.611465,0.923567,0.611465,0.923567,0.142857,0.611465,0.362264,0.454976,0.923567,0.611465,0.923567,0.028571,0.656051,0.875000,0.228070,57,40,core/store.go,same_file,1,True,tree_sitter,go,0.847561,0.847561,,False,,0,0.000000,0.000000,0.000000,0.000000,disabled,1.000000,0.142900
5b0427dc2acd1d82,100%,100,91-100,100%,100,91-100,go,pygments,True,1.000000,1.000000,1.000000,1.000000,1.000000,1.000000,1.000000,0.137931,0.242424,1.000000,1.000000,1.000000,1.000000,1.000000,0.200000,1.000000,4,5,core/eval_test.go,same_file,5,True,tree_sitter,go,1.000000,1.000000,,False,,0,0.000000,0.000000,0.000000,0.000000,disabled,1.000000,1.000000
94ac0565a1b004c3,100%,100,91-100,100%,100,91-100,go,pygments,True,1.000000,1.000000,1.000000,1.000000,1.000000,1.000000,1.000000,1.000000,1.000000,1.000000,1.000000,1.000000,1.000000,1.000000,1.000000,1.000000,5,1,core/eval.go,same_file,1,True,tree_sitter,go,1.000000,1.000000,,False,,0,0.000000,0.000000,0.000000,0.000000,disabled,1.000000,1.000000
93cd398b8b65c20c,partial,50,41-50,mostly,85,81-90,go,regex,False,0.500000,0.000000,0.000000,0.000000,0.000000,0.500000,0.558824,1.000000,0.716981,0.558824,0.558824,0.558824,0.500000,0.558824,0.500000,0.444444,18,1,tests/json_test.go,same_file,4,True,tree_sitter,go,0.666667,0.666667,,False,,0,0.000000,0.000000,0.000000,0.000000,disabled,1.000000,0.500000
0a29732b7b152f66,partial,50,41-50,mostly,85,81-90,go,regex,False,0.500000,0.593750,0.593750,0.593750,0.593750,0.500000,0.593750,1.000000,0.745098,0.593750,0.593750,0.593750,0.500000,0.593750,0.500000,0.571429,14,1,tests/json_test.go,same_file,2,True,tree_sitter,go,0.666667,0.666667,,False,,0,0.000000,0.000000,0.000000,0.000000,disabled,1.000000,0.500000
2c34cdf5f5eb9972,partial,8,1-10,partial,55,51-60,go,pygments,False,0.250000,0.692308,1.000000,0.692308,1.000000,0.250000,0.692308,0.082569,0.147541,1.000000,0.692308,1.000000,0.250000,0.961538,0.102564,0.272727,11,39,core/eval.go,same_file,1,True,tree_sitter,go,1.000000,1.000000,,False,,0,0.000000,0.000000,0.000000,0.000000,disabled,1.000000,0.250000
e4ec764bd8e68d85,0%,0,0,mostly,72,71-80,go,pygments,False,0.000000,1.000000,1.000000,1.000000,1.000000,0.000000,1.000000,0.019324,0.037915,1.000000,1.000000,1.000000,0.000000,1.000000,0.035714,1.000000,2,28,core/hmap.go,same_file,1,True,tree_sitter,go,0.857143,0.857143,,False,,0,0.000000,0.000000,0.000000,0.000000,disabled,1.000000,0.000000
8aca661034a8c428,partial,50,41-50,partial,55,51-60,go,pygments,False,0.500000,0.928571,1.000000,0.928571,1.000000,0.500000,0.571429,0.087912,0.152381,1.000000,0.571429,1.000000,0.000000,1.000000,0.166667,0.142857,7,12,core/eval.go,same_file,3,True,tree_sitter,go,1.000000,1.000000,,False,,0,0.000000,0.000000,0.000000,0.000000,disabled,1.000000,0.500000
4b5985a85f6102c9,partial,50,41-50,0%,0,0,go,pygments,False,0.500000,0.000000,0.666667,0.000000,0.666667,0.500000,0.000000,0.000000,0.000000,0.666667,0.000000,0.666667,0.500000,0.666667,1.000000,0.000000,2,2,core/eval.go,same_file,2,True,tree_sitter,go,1.000000,1.000000,,False,,0,0.000000,0.000000,0.000000,0.000000,disabled,1.000000,0.500000
de52bfc67ed4f590,0%,0,0,0%,0,0,go,pygments,False,0.000000,0.407407,0.740741,0.407407,0.740741,0.000000,0.407407,0.261905,0.318841,0.740741,0.407407,0.740741,0.000000,0.703704,0.750000,0.411765,17,3,core/eval.go,same_file,1,True,tree_sitter,go,0.121212,0.121212,,False,,0,0.000000,0.000000,0.000000,0.000000,disabled,1.000000,0.000000
a498be6cf84fa11d,0%,0,0,partial,31,31-40,go,pygments,False,0.000000,0.172840,0.407407,0.172840,0.407407,0.000000,0.172840,0.333333,0.227642,0.407407,0.172840,0.407407,0.000000,0.333333,0.750000,0.166667,30,3,core/eval.go,same_file,1,True,tree_sitter,go,0.206349,0.206349,,False,,0,0.000000,0.000000,0.000000,0.000000,disabled,1.000000,0.000000
4effd34ecf35a365,100%,100,91-100,100%,100,91-100,go,pygments,True,1.000000,1.000000,1.000000,1.000000,1.000000,1.000000,1.000000,0.333333,0.500000,1.000000,1.000000,1.000000,1.000000,1.000000,0.333333,1.000000,8,3,core/eval.go,same_file,1,True,tree_sitter,go,1.000000,1.000000,,False,,0,0.000000,0.000000,0.000000,0.000000,disabled,1.000000,1.000000
044aeeb953df9a23,0%,0,0,mostly,78,71-80,go,pygments,False,0.000000,0.777778,0.962963,0.777778,0.962963,0.000000,0.777778,0.146853,0.247059,0.962963,0.777778,0.962963,0.000000,0.888889,0.136364,0.750000,8,22,main.go,same_file,1,True,tree_sitter,go,0.913043,0.913043,,False,,0,0.000000,0.000000,0.000000,0.000000,disabled,1.000000,0.000000
5f0be0da6f91feda,mostly,71,71-80,mostly,88,81-90,go,pygments,False,0.800000,1.000000,1.000000,1.000000,1.000000,0.600000,1.000000,0.281690,0.439560,1.000000,1.000000,1.000000,0.400000,1.000000,0.500000,1.000000,7,10,server/async_tcp.go,same_file,4,True,tree_sitter,go,0.952381,0.952381,,False,,0,0.000000,0.000000,0.000000,0.000000,disabled,1.000000,0.800000
28edd1c1f3ad8308,100%,100,91-100,100%,100,91-100,go,pygments,True,1.000000,1.000000,1.000000,1.000000,1.000000,1.000000,1.000000,1.000000,1.000000,1.000000,1.000000,1.000000,1.000000,1.000000,1.000000,1.000000,6,1,server/async_tcp.go,same_file,5,True,tree_sitter,go,1.000000,1.000000,,False,,0,0.000000,0.000000,0.000000,0.000000,disabled,1.000000,1.000000
b016f5ed964fab44,100%,100,91-100,100%,100,91-100,go,pygments,True,1.000000,1.000000,1.000000,1.000000,1.000000,1.000000,1.000000,0.172414,0.294118,1.000000,1.000000,1.000000,1.000000,1.000000,0.090909,1.000000,7,11,server/async_tcp.go,same_file,5,True,tree_sitter,go,0.937500,0.937500,,False,,0,0.000000,0.000000,0.000000,0.000000,disabled,1.000000,1.000000
a4f9c4a45c95c73e,partial,5,1-10,partial,55,51-60,go,pygments,False,0.111111,0.493333,0.693333,0.493333,0.693333,0.111111,0.493333,0.660714,0.564885,0.693333,0.493333,0.693333,0.111111,0.546667,0.888889,0.250000,36,8,core/eval.go,neighboring_same_file,3,True,tree_sitter,go,0.761905,0.761905,,False,,0,0.000000,0.000000,0.000000,0.000000,disabled,1.000000,0.111100
5021664c661a5346,0%,0,0,0%,0,0,go,pygments,False,0.000000,0.086207,0.189655,0.086207,0.189655,0.000000,0.086207,0.151515,0.109890,0.189655,0.086207,0.189655,0.000000,0.189655,0.111111,0.115385,26,1,internal/eval/commands.go,same_file,1,True,tree_sitter,go,0.098361,0.098361,,False,,0,0.000000,0.000000,0.000000,0.000000,disabled,1.000000,0.000000
fb60a32d388f18bf,partial,18,11-20,partial,55,51-60,go,pygments,False,0.214286,0.896552,0.982759,0.896552,0.982759,0.214286,0.896552,0.302326,0.452174,0.982759,0.896552,0.982759,0.071429,0.862069,0.608696,0.736842,19,23,internal/querywatcher/query_watcher.go,neighboring_same_file,3,True,tree_sitter,go,0.903226,0.903226,,False,,0,0.000000,0.000000,0.000000,0.000000,disabled,1.000000,0.214300
7c73ccbbc790fb4d,100%,100,91-100,100%,100,91-100,go,pygments,True,1.000000,1.000000,1.000000,1.000000,1.000000,1.000000,1.000000,0.314815,0.478873,1.000000,1.000000,1.000000,1.000000,1.000000,0.111111,1.000000,5,9,internal/server/utils/redisCmdAdapter.go,same_file,2,True,tree_sitter,go,1.000000,1.000000,,False,,0,0.000000,0.000000,0.000000,0.000000,disabled,1.000000,1.000000
ed00d9c768a24e0e,100%,96,91-100,mostly,89,81-90,go,pygments,False,0.863636,0.974576,0.974576,0.974576,0.974576,0.863636,0.974576,1.000000,0.987124,0.974576,0.974576,0.974576,0.454545,0.974576,0.863636,1.000000,41,19,internal/server/utils/redisCmdAdapter.go,same_file,3,True,tree_sitter,go,0.961905,0.961905,,False,,0,0.000000,0.000000,0.000000,0.000000,disabled,1.000000,0.863600
347ea9971f745ee8,partial,40,31-40,mostly,76,71-80,go,pygments,False,0.000000,0.571429,0.642857,0.571429,0.642857,0.000000,0.571429,0.888889,0.695652,0.642857,0.571429,0.642857,0.000000,0.642857,0.333333,0.750000,4,1,internal/eval/eval.go,same_file,1,True,tree_sitter,go,0.687500,0.687500,,False,,0,0.000000,0.000000,0.000000,0.000000,disabled,1.000000,0.000000
d48438cdfcbdd8a7,partial,34,31-40,partial,55,51-60,go,pygments,False,0.333333,0.532338,0.601990,0.534826,0.601990,0.333333,0.532338,0.856000,0.656442,0.601990,0.534826,0.601990,0.183333,0.470149,0.700000,0.465409,159,42,internal/eval/eval.go,same_file,1,True,tree_sitter,go,0.614362,0.614362,,False,,0,0.000000,0.000000,0.000000,0.000000,disabled,1.000000,0.333300
6b3f248fd259c059,0%,0,0,0%,0,0,go,pygments,False,0.000000,0.630435,0.782609,0.644928,0.797101,0.000000,0.630435,0.181250,0.281553,0.782609,0.644928,0.797101,0.000000,0.594203,0.238095,0.245283,53,42,internal/eval/eval_test.go,same_file,1,True,tree_sitter,go,0.551020,0.551020,,False,,0,0.000000,0.000000,0.000000,0.000000,disabled,1.000000,0.000000
50949ee77f45a682,mostly,70,61-70,mostly,82,81-90,go,pygments,False,0.000000,1.000000,1.000000,1.000000,1.000000,0.000000,1.000000,0.636364,0.777778,1.000000,1.000000,1.000000,0.000000,1.000000,1.000000,1.000000,3,1,internal/eval/eval.go,same_file,3,True,tree_sitter,go,1.000000,1.000000,,False,,0,0.000000,0.000000,0.000000,0.000000,disabled,1.000000,0.000000
32930277d41bc4d1,partial,9,1-10,partial,47,41-50,go,pygments,False,0.000000,0.475936,0.620321,0.475936,0.620321,0.000000,0.475936,0.415888,0.443890,0.620321,0.475936,0.620321,0.000000,0.443850,0.476190,0.241379,58,21,integration_tests/commands/toggle_test.go,same_file,1,True,tree_sitter,go,0.265734,0.265734,,False,,0,0.000000,0.000000,0.000000,0.000000,disabled,1.000000,0.000000
c17aee101cedbb21,partial,5,1-10,partial,55,51-60,go,pygments,False,0.111111,0.600000,0.960000,0.600000,0.960000,0.111111,0.600000,0.134529,0.219780,0.960000,0.600000,0.960000,0.111111,0.840000,0.195652,0.200000,20,46,internal/eval/eval.go,same_file,1,True,tree_sitter,go,0.925926,0.925926,,False,,0,0.000000,0.000000,0.000000,0.000000,disabled,1.000000,0.111100
dc9c79b63665592c,partial,11,11-20,mostly,72,71-80,go,pygments,False,0.333333,0.500000,1.000000,0.500000,1.000000,0.333333,0.500000,0.030837,0.058091,1.000000,0.500000,1.000000,0.333333,1.000000,0.069767,0.000000,5,43,internal/eval/eval.go,same_file,1,True,tree_sitter,go,0.750000,0.750000,,False,,0,0.000000,0.000000,0.000000,0.000000,disabled,1.000000,0.333300
b8e515a7e7c6fa3b,partial,8,1-10,partial,55,51-60,go,pygments,False,0.250000,0.589286,0.892857,0.589286,0.892857,0.250000,0.589286,0.142857,0.229965,0.892857,0.589286,0.892857,0.125000,0.785714,0.205128,0.400000,15,39,internal/eval/eval.go,same_file,1,True,tree_sitter,go,0.928571,0.928571,,False,,0,0.000000,0.000000,0.000000,0.000000,disabled,1.000000,0.250000
c91258301b33c9fc,partial,45,41-50,mostly,72,71-80,go,pygments,False,0.000000,0.818182,1.000000,0.818182,1.000000,0.000000,0.818182,0.052632,0.098901,1.000000,0.818182,1.000000,0.000000,1.000000,0.035714,0.500000,4,28,internal/eval/eval.go,same_file,2,True,tree_sitter,go,1.000000,1.000000,,False,,0,0.000000,0.000000,0.000000,0.000000,disabled,1.000000,0.000000
8b1859351cf8b350,mostly,62,61-70,mostly,74,71-80,go,pygments,False,0.500000,0.742857,0.771429,0.742857,0.771429,0.500000,0.742857,0.866667,0.800000,0.771429,0.742857,0.771429,0.500000,0.771429,0.750000,0.687500,16,3,internal/server/utils/array.go,same_file,1,True,tree_sitter,go,0.756757,0.756757,,False,,0,0.000000,0.000000,0.000000,0.000000,disabled,1.000000,0.500000
23cf01b419a6efa9,partial,6,1-10,partial,55,51-60,go,pygments,False,0.200000,0.736842,0.947368,0.736842,0.947368,0.200000,0.736842,0.082353,0.148148,0.947368,0.736842,0.947368,0.200000,0.842105,0.178571,0.500000,4,28,internal/eval/eval.go,same_file,2,True,tree_sitter,go,0.944444,0.944444,,False,,0,0.000000,0.000000,0.000000,0.000000,disabled,1.000000,0.200000
9e69ac616269fff8,0%,0,0,0%,0,0,go,pygments,False,0.000000,0.700000,1.000000,0.700000,1.000000,0.000000,0.700000,0.032110,0.061404,1.000000,0.700000,1.000000,0.000000,1.000000,0.030303,0.400000,5,33,internal/eval/eval.go,same_file,2,True,tree_sitter,go,0.444444,0.444444,,False,,0,0.000000,0.000000,0.000000,0.000000,disabled,1.000000,0.000000
26e9f970d0ae9f8e,mostly,70,61-70,100%,100,91-100,go,pygments,True,0.000000,1.000000,1.000000,1.000000,1.000000,0.000000,1.000000,0.592593,0.744186,1.000000,1.000000,1.000000,0.000000,1.000000,0.500000,1.000000,8,2,internal/eval/eval.go,same_file,5,True,tree_sitter,go,1.000000,1.000000,,False,,0,0.000000,0.000000,0.000000,0.000000,disabled,1.000000,0.000000
9c719925bcbdddb8,mostly,77,71-80,partial,55,51-60,go,pygments,False,0.437500,0.857143,0.910714,0.857143,0.910714,0.437500,0.857143,0.914286,0.884793,0.910714,0.857143,0.910714,0.187500,0.892857,0.750000,0.869565,46,12,internal/eval/eval.go,same_file,2,True,tree_sitter,go,0.855769,0.855769,,False,,0,0.000000,0.000000,0.000000,0.000000,disabled,1.000000,0.437500
52b9984d6f1adcc1,100%,100,91-100,100%,100,91-100,go,pygments,True,1.000000,1.000000,1.000000,1.000000,1.000000,1.000000,1.000000,0.000293,0.000585,1.000000,1.000000,1.000000,1.000000,1.000000,0.000361,1.000000,3,2772,internal/eval/eval.go,same_file,3,True,tree_sitter,go,1.000000,1.000000,,False,,0,0.000000,0.000000,0.000000,0.000000,disabled,1.000000,1.000000
86ca6f13be4456de,100%,100,91-100,100%,100,91-100,go,regex,True,1.000000,1.000000,1.000000,1.000000,1.000000,1.000000,1.000000,0.454545,0.625000,1.000000,1.000000,1.000000,1.000000,1.000000,0.500000,1.000000,7,2,internal/eval/eval.go,same_file,1,True,tree_sitter,go,1.000000,1.000000,,False,,0,0.000000,0.000000,0.000000,0.000000,disabled,1.000000,1.000000
32803674906e73a4,100%,100,91-100,100%,100,91-100,go,regex,True,1.000000,1.000000,1.000000,1.000000,1.000000,1.000000,1.000000,0.545455,0.705882,1.000000,1.000000,1.000000,1.000000,1.000000,0.500000,1.000000,6,2,internal/eval/eval.go,same_file,1,True,tree_sitter,go,1.000000,1.000000,,False,,0,0.000000,0.000000,0.000000,0.000000,disabled,1.000000,1.000000
cb47bd3901444b43,0%,0,0,0%,0,0,go,pygments,False,0.000000,0.500000,1.000000,0.500000,1.000000,0.000000,0.000000,0.000000,0.000000,1.000000,0.000000,1.000000,0.000000,1.000000,1.000000,0.000000,4,1,internal/eval/eval.go,same_file,25,True,tree_sitter,go,1.000000,1.000000,,False,,0,0.000000,0.000000,0.000000,0.000000,disabled,1.000000,0.000000
d08e6edffecc4261,0%,0,0,0%,0,0,go,pygments,False,0.000000,0.571429,0.857143,0.571429,0.857143,0.000000,0.571429,0.075472,0.133333,0.857143,0.571429,0.857143,0.000000,0.857143,0.200000,0.000000,2,5,internal/eval/eval_test.go,same_file,2,True,tree_sitter,go,1.000000,1.000000,,False,,0,0.000000,0.000000,0.000000,0.000000,disabled,1.000000,0.000000
685ff7d490d7e6ca,0%,0,0,0%,0,0,go,pygments,False,0.000000,0.714286,1.000000,0.714286,1.000000,0.000000,0.714286,0.013441,0.026385,1.000000,0.714286,1.000000,0.000000,1.000000,0.033333,0.333333,3,30,internal/eval/eval_test.go,same_file,2,True,tree_sitter,go,0.750000,0.750000,,False,,0,0.000000,0.000000,0.000000,0.000000,disabled,1.000000,0.000000
c1d9befc75bcf827,0%,0,0,0%,0,0,go,pygments,False,0.000000,0.588235,0.823529,0.705882,0.941176,0.000000,0.588235,0.061728,0.111732,0.823529,0.705882,0.941176,0.000000,0.823529,0.095238,0.375000,8,21,internal/eval/eval.go,same_file,3,True,tree_sitter,go,0.769231,0.769231,,False,,0,0.000000,0.000000,0.000000,0.000000,disabled,1.000000,0.000000
79f289cf5b660f61,0%,0,0,0%,0,0,go,pygments,False,0.000000,0.812500,1.000000,0.812500,1.000000,0.000000,0.812500,0.076023,0.139037,1.000000,0.812500,1.000000,0.000000,0.937500,0.041667,0.400000,5,24,internal/eval/eval.go,same_file,1,True,tree_sitter,go,0.818182,0.818182,,False,,0,0.000000,0.000000,0.000000,0.000000,disabled,1.000000,0.000000
bddbd4a2ab339948,0%,0,0,0%,0,0,go,pygments,False,0.000000,0.222222,0.541667,0.277778,0.569444,0.000000,0.222222,0.175824,0.196319,0.541667,0.263889,0.569444,0.000000,0.472222,0.272727,0.000000,13,11,internal/eval/eval.go,same_file,4,True,tree_sitter,go,0.617647,0.617647,,False,,0,0.000000,0.000000,0.000000,0.000000,disabled,1.000000,0.000000
9293b1a8e6bcc94b,0%,0,0,0%,0,0,go,pygments,False,0.000000,0.533333,0.933333,0.533333,0.933333,0.000000,0.533333,0.027972,0.053156,0.933333,0.533333,0.933333,0.000000,0.933333,0.025000,0.166667,6,40,internal/eval/eval.go,same_file,1,True,tree_sitter,go,0.928571,0.928571,,False,,0,0.000000,0.000000,0.000000,0.000000,disabled,1.000000,0.000000
6f8e3496518ea0fa,100%,100,91-100,100%,100,91-100,go,pygments,True,1.000000,1.000000,1.000000,1.000000,1.000000,1.000000,1.000000,1.000000,1.000000,1.000000,1.000000,1.000000,1.000000,1.000000,1.000000,1.000000,5,1,internal/eval/eval.go,same_file,3,True,tree_sitter,go,1.000000,1.000000,,False,,0,0.000000,0.000000,0.000000,0.000000,disabled,1.000000,1.000000
302b8788bb60cf90,partial,50,41-50,mostly,88,81-90,go,pygments,False,0.500000,1.000000,1.000000,1.000000,1.000000,0.500000,1.000000,0.084416,0.155689,1.000000,1.000000,1.000000,0.500000,1.000000,0.125000,1.000000,6,16,internal/eval/commands.go,same_file,2,True,tree_sitter,go,0.928571,0.928571,,False,,0,0.000000,0.000000,0.000000,0.000000,disabled,1.000000,0.500000
64f2f9a4ecff7add,100%,90,81-90,mostly,72,71-80,go,pygments,False,0.000000,0.875000,0.875000,1.000000,1.000000,0.000000,0.875000,0.026923,0.052239,0.875000,1.000000,1.000000,0.000000,1.000000,0.028571,0.666667,3,35,internal/eval/eval.go,same_file,1,True,tree_sitter,go,0.875000,0.875000,,False,,0,0.000000,0.000000,0.000000,0.000000,disabled,1.000000,0.000000
e6bc982f46fee053,0%,0,0,0%,0,0,go,pygments,False,0.000000,0.450000,0.950000,0.450000,0.950000,0.000000,0.450000,0.034615,0.064286,0.950000,0.450000,0.950000,0.000000,0.950000,0.055556,0.090909,11,36,internal/eval/eval.go,same_file,1,True,tree_sitter,go,0.850000,0.850000,,False,,0,0.000000,0.000000,0.000000,0.000000,disabled,1.000000,0.000000
59f8660b19ac2917,0%,0,0,mostly,72,71-80,go,pygments,False,0.000000,0.750000,1.000000,0.750000,1.000000,0.000000,0.750000,0.010791,0.021277,1.000000,0.750000,1.000000,0.000000,1.000000,0.030303,0.500000,2,33,internal/eval/eval.go,same_file,1,True,tree_sitter,go,0.833333,0.833333,,False,,0,0.000000,0.000000,0.000000,0.000000,disabled,1.000000,0.000000
646d147f2414dfe5,partial,5,1-10,partial,55,51-60,go,pygments,False,0.142857,0.666667,0.956989,0.698925,0.978495,0.142857,0.666667,0.218310,0.328912,0.956989,0.698925,0.978495,0.071429,0.784946,0.466667,0.250000,40,30,internal/eval/eval.go,same_file,1,True,tree_sitter,go,0.858824,0.858824,,False,,0,0.000000,0.000000,0.000000,0.000000,disabled,1.000000,0.142900
20a5dfc93e01cc71,0%,0,0,0%,0,0,go,pygments,False,0.000000,0.615385,0.769231,0.846154,1.000000,0.000000,0.615385,0.030651,0.058394,0.769231,0.846154,1.000000,0.000000,0.923077,0.055556,0.400000,5,36,internal/eval/eval.go,same_file,1,True,tree_sitter,go,0.538462,0.538462,,False,,0,0.000000,0.000000,0.000000,0.000000,disabled,1.000000,0.000000
c60151fd356a1253,mostly,68,61-70,partial,55,51-60,go,pygments,False,0.588235,0.892562,0.958678,0.917355,0.983471,0.411765,0.892562,0.400000,0.552430,0.958678,0.917355,0.983471,0.176471,0.867769,0.531250,0.792453,53,32,internal/eval/eval.go,same_file,1,True,tree_sitter,go,0.975610,0.975610,,False,,0,0.000000,0.000000,0.000000,0.000000,disabled,1.000000,0.588200
467da3305e0a21b6,0%,0,0,mostly,72,71-80,go,pygments,False,0.000000,1.000000,1.000000,1.000000,1.000000,0.000000,1.000000,0.010076,0.019950,1.000000,1.000000,1.000000,0.000000,1.000000,0.023810,1.000000,2,42,internal/eval/commands.go,same_file,1,True,tree_sitter,go,0.750000,0.750000,,False,,0,0.000000,0.000000,0.000000,0.000000,disabled,1.000000,0.000000
1e6fa1530cf6ffff,partial,7,1-10,partial,55,51-60,go,pygments,False,0.054054,0.503906,0.777344,0.503906,0.777344,0.054054,0.503906,0.357341,0.418152,0.777344,0.503906,0.777344,0.027027,0.562500,0.973684,0.276316,76,38,integration_tests/commands/async/hmget_test.go,same_file,1,True,tree_sitter,go,0.303797,0.303797,,False,,0,0.000000,0.000000,0.000000,0.000000,disabled,1.000000,0.054100
65abd85d6f0552d6,partial,44,41-50,mostly,82,81-90,go,pygments,False,0.333333,0.848485,0.969697,0.848485,0.969697,0.333333,0.666667,1.000000,0.800000,0.666667,0.666667,0.666667,0.333333,0.666667,0.333333,0.428571,7,1,internal/clientio/resp.go,same_file,5,True,tree_sitter,go,0.615385,0.615385,,False,,0,0.000000,0.000000,0.000000,0.000000,disabled,1.000000,0.333300
c59bd4df79c0e1fd,0%,0,0,mostly,82,81-90,go,regex,False,0.000000,0.120000,0.580000,0.120000,0.580000,0.000000,1.000000,0.892857,0.943396,1.000000,1.000000,1.000000,0.000000,1.000000,0.250000,1.000000,29,4,internal/clientio/resp.go,same_file,5,True,tree_sitter,go,1.000000,1.000000,,False,,0,0.000000,0.000000,0.000000,0.000000,disabled,1.000000,0.000000
6aa3adf70b864881,0%,0,0,0%,0,0,go,pygments,False,0.000000,0.037209,0.041860,0.037209,0.041860,0.000000,0.088372,0.231707,0.127946,0.311628,0.088372,0.311628,0.000000,0.306977,0.088235,0.113402,97,3,internal/eval/eval.go,same_file,4,True,tree_sitter,go,0.070423,0.070423,,False,,0,0.000000,0.000000,0.000000,0.000000,disabled,1.000000,0.000000
cc308b7c93e66065,100%,100,91-100,100%,100,91-100,go,pygments,True,1.000000,1.000000,1.000000,1.000000,1.000000,1.000000,1.000000,1.000000,1.000000,1.000000,1.000000,1.000000,1.000000,1.000000,1.000000,1.000000,17,2,integration_tests/commands/async/append_test.go,same_file,2,True,tree_sitter,go,1.000000,1.000000,,False,,0,0.000000,0.000000,0.000000,0.000000,disabled,1.000000,1.000000
6aba0901cb9ce3d3,partial,33,31-40,mostly,82,81-90,go,pygments,False,0.333333,0.218750,0.218750,0.218750,0.218750,0.333333,0.218750,1.000000,0.358974,0.218750,0.218750,0.218750,0.333333,0.218750,0.333333,0.233333,30,2,integration_tests/commands/async/json_test.go,same_file,2,True,tree_sitter,go,0.416667,0.416667,,False,,0,0.000000,0.000000,0.000000,0.000000,disabled,1.000000,0.333300
1f9e18baaaaf249a,partial,28,21-30,partial,55,51-60,go,pygments,False,0.333333,0.814815,0.925926,0.814815,0.925926,0.333333,0.814815,0.333333,0.473118,0.925926,0.814815,0.925926,0.166667,0.740741,0.666667,0.500000,8,9,internal/eval/eval.go,neighboring_same_file,4,True,tree_sitter,go,0.857143,0.857143,,False,,0,0.000000,0.000000,0.000000,0.000000,disabled,1.000000,0.333300
dccf005649b0c74d,partial,50,41-50,mostly,67,61-70,go,pygments,False,0.500000,0.560000,0.760000,0.560000,0.760000,0.500000,0.560000,0.583333,0.571429,0.760000,0.560000,0.760000,0.500000,0.760000,1.000000,0.466667,15,2,integration_tests/commands/async/hexists_test.go,same_file,2,True,tree_sitter,go,0.733333,0.733333,,False,,0,0.000000,0.000000,0.000000,0.000000,disabled,1.000000,0.500000
19e5b45e3eda87d8,partial,5,1-10,partial,55,51-60,go,pygments,False,0.111111,0.567164,0.925373,0.567164,0.925373,0.111111,0.567164,0.151394,0.238994,0.925373,0.567164,0.925373,0.111111,0.791045,0.321429,0.142857,28,28,internal/eval/eval.go,same_file,2,True,tree_sitter,go,0.712121,0.712121,,False,,0,0.000000,0.000000,0.000000,0.000000,disabled,1.000000,0.111100
fce5b82e523e0b51,partial,5,1-10,partial,55,51-60,go,pygments,False,0.000000,0.484615,0.807692,0.492308,0.807692,0.000000,0.392308,0.531250,0.451327,0.700000,0.400000,0.700000,0.000000,0.484615,0.647059,0.088889,45,11,internal/eval/eval.go,neighboring_same_file,5,True,tree_sitter,go,0.632479,0.632479,,False,,0,0.000000,0.000000,0.000000,0.000000,disabled,1.000000,0.000000
1d30252709a05732,0%,0,0,0%,0,0,go,pygments,False,0.000000,0.500000,1.000000,0.500000,1.000000,0.000000,0.500000,0.010638,0.020833,1.000000,0.500000,1.000000,0.000000,0.750000,0.047619,0.000000,2,21,internal/eval/eval.go,same_file,3,True,tree_sitter,go,0.833333,0.833333,,False,,0,0.000000,0.000000,0.000000,0.000000,disabled,1.000000,0.000000
977fda72097bd159,0%,0,0,0%,0,0,go,pygments,False,0.000000,0.500000,1.000000,0.500000,1.000000,0.000000,0.500000,0.040816,0.075472,1.000000,0.500000,1.000000,0.000000,0.750000,0.166667,0.000000,2,6,internal/eval/eval.go,same_file,5,True,tree_sitter,go,1.000000,1.000000,,False,,0,0.000000,0.000000,0.000000,0.000000,disabled,1.000000,0.000000
fb2bfc053460f6cb,0%,0,0,mostly,72,71-80,go,pygments,False,0.000000,0.750000,1.000000,0.750000,1.000000,0.000000,0.750000,0.013333,0.026201,1.000000,0.750000,1.000000,0.000000,1.000000,0.041667,0.500000,2,24,internal/eval/eval.go,same_file,3,True,tree_sitter,go,0.833333,0.833333,,False,,0,0.000000,0.000000,0.000000,0.000000,disabled,1.000000,0.000000
689d1381a126ed8d,0%,0,0,mostly,82,81-90,go,pygments,False,0.000000,1.000000,1.000000,1.000000,1.000000,0.000000,1.000000,0.917808,0.957143,1.000000,1.000000,1.000000,0.000000,1.000000,0.333333,1.000000,41,3,main.go,same_file,2,True,tree_sitter,go,1.000000,1.000000,,False,,0,0.000000,0.000000,0.000000,0.000000,disabled,1.000000,0.000000
7cbb8a4217bb4232,partial,22,21-30,mostly,72,71-80,go,pygments,False,0.000000,0.764706,0.882353,0.823529,0.941176,0.000000,0.764706,0.076023,0.138298,0.882353,0.823529,0.941176,0.000000,0.823529,0.086957,0.727273,11,23,integration_tests/commands/http/command_count_test.go,same_file,2,True,tree_sitter,go,0.560000,0.560000,,False,,0,0.000000,0.000000,0.000000,0.000000,disabled,1.000000,0.000000
a30fd22bb2fd83bc,partial,45,41-50,mostly,82,81-90,go,pygments,False,0.000000,0.900000,0.966667,0.933333,1.000000,0.000000,0.900000,0.206107,0.335404,0.966667,0.933333,1.000000,0.000000,1.000000,0.285714,0.833333,12,7,internal/eval/hmap_test.go,same_file,2,True,tree_sitter,go,1.000000,1.000000,,False,,0,0.000000,0.000000,0.000000,0.000000,disabled,1.000000,0.000000
03d97b650f4cd6aa,partial,50,41-50,mostly,88,81-90,go,pygments,False,0.500000,0.750000,1.000000,0.750000,1.000000,0.500000,0.750000,0.044776,0.084507,1.000000,0.750000,1.000000,0.500000,1.000000,0.074074,0.428571,7,27,internal/server/websocketServer.go,same_file,1,True,tree_sitter,go,1.000000,1.000000,,False,,0,0.000000,0.000000,0.000000,0.000000,disabled,1.000000,0.500000
3eb037a62a6fbcb7,100%,100,91-100,100%,100,91-100,go,pygments,True,1.000000,1.000000,1.000000,1.000000,1.000000,1.000000,1.000000,0.236364,0.382353,1.000000,1.000000,1.000000,1.000000,1.000000,0.166667,1.000000,5,6,integration_tests/commands/async/object_test.go,same_file,9,True,tree_sitter,go,1.000000,1.000000,,False,,0,0.000000,0.000000,0.000000,0.000000,disabled,1.000000,1.000000
3ed7d1c34f3f2a08,100%,100,91-100,100%,100,91-100,go,pygments,True,1.000000,1.000000,1.000000,1.000000,1.000000,1.000000,1.000000,1.000000,1.000000,1.000000,1.000000,1.000000,1.000000,1.000000,1.000000,1.000000,14,1,internal/worker/worker.go,same_file,3,True,tree_sitter,go,1.000000,1.000000,,False,,0,0.000000,0.000000,0.000000,0.000000,disabled,1.000000,1.000000
25cfac26296e77c8,100%,100,91-100,100%,100,91-100,go,pygments,True,1.000000,1.000000,1.000000,1.000000,1.000000,1.000000,1.000000,0.355556,0.524590,1.000000,1.000000,1.000000,1.000000,1.000000,0.500000,1.000000,6,2,internal/worker/worker.go,same_file,3,True,tree_sitter,go,1.000000,1.000000,,False,,0,0.000000,0.000000,0.000000,0.000000,disabled,1.000000,1.000000
c0c27328934e8a52,0%,0,0,0%,0,0,go,pygments,False,0.000000,0.631579,1.000000,0.631579,1.000000,0.000000,0.631579,0.041379,0.077670,1.000000,0.631579,1.000000,0.000000,1.000000,0.027778,0.125000,8,36,internal/eval/eval.go,same_file,1,True,tree_sitter,go,1.000000,1.000000,,False,,0,0.000000,0.000000,0.000000,0.000000,disabled,1.000000,0.000000
32825eef8e5962d9,100%,100,91-100,100%,100,91-100,go,pygments,True,1.000000,1.000000,1.000000,1.000000,1.000000,1.000000,1.000000,0.225000,0.367347,1.000000,1.000000,1.000000,0.000000,1.000000,0.083333,1.000000,12,12,internal/eval/eval_test.go,same_file,6,True,tree_sitter,go,1.000000,1.000000,,False,,0,0.000000,0.000000,0.000000,0.000000,disabled,1.000000,1.000000
d3e4f61f316d87f4,100%,100,91-100,100%,100,91-100,go,pygments,True,1.000000,1.000000,1.000000,1.000000,1.000000,1.000000,1.000000,0.167665,0.287179,1.000000,1.000000,1.000000,1.000000,1.000000,0.111111,1.000000,12,9,integration_tests/commands/http/json_test.go,same_file,2,True,tree_sitter,go,1.000000,1.000000,,False,,0,0.000000,0.000000,0.000000,0.000000,disabled,1.000000,1.000000
6915ec2c08f87f37,partial,6,1-10,partial,55,51-60,go,pygments,False,0.200000,0.578947,0.921053,0.578947,0.921053,0.200000,0.578947,0.075862,0.134146,0.921053,0.578947,0.921053,0.200000,0.921053,0.138889,0.133333,15,36,internal/eval/eval.go,same_file,1,True,tree_sitter,go,0.950000,0.950000,,False,,0,0.000000,0.000000,0.000000,0.000000,disabled,1.000000,0.200000
5a452962096f2031,0%,0,0,0%,0,0,go,pygments,False,0.000000,0.000000,1.000000,0.000000,1.000000,0.000000,0.000000,0.000000,0.000000,1.000000,0.000000,1.000000,0.000000,1.000000,1.000000,0.000000,2,1,internal/eval/store_eval.go,same_file,4,True,tree_sitter,go,0.833333,0.833333,,False,,0,0.000000,0.000000,0.000000,0.000000,disabled,1.000000,0.000000
7a5bb1d257b0e2ce,partial,33,31-40,mostly,72,71-80,go,pygments,False,0.333333,0.764706,0.941176,0.823529,1.000000,0.333333,0.764706,0.032178,0.061758,0.941176,0.823529,1.000000,0.333333,1.000000,0.078947,0.500000,8,38,integration_tests/commands/resp/pfcountwatch_test.go,same_file,1,True,tree_sitter,go,0.913043,0.913043,,False,,0,0.000000,0.000000,0.000000,0.000000,disabled,1.000000,0.333300
d9a2f6189f97aa69,partial,18,11-20,partial,54,51-60,go,pygments,False,0.100000,0.377119,0.495763,0.377119,0.495763,0.100000,0.377119,0.629717,0.471731,0.495763,0.377119,0.495763,0.025000,0.000000,0.500000,0.210970,237,40,integration_tests/commands/resp/pfcountwatch_test.go,same_file,1,True,tree_sitter,go,0.319572,0.319572,,False,,0,0.000000,0.000000,0.000000,0.000000,disabled,1.000000,0.100000
bd063944c5821863,0%,0,0,0%,0,0,go,pygments,False,0.000000,0.285714,0.666667,0.428571,0.809524,0.000000,0.285714,0.080000,0.125000,0.666667,0.428571,0.809524,0.000000,0.666667,0.545455,0.083333,12,11,internal/worker/worker.go,same_file,4,True,tree_sitter,go,0.379310,0.379310,,False,,0,0.000000,0.000000,0.000000,0.000000,disabled,1.000000,0.000000
a27e1bfa66dd3536,100%,100,91-100,100%,100,91-100,go,pygments,True,1.000000,1.000000,1.000000,1.000000,1.000000,1.000000,1.000000,1.000000,1.000000,1.000000,1.000000,1.000000,1.000000,1.000000,1.000000,1.000000,3,1,internal/eval/eval.go,same_file,3,True,tree_sitter,go,1.000000,1.000000,,False,,0,0.000000,0.000000,0.000000,0.000000,disabled,1.000000,1.000000
970901b3878eb825,100%,100,91-100,100%,100,91-100,go,pygments,True,1.000000,1.000000,1.000000,1.000000,1.000000,1.000000,1.000000,1.000000,1.000000,1.000000,1.000000,1.000000,1.000000,1.000000,1.000000,1.000000,3,1,internal/eval/store_eval.go,same_file,3,True,tree_sitter,go,1.000000,1.000000,,False,,0,0.000000,0.000000,0.000000,0.000000,disabled,1.000000,1.000000
431e7cab8e3a45fc,partial,49,41-50,partial,55,51-60,go,pygments,False,0.200000,0.828571,1.000000,0.828571,1.000000,0.200000,0.828571,0.630435,0.716049,1.000000,0.828571,1.000000,0.200000,0.857143,0.714286,0.571429,14,7,internal/eval/store_eval.go,neighboring_same_file,4,True,tree_sitter,go,1.000000,1.000000,,False,,0,0.000000,0.000000,0.000000,0.000000,disabled,1.000000,0.200000
3dc53652414cf195,100%,100,91-100,100%,100,91-100,go,pygments,False,1.000000,1.000000,1.000000,1.000000,1.000000,0.666667,0.916667,1.000000,0.956522,0.916667,0.916667,0.916667,0.666667,0.916667,0.666667,1.000000,4,2,internal/eval/store_eval.go,same_file,5,True,tree_sitter,go,1.000000,1.000000,,False,,0,0.000000,0.000000,0.000000,0.000000,disabled,1.000000,1.000000
90120efad8df4664,100%,100,91-100,100%,100,91-100,go,pygments,True,1.000000,1.000000,1.000000,1.000000,1.000000,1.000000,1.000000,0.456522,0.626866,1.000000,1.000000,1.000000,1.000000,1.000000,0.166667,1.000000,8,6,integration_tests/commands/resp/getwatch_test.go,same_file,3,True,tree_sitter,go,1.000000,1.000000,,False,,0,0.000000,0.000000,0.000000,0.000000,disabled,1.000000,1.000000
428481838ec941e9,partial,20,11-20,mostly,75,71-80,go,pygments,False,0.000000,0.592593,0.851852,0.592593,0.851852,0.000000,0.592593,0.122137,0.202532,0.851852,0.592593,0.851852,0.000000,0.851852,0.363636,0.785714,14,11,integration_tests/commands/http/geo_test.go,same_file,2,True,tree_sitter,go,0.375000,0.375000,,False,,0,0.000000,0.000000,0.000000,0.000000,disabled,1.000000,0.000000
9b20ba4958b6e8dd,partial,5,1-10,partial,49,41-50,go,pygments,False,0.130435,0.412371,0.649485,0.412371,0.649485,0.130435,0.402062,0.327731,0.361111,0.649485,0.402062,0.649485,0.043478,0.484536,0.739130,0.090909,22,17,internal/cmd/cmd_type.go,same_file,3,True,tree_sitter,go,0.617284,0.617284,,False,,0,0.000000,0.000000,0.000000,0.000000,disabled,1.000000,0.130400
1dd22b3e3bb31c60,100%,100,91-100,100%,100,91-100,typescript,pygments,True,1.000000,1.000000,1.000000,1.000000,1.000000,1.000000,1.000000,0.528169,0.691244,1.000000,1.000000,1.000000,1.000000,1.000000,0.375000,1.000000,22,24,apps/dokploy/server/queues/queueSetup.ts,same_file,2,True,tree_sitter,typescript,1.000000,1.000000,,False,,0,0.000000,0.000000,0.000000,0.000000,disabled,1.000000,1.000000
78ea06031a4bfedf,0%,0,0,mostly,82,81-90,typescript,pygments,False,0.000000,1.000000,1.000000,1.000000,1.000000,0.000000,1.000000,0.333333,0.500000,1.000000,1.000000,1.000000,0.000000,1.000000,1.000000,1.000000,2,1,apps/dokploy/components/dashboard/settings/profile/configure-2fa.tsx,same_file,1,True,tree_sitter,typescript,0.833333,0.833333,,False,,0,0.000000,0.000000,0.000000,0.000000,disabled,1.000000,0.000000
017fdd96cbc9ac9d,0%,0,0,mostly,70,61-70,typescript,pygments,False,0.000000,0.600000,0.800000,0.600000,0.800000,0.000000,0.600000,0.193548,0.292683,0.800000,0.600000,0.800000,0.000000,0.800000,0.200000,0.500000,4,5,apps/dokploy/components/shared/drawer-logs.tsx,same_file,1,True,tree_sitter,typescript,0.636364,0.636364,,False,,0,0.000000,0.000000,0.000000,0.000000,disabled,1.000000,0.000000
24e379054c2a0cc7,mostly,70,61-70,mostly,81,81-90,typescript,pygments,False,0.000000,0.740741,0.777778,0.740741,0.777778,0.000000,0.740741,0.952381,0.833333,0.777778,0.740741,0.777778,0.000000,0.777778,1.000000,0.600000,5,1,apps/dokploy/components/dashboard/docker/logs/docker-logs-id.tsx,same_file,1,True,tree_sitter,typescript,0.809524,0.809524,,False,,0,0.000000,0.000000,0.000000,0.000000,disabled,1.000000,0.000000
0d9f94557b79489b,100%,90,81-90,mostly,72,71-80,python,python,False,0.000000,1.000000,1.000000,1.000000,1.000000,0.000000,1.000000,0.075862,0.141026,1.000000,1.000000,1.000000,0.000000,1.000000,0.041667,1.000000,3,24,lib/classes/device_installer.py,same_file,5,True,python_ast,python,1.000000,1.000000,,False,,0,0.000000,0.000000,0.000000,0.000000,disabled,1.000000,0.000000
904a74379fb81119,100%,100,91-100,mostly,82,81-90,python,python,False,0.000000,0.950000,1.000000,0.950000,1.000000,0.000000,0.950000,0.950000,0.950000,1.000000,0.950000,1.000000,0.000000,1.000000,1.000000,0.875000,8,1,lib/classes/device_installer.py,same_file,2,True,python_ast,python,1.000000,1.000000,,False,,0,0.000000,0.000000,0.000000,0.000000,disabled,1.000000,0.000000
fac881a56b93d614,100%,90,81-90,mostly,72,71-80,python,python,False,0.000000,0.833333,0.833333,1.000000,1.000000,0.000000,0.833333,0.033333,0.064103,0.833333,1.000000,1.000000,0.000000,1.000000,0.050000,0.666667,3,20,lib/classes/device_installer.py,same_file,3,True,python_ast,python,1.000000,1.000000,,False,,0,0.000000,0.000000,0.000000,0.000000,disabled,1.000000,0.000000
b78f0aefc2b5c185,100%,90,81-90,mostly,72,71-80,python,python,False,0.000000,0.666667,0.666667,1.000000,1.000000,0.000000,0.666667,0.013333,0.026144,0.666667,1.000000,1.000000,0.000000,1.000000,0.050000,0.500000,2,20,lib/classes/device_installer.py,same_file,3,True,python_ast,python,1.000000,1.000000,,False,,0,0.000000,0.000000,0.000000,0.000000,disabled,1.000000,0.000000
4b24c3639d012351,100%,90,81-90,mostly,72,71-80,python,python,False,0.000000,1.000000,1.000000,1.000000,1.000000,0.000000,1.000000,0.075862,0.141026,1.000000,1.000000,1.000000,0.000000,1.000000,0.041667,1.000000,3,24,lib/classes/device_installer.py,same_file,5,True,python_ast,python,1.000000,1.000000,,False,,0,0.000000,0.000000,0.000000,0.000000,disabled,1.000000,0.000000
8dd3e96de631df98,100%,90,81-90,mostly,72,71-80,python,python,False,0.000000,0.833333,0.833333,1.000000,1.000000,0.000000,0.833333,0.033333,0.064103,0.833333,1.000000,1.000000,0.000000,1.000000,0.050000,0.666667,3,20,lib/classes/device_installer.py,same_file,3,True,python_ast,python,1.000000,1.000000,,False,,0,0.000000,0.000000,0.000000,0.000000,disabled,1.000000,0.000000
7de93449ff185c45,100%,90,81-90,mostly,72,71-80,python,python,False,0.000000,0.666667,0.666667,1.000000,1.000000,0.000000,0.666667,0.013333,0.026144,0.666667,1.000000,1.000000,0.000000,1.000000,0.050000,0.500000,2,20,lib/classes/device_installer.py,same_file,3,True,python_ast,python,1.000000,1.000000,,False,,0,0.000000,0.000000,0.000000,0.000000,disabled,1.000000,0.000000
13acb38f2c65a5ef,100%,100,91-100,mostly,82,81-90,python,python,False,0.000000,0.950000,1.000000,0.950000,1.000000,0.000000,0.950000,0.950000,0.950000,1.000000,0.950000,1.000000,0.000000,1.000000,1.000000,0.875000,8,1,lib/classes/device_installer.py,same_file,2,True,python_ast,python,1.000000,1.000000,,False,,0,0.000000,0.000000,0.000000,0.000000,disabled,1.000000,0.000000
a1f5594e1963c743,mostly,70,61-70,mostly,82,81-90,shell,pygments,False,0.000000,1.000000,1.000000,1.000000,1.000000,0.000000,1.000000,0.812500,0.896552,1.000000,1.000000,1.000000,0.000000,1.000000,1.000000,1.000000,8,1,ebook2audiobook.sh,same_file,1,False,,,0.000000,0.000000,no supported local structural parser,False,,0,0.000000,0.000000,0.000000,0.000000,disabled,1.000000,0.000000
0ae9e475b9c8d604,100%,100,91-100,mostly,72,71-80,python,python,False,0.000000,1.000000,1.000000,1.000000,1.000000,0.000000,1.000000,0.043011,0.082474,1.000000,1.000000,1.000000,0.000000,1.000000,0.027778,1.000000,8,36,lib/classes/device_installer.py,same_file,1,True,python_ast,python,1.000000,1.000000,,False,,0,0.000000,0.000000,0.000000,0.000000,disabled,1.000000,0.000000
38aa4005fb04095b,100%,100,91-100,mostly,72,71-80,python,python,False,0.000000,1.000000,1.000000,1.000000,1.000000,0.000000,1.000000,0.043011,0.082474,1.000000,1.000000,1.000000,0.000000,1.000000,0.027778,1.000000,8,36,lib/classes/device_installer.py,same_file,1,True,python_ast,python,1.000000,1.000000,,False,,0,0.000000,0.000000,0.000000,0.000000,disabled,1.000000,0.000000
47d2fd04afdc3198,0%,0,0,mostly,72,71-80,python,python,False,0.000000,0.733333,0.933333,0.800000,1.000000,0.000000,0.733333,0.026128,0.050459,0.933333,0.800000,1.000000,0.000000,1.000000,0.076923,0.500000,4,26,lib/classes/device_installer.py,same_file,1,True,python_ast,python,0.923077,0.923077,,False,,0,0.000000,0.000000,0.000000,0.000000,disabled,1.000000,0.000000
c36d4014c314ab7a,partial,45,41-50,mostly,72,71-80,python,python,False,0.000000,0.666667,0.666667,1.000000,1.000000,0.000000,0.666667,0.007782,0.015385,0.666667,1.000000,1.000000,0.000000,1.000000,0.033333,0.500000,2,30,lib/classes/device_installer.py,same_file,1,True,python_ast,python,1.000000,1.000000,,False,,0,0.000000,0.000000,0.000000,0.000000,disabled,1.000000,0.000000
9e5559a9492d4e66,100%,90,81-90,mostly,72,71-80,python,python,False,0.000000,0.666667,0.666667,1.000000,1.000000,0.000000,0.666667,0.010471,0.020619,0.666667,1.000000,1.000000,0.000000,1.000000,0.037037,0.500000,2,27,lib/classes/device_installer.py,same_file,1,True,python_ast,python,1.000000,1.000000,,False,,0,0.000000,0.000000,0.000000,0.000000,disabled,1.000000,0.000000
ccf28a898be800b2,partial,50,41-50,mostly,88,81-90,python,python,False,0.500000,1.000000,1.000000,1.000000,1.000000,0.500000,1.000000,0.030550,0.059289,1.000000,1.000000,1.000000,0.500000,1.000000,0.057143,1.000000,4,35,lib/classes/device_installer.py,same_file,1,True,python_ast,python,1.000000,1.000000,,False,,0,0.000000,0.000000,0.000000,0.000000,disabled,1.000000,0.500000
f742315e7f927617,mostly,70,61-70,mostly,72,71-80,python,python,False,0.000000,0.666667,0.666667,1.000000,1.000000,0.000000,0.666667,0.007782,0.015385,0.666667,1.000000,1.000000,0.000000,1.000000,0.033333,0.500000,2,30,lib/classes/device_installer.py,same_file,1,True,python_ast,python,1.000000,1.000000,,False,,0,0.000000,0.000000,0.000000,0.000000,disabled,1.000000,0.000000
19b03c6bcd051832,0%,0,0,mostly,72,71-80,python,python,False,0.000000,0.888889,0.888889,0.888889,0.888889,0.000000,0.888889,0.041885,0.080000,0.888889,0.888889,0.888889,0.000000,0.888889,0.037037,1.000000,2,27,lib/classes/device_installer.py,same_file,1,True,python_ast,python,1.000000,1.000000,,False,,0,0.000000,0.000000,0.000000,0.000000,disabled,1.000000,0.000000
d4f4bc0e30ba0cd3,partial,50,41-50,mostly,88,81-90,python,python,False,0.500000,1.000000,1.000000,1.000000,1.000000,0.500000,1.000000,0.030550,0.059289,1.000000,1.000000,1.000000,0.500000,1.000000,0.057143,1.000000,4,35,lib/classes/device_installer.py,same_file,1,True,python_ast,python,1.000000,1.000000,,False,,0,0.000000,0.000000,0.000000,0.000000,disabled,1.000000,0.500000
04f3bbbe9af3d94d,100%,90,81-90,mostly,82,81-90,shell,pygments,False,0.000000,1.000000,1.000000,1.000000,1.000000,0.000000,1.000000,0.921053,0.958904,1.000000,1.000000,1.000000,0.000000,1.000000,1.000000,1.000000,11,1,ebook2audiobook.sh,same_file,3,False,,,0.000000,0.000000,no supported local structural parser,False,,0,0.000000,0.000000,0.000000,0.000000,disabled,1.000000,0.000000
d9f6cc6ac6783fcc,0%,0,0,0%,0,0,python,python,False,0.000000,0.500000,0.500000,1.000000,1.000000,0.000000,0.500000,0.030303,0.057143,0.500000,1.000000,1.000000,0.000000,1.000000,0.166667,0.000000,0,6,lib/classes/device_installer.py,same_file,2,True,python_ast,python,1.000000,1.000000,,False,,0,0.000000,0.000000,0.000000,0.000000,disabled,1.000000,0.000000
7e1a2f55ad6df83b,0%,0,0,0%,0,0,python,python,False,0.000000,0.500000,0.500000,1.000000,1.000000,0.000000,0.500000,0.030303,0.057143,0.500000,1.000000,1.000000,0.000000,1.000000,0.166667,0.000000,0,6,lib/classes/device_installer.py,same_file,2,True,python_ast,python,1.000000,1.000000,,False,,0,0.000000,0.000000,0.000000,0.000000,disabled,1.000000,0.000000
53d72d325aa26872,100%,90,81-90,mostly,82,81-90,python,python,False,0.000000,1.000000,1.000000,1.000000,1.000000,0.000000,1.000000,1.000000,1.000000,1.000000,1.000000,1.000000,0.000000,1.000000,1.000000,1.000000,28,1,lib/functions.py,same_file,3,True,python_ast,python,1.000000,1.000000,,False,,0,0.000000,0.000000,0.000000,0.000000,disabled,1.000000,0.000000
b7863940c37ed838,0%,0,0,0%,0,0,python,python,False,0.000000,0.666667,0.833333,0.833333,1.000000,0.000000,0.666667,0.023256,0.044944,0.833333,0.833333,1.000000,0.000000,1.000000,0.047619,0.333333,3,21,lib/classes/device_installer.py,same_file,1,True,python_ast,python,1.000000,1.000000,,False,,0,0.000000,0.000000,0.000000,0.000000,disabled,1.000000,0.000000
9414036457a5bb5f,0%,0,0,mostly,72,71-80,python,python,False,0.000000,0.648438,0.664062,0.648438,0.664062,0.000000,0.648438,1.000000,0.786730,0.648438,0.648438,0.648438,0.000000,0.617188,0.047619,0.571429,49,1,lib/functions.py,same_file,3,True,python_ast,python,0.705263,0.705263,,False,,0,0.000000,0.000000,0.000000,0.000000,disabled,1.000000,0.000000
cf9366d03e411e71,0%,0,0,0%,0,0,python,python,False,0.000000,0.666667,0.833333,0.833333,1.000000,0.000000,0.666667,0.023256,0.044944,0.833333,0.833333,1.000000,0.000000,1.000000,0.047619,0.333333,3,21,lib/classes/device_installer.py,same_file,1,True,python_ast,python,1.000000,1.000000,,False,,0,0.000000,0.000000,0.000000,0.000000,disabled,1.000000,0.000000
1b7deeb64ecbc83e,0%,0,0,mostly,82,81-90,python,python,False,0.000000,0.976471,0.976471,0.976471,0.976471,0.000000,0.976471,1.000000,0.988095,0.976471,0.976471,0.976471,0.000000,0.976471,0.111111,1.000000,28,1,lib/functions.py,same_file,3,True,python_ast,python,1.000000,1.000000,,False,,0,0.000000,0.000000,0.000000,0.000000,disabled,1.000000,0.000000
4445e26bef480347,0%,0,0,0%,0,0,python,python,False,0.000000,0.285714,0.357143,0.428571,0.500000,0.000000,0.285714,0.181818,0.222222,0.357143,0.428571,0.500000,0.000000,0.428571,1.000000,0.200000,5,2,lib/classes/device_installer.py,neighboring_same_file,3,True,python_ast,python,0.600000,0.600000,,False,,0,0.000000,0.000000,0.000000,0.000000,disabled,1.000000,0.000000
ab245d8ea3277230,100%,100,91-100,100%,100,91-100,python,python,False,1.000000,1.000000,1.000000,1.000000,1.000000,1.000000,1.000000,0.015625,0.030769,1.000000,1.000000,1.000000,0.500000,0.750000,0.074074,1.000000,1,27,lib/classes/vram_detector.py,same_file,1,True,python_ast,python,1.000000,1.000000,,False,,0,0.000000,0.000000,0.000000,0.000000,disabled,1.000000,1.000000
86dccdf3eadd0876,100%,90,81-90,100%,100,91-100,python,python,True,0.000000,1.000000,1.000000,1.000000,1.000000,0.000000,1.000000,0.871795,0.931507,1.000000,1.000000,1.000000,0.000000,1.000000,1.000000,1.000000,12,1,app.py,same_file,1,True,python_ast,python,1.000000,1.000000,,False,,0,0.000000,0.000000,0.000000,0.000000,disabled,1.000000,0.000000
238da0ccaa2a8dd6,100%,90,81-90,mostly,82,81-90,python,python,False,0.000000,1.000000,1.000000,1.000000,1.000000,0.000000,1.000000,0.258065,0.410256,1.000000,1.000000,1.000000,0.000000,1.000000,0.222222,1.000000,12,9,lib/classes/device_installer.py,same_file,5,True,python_ast,python,1.000000,1.000000,,False,,0,0.000000,0.000000,0.000000,0.000000,disabled,1.000000,0.000000
dfaef8f5ec365c49,100%,100,91-100,100%,100,91-100,python,python,True,1.000000,0.000000,0.000000,0.000000,0.000000,1.000000,0.000000,0.000000,0.000000,0.000000,0.000000,0.000000,1.000000,0.000000,1.000000,0.000000,0,1,lib/classes/vram_detector.py,same_file,1,True,python_ast,python,1.000000,1.000000,,False,,0,0.000000,0.000000,0.000000,0.000000,disabled,1.000000,1.000000
ff576e62961ab111,100%,90,81-90,mostly,82,81-90,python,python,False,0.000000,0.958333,0.958333,0.958333,0.958333,0.000000,0.958333,0.410714,0.575000,0.958333,0.958333,0.958333,0.000000,0.958333,0.500000,1.000000,12,4,lib/classes/device_installer.py,same_file,1,True,python_ast,python,1.000000,1.000000,,False,,0,0.000000,0.000000,0.000000,0.000000,disabled,1.000000,0.000000
a19580e2afc30afa,0%,0,0,mostly,61,61-70,python,python,False,0.000000,0.633333,0.833333,0.700000,0.900000,0.000000,0.600000,0.339623,0.433735,0.800000,0.666667,0.866667,0.000000,0.600000,0.625000,0.272727,11,8,lib/classes/device_installer.py,neighboring_same_file,5,True,python_ast,python,0.575758,0.575758,,False,,0,0.000000,0.000000,0.000000,0.000000,disabled,1.000000,0.000000
9262039fbf1a0a15,partial,50,41-50,100%,90,81-90,python,python,False,0.500000,1.000000,1.000000,1.000000,1.000000,0.500000,1.000000,1.000000,1.000000,1.000000,1.000000,1.000000,0.500000,1.000000,0.500000,1.000000,2,1,lib/classes/device_installer.py,same_file,4,True,python_ast,python,1.000000,1.000000,,False,,0,0.000000,0.000000,0.000000,0.000000,disabled,1.000000,0.500000
02360cbf1f46c80c,mostly,70,61-70,mostly,82,81-90,python,python,False,0.000000,0.900000,0.900000,0.950000,0.950000,0.000000,0.900000,1.000000,0.947368,0.900000,0.900000,0.900000,0.000000,0.900000,1.000000,0.888889,9,1,lib/classes/device_installer.py,same_file,4,True,python_ast,python,1.000000,1.000000,,False,,0,0.000000,0.000000,0.000000,0.000000,disabled,1.000000,0.000000
29ac72c69bc5bbf7,0%,0,0,mostly,69,61-70,python,python,False,0.000000,0.739130,0.826087,0.826087,0.913043,0.000000,0.739130,0.278689,0.404762,0.826087,0.826087,0.913043,0.000000,0.782609,0.250000,0.500000,8,4,lib/classes/device_installer.py,neighboring_same_file,4,True,python_ast,python,1.000000,1.000000,,False,,0,0.000000,0.000000,0.000000,0.000000,disabled,1.000000,0.000000
f102c03435139bb3,partial,42,41-50,mostly,72,71-80,python,python,False,0.333333,0.818182,0.954545,0.818182,0.954545,0.333333,0.818182,0.076923,0.140625,0.954545,0.818182,0.954545,0.333333,0.909091,0.081081,0.625000,8,37,lib/classes/device_installer.py,same_file,2,True,python_ast,python,0.619048,0.619048,,False,,0,0.000000,0.000000,0.000000,0.000000,disabled,1.000000,0.333300
b2d97f6a5fc1e123,mostly,83,81-90,mostly,86,81-90,python,python,False,0.857143,0.934959,0.975610,0.943089,0.983740,0.714286,0.934959,0.360502,0.520362,0.975610,0.943089,0.983740,0.714286,0.975610,0.205882,0.857143,35,34,lib/classes/device_installer.py,same_file,1,True,python_ast,python,1.000000,1.000000,,False,,0,0.000000,0.000000,0.000000,0.000000,disabled,1.000000,0.857100
abc18d77c801a5cf,partial,33,31-40,partial,55,51-60,python,python,False,0.333333,0.833333,0.958333,0.833333,0.958333,0.166667,0.833333,0.085470,0.155039,0.958333,0.833333,0.958333,0.166667,0.916667,0.162162,0.625000,8,37,lib/classes/device_installer.py,same_file,2,True,python_ast,python,0.619048,0.619048,,False,,0,0.000000,0.000000,0.000000,0.000000,disabled,1.000000,0.333300
d819b48fc61a9c08,mostly,82,81-90,mostly,86,81-90,python,python,False,0.857143,0.966942,1.000000,0.966942,1.000000,0.571429,0.966942,0.366771,0.531818,1.000000,0.966942,1.000000,0.571429,0.950413,0.205882,0.885714,35,34,lib/classes/device_installer.py,same_file,1,True,python_ast,python,1.000000,1.000000,,False,,0,0.000000,0.000000,0.000000,0.000000,disabled,1.000000,0.857100
930e021d8be01d4c,0%,0,0,0%,0,0,python,python,False,0.000000,0.571429,0.714286,0.785714,0.928571,0.000000,0.571429,0.030418,0.057762,0.714286,0.785714,0.928571,0.000000,0.928571,0.100000,0.200000,5,30,lib/classes/device_installer.py,neighboring_same_file,3,True,python_ast,python,0.933333,0.933333,,False,,0,0.000000,0.000000,0.000000,0.000000,disabled,1.000000,0.000000
09505ab32d23c5b0,partial,45,41-50,mostly,72,71-80,python,python,False,0.000000,0.944444,0.944444,1.000000,1.000000,0.000000,0.944444,0.065134,0.121864,0.944444,1.000000,1.000000,0.000000,0.888889,0.065217,0.857143,7,46,lib/classes/device_installer.py,same_file,1,True,python_ast,python,1.000000,1.000000,,False,,0,0.000000,0.000000,0.000000,0.000000,disabled,1.000000,0.000000
bfc9e32dcc93b061,100%,90,81-90,mostly,72,71-80,python,python,False,0.000000,0.916667,0.916667,0.916667,0.916667,0.000000,0.916667,0.024554,0.047826,0.916667,0.916667,0.916667,0.000000,0.916667,0.021739,1.000000,4,46,lib/classes/device_installer.py,same_file,1,True,python_ast,python,1.000000,1.000000,,False,,0,0.000000,0.000000,0.000000,0.000000,disabled,1.000000,0.000000
034c30ae5dfb581d,partial,30,21-30,mostly,72,71-80,python,python,False,0.000000,0.800000,0.800000,0.850000,0.850000,0.000000,0.800000,0.036697,0.070175,0.800000,0.850000,0.850000,0.000000,0.750000,0.066667,1.000000,5,45,lib/classes/device_installer.py,same_file,1,True,python_ast,python,0.947368,0.947368,,False,,0,0.000000,0.000000,0.000000,0.000000,disabled,1.000000,0.000000
5066edd420794c30,partial,26,21-30,partial,55,51-60,python,python,False,0.095238,0.420690,0.555172,0.427586,0.562069,0.095238,0.427586,0.867133,0.572748,0.458621,0.434483,0.465517,0.071429,0.427586,0.523810,0.398058,103,22,lib/classes/device_installer.py,same_file,3,True,python_ast,python,0.520000,0.520000,,False,,0,0.000000,0.000000,0.000000,0.000000,disabled,1.000000,0.095200
0455586ab55328c9,100%,90,81-90,mostly,72,71-80,python,python,False,0.000000,0.916667,0.916667,0.916667,0.916667,0.000000,0.916667,0.024554,0.047826,0.916667,0.916667,0.916667,0.000000,0.916667,0.021739,1.000000,4,46,lib/classes/device_installer.py,same_file,1,True,python_ast,python,1.000000,1.000000,,False,,0,0.000000,0.000000,0.000000,0.000000,disabled,1.000000,0.000000
9d4ec173471e1ea8,100%,100,91-100,100%,100,91-100,python,python,True,1.000000,1.000000,1.000000,1.000000,1.000000,1.000000,1.000000,0.004598,0.009153,1.000000,1.000000,1.000000,1.000000,1.000000,0.026316,0.000000,0,38,lib/classes/device_installer.py,same_file,2,False,python_ast,python,0.000000,0.000000,SyntaxError: invalid syntax,False,,0,0.000000,0.000000,0.000000,0.000000,disabled,1.000000,1.000000
05b2d2d3fae42347,100%,100,91-100,100%,100,91-100,python,python,True,1.000000,1.000000,1.000000,1.000000,1.000000,1.000000,1.000000,0.004598,0.009153,1.000000,1.000000,1.000000,1.000000,1.000000,0.026316,0.000000,0,38,lib/classes/device_installer.py,same_file,2,False,python_ast,python,0.000000,0.000000,SyntaxError: invalid syntax,False,,0,0.000000,0.000000,0.000000,0.000000,disabled,1.000000,1.000000
1c9e6f0cdecded42,mostly,70,61-70,mostly,72,71-80,python,python,False,0.000000,0.666667,0.666667,1.000000,1.000000,0.000000,0.666667,0.006061,0.012012,0.666667,1.000000,1.000000,0.000000,1.000000,0.020833,0.500000,2,48,lib/classes/device_installer.py,same_file,1,True,python_ast,python,1.000000,1.000000,,False,,0,0.000000,0.000000,0.000000,0.000000,disabled,1.000000,0.000000
27e5d72ff344c21b,partial,25,21-30,0%,0,0,python,python,False,0.250000,0.000000,0.000000,0.000000,0.000000,0.250000,0.000000,0.000000,0.000000,0.000000,0.000000,0.000000,0.250000,0.000000,0.100000,0.000000,0,40,lib/classes/device_installer.py,same_file,1,True,python_ast,python,1.000000,1.000000,,False,,0,0.000000,0.000000,0.000000,0.000000,disabled,1.000000,0.250000
e8568b596717802c,100%,90,81-90,mostly,82,81-90,python,python,False,0.000000,0.666667,0.666667,1.000000,1.000000,0.000000,0.666667,0.666667,0.666667,0.666667,1.000000,1.000000,0.000000,1.000000,1.000000,0.500000,2,1,lib/classes/device_installer.py,same_file,1,True,python_ast,python,1.000000,1.000000,,False,,0,0.000000,0.000000,0.000000,0.000000,disabled,1.000000,0.000000
6a4deb44214e2497,100%,100,91-100,100%,100,91-100,shell,pygments,True,1.000000,1.000000,1.000000,1.000000,1.000000,1.000000,1.000000,0.378788,0.549451,1.000000,1.000000,1.000000,1.000000,1.000000,0.400000,1.000000,20,15,ebook2audiobook.sh,same_file,2,False,,,0.000000,0.000000,no supported local structural parser,False,,0,0.000000,0.000000,0.000000,0.000000,disabled,1.000000,1.000000
78db22535a359612,100%,90,81-90,mostly,82,81-90,shell,regex,False,0.000000,0.800000,1.000000,0.800000,1.000000,0.000000,0.800000,0.800000,0.800000,1.000000,0.800000,1.000000,0.000000,1.000000,1.000000,0.750000,4,1,ebook2audiobook.sh,same_file,1,False,,,0.000000,0.000000,no supported local structural parser,False,,0,0.000000,0.000000,0.000000,0.000000,disabled,1.000000,0.000000
766ea0349d757726,100%,90,81-90,mostly,82,81-90,shell,pygments,False,0.000000,1.000000,1.000000,1.000000,1.000000,0.000000,1.000000,0.750000,0.857143,1.000000,1.000000,1.000000,0.000000,1.000000,0.500000,1.000000,2,2,ebook2audiobook.sh,same_file,2,False,,,0.000000,0.000000,no supported local structural parser,False,,0,0.000000,0.000000,0.000000,0.000000,disabled,1.000000,0.000000
bd0d0dff2b0f09c9,0%,0,0,mostly,65,61-70,python,python,False,0.000000,0.666667,0.766667,0.733333,0.833333,0.000000,0.666667,0.185185,0.289855,0.766667,0.733333,0.833333,0.000000,0.733333,0.035714,0.636364,11,28,lib/classes/background_detector.py,neighboring_same_file,3,True,python_ast,python,0.571429,0.571429,,False,,0,0.000000,0.000000,0.000000,0.000000,disabled,1.000000,0.000000
361ceaffa1e066a4,0%,0,0,mostly,78,71-80,python,python,False,0.000000,0.777778,0.888889,0.777778,0.888889,0.000000,0.777778,0.080460,0.145833,0.888889,0.777778,0.888889,0.000000,0.888889,0.750000,0.666667,3,12,lib/classes/background_detector.py,same_file,2,True,python_ast,python,1.000000,1.000000,,False,,0,0.000000,0.000000,0.000000,0.000000,disabled,1.000000,0.000000
43a420d88ccb2c5e,100%,90,81-90,mostly,82,81-90,python,python,False,0.000000,1.000000,1.000000,1.000000,1.000000,0.000000,1.000000,0.857143,0.923077,1.000000,1.000000,1.000000,0.000000,1.000000,1.000000,1.000000,3,1,lib/classes/subprocess_pipe.py,same_file,1,True,python_ast,python,1.000000,1.000000,,False,,0,0.000000,0.000000,0.000000,0.000000,disabled,1.000000,0.000000
32a5aba744c0b35e,partial,45,41-50,mostly,78,71-80,python,python,False,0.000000,0.700000,0.700000,0.700000,0.700000,0.000000,0.700000,0.100000,0.175000,0.700000,0.700000,0.700000,0.000000,0.700000,0.142857,1.000000,3,7,lib/classes/voice_extractor.py,same_file,3,True,python_ast,python,1.000000,1.000000,,False,,0,0.000000,0.000000,0.000000,0.000000,disabled,1.000000,0.000000
72080c17b61267ad,100%,100,91-100,mostly,82,81-90,python,python,False,0.000000,0.944444,0.944444,1.000000,1.000000,0.000000,0.944444,0.944444,0.944444,0.944444,1.000000,1.000000,0.000000,1.000000,1.000000,0.875000,8,1,lib/classes/device_installer.py,same_file,4,True,python_ast,python,1.000000,1.000000,,False,,0,0.000000,0.000000,0.000000,0.000000,disabled,1.000000,0.000000
496d8c97584506c0,partial,33,31-40,mostly,72,71-80,python,python,False,0.333333,0.764706,0.882353,0.882353,1.000000,0.333333,0.764706,0.039039,0.074286,0.882353,0.882353,1.000000,0.333333,1.000000,0.063830,0.500000,4,47,lib/classes/background_detector.py,same_file,1,False,python_ast,python,0.000000,0.000000,SyntaxError: '{' was never closed,False,,0,0.000000,0.000000,0.000000,0.000000,disabled,1.000000,0.333300
7b8378ef117a0e0a,100%,100,91-100,mostly,82,81-90,python,python,False,0.000000,0.944444,0.944444,1.000000,1.000000,0.000000,0.944444,0.944444,0.944444,0.944444,1.000000,1.000000,0.000000,1.000000,1.000000,0.875000,8,1,lib/classes/device_installer.py,same_file,4,True,python_ast,python,1.000000,1.000000,,False,,0,0.000000,0.000000,0.000000,0.000000,disabled,1.000000,0.000000
f16445a25ec07da7,partial,39,31-40,mostly,82,81-90,python,python,False,0.333333,1.000000,1.000000,1.000000,1.000000,0.333333,1.000000,0.757143,0.861789,1.000000,1.000000,1.000000,0.333333,1.000000,0.777778,1.000000,24,7,lib/classes/voice_extractor.py,same_file,3,True,python_ast,python,1.000000,1.000000,,False,,0,0.000000,0.000000,0.000000,0.000000,disabled,1.000000,0.333300
0a086431cfa04731,100%,90,81-90,mostly,82,81-90,python,python,False,0.000000,1.000000,1.000000,1.000000,1.000000,0.000000,1.000000,0.857143,0.923077,1.000000,1.000000,1.000000,0.000000,1.000000,1.000000,1.000000,3,1,lib/classes/subprocess_pipe.py,same_file,1,True,python_ast,python,1.000000,1.000000,,False,,0,0.000000,0.000000,0.000000,0.000000,disabled,1.000000,0.000000
41ef7c19f51da305,partial,33,31-40,mostly,72,71-80,python,python,False,0.333333,0.764706,0.882353,0.882353,1.000000,0.333333,0.764706,0.039039,0.074286,0.882353,0.882353,1.000000,0.333333,1.000000,0.063830,0.500000,4,47,lib/classes/background_detector.py,same_file,1,False,python_ast,python,0.000000,0.000000,SyntaxError: '{' was never closed,False,,0,0.000000,0.000000,0.000000,0.000000,disabled,1.000000,0.333300
64e1e89cfcf6068a,0%,0,0,mostly,60,51-60,python,python,False,0.000000,0.666667,0.777778,0.777778,0.888889,0.000000,0.666667,0.085714,0.151899,0.777778,0.777778,0.888889,0.000000,0.666667,0.285714,0.500000,2,7,lib/classes/voice_extractor.py,same_file,3,True,python_ast,python,1.000000,1.000000,,False,,0,0.000000,0.000000,0.000000,0.000000,disabled,1.000000,0.000000
bd43c9090a09a888,100%,100,91-100,100%,100,91-100,python,python,True,1.000000,1.000000,1.000000,1.000000,1.000000,1.000000,1.000000,1.000000,1.000000,1.000000,1.000000,1.000000,1.000000,1.000000,1.000000,1.000000,8,1,lib/classes/device_installer.py,same_file,4,True,python_ast,python,1.000000,1.000000,,False,,0,0.000000,0.000000,0.000000,0.000000,disabled,1.000000,1.000000
1bb1df659ff20889,partial,13,11-20,partial,55,51-60,python,python,False,0.111111,0.926829,0.975610,0.951220,1.000000,0.111111,0.926829,0.500000,0.649573,0.975610,0.951220,1.000000,0.111111,0.951220,0.666667,0.833333,18,6,lib/classes/voice_extractor.py,same_file,3,True,python_ast,python,0.975000,0.975000,,False,,0,0.000000,0.000000,0.000000,0.000000,disabled,1.000000,0.111100
b70cbc7709677de5,partial,16,11-20,partial,55,51-60,python,python,False,0.222222,0.878049,0.926829,0.902439,0.951220,0.222222,0.878049,0.201117,0.327273,0.926829,0.902439,0.951220,0.111111,0.902439,0.375000,0.833333,18,24,lib/classes/voice_extractor.py,same_file,2,True,python_ast,python,0.950000,0.950000,,False,,0,0.000000,0.000000,0.000000,0.000000,disabled,1.000000,0.222200
5ce0ff3d3cbb2a72,partial,13,11-20,partial,55,51-60,python,python,False,0.111111,0.974359,0.974359,1.000000,1.000000,0.111111,0.974359,0.240506,0.385787,0.974359,1.000000,1.000000,0.111111,0.948718,0.450000,0.941176,17,20,lib/classes/voice_extractor.py,same_file,2,True,python_ast,python,1.000000,1.000000,,False,,0,0.000000,0.000000,0.000000,0.000000,disabled,1.000000,0.111100
3702e15001ca9f1e,partial,33,31-40,mostly,82,81-90,python,python,False,0.333333,1.000000,1.000000,1.000000,1.000000,0.333333,1.000000,0.352941,0.521739,1.000000,1.000000,1.000000,0.333333,1.000000,1.000000,1.000000,8,3,lib/classes/device_installer.py,same_file,2,True,python_ast,python,1.000000,1.000000,,False,,0,0.000000,0.000000,0.000000,0.000000,disabled,1.000000,0.333300
7f042799cb8334d1,partial,9,1-10,partial,55,51-60,python,python,False,0.166667,0.604167,0.916667,0.666667,0.979167,0.166667,0.604167,0.187097,0.285714,0.916667,0.666667,0.979167,0.166667,0.791667,0.285714,0.062500,16,21,lib/classes/voice_extractor.py,neighboring_same_file,4,True,python_ast,python,1.000000,1.000000,,False,,0,0.000000,0.000000,0.000000,0.000000,disabled,1.000000,0.166700
61d8bababeb70be2,partial,5,1-10,partial,48,41-50,python,python,False,0.062500,0.239669,0.355372,0.280992,0.396694,0.062500,0.239669,0.568627,0.337209,0.355372,0.280992,0.396694,0.062500,0.289256,0.437500,0.073171,41,7,lib/classes/voice_extractor.py,same_file,2,True,python_ast,python,0.388350,0.388350,,False,,0,0.000000,0.000000,0.000000,0.000000,disabled,1.000000,0.062500
b0567348c10f9daf,partial,6,1-10,partial,45,41-50,python,python,False,0.000000,0.333333,0.515152,0.393939,0.575758,0.000000,0.333333,0.523810,0.407407,0.515152,0.393939,0.575758,0.000000,0.414141,0.916667,0.090909,33,11,lib/classes/voice_extractor.py,neighboring_same_file,4,True,python_ast,python,0.609195,0.609195,,False,,0,0.000000,0.000000,0.000000,0.000000,disabled,1.000000,0.000000
2a6061f3512555f3,100%,100,91-100,mostly,78,71-80,shell,pygments,False,0.000000,0.972973,0.972973,0.972973,0.972973,0.000000,0.972973,0.182741,0.307692,0.972973,0.972973,0.972973,0.000000,0.891892,0.100000,1.000000,10,10,ebook2audiobook.sh,same_file,2,False,,,0.000000,0.000000,no supported local structural parser,False,,0,0.000000,0.000000,0.000000,0.000000,disabled,1.000000,0.000000
6a41e737d47513c5,mostly,67,61-70,mostly,87,81-90,shell,pygments,False,0.500000,0.975207,0.991736,0.975207,0.991736,0.500000,0.975207,0.598985,0.742138,0.991736,0.975207,0.991736,0.500000,0.983471,0.800000,0.954545,22,10,ebook2audiobook.sh,same_file,2,False,,,0.000000,0.000000,no supported local structural parser,False,,0,0.000000,0.000000,0.000000,0.000000,disabled,1.000000,0.500000
3e9b811af560dfde,0%,0,0,mostly,72,71-80,python,python,False,0.000000,0.777778,0.777778,0.777778,0.777778,0.000000,0.777778,0.040698,0.077348,0.777778,0.777778,0.777778,0.000000,0.777778,0.041667,1.000000,1,24,lib/classes/voice_extractor.py,same_file,2,True,python_ast,python,1.000000,1.000000,,False,,0,0.000000,0.000000,0.000000,0.000000,disabled,1.000000,0.000000
cdac19559fc8077c,mostly,70,61-70,mostly,78,71-80,python,python,False,0.000000,0.800000,0.800000,0.800000,0.800000,0.000000,0.800000,0.078431,0.142857,0.800000,0.800000,0.800000,0.000000,0.800000,0.142857,1.000000,1,7,lib/classes/voice_extractor.py,same_file,2,True,python_ast,python,1.000000,1.000000,,False,,0,0.000000,0.000000,0.000000,0.000000,disabled,1.000000,0.000000
6fa9f1202234cb18,100%,90,81-90,mostly,82,81-90,python,python,False,0.000000,0.666667,0.666667,1.000000,1.000000,0.000000,0.666667,0.039216,0.074074,0.666667,1.000000,1.000000,0.000000,1.000000,0.142857,0.500000,2,7,lib/classes/voice_extractor.py,same_file,2,True,python_ast,python,1.000000,1.000000,,False,,0,0.000000,0.000000,0.000000,0.000000,disabled,1.000000,0.000000
48b9b5cd49a77fc7,100%,90,81-90,mostly,72,71-80,python,python,False,0.000000,0.666667,0.666667,1.000000,1.000000,0.000000,0.666667,0.014925,0.029197,0.666667,1.000000,1.000000,0.000000,1.000000,0.052632,0.500000,2,19,lib/classes/voice_extractor.py,same_file,4,True,python_ast,python,1.000000,1.000000,,False,,0,0.000000,0.000000,0.000000,0.000000,disabled,1.000000,0.000000
71a2dc8850af2632,partial,45,41-50,mostly,72,71-80,python,python,False,0.000000,0.666667,0.833333,0.722222,0.888889,0.000000,0.666667,0.072727,0.131148,0.833333,0.722222,0.888889,0.000000,0.833333,0.052632,0.571429,7,19,lib/classes/tts_engines/common/utils.py,same_file,1,True,python_ast,python,1.000000,1.000000,,False,,0,0.000000,0.000000,0.000000,0.000000,disabled,1.000000,0.000000
a28993bc858f7522,partial,45,41-50,mostly,72,71-80,python,python,False,0.000000,0.666667,0.833333,0.722222,0.888889,0.000000,0.666667,0.072727,0.131148,0.833333,0.722222,0.888889,0.000000,0.833333,0.052632,0.571429,7,19,lib/classes/tts_engines/common/utils.py,same_file,1,True,python_ast,python,1.000000,1.000000,,False,,0,0.000000,0.000000,0.000000,0.000000,disabled,1.000000,0.000000
aa65d851ab14c807,100%,100,91-100,100%,100,91-100,python,python,True,1.000000,1.000000,1.000000,1.000000,1.000000,1.000000,1.000000,1.000000,1.000000,1.000000,1.000000,1.000000,1.000000,1.000000,1.000000,1.000000,10,3,lib/gradio.py,same_file,4,True,python_ast,python,1.000000,1.000000,,False,,0,0.000000,0.000000,0.000000,0.000000,disabled,1.000000,1.000000
d3f9850a21868c68,100%,100,91-100,100%,100,91-100,python,python,True,1.000000,1.000000,1.000000,1.000000,1.000000,1.000000,1.000000,1.000000,1.000000,1.000000,1.000000,1.000000,1.000000,1.000000,1.000000,1.000000,10,3,lib/gradio.py,same_file,4,True,python_ast,python,1.000000,1.000000,,False,,0,0.000000,0.000000,0.000000,0.000000,disabled,1.000000,1.000000
203bfcd395821e94,100%,90,81-90,mostly,82,81-90,python,python,False,0.000000,1.000000,1.000000,1.000000,1.000000,0.000000,1.000000,0.600000,0.750000,1.000000,1.000000,1.000000,0.000000,1.000000,0.333333,1.000000,7,3,lib/gradio.py,same_file,4,True,python_ast,python,1.000000,1.000000,,False,,0,0.000000,0.000000,0.000000,0.000000,disabled,1.000000,0.000000
ddeae3ecf9780311,0%,0,0,mostly,82,81-90,python,python,False,0.000000,0.833333,0.833333,1.000000,1.000000,0.000000,0.833333,0.384615,0.526316,0.833333,1.000000,1.000000,0.000000,1.000000,0.750000,0.600000,5,4,lib/gradio.py,same_file,4,True,python_ast,python,1.000000,1.000000,,False,,0,0.000000,0.000000,0.000000,0.000000,disabled,1.000000,0.000000
36bf95187da939bb,0%,0,0,mostly,78,71-80,python,python,False,0.000000,0.972222,0.972222,0.972222,0.972222,0.000000,0.972222,0.472973,0.636364,0.972222,0.972222,0.972222,0.000000,0.750000,0.500000,1.000000,12,4,lib/gradio.py,same_file,2,True,python_ast,python,1.000000,1.000000,,False,,0,0.000000,0.000000,0.000000,0.000000,disabled,1.000000,0.000000
b60ba22cbee71929,0%,0,0,mostly,67,61-70,python,python,False,0.000000,0.740741,0.851852,0.740741,0.851852,0.000000,0.740741,0.270270,0.396040,0.851852,0.740741,0.851852,0.000000,0.740741,0.250000,0.857143,7,4,lib/gradio.py,same_file,2,True,python_ast,python,0.814815,0.814815,,False,,0,0.000000,0.000000,0.000000,0.000000,disabled,1.000000,0.000000
7c3babe4b4e64785,partial,50,41-50,mostly,85,81-90,python,python,False,0.500000,0.500000,0.500000,0.500000,0.500000,0.500000,0.500000,1.000000,0.666667,0.500000,0.500000,0.500000,0.500000,0.500000,0.500000,0.500000,2,1,lib/classes/tts_engines/common/utils.py,same_file,2,True,python_ast,python,0.571429,0.571429,,False,,0,0.000000,0.000000,0.000000,0.000000,disabled,1.000000,0.500000
5dbc37734a854c17,partial,9,1-10,partial,55,51-60,python,python,False,0.083333,0.548387,0.774194,0.548387,0.774194,0.083333,0.548387,0.459459,0.500000,0.774194,0.548387,0.774194,0.083333,0.516129,0.333333,0.360000,25,4,lib/gradio.py,same_file,2,True,python_ast,python,0.661017,0.661017,,False,,0,0.000000,0.000000,0.000000,0.000000,disabled,1.000000,0.083300
f15b806d84faa2c0,partial,23,21-30,0%,0,0,python,python,False,0.000000,0.350000,0.650000,0.350000,0.650000,0.000000,0.350000,0.058824,0.100719,0.650000,0.350000,0.650000,0.000000,0.600000,0.230769,0.250000,4,13,lib/gradio.py,same_file,2,True,python_ast,python,0.833333,0.833333,,False,,0,0.000000,0.000000,0.000000,0.000000,disabled,1.000000,0.000000
8b633fce232803fc,0%,0,0,partial,33,31-40,python,python,False,0.000000,0.222222,0.407407,0.222222,0.407407,0.000000,0.222222,0.375000,0.279070,0.407407,0.222222,0.407407,0.000000,0.370370,0.400000,0.250000,8,2,lib/classes/tts_engines/common/utils.py,same_file,2,True,python_ast,python,0.230769,0.230769,,False,,0,0.000000,0.000000,0.000000,0.000000,disabled,1.000000,0.000000
e566ce2eb6ac041b,partial,50,41-50,mostly,80,71-80,python,python,False,0.500000,0.863636,0.909091,0.954545,1.000000,0.500000,0.863636,0.237500,0.372549,0.909091,0.954545,1.000000,0.500000,0.909091,0.222222,0.750000,8,9,lib/classes/device_installer.py,same_file,2,True,python_ast,python,1.000000,1.000000,,False,,0,0.000000,0.000000,0.000000,0.000000,disabled,1.000000,0.500000
5a47d4100b0c1cc1,partial,13,11-20,partial,55,51-60,python,python,False,0.166667,0.755556,0.822222,0.755556,0.822222,0.166667,0.755556,0.425000,0.544000,0.822222,0.755556,0.822222,0.166667,0.666667,0.750000,0.863636,22,9,lib/classes/device_installer.py,same_file,2,True,python_ast,python,0.784314,0.784314,,False,,0,0.000000,0.000000,0.000000,0.000000,disabled,1.000000,0.166700
0b4f8a6a93230b37,partial,25,21-30,partial,55,51-60,python,python,False,0.263158,0.714286,0.769231,0.725275,0.780220,0.263158,0.714286,0.812500,0.760234,0.769231,0.725275,0.780220,0.263158,0.681319,0.473684,0.750000,40,9,lib/classes/device_installer.py,same_file,2,True,python_ast,python,0.705263,0.705263,,False,,0,0.000000,0.000000,0.000000,0.000000,disabled,1.000000,0.263200
3e5d0b7ed2a1fa81,partial,12,11-20,partial,55,51-60,python,python,False,0.076923,0.578125,0.734375,0.609375,0.765625,0.076923,0.578125,0.462500,0.513889,0.734375,0.609375,0.765625,0.076923,0.609375,0.692308,0.576923,26,9,lib/classes/device_installer.py,same_file,2,True,python_ast,python,0.972973,0.972973,,False,,0,0.000000,0.000000,0.000000,0.000000,disabled,1.000000,0.076900
6e7b2dbafb3035c9,partial,11,11-20,mostly,82,81-90,python,python,False,0.000000,0.146341,0.146341,0.146341,0.146341,0.000000,0.146341,1.000000,0.255319,0.146341,0.146341,0.146341,0.000000,0.146341,0.111111,0.138889,36,1,lib/classes/device_installer.py,same_file,2,True,python_ast,python,0.111111,0.111111,,False,,0,0.000000,0.000000,0.000000,0.000000,disabled,1.000000,0.000000
f717354c3cfc166f,partial,7,1-10,mostly,82,81-90,python,python,False,0.000000,0.146341,0.146341,0.146341,0.146341,0.000000,0.146341,1.000000,0.255319,0.146341,0.146341,0.146341,0.000000,0.146341,0.100000,0.138889,36,1,lib/classes/device_installer.py,same_file,2,True,python_ast,python,0.111111,0.111111,,False,,0,0.000000,0.000000,0.000000,0.000000,disabled,1.000000,0.000000
7cf810ca88f1705a,100%,90,81-90,mostly,82,81-90,python,python,False,0.000000,0.953488,0.953488,0.953488,0.953488,0.000000,0.953488,1.000000,0.976190,0.953488,0.953488,0.953488,0.000000,0.953488,0.200000,0.923077,13,5,lib/classes/device_installer.py,same_file,1,True,python_ast,python,0.961538,0.961538,,False,,0,0.000000,0.000000,0.000000,0.000000,disabled,1.000000,0.000000
42ac4f80e75d9d76,partial,50,41-50,mostly,88,81-90,shell,pygments,False,0.500000,0.976190,1.000000,0.976190,1.000000,0.500000,0.976190,0.383178,0.550336,1.000000,0.976190,1.000000,0.500000,1.000000,0.333333,0.923077,13,6,ebook2audiobook.sh,same_file,4,False,,,0.000000,0.000000,no supported local structural parser,False,,0,0.000000,0.000000,0.000000,0.000000,disabled,1.000000,0.500000
1bf33753504d60f3,0%,0,0,0%,0,0,python,python,False,0.000000,0.558824,0.617647,0.617647,0.676471,0.000000,0.558824,0.263889,0.358491,0.617647,0.617647,0.676471,0.000000,0.558824,1.000000,0.250000,16,8,lib/classes/device_installer.py,same_file,2,True,python_ast,python,0.666667,0.666667,,False,,0,0.000000,0.000000,0.000000,0.000000,disabled,1.000000,0.000000
b7e9df0eb804c2b5,0%,0,0,0%,0,0,python,python,False,0.000000,0.483871,0.612903,0.580645,0.709677,0.000000,0.483871,0.250000,0.329670,0.612903,0.580645,0.709677,0.000000,0.483871,0.333333,0.400000,10,3,lib/gradio.py,neighboring_same_file,3,True,python_ast,python,0.629630,0.629630,,False,,0,0.000000,0.000000,0.000000,0.000000,disabled,1.000000,0.000000
e2081f7652401c3b,partial,25,21-30,partial,55,51-60,python,python,False,0.250000,0.933333,0.933333,1.000000,1.000000,0.250000,0.933333,0.583333,0.717949,0.933333,1.000000,1.000000,0.250000,1.000000,0.750000,1.000000,4,3,lib/gradio.py,same_file,2,True,python_ast,python,1.000000,1.000000,,False,,0,0.000000,0.000000,0.000000,0.000000,disabled,1.000000,0.250000
b5694b542c2cf39b,mostly,79,71-80,mostly,81,81-90,python,python,False,0.800000,0.939759,0.963855,0.951807,0.975904,0.800000,0.939759,0.506494,0.658228,0.963855,0.951807,0.975904,0.700000,0.915663,0.666667,0.911765,34,15,lib/gradio.py,same_file,5,True,python_ast,python,0.952381,0.952381,,False,,0,0.000000,0.000000,0.000000,0.000000,disabled,1.000000,0.800000
1aa7644d368ea43b,partial,45,41-50,mostly,72,71-80,python,python,False,0.000000,0.789474,0.842105,0.947368,1.000000,0.000000,0.894737,0.110390,0.196532,0.947368,0.947368,1.000000,0.000000,0.894737,0.066667,0.714286,7,15,lib/gradio.py,same_file,5,True,python_ast,python,1.000000,1.000000,,False,,0,0.000000,0.000000,0.000000,0.000000,disabled,1.000000,0.000000
c2d89d0281ff1506,partial,45,41-50,mostly,72,71-80,python,python,False,0.000000,1.000000,1.000000,1.000000,1.000000,0.000000,1.000000,0.090909,0.166667,1.000000,1.000000,1.000000,0.000000,1.000000,0.066667,1.000000,4,15,lib/gradio.py,same_file,5,True,python_ast,python,1.000000,1.000000,,False,,0,0.000000,0.000000,0.000000,0.000000,disabled,1.000000,0.000000
4bd5d68679a88b1b,mostly,87,81-90,mostly,88,81-90,python,python,False,0.875000,0.957143,0.971429,0.957143,0.971429,0.875000,0.957143,0.435065,0.598214,0.971429,0.957143,0.971429,0.875000,0.971429,0.533333,0.964286,28,15,lib/gradio.py,same_file,5,True,python_ast,python,0.957143,0.957143,,False,,0,0.000000,0.000000,0.000000,0.000000,disabled,1.000000,0.875000
407860575f31504a,partial,35,31-40,partial,55,51-60,python,python,False,0.333333,0.772727,0.863636,0.818182,0.909091,0.333333,0.772727,0.175258,0.285714,0.863636,0.818182,0.909091,0.166667,0.863636,0.545455,0.714286,7,11,lib/gradio.py,same_file,2,True,python_ast,python,0.826087,0.826087,,False,,0,0.000000,0.000000,0.000000,0.000000,disabled,1.000000,0.333300
bcba4ef5c338c8c5,0%,0,0,partial,54,51-60,python,python,False,0.000000,0.419355,0.709677,0.451613,0.741935,0.000000,0.419355,0.393939,0.406250,0.709677,0.451613,0.741935,0.000000,0.580645,0.666667,0.153846,13,3,lib/classes/tts_engines/bark.py,same_file,2,True,python_ast,python,0.764706,0.764706,,False,,0,0.000000,0.000000,0.000000,0.000000,disabled,1.000000,0.000000
b1534e5cacb3f4bb,0%,0,0,partial,54,51-60,python,python,False,0.000000,0.419355,0.709677,0.451613,0.741935,0.000000,0.419355,0.393939,0.406250,0.709677,0.451613,0.741935,0.000000,0.580645,0.666667,0.153846,13,3,lib/classes/tts_engines/fairseq.py,same_file,2,True,python_ast,python,0.764706,0.764706,,False,,0,0.000000,0.000000,0.000000,0.000000,disabled,1.000000,0.000000
85a2e03f6c2bd261,0%,0,0,partial,54,51-60,python,python,False,0.000000,0.419355,0.709677,0.451613,0.741935,0.000000,0.419355,0.393939,0.406250,0.709677,0.451613,0.741935,0.000000,0.580645,0.666667,0.153846,13,3,lib/classes/tts_engines/yourtts.py,same_file,2,True,python_ast,python,0.764706,0.764706,,False,,0,0.000000,0.000000,0.000000,0.000000,disabled,1.000000,0.000000
575911eeef17810e,0%,0,0,mostly,64,61-70,python,python,False,0.000000,0.580645,0.838710,0.580645,0.838710,0.000000,0.580645,0.367347,0.450000,0.838710,0.580645,0.838710,0.000000,0.709677,0.500000,0.384615,13,4,lib/classes/tts_engines/xtts.py,same_file,2,True,python_ast,python,0.764706,0.764706,,False,,0,0.000000,0.000000,0.000000,0.000000,disabled,1.000000,0.000000
0dd64e53e5f2605c,0%,0,0,mostly,64,61-70,python,python,False,0.000000,0.580645,0.838710,0.580645,0.838710,0.000000,0.580645,0.367347,0.450000,0.838710,0.580645,0.838710,0.000000,0.709677,0.500000,0.384615,13,4,lib/classes/tts_engines/xtts.py,same_file,2,True,python_ast,python,0.764706,0.764706,,False,,0,0.000000,0.000000,0.000000,0.000000,disabled,1.000000,0.000000
3afeedba6ed6b618,0%,0,0,partial,54,51-60,python,python,False,0.000000,0.419355,0.709677,0.451613,0.741935,0.000000,0.419355,0.393939,0.406250,0.709677,0.451613,0.741935,0.000000,0.580645,0.666667,0.153846,13,3,lib/classes/tts_engines/yourtts.py,same_file,2,True,python_ast,python,0.764706,0.764706,,False,,0,0.000000,0.000000,0.000000,0.000000,disabled,1.000000,0.000000
7ad35a967c0fd604,0%,0,0,partial,54,51-60,python,python,False,0.000000,0.419355,0.709677,0.451613,0.741935,0.000000,0.419355,0.393939,0.406250,0.709677,0.451613,0.741935,0.000000,0.580645,0.666667,0.153846,13,3,lib/classes/tts_engines/vits.py,same_file,2,True,python_ast,python,0.764706,0.764706,,False,,0,0.000000,0.000000,0.000000,0.000000,disabled,1.000000,0.000000
0e8e395a595db16f,0%,0,0,partial,54,51-60,python,python,False,0.000000,0.419355,0.709677,0.451613,0.741935,0.000000,0.419355,0.393939,0.406250,0.709677,0.451613,0.741935,0.000000,0.580645,0.666667,0.153846,13,3,lib/classes/tts_engines/tacotron.py,same_file,2,True,python_ast,python,0.764706,0.764706,,False,,0,0.000000,0.000000,0.000000,0.000000,disabled,1.000000,0.000000
e7808c47ef20744b,0%,0,0,partial,54,51-60,python,python,False,0.000000,0.419355,0.709677,0.451613,0.741935,0.000000,0.419355,0.393939,0.406250,0.709677,0.451613,0.741935,0.000000,0.580645,0.666667,0.153846,13,3,lib/classes/tts_engines/fairseq.py,same_file,2,True,python_ast,python,0.764706,0.764706,,False,,0,0.000000,0.000000,0.000000,0.000000,disabled,1.000000,0.000000
9bbc639a896c0b47,100%,90,81-90,mostly,82,81-90,python,python,False,0.000000,1.000000,1.000000,1.000000,1.000000,0.000000,1.000000,0.219178,0.359551,1.000000,1.000000,1.000000,0.000000,1.000000,0.250000,1.000000,6,4,lib/classes/tts_engines/vits.py,same_file,3,True,python_ast,python,1.000000,1.000000,,False,,0,0.000000,0.000000,0.000000,0.000000,disabled,1.000000,0.000000
177b74498e724742,100%,90,81-90,mostly,82,81-90,python,python,False,0.000000,1.000000,1.000000,1.000000,1.000000,0.000000,1.000000,0.219178,0.359551,1.000000,1.000000,1.000000,0.000000,1.000000,0.250000,1.000000,6,4,lib/classes/tts_engines/tacotron.py,same_file,3,True,python_ast,python,1.000000,1.000000,,False,,0,0.000000,0.000000,0.000000,0.000000,disabled,1.000000,0.000000
717777da5938da55,100%,90,81-90,mostly,72,71-80,python,python,False,0.000000,1.000000,1.000000,1.000000,1.000000,0.000000,1.000000,0.071429,0.133333,1.000000,1.000000,1.000000,0.000000,1.000000,0.037037,1.000000,6,27,lib/classes/tts_engines/common/utils.py,same_file,3,True,python_ast,python,1.000000,1.000000,,False,,0,0.000000,0.000000,0.000000,0.000000,disabled,1.000000,0.000000
1ed73cf75130bf6e,100%,90,81-90,mostly,82,81-90,python,python,False,0.000000,0.928571,1.000000,0.928571,1.000000,0.000000,0.928571,0.356164,0.514851,1.000000,0.928571,1.000000,0.000000,1.000000,0.500000,0.818182,11,4,lib/classes/tts_engines/xtts.py,same_file,3,True,python_ast,python,1.000000,1.000000,,False,,0,0.000000,0.000000,0.000000,0.000000,disabled,1.000000,0.000000
20ebdb67c878e60f,100%,90,81-90,mostly,82,81-90,python,python,False,0.000000,0.928571,1.000000,0.928571,1.000000,0.000000,0.928571,0.356164,0.514851,1.000000,0.928571,1.000000,0.000000,1.000000,0.500000,0.818182,11,4,lib/classes/tts_engines/vits.py,same_file,3,True,python_ast,python,1.000000,1.000000,,False,,0,0.000000,0.000000,0.000000,0.000000,disabled,1.000000,0.000000
a4ee76e13190e819,100%,90,81-90,mostly,82,81-90,python,python,False,0.000000,0.928571,1.000000,0.928571,1.000000,0.000000,0.928571,0.356164,0.514851,1.000000,0.928571,1.000000,0.000000,1.000000,0.500000,0.818182,11,4,lib/classes/tts_engines/tacotron.py,same_file,3,True,python_ast,python,1.000000,1.000000,,False,,0,0.000000,0.000000,0.000000,0.000000,disabled,1.000000,0.000000
cefecc1f7b8a52b0,100%,90,81-90,mostly,82,81-90,python,python,False,0.000000,0.928571,1.000000,0.928571,1.000000,0.000000,0.928571,0.356164,0.514851,1.000000,0.928571,1.000000,0.000000,1.000000,0.500000,0.818182,11,4,lib/classes/tts_engines/bark.py,same_file,3,True,python_ast,python,1.000000,1.000000,,False,,0,0.000000,0.000000,0.000000,0.000000,disabled,1.000000,0.000000
ca0b7740a0802c03,100%,90,81-90,mostly,82,81-90,python,python,False,0.000000,1.000000,1.000000,1.000000,1.000000,0.000000,1.000000,0.219178,0.359551,1.000000,1.000000,1.000000,0.000000,1.000000,0.250000,1.000000,6,4,lib/classes/tts_engines/yourtts.py,same_file,3,True,python_ast,python,1.000000,1.000000,,False,,0,0.000000,0.000000,0.000000,0.000000,disabled,1.000000,0.000000
70262ac75a3fe651,100%,90,81-90,mostly,82,81-90,python,python,False,0.000000,1.000000,1.000000,1.000000,1.000000,0.000000,1.000000,0.219178,0.359551,1.000000,1.000000,1.000000,0.000000,1.000000,0.250000,1.000000,6,4,lib/classes/tts_engines/xtts.py,same_file,3,True,python_ast,python,1.000000,1.000000,,False,,0,0.000000,0.000000,0.000000,0.000000,disabled,1.000000,0.000000
e2a12d1485e45a08,100%,90,81-90,mostly,82,81-90,python,python,False,0.000000,1.000000,1.000000,1.000000,1.000000,0.000000,1.000000,0.219178,0.359551,1.000000,1.000000,1.000000,0.000000,1.000000,0.250000,1.000000,6,4,lib/classes/tts_engines/bark.py,same_file,3,True,python_ast,python,1.000000,1.000000,,False,,0,0.000000,0.000000,0.000000,0.000000,disabled,1.000000,0.000000
e0c973ba44cf06dd,100%,90,81-90,mostly,82,81-90,python,python,False,0.000000,0.928571,1.000000,0.928571,1.000000,0.000000,0.928571,0.356164,0.514851,1.000000,0.928571,1.000000,0.000000,1.000000,0.500000,0.818182,11,4,lib/classes/tts_engines/yourtts.py,same_file,3,True,python_ast,python,1.000000,1.000000,,False,,0,0.000000,0.000000,0.000000,0.000000,disabled,1.000000,0.000000
507bf16cbf087b93,100%,90,81-90,mostly,82,81-90,python,python,False,0.000000,0.928571,1.000000,0.928571,1.000000,0.000000,0.928571,0.356164,0.514851,1.000000,0.928571,1.000000,0.000000,1.000000,0.500000,0.818182,11,4,lib/classes/tts_engines/fairseq.py,same_file,3,True,python_ast,python,1.000000,1.000000,,False,,0,0.000000,0.000000,0.000000,0.000000,disabled,1.000000,0.000000
9f7878be8911ee0f,100%,90,81-90,mostly,82,81-90,python,python,False,0.000000,0.928571,1.000000,0.928571,1.000000,0.000000,0.928571,0.356164,0.514851,1.000000,0.928571,1.000000,0.000000,1.000000,0.500000,0.818182,11,4,lib/classes/tts_engines/bark.py,same_file,3,True,python_ast,python,1.000000,1.000000,,False,,0,0.000000,0.000000,0.000000,0.000000,disabled,1.000000,0.000000
fc1f6fee46c2e3b0,100%,90,81-90,mostly,82,81-90,python,python,False,0.000000,0.928571,1.000000,0.928571,1.000000,0.000000,0.928571,0.356164,0.514851,1.000000,0.928571,1.000000,0.000000,1.000000,0.500000,0.818182,11,4,lib/classes/tts_engines/yourtts.py,same_file,3,True,python_ast,python,1.000000,1.000000,,False,,0,0.000000,0.000000,0.000000,0.000000,disabled,1.000000,0.000000
229ae8490649c5cf,100%,90,81-90,mostly,82,81-90,python,python,False,0.000000,0.928571,1.000000,0.928571,1.000000,0.000000,0.928571,0.356164,0.514851,1.000000,0.928571,1.000000,0.000000,1.000000,0.500000,0.818182,11,4,lib/classes/tts_engines/xtts.py,same_file,3,True,python_ast,python,1.000000,1.000000,,False,,0,0.000000,0.000000,0.000000,0.000000,disabled,1.000000,0.000000
f84e44345c91c823,100%,90,81-90,mostly,82,81-90,python,python,False,0.000000,0.928571,1.000000,0.928571,1.000000,0.000000,0.928571,0.356164,0.514851,1.000000,0.928571,1.000000,0.000000,1.000000,0.500000,0.818182,11,4,lib/classes/tts_engines/vits.py,same_file,3,True,python_ast,python,1.000000,1.000000,,False,,0,0.000000,0.000000,0.000000,0.000000,disabled,1.000000,0.000000
cd44c32d9c61f320,0%,0,0,mostly,72,71-80,python,python,False,0.000000,1.000000,1.000000,1.000000,1.000000,0.000000,1.000000,0.096386,0.175824,1.000000,1.000000,1.000000,0.000000,1.000000,0.071429,1.000000,3,14,lib/gradio.py,same_file,4,True,python_ast,python,1.000000,1.000000,,False,,0,0.000000,0.000000,0.000000,0.000000,disabled,1.000000,0.000000
fec34497e39f7c7a,partial,42,41-50,mostly,71,71-80,python,python,False,0.400000,0.872340,0.936170,0.929078,0.992908,0.366667,0.872340,0.480469,0.619647,0.936170,0.929078,0.992908,0.300000,0.794326,0.789474,0.725490,51,38,lib/classes/device_installer.py,same_file,1,True,python_ast,python,0.958904,0.958904,,False,,0,0.000000,0.000000,0.000000,0.000000,disabled,1.000000,0.400000
eb6a55cee7ab1dc7,0%,0,0,0%,0,0,python,python,False,0.000000,0.714286,1.000000,0.714286,1.000000,0.000000,0.714286,0.019685,0.038314,1.000000,0.714286,1.000000,0.000000,1.000000,0.076923,0.000000,2,39,lib/classes/device_installer.py,same_file,1,True,python_ast,python,1.000000,1.000000,,False,,0,0.000000,0.000000,0.000000,0.000000,disabled,1.000000,0.000000
b4e4de2346f59ce0,partial,45,41-50,mostly,72,71-80,python,python,False,0.000000,0.666667,0.666667,1.000000,1.000000,0.000000,0.666667,0.013605,0.026667,0.666667,1.000000,1.000000,0.000000,1.000000,0.041667,0.500000,2,24,lib/classes/device_installer.py,same_file,2,True,python_ast,python,1.000000,1.000000,,False,,0,0.000000,0.000000,0.000000,0.000000,disabled,1.000000,0.000000
1bba226e8bbc20e7,100%,100,91-100,100%,100,91-100,python,python,True,1.000000,1.000000,1.000000,1.000000,1.000000,1.000000,1.000000,0.117188,0.209790,1.000000,1.000000,1.000000,1.000000,1.000000,0.105263,1.000000,10,38,lib/classes/device_installer.py,same_file,1,True,python_ast,python,1.000000,1.000000,,False,,0,0.000000,0.000000,0.000000,0.000000,disabled,1.000000,1.000000
61b0034bbdd501f3,partial,18,11-20,partial,55,51-60,python,python,False,0.142857,0.672727,0.872727,0.763636,0.963636,0.142857,0.672727,0.251701,0.366337,0.872727,0.763636,0.963636,0.071429,0.763636,0.583333,0.363636,22,24,lib/classes/device_installer.py,same_file,3,True,python_ast,python,0.931034,0.931034,,False,,0,0.000000,0.000000,0.000000,0.000000,disabled,1.000000,0.142900
68b00bd5edf968af,partial,25,21-30,partial,55,51-60,python,python,False,0.250000,1.000000,1.000000,1.000000,1.000000,0.250000,1.000000,0.037838,0.072917,1.000000,1.000000,1.000000,0.250000,1.000000,0.137931,1.000000,3,29,lib/classes/device_installer.py,same_file,3,True,python_ast,python,1.000000,1.000000,,False,,0,0.000000,0.000000,0.000000,0.000000,disabled,1.000000,0.250000
5c6224e80a34c43d,0%,0,0,0%,0,0,python,python,False,0.000000,0.000000,0.000000,0.000000,0.000000,0.000000,0.000000,0.000000,0.000000,0.000000,0.000000,0.000000,0.000000,0.000000,0.000000,0.000000,0,0,,,1,True,python_ast,python,1.000000,1.000000,,False,,0,0.000000,0.000000,0.000000,0.000000,disabled,1.000000,0.000000
3c6cbfb703c6f5d8,0%,0,0,mostly,72,71-80,python,python,False,0.000000,0.666667,0.666667,1.000000,1.000000,0.000000,0.666667,0.012987,0.025478,0.666667,1.000000,1.000000,0.000000,1.000000,0.038462,0.500000,2,26,lib/classes/device_installer.py,same_file,2,True,python_ast,python,1.000000,1.000000,,False,,0,0.000000,0.000000,0.000000,0.000000,disabled,1.000000,0.000000
1c243745d93ca966,100%,100,91-100,mostly,72,71-80,python,python,False,0.000000,0.909091,0.909091,0.909091,0.909091,0.000000,0.909091,0.081967,0.150376,0.909091,0.909091,0.909091,0.000000,0.909091,0.040000,1.000000,3,25,lib/classes/device_installer.py,same_file,2,True,python_ast,python,1.000000,1.000000,,False,,0,0.000000,0.000000,0.000000,0.000000,disabled,1.000000,0.000000
e7136967b714a8f3,0%,0,0,mostly,72,71-80,python,python,False,0.000000,0.666667,0.666667,1.000000,1.000000,0.000000,0.666667,0.012987,0.025478,0.666667,1.000000,1.000000,0.000000,1.000000,0.038462,0.500000,2,26,lib/classes/device_installer.py,same_file,2,True,python_ast,python,1.000000,1.000000,,False,,0,0.000000,0.000000,0.000000,0.000000,disabled,1.000000,0.000000
2cefd0643049618c,0%,0,0,mostly,72,71-80,python,python,False,0.000000,1.000000,1.000000,1.000000,1.000000,0.000000,1.000000,0.025478,0.049689,1.000000,1.000000,1.000000,0.000000,1.000000,0.038462,1.000000,1,26,lib/classes/device_installer.py,same_file,2,True,python_ast,python,1.000000,1.000000,,False,,0,0.000000,0.000000,0.000000,0.000000,disabled,1.000000,0.000000
93dfb22d330e3784,100%,100,91-100,100%,100,91-100,python,python,True,1.000000,1.000000,1.000000,1.000000,1.000000,1.000000,1.000000,0.041667,0.080000,1.000000,1.000000,1.000000,1.000000,1.000000,0.040816,1.000000,3,49,lib/classes/device_installer.py,same_file,1,True,python_ast,python,1.000000,1.000000,,False,,0,0.000000,0.000000,0.000000,0.000000,disabled,1.000000,1.000000
c785f028d97275c1,0%,0,0,mostly,72,71-80,python,python,False,0.000000,0.666667,0.666667,1.000000,1.000000,0.000000,0.666667,0.024390,0.047059,0.666667,1.000000,1.000000,0.000000,1.000000,0.095238,1.000000,2,21,lib/classes/device_installer.py,same_file,1,True,python_ast,python,1.000000,1.000000,,False,,0,0.000000,0.000000,0.000000,0.000000,disabled,1.000000,0.000000
a36082081b0d2964,partial,43,41-50,partial,55,51-60,python,python,False,0.250000,0.766355,0.990654,0.775701,1.000000,0.250000,0.766355,0.261981,0.390476,0.990654,0.775701,1.000000,0.125000,0.813084,0.163265,0.375000,40,49,lib/classes/device_installer.py,same_file,1,True,python_ast,python,0.988506,0.988506,,False,,0,0.000000,0.000000,0.000000,0.000000,disabled,1.000000,0.250000
c093655c2decf19c,partial,12,11-20,0%,0,0,python,python,False,0.000000,0.607143,0.785714,0.678571,0.857143,0.000000,0.607143,0.147186,0.236934,0.785714,0.678571,0.857143,0.000000,0.767857,0.190476,0.263158,19,42,lib/classes/device_installer.py,same_file,1,True,python_ast,python,0.837209,0.837209,,False,,0,0.000000,0.000000,0.000000,0.000000,disabled,1.000000,0.000000
8fa59776700922c9,100%,100,91-100,100%,100,91-100,python,python,True,1.000000,1.000000,1.000000,1.000000,1.000000,1.000000,1.000000,0.041667,0.080000,1.000000,1.000000,1.000000,1.000000,1.000000,0.040816,1.000000,3,49,lib/classes/device_installer.py,same_file,1,True,python_ast,python,1.000000,1.000000,,False,,0,0.000000,0.000000,0.000000,0.000000,disabled,1.000000,1.000000
6e3ea37044e21a86,partial,53,51-60,partial,55,51-60,python,python,False,0.333333,0.821918,0.958904,0.835616,0.972603,0.333333,0.821918,0.237154,0.368098,0.958904,0.835616,0.972603,0.166667,0.890411,0.142857,0.576923,26,42,lib/classes/device_installer.py,same_file,1,True,python_ast,python,0.938462,0.938462,,False,,0,0.000000,0.000000,0.000000,0.000000,disabled,1.000000,0.333300
43df5fd09cbf72ed,partial,50,41-50,mostly,88,81-90,python,python,False,0.500000,1.000000,1.000000,1.000000,1.000000,0.500000,1.000000,0.011538,0.022814,1.000000,1.000000,1.000000,0.500000,1.000000,0.041667,1.000000,1,48,lib/classes/device_installer.py,same_file,1,True,python_ast,python,1.000000,1.000000,,False,,0,0.000000,0.000000,0.000000,0.000000,disabled,1.000000,0.500000
9f808acb6ed7b78d,partial,50,41-50,mostly,88,81-90,python,python,False,0.500000,1.000000,1.000000,1.000000,1.000000,0.500000,1.000000,0.024390,0.047619,1.000000,1.000000,1.000000,0.500000,1.000000,0.043478,1.000000,2,46,lib/classes/device_installer.py,same_file,1,True,python_ast,python,1.000000,1.000000,,False,,0,0.000000,0.000000,0.000000,0.000000,disabled,1.000000,0.500000
93f2bf04321b2c5a,partial,45,41-50,partial,51,51-60,python,python,False,0.000000,0.583333,0.666667,0.666667,0.750000,0.000000,0.583333,0.291667,0.388889,0.666667,0.666667,0.750000,0.000000,0.583333,0.250000,0.600000,5,4,lib/core.py,same_file,4,True,python_ast,python,0.818182,0.818182,,False,,0,0.000000,0.000000,0.000000,0.000000,disabled,1.000000,0.000000
c43970bdba3a8b10,partial,35,31-40,0%,0,0,python,python,False,0.000000,0.533333,0.733333,0.600000,0.800000,0.000000,0.533333,0.106667,0.177778,0.733333,0.600000,0.800000,0.000000,0.800000,0.200000,0.428571,7,10,lib/core.py,neighboring_same_file,4,True,python_ast,python,0.866667,0.866667,,False,,0,0.000000,0.000000,0.000000,0.000000,disabled,1.000000,0.000000
e9badacac460e361,0%,0,0,partial,44,41-50,python,python,False,0.000000,0.369231,0.523077,0.415385,0.569231,0.000000,0.369231,0.521739,0.432432,0.523077,0.415385,0.569231,0.000000,0.476923,0.750000,0.153846,26,6,lib/core.py,neighboring_same_file,3,True,python_ast,python,0.500000,0.500000,,False,,0,0.000000,0.000000,0.000000,0.000000,disabled,1.000000,0.000000
dcf7e1e6cd7e782f,mostly,70,61-70,0%,0,0,python,python,False,0.000000,0.600000,0.600000,0.800000,0.800000,0.000000,0.200000,0.111111,0.142857,0.600000,0.400000,0.800000,0.000000,0.800000,1.000000,0.000000,2,1,lib/core.py,same_file,5,True,python_ast,python,0.714286,0.714286,,False,,0,0.000000,0.000000,0.000000,0.000000,disabled,1.000000,0.000000
c77139686fe3e28f,0%,0,0,mostly,82,81-90,python,python,False,0.000000,1.000000,1.000000,1.000000,1.000000,0.000000,1.000000,0.166667,0.285714,1.000000,1.000000,1.000000,0.000000,1.000000,1.000000,1.000000,2,1,lib/classes/tts_engines/tacotron.py,same_file,1,False,python_ast,python,0.000000,0.000000,SyntaxError: illegal target for annotation,False,,0,0.000000,0.000000,0.000000,0.000000,disabled,1.000000,0.000000
e9edb587cf33d925,0%,0,0,mostly,82,81-90,python,python,False,0.000000,1.000000,1.000000,1.000000,1.000000,0.000000,1.000000,0.166667,0.285714,1.000000,1.000000,1.000000,0.000000,1.000000,1.000000,1.000000,2,1,lib/classes/tts_engines/fairseq.py,same_file,1,False,python_ast,python,0.000000,0.000000,SyntaxError: illegal target for annotation,False,,0,0.000000,0.000000,0.000000,0.000000,disabled,1.000000,0.000000
4c764d745456a93b,0%,0,0,mostly,82,81-90,python,python,False,0.000000,1.000000,1.000000,1.000000,1.000000,0.000000,1.000000,0.166667,0.285714,1.000000,1.000000,1.000000,0.000000,1.000000,1.000000,1.000000,2,1,lib/classes/tts_engines/bark.py,same_file,1,False,python_ast,python,0.000000,0.000000,SyntaxError: illegal target for annotation,False,,0,0.000000,0.000000,0.000000,0.000000,disabled,1.000000,0.000000
f30351832c746359,100%,90,81-90,mostly,82,81-90,python,python,False,0.000000,0.666667,0.666667,0.666667,0.666667,0.000000,0.666667,1.000000,0.800000,0.666667,0.666667,0.666667,0.000000,0.666667,1.000000,0.750000,4,1,lib/classes/tts_engines/common/utils.py,same_file,2,True,python_ast,python,0.750000,0.750000,,False,,0,0.000000,0.000000,0.000000,0.000000,disabled,1.000000,0.000000
c0cbb9002cae8f8d,partial,22,21-30,0%,0,0,python,python,False,0.000000,0.750000,0.916667,0.750000,0.916667,0.000000,0.750000,0.157895,0.260870,0.916667,0.750000,0.916667,0.000000,0.583333,0.222222,0.333333,3,9,lib/classes/tts_engines/common/audio.py,neighboring_same_file,3,True,python_ast,python,0.909091,0.909091,,False,,0,0.000000,0.000000,0.000000,0.000000,disabled,1.000000,0.000000
117ca4f1191bc8d4,100%,100,91-100,100%,100,91-100,python,python,True,1.000000,1.000000,1.000000,1.000000,1.000000,1.000000,1.000000,1.000000,1.000000,1.000000,1.000000,1.000000,1.000000,1.000000,1.000000,1.000000,2,1,lib/classes/tts_engines/yourtts.py,same_file,2,True,python_ast,python,1.000000,1.000000,,False,,0,0.000000,0.000000,0.000000,0.000000,disabled,1.000000,1.000000
1b61ddec8b08d113,100%,100,91-100,100%,100,91-100,python,python,True,1.000000,1.000000,1.000000,1.000000,1.000000,1.000000,1.000000,1.000000,1.000000,1.000000,1.000000,1.000000,1.000000,1.000000,1.000000,1.000000,2,1,lib/classes/tts_engines/vits.py,same_file,2,True,python_ast,python,1.000000,1.000000,,False,,0,0.000000,0.000000,0.000000,0.000000,disabled,1.000000,1.000000
b1dec6ca49a8f598,100%,100,91-100,100%,100,91-100,python,python,True,1.000000,1.000000,1.000000,1.000000,1.000000,1.000000,1.000000,1.000000,1.000000,1.000000,1.000000,1.000000,1.000000,1.000000,1.000000,1.000000,2,1,lib/classes/tts_engines/vits.py,same_file,4,True,python_ast,python,1.000000,1.000000,,False,,0,0.000000,0.000000,0.000000,0.000000,disabled,1.000000,1.000000
872b4b783a1ba546,mostly,70,61-70,mostly,82,81-90,python,python,False,0.000000,1.000000,1.000000,1.000000,1.000000,0.000000,1.000000,0.705882,0.827586,1.000000,1.000000,1.000000,0.000000,1.000000,0.500000,1.000000,8,2,lib/classes/voice_extractor.py,same_file,3,True,python_ast,python,1.000000,1.000000,,False,,0,0.000000,0.000000,0.000000,0.000000,disabled,1.000000,0.000000
bac04b363bbd82bd,mostly,70,61-70,mostly,72,71-80,python,python,False,0.000000,1.000000,1.000000,1.000000,1.000000,0.000000,1.000000,0.063123,0.118750,1.000000,1.000000,1.000000,0.000000,1.000000,0.022222,1.000000,7,45,lib/classes/voice_extractor.py,same_file,1,True,python_ast,python,1.000000,1.000000,,False,,0,0.000000,0.000000,0.000000,0.000000,disabled,1.000000,0.000000
f5af143ffa805707,mostly,70,61-70,mostly,72,71-80,python,python,False,0.000000,0.947368,0.947368,1.000000,1.000000,0.000000,0.947368,0.050992,0.096774,0.947368,1.000000,1.000000,0.000000,0.947368,0.022727,0.857143,7,44,lib/classes/voice_extractor.py,same_file,1,True,python_ast,python,1.000000,1.000000,,False,,0,0.000000,0.000000,0.000000,0.000000,disabled,1.000000,0.000000
89859dd96e32a605,0%,0,0,mostly,78,71-80,python,python,False,0.000000,0.625000,0.625000,0.625000,0.625000,0.000000,0.625000,0.625000,0.625000,0.625000,0.625000,0.625000,0.000000,0.625000,0.250000,1.000000,3,1,lib/conf.py,same_file,3,True,python_ast,python,0.666667,0.666667,,False,,0,0.000000,0.000000,0.000000,0.000000,disabled,1.000000,0.000000
232ded299a378f74,0%,0,0,mostly,78,71-80,python,python,False,0.000000,0.666667,0.666667,0.666667,0.666667,0.000000,0.666667,0.666667,0.666667,0.666667,0.666667,0.666667,0.000000,0.666667,0.200000,1.000000,5,1,lib/classes/tts_engines/common/audio.py,same_file,3,True,python_ast,python,0.636364,0.636364,,False,,0,0.000000,0.000000,0.000000,0.000000,disabled,1.000000,0.000000
fd86d3f1a6821c76,mostly,70,61-70,mostly,82,81-90,python,python,False,0.000000,1.000000,1.000000,1.000000,1.000000,0.000000,1.000000,0.705882,0.827586,1.000000,1.000000,1.000000,0.000000,1.000000,0.500000,1.000000,7,2,lib/classes/voice_extractor.py,same_file,3,True,python_ast,python,1.000000,1.000000,,False,,0,0.000000,0.000000,0.000000,0.000000,disabled,1.000000,0.000000
f959e052c5338a8d,100%,90,81-90,mostly,82,81-90,python,python,False,0.000000,0.666667,0.666667,1.000000,1.000000,0.000000,0.666667,0.042553,0.080000,0.666667,1.000000,1.000000,0.000000,1.000000,0.100000,0.500000,2,10,lib/classes/voice_extractor.py,same_file,3,True,python_ast,python,1.000000,1.000000,,False,,0,0.000000,0.000000,0.000000,0.000000,disabled,1.000000,0.000000
8f4c7c48303ee5c6,0%,0,0,mostly,78,71-80,python,python,False,0.000000,0.750000,0.750000,0.750000,0.750000,0.000000,0.750000,0.617647,0.677419,0.750000,0.750000,0.750000,0.000000,0.714286,0.222222,1.000000,9,2,lib/classes/voice_extractor.py,same_file,3,True,python_ast,python,0.578947,0.578947,,False,,0,0.000000,0.000000,0.000000,0.000000,disabled,1.000000,0.000000
19d65fefa59c01b3,0%,0,0,mostly,78,71-80,python,python,False,0.000000,0.666667,0.666667,0.666667,0.666667,0.000000,0.666667,0.666667,0.666667,0.666667,0.666667,0.666667,0.000000,0.666667,0.333333,1.000000,3,1,lib/classes/background_detector.py,same_file,3,True,python_ast,python,0.714286,0.714286,,False,,0,0.000000,0.000000,0.000000,0.000000,disabled,1.000000,0.000000
5cd8952eb5442632,0%,0,0,mostly,82,81-90,python,python,False,0.000000,0.153846,0.205128,0.153846,0.205128,0.000000,0.102564,1.000000,0.186047,0.102564,0.102564,0.102564,0.000000,0.102564,0.142857,0.117647,17,1,lib/classes/tts_engines/xtts.py,same_file,4,True,python_ast,python,0.151515,0.151515,,False,,0,0.000000,0.000000,0.000000,0.000000,disabled,1.000000,0.000000
7a90b96afe7dcd03,partial,15,11-20,mostly,82,81-90,python,python,False,0.000000,0.181818,0.181818,0.181818,0.181818,0.000000,0.181818,1.000000,0.307692,0.181818,0.181818,0.181818,0.000000,0.181818,0.333333,0.222222,9,1,lib/classes/tts_engines/tacotron.py,same_file,2,True,python_ast,python,0.333333,0.333333,,False,,0,0.000000,0.000000,0.000000,0.000000,disabled,1.000000,0.000000
4fa12d050eb5a215,100%,90,81-90,mostly,72,71-80,python,python,False,0.000000,1.000000,1.000000,1.000000,1.000000,0.000000,1.000000,0.033994,0.065753,1.000000,1.000000,1.000000,0.000000,1.000000,0.022727,1.000000,5,44,lib/classes/voice_extractor.py,same_file,1,True,python_ast,python,1.000000,1.000000,,False,,0,0.000000,0.000000,0.000000,0.000000,disabled,1.000000,0.000000
57a195e1c8cdd5f9,0%,0,0,mostly,82,81-90,python,python,False,0.000000,0.181818,0.181818,0.181818,0.181818,0.000000,0.181818,1.000000,0.307692,0.181818,0.181818,0.181818,0.000000,0.181818,0.333333,0.222222,9,1,lib/classes/tts_engines/vits.py,same_file,2,True,python_ast,python,0.333333,0.333333,,False,,0,0.000000,0.000000,0.000000,0.000000,disabled,1.000000,0.000000
5feca67ce87ea986,0%,0,0,partial,50,41-50,python,python,False,0.000000,0.318182,0.500000,0.318182,0.500000,0.000000,0.318182,0.583333,0.411765,0.500000,0.318182,0.500000,0.000000,0.500000,0.666667,0.222222,9,2,lib/classes/tts_engines/tacotron.py,neighboring_same_file,4,True,python_ast,python,0.333333,0.333333,,False,,0,0.000000,0.000000,0.000000,0.000000,disabled,1.000000,0.000000
837a32dab868dc33,0%,0,0,partial,57,51-60,python,python,False,0.000000,0.119403,0.179104,0.119403,0.179104,0.000000,0.119403,0.666667,0.202532,0.179104,0.119403,0.179104,0.000000,0.179104,0.200000,0.071429,28,2,lib/classes/tts_engines/fairseq.py,neighboring_same_file,4,True,python_ast,python,0.113636,0.113636,,False,,0,0.000000,0.000000,0.000000,0.000000,disabled,1.000000,0.000000
25cc71e85890f6f2,partial,15,11-20,mostly,82,81-90,python,python,False,0.000000,0.181818,0.181818,0.181818,0.181818,0.000000,0.181818,1.000000,0.307692,0.181818,0.181818,0.181818,0.000000,0.181818,0.333333,0.222222,9,1,lib/classes/tts_engines/bark.py,same_file,2,True,python_ast,python,0.333333,0.333333,,False,,0,0.000000,0.000000,0.000000,0.000000,disabled,1.000000,0.000000
fa53c87748ac5f89,100%,90,81-90,mostly,82,81-90,python,python,False,0.000000,0.666667,0.666667,1.000000,1.000000,0.000000,0.666667,0.042553,0.080000,0.666667,1.000000,1.000000,0.000000,1.000000,0.100000,0.500000,2,10,lib/classes/voice_extractor.py,same_file,3,True,python_ast,python,1.000000,1.000000,,False,,0,0.000000,0.000000,0.000000,0.000000,disabled,1.000000,0.000000
d77c713c0c1c1adc,partial,9,1-10,mostly,82,81-90,python,python,False,0.000000,0.166667,0.166667,0.166667,0.166667,0.000000,0.166667,1.000000,0.285714,0.166667,0.166667,0.166667,0.000000,0.166667,0.200000,0.200000,10,1,lib/classes/tts_engines/yourtts.py,same_file,2,True,python_ast,python,0.250000,0.250000,,False,,0,0.000000,0.000000,0.000000,0.000000,disabled,1.000000,0.000000
db6be60a46829f83,partial,11,11-20,partial,57,51-60,python,python,False,0.000000,0.210526,0.315789,0.210526,0.315789,0.000000,0.210526,0.666667,0.320000,0.315789,0.210526,0.315789,0.000000,0.289474,0.500000,0.125000,16,2,lib/classes/tts_engines/vits.py,neighboring_same_file,4,True,python_ast,python,0.333333,0.333333,,False,,0,0.000000,0.000000,0.000000,0.000000,disabled,1.000000,0.000000
44970955bc60bcb5,0%,0,0,mostly,82,81-90,python,python,False,0.000000,0.181818,0.181818,0.181818,0.181818,0.000000,0.181818,1.000000,0.307692,0.181818,0.181818,0.181818,0.000000,0.181818,0.333333,0.222222,9,1,lib/classes/tts_engines/fairseq.py,same_file,2,True,python_ast,python,0.333333,0.333333,,False,,0,0.000000,0.000000,0.000000,0.000000,disabled,1.000000,0.000000
62d7a02598d0ef20,0%,0,0,mostly,61,61-70,python,python,False,0.000000,0.106383,0.127660,0.106383,0.127660,0.000000,0.106383,0.714286,0.185185,0.127660,0.106383,0.127660,0.000000,0.127660,0.500000,0.105263,19,2,lib/classes/tts_engines/bark.py,neighboring_same_file,4,True,python_ast,python,0.333333,0.333333,,False,,0,0.000000,0.000000,0.000000,0.000000,disabled,1.000000,0.000000
e0bbceaeadf55f5c,100%,90,81-90,mostly,72,71-80,python,python,False,0.000000,1.000000,1.000000,1.000000,1.000000,0.000000,1.000000,0.056478,0.106918,1.000000,1.000000,1.000000,0.000000,0.941176,0.022222,1.000000,7,45,lib/classes/voice_extractor.py,same_file,1,True,python_ast,python,1.000000,1.000000,,False,,0,0.000000,0.000000,0.000000,0.000000,disabled,1.000000,0.000000
ad1a3d266e8519dc,partial,20,11-20,partial,55,51-60,python,python,False,0.200000,0.382979,0.702128,0.382979,0.702128,0.200000,0.382979,0.145161,0.210526,0.702128,0.382979,0.702128,0.200000,0.638298,0.217391,0.315789,19,23,lib/classes/tts_engines/common/utils.py,same_file,4,True,python_ast,python,0.933333,0.933333,,False,,0,0.000000,0.000000,0.000000,0.000000,disabled,1.000000,0.200000
9ded18abb70c2aef,0%,0,0,0%,0,0,python,python,False,0.000000,0.615385,0.846154,0.653846,0.884615,0.000000,0.615385,0.246154,0.351648,0.846154,0.653846,0.884615,0.000000,0.884615,0.400000,0.400000,10,5,lib/gradio.py,same_file,3,True,python_ast,python,0.782609,0.782609,,False,,0,0.000000,0.000000,0.000000,0.000000,disabled,1.000000,0.000000
6315c34a3f6d081e,mostly,70,61-70,mostly,72,71-80,python,python,False,0.000000,1.000000,1.000000,1.000000,1.000000,0.000000,1.000000,0.049587,0.094488,1.000000,1.000000,1.000000,0.000000,1.000000,0.050000,1.000000,3,20,lib/classes/vram_detector.py,same_file,1,True,python_ast,python,1.000000,1.000000,,False,,0,0.000000,0.000000,0.000000,0.000000,disabled,1.000000,0.000000
fe6d153ebc5db522,partial,35,31-40,mostly,72,71-80,python,python,False,0.000000,1.000000,1.000000,1.000000,1.000000,0.000000,1.000000,0.086777,0.159696,1.000000,1.000000,1.000000,0.000000,0.952381,0.060606,1.000000,5,33,lib/classes/vram_detector.py,same_file,1,True,python_ast,python,1.000000,1.000000,,False,,0,0.000000,0.000000,0.000000,0.000000,disabled,1.000000,0.000000
80ea6806b5c52eea,mostly,70,61-70,mostly,72,71-80,python,python,False,0.000000,1.000000,1.000000,1.000000,1.000000,0.000000,1.000000,0.049587,0.094488,1.000000,1.000000,1.000000,0.000000,1.000000,0.050000,1.000000,3,20,lib/classes/vram_detector.py,same_file,1,True,python_ast,python,1.000000,1.000000,,False,,0,0.000000,0.000000,0.000000,0.000000,disabled,1.000000,0.000000
cdfe083a8ab3d326,partial,45,41-50,mostly,72,71-80,python,python,False,0.000000,1.000000,1.000000,1.000000,1.000000,0.000000,1.000000,0.066667,0.125000,1.000000,1.000000,1.000000,0.000000,1.000000,0.055556,1.000000,4,18,lib/classes/vram_detector.py,same_file,2,True,python_ast,python,1.000000,1.000000,,False,,0,0.000000,0.000000,0.000000,0.000000,disabled,1.000000,0.000000
46b7e31da7864733,partial,35,31-40,mostly,72,71-80,python,python,False,0.000000,0.952381,0.952381,1.000000,1.000000,0.000000,0.952381,0.082645,0.152091,0.952381,1.000000,1.000000,0.000000,0.952381,0.060606,0.800000,5,33,lib/classes/vram_detector.py,same_file,1,True,python_ast,python,1.000000,1.000000,,False,,0,0.000000,0.000000,0.000000,0.000000,disabled,1.000000,0.000000
6a422ea79b99dcf1,mostly,70,61-70,100%,100,91-100,python,python,True,0.000000,0.923077,0.923077,0.923077,0.923077,0.000000,0.923077,0.090226,0.164384,0.923077,0.923077,0.923077,0.000000,0.923077,0.071429,1.000000,4,14,lib/classes/vram_detector.py,same_file,3,True,python_ast,python,1.000000,1.000000,,False,,0,0.000000,0.000000,0.000000,0.000000,disabled,1.000000,0.000000
741eb44917c96f4c,partial,45,41-50,mostly,80,71-80,python,python,False,0.000000,1.000000,1.000000,1.000000,1.000000,0.000000,1.000000,0.375000,0.545455,1.000000,1.000000,1.000000,0.000000,0.888889,0.250000,1.000000,2,4,lib/core.py,same_file,2,True,python_ast,python,1.000000,1.000000,,False,,0,0.000000,0.000000,0.000000,0.000000,disabled,1.000000,0.000000
261ff110d53a8196,mostly,70,61-70,mostly,82,81-90,python,python,False,0.000000,1.000000,1.000000,1.000000,1.000000,0.000000,1.000000,0.375000,0.545455,1.000000,1.000000,1.000000,0.000000,1.000000,0.250000,1.000000,2,4,lib/core.py,same_file,2,True,python_ast,python,1.000000,1.000000,,False,,0,0.000000,0.000000,0.000000,0.000000,disabled,1.000000,0.000000
539a64538d72da68,100%,100,91-100,100%,100,91-100,python,python,True,1.000000,1.000000,1.000000,1.000000,1.000000,1.000000,1.000000,0.846154,0.916667,1.000000,1.000000,1.000000,1.000000,1.000000,0.857143,1.000000,19,7,lib/core.py,same_file,4,True,python_ast,python,1.000000,1.000000,,False,,0,0.000000,0.000000,0.000000,0.000000,disabled,1.000000,1.000000
6fb58e85b60fae5e,100%,100,91-100,100%,100,91-100,python,python,True,1.000000,1.000000,1.000000,1.000000,1.000000,1.000000,1.000000,0.670103,0.802469,1.000000,1.000000,1.000000,1.000000,1.000000,0.590909,1.000000,45,22,lib/core.py,same_file,2,True,python_ast,python,1.000000,1.000000,,False,,0,0.000000,0.000000,0.000000,0.000000,disabled,1.000000,1.000000
f670a96639f1bf7b,100%,100,91-100,100%,100,91-100,python,python,True,1.000000,1.000000,1.000000,1.000000,1.000000,1.000000,1.000000,0.670103,0.802469,1.000000,1.000000,1.000000,1.000000,1.000000,0.590909,1.000000,45,22,lib/core.py,same_file,2,True,python_ast,python,1.000000,1.000000,,False,,0,0.000000,0.000000,0.000000,0.000000,disabled,1.000000,1.000000
23361acb2d88f392,100%,100,91-100,100%,100,91-100,python,python,True,1.000000,1.000000,1.000000,1.000000,1.000000,1.000000,1.000000,0.846154,0.916667,1.000000,1.000000,1.000000,1.000000,1.000000,0.857143,1.000000,19,7,lib/core.py,same_file,4,True,python_ast,python,1.000000,1.000000,,False,,0,0.000000,0.000000,0.000000,0.000000,disabled,1.000000,1.000000
6084190de7100735,100%,90,81-90,mostly,72,71-80,python,python,False,0.000000,1.000000,1.000000,1.000000,1.000000,0.000000,1.000000,0.042194,0.080972,1.000000,1.000000,1.000000,0.000000,1.000000,0.020833,1.000000,8,48,lib/core.py,same_file,1,True,python_ast,python,1.000000,1.000000,,False,,0,0.000000,0.000000,0.000000,0.000000,disabled,1.000000,0.000000
4e94c32146d9513f,100%,90,81-90,mostly,72,71-80,python,python,False,0.000000,1.000000,1.000000,1.000000,1.000000,0.000000,1.000000,0.048309,0.092166,1.000000,1.000000,1.000000,0.000000,1.000000,0.024390,1.000000,8,41,lib/core.py,same_file,2,True,python_ast,python,1.000000,1.000000,,False,,0,0.000000,0.000000,0.000000,0.000000,disabled,1.000000,0.000000
78ece8c6a0df736d,mostly,70,61-70,mostly,82,81-90,python,python,False,0.000000,1.000000,1.000000,1.000000,1.000000,0.000000,1.000000,0.826087,0.904762,1.000000,1.000000,1.000000,0.000000,1.000000,1.000000,1.000000,5,1,lib/classes/tts_engines/yourtts.py,same_file,1,True,python_ast,python,1.000000,1.000000,,False,,0,0.000000,0.000000,0.000000,0.000000,disabled,1.000000,0.000000
b6091b9327c7695e,mostly,70,61-70,mostly,82,81-90,python,python,False,0.000000,1.000000,1.000000,1.000000,1.000000,0.000000,1.000000,0.826087,0.904762,1.000000,1.000000,1.000000,0.000000,1.000000,1.000000,1.000000,5,1,lib/classes/tts_engines/xtts.py,same_file,1,True,python_ast,python,1.000000,1.000000,,False,,0,0.000000,0.000000,0.000000,0.000000,disabled,1.000000,0.000000
a1f6a1cce1a84b13,mostly,70,61-70,mostly,82,81-90,python,python,False,0.000000,1.000000,1.000000,1.000000,1.000000,0.000000,1.000000,0.826087,0.904762,1.000000,1.000000,1.000000,0.000000,1.000000,1.000000,1.000000,5,1,lib/classes/tts_engines/vits.py,same_file,1,True,python_ast,python,1.000000,1.000000,,False,,0,0.000000,0.000000,0.000000,0.000000,disabled,1.000000,0.000000
b57368401bceff1e,mostly,70,61-70,mostly,82,81-90,python,python,False,0.000000,1.000000,1.000000,1.000000,1.000000,0.000000,1.000000,0.826087,0.904762,1.000000,1.000000,1.000000,0.000000,1.000000,1.000000,1.000000,5,1,lib/classes/tts_engines/tacotron.py,same_file,1,True,python_ast,python,1.000000,1.000000,,False,,0,0.000000,0.000000,0.000000,0.000000,disabled,1.000000,0.000000
b62dfeb06ed31da8,mostly,70,61-70,mostly,82,81-90,python,python,False,0.000000,1.000000,1.000000,1.000000,1.000000,0.000000,1.000000,0.826087,0.904762,1.000000,1.000000,1.000000,0.000000,1.000000,1.000000,1.000000,5,1,lib/classes/tts_engines/fairseq.py,same_file,1,True,python_ast,python,1.000000,1.000000,,False,,0,0.000000,0.000000,0.000000,0.000000,disabled,1.000000,0.000000
878eaa6f434beeac,mostly,70,61-70,mostly,82,81-90,python,python,False,0.000000,1.000000,1.000000,1.000000,1.000000,0.000000,1.000000,0.826087,0.904762,1.000000,1.000000,1.000000,0.000000,1.000000,1.000000,1.000000,5,1,lib/classes/tts_engines/bark.py,same_file,1,True,python_ast,python,1.000000,1.000000,,False,,0,0.000000,0.000000,0.000000,0.000000,disabled,1.000000,0.000000
87de9ef3dc1f3f6f,100%,90,81-90,mostly,78,71-80,python,python,False,0.000000,0.857143,0.857143,0.857143,0.857143,0.000000,0.857143,0.857143,0.857143,0.857143,0.857143,0.857143,0.000000,0.857143,1.000000,1.000000,5,1,lib/core.py,same_file,2,True,python_ast,python,0.928571,0.928571,,False,,0,0.000000,0.000000,0.000000,0.000000,disabled,1.000000,0.000000
2998ea48a689814d,partial,9,1-10,partial,55,51-60,python,python,False,0.058824,0.909091,0.909091,0.909091,0.909091,0.058824,0.909091,0.111111,0.198020,0.909091,0.909091,0.909091,0.058824,0.909091,0.764706,1.000000,4,13,lib/core.py,same_file,4,True,python_ast,python,1.000000,1.000000,,False,,0,0.000000,0.000000,0.000000,0.000000,disabled,1.000000,0.058800
d1a228ef4b0a08e7,mostly,70,61-70,mostly,78,71-80,python,python,False,0.000000,0.750000,0.750000,0.750000,0.750000,0.000000,0.750000,0.857143,0.800000,0.750000,0.750000,0.750000,0.000000,0.750000,1.000000,1.000000,5,1,lib/core.py,same_file,2,True,python_ast,python,0.866667,0.866667,,False,,0,0.000000,0.000000,0.000000,0.000000,disabled,1.000000,0.000000
df91264810c03221,100%,90,81-90,mostly,78,71-80,python,python,False,0.000000,0.857143,0.857143,0.857143,0.857143,0.000000,0.857143,0.857143,0.857143,0.857143,0.857143,0.857143,0.000000,0.857143,1.000000,1.000000,5,1,lib/core.py,same_file,2,True,python_ast,python,0.928571,0.928571,,False,,0,0.000000,0.000000,0.000000,0.000000,disabled,1.000000,0.000000
a0d44312538a8316,100%,90,81-90,mostly,78,71-80,python,python,False,0.000000,1.000000,1.000000,1.000000,1.000000,0.000000,0.857143,0.857143,0.857143,0.857143,0.857143,0.857143,0.000000,0.857143,1.000000,1.000000,5,1,lib/core.py,same_file,6,True,python_ast,python,0.928571,0.928571,,False,,0,0.000000,0.000000,0.000000,0.000000,disabled,1.000000,0.000000
661500d0c05e9023,mostly,70,61-70,mostly,78,71-80,python,python,False,0.000000,0.937500,0.937500,1.000000,1.000000,0.000000,0.750000,0.857143,0.800000,0.750000,0.750000,0.750000,0.000000,0.750000,1.000000,1.000000,5,1,lib/core.py,same_file,4,True,python_ast,python,1.000000,1.000000,,False,,0,0.000000,0.000000,0.000000,0.000000,disabled,1.000000,0.000000
899942407a7e7435,100%,90,81-90,mostly,78,71-80,python,python,False,0.000000,1.000000,1.000000,1.000000,1.000000,0.000000,0.857143,0.857143,0.857143,0.857143,0.857143,0.857143,0.000000,0.857143,1.000000,1.000000,5,1,lib/core.py,same_file,4,True,python_ast,python,1.000000,1.000000,,False,,0,0.000000,0.000000,0.000000,0.000000,disabled,1.000000,0.000000
2d3ed4d19c8d9a6f,100%,90,81-90,mostly,78,71-80,python,python,False,0.000000,1.000000,1.000000,1.000000,1.000000,0.000000,0.857143,0.857143,0.857143,0.857143,0.857143,0.857143,0.000000,0.857143,1.000000,1.000000,5,1,lib/core.py,same_file,4,True,python_ast,python,1.000000,1.000000,,False,,0,0.000000,0.000000,0.000000,0.000000,disabled,1.000000,0.000000
5fa5f5913ff98d09,100%,90,81-90,mostly,78,71-80,python,python,False,0.000000,1.000000,1.000000,1.000000,1.000000,0.000000,0.857143,0.857143,0.857143,0.857143,0.857143,0.857143,0.000000,0.857143,1.000000,1.000000,5,1,lib/core.py,same_file,4,True,python_ast,python,1.000000,1.000000,,False,,0,0.000000,0.000000,0.000000,0.000000,disabled,1.000000,0.000000
39202a12db0018d9,100%,90,81-90,mostly,78,71-80,python,python,False,0.000000,1.000000,1.000000,1.000000,1.000000,0.000000,0.857143,0.705882,0.774194,0.857143,0.857143,0.857143,0.000000,0.857143,0.500000,1.000000,5,2,lib/core.py,same_file,4,True,python_ast,python,1.000000,1.000000,,False,,0,0.000000,0.000000,0.000000,0.000000,disabled,1.000000,0.000000
5a76ef5ccb350cad,100%,90,81-90,mostly,78,71-80,python,python,False,0.000000,1.000000,1.000000,1.000000,1.000000,0.000000,0.857143,0.857143,0.857143,0.857143,0.857143,0.857143,0.000000,0.857143,1.000000,1.000000,5,1,lib/core.py,same_file,3,True,python_ast,python,1.000000,1.000000,,False,,0,0.000000,0.000000,0.000000,0.000000,disabled,1.000000,0.000000
813f0a866e4b4c6a,mostly,70,61-70,100%,100,91-100,python,python,True,0.000000,1.000000,1.000000,1.000000,1.000000,0.000000,1.000000,0.642857,0.782609,1.000000,1.000000,1.000000,0.000000,1.000000,0.500000,1.000000,4,2,lib/core.py,same_file,4,True,python_ast,python,1.000000,1.000000,,False,,0,0.000000,0.000000,0.000000,0.000000,disabled,1.000000,0.000000
4c39f41a6aed253f,0%,0,0,0%,0,0,python,python,False,0.000000,0.000000,0.000000,0.000000,0.000000,0.000000,0.000000,0.000000,0.000000,0.000000,0.000000,0.000000,0.000000,0.000000,0.000000,0.000000,0,0,,,5,True,python_ast,python,1.000000,1.000000,,False,,0,0.000000,0.000000,0.000000,0.000000,disabled,1.000000,0.000000
29060718fa82ae36,0%,0,0,partial,56,51-60,python,python,False,0.000000,0.526316,0.736842,0.578947,0.789474,0.000000,0.526316,0.454545,0.487805,0.736842,0.526316,0.736842,0.000000,0.526316,0.333333,0.400000,5,3,lib/classes/tts_engines/yourtts.py,same_file,4,True,python_ast,python,0.700000,0.700000,,False,,0,0.000000,0.000000,0.000000,0.000000,disabled,1.000000,0.000000
1c651ff2b767a54c,0%,0,0,partial,56,51-60,python,python,False,0.000000,0.526316,0.736842,0.578947,0.789474,0.000000,0.526316,0.454545,0.487805,0.736842,0.526316,0.736842,0.000000,0.526316,0.333333,0.400000,5,3,lib/classes/tts_engines/fairseq.py,same_file,4,True,python_ast,python,0.700000,0.700000,,False,,0,0.000000,0.000000,0.000000,0.000000,disabled,1.000000,0.000000
81ed81e616834ea0,0%,0,0,partial,56,51-60,python,python,False,0.000000,0.526316,0.736842,0.526316,0.736842,0.000000,0.526316,0.454545,0.487805,0.736842,0.526316,0.736842,0.000000,0.526316,0.333333,0.400000,5,3,lib/classes/tts_engines/xtts.py,same_file,1,True,python_ast,python,0.650000,0.650000,,False,,0,0.000000,0.000000,0.000000,0.000000,disabled,1.000000,0.000000
0b33de3f1aa097e3,0%,0,0,partial,56,51-60,python,python,False,0.000000,0.526316,0.736842,0.578947,0.789474,0.000000,0.526316,0.454545,0.487805,0.736842,0.526316,0.736842,0.000000,0.526316,0.333333,0.400000,5,3,lib/classes/tts_engines/vits.py,same_file,4,True,python_ast,python,0.700000,0.700000,,False,,0,0.000000,0.000000,0.000000,0.000000,disabled,1.000000,0.000000
74d91e006982d72b,0%,0,0,partial,54,51-60,python,python,False,0.000000,0.523810,0.714286,0.571429,0.761905,0.000000,0.523810,0.500000,0.511628,0.714286,0.523810,0.714286,0.000000,0.571429,0.333333,0.333333,6,3,lib/classes/tts_engines/tacotron.py,same_file,4,True,python_ast,python,0.666667,0.666667,,False,,0,0.000000,0.000000,0.000000,0.000000,disabled,1.000000,0.000000
aea8336e0b449093,0%,0,0,partial,56,51-60,python,python,False,0.000000,0.526316,0.736842,0.526316,0.736842,0.000000,0.526316,0.454545,0.487805,0.736842,0.526316,0.736842,0.000000,0.526316,0.333333,0.400000,5,3,lib/classes/tts_engines/bark.py,same_file,4,True,python_ast,python,0.650000,0.650000,,False,,0,0.000000,0.000000,0.000000,0.000000,disabled,1.000000,0.000000
e1b429d6d109c2f1,100%,90,81-90,mostly,82,81-90,python,python,False,0.000000,0.875000,0.875000,0.875000,0.875000,0.000000,0.875000,1.000000,0.933333,0.875000,0.875000,0.875000,0.000000,0.875000,1.000000,0.866667,15,1,lib/conf_models.py,same_file,2,False,python_ast,python,0.000000,0.000000,SyntaxError: illegal target for annotation,False,,0,0.000000,0.000000,0.000000,0.000000,disabled,1.000000,0.000000
248b332987f5c156,mostly,70,61-70,mostly,82,81-90,python,python,False,0.000000,0.800000,0.800000,0.900000,0.900000,0.000000,0.800000,1.000000,0.888889,0.800000,0.800000,0.800000,0.000000,0.800000,1.000000,0.750000,4,1,lib/core.py,same_file,4,False,python_ast,python,0.000000,0.000000,SyntaxError: illegal target for annotation,False,,0,0.000000,0.000000,0.000000,0.000000,disabled,1.000000,0.000000
4835eea0275ebe98,0%,0,0,mostly,82,81-90,python,python,False,0.000000,1.000000,1.000000,1.000000,1.000000,0.000000,1.000000,0.200000,0.333333,1.000000,1.000000,1.000000,0.000000,0.933333,0.750000,1.000000,12,16,lib/core.py,same_file,2,True,python_ast,python,1.000000,1.000000,,False,,0,0.000000,0.000000,0.000000,0.000000,disabled,1.000000,0.000000
00f3016b8c544657,0%,0,0,mostly,77,71-80,python,python,False,0.000000,0.956989,1.000000,0.956989,1.000000,0.000000,0.956989,0.438424,0.601351,1.000000,0.956989,1.000000,0.000000,0.677419,0.833333,0.878788,33,15,lib/core.py,same_file,3,True,python_ast,python,1.000000,1.000000,,False,,0,0.000000,0.000000,0.000000,0.000000,disabled,1.000000,0.000000
a67251f8c89cf639,100%,100,91-100,mostly,72,71-80,python,python,False,0.000000,0.916667,0.916667,1.000000,1.000000,0.000000,0.916667,0.063218,0.118280,0.916667,1.000000,1.000000,0.000000,1.000000,0.038462,0.800000,5,26,lib/core.py,same_file,4,True,python_ast,python,1.000000,1.000000,,False,,0,0.000000,0.000000,0.000000,0.000000,disabled,1.000000,0.000000
8b8352db6a0dc703,mostly,80,71-80,mostly,83,81-90,python,python,False,0.833333,0.851852,0.888889,0.888889,0.925926,0.833333,0.851852,0.107477,0.190871,0.888889,0.888889,0.925926,0.833333,0.925926,0.400000,0.857143,7,15,lib/core.py,neighboring_same_file,5,True,python_ast,python,0.923077,0.923077,,False,,0,0.000000,0.000000,0.000000,0.000000,disabled,1.000000,0.833300
8b5a21ddbf02cead,100%,92,91-100,mostly,81,81-90,python,python,False,0.750000,0.948718,0.974359,0.974359,1.000000,0.750000,0.948718,0.496644,0.651982,0.974359,0.974359,1.000000,0.750000,0.923077,0.320000,0.840000,25,25,lib/core.py,same_file,2,True,python_ast,python,1.000000,1.000000,,False,,0,0.000000,0.000000,0.000000,0.000000,disabled,1.000000,0.750000
990331ccd75a4717,0%,0,0,mostly,82,81-90,python,python,False,0.000000,1.000000,1.000000,1.000000,1.000000,0.000000,1.000000,0.027397,0.053333,1.000000,1.000000,1.000000,0.000000,1.000000,0.260870,1.000000,1,23,lib/core.py,same_file,2,True,python_ast,python,0.750000,0.750000,,False,,0,0.000000,0.000000,0.000000,0.000000,disabled,1.000000,0.000000
68a25167e9785fe6,0%,0,0,0%,0,0,python,python,False,0.000000,0.090909,0.363636,0.090909,0.363636,0.000000,0.090909,0.111111,0.100000,0.363636,0.090909,0.363636,0.000000,0.272727,0.333333,0.000000,4,1,lib/classes/tts_engines/common/utils.py,same_file,2,True,python_ast,python,0.363636,0.363636,,False,,0,0.000000,0.000000,0.000000,0.000000,disabled,1.000000,0.000000
a68c42850787b869,100%,100,91-100,mostly,82,81-90,python,python,False,0.000000,0.928571,0.928571,1.000000,1.000000,0.000000,0.928571,0.073034,0.135417,0.928571,1.000000,1.000000,0.000000,1.000000,0.100000,0.800000,5,10,lib/core.py,same_file,5,True,python_ast,python,1.000000,1.000000,,False,,0,0.000000,0.000000,0.000000,0.000000,disabled,1.000000,0.000000
54764a496dca4ad3,100%,90,81-90,mostly,72,71-80,python,python,False,0.000000,0.928571,0.928571,1.000000,1.000000,0.000000,0.928571,0.090278,0.164557,0.928571,1.000000,1.000000,0.000000,1.000000,0.062500,0.800000,5,16,lib/core.py,same_file,2,True,python_ast,python,1.000000,1.000000,,False,,0,0.000000,0.000000,0.000000,0.000000,disabled,1.000000,0.000000
9084ffa29dcbd67b,mostly,80,71-80,mostly,83,81-90,python,python,False,0.833333,0.925926,0.925926,0.962963,0.962963,0.833333,0.925926,0.143678,0.248756,0.925926,0.962963,0.962963,0.833333,0.888889,0.230769,1.000000,7,26,lib/core.py,same_file,4,True,python_ast,python,0.961538,0.961538,,False,,0,0.000000,0.000000,0.000000,0.000000,disabled,1.000000,0.833300
5940d9bbadfd4b77,partial,25,21-30,partial,55,51-60,python,python,False,0.250000,1.000000,1.000000,1.000000,1.000000,0.250000,1.000000,0.400000,0.571429,1.000000,1.000000,1.000000,0.250000,1.000000,0.500000,1.000000,2,2,lib/core.py,same_file,4,True,python_ast,python,1.000000,1.000000,,False,,0,0.000000,0.000000,0.000000,0.000000,disabled,1.000000,0.250000
398b6c0aecd5e562,100%,100,91-100,100%,100,91-100,python,python,True,1.000000,1.000000,1.000000,1.000000,1.000000,1.000000,1.000000,0.064516,0.121212,1.000000,1.000000,1.000000,1.000000,1.000000,0.111111,0.000000,0,9,lib/core.py,same_file,4,True,python_ast,python,1.000000,1.000000,,False,,0,0.000000,0.000000,0.000000,0.000000,disabled,1.000000,1.000000
6979f73fc6492bc3,partial,29,21-30,partial,55,51-60,python,python,False,0.250000,0.888889,0.944444,0.888889,0.944444,0.250000,0.888889,0.067511,0.125490,0.944444,0.888889,0.944444,0.250000,0.888889,0.086957,0.800000,5,46,lib/core.py,same_file,1,True,python_ast,python,1.000000,1.000000,,False,,0,0.000000,0.000000,0.000000,0.000000,disabled,1.000000,0.250000
aa16090dadff6953,partial,18,11-20,mostly,81,81-90,python,python,False,0.000000,0.923077,0.923077,0.923077,0.923077,0.000000,0.923077,0.369231,0.527473,0.923077,0.923077,0.923077,0.000000,0.923077,0.833333,1.000000,6,6,lib/core.py,same_file,2,True,python_ast,python,1.000000,1.000000,,False,,0,0.000000,0.000000,0.000000,0.000000,disabled,1.000000,0.000000
450db6340de3afd4,0%,0,0,0%,0,0,python,python,False,0.000000,0.666667,0.666667,0.666667,0.666667,0.000000,0.666667,0.222222,0.333333,0.666667,0.666667,0.666667,0.000000,0.666667,0.333333,0.000000,0,3,lib/conf_models.py,same_file,4,True,python_ast,python,1.000000,1.000000,,False,,0,0.000000,0.000000,0.000000,0.000000,disabled,1.000000,0.000000
4474890e339eddc4,partial,18,11-20,0%,0,0,python,python,False,0.000000,0.631579,0.684211,0.947368,1.000000,0.000000,0.736842,0.063348,0.116667,0.789474,0.947368,1.000000,0.000000,1.000000,0.222222,0.285714,7,18,lib/conf.py,same_file,3,True,python_ast,python,1.000000,1.000000,,False,,0,0.000000,0.000000,0.000000,0.000000,disabled,1.000000,0.000000
0553bf584d95b2a5,partial,40,31-40,partial,55,51-60,python,python,False,0.400000,0.833333,0.875000,0.875000,0.916667,0.200000,0.833333,0.160000,0.268456,0.875000,0.875000,0.916667,0.200000,0.833333,0.277778,0.666667,6,18,lib/core.py,neighboring_same_file,4,True,python_ast,python,0.875000,0.875000,,False,,0,0.000000,0.000000,0.000000,0.000000,disabled,1.000000,0.400000
40d366f6faa21c43,partial,54,51-60,partial,55,51-60,python,python,False,0.444444,0.771930,0.877193,0.807018,0.912281,0.444444,0.771930,0.444444,0.564103,0.877193,0.807018,0.912281,0.222222,0.684211,0.750000,0.652174,23,12,lib/core.py,same_file,2,True,python_ast,python,0.859375,0.859375,,False,,0,0.000000,0.000000,0.000000,0.000000,disabled,1.000000,0.444400
cc0a90c48d979a30,0%,0,0,0%,0,0,python,python,False,0.000000,0.666667,0.666667,0.666667,0.666667,0.000000,0.666667,0.222222,0.333333,0.666667,0.666667,0.666667,0.000000,0.666667,0.333333,0.000000,0,3,lib/conf_models.py,same_file,4,True,python_ast,python,1.000000,1.000000,,False,,0,0.000000,0.000000,0.000000,0.000000,disabled,1.000000,0.000000
05d7def79c23c328,100%,90,81-90,mostly,82,81-90,python,python,False,0.000000,0.900000,1.000000,0.900000,1.000000,0.000000,0.900000,0.900000,0.900000,1.000000,0.900000,1.000000,0.000000,1.000000,1.000000,0.800000,5,1,lib/core.py,same_file,6,True,python_ast,python,1.000000,1.000000,,False,,0,0.000000,0.000000,0.000000,0.000000,disabled,1.000000,0.000000
6396daf4d3c24f25,mostly,72,71-80,mostly,85,81-90,python,python,False,0.702703,0.740088,0.740088,0.740088,0.740088,0.702703,0.740088,1.000000,0.850633,0.740088,0.740088,0.740088,0.702703,0.740088,0.702703,0.733333,90,26,lib/classes/tts_engines/common/audio.py,same_file,2,True,python_ast,python,0.760766,0.760766,,False,,0,0.000000,0.000000,0.000000,0.000000,disabled,1.000000,0.702700
0bcf7fe0c65f9bea,100%,100,91-100,100%,100,91-100,shell,pygments,True,1.000000,1.000000,1.000000,1.000000,1.000000,1.000000,1.000000,0.157895,0.272727,1.000000,1.000000,1.000000,1.000000,1.000000,0.125000,1.000000,10,24,ebook2audiobook.sh,same_file,4,False,,,0.000000,0.000000,no supported local structural parser,False,,0,0.000000,0.000000,0.000000,0.000000,disabled,1.000000,1.000000
188058a6d7bc649d,partial,45,41-50,mostly,82,81-90,python,python,False,0.000000,1.000000,1.000000,1.000000,1.000000,0.000000,1.000000,0.666667,0.800000,1.000000,1.000000,1.000000,0.000000,1.000000,1.000000,1.000000,4,1,lib/gradio.py,same_file,1,True,python_ast,python,1.000000,1.000000,,False,,0,0.000000,0.000000,0.000000,0.000000,disabled,1.000000,0.000000
5c066c426edbca12,mostly,70,61-70,mostly,82,81-90,python,python,False,0.000000,1.000000,1.000000,1.000000,1.000000,0.000000,1.000000,0.777778,0.875000,1.000000,1.000000,1.000000,0.000000,1.000000,1.000000,1.000000,4,1,lib/gradio.py,same_file,1,True,python_ast,python,1.000000,1.000000,,False,,0,0.000000,0.000000,0.000000,0.000000,disabled,1.000000,0.000000
61e053a7a297cda3,100%,90,81-90,mostly,72,71-80,python,python,False,0.000000,1.000000,1.000000,1.000000,1.000000,0.000000,0.923077,0.051948,0.098361,1.000000,0.923077,1.000000,0.000000,1.000000,0.076923,1.000000,5,13,lib/core.py,same_file,5,True,python_ast,python,1.000000,1.000000,,False,,0,0.000000,0.000000,0.000000,0.000000,disabled,1.000000,0.000000
0889381c1c0197c0,100%,100,91-100,100%,100,91-100,shell,pygments,True,1.000000,1.000000,1.000000,1.000000,1.000000,1.000000,1.000000,0.157895,0.272727,1.000000,1.000000,1.000000,1.000000,1.000000,0.125000,1.000000,10,24,ebook2audiobook.sh,same_file,4,False,,,0.000000,0.000000,no supported local structural parser,False,,0,0.000000,0.000000,0.000000,0.000000,disabled,1.000000,1.000000
ee7fdeaa6e30f4c9,partial,20,11-20,mostly,74,71-80,shell,pygments,False,0.000000,0.760000,0.880000,0.800000,0.920000,0.000000,0.720000,0.375000,0.493151,0.880000,0.760000,0.880000,0.000000,0.840000,0.750000,0.200000,5,3,ebook2audiobook.sh,same_file,4,False,,,0.000000,0.000000,no supported local structural parser,False,,0,0.000000,0.000000,0.000000,0.000000,disabled,1.000000,0.000000
88831df5f0c5ebfc,partial,50,41-50,mostly,78,71-80,python,python,False,0.500000,0.500000,0.500000,0.500000,0.500000,0.500000,0.500000,0.266667,0.347826,0.500000,0.500000,0.500000,0.500000,0.500000,0.666667,1.000000,1,3,lib/classes/tts_engines/common/utils.py,same_file,2,True,python_ast,python,0.555556,0.555556,,False,,0,0.000000,0.000000,0.000000,0.000000,disabled,1.000000,0.500000
7aed9bdee0e02459,partial,22,21-30,mostly,82,81-90,python,python,False,0.000000,0.818182,1.000000,0.818182,1.000000,0.000000,0.818182,0.600000,0.692308,1.000000,0.818182,1.000000,0.000000,1.000000,0.666667,0.500000,4,3,lib/classes/tts_engines/common/utils.py,same_file,2,True,python_ast,python,1.000000,1.000000,,False,,0,0.000000,0.000000,0.000000,0.000000,disabled,1.000000,0.000000
f791d5660a85f21a,0%,0,0,0%,0,0,python,python,False,0.000000,0.000000,0.000000,0.000000,0.000000,0.000000,0.000000,0.000000,0.000000,0.000000,0.000000,0.000000,0.000000,0.000000,0.000000,0.000000,0,0,,,3,True,python_ast,python,0.111111,0.111111,,False,,0,0.000000,0.000000,0.000000,0.000000,disabled,1.000000,0.000000
c325ee0acb08e0f4,mostly,75,71-80,mostly,85,81-90,python,python,False,0.750000,0.733333,0.733333,0.733333,0.733333,0.750000,0.733333,1.000000,0.846154,0.733333,0.733333,0.733333,0.750000,0.733333,0.750000,1.000000,4,3,lib/classes/tts_engines/common/utils.py,same_file,2,True,python_ast,python,0.750000,0.750000,,False,,0,0.000000,0.000000,0.000000,0.000000,disabled,1.000000,0.750000
ca15b92b5f3e495b,mostly,70,61-70,mostly,72,71-80,python,python,False,0.000000,0.933333,0.933333,1.000000,1.000000,0.000000,0.933333,0.058824,0.110672,0.933333,1.000000,1.000000,0.000000,1.000000,0.083333,0.833333,6,12,lib/gradio.py,same_file,3,True,python_ast,python,1.000000,1.000000,,False,,0,0.000000,0.000000,0.000000,0.000000,disabled,1.000000,0.000000
9fa4e4ebd3dceab5,partial,45,41-50,mostly,72,71-80,python,python,False,0.000000,1.000000,1.000000,1.000000,1.000000,0.000000,1.000000,0.035573,0.068702,1.000000,1.000000,1.000000,0.000000,1.000000,0.058824,1.000000,3,17,lib/gradio.py,same_file,1,True,python_ast,python,1.000000,1.000000,,False,,0,0.000000,0.000000,0.000000,0.000000,disabled,1.000000,0.000000
a60af311e3c7660d,0%,0,0,mostly,77,71-80,python,python,False,0.000000,0.750000,0.875000,0.750000,0.875000,0.000000,0.750000,0.088235,0.157895,0.875000,0.750000,0.875000,0.000000,0.875000,0.100000,0.500000,2,10,lib/core.py,same_file,2,True,python_ast,python,1.000000,1.000000,,False,,0,0.000000,0.000000,0.000000,0.000000,disabled,1.000000,0.000000
4d85e48a9897770c,0%,0,0,mostly,77,71-80,python,python,False,0.000000,0.750000,0.875000,0.750000,0.875000,0.000000,0.750000,0.088235,0.157895,0.875000,0.750000,0.875000,0.000000,0.875000,0.100000,0.500000,2,10,lib/core.py,same_file,2,True,python_ast,python,1.000000,1.000000,,False,,0,0.000000,0.000000,0.000000,0.000000,disabled,1.000000,0.000000
d9febd6a71f6783e,100%,90,81-90,mostly,79,71-80,python,python,False,0.000000,0.875000,0.875000,0.875000,0.875000,0.000000,0.875000,0.875000,0.875000,0.875000,0.875000,0.875000,0.000000,0.875000,1.000000,1.000000,2,1,lib/core.py,same_file,1,True,python_ast,python,1.000000,1.000000,,False,,0,0.000000,0.000000,0.000000,0.000000,disabled,1.000000,0.000000
a18b22b8ba16602f,100%,100,91-100,100%,100,91-100,python,python,True,1.000000,1.000000,1.000000,1.000000,1.000000,1.000000,1.000000,1.000000,1.000000,1.000000,1.000000,1.000000,1.000000,1.000000,1.000000,1.000000,2,1,lib/core.py,same_file,4,True,python_ast,python,1.000000,1.000000,,False,,0,0.000000,0.000000,0.000000,0.000000,disabled,1.000000,1.000000
4a2271d7aa80a4fc,100%,100,91-100,100%,100,91-100,python,python,True,1.000000,1.000000,1.000000,1.000000,1.000000,1.000000,1.000000,1.000000,1.000000,1.000000,1.000000,1.000000,1.000000,1.000000,1.000000,1.000000,1,1,lib/core.py,same_file,5,True,python_ast,python,1.000000,1.000000,,False,,0,0.000000,0.000000,0.000000,0.000000,disabled,1.000000,1.000000
b01e042e5ce73d70,100%,100,91-100,100%,100,91-100,python,python,True,1.000000,1.000000,1.000000,1.000000,1.000000,1.000000,1.000000,1.000000,1.000000,1.000000,1.000000,1.000000,1.000000,1.000000,1.000000,1.000000,2,1,lib/core.py,same_file,6,True,python_ast,python,1.000000,1.000000,,False,,0,0.000000,0.000000,0.000000,0.000000,disabled,1.000000,1.000000
3d717386367a9b3a,100%,100,91-100,100%,100,91-100,python,python,True,1.000000,1.000000,1.000000,1.000000,1.000000,1.000000,1.000000,0.151515,0.263158,1.000000,1.000000,1.000000,1.000000,1.000000,0.125000,1.000000,4,8,lib/conf_models.py,same_file,3,False,python_ast,python,0.000000,0.000000,SyntaxError: illegal target for annotation,False,,0,0.000000,0.000000,0.000000,0.000000,disabled,1.000000,1.000000
bc96d5c7da17380b,partial,9,1-10,mostly,76,71-80,python,python,False,0.000000,0.842105,1.000000,0.842105,1.000000,0.000000,0.842105,0.470588,0.603774,1.000000,0.842105,1.000000,0.000000,0.684211,0.833333,0.666667,18,6,lib/classes/device_installer.py,neighboring_same_file,4,True,python_ast,python,0.939394,0.939394,,False,,0,0.000000,0.000000,0.000000,0.000000,disabled,1.000000,0.000000
fa4ba4c7091e8f29,mostly,70,61-70,mostly,78,71-80,python,python,False,0.000000,0.500000,0.500000,0.500000,0.500000,0.000000,0.500000,0.500000,0.500000,0.500000,0.500000,0.500000,0.000000,0.500000,1.000000,1.000000,1,1,lib/classes/tts_engines/vits.py,same_file,2,True,python_ast,python,0.750000,0.750000,,False,,0,0.000000,0.000000,0.000000,0.000000,disabled,1.000000,0.000000
95d986d406d56dd5,0%,0,0,mostly,82,81-90,python,python,False,0.000000,0.571429,0.571429,0.571429,0.571429,0.000000,0.571429,1.000000,0.727273,0.571429,0.571429,0.571429,0.000000,0.571429,1.000000,0.571429,7,1,lib/core.py,same_file,1,True,python_ast,python,0.625000,0.625000,,False,,0,0.000000,0.000000,0.000000,0.000000,disabled,1.000000,0.000000
a592a41f72386e70,100%,100,91-100,100%,100,91-100,python,python,True,1.000000,1.000000,1.000000,1.000000,1.000000,1.000000,1.000000,1.000000,1.000000,1.000000,1.000000,1.000000,1.000000,1.000000,1.000000,1.000000,4,1,lib/core.py,same_file,1,True,python_ast,python,1.000000,1.000000,,False,,0,0.000000,0.000000,0.000000,0.000000,disabled,1.000000,1.000000
45d302563620774f,mostly,70,61-70,mostly,82,81-90,python,python,False,0.000000,1.000000,1.000000,1.000000,1.000000,0.000000,1.000000,0.200000,0.333333,1.000000,1.000000,1.000000,0.000000,1.000000,0.125000,1.000000,3,8,lib/core.py,same_file,4,True,python_ast,python,1.000000,1.000000,,False,,0,0.000000,0.000000,0.000000,0.000000,disabled,1.000000,0.000000
7f7b1eeb62b2f2ed,0%,0,0,0%,0,0,python,python,False,0.000000,0.000000,0.000000,0.000000,0.000000,0.000000,0.000000,0.000000,0.000000,0.000000,0.000000,0.000000,0.000000,0.000000,0.000000,0.000000,0,0,,,4,True,python_ast,python,0.500000,0.500000,,False,,0,0.000000,0.000000,0.000000,0.000000,disabled,1.000000,0.000000
0b1dcdd8e3cecab3,100%,100,91-100,100%,100,91-100,python,python,True,1.000000,1.000000,1.000000,1.000000,1.000000,1.000000,1.000000,0.659091,0.794521,1.000000,1.000000,1.000000,1.000000,1.000000,0.600000,1.000000,9,5,lib/core.py,same_file,4,True,python_ast,python,1.000000,1.000000,,False,,0,0.000000,0.000000,0.000000,0.000000,disabled,1.000000,1.000000
06de37e6e00c4bf3,0%,0,0,partial,48,41-50,python,python,False,0.000000,0.243243,0.344595,0.270270,0.371622,0.000000,0.243243,0.562500,0.339623,0.344595,0.270270,0.371622,0.000000,0.304054,0.250000,0.285714,42,7,lib/classes/tts_engines/fairseq.py,neighboring_same_file,3,True,python_ast,python,0.344538,0.344538,,False,,0,0.000000,0.000000,0.000000,0.000000,disabled,1.000000,0.000000
99c198614853dbc3,partial,22,21-30,partial,55,51-60,python,python,False,0.200000,0.527778,0.722222,0.527778,0.722222,0.200000,0.416667,0.114504,0.179641,0.722222,0.416667,0.722222,0.000000,0.694444,0.625000,0.272727,11,8,lib/classes/tts_engines/bark.py,same_file,5,True,python_ast,python,0.888889,0.888889,,False,,0,0.000000,0.000000,0.000000,0.000000,disabled,1.000000,0.200000
22f8b32a55f83a9c,0%,0,0,partial,44,41-50,python,python,False,0.000000,0.289256,0.454545,0.297521,0.462810,0.000000,0.289256,0.522388,0.372340,0.454545,0.297521,0.462810,0.000000,0.363636,0.476190,0.270270,37,10,lib/classes/tts_engines/bark.py,neighboring_same_file,3,True,python_ast,python,0.430000,0.430000,,False,,0,0.000000,0.000000,0.000000,0.000000,disabled,1.000000,0.000000
b5f8471925e96076,partial,22,21-30,partial,55,51-60,python,python,False,0.200000,0.527778,0.722222,0.527778,0.722222,0.200000,0.416667,0.114504,0.179641,0.722222,0.416667,0.722222,0.000000,0.694444,0.625000,0.272727,11,8,lib/classes/tts_engines/bark.py,same_file,5,True,python_ast,python,0.888889,0.888889,,False,,0,0.000000,0.000000,0.000000,0.000000,disabled,1.000000,0.200000
6fdec11db65fef9c,100%,100,91-100,100%,100,91-100,python,python,True,1.000000,1.000000,1.000000,1.000000,1.000000,1.000000,1.000000,0.141176,0.247423,1.000000,1.000000,1.000000,1.000000,1.000000,0.100000,1.000000,3,10,lib/classes/tts_engines/vits.py,same_file,4,True,python_ast,python,1.000000,1.000000,,False,,0,0.000000,0.000000,0.000000,0.000000,disabled,1.000000,1.000000
acecc80b6ee254a2,partial,23,21-30,0%,0,0,python,python,False,0.000000,0.653061,0.877551,0.673469,0.897959,0.000000,0.653061,0.251969,0.363636,0.877551,0.673469,0.897959,0.000000,0.734694,0.333333,0.333333,18,15,lib/classes/tts_engines/vits.py,neighboring_same_file,4,True,python_ast,python,0.891304,0.891304,,False,,0,0.000000,0.000000,0.000000,0.000000,disabled,1.000000,0.000000
87c7bbe472a3cac2,partial,23,21-30,mostly,73,71-80,python,python,False,0.000000,0.658537,0.853659,0.682927,0.878049,0.000000,0.658537,0.369863,0.473684,0.853659,0.682927,0.878049,0.000000,0.829268,0.555556,0.400000,15,9,lib/classes/tts_engines/tortoise.py,neighboring_same_file,6,True,python_ast,python,0.947368,0.947368,,False,,0,0.000000,0.000000,0.000000,0.000000,disabled,1.000000,0.000000
8be4431e156fc2be,partial,23,21-30,mostly,73,71-80,python,python,False,0.000000,0.658537,0.853659,0.682927,0.878049,0.000000,0.658537,0.369863,0.473684,0.853659,0.682927,0.878049,0.000000,0.829268,0.555556,0.400000,15,9,lib/classes/tts_engines/tacotron.py,neighboring_same_file,6,True,python_ast,python,0.947368,0.947368,,False,,0,0.000000,0.000000,0.000000,0.000000,disabled,1.000000,0.000000
f14f6f4229e4654b,partial,23,21-30,mostly,62,61-70,python,python,False,0.000000,0.632653,0.857143,0.653061,0.877551,0.000000,0.591837,0.397260,0.475410,0.816327,0.612245,0.836735,0.000000,0.693878,0.555556,0.333333,18,9,lib/classes/tts_engines/glowtts.py,neighboring_same_file,6,True,python_ast,python,0.869565,0.869565,,False,,0,0.000000,0.000000,0.000000,0.000000,disabled,1.000000,0.000000
6007cc6f70feae6b,100%,100,91-100,100%,100,91-100,python,python,True,1.000000,1.000000,1.000000,1.000000,1.000000,1.000000,1.000000,1.000000,1.000000,1.000000,1.000000,1.000000,1.000000,1.000000,1.000000,1.000000,3,1,lib/classes/tts_engines/glowtts.py,same_file,1,True,python_ast,python,1.000000,1.000000,,False,,0,0.000000,0.000000,0.000000,0.000000,disabled,1.000000,1.000000
e0b76d41b1e058da,0%,0,0,partial,42,41-50,python,python,False,0.000000,0.304348,0.478261,0.434783,0.608696,0.000000,0.304348,0.350000,0.325581,0.478261,0.434783,0.608696,0.000000,0.478261,0.250000,0.200000,10,1,lib/classes/tts_engines/fairseq.py,same_file,1,True,python_ast,python,0.458333,0.458333,,False,,0,0.000000,0.000000,0.000000,0.000000,disabled,1.000000,0.000000
303afeaa8d1da3f7,100%,100,91-100,100%,100,91-100,python,python,True,1.000000,1.000000,1.000000,1.000000,1.000000,1.000000,1.000000,1.000000,1.000000,1.000000,1.000000,1.000000,1.000000,1.000000,1.000000,1.000000,9,1,lib/classes/tts_engines/fairseq.py,same_file,1,True,python_ast,python,1.000000,1.000000,,False,,0,0.000000,0.000000,0.000000,0.000000,disabled,1.000000,1.000000
98d5956fea219dcc,100%,100,91-100,100%,100,91-100,go,pygments,True,1.000000,1.000000,1.000000,1.000000,1.000000,1.000000,1.000000,0.547170,0.707317,1.000000,1.000000,1.000000,1.000000,1.000000,0.500000,1.000000,9,2,main.go,same_file,1,True,tree_sitter,go,1.000000,1.000000,,False,,0,0.000000,0.000000,0.000000,0.000000,disabled,1.000000,1.000000
39a806386cee5af9,100%,100,91-100,100%,100,91-100,go,pygments,True,1.000000,1.000000,1.000000,1.000000,1.000000,1.000000,1.000000,0.452830,0.623377,1.000000,1.000000,1.000000,1.000000,1.000000,0.500000,1.000000,8,2,main.go,same_file,1,True,tree_sitter,go,1.000000,1.000000,,False,,0,0.000000,0.000000,0.000000,0.000000,disabled,1.000000,1.000000
6e762cfe7da30219,mostly,82,81-90,mostly,86,81-90,typescript,pygments,False,0.857143,0.931034,1.000000,0.931034,1.000000,0.714286,0.931034,0.627907,0.750000,1.000000,0.931034,1.000000,0.428571,0.965517,0.875000,0.800000,10,8,packages/components/nodes/memory/ZepMemory/ZepMemory.ts,same_file,2,True,tree_sitter,typescript,0.428571,0.428571,,False,,0,0.000000,0.000000,0.000000,0.000000,disabled,1.000000,0.857100
74631c3af7b4a105,100%,100,91-100,100%,100,91-100,typescript,regex,True,1.000000,0.000000,0.166667,0.000000,0.166667,1.000000,1.000000,1.000000,1.000000,1.000000,1.000000,1.000000,1.000000,1.000000,1.000000,1.000000,9,5,packages/server/src/index.ts,same_file,4,True,tree_sitter,typescript,1.000000,1.000000,,False,,0,0.000000,0.000000,0.000000,0.000000,disabled,1.000000,1.000000
33cea56ba8be5055,partial,43,41-50,partial,55,51-60,typescript,pygments,False,0.500000,0.873016,0.984127,0.888889,1.000000,0.416667,0.873016,0.237069,0.372881,0.984127,0.888889,1.000000,0.166667,0.968254,0.375000,0.619048,21,32,packages/components/nodes/documentloaders/ApifyWebsiteContentCrawler/ApifyWebsiteContentCrawler.ts,same_file,1,True,tree_sitter,typescript,1.000000,1.000000,,False,,0,0.000000,0.000000,0.000000,0.000000,disabled,1.000000,0.500000
69dde7976e01a566,0%,0,0,mostly,82,81-90,typescript,pygments,False,0.000000,0.923077,1.000000,0.923077,1.000000,0.000000,0.923077,0.428571,0.585366,1.000000,0.923077,1.000000,0.000000,0.961538,0.500000,0.800000,10,2,packages/components/nodes/vectorstores/Vectara_Existing/Vectara_Existing.ts,same_file,2,True,tree_sitter,typescript,0.277778,0.277778,,False,,0,0.000000,0.000000,0.000000,0.000000,disabled,1.000000,0.000000
7823b5cd8ec3c3b8,100%,100,91-100,100%,100,91-100,typescript,pygments,True,1.000000,1.000000,1.000000,1.000000,1.000000,1.000000,1.000000,0.562500,0.720000,1.000000,1.000000,1.000000,1.000000,1.000000,0.500000,1.000000,4,2,packages/components/nodes/embeddings/GoogleVertexAIEmbedding/GoogleVertexAIEmbedding.ts,same_file,2,True,tree_sitter,typescript,1.000000,1.000000,,False,,0,0.000000,0.000000,0.000000,0.000000,disabled,1.000000,1.000000
942be3531e3819ec,0%,0,0,mostly,82,81-90,typescript,pygments,False,0.000000,0.968750,1.000000,0.968750,1.000000,0.000000,0.968750,0.632653,0.765432,1.000000,0.968750,1.000000,0.000000,0.937500,0.200000,0.944444,18,5,packages/components/nodes/vectorstores/Vectara/Vectara.ts,same_file,2,True,tree_sitter,typescript,0.166667,0.166667,,False,,0,0.000000,0.000000,0.000000,0.000000,disabled,1.000000,0.000000
f37789de9af6ee55,partial,11,11-20,mostly,72,71-80,typescript,pygments,False,0.333333,0.750000,0.972222,0.750000,0.972222,0.333333,0.750000,0.023560,0.045685,0.972222,0.750000,0.972222,0.333333,0.861111,0.016760,0.466667,15,179,packages/components/nodes/chatmodels/ChatGoogleGenerativeAI/ChatGoogleGenerativeAI.ts,same_file,1,True,tree_sitter,typescript,0.941176,0.941176,,False,,0,0.000000,0.000000,0.000000,0.000000,disabled,1.000000,0.333300
46ca61ce6319c7bd,partial,45,41-50,mostly,70,61-70,typescript,pygments,False,0.000000,0.769231,0.923077,0.769231,0.923077,0.000000,0.769231,0.141844,0.239521,0.923077,0.769231,0.923077,0.000000,0.615385,0.142857,0.555556,9,14,packages/server/src/index.ts,neighboring_same_file,4,True,tree_sitter,typescript,0.739130,0.739130,,False,,0,0.000000,0.000000,0.000000,0.000000,disabled,1.000000,0.000000
4cef26f52a015862,0%,0,0,0%,0,0,typescript,pygments,False,0.000000,0.461538,0.653846,0.461538,0.653846,0.000000,0.269231,0.259259,0.264151,0.576923,0.269231,0.576923,0.000000,0.384615,0.666667,0.111111,9,3,packages/components/nodes/utilities/CustomFunction/CustomFunction.ts,same_file,4,True,tree_sitter,typescript,0.565217,0.565217,,False,,0,0.000000,0.000000,0.000000,0.000000,disabled,1.000000,0.000000
83c666cf0491f884,0%,0,0,0%,0,0,typescript,pygments,False,0.000000,0.000000,0.100000,0.000000,0.100000,0.000000,0.000000,0.000000,0.000000,0.100000,0.000000,0.100000,0.000000,0.100000,0.200000,0.000000,5,1,packages/server/src/DataSource.ts,same_file,1,True,tree_sitter,typescript,0.090909,0.090909,,False,,0,0.000000,0.000000,0.000000,0.000000,disabled,1.000000,0.000000
05d4967ce3e1efe3,partial,29,21-30,partial,55,51-60,typescript,pygments,False,0.200000,0.125000,0.125000,0.125000,0.125000,0.200000,0.125000,1.000000,0.222222,0.125000,0.125000,0.125000,0.200000,0.125000,0.200000,0.333333,3,1,packages/server/src/utils/buildChatflow.ts,same_file,4,True,tree_sitter,typescript,0.428571,0.428571,,False,,0,0.000000,0.000000,0.000000,0.000000,disabled,1.000000,0.200000
684f84a5119bee4e,partial,27,21-30,partial,55,51-60,typescript,pygments,False,0.222222,0.481481,0.481481,0.481481,0.481481,0.222222,0.481481,1.000000,0.650000,0.481481,0.481481,0.481481,0.111111,0.481481,0.222222,0.576923,26,2,packages/components/nodes/chatmodels/ChatOpenAI/ChatOpenAI.ts,same_file,2,True,tree_sitter,typescript,0.142857,0.142857,,False,,0,0.000000,0.000000,0.000000,0.000000,disabled,1.000000,0.222200
692c44cb25915b15,100%,100,91-100,100%,100,91-100,typescript,pygments,True,1.000000,1.000000,1.000000,1.000000,1.000000,1.000000,1.000000,1.000000,1.000000,1.000000,1.000000,1.000000,1.000000,1.000000,1.000000,1.000000,11,1,packages/components/nodes/documentloaders/Oxylabs/Oxylabs.ts,same_file,3,True,tree_sitter,typescript,1.000000,1.000000,,False,,0,0.000000,0.000000,0.000000,0.000000,disabled,1.000000,1.000000
18ac2171d9de3a58,0%,0,0,0%,0,0,typescript,pygments,False,0.000000,0.433333,0.750000,0.433333,0.750000,0.000000,0.433333,0.118182,0.185714,0.750000,0.433333,0.750000,0.000000,0.650000,0.104167,0.055556,18,48,packages/components/nodes/documentloaders/Oxylabs/Oxylabs.ts,same_file,1,True,tree_sitter,typescript,0.460000,0.460000,,False,,0,0.000000,0.000000,0.000000,0.000000,disabled,1.000000,0.000000
de6716a211048d24,mostly,67,61-70,mostly,85,81-90,typescript,pygments,False,0.666667,0.673913,0.673913,0.673913,0.673913,0.666667,0.673913,1.000000,0.805195,0.673913,0.673913,0.673913,0.333333,0.673913,0.666667,0.647059,17,2,packages/server/src/services/export-import/index.ts,same_file,1,True,tree_sitter,typescript,0.692308,0.692308,,False,,0,0.000000,0.000000,0.000000,0.000000,disabled,1.000000,0.666700
2049f1d7c2859099,partial,50,41-50,mostly,79,71-80,javascript,pygments,False,0.500000,0.777778,0.777778,0.833333,0.833333,0.500000,0.777778,0.933333,0.848485,0.777778,0.833333,0.833333,0.500000,0.833333,1.000000,0.833333,6,2,packages/ui/src/layout/MainLayout/Header/ProfileSection/index.jsx,same_file,2,True,tree_sitter,javascript,0.818182,0.818182,,False,,0,0.000000,0.000000,0.000000,0.000000,disabled,1.000000,0.500000
fe5631f5a2ff2a80,100%,100,91-100,100%,100,91-100,typescript,pygments,True,1.000000,1.000000,1.000000,1.000000,1.000000,1.000000,1.000000,1.000000,1.000000,1.000000,1.000000,1.000000,1.000000,1.000000,1.000000,1.000000,3,1,packages/server/src/enterprise/middleware/passport/index.ts,same_file,4,True,tree_sitter,typescript,1.000000,1.000000,,False,,0,0.000000,0.000000,0.000000,0.000000,disabled,1.000000,1.000000
b2a04dc0b192a9fa,0%,0,0,mostly,68,61-70,typescript,pygments,False,0.000000,0.674419,0.790698,0.697674,0.813953,0.000000,0.674419,0.805556,0.734177,0.790698,0.697674,0.813953,0.000000,0.604651,0.400000,0.444444,18,2,packages/server/src/enterprise/controllers/auth/index.ts,same_file,1,True,tree_sitter,typescript,0.805556,0.805556,,False,,0,0.000000,0.000000,0.000000,0.000000,disabled,1.000000,0.000000
7cb1405605b1502b,mostly,80,71-80,mostly,88,81-90,typescript,pygments,False,0.500000,1.000000,1.000000,1.000000,1.000000,0.500000,1.000000,0.277778,0.434783,1.000000,1.000000,1.000000,0.500000,1.000000,1.000000,1.000000,4,2,packages/server/src/enterprise/controllers/auth/index.ts,same_file,1,True,tree_sitter,typescript,0.916667,0.916667,,False,,0,0.000000,0.000000,0.000000,0.000000,disabled,1.000000,0.500000
28a94cfac787a6c1,0%,0,0,mostly,82,81-90,typescript,pygments,False,0.000000,1.000000,1.000000,1.000000,1.000000,0.000000,1.000000,0.552632,0.711864,1.000000,1.000000,1.000000,0.000000,1.000000,0.500000,1.000000,17,2,packages/components/credentials/TeradataBearerToken.credential.ts,same_file,3,True,tree_sitter,typescript,1.000000,1.000000,,False,,0,0.000000,0.000000,0.000000,0.000000,disabled,1.000000,0.000000
8b8e750a3750c6dd,0%,0,0,mostly,72,71-80,typescript,pygments,False,0.000000,0.733333,0.866667,0.733333,0.866667,0.000000,0.733333,0.112245,0.194690,0.866667,0.733333,0.866667,0.000000,0.866667,0.083333,0.714286,7,12,packages/server/src/index.ts,same_file,2,True,tree_sitter,typescript,1.000000,1.000000,,False,,0,0.000000,0.000000,0.000000,0.000000,disabled,1.000000,0.000000
fdee318446c7a126,partial,15,11-20,mostly,65,61-70,typescript,pygments,False,0.000000,0.745098,0.823529,0.745098,0.823529,0.000000,0.745098,0.175115,0.283582,0.823529,0.745098,0.823529,0.000000,0.725490,0.136364,0.833333,6,22,packages/components/src/secureZodParser.ts,same_file,3,True,tree_sitter,typescript,0.954545,0.954545,,False,,0,0.000000,0.000000,0.000000,0.000000,disabled,1.000000,0.000000
0066017fd6b6ccd6,100%,100,91-100,100%,100,91-100,typescript,pygments,True,1.000000,1.000000,1.000000,1.000000,1.000000,1.000000,1.000000,1.000000,1.000000,1.000000,1.000000,1.000000,1.000000,1.000000,1.000000,1.000000,10,1,packages/server/src/database/migrations/mysql/1759419216034-AddTextToSpeechToChatFlow.ts,same_file,1,True,tree_sitter,typescript,1.000000,1.000000,,False,,0,0.000000,0.000000,0.000000,0.000000,disabled,1.000000,1.000000
681be551b982b693,100%,100,91-100,100%,100,91-100,typescript,pygments,True,1.000000,1.000000,1.000000,1.000000,1.000000,1.000000,1.000000,1.000000,1.000000,1.000000,1.000000,1.000000,1.000000,1.000000,1.000000,1.000000,10,1,packages/server/src/database/migrations/mariadb/1759419231100-AddTextToSpeechToChatFlow.ts,same_file,1,True,tree_sitter,typescript,1.000000,1.000000,,False,,0,0.000000,0.000000,0.000000,0.000000,disabled,1.000000,1.000000
9f858ff0e7734120,0%,0,0,mostly,82,81-90,typescript,pygments,False,0.000000,0.800000,1.000000,0.800000,1.000000,0.000000,0.800000,0.148148,0.250000,1.000000,0.800000,1.000000,0.000000,1.000000,0.125000,0.555556,9,8,packages/server/src/database/migrations/sqlite/1759419136055-AddTextToSpeechToChatFlow.ts,same_file,1,True,tree_sitter,typescript,1.000000,1.000000,,False,,0,0.000000,0.000000,0.000000,0.000000,disabled,1.000000,0.000000
151ef755b53d9277,0%,0,0,partial,50,41-50,typescript,pygments,False,0.000000,0.018794,0.026849,0.018794,0.026849,0.000000,0.018794,0.592308,0.036432,0.026849,0.018794,0.026849,0.000000,0.000000,0.034375,0.002247,1780,11,packages/components/src/validator.test.ts,same_file,1,True,tree_sitter,typescript,0.011771,0.011771,,False,,0,0.000000,0.000000,0.000000,0.000000,disabled,1.000000,0.000000
980c079d71cce9dc,100%,100,91-100,100%,100,91-100,javascript,regex,True,1.000000,1.000000,1.000000,1.000000,1.000000,1.000000,1.000000,1.000000,1.000000,1.000000,1.000000,1.000000,1.000000,1.000000,1.000000,1.000000,8,4,packages/ui/src/ui-component/dialog/AgentflowGeneratorDialog.jsx,same_file,4,True,tree_sitter,javascript,1.000000,1.000000,,False,,0,0.000000,0.000000,0.000000,0.000000,disabled,1.000000,1.000000
277850b8479bb585,100%,100,91-100,100%,100,91-100,javascript,regex,True,1.000000,1.000000,1.000000,1.000000,1.000000,1.000000,1.000000,1.000000,1.000000,1.000000,1.000000,1.000000,1.000000,1.000000,1.000000,1.000000,14,6,packages/ui/src/ui-component/dialog/AgentflowGeneratorDialog.jsx,same_file,3,True,tree_sitter,javascript,1.000000,1.000000,,False,,0,0.000000,0.000000,0.000000,0.000000,disabled,1.000000,1.000000
fc855cad3382b0b5,100%,100,91-100,mostly,88,81-90,typescript,pygments,False,0.500000,1.000000,1.000000,1.000000,1.000000,0.500000,1.000000,0.588235,0.740741,1.000000,1.000000,1.000000,0.500000,1.000000,0.666667,1.000000,4,3,packages/server/src/enterprise/utils/authSecrets.ts,same_file,3,True,tree_sitter,typescript,1.000000,1.000000,,False,,0,0.000000,0.000000,0.000000,0.000000,disabled,1.000000,0.500000
2e5b9d32a5cd772e,100%,90,81-90,mostly,72,71-80,python,python,False,0.000000,0.941176,1.000000,0.941176,1.000000,0.000000,0.941176,0.028986,0.056239,1.000000,0.941176,1.000000,0.000000,1.000000,0.023256,0.800000,5,43,genesis/engine/solvers/rigid/constraint_solver_decomp.py,same_file,1,True,python_ast,python,1.000000,1.000000,,False,,0,0.000000,0.000000,0.000000,0.000000,disabled,1.000000,0.000000
92ff76fc1b7a916e,0%,0,0,0%,0,0,python,python,False,0.000000,0.137931,0.310345,0.137931,0.310345,0.000000,0.137931,0.090909,0.109589,0.310345,0.137931,0.310345,0.000000,0.275862,0.111111,0.083333,12,9,genesis/utils/geom.py,neighboring_same_file,4,True,python_ast,python,0.344828,0.344828,,False,,0,0.000000,0.000000,0.000000,0.000000,disabled,1.000000,0.000000
61e94e1553e35e91,mostly,88,81-90,partial,55,51-60,python,python,False,0.333333,0.953125,0.953125,0.968750,0.968750,0.333333,0.953125,0.549550,0.697143,0.953125,0.968750,0.968750,0.166667,0.937500,0.750000,0.916667,24,8,genesis/engine/solvers/rigid/rigid_solver_decomp.py,neighboring_same_file,4,True,python_ast,python,0.410256,0.410256,,False,,0,0.000000,0.000000,0.000000,0.000000,disabled,1.000000,0.333300
4b4d53bde89878b0,partial,16,11-20,mostly,68,61-70,python,python,False,0.000000,0.695652,0.891304,0.717391,0.913043,0.000000,0.543478,0.462963,0.500000,0.891304,0.565217,0.913043,0.000000,0.717391,0.400000,0.000000,13,2,genesis/utils/terrain.py,neighboring_same_file,5,True,python_ast,python,0.805556,0.805556,,False,,0,0.000000,0.000000,0.000000,0.000000,disabled,1.000000,0.000000
12af4ed7c73fc98b,partial,20,11-20,partial,55,51-60,python,python,False,0.200000,0.166667,0.166667,0.166667,0.166667,0.200000,0.166667,1.000000,0.285714,0.166667,0.166667,0.166667,0.200000,0.166667,0.200000,0.250000,4,1,genesis/utils/terrain.py,same_file,2,True,python_ast,python,0.272727,0.272727,,False,,0,0.000000,0.000000,0.000000,0.000000,disabled,1.000000,0.200000
0fff1ec1596f6ddb,partial,15,11-20,partial,55,51-60,python,python,False,0.153846,0.240642,0.326203,0.245989,0.331551,0.153846,0.155080,0.674419,0.252174,0.224599,0.160428,0.229947,0.000000,0.187166,0.153846,0.043478,46,2,genesis/utils/terrain.py,neighboring_same_file,7,True,python_ast,python,0.207143,0.207143,,False,,0,0.000000,0.000000,0.000000,0.000000,disabled,1.000000,0.153800
1425e9c621908ffc,100%,100,91-100,100%,100,91-100,python,python,True,1.000000,1.000000,1.000000,1.000000,1.000000,1.000000,1.000000,0.666667,0.800000,1.000000,1.000000,1.000000,1.000000,1.000000,0.333333,1.000000,9,9,tests/test_fem.py,same_file,3,True,python_ast,python,1.000000,1.000000,,False,,0,0.000000,0.000000,0.000000,0.000000,disabled,1.000000,1.000000
059da6f90bd942e6,100%,100,91-100,100%,100,91-100,python,python,True,1.000000,1.000000,1.000000,1.000000,1.000000,1.000000,1.000000,0.216216,0.355556,1.000000,1.000000,1.000000,1.000000,1.000000,0.333333,1.000000,3,3,examples/rigid/multi_gpu.py,same_file,2,True,python_ast,python,1.000000,1.000000,,False,,0,0.000000,0.000000,0.000000,0.000000,disabled,1.000000,1.000000
fd595e176f02c5ee,0%,0,0,partial,51,51-60,python,python,False,0.000000,0.400000,0.666667,0.433333,0.700000,0.000000,0.400000,0.324324,0.358209,0.666667,0.433333,0.700000,0.000000,0.466667,0.750000,0.000000,12,3,examples/rigid/multi_gpu.py,same_file,2,True,python_ast,python,0.642857,0.642857,,False,,0,0.000000,0.000000,0.000000,0.000000,disabled,1.000000,0.000000
a18e692cd83f7d9c,0%,0,0,0%,0,0,python,python,False,0.000000,0.000000,0.500000,0.000000,0.500000,0.000000,0.000000,0.000000,0.000000,0.500000,0.000000,0.500000,0.000000,0.500000,0.500000,0.000000,6,2,genesis/_main.py,same_file,2,False,python_ast,python,0.000000,0.000000,SyntaxError: invalid syntax,False,,0,0.000000,0.000000,0.000000,0.000000,disabled,1.000000,0.000000
98a0cf3da8786fdc,100%,95,91-100,mostly,83,81-90,python,python,False,0.500000,0.941176,0.941176,0.941176,0.941176,0.500000,0.941176,0.099379,0.179775,0.941176,0.941176,0.941176,0.500000,0.941176,0.086957,1.000000,8,23,genesis/engine/entities/rigid_entity/rigid_entity.py,same_file,3,True,python_ast,python,1.000000,1.000000,,False,,0,0.000000,0.000000,0.000000,0.000000,disabled,1.000000,0.500000
62767e9bc1bc6095,100%,100,91-100,100%,100,91-100,python,python,True,1.000000,1.000000,1.000000,1.000000,1.000000,1.000000,1.000000,0.302128,0.464052,1.000000,1.000000,1.000000,1.000000,1.000000,0.421053,1.000000,29,19,genesis/utils/geom.py,same_file,3,True,python_ast,python,1.000000,1.000000,,False,,0,0.000000,0.000000,0.000000,0.000000,disabled,1.000000,1.000000
2f87ddd39808b7c0,0%,0,0,partial,45,41-50,python,python,False,0.000000,0.004950,0.008551,0.004950,0.008551,0.000000,0.004950,0.523810,0.009808,0.008551,0.004950,0.008551,0.000000,0.008101,0.032258,0.001085,922,3,tests/conftest.py,same_file,2,True,python_ast,python,0.087379,0.087379,,False,,0,0.000000,0.000000,0.000000,0.000000,disabled,1.000000,0.000000
84636400de78b37b,0%,0,0,0%,0,0,python,python,False,0.000000,0.125000,0.500000,0.250000,0.625000,0.000000,0.125000,0.055556,0.076923,0.500000,0.250000,0.625000,0.000000,0.500000,0.333333,0.000000,4,3,genesis/engine/solvers/rigid/rigid_solver_decomp.py,same_file,6,False,python_ast,python,0.000000,0.000000,SyntaxError: invalid syntax,False,,0,0.000000,0.000000,0.000000,0.000000,disabled,1.000000,0.000000
9b9c245a53afbbb2,partial,50,41-50,mostly,78,71-80,python,python,False,0.500000,0.833333,0.875000,0.833333,0.875000,0.500000,0.833333,0.588235,0.689655,0.875000,0.833333,0.875000,0.500000,0.791667,0.500000,1.000000,5,4,genesis/engine/materials/FEM/elastic.py,same_file,2,True,python_ast,python,0.952381,0.952381,,False,,0,0.000000,0.000000,0.000000,0.000000,disabled,1.000000,0.500000
66877ebc15ca4486,100%,100,91-100,100%,100,91-100,python,python,True,1.000000,0.000000,0.000000,0.000000,0.000000,1.000000,0.000000,0.000000,0.000000,0.000000,0.000000,0.000000,1.000000,0.000000,1.000000,0.000000,0,1,genesis/engine/materials/FEM/elastic.py,same_file,1,True,python_ast,python,1.000000,1.000000,,False,,0,0.000000,0.000000,0.000000,0.000000,disabled,1.000000,1.000000
8555873f1a819d1c,0%,0,0,0%,0,0,python,python,False,0.000000,0.619048,0.904762,0.714286,1.000000,0.000000,0.571429,0.060000,0.108597,0.904762,0.666667,1.000000,0.000000,0.857143,0.095238,0.111111,9,21,genesis/engine/solvers/base_solver.py,same_file,3,True,python_ast,python,1.000000,1.000000,,False,,0,0.000000,0.000000,0.000000,0.000000,disabled,1.000000,0.000000
be6e5e39ddebd194,0%,0,0,0%,0,0,python,python,False,0.000000,0.142857,0.571429,0.142857,0.571429,0.000000,0.142857,0.166667,0.153846,0.571429,0.142857,0.571429,0.000000,0.500000,0.333333,0.000000,6,6,genesis/ext/pyrender/viewer.py,neighboring_same_file,4,True,python_ast,python,0.200000,0.200000,,False,,0,0.000000,0.000000,0.000000,0.000000,disabled,1.000000,0.000000
ef6b8d4b74c23ce3,partial,50,41-50,mostly,85,81-90,python,python,False,0.500000,0.555556,0.555556,0.555556,0.555556,0.500000,0.555556,1.000000,0.714286,0.555556,0.555556,0.555556,0.500000,0.555556,0.500000,0.500000,4,1,genesis/ext/pyrender/interaction/ray.py,same_file,1,True,python_ast,python,0.600000,0.600000,,False,,0,0.000000,0.000000,0.000000,0.000000,disabled,1.000000,0.500000
5aabddc2743a63a9,100%,90,81-90,mostly,82,81-90,python,python,False,0.000000,1.000000,1.000000,1.000000,1.000000,0.000000,1.000000,0.833333,0.909091,1.000000,1.000000,1.000000,0.000000,1.000000,1.000000,1.000000,5,1,genesis/engine/solvers/base_solver.py,same_file,3,True,python_ast,python,1.000000,1.000000,,False,,0,0.000000,0.000000,0.000000,0.000000,disabled,1.000000,0.000000
84e309057fcf9a92,mostly,76,71-80,mostly,82,81-90,python,python,False,0.333333,0.962963,0.962963,0.962963,0.962963,0.333333,0.962963,0.173333,0.293785,0.962963,0.962963,0.962963,0.333333,0.962963,0.230769,1.000000,8,13,genesis/engine/solvers/base_solver.py,same_file,4,True,python_ast,python,0.956522,0.956522,,False,,0,0.000000,0.000000,0.000000,0.000000,disabled,1.000000,0.333300
b5025da3ee7af5ec,100%,100,91-100,100%,100,91-100,python,python,False,1.000000,1.000000,1.000000,1.000000,1.000000,0.666667,1.000000,0.033742,0.065282,1.000000,1.000000,1.000000,0.666667,1.000000,0.088235,1.000000,4,34,tests/test_rigid_physics.py,same_file,1,True,python_ast,python,1.000000,1.000000,,False,,0,0.000000,0.000000,0.000000,0.000000,disabled,1.000000,1.000000
f43d28e852b8d263,mostly,86,81-90,partial,55,51-60,python,python,False,0.400000,0.960000,1.000000,0.960000,1.000000,0.400000,0.960000,0.455696,0.618026,1.000000,0.960000,1.000000,0.200000,1.000000,0.384615,0.888889,27,13,genesis/engine/solvers/base_solver.py,same_file,1,True,python_ast,python,1.000000,1.000000,,False,,0,0.000000,0.000000,0.000000,0.000000,disabled,1.000000,0.400000
c38d97f07c88a4cc,100%,97,91-100,mostly,88,81-90,python,python,False,0.750000,1.000000,1.000000,1.000000,1.000000,0.750000,1.000000,0.058594,0.110701,1.000000,1.000000,1.000000,0.500000,1.000000,0.133333,1.000000,5,30,tests/test_mesh.py,same_file,2,True,python_ast,python,1.000000,1.000000,,False,,0,0.000000,0.000000,0.000000,0.000000,disabled,1.000000,0.750000
4f496bcc62409e31,100%,100,91-100,100%,100,91-100,python,python,True,1.000000,1.000000,1.000000,1.000000,1.000000,1.000000,1.000000,0.029915,0.058091,1.000000,1.000000,1.000000,1.000000,1.000000,0.071429,1.000000,1,28,tests/test_mesh.py,same_file,2,False,python_ast,python,0.000000,0.000000,SyntaxError: unterminated triple-quoted string literal (detected at line 3),False,,0,0.000000,0.000000,0.000000,0.000000,disabled,1.000000,1.000000
3b49d360f39592b7,partial,34,31-40,partial,55,51-60,python,python,False,0.200000,0.769231,0.897436,0.820513,0.948718,0.200000,0.769231,0.059880,0.111111,0.897436,0.820513,0.948718,0.200000,0.871795,0.121951,0.500000,14,41,tests/test_rigid_physics.py,same_file,1,True,python_ast,python,1.000000,1.000000,,False,,0,0.000000,0.000000,0.000000,0.000000,disabled,1.000000,0.200000
4b465e1b4b837c61,mostly,70,61-70,mostly,72,71-80,python,python,False,0.000000,0.950000,1.000000,0.950000,1.000000,0.000000,0.950000,0.116564,0.207650,1.000000,0.950000,1.000000,0.000000,1.000000,0.062500,0.833333,6,16,genesis/engine/entities/rigid_entity/rigid_entity.py,same_file,3,True,python_ast,python,1.000000,1.000000,,False,,0,0.000000,0.000000,0.000000,0.000000,disabled,1.000000,0.000000
58a329856ec361b6,100%,100,91-100,100%,100,91-100,python,python,True,1.000000,1.000000,1.000000,1.000000,1.000000,1.000000,1.000000,0.168421,0.288288,1.000000,1.000000,1.000000,1.000000,1.000000,0.050000,1.000000,10,20,genesis/engine/solvers/rigid/rigid_solver_decomp.py,same_file,2,True,python_ast,python,1.000000,1.000000,,False,,0,0.000000,0.000000,0.000000,0.000000,disabled,1.000000,1.000000
05828790aa942c17,0%,0,0,0%,0,0,python,python,False,0.000000,0.228571,0.600000,0.285714,0.657143,0.000000,0.228571,0.181818,0.202532,0.600000,0.285714,0.657143,0.000000,0.571429,0.285714,0.066667,15,7,genesis/ext/pyrender/interaction/vec3.py,neighboring_same_file,3,False,python_ast,python,0.000000,0.000000,SyntaxError: invalid character '±' (U+00B1),False,,0,0.000000,0.000000,0.000000,0.000000,disabled,1.000000,0.000000
e59ca36ee65359f1,0%,0,0,0%,0,0,python,python,False,0.000000,0.307692,0.846154,0.307692,0.846154,0.000000,0.230769,0.048387,0.080000,0.769231,0.230769,0.769231,0.000000,0.692308,0.500000,0.000000,4,2,genesis/ext/pyrender/mesh.py,neighboring_same_file,4,False,python_ast,python,0.000000,0.000000,SyntaxError: invalid syntax,False,,0,0.000000,0.000000,0.000000,0.000000,disabled,1.000000,0.000000
46424284980e527e,mostly,81,81-90,mostly,87,81-90,python,python,False,0.750000,0.984375,0.984375,0.984375,0.984375,0.500000,0.984375,0.348066,0.514286,0.984375,0.984375,0.984375,0.500000,0.984375,0.470588,1.000000,24,17,genesis/sensors/base_sensor.py,same_file,1,True,python_ast,python,1.000000,1.000000,,False,,0,0.000000,0.000000,0.000000,0.000000,disabled,1.000000,0.750000
4860b7247c91dd29,0%,0,0,mostly,72,71-80,python,python,False,0.000000,0.857143,1.000000,0.857143,1.000000,0.000000,0.857143,0.060201,0.112500,1.000000,0.857143,1.000000,0.000000,1.000000,0.071429,0.666667,9,28,genesis/sensors/sensor_manager.py,same_file,1,True,python_ast,python,1.000000,1.000000,,False,,0,0.000000,0.000000,0.000000,0.000000,disabled,1.000000,0.000000
698595ce83941467,partial,45,41-50,mostly,72,71-80,python,python,False,0.000000,0.916667,1.000000,0.916667,1.000000,0.000000,0.916667,0.032258,0.062323,1.000000,0.916667,1.000000,0.000000,1.000000,0.031250,0.800000,5,32,genesis/sensors/sensor_manager.py,same_file,1,True,python_ast,python,1.000000,1.000000,,False,,0,0.000000,0.000000,0.000000,0.000000,disabled,1.000000,0.000000
30cb2eb934952428,100%,90,81-90,mostly,72,71-80,python,python,False,0.000000,1.000000,1.000000,1.000000,1.000000,0.000000,1.000000,0.020349,0.039886,1.000000,1.000000,1.000000,0.000000,1.000000,0.030303,1.000000,3,33,genesis/sensors/sensor_manager.py,same_file,1,True,python_ast,python,1.000000,1.000000,,False,,0,0.000000,0.000000,0.000000,0.000000,disabled,1.000000,0.000000
d8622f446c54a1a0,0%,0,0,0%,0,0,python,python,False,0.000000,0.666667,0.888889,0.666667,0.888889,0.000000,0.555556,0.047619,0.087719,0.888889,0.555556,0.888889,0.000000,0.777778,0.133333,0.000000,3,15,genesis/vis/camera.py,same_file,4,True,python_ast,python,0.900000,0.900000,,False,,0,0.000000,0.000000,0.000000,0.000000,disabled,1.000000,0.000000
387481301b16c133,100%,100,91-100,100%,100,91-100,python,python,False,1.000000,1.000000,1.000000,1.000000,1.000000,0.750000,1.000000,0.163636,0.281250,1.000000,1.000000,1.000000,0.750000,1.000000,0.190476,1.000000,5,21,genesis/utils/geom.py,same_file,2,True,python_ast,python,1.000000,1.000000,,False,,0,0.000000,0.000000,0.000000,0.000000,disabled,1.000000,1.000000
86e58e7a1c353a30,mostly,62,61-70,mostly,63,61-70,python,python,False,0.500000,0.428571,0.714286,0.428571,0.714286,0.500000,0.428571,0.176471,0.250000,0.714286,0.428571,0.714286,0.500000,0.714286,0.750000,0.500000,4,3,tests/test_fastcache_unified.py,same_file,4,True,python_ast,python,0.833333,0.833333,,False,,0,0.000000,0.000000,0.000000,0.000000,disabled,1.000000,0.500000
8e20bedcd86200ad,partial,44,41-50,mostly,82,81-90,python,python,False,0.000000,0.830189,0.867925,0.962264,1.000000,0.000000,0.830189,0.244444,0.377682,0.867925,0.962264,1.000000,0.000000,1.000000,0.277778,0.500000,4,18,tests/test_render.py,same_file,1,True,python_ast,python,1.000000,1.000000,,False,,0,0.000000,0.000000,0.000000,0.000000,disabled,1.000000,0.000000
64d79d10410341bc,100%,90,81-90,mostly,80,71-80,python,python,False,0.000000,0.904762,1.000000,0.904762,1.000000,0.000000,0.904762,0.372549,0.527778,1.000000,0.904762,1.000000,0.000000,0.904762,0.333333,0.928571,14,3,genesis/options/solvers.py,same_file,1,False,python_ast,python,0.000000,0.000000,SyntaxError: expected 'else' after 'if' expression,False,,0,0.000000,0.000000,0.000000,0.000000,disabled,1.000000,0.000000
737136f4f18f0f68,mostly,62,61-70,mostly,76,71-80,python,python,False,0.500000,0.933333,1.000000,0.933333,1.000000,0.500000,0.933333,0.651163,0.767123,1.000000,0.933333,1.000000,0.500000,0.800000,0.750000,0.666667,6,3,genesis/utils/array_class.py,neighboring_same_file,3,True,python_ast,python,0.800000,0.800000,,False,,0,0.000000,0.000000,0.000000,0.000000,disabled,1.000000,0.500000
5e86333a4bc9250d,100%,100,91-100,100%,100,91-100,python,python,True,1.000000,1.000000,1.000000,1.000000,1.000000,1.000000,1.000000,1.000000,1.000000,1.000000,1.000000,1.000000,1.000000,1.000000,1.000000,1.000000,20,2,genesis/sensors/raycaster/depth_camera.py,same_file,1,True,python_ast,python,1.000000,1.000000,,False,,0,0.000000,0.000000,0.000000,0.000000,disabled,1.000000,1.000000
aa8fd83883ec60f5,100%,100,91-100,100%,100,91-100,python,python,True,1.000000,1.000000,1.000000,1.000000,1.000000,1.000000,1.000000,1.000000,1.000000,1.000000,1.000000,1.000000,1.000000,1.000000,1.000000,1.000000,26,8,genesis/options/surfaces.py,same_file,3,True,python_ast,python,1.000000,1.000000,,False,,0,0.000000,0.000000,0.000000,0.000000,disabled,1.000000,1.000000
cbdb1572b57e1ed3,0%,0,0,mostly,68,61-70,python,python,False,0.000000,0.615385,0.769231,0.615385,0.769231,0.000000,0.615385,0.296296,0.400000,0.769231,0.615385,0.769231,0.000000,0.769231,0.222222,0.500000,4,9,tests/test_render.py,same_file,3,True,python_ast,python,0.363636,0.363636,,False,,0,0.000000,0.000000,0.000000,0.000000,disabled,1.000000,0.000000
0f228241175e1e08,mostly,62,61-70,mostly,88,81-90,python,python,False,0.500000,0.958333,1.000000,0.958333,1.000000,0.500000,0.958333,0.479167,0.638889,1.000000,0.958333,1.000000,0.500000,1.000000,0.666667,0.800000,5,6,tests/monitor_test_mem.py,neighboring_same_file,3,True,python_ast,python,1.000000,1.000000,,False,,0,0.000000,0.000000,0.000000,0.000000,disabled,1.000000,0.500000
cf9323d531b93716,mostly,70,61-70,mostly,72,71-80,python,python,False,0.000000,0.947368,1.000000,0.947368,1.000000,0.000000,0.947368,0.146341,0.253521,1.000000,0.947368,1.000000,0.000000,1.000000,0.083333,0.875000,8,12,genesis/engine/entities/mpm_entity.py,same_file,3,True,python_ast,python,1.000000,1.000000,,False,,0,0.000000,0.000000,0.000000,0.000000,disabled,1.000000,0.000000
749772776986d94a,partial,45,41-50,mostly,77,71-80,python,python,False,0.000000,0.678571,0.714286,0.714286,0.750000,0.000000,0.678571,0.904762,0.775510,0.714286,0.714286,0.750000,0.000000,0.750000,1.000000,0.583333,12,2,genesis/ext/pyrender/scene.py,same_file,3,True,python_ast,python,0.826087,0.826087,,False,,0,0.000000,0.000000,0.000000,0.000000,disabled,1.000000,0.000000
c280ce9761603ec4,partial,25,21-30,partial,55,51-60,python,python,False,0.250000,0.621622,0.864865,0.621622,0.864865,0.250000,0.621622,0.500000,0.554217,0.864865,0.621622,0.864865,0.250000,0.459459,0.800000,0.500000,14,5,tests/test_mesh.py,neighboring_same_file,3,True,python_ast,python,0.592593,0.592593,,False,,0,0.000000,0.000000,0.000000,0.000000,disabled,1.000000,0.250000
d9709be84e8c9d7b,100%,90,81-90,mostly,72,71-80,python,python,False,0.000000,0.928571,1.000000,0.928571,1.000000,0.000000,0.928571,0.048327,0.091873,1.000000,0.928571,1.000000,0.000000,1.000000,0.033333,0.857143,7,30,tests/test_sensor_camera.py,same_file,1,True,python_ast,python,1.000000,1.000000,,False,,0,0.000000,0.000000,0.000000,0.000000,disabled,1.000000,0.000000
eef170114411f0c2,0%,0,0,mostly,70,61-70,python,python,False,0.000000,0.589744,0.923077,0.641026,0.974359,0.000000,0.589744,0.469388,0.522727,0.923077,0.641026,0.974359,0.000000,0.717949,0.750000,0.235294,17,4,genesis/utils/mesh.py,neighboring_same_file,4,True,python_ast,python,0.964286,0.964286,,False,,0,0.000000,0.000000,0.000000,0.000000,disabled,1.000000,0.000000
3b052ea11b20e24e,partial,45,41-50,mostly,81,81-90,python,python,False,0.000000,0.833333,0.958333,0.875000,1.000000,0.000000,0.833333,0.400000,0.540541,0.958333,0.875000,1.000000,0.000000,0.916667,0.142857,0.750000,8,7,genesis/engine/entities/fem_entity.py,same_file,3,True,python_ast,python,0.933333,0.933333,,False,,0,0.000000,0.000000,0.000000,0.000000,disabled,1.000000,0.000000
f82174d3a5646908,mostly,84,81-90,mostly,88,81-90,python,python,False,0.714286,0.971429,0.971429,1.000000,1.000000,0.714286,0.971429,0.680000,0.800000,0.971429,1.000000,1.000000,0.714286,1.000000,1.000000,1.000000,11,7,genesis/engine/entities/fem_entity.py,same_file,3,True,python_ast,python,1.000000,1.000000,,False,,0,0.000000,0.000000,0.000000,0.000000,disabled,1.000000,0.714300
9728aaeaf96ec5ed,partial,7,1-10,mostly,75,71-80,python,python,False,0.000000,0.312500,0.312500,0.333333,0.333333,0.000000,0.312500,0.882353,0.461538,0.312500,0.333333,0.333333,0.000000,0.333333,0.250000,0.384615,13,2,tests/test_render.py,same_file,2,True,python_ast,python,0.437500,0.437500,,False,,0,0.000000,0.000000,0.000000,0.000000,disabled,1.000000,0.000000
143f8d15ec488dd0,0%,0,0,mostly,82,81-90,python,python,False,0.000000,0.800000,1.000000,0.800000,1.000000,0.000000,0.800000,0.133333,0.228571,1.000000,0.800000,1.000000,0.000000,1.000000,0.200000,0.666667,3,5,genesis/engine/sensors/camera.py,same_file,7,True,python_ast,python,1.000000,1.000000,,False,,0,0.000000,0.000000,0.000000,0.000000,disabled,1.000000,0.000000
01afab29e05672d8,partial,35,31-40,mostly,79,71-80,python,python,False,0.000000,0.366197,0.394366,0.366197,0.394366,0.000000,0.366197,0.928571,0.525253,0.394366,0.366197,0.394366,0.000000,0.338028,1.000000,0.250000,36,2,genesis/engine/sensors/camera.py,same_file,1,False,python_ast,python,0.000000,0.000000,SyntaxError: invalid syntax,False,,0,0.000000,0.000000,0.000000,0.000000,disabled,1.000000,0.000000
7091333cf2b04e4c,100%,100,91-100,100%,100,91-100,python,python,True,1.000000,1.000000,1.000000,1.000000,1.000000,1.000000,1.000000,1.000000,1.000000,1.000000,1.000000,1.000000,1.000000,1.000000,1.000000,1.000000,7,1,genesis/utils/usd/usd_rigid_entity.py,same_file,5,True,python_ast,python,1.000000,1.000000,,False,,0,0.000000,0.000000,0.000000,0.000000,disabled,1.000000,1.000000
cf6e590043a142c7,partial,12,11-20,partial,55,51-60,java,pygments,False,0.100000,0.738095,0.940476,0.738095,0.940476,0.100000,0.738095,0.400000,0.518828,0.940476,0.738095,0.940476,0.100000,0.809524,0.555556,0.500000,34,18,jib-core/src/main/java/com/google/cloud/tools/jib/http/Connection.java,same_file,1,True,tree_sitter,java,0.692308,0.692308,,False,,0,0.000000,0.000000,0.000000,0.000000,disabled,1.000000,0.100000
fa3719ad4301f39a,partial,5,1-10,partial,55,51-60,java,pygments,False,0.083333,0.578125,0.953125,0.578125,0.953125,0.083333,0.578125,0.289062,0.385417,0.953125,0.578125,0.953125,0.083333,0.781250,0.461538,0.214286,56,26,jib-maven-plugin/src/main/java/com/google/cloud/tools/jib/maven/ProxyProvider.java,same_file,1,True,tree_sitter,java,0.927928,0.927928,,False,,0,0.000000,0.000000,0.000000,0.000000,disabled,1.000000,0.083300
d2ec8d09b32b6425,100%,90,81-90,mostly,82,81-90,java,pygments,False,0.000000,0.928571,1.000000,0.928571,1.000000,0.000000,0.928571,0.173333,0.292135,1.000000,0.928571,1.000000,0.000000,1.000000,0.125000,0.800000,5,8,jib-cli/src/main/java/com/google/cloud/tools/jib/cli/jar/JarProcessor.java,same_file,1,True,tree_sitter,java,1.000000,1.000000,,False,,0,0.000000,0.000000,0.000000,0.000000,disabled,1.000000,0.000000
746f96d35f5032b0,100%,100,91-100,100%,100,91-100,java,pygments,True,1.000000,1.000000,1.000000,1.000000,1.000000,1.000000,1.000000,0.173333,0.295455,1.000000,1.000000,1.000000,1.000000,1.000000,0.125000,1.000000,6,8,jib-cli/src/main/java/com/google/cloud/tools/jib/cli/jar/JarProcessor.java,same_file,1,True,tree_sitter,java,1.000000,1.000000,,False,,0,0.000000,0.000000,0.000000,0.000000,disabled,1.000000,1.000000
bcdb0270621f75c4,mostly,70,61-70,mostly,82,81-90,java,pygments,False,0.000000,1.000000,1.000000,1.000000,1.000000,0.000000,1.000000,0.105263,0.190476,1.000000,1.000000,1.000000,0.000000,1.000000,0.125000,1.000000,7,8,jib-cli/src/test/java/com/google/cloud/tools/jib/cli/jar/JarProcessorTest.java,same_file,1,True,tree_sitter,java,1.000000,1.000000,,False,,0,0.000000,0.000000,0.000000,0.000000,disabled,1.000000,0.000000
28eadf02da9c26ac,0%,0,0,mostly,72,71-80,java,pygments,False,0.000000,0.916667,1.000000,0.916667,1.000000,0.000000,0.916667,0.040590,0.077739,1.000000,0.916667,1.000000,0.000000,1.000000,0.028571,0.800000,5,35,jib-cli/src/main/java/com/google/cloud/tools/jib/cli/jar/JarProcessor.java,same_file,1,True,tree_sitter,java,1.000000,1.000000,,False,,0,0.000000,0.000000,0.000000,0.000000,disabled,1.000000,0.000000
dfbebfa9931c866a,mostly,67,61-70,mostly,88,81-90,java,pygments,False,0.666667,0.920000,1.000000,0.920000,1.000000,0.333333,0.920000,0.139394,0.242105,1.000000,0.920000,1.000000,0.333333,1.000000,0.120000,0.800000,10,25,jib-cli/src/main/java/com/google/cloud/tools/jib/cli/jar/JarProcessor.java,same_file,3,True,tree_sitter,java,1.000000,1.000000,,False,,0,0.000000,0.000000,0.000000,0.000000,disabled,1.000000,0.666700
cdba7a353bc95fdd,mostly,70,61-70,mostly,72,71-80,java,pygments,False,0.000000,0.937500,1.000000,0.937500,1.000000,0.000000,0.937500,0.102740,0.185185,1.000000,0.937500,1.000000,0.000000,1.000000,0.076923,0.888889,9,13,jib-cli/src/test/java/com/google/cloud/tools/jib/cli/jar/JarProcessorTest.java,same_file,1,True,tree_sitter,java,1.000000,1.000000,,False,,0,0.000000,0.000000,0.000000,0.000000,disabled,1.000000,0.000000
afe9c798a4475bae,mostly,88,81-90,partial,55,51-60,java,pygments,False,0.250000,0.937500,1.000000,0.937500,1.000000,0.250000,0.937500,0.321429,0.478723,1.000000,0.937500,1.000000,0.250000,1.000000,0.333333,0.888889,27,12,jib-cli/src/test/java/com/google/cloud/tools/jib/cli/jar/JarProcessorTest.java,same_file,1,True,tree_sitter,java,1.000000,1.000000,,False,,0,0.000000,0.000000,0.000000,0.000000,disabled,1.000000,0.250000
33d1ffdda94cfdf8,partial,47,41-50,partial,55,51-60,java,pygments,False,0.400000,0.791667,0.854167,0.791667,0.854167,0.400000,0.791667,0.436782,0.562963,0.854167,0.791667,0.854167,0.200000,0.791667,0.263158,0.823529,17,19,jib-cli/src/main/java/com/google/cloud/tools/jib/cli/jar/JarProcessor.java,neighboring_same_file,3,True,tree_sitter,java,0.805556,0.805556,,False,,0,0.000000,0.000000,0.000000,0.000000,disabled,1.000000,0.400000
fe3603067c4e7003,100%,100,91-100,100%,100,91-100,java,pygments,True,1.000000,1.000000,1.000000,1.000000,1.000000,1.000000,1.000000,0.123077,0.219178,1.000000,1.000000,1.000000,1.000000,1.000000,0.058824,1.000000,9,17,jib-cli/src/main/java/com/google/cloud/tools/jib/cli/jar/JarProcessor.java,same_file,3,True,tree_sitter,java,1.000000,1.000000,,False,,0,0.000000,0.000000,0.000000,0.000000,disabled,1.000000,1.000000
73adc5c9b15a8575,0%,0,0,0%,0,0,java,pygments,False,0.000000,0.629630,0.888889,0.629630,0.888889,0.000000,0.629630,0.092896,0.161905,0.888889,0.629630,0.888889,0.000000,0.888889,0.045455,0.125000,8,22,jib-cli/src/main/java/com/google/cloud/tools/jib/cli/cli2/Containerizers.java,same_file,3,True,tree_sitter,java,0.909091,0.909091,,False,,0,0.000000,0.000000,0.000000,0.000000,disabled,1.000000,0.000000
43bc75d7ce297414,0%,0,0,0%,0,0,java,regex,False,0.000000,0.222222,1.000000,0.222222,1.000000,0.000000,0.222222,0.001678,0.003331,1.000000,0.222222,1.000000,0.000000,1.000000,0.007752,0.000000,6,129,jib-cli/src/test/java/com/google/cloud/tools/jib/cli/cli2/ContainerizersTest.java,same_file,1,True,tree_sitter,java,1.000000,1.000000,,False,,0,0.000000,0.000000,0.000000,0.000000,disabled,1.000000,0.000000
e2f8afffb6bd97f1,0%,0,0,0%,0,0,java,regex,False,0.000000,0.222222,1.000000,0.222222,1.000000,0.000000,0.222222,0.001681,0.003336,1.000000,0.222222,1.000000,0.000000,1.000000,0.007874,0.000000,6,127,jib-cli/src/test/java/com/google/cloud/tools/jib/cli/cli2/ContainerizersTest.java,same_file,1,True,tree_sitter,java,1.000000,1.000000,,False,,0,0.000000,0.000000,0.000000,0.000000,disabled,1.000000,0.000000
359c5007ffa74dda,100%,100,91-100,100%,100,91-100,java,pygments,True,1.000000,1.000000,1.000000,1.000000,1.000000,1.000000,1.000000,1.000000,1.000000,1.000000,1.000000,1.000000,1.000000,1.000000,1.000000,1.000000,15,3,jib-cli/src/test/java/com/google/cloud/tools/jib/cli/buildfile/BuildFilesTest.java,same_file,1,True,tree_sitter,java,1.000000,1.000000,,False,,0,0.000000,0.000000,0.000000,0.000000,disabled,1.000000,1.000000
23e2dd2e3101ee69,100%,100,91-100,100%,100,91-100,java,pygments,True,1.000000,1.000000,1.000000,1.000000,1.000000,1.000000,1.000000,0.132353,0.233766,1.000000,1.000000,1.000000,1.000000,1.000000,0.250000,1.000000,3,4,jib-cli/src/main/java/com/google/cloud/tools/jib/cli/jar/JarProcessor.java,same_file,3,True,tree_sitter,java,1.000000,1.000000,,False,,0,0.000000,0.000000,0.000000,0.000000,disabled,1.000000,1.000000
31f06cc0534d9d3d,100%,100,91-100,100%,100,91-100,java,pygments,True,1.000000,1.000000,1.000000,1.000000,1.000000,1.000000,1.000000,0.191176,0.320988,1.000000,1.000000,1.000000,1.000000,1.000000,0.250000,1.000000,4,4,jib-cli/src/main/java/com/google/cloud/tools/jib/cli/jar/JarProcessor.java,same_file,5,True,tree_sitter,java,1.000000,1.000000,,False,,0,0.000000,0.000000,0.000000,0.000000,disabled,1.000000,1.000000
c8688aa759ab4417,100%,100,91-100,100%,100,91-100,java,pygments,True,1.000000,1.000000,1.000000,1.000000,1.000000,1.000000,1.000000,1.000000,1.000000,1.000000,1.000000,1.000000,1.000000,1.000000,1.000000,1.000000,5,1,jib-cli/src/main/java/com/google/cloud/tools/jib/cli/jar/JarProcessor.java,same_file,5,True,tree_sitter,java,1.000000,1.000000,,False,,0,0.000000,0.000000,0.000000,0.000000,disabled,1.000000,1.000000
24c19e071100de54,100%,100,91-100,100%,100,91-100,java,pygments,True,1.000000,1.000000,1.000000,1.000000,1.000000,1.000000,1.000000,0.056872,0.107623,1.000000,1.000000,1.000000,1.000000,1.000000,0.045455,1.000000,7,22,jib-cli/src/main/java/com/google/cloud/tools/jib/cli/jar/JarProcessor.java,same_file,3,True,tree_sitter,java,1.000000,1.000000,,False,,0,0.000000,0.000000,0.000000,0.000000,disabled,1.000000,1.000000
ceaccf86d90bd792,mostly,70,61-70,mostly,72,71-80,java,pygments,False,0.000000,0.844444,0.933333,0.844444,0.933333,0.000000,0.844444,0.246753,0.381910,0.933333,0.844444,0.933333,0.000000,0.888889,0.083333,0.842105,19,12,jib-cli/src/main/java/com/google/cloud/tools/jib/cli/jar/JarProcessor.java,same_file,3,True,tree_sitter,java,1.000000,1.000000,,False,,0,0.000000,0.000000,0.000000,0.000000,disabled,1.000000,0.000000
a1001a2d61c45e56,0%,0,0,mostly,72,71-80,java,pygments,False,0.000000,0.928571,1.000000,0.928571,1.000000,0.000000,0.928571,0.091549,0.166667,1.000000,0.928571,1.000000,0.000000,1.000000,0.090909,0.750000,4,11,jib-cli/src/main/java/com/google/cloud/tools/jib/cli/jar/JarProcessor.java,same_file,3,True,tree_sitter,java,0.900000,0.900000,,False,,0,0.000000,0.000000,0.000000,0.000000,disabled,1.000000,0.000000
253674389cbdcb1d,100%,100,91-100,100%,100,91-100,java,pygments,True,1.000000,1.000000,1.000000,1.000000,1.000000,1.000000,1.000000,0.170940,0.291971,1.000000,1.000000,1.000000,1.000000,1.000000,0.111111,1.000000,6,9,jib-cli/src/main/java/com/google/cloud/tools/jib/cli/jar/JarProcessor.java,same_file,1,True,tree_sitter,java,1.000000,1.000000,,False,,0,0.000000,0.000000,0.000000,0.000000,disabled,1.000000,1.000000
607d628004d82007,100%,100,91-100,100%,100,91-100,java,pygments,True,1.000000,1.000000,1.000000,1.000000,1.000000,1.000000,1.000000,1.000000,1.000000,1.000000,1.000000,1.000000,1.000000,1.000000,1.000000,1.000000,8,1,jib-cli/src/main/java/com/google/cloud/tools/jib/cli/jar/JarProcessor.java,same_file,3,True,tree_sitter,java,1.000000,1.000000,,False,,0,0.000000,0.000000,0.000000,0.000000,disabled,1.000000,1.000000
a01e858c0426f761,100%,100,91-100,100%,100,91-100,java,pygments,True,1.000000,1.000000,1.000000,1.000000,1.000000,1.000000,1.000000,0.281690,0.439560,1.000000,1.000000,1.000000,1.000000,1.000000,0.090909,1.000000,15,11,jib-cli/src/main/java/com/google/cloud/tools/jib/cli/jar/JarProcessor.java,same_file,2,True,tree_sitter,java,0.800000,0.800000,,False,,0,0.000000,0.000000,0.000000,0.000000,disabled,1.000000,1.000000
1f70931eee41b95c,partial,46,41-50,partial,55,51-60,java,pygments,False,0.166667,0.830189,0.905660,0.830189,0.905660,0.166667,0.830189,0.309859,0.451282,0.905660,0.830189,0.905660,0.166667,0.792453,0.545455,0.764706,17,11,jib-cli/src/main/java/com/google/cloud/tools/jib/cli/jar/JarProcessor.java,same_file,4,True,tree_sitter,java,0.923077,0.923077,,False,,0,0.000000,0.000000,0.000000,0.000000,disabled,1.000000,0.166700
e2839e0667a242b6,mostly,70,61-70,mostly,82,81-90,java,pygments,False,0.000000,1.000000,1.000000,1.000000,1.000000,0.000000,1.000000,0.950000,0.974359,1.000000,1.000000,1.000000,0.000000,1.000000,0.500000,1.000000,10,2,jib-cli/src/main/java/com/google/cloud/tools/jib/cli/jar/JarProcessor.java,same_file,5,True,tree_sitter,java,1.000000,1.000000,,False,,0,0.000000,0.000000,0.000000,0.000000,disabled,1.000000,0.000000
593a67a969de6673,100%,100,91-100,100%,100,91-100,java,pygments,True,1.000000,1.000000,1.000000,1.000000,1.000000,1.000000,1.000000,1.000000,1.000000,1.000000,1.000000,1.000000,1.000000,1.000000,1.000000,1.000000,4,1,jib-cli/src/main/java/com/google/cloud/tools/jib/cli/cli2/Jar.java,same_file,3,True,tree_sitter,java,1.000000,1.000000,,False,,0,0.000000,0.000000,0.000000,0.000000,disabled,1.000000,1.000000
c21c24d2906ce4da,100%,100,91-100,100%,100,91-100,java,pygments,True,1.000000,1.000000,1.000000,1.000000,1.000000,1.000000,1.000000,0.094340,0.172414,1.000000,1.000000,1.000000,1.000000,1.000000,0.090909,1.000000,4,11,jib-cli/src/integration-test/java/com/google/cloud/tools/jib/cli/cli2/JarCommandTest.java,same_file,1,True,tree_sitter,java,1.000000,1.000000,,False,,0,0.000000,0.000000,0.000000,0.000000,disabled,1.000000,1.000000
8f042e7c55fdcbff,100%,100,91-100,100%,100,91-100,java,pygments,True,1.000000,1.000000,1.000000,1.000000,1.000000,1.000000,1.000000,0.121212,0.216216,1.000000,1.000000,1.000000,1.000000,1.000000,0.142857,1.000000,4,7,jib-cli/src/integration-test/java/com/google/cloud/tools/jib/cli/cli2/JarCommandTest.java,same_file,1,True,tree_sitter,java,1.000000,1.000000,,False,,0,0.000000,0.000000,0.000000,0.000000,disabled,1.000000,1.000000
06582e91e8cd938d,100%,90,81-90,mostly,82,81-90,java,pygments,False,0.000000,0.928571,1.000000,0.928571,1.000000,0.000000,0.928571,0.928571,0.928571,1.000000,0.928571,1.000000,0.000000,1.000000,1.000000,0.857143,7,1,jib-cli/src/main/java/com/google/cloud/tools/jib/cli/cli2/Jar.java,same_file,2,True,tree_sitter,java,1.000000,1.000000,,False,,0,0.000000,0.000000,0.000000,0.000000,disabled,1.000000,0.000000
a87b6a7871e56246,partial,9,1-10,partial,49,41-50,java,pygments,False,0.062500,0.224806,0.333333,0.224806,0.333333,0.062500,0.224806,0.580000,0.324022,0.333333,0.224806,0.333333,0.062500,0.325581,0.250000,0.191489,47,4,jib-cli/src/main/java/com/google/cloud/tools/jib/cli/cli2/Jar.java,neighboring_same_file,4,True,tree_sitter,java,0.295082,0.295082,,False,,0,0.000000,0.000000,0.000000,0.000000,disabled,1.000000,0.062500
0c342c8a436fda14,partial,45,41-50,mostly,72,71-80,java,pygments,False,0.000000,1.000000,1.000000,1.000000,1.000000,0.000000,1.000000,0.141026,0.247191,1.000000,1.000000,1.000000,0.000000,1.000000,0.062500,1.000000,5,16,jib-cli/src/main/java/com/google/cloud/tools/jib/cli/jar/JarModeProcessor.java,same_file,2,True,tree_sitter,java,1.000000,1.000000,,False,,0,0.000000,0.000000,0.000000,0.000000,disabled,1.000000,0.000000
23b80a10ecc034e1,partial,45,41-50,mostly,82,81-90,java,pygments,False,0.000000,0.840000,1.000000,0.840000,1.000000,0.000000,0.840000,0.677419,0.750000,1.000000,0.840000,1.000000,0.000000,1.000000,0.333333,0.600000,10,3,jib-cli/src/main/java/com/google/cloud/tools/jib/cli/cli2/Jar.java,same_file,4,True,tree_sitter,java,1.000000,1.000000,,False,,0,0.000000,0.000000,0.000000,0.000000,disabled,1.000000,0.000000
63617f3c111c1617,0%,0,0,0%,0,0,java,pygments,False,0.000000,0.435294,0.870588,0.435294,0.870588,0.000000,0.435294,0.111446,0.177458,0.870588,0.435294,0.870588,0.000000,0.835294,0.108696,0.026316,38,46,jib-cli/src/main/java/com/google/cloud/tools/jib/cli/jar/JarModeProcessor.java,same_file,1,True,tree_sitter,java,0.670732,0.670732,,False,,0,0.000000,0.000000,0.000000,0.000000,disabled,1.000000,0.000000
47ffcc3bb5942bc5,0%,0,0,mostly,72,71-80,java,pygments,False,0.000000,0.875000,1.000000,0.875000,1.000000,0.000000,0.875000,0.012987,0.025594,1.000000,0.875000,1.000000,0.000000,1.000000,0.027027,0.800000,5,37,jib-cli/src/integration-test/java/com/google/cloud/tools/jib/cli/cli2/JarCommandTest.java,same_file,1,True,tree_sitter,java,1.000000,1.000000,,False,,0,0.000000,0.000000,0.000000,0.000000,disabled,1.000000,0.000000
5f8aed8b54d16756,partial,50,41-50,mostly,88,81-90,java,pygments,False,0.500000,0.888889,1.000000,0.888889,1.000000,0.500000,0.888889,0.800000,0.842105,1.000000,0.888889,1.000000,0.500000,1.000000,1.000000,0.750000,8,2,jib-cli/src/main/java/com/google/cloud/tools/jib/cli/jar/JarFiles.java,same_file,1,True,tree_sitter,java,1.000000,1.000000,,False,,0,0.000000,0.000000,0.000000,0.000000,disabled,1.000000,0.500000
6910406abd44fb33,partial,9,1-10,partial,55,51-60,java,pygments,False,0.250000,0.694444,0.958333,0.694444,0.958333,0.250000,0.694444,0.151515,0.248756,0.958333,0.694444,0.958333,0.125000,0.847222,0.166667,0.208333,24,48,jib-cli/src/main/java/com/google/cloud/tools/jib/cli/jar/JarModeProcessor.java,same_file,1,True,tree_sitter,java,0.844828,0.844828,,False,,0,0.000000,0.000000,0.000000,0.000000,disabled,1.000000,0.250000
0c1e6a4d15f17c83,0%,0,0,mostly,72,71-80,java,pygments,False,0.000000,1.000000,1.000000,1.000000,1.000000,0.000000,1.000000,0.103704,0.187919,1.000000,1.000000,1.000000,0.000000,1.000000,0.066667,1.000000,5,15,jib-cli/src/main/java/com/google/cloud/tools/jib/cli/jar/JarModeProcessor.java,same_file,2,True,tree_sitter,java,1.000000,1.000000,,False,,0,0.000000,0.000000,0.000000,0.000000,disabled,1.000000,0.000000
e6520f9b94cd0551,partial,8,1-10,partial,55,51-60,java,pygments,False,0.250000,0.450980,0.901961,0.450980,0.901961,0.250000,0.450980,0.205357,0.282209,0.901961,0.450980,0.901961,0.250000,0.784314,0.421053,0.148148,27,19,jib-cli/src/main/java/com/google/cloud/tools/jib/cli/jar/JarModeProcessor.java,same_file,3,True,tree_sitter,java,0.580000,0.580000,,False,,0,0.000000,0.000000,0.000000,0.000000,disabled,1.000000,0.250000
72be889868bc787a,mostly,62,61-70,partial,55,51-60,java,pygments,False,0.500000,1.000000,1.000000,1.000000,1.000000,0.500000,1.000000,0.461538,0.631579,1.000000,1.000000,1.000000,0.250000,1.000000,0.400000,1.000000,9,10,jib-cli/src/main/java/com/google/cloud/tools/jib/cli/jar/JarModeProcessor.java,same_file,3,True,tree_sitter,java,0.961538,0.961538,,False,,0,0.000000,0.000000,0.000000,0.000000,disabled,1.000000,0.500000
17f4c12a5ed8cf86,100%,100,91-100,100%,100,91-100,java,pygments,True,1.000000,1.000000,1.000000,1.000000,1.000000,1.000000,1.000000,1.000000,1.000000,1.000000,1.000000,1.000000,1.000000,1.000000,1.000000,1.000000,4,1,jib-cli/src/test/java/com/google/cloud/tools/jib/cli/jar/JarFilesTest.java,same_file,1,True,tree_sitter,java,1.000000,1.000000,,False,,0,0.000000,0.000000,0.000000,0.000000,disabled,1.000000,1.000000
819e229e1a420c7f,0%,0,0,100%,100,91-100,java,pygments,True,0.000000,1.000000,1.000000,1.000000,1.000000,0.000000,1.000000,0.291667,0.451613,1.000000,1.000000,1.000000,0.000000,1.000000,0.333333,1.000000,2,3,jib-cli/src/main/java/com/google/cloud/tools/jib/cli/jar/JarModeProcessor.java,same_file,6,True,tree_sitter,java,1.000000,1.000000,,False,,0,0.000000,0.000000,0.000000,0.000000,disabled,1.000000,0.000000
750ea19fc99e7a85,100%,100,91-100,100%,100,91-100,java,pygments,True,1.000000,1.000000,1.000000,1.000000,1.000000,1.000000,1.000000,1.000000,1.000000,1.000000,1.000000,1.000000,1.000000,1.000000,1.000000,1.000000,6,1,jib-cli/src/main/java/com/google/cloud/tools/jib/cli/jar/JarModeProcessor.java,same_file,1,True,tree_sitter,java,1.000000,1.000000,,False,,0,0.000000,0.000000,0.000000,0.000000,disabled,1.000000,1.000000
7fbcfe24256ac214,mostly,70,61-70,mostly,70,61-70,java,pygments,False,0.000000,0.800000,0.900000,0.800000,0.900000,0.000000,0.800000,0.235294,0.363636,0.900000,0.800000,0.900000,0.000000,0.800000,0.333333,0.833333,6,3,jib-cli/src/test/java/com/google/cloud/tools/jib/cli/jar/JarModeProcessorTest.java,same_file,1,True,tree_sitter,java,1.000000,1.000000,,False,,0,0.000000,0.000000,0.000000,0.000000,disabled,1.000000,0.000000
687787ac002e7525,100%,100,91-100,100%,100,91-100,java,pygments,True,1.000000,1.000000,1.000000,1.000000,1.000000,1.000000,1.000000,0.205882,0.341463,1.000000,1.000000,1.000000,1.000000,1.000000,0.333333,1.000000,3,3,jib-cli/src/test/java/com/google/cloud/tools/jib/cli/jar/JarModeProcessorTest.java,same_file,1,True,tree_sitter,java,1.000000,1.000000,,False,,0,0.000000,0.000000,0.000000,0.000000,disabled,1.000000,1.000000
1a788b033fc3698b,100%,100,91-100,100%,100,91-100,java,pygments,True,1.000000,1.000000,1.000000,1.000000,1.000000,1.000000,1.000000,1.000000,1.000000,1.000000,1.000000,1.000000,1.000000,1.000000,1.000000,1.000000,6,1,jib-cli/src/main/java/com/google/cloud/tools/jib/cli/cli2/CacheDirectories.java,same_file,1,True,tree_sitter,java,1.000000,1.000000,,False,,0,0.000000,0.000000,0.000000,0.000000,disabled,1.000000,1.000000
32de6653e9397cd4,100%,100,91-100,100%,100,91-100,java,pygments,True,1.000000,1.000000,1.000000,1.000000,1.000000,1.000000,1.000000,1.000000,1.000000,1.000000,1.000000,1.000000,1.000000,1.000000,1.000000,1.000000,6,1,jib-core/src/test/java/com/google/cloud/tools/jib/api/ContainerizerTest.java,same_file,2,True,tree_sitter,java,1.000000,1.000000,,False,,0,0.000000,0.000000,0.000000,0.000000,disabled,1.000000,1.000000
2864a9b8e0baae18,100%,100,91-100,100%,100,91-100,java,pygments,True,1.000000,1.000000,1.000000,1.000000,1.000000,1.000000,1.000000,1.000000,1.000000,1.000000,1.000000,1.000000,1.000000,1.000000,1.000000,1.000000,3,1,jib-plugins-common/src/test/java/com/google/cloud/tools/jib/plugins/common/PluginConfigurationProcessorTest.java,same_file,1,True,tree_sitter,java,1.000000,1.000000,,False,,0,0.000000,0.000000,0.000000,0.000000,disabled,1.000000,1.000000
43e93dd37e928d11,100%,100,91-100,100%,100,91-100,java,pygments,True,1.000000,1.000000,1.000000,1.000000,1.000000,1.000000,1.000000,0.650000,0.787879,1.000000,1.000000,1.000000,1.000000,1.000000,0.500000,1.000000,8,2,jib-cli/src/main/java/com/google/cloud/tools/jib/cli/ContainerBuilders.java,same_file,7,True,tree_sitter,java,1.000000,1.000000,,False,,0,0.000000,0.000000,0.000000,0.000000,disabled,1.000000,1.000000
ed3e9297ca039fd9,mostly,80,71-80,mostly,85,81-90,java,pygments,False,0.666667,0.894737,0.894737,0.894737,0.894737,0.666667,0.894737,1.000000,0.944444,0.894737,0.894737,0.894737,0.666667,0.894737,0.666667,0.909091,11,2,jib-cli/src/integration-test/java/com/google/cloud/tools/jib/cli/JarCommandTest.java,same_file,1,True,tree_sitter,java,0.750000,0.750000,,False,,0,0.000000,0.000000,0.000000,0.000000,disabled,1.000000,0.666700
b5d94f292de7dc9b,0%,0,0,mostly,76,71-80,java,pygments,False,0.000000,0.818182,1.000000,0.818182,1.000000,0.000000,0.818182,0.209302,0.333333,1.000000,0.818182,1.000000,0.000000,0.863636,0.250000,0.600000,10,8,jib-cli/src/main/java/com/google/cloud/tools/jib/cli/jar/JarProcessors.java,same_file,3,True,tree_sitter,java,0.947368,0.947368,,False,,0,0.000000,0.000000,0.000000,0.000000,disabled,1.000000,0.000000
2dda5944fa98d39a,100%,100,91-100,100%,100,91-100,java,pygments,True,1.000000,1.000000,1.000000,1.000000,1.000000,1.000000,1.000000,0.523810,0.687500,1.000000,1.000000,1.000000,1.000000,1.000000,0.333333,1.000000,8,3,jib-cli/src/test/java/com/google/cloud/tools/jib/cli/jar/JarProcessorsTest.java,same_file,1,True,tree_sitter,java,1.000000,1.000000,,False,,0,0.000000,0.000000,0.000000,0.000000,disabled,1.000000,1.000000
5d660dd78d7a73b3,100%,90,81-90,mostly,82,81-90,java,pygments,False,0.000000,0.900000,1.000000,0.900000,1.000000,0.000000,0.900000,0.214286,0.346154,1.000000,0.900000,1.000000,0.000000,1.000000,0.333333,0.833333,6,3,jib-cli/src/test/java/com/google/cloud/tools/jib/cli/jar/JarProcessorsTest.java,same_file,1,True,tree_sitter,java,1.000000,1.000000,,False,,0,0.000000,0.000000,0.000000,0.000000,disabled,1.000000,0.000000
62c2b5e5a5bf7953,0%,0,0,partial,46,41-50,java,pygments,False,0.000000,0.240000,0.440000,0.240000,0.440000,0.000000,0.240000,0.545455,0.333333,0.440000,0.240000,0.440000,0.000000,0.320000,0.500000,0.000000,10,2,jib-core/src/test/java/com/google/cloud/tools/jib/configuration/BuildContextTest.java,neighboring_same_file,4,True,tree_sitter,java,0.272727,0.272727,,False,,0,0.000000,0.000000,0.000000,0.000000,disabled,1.000000,0.000000
f9e0b03843020200,0%,0,0,0%,0,0,java,pygments,False,0.000000,0.733333,1.000000,0.733333,1.000000,0.000000,0.733333,0.108911,0.189655,1.000000,0.733333,1.000000,0.000000,0.933333,0.047619,0.333333,6,21,jib-core/src/main/java/com/google/cloud/tools/jib/tar/TarExtractor.java,same_file,3,True,tree_sitter,java,1.000000,1.000000,,False,,0,0.000000,0.000000,0.000000,0.000000,disabled,1.000000,0.000000
b6d897d8ef8b8098,0%,0,0,mostly,75,71-80,java,pygments,False,0.000000,0.857143,0.914286,0.857143,0.914286,0.000000,0.857143,0.535714,0.659341,0.914286,0.857143,0.914286,0.000000,0.857143,0.750000,0.818182,11,4,jib-core/src/main/java/com/google/cloud/tools/jib/tar/TarExtractor.java,same_file,1,True,tree_sitter,java,1.000000,1.000000,,False,,0,0.000000,0.000000,0.000000,0.000000,disabled,1.000000,0.000000
14542939668c8a1c,100%,90,81-90,mostly,82,81-90,java,pygments,False,0.000000,1.000000,1.000000,1.000000,1.000000,0.000000,1.000000,0.250000,0.400000,1.000000,1.000000,1.000000,0.000000,1.000000,0.250000,1.000000,12,4,jib-core/src/main/java/com/google/cloud/tools/jib/tar/TarExtractor.java,same_file,3,True,tree_sitter,java,1.000000,1.000000,,False,,0,0.000000,0.000000,0.000000,0.000000,disabled,1.000000,0.000000
e2e569e4ce74bcdf,100%,100,91-100,100%,100,91-100,java,pygments,True,1.000000,1.000000,1.000000,1.000000,1.000000,1.000000,1.000000,0.160000,0.275862,1.000000,1.000000,1.000000,1.000000,1.000000,0.142857,1.000000,3,7,jib-core/src/main/java/com/google/cloud/tools/jib/tar/TarExtractor.java,same_file,3,True,tree_sitter,java,1.000000,1.000000,,False,,0,0.000000,0.000000,0.000000,0.000000,disabled,1.000000,1.000000
acdb51b7870347ec,100%,100,91-100,100%,100,91-100,java,pygments,True,1.000000,1.000000,1.000000,1.000000,1.000000,1.000000,1.000000,0.123077,0.219178,1.000000,1.000000,1.000000,1.000000,1.000000,0.142857,1.000000,5,7,jib-core/src/test/java/com/google/cloud/tools/jib/tar/TarExtractorTest.java,same_file,1,True,tree_sitter,java,1.000000,1.000000,,False,,0,0.000000,0.000000,0.000000,0.000000,disabled,1.000000,1.000000
1abf4a0508d59d63,100%,100,91-100,100%,100,91-100,java,pygments,True,1.000000,1.000000,1.000000,1.000000,1.000000,1.000000,1.000000,1.000000,1.000000,1.000000,1.000000,1.000000,1.000000,1.000000,1.000000,1.000000,11,1,jib-cli/src/main/java/com/google/cloud/tools/jib/cli/Jar.java,same_file,1,True,tree_sitter,java,1.000000,1.000000,,False,,0,0.000000,0.000000,0.000000,0.000000,disabled,1.000000,1.000000
cee1ddb79c3127c5,0%,0,0,mostly,82,81-90,java,pygments,False,0.000000,0.812500,1.000000,0.812500,1.000000,0.000000,0.812500,0.087838,0.158537,1.000000,0.812500,1.000000,0.000000,1.000000,0.166667,0.571429,7,18,jib-core/src/test/java/com/google/cloud/tools/jib/builder/steps/PullBaseImageStepTest.java,same_file,2,True,tree_sitter,java,1.000000,1.000000,,False,,0,0.000000,0.000000,0.000000,0.000000,disabled,1.000000,0.000000
46b820ffddec1ba4,partial,59,51-60,mostly,85,81-90,java,pygments,False,0.571429,0.682927,0.682927,0.682927,0.682927,0.571429,0.682927,1.000000,0.811594,0.682927,0.682927,0.682927,0.571429,0.682927,0.700000,0.687500,16,10,jib-gradle-plugin/src/main/java/com/google/cloud/tools/jib/gradle/JibExtension.java,same_file,1,True,tree_sitter,java,0.685714,0.685714,,False,,0,0.000000,0.000000,0.000000,0.000000,disabled,1.000000,0.571400
84c6f3ad43aec73b,partial,25,21-30,partial,55,51-60,java,pygments,False,0.250000,0.611111,0.833333,0.611111,0.833333,0.250000,0.611111,0.379310,0.468085,0.833333,0.611111,0.833333,0.250000,0.722222,1.000000,0.428571,7,4,jib-gradle-plugin/src/main/java/com/google/cloud/tools/jib/gradle/JibExtension.java,neighboring_same_file,3,True,tree_sitter,java,0.875000,0.875000,,False,,0,0.000000,0.000000,0.000000,0.000000,disabled,1.000000,0.250000
7e0371225e3cf2f8,0%,0,0,0%,0,0,java,pygments,False,0.000000,0.727273,1.000000,0.727273,1.000000,0.000000,0.727273,0.002071,0.004130,1.000000,0.727273,1.000000,0.000000,1.000000,0.003378,0.250000,4,296,jib-maven-plugin/src/test/java/com/google/cloud/tools/jib/maven/JibPluginConfigurationTest.java,same_file,2,True,tree_sitter,java,0.700000,0.700000,,False,,0,0.000000,0.000000,0.000000,0.000000,disabled,1.000000,0.000000
12828ebab3b3b18e,partial,14,11-20,mostly,69,61-70,java,pygments,False,0.000000,0.483871,0.596774,0.483871,0.596774,0.000000,0.483871,0.810811,0.606061,0.596774,0.483871,0.596774,0.000000,0.516129,0.400000,0.190476,21,2,jib-maven-plugin/src/test/java/com/google/cloud/tools/jib/maven/MavenProjectPropertiesExtensionTest.java,neighboring_same_file,4,True,tree_sitter,java,0.619048,0.619048,,False,,0,0.000000,0.000000,0.000000,0.000000,disabled,1.000000,0.000000
a41c5dcad1a3f80a,100%,100,91-100,100%,100,91-100,java,pygments,True,1.000000,1.000000,1.000000,1.000000,1.000000,1.000000,1.000000,0.769231,0.869565,1.000000,1.000000,1.000000,1.000000,1.000000,0.600000,1.000000,16,5,jib-cli/src/main/java/com/google/cloud/tools/jib/cli/jar/JarProcessors.java,same_file,3,True,tree_sitter,java,1.000000,1.000000,,False,,0,0.000000,0.000000,0.000000,0.000000,disabled,1.000000,1.000000
0f97d6ecbbff4ad0,100%,100,91-100,100%,100,91-100,java,pygments,True,1.000000,1.000000,1.000000,1.000000,1.000000,1.000000,1.000000,1.000000,1.000000,1.000000,1.000000,1.000000,1.000000,1.000000,1.000000,1.000000,3,1,jib-cli/src/main/java/com/google/cloud/tools/jib/cli/jar/SpringBootPackagedProcessor.java,same_file,3,True,tree_sitter,java,1.000000,1.000000,,False,,0,0.000000,0.000000,0.000000,0.000000,disabled,1.000000,1.000000
3a1b26ab5d80804e,100%,100,91-100,100%,100,91-100,java,pygments,True,1.000000,1.000000,1.000000,1.000000,1.000000,1.000000,1.000000,1.000000,1.000000,1.000000,1.000000,1.000000,1.000000,1.000000,1.000000,1.000000,5,1,jib-cli/src/main/java/com/google/cloud/tools/jib/cli/jar/SpringBootPackagedProcessor.java,same_file,3,True,tree_sitter,java,1.000000,1.000000,,False,,0,0.000000,0.000000,0.000000,0.000000,disabled,1.000000,1.000000
5c08358b76aab175,mostly,70,61-70,mostly,64,61-70,java,pygments,False,0.000000,0.545455,0.727273,0.545455,0.727273,0.000000,0.545455,0.307692,0.393443,0.727273,0.545455,0.727273,0.000000,0.727273,0.333333,0.444444,9,3,jib-plugins-common/src/test/java/com/google/cloud/tools/jib/plugins/common/logging/PlainConsoleLoggerTest.java,same_file,3,True,tree_sitter,java,0.857143,0.857143,,False,,0,0.000000,0.000000,0.000000,0.000000,disabled,1.000000,0.000000
66d891bb0f061402,0%,0,0,0%,0,0,java,pygments,False,0.000000,0.312500,0.625000,0.312500,0.625000,0.000000,0.312500,0.192308,0.238095,0.625000,0.312500,0.625000,0.000000,0.562500,0.333333,0.166667,6,3,jib-cli/src/main/java/com/google/cloud/tools/jib/cli/Jar.java,same_file,3,True,tree_sitter,java,0.500000,0.500000,,False,,0,0.000000,0.000000,0.000000,0.000000,disabled,1.000000,0.000000
be4a779ac30c05b0,100%,100,91-100,100%,100,91-100,java,pygments,True,1.000000,1.000000,1.000000,1.000000,1.000000,1.000000,1.000000,1.000000,1.000000,1.000000,1.000000,1.000000,1.000000,1.000000,1.000000,1.000000,3,1,jib-gradle-plugin/src/test/java/com/google/cloud/tools/jib/gradle/GradleProjectPropertiesTest.java,same_file,1,True,tree_sitter,java,1.000000,1.000000,,False,,0,0.000000,0.000000,0.000000,0.000000,disabled,1.000000,1.000000
92e645e2b00165ce,100%,100,91-100,100%,100,91-100,java,pygments,True,1.000000,1.000000,1.000000,1.000000,1.000000,1.000000,1.000000,1.000000,1.000000,1.000000,1.000000,1.000000,1.000000,1.000000,1.000000,1.000000,3,1,jib-gradle-plugin/src/test/java/com/google/cloud/tools/jib/gradle/GradleProjectPropertiesTest.java,same_file,1,True,tree_sitter,java,1.000000,1.000000,,False,,0,0.000000,0.000000,0.000000,0.000000,disabled,1.000000,1.000000
8ac5211ec3d5132c,100%,100,91-100,100%,100,91-100,java,pygments,True,0.000000,1.000000,1.000000,1.000000,1.000000,0.000000,1.000000,0.941176,0.969697,1.000000,1.000000,1.000000,0.000000,1.000000,1.000000,1.000000,5,1,jib-gradle-plugin/src/test/java/com/google/cloud/tools/jib/gradle/JibPluginTest.java,same_file,1,True,tree_sitter,java,1.000000,1.000000,,False,,0,0.000000,0.000000,0.000000,0.000000,disabled,1.000000,0.000000
d7cc747018e0cec9,100%,100,91-100,100%,100,91-100,java,pygments,True,1.000000,1.000000,1.000000,1.000000,1.000000,1.000000,1.000000,0.428571,0.600000,1.000000,1.000000,1.000000,1.000000,1.000000,0.500000,1.000000,5,2,jib-gradle-plugin/src/test/java/com/google/cloud/tools/jib/gradle/JibExtensionTest.java,same_file,1,True,tree_sitter,java,1.000000,1.000000,,False,,0,0.000000,0.000000,0.000000,0.000000,disabled,1.000000,1.000000
3c8228d193c2ee84,mostly,80,71-80,mostly,88,81-90,java,pygments,False,0.500000,0.952381,0.952381,0.952381,0.952381,0.500000,0.952381,1.000000,0.975610,0.952381,0.952381,0.952381,0.500000,0.952381,0.500000,1.000000,6,1,jib-gradle-plugin/src/test/java/com/google/cloud/tools/jib/gradle/JibExtensionTest.java,same_file,1,True,tree_sitter,java,0.944444,0.944444,,False,,0,0.000000,0.000000,0.000000,0.000000,disabled,1.000000,0.500000
c8f394e80f183a13,100%,100,91-100,100%,100,91-100,java,pygments,True,1.000000,1.000000,1.000000,1.000000,1.000000,1.000000,1.000000,1.000000,1.000000,1.000000,1.000000,1.000000,1.000000,1.000000,1.000000,1.000000,10,1,jib-core/src/main/java/com/google/cloud/tools/jib/api/JavaContainerBuilder.java,same_file,3,True,tree_sitter,java,1.000000,1.000000,,False,,0,0.000000,0.000000,0.000000,0.000000,disabled,1.000000,1.000000
af9b1172c8b734db,partial,15,11-20,mostly,82,81-90,java,pygments,False,0.000000,0.745455,0.745455,0.745455,0.745455,0.000000,0.745455,0.976190,0.845361,0.745455,0.745455,0.745455,0.000000,0.709091,1.000000,0.772727,22,3,jib-core/src/main/java/com/google/cloud/tools/jib/api/JavaContainerBuilder.java,neighboring_same_file,4,True,tree_sitter,java,0.666667,0.666667,,False,,0,0.000000,0.000000,0.000000,0.000000,disabled,1.000000,0.000000
9d06418914489661,100%,100,91-100,100%,100,91-100,java,pygments,True,1.000000,1.000000,1.000000,1.000000,1.000000,1.000000,1.000000,1.000000,1.000000,1.000000,1.000000,1.000000,1.000000,1.000000,1.000000,1.000000,4,1,jib-plugins-common/src/main/java/com/google/cloud/tools/jib/plugins/common/IncompatibleBaseImageJavaVersionException.java,same_file,1,True,tree_sitter,java,1.000000,1.000000,,False,,0,0.000000,0.000000,0.000000,0.000000,disabled,1.000000,1.000000
f1652cdab186c625,0%,0,0,mostly,71,71-80,java,pygments,False,0.000000,0.633333,0.933333,0.633333,0.933333,0.000000,0.633333,0.542857,0.584615,0.933333,0.633333,0.933333,0.000000,0.800000,0.666667,0.384615,13,3,jib-core/src/main/java/com/google/cloud/tools/jib/api/JavaContainerBuilder.java,neighboring_same_file,4,True,tree_sitter,java,1.000000,1.000000,,False,,0,0.000000,0.000000,0.000000,0.000000,disabled,1.000000,0.000000
1810c23cf8b82c88,100%,100,91-100,100%,100,91-100,java,pygments,True,1.000000,1.000000,1.000000,1.000000,1.000000,1.000000,1.000000,1.000000,1.000000,1.000000,1.000000,1.000000,1.000000,1.000000,1.000000,1.000000,5,1,jib-gradle-plugin/src/test/java/com/google/cloud/tools/jib/gradle/JibPluginTest.java,same_file,1,True,tree_sitter,java,1.000000,1.000000,,False,,0,0.000000,0.000000,0.000000,0.000000,disabled,1.000000,1.000000
19da64afe91e6313,100%,100,91-100,100%,100,91-100,java,pygments,True,1.000000,1.000000,1.000000,1.000000,1.000000,1.000000,1.000000,1.000000,1.000000,1.000000,1.000000,1.000000,1.000000,1.000000,1.000000,1.000000,5,1,jib-cli/src/test/java/com/google/cloud/tools/jib/cli/JibCliTest.java,same_file,1,True,tree_sitter,java,1.000000,1.000000,,False,,0,0.000000,0.000000,0.000000,0.000000,disabled,1.000000,1.000000
f84f3b54f36acaa9,100%,100,91-100,100%,100,91-100,java,pygments,True,1.000000,1.000000,1.000000,1.000000,1.000000,1.000000,1.000000,0.373333,0.543689,1.000000,1.000000,1.000000,1.000000,1.000000,0.200000,1.000000,8,5,jib-core/src/test/java/com/google/cloud/tools/jib/cache/CacheStorageWriterTest.java,same_file,3,True,tree_sitter,java,1.000000,1.000000,,False,,0,0.000000,0.000000,0.000000,0.000000,disabled,1.000000,1.000000
0deadeca30be05b6,100%,100,91-100,100%,100,91-100,java,pygments,True,1.000000,1.000000,1.000000,1.000000,1.000000,1.000000,1.000000,1.000000,1.000000,1.000000,1.000000,1.000000,1.000000,1.000000,0.500000,1.000000,7,2,jib-core/src/main/java/com/google/cloud/tools/jib/image/ImageTarball.java,same_file,2,True,tree_sitter,java,1.000000,1.000000,,False,,0,0.000000,0.000000,0.000000,0.000000,disabled,1.000000,1.000000
f625bc0ce20c8ce8,100%,100,91-100,100%,100,91-100,java,pygments,True,1.000000,1.000000,1.000000,1.000000,1.000000,1.000000,1.000000,0.270270,0.425532,1.000000,1.000000,1.000000,1.000000,1.000000,0.333333,1.000000,7,3,jib-core/src/main/java/com/google/cloud/tools/jib/tar/TarStreamBuilder.java,same_file,3,True,tree_sitter,java,1.000000,1.000000,,False,,0,0.000000,0.000000,0.000000,0.000000,disabled,1.000000,1.000000
414fc448ab8297e1,100%,100,91-100,100%,100,91-100,java,pygments,True,1.000000,1.000000,1.000000,1.000000,1.000000,1.000000,1.000000,0.432432,0.603774,1.000000,1.000000,1.000000,1.000000,1.000000,0.333333,1.000000,9,3,jib-core/src/main/java/com/google/cloud/tools/jib/tar/TarStreamBuilder.java,same_file,3,True,tree_sitter,java,1.000000,1.000000,,False,,0,0.000000,0.000000,0.000000,0.000000,disabled,1.000000,1.000000
c85ffae7ef667a73,mostly,70,61-70,mostly,82,81-90,java,pygments,False,0.000000,0.967742,1.000000,0.967742,1.000000,0.000000,0.967742,0.326087,0.487805,1.000000,0.967742,1.000000,0.000000,0.935484,0.166667,0.900000,10,6,jib-core/src/test/java/com/google/cloud/tools/jib/tar/TarStreamBuilderTest.java,same_file,4,True,tree_sitter,java,0.956522,0.956522,,False,,0,0.000000,0.000000,0.000000,0.000000,disabled,1.000000,0.000000
e4039895e97a2972,100%,100,91-100,100%,100,91-100,java,pygments,True,1.000000,1.000000,1.000000,1.000000,1.000000,1.000000,1.000000,0.183099,0.309524,1.000000,1.000000,1.000000,1.000000,1.000000,0.125000,1.000000,4,8,jib-cli/src/test/java/com/google/cloud/tools/jib/cli/JibCliTest.java,same_file,3,True,tree_sitter,java,1.000000,1.000000,,False,,0,0.000000,0.000000,0.000000,0.000000,disabled,1.000000,1.000000
8c38524a677040b0,0%,0,0,mostly,72,71-80,java,pygments,False,0.000000,0.932432,1.000000,0.932432,1.000000,0.000000,0.932432,0.217666,0.352941,1.000000,0.932432,1.000000,0.000000,0.810811,0.096774,0.958333,24,31,jib-cli/src/main/java/com/google/cloud/tools/jib/cli/JibCli.java,same_file,3,True,tree_sitter,java,1.000000,1.000000,,False,,0,0.000000,0.000000,0.000000,0.000000,disabled,1.000000,0.000000
7830843d595942b8,0%,0,0,100%,100,91-100,java,pygments,True,0.000000,1.000000,1.000000,1.000000,1.000000,0.000000,1.000000,0.428571,0.600000,1.000000,1.000000,1.000000,0.000000,1.000000,1.000000,1.000000,4,1,jib-plugins-common/src/main/java/com/google/cloud/tools/jib/plugins/common/UpdateChecker.java,same_file,1,True,tree_sitter,java,1.000000,1.000000,,False,,0,0.000000,0.000000,0.000000,0.000000,disabled,1.000000,0.000000
0f20d9dbdafa4970,0%,0,0,0%,0,0,java,pygments,False,0.000000,0.500000,0.916667,0.500000,0.916667,0.000000,0.500000,0.027907,0.052863,0.916667,0.500000,0.916667,0.000000,0.916667,0.055556,0.000000,5,18,jib-maven-plugin/src/main/java/com/google/cloud/tools/jib/maven/MojoCommon.java,same_file,2,True,tree_sitter,java,0.857143,0.857143,,False,,0,0.000000,0.000000,0.000000,0.000000,disabled,1.000000,0.000000
c7c10bfaea3f2143,partial,45,41-50,mostly,72,71-80,java,pygments,False,0.000000,0.888889,1.000000,0.888889,1.000000,0.000000,0.888889,0.111628,0.198347,1.000000,0.888889,1.000000,0.000000,0.962963,0.055556,0.909091,11,18,jib-maven-plugin/src/main/java/com/google/cloud/tools/jib/maven/MojoCommon.java,same_file,2,True,tree_sitter,java,0.916667,0.916667,,False,,0,0.000000,0.000000,0.000000,0.000000,disabled,1.000000,0.000000
592a0f2eed1dd3c5,partial,51,51-60,mostly,82,81-90,java,pygments,False,0.333333,1.000000,1.000000,1.000000,1.000000,0.333333,1.000000,0.081395,0.150538,1.000000,1.000000,1.000000,0.333333,0.928571,0.111111,1.000000,6,27,jib-plugins-common/src/main/java/com/google/cloud/tools/jib/plugins/common/JavaContainerBuilderHelper.java,same_file,2,True,tree_sitter,java,1.000000,1.000000,,False,,0,0.000000,0.000000,0.000000,0.000000,disabled,1.000000,0.333300
86f820d4f8220dad,100%,100,91-100,100%,100,91-100,java,regex,True,1.000000,1.000000,1.000000,1.000000,1.000000,1.000000,1.000000,1.000000,1.000000,1.000000,1.000000,1.000000,1.000000,1.000000,1.000000,1.000000,7,1,jib-maven-plugin/src/integration-test/java/com/google/cloud/tools/jib/maven/BuildDockerMojoIntegrationTest.java,same_file,2,True,tree_sitter,java,1.000000,1.000000,,False,,0,0.000000,0.000000,0.000000,0.000000,disabled,1.000000,1.000000
4debd2da792ee011,100%,100,91-100,100%,100,91-100,java,pygments,True,1.000000,1.000000,1.000000,1.000000,1.000000,1.000000,1.000000,1.000000,1.000000,1.000000,1.000000,1.000000,1.000000,1.000000,1.000000,1.000000,15,2,jib-cli/src/main/java/com/google/cloud/tools/jib/cli/CommonCliOptions.java,same_file,1,True,tree_sitter,java,1.000000,1.000000,,False,,0,0.000000,0.000000,0.000000,0.000000,disabled,1.000000,1.000000
2277d21722804e93,100%,100,91-100,100%,100,91-100,java,pygments,True,1.000000,1.000000,1.000000,1.000000,1.000000,1.000000,1.000000,1.000000,1.000000,1.000000,1.000000,1.000000,1.000000,1.000000,1.000000,1.000000,6,1,jib-gradle-plugin/src/test/java/com/google/cloud/tools/jib/gradle/JibExtensionTest.java,same_file,2,True,tree_sitter,java,1.000000,1.000000,,False,,0,0.000000,0.000000,0.000000,0.000000,disabled,1.000000,1.000000
5f44660c2e3f1bde,0%,0,0,mostly,81,81-90,java,pygments,False,0.000000,0.750000,0.916667,0.750000,0.916667,0.000000,0.750000,0.428571,0.545455,0.916667,0.750000,0.916667,0.000000,0.916667,1.000000,0.333333,3,1,jib-gradle-plugin/src/test/java/com/google/cloud/tools/jib/gradle/JibExtensionTest.java,same_file,2,True,tree_sitter,java,0.900000,0.900000,,False,,0,0.000000,0.000000,0.000000,0.000000,disabled,1.000000,0.000000
3ba54217462c9748,partial,19,11-20,mostly,82,81-90,java,pygments,False,0.000000,0.137698,0.137698,0.137698,0.137698,0.000000,0.137698,1.000000,0.242063,0.137698,0.137698,0.137698,0.000000,0.137698,0.194444,0.166667,162,7,jib-gradle-plugin/src/test/java/com/google/cloud/tools/jib/gradle/GradleRawConfigurationTest.java,same_file,2,True,tree_sitter,java,0.145503,0.145503,,False,,0,0.000000,0.000000,0.000000,0.000000,disabled,1.000000,0.000000
dd0603b8d8634d2f,100%,100,91-100,mostly,88,81-90,java,pygments,False,0.666667,1.000000,1.000000,1.000000,1.000000,0.666667,1.000000,0.956522,0.977778,1.000000,1.000000,1.000000,0.666667,1.000000,1.000000,1.000000,7,3,jib-gradle-plugin/src/main/java/com/google/cloud/tools/jib/gradle/ContainerParameters.java,same_file,2,True,tree_sitter,java,1.000000,1.000000,,False,,0,0.000000,0.000000,0.000000,0.000000,disabled,1.000000,0.666700
52576e67029741a4,partial,15,11-20,mostly,74,71-80,java,pygments,False,0.000000,0.500000,0.571429,0.500000,0.571429,0.000000,0.500000,0.875000,0.636364,0.571429,0.500000,0.571429,0.000000,0.571429,0.333333,0.571429,7,1,jib-cli/src/main/java/com/google/cloud/tools/jib/cli/war/WarFiles.java,same_file,2,True,tree_sitter,java,0.650000,0.650000,,False,,0,0.000000,0.000000,0.000000,0.000000,disabled,1.000000,0.000000
eee3c247fdfc6354,100%,100,91-100,100%,100,91-100,java,pygments,True,1.000000,1.000000,1.000000,1.000000,1.000000,1.000000,1.000000,0.196429,0.328358,1.000000,1.000000,1.000000,1.000000,1.000000,0.333333,1.000000,4,3,jib-cli/src/test/java/com/google/cloud/tools/jib/cli/war/WarFilesTest.java,same_file,5,True,tree_sitter,java,1.000000,1.000000,,False,,0,0.000000,0.000000,0.000000,0.000000,disabled,1.000000,1.000000
aea5adcf3a122961,100%,100,91-100,100%,100,91-100,java,pygments,True,1.000000,1.000000,1.000000,1.000000,1.000000,1.000000,1.000000,0.125000,0.222222,1.000000,1.000000,1.000000,1.000000,1.000000,0.500000,1.000000,1,2,jib-maven-plugin/src/test/java/com/google/cloud/tools/jib/maven/MavenProjectPropertiesTest.java,same_file,2,True,tree_sitter,java,0.666667,0.666667,,False,,0,0.000000,0.000000,0.000000,0.000000,disabled,1.000000,1.000000
51cc2f0fee2f2ab1,100%,100,91-100,100%,100,91-100,java,pygments,True,1.000000,1.000000,1.000000,1.000000,1.000000,1.000000,1.000000,1.000000,1.000000,1.000000,1.000000,1.000000,1.000000,1.000000,1.000000,1.000000,5,1,jib-maven-plugin/src/test/java/com/google/cloud/tools/jib/maven/MavenProjectPropertiesTest.java,same_file,3,True,tree_sitter,java,1.000000,1.000000,,False,,0,0.000000,0.000000,0.000000,0.000000,disabled,1.000000,1.000000
6227a5b0743ab632,mostly,62,61-70,mostly,81,81-90,java,pygments,False,0.333333,0.860000,1.000000,0.860000,1.000000,0.333333,0.840000,0.368421,0.512195,1.000000,0.840000,1.000000,0.333333,0.920000,0.187500,0.714286,21,16,jib-core/src/main/java/com/google/cloud/tools/jib/http/FailoverHttpClient.java,same_file,3,True,tree_sitter,java,1.000000,1.000000,,False,,0,0.000000,0.000000,0.000000,0.000000,disabled,1.000000,0.333300
d1a06652c76ea003,mostly,80,71-80,mostly,82,81-90,java,pygments,False,0.333333,1.000000,1.000000,1.000000,1.000000,0.333333,1.000000,0.488636,0.656489,1.000000,1.000000,1.000000,0.333333,1.000000,0.250000,1.000000,21,12,jib-core/src/main/java/com/google/cloud/tools/jib/http/FailoverHttpClient.java,same_file,3,True,tree_sitter,java,1.000000,1.000000,,False,,0,0.000000,0.000000,0.000000,0.000000,disabled,1.000000,0.333300
4fd792e3641f55b0,partial,9,1-10,partial,55,51-60,java,pygments,False,0.076923,0.532468,0.632035,0.536797,0.636364,0.076923,0.532468,0.803922,0.640625,0.632035,0.536797,0.636364,0.038462,0.510823,0.923077,0.300000,90,24,jib-core/src/test/java/com/google/cloud/tools/jib/http/FailoverHttpClientTest.java,same_file,2,True,tree_sitter,java,0.573864,0.573864,,False,,0,0.000000,0.000000,0.000000,0.000000,disabled,1.000000,0.076900
253c3267a645286d,100%,100,91-100,100%,100,91-100,java,pygments,True,1.000000,1.000000,1.000000,1.000000,1.000000,1.000000,1.000000,1.000000,1.000000,1.000000,1.000000,1.000000,1.000000,1.000000,1.000000,1.000000,4,1,jib-core/src/main/java/com/google/cloud/tools/jib/image/ReproducibleLayerBuilder.java,same_file,1,True,tree_sitter,java,1.000000,1.000000,,False,,0,0.000000,0.000000,0.000000,0.000000,disabled,1.000000,1.000000
8167aed99f6b07e3,100%,100,91-100,100%,100,91-100,java,pygments,True,1.000000,1.000000,1.000000,1.000000,1.000000,1.000000,1.000000,1.000000,1.000000,1.000000,1.000000,1.000000,1.000000,1.000000,1.000000,1.000000,9,1,jib-core/src/main/java/com/google/cloud/tools/jib/tar/TarStreamBuilder.java,same_file,1,True,tree_sitter,java,1.000000,1.000000,,False,,0,0.000000,0.000000,0.000000,0.000000,disabled,1.000000,1.000000
44a0540f47bf7703,100%,100,91-100,100%,100,91-100,java,pygments,True,1.000000,1.000000,1.000000,1.000000,1.000000,1.000000,1.000000,0.375000,0.545455,1.000000,1.000000,1.000000,1.000000,1.000000,0.500000,1.000000,10,4,jib-maven-plugin/src/main/java/com/google/cloud/tools/jib/maven/MojoCommon.java,same_file,3,True,tree_sitter,java,1.000000,1.000000,,False,,0,0.000000,0.000000,0.000000,0.000000,disabled,1.000000,1.000000
3c7a80dec2c9209e,100%,100,91-100,100%,100,91-100,java,pygments,True,1.000000,1.000000,1.000000,1.000000,1.000000,1.000000,1.000000,0.324324,0.489796,1.000000,1.000000,1.000000,1.000000,1.000000,0.333333,1.000000,5,3,jib-core/src/main/java/com/google/cloud/tools/jib/api/Containerizer.java,same_file,1,True,tree_sitter,java,1.000000,1.000000,,False,,0,0.000000,0.000000,0.000000,0.000000,disabled,1.000000,1.000000
cdc17dbb969889cf,100%,100,91-100,100%,100,91-100,java,pygments,True,1.000000,1.000000,1.000000,1.000000,1.000000,1.000000,1.000000,0.315789,0.480000,1.000000,1.000000,1.000000,1.000000,1.000000,0.333333,1.000000,5,3,jib-cli/src/main/java/com/google/cloud/tools/jib/cli/jar/JarFiles.java,same_file,1,True,tree_sitter,java,1.000000,1.000000,,False,,0,0.000000,0.000000,0.000000,0.000000,disabled,1.000000,1.000000
ae61b991ddd40a6c,partial,25,21-30,partial,55,51-60,java,pygments,False,0.250000,0.375000,0.375000,0.375000,0.375000,0.250000,0.375000,1.000000,0.545455,0.375000,0.375000,0.375000,0.250000,0.375000,0.250000,0.357143,14,1,jib-plugins-common/src/test/java/com/google/cloud/tools/jib/plugins/common/SkaffoldSyncMapTemplateTest.java,same_file,3,True,tree_sitter,java,0.382353,0.382353,,False,,0,0.000000,0.000000,0.000000,0.000000,disabled,1.000000,0.250000
06b8597782868b57,100%,100,91-100,100%,100,91-100,java,pygments,True,1.000000,1.000000,1.000000,1.000000,1.000000,1.000000,1.000000,1.000000,1.000000,1.000000,1.000000,1.000000,1.000000,1.000000,1.000000,1.000000,7,1,jib-cli/src/main/java/com/google/cloud/tools/jib/cli/jar/SpringBootExplodedProcessor.java,same_file,4,True,tree_sitter,java,1.000000,1.000000,,False,,0,0.000000,0.000000,0.000000,0.000000,disabled,1.000000,1.000000
862a8d2b7c0d28a3,partial,55,51-60,partial,55,51-60,java,pygments,False,0.466667,0.712121,0.863636,0.712121,0.863636,0.466667,0.712121,0.484536,0.576687,0.863636,0.712121,0.863636,0.133333,0.787879,0.800000,0.666667,27,12,jib-core/src/main/java/com/google/cloud/tools/jib/builder/steps/PullBaseImageStep.java,neighboring_same_file,3,True,tree_sitter,java,0.771930,0.771930,,False,,0,0.000000,0.000000,0.000000,0.000000,disabled,1.000000,0.466700
1b36dff450b3444a,100%,100,91-100,100%,100,91-100,java,pygments,True,1.000000,1.000000,1.000000,1.000000,1.000000,1.000000,1.000000,1.000000,1.000000,1.000000,1.000000,1.000000,1.000000,1.000000,1.000000,1.000000,20,3,jib-core/src/main/java/com/google/cloud/tools/jib/builder/steps/PullBaseImageStep.java,same_file,3,True,tree_sitter,java,1.000000,1.000000,,False,,0,0.000000,0.000000,0.000000,0.000000,disabled,1.000000,1.000000
a1702545d5644118,partial,35,31-40,mostly,80,71-80,java,pygments,False,0.000000,0.840000,0.900000,0.840000,0.900000,0.000000,0.840000,0.933333,0.884211,0.900000,0.840000,0.900000,0.000000,0.860000,0.666667,0.833333,18,3,jib-build-plan/src/test/java/com/google/cloud/tools/jib/api/buildplan/AbsoluteUnixPathTest.java,same_file,1,True,tree_sitter,java,0.861111,0.861111,,False,,0,0.000000,0.000000,0.000000,0.000000,disabled,1.000000,0.000000
f3e551c87d4d64b0,0%,0,0,mostly,81,81-90,java,pygments,False,0.000000,0.875000,0.958333,0.875000,0.958333,0.000000,0.875000,0.262500,0.403846,0.958333,0.875000,0.958333,0.000000,0.916667,0.111111,0.857143,14,9,jib-core/src/main/java/com/google/cloud/tools/jib/builder/steps/PushImageStep.java,same_file,3,True,tree_sitter,java,0.960000,0.960000,,False,,0,0.000000,0.000000,0.000000,0.000000,disabled,1.000000,0.000000
ee6af9db0d553457,partial,11,11-20,mostly,68,61-70,java,pygments,False,0.333333,0.500000,0.900000,0.500000,0.900000,0.333333,0.500000,0.192308,0.277778,0.900000,0.500000,0.900000,0.333333,0.600000,0.250000,0.000000,4,12,jib-core/src/main/java/com/google/cloud/tools/jib/configuration/ContainerConfiguration.java,same_file,2,True,tree_sitter,java,0.444444,0.444444,,False,,0,0.000000,0.000000,0.000000,0.000000,disabled,1.000000,0.333300
fc64f0b93b0ed00f,partial,45,41-50,mostly,72,71-80,java,pygments,False,0.000000,1.000000,1.000000,1.000000,1.000000,0.000000,1.000000,0.161017,0.277372,1.000000,1.000000,1.000000,0.000000,1.000000,0.083333,1.000000,7,12,jib-core/src/test/java/com/google/cloud/tools/jib/builder/steps/PushImageStepTest.java,same_file,1,True,tree_sitter,java,1.000000,1.000000,,False,,0,0.000000,0.000000,0.000000,0.000000,disabled,1.000000,0.000000
204f9ec08934fd8c,100%,100,91-100,100%,100,91-100,java,pygments,True,0.000000,1.000000,1.000000,1.000000,1.000000,0.000000,1.000000,0.073718,0.137313,1.000000,1.000000,1.000000,0.000000,1.000000,0.038462,1.000000,8,26,jib-core/src/test/java/com/google/cloud/tools/jib/builder/steps/PushImageStepTest.java,same_file,1,True,tree_sitter,java,1.000000,1.000000,,False,,0,0.000000,0.000000,0.000000,0.000000,disabled,1.000000,0.000000
9875d2c770b3c113,mostly,83,81-90,mostly,78,71-80,java,pygments,False,0.500000,0.944444,0.944444,0.944444,0.944444,0.500000,0.944444,0.178947,0.300885,0.944444,0.944444,0.944444,0.500000,0.777778,0.444444,1.000000,9,9,jib-core/src/main/java/com/google/cloud/tools/jib/configuration/BuildContext.java,same_file,2,True,tree_sitter,java,0.611111,0.611111,,False,,0,0.000000,0.000000,0.000000,0.000000,disabled,1.000000,0.500000
ac576795e676ed6f,partial,28,21-30,partial,55,51-60,java,pygments,False,0.166667,0.805195,0.896104,0.805195,0.896104,0.166667,0.805195,0.389937,0.525424,0.896104,0.805195,0.896104,0.166667,0.740260,0.285714,0.750000,28,21,jib-core/src/main/java/com/google/cloud/tools/jib/builder/steps/PushImageStep.java,neighboring_same_file,3,True,tree_sitter,java,0.736842,0.736842,,False,,0,0.000000,0.000000,0.000000,0.000000,disabled,1.000000,0.166700
109ee77b4001b462,100%,100,91-100,100%,100,91-100,java,pygments,True,1.000000,1.000000,1.000000,1.000000,1.000000,1.000000,1.000000,1.000000,1.000000,1.000000,1.000000,1.000000,1.000000,1.000000,1.000000,1.000000,3,1,jib-core/src/main/java/com/google/cloud/tools/jib/configuration/BuildContext.java,same_file,4,True,tree_sitter,java,1.000000,1.000000,,False,,0,0.000000,0.000000,0.000000,0.000000,disabled,1.000000,1.000000
0110cb357a377fbc,100%,100,91-100,100%,100,91-100,java,pygments,True,1.000000,1.000000,1.000000,1.000000,1.000000,1.000000,1.000000,0.153333,0.265896,1.000000,1.000000,1.000000,1.000000,1.000000,0.076923,1.000000,8,13,jib-core/src/test/java/com/google/cloud/tools/jib/builder/steps/PushImageStepTest.java,same_file,5,True,tree_sitter,java,1.000000,1.000000,,False,,0,0.000000,0.000000,0.000000,0.000000,disabled,1.000000,1.000000
54af596b6755d749,100%,100,91-100,100%,100,91-100,java,pygments,True,1.000000,1.000000,1.000000,1.000000,1.000000,1.000000,1.000000,0.152318,0.264368,1.000000,1.000000,1.000000,1.000000,1.000000,0.076923,1.000000,8,13,jib-core/src/test/java/com/google/cloud/tools/jib/builder/steps/PushImageStepTest.java,same_file,3,True,tree_sitter,java,1.000000,1.000000,,False,,0,0.000000,0.000000,0.000000,0.000000,disabled,1.000000,1.000000
f827ae2a9d865e10,0%,0,0,mostly,82,81-90,java,pygments,False,0.000000,0.750000,1.000000,0.750000,1.000000,0.000000,0.750000,0.044118,0.083333,1.000000,0.750000,1.000000,0.000000,1.000000,0.125000,0.500000,2,8,jib-core/src/main/java/com/google/cloud/tools/jib/builder/steps/PushImageStep.java,same_file,4,True,tree_sitter,java,0.750000,0.750000,,False,,0,0.000000,0.000000,0.000000,0.000000,disabled,1.000000,0.000000
b3fa9e066a898cdc,mostly,86,81-90,mostly,88,81-90,java,pygments,False,0.875000,1.000000,1.000000,1.000000,1.000000,0.875000,0.974684,0.747573,0.846154,0.974684,0.974684,0.974684,0.625000,0.974684,0.727273,1.000000,23,11,jib-maven-plugin/src/main/java/com/google/cloud/tools/jib/maven/JibPluginConfiguration.java,same_file,4,True,tree_sitter,java,1.000000,1.000000,,False,,0,0.000000,0.000000,0.000000,0.000000,disabled,1.000000,0.875000
d63cda192c149ae8,mostly,70,61-70,mostly,82,81-90,java,pygments,False,0.000000,0.965517,1.000000,0.965517,1.000000,0.000000,0.965517,0.965517,0.965517,1.000000,0.965517,1.000000,0.000000,1.000000,0.333333,0.888889,9,3,jib-gradle-plugin/src/main/java/com/google/cloud/tools/jib/gradle/BuildDockerTask.java,same_file,1,True,tree_sitter,java,1.000000,1.000000,,False,,0,0.000000,0.000000,0.000000,0.000000,disabled,1.000000,0.000000
b8c60a23fd00a010,mostly,70,61-70,mostly,82,81-90,java,pygments,False,0.000000,1.000000,1.000000,1.000000,1.000000,0.000000,1.000000,0.600000,0.750000,1.000000,1.000000,1.000000,0.000000,1.000000,0.250000,1.000000,6,4,jib-plugins-common/src/test/java/com/google/cloud/tools/jib/plugins/common/PluginConfigurationProcessorTest.java,same_file,6,True,tree_sitter,java,1.000000,1.000000,,False,,0,0.000000,0.000000,0.000000,0.000000,disabled,1.000000,0.000000
8e90ef99dd3d5cc3,100%,100,91-100,100%,100,91-100,java,pygments,True,1.000000,1.000000,1.000000,1.000000,1.000000,1.000000,1.000000,1.000000,1.000000,1.000000,1.000000,1.000000,1.000000,1.000000,1.000000,1.000000,3,1,jib-plugins-common/src/main/java/com/google/cloud/tools/jib/plugins/common/ExtraDirectoryNotFoundException.java,same_file,3,True,tree_sitter,java,1.000000,1.000000,,False,,0,0.000000,0.000000,0.000000,0.000000,disabled,1.000000,1.000000
1e3b1b56d0d35837,100%,100,91-100,100%,100,91-100,java,pygments,True,1.000000,1.000000,1.000000,1.000000,1.000000,1.000000,1.000000,1.000000,1.000000,1.000000,1.000000,1.000000,1.000000,1.000000,1.000000,1.000000,12,1,jib-plugins-common/src/main/java/com/google/cloud/tools/jib/plugins/common/PluginConfigurationProcessor.java,same_file,1,True,tree_sitter,java,1.000000,1.000000,,False,,0,0.000000,0.000000,0.000000,0.000000,disabled,1.000000,1.000000
0d024a5b46a456d7,100%,100,91-100,100%,100,91-100,java,pygments,True,1.000000,1.000000,1.000000,1.000000,1.000000,1.000000,1.000000,1.000000,1.000000,1.000000,1.000000,1.000000,1.000000,1.000000,1.000000,1.000000,13,1,jib-plugins-common/src/main/java/com/google/cloud/tools/jib/plugins/common/PluginConfigurationProcessor.java,same_file,1,True,tree_sitter,java,1.000000,1.000000,,False,,0,0.000000,0.000000,0.000000,0.000000,disabled,1.000000,1.000000
50290f3a766748e1,0%,0,0,0%,0,0,shell,pygments,False,0.000000,0.000000,0.027778,0.000000,0.027778,0.000000,0.000000,0.000000,0.000000,0.027778,0.000000,0.027778,0.000000,0.027778,1.000000,0.000000,11,1,kokoro/presubmit.sh,same_file,1,False,,,0.000000,0.000000,no supported local structural parser,False,,0,0.000000,0.000000,0.000000,0.000000,disabled,1.000000,0.000000
d3950f620d297ae1,partial,33,31-40,0%,0,0,java,pygments,False,0.333333,0.000000,0.363636,0.000000,0.363636,0.333333,0.000000,0.000000,0.000000,0.363636,0.000000,0.363636,0.333333,0.363636,0.333333,0.000000,8,1,jib-core/src/integration-test/java/com/google/cloud/tools/jib/api/ContainerizerIntegrationTest.java,same_file,1,True,tree_sitter,java,0.100000,0.100000,,False,,0,0.000000,0.000000,0.000000,0.000000,disabled,1.000000,0.333300
6d65483cb1b6171f,100%,100,91-100,100%,100,91-100,java,pygments,True,1.000000,1.000000,1.000000,1.000000,1.000000,1.000000,1.000000,1.000000,1.000000,1.000000,1.000000,1.000000,1.000000,1.000000,1.000000,1.000000,4,1,jib-core/src/test/java/com/google/cloud/tools/jib/api/JibContainerTest.java,same_file,4,True,tree_sitter,java,1.000000,1.000000,,False,,0,0.000000,0.000000,0.000000,0.000000,disabled,1.000000,1.000000
0ee1efe1423baccd,partial,33,31-40,mostly,82,81-90,java,pygments,False,0.333333,0.971429,1.000000,0.971429,1.000000,0.333333,0.971429,0.894737,0.931507,1.000000,0.971429,1.000000,0.333333,1.000000,0.300000,0.931034,29,10,jib-core/src/test/java/com/google/cloud/tools/jib/builder/steps/PlatformCheckerTest.java,same_file,5,True,tree_sitter,java,1.000000,1.000000,,False,,0,0.000000,0.000000,0.000000,0.000000,disabled,1.000000,0.333300
a7508a4ea7f306f4,100%,100,91-100,100%,100,91-100,java,pygments,True,1.000000,1.000000,1.000000,1.000000,1.000000,1.000000,1.000000,1.000000,1.000000,1.000000,1.000000,1.000000,1.000000,1.000000,1.000000,1.000000,3,1,jib-core/src/test/java/com/google/cloud/tools/jib/builder/steps/PlatformCheckerTest.java,same_file,1,True,tree_sitter,java,1.000000,1.000000,,False,,0,0.000000,0.000000,0.000000,0.000000,disabled,1.000000,1.000000
9d27d638f9daaf4e,100%,100,91-100,100%,100,91-100,java,pygments,True,1.000000,1.000000,1.000000,1.000000,1.000000,1.000000,1.000000,1.000000,1.000000,1.000000,1.000000,1.000000,1.000000,1.000000,1.000000,1.000000,3,1,jib-gradle-plugin/src/test/java/com/google/cloud/tools/jib/gradle/JibExtensionTest.java,same_file,1,True,tree_sitter,java,1.000000,1.000000,,False,,0,0.000000,0.000000,0.000000,0.000000,disabled,1.000000,1.000000
4e8c76358cd5833f,100%,100,91-100,100%,100,91-100,java,pygments,True,1.000000,1.000000,1.000000,1.000000,1.000000,1.000000,1.000000,1.000000,1.000000,1.000000,1.000000,1.000000,1.000000,1.000000,1.000000,1.000000,3,1,jib-gradle-plugin/src/test/java/com/google/cloud/tools/jib/gradle/JibExtensionTest.java,same_file,1,True,tree_sitter,java,1.000000,1.000000,,False,,0,0.000000,0.000000,0.000000,0.000000,disabled,1.000000,1.000000
bbdf9109a717ba5f,0%,0,0,mostly,75,71-80,java,pygments,False,0.000000,0.933333,0.966667,0.933333,0.966667,0.000000,0.933333,0.373333,0.533333,0.966667,0.933333,0.966667,0.000000,0.833333,0.100000,0.888889,9,10,jib-gradle-plugin/src/test/java/com/google/cloud/tools/jib/gradle/JibPluginTest.java,same_file,1,True,tree_sitter,java,1.000000,1.000000,,False,,0,0.000000,0.000000,0.000000,0.000000,disabled,1.000000,0.000000
1e4c995ee9dab04d,mostly,70,61-70,mostly,82,81-90,java,pygments,False,0.000000,1.000000,1.000000,1.000000,1.000000,0.000000,1.000000,0.080000,0.148148,1.000000,1.000000,1.000000,0.000000,1.000000,0.100000,1.000000,3,10,jib-gradle-plugin/src/test/java/com/google/cloud/tools/jib/gradle/JibPluginTest.java,same_file,2,True,tree_sitter,java,1.000000,1.000000,,False,,0,0.000000,0.000000,0.000000,0.000000,disabled,1.000000,0.000000
e148f9184f064783,100%,100,91-100,100%,100,91-100,java,pygments,True,1.000000,1.000000,1.000000,1.000000,1.000000,1.000000,1.000000,1.000000,1.000000,1.000000,1.000000,1.000000,1.000000,1.000000,1.000000,1.000000,6,1,jib-gradle-plugin/src/main/java/com/google/cloud/tools/jib/gradle/ExtraDirectoriesParameters.java,same_file,5,True,tree_sitter,java,1.000000,1.000000,,False,,0,0.000000,0.000000,0.000000,0.000000,disabled,1.000000,1.000000
f5414541de4c1f3c,100%,90,81-90,mostly,82,81-90,java,pygments,False,0.000000,0.875000,0.875000,0.875000,0.875000,0.000000,0.875000,1.000000,0.933333,0.875000,0.875000,0.875000,0.000000,0.875000,1.000000,0.800000,5,1,jib-core/src/main/java/com/google/cloud/tools/jib/cache/CacheStorageReader.java,same_file,1,True,tree_sitter,java,0.900000,0.900000,,False,,0,0.000000,0.000000,0.000000,0.000000,disabled,1.000000,0.000000
ad26656038244880,100%,100,91-100,100%,100,91-100,java,pygments,True,1.000000,1.000000,1.000000,1.000000,1.000000,1.000000,1.000000,0.423077,0.594595,1.000000,1.000000,1.000000,1.000000,1.000000,0.333333,1.000000,8,3,jib-core/src/test/java/com/google/cloud/tools/jib/builder/steps/PullBaseImageStepTest.java,same_file,7,True,tree_sitter,java,1.000000,1.000000,,False,,0,0.000000,0.000000,0.000000,0.000000,disabled,1.000000,1.000000
e1fb2baf54ac7697,0%,0,0,0%,0,0,java,pygments,False,0.000000,0.500000,0.928571,0.500000,0.928571,0.000000,0.500000,0.134615,0.212121,0.928571,0.500000,0.928571,0.000000,0.928571,0.333333,0.142857,7,3,jib-core/src/test/java/com/google/cloud/tools/jib/builder/steps/PullBaseImageStepTest.java,same_file,7,True,tree_sitter,java,0.538462,0.538462,,False,,0,0.000000,0.000000,0.000000,0.000000,disabled,1.000000,0.000000
b6c956b85e57a2f8,100%,100,91-100,100%,100,91-100,java,pygments,True,1.000000,1.000000,1.000000,1.000000,1.000000,1.000000,1.000000,1.000000,1.000000,1.000000,1.000000,1.000000,1.000000,1.000000,1.000000,1.000000,3,1,jib-core/src/test/java/com/google/cloud/tools/jib/builder/steps/PullBaseImageStepTest.java,same_file,4,True,tree_sitter,java,1.000000,1.000000,,False,,0,0.000000,0.000000,0.000000,0.000000,disabled,1.000000,1.000000
7e7e4d8ebeb23557,0%,0,0,mostly,72,71-80,java,pygments,False,0.000000,1.000000,1.000000,1.000000,1.000000,0.000000,1.000000,0.002605,0.005197,1.000000,1.000000,1.000000,0.000000,1.000000,0.003623,1.000000,3,276,jib-cli/src/integration-test/java/com/google/cloud/tools/jib/cli/JarCommandTest.java,same_file,1,True,tree_sitter,java,0.857143,0.857143,,False,,0,0.000000,0.000000,0.000000,0.000000,disabled,1.000000,0.000000
ebebf8e29cb9490a,100%,100,91-100,100%,100,91-100,java,pygments,True,1.000000,1.000000,1.000000,1.000000,1.000000,1.000000,1.000000,1.000000,1.000000,1.000000,1.000000,1.000000,1.000000,1.000000,1.000000,1.000000,3,1,jib-core/src/test/java/com/google/cloud/tools/jib/builder/steps/PullBaseImageStepTest.java,same_file,1,True,tree_sitter,java,1.000000,1.000000,,False,,0,0.000000,0.000000,0.000000,0.000000,disabled,1.000000,1.000000
64b93e587d4e03c3,partial,8,1-10,partial,55,51-60,java,pygments,False,0.250000,0.666667,0.958333,0.666667,0.958333,0.250000,0.625000,0.205479,0.309278,0.958333,0.625000,0.958333,0.250000,0.875000,0.571429,0.111111,9,7,jib-cli/src/integration-test/java/com/google/cloud/tools/jib/cli/JarCommandTest.java,same_file,3,True,tree_sitter,java,0.952381,0.952381,,False,,0,0.000000,0.000000,0.000000,0.000000,disabled,1.000000,0.250000
de5f3661977c4e99,100%,100,91-100,100%,100,91-100,rust,pygments,True,1.000000,1.000000,1.000000,1.000000,1.000000,1.000000,1.000000,1.000000,1.000000,1.000000,1.000000,1.000000,1.000000,1.000000,1.000000,1.000000,9,2,core/document/src/document.rs,same_file,3,True,tree_sitter,rust,1.000000,1.000000,,False,,0,0.000000,0.000000,0.000000,0.000000,disabled,1.000000,1.000000
e15d831b4fce9d4a,0%,0,0,0%,0,0,text,regex,False,0.000000,0.102564,0.410256,0.102564,0.410256,0.000000,0.102564,0.173913,0.129032,0.410256,0.102564,0.410256,0.000000,0.358974,1.000000,0.090909,11,1,frontend/src/components/widgets/inputs/ColorInput.vue,same_file,2,False,,,0.000000,0.000000,no supported local structural parser,False,,0,0.000000,0.000000,0.000000,0.000000,disabled,1.000000,0.000000
f86b0514edf88f78,partial,46,41-50,partial,55,51-60,rust,pygments,False,0.428571,0.969925,1.000000,0.969925,1.000000,0.428571,0.969925,0.431438,0.597222,1.000000,0.969925,1.000000,0.142857,0.849624,0.466667,0.866667,30,15,editor/src/messages/portfolio/document/node_graph/node_graph_message_handler/node_properties.rs,neighboring_same_file,4,True,tree_sitter,rust,0.982456,0.982456,,False,,0,0.000000,0.000000,0.000000,0.000000,disabled,1.000000,0.428600
b11751af5a4fd401,100%,100,91-100,100%,100,91-100,rust,pygments,True,0.000000,1.000000,1.000000,1.000000,1.000000,0.000000,1.000000,0.982143,0.990991,1.000000,1.000000,1.000000,0.000000,1.000000,1.000000,1.000000,7,1,editor/src/messages/portfolio/document/node_graph/node_graph_message_handler/node_properties.rs,same_file,4,True,tree_sitter,rust,1.000000,1.000000,,False,,0,0.000000,0.000000,0.000000,0.000000,disabled,1.000000,0.000000
41e3a936df4c6bd2,partial,45,41-50,mostly,82,81-90,rust,pygments,False,0.000000,0.973684,1.000000,0.973684,1.000000,0.000000,0.973684,0.118590,0.211429,1.000000,0.973684,1.000000,0.000000,1.000000,0.133333,0.933333,15,15,editor/src/messages/portfolio/document/node_graph/node_graph_message_handler/node_properties.rs,same_file,3,True,tree_sitter,rust,1.000000,1.000000,,False,,0,0.000000,0.000000,0.000000,0.000000,disabled,1.000000,0.000000
44d2e1f329b39102,100%,100,91-100,100%,100,91-100,rust,pygments,True,1.000000,1.000000,1.000000,1.000000,1.000000,1.000000,1.000000,0.133333,0.235294,1.000000,1.000000,1.000000,1.000000,1.000000,0.150000,1.000000,14,20,node-graph/gcore/src/vector/generator_nodes.rs,same_file,1,True,tree_sitter,rust,0.952381,0.952381,,False,,0,0.000000,0.000000,0.000000,0.000000,disabled,1.000000,1.000000
70c3b0473c6fe31d,100%,100,91-100,100%,100,91-100,rust,pygments,True,1.000000,1.000000,1.000000,1.000000,1.000000,1.000000,1.000000,0.146552,0.255639,1.000000,1.000000,1.000000,1.000000,1.000000,0.142857,1.000000,16,21,node-graph/gcore/src/vector/generator_nodes.rs,same_file,1,True,tree_sitter,rust,0.960000,0.960000,,False,,0,0.000000,0.000000,0.000000,0.000000,disabled,1.000000,1.000000
f28993e10f279868,partial,7,1-10,partial,55,51-60,rust,pygments,False,0.200000,0.400000,0.725000,0.400000,0.725000,0.200000,0.400000,0.181818,0.250000,0.725000,0.400000,0.725000,0.200000,0.650000,0.416667,0.294118,17,12,node-graph/gcore/src/raster/adjustments.rs,same_file,1,True,tree_sitter,rust,0.361111,0.361111,,False,,0,0.000000,0.000000,0.000000,0.000000,disabled,1.000000,0.200000
559fc3c616a75b05,100%,90,81-90,0%,0,0,rust,pygments,False,0.000000,0.909091,1.000000,0.909091,1.000000,0.000000,0.636364,0.190909,0.293706,1.000000,0.636364,1.000000,0.000000,0.939394,0.272727,0.000000,12,11,node-graph/gcore/src/raster/adjustments.rs,same_file,3,True,tree_sitter,rust,0.970588,0.970588,,False,,0,0.000000,0.000000,0.000000,0.000000,disabled,1.000000,0.000000
6964bf0d26546a37,100%,100,91-100,100%,100,91-100,rust,regex,True,1.000000,1.000000,1.000000,1.000000,1.000000,1.000000,1.000000,1.000000,1.000000,1.000000,1.000000,1.000000,1.000000,1.000000,1.000000,1.000000,4,1,editor/src/messages/tool/tool_messages/select_tool.rs,same_file,1,True,tree_sitter,rust,1.000000,1.000000,,False,,0,0.000000,0.000000,0.000000,0.000000,disabled,1.000000,1.000000
3b6be3c750c025a9,100%,100,91-100,100%,100,91-100,rust,regex,True,1.000000,1.000000,1.000000,1.000000,1.000000,1.000000,1.000000,1.000000,1.000000,1.000000,1.000000,1.000000,1.000000,1.000000,1.000000,1.000000,24,2,editor/src/messages/tool/tool_messages/select_tool.rs,same_file,2,True,tree_sitter,rust,1.000000,1.000000,,False,,0,0.000000,0.000000,0.000000,0.000000,disabled,1.000000,1.000000
a25d9f8f6fb195b7,100%,100,91-100,100%,100,91-100,rust,pygments,True,1.000000,1.000000,1.000000,1.000000,1.000000,1.000000,1.000000,1.000000,1.000000,1.000000,1.000000,1.000000,1.000000,1.000000,1.000000,1.000000,10,1,editor/src/messages/input_mapper/input_mappings.rs,same_file,1,True,tree_sitter,rust,1.000000,1.000000,,False,,0,0.000000,0.000000,0.000000,0.000000,disabled,1.000000,1.000000
7baf60d6f2a29c28,100%,100,91-100,100%,100,91-100,rust,pygments,True,1.000000,1.000000,1.000000,1.000000,1.000000,1.000000,1.000000,1.000000,1.000000,1.000000,1.000000,1.000000,1.000000,1.000000,1.000000,1.000000,4,1,editor/src/messages/tool/tool_messages/path_tool.rs,same_file,3,True,tree_sitter,rust,1.000000,1.000000,,False,,0,0.000000,0.000000,0.000000,0.000000,disabled,1.000000,1.000000
33cd8b6030a14f4d,100%,100,91-100,100%,100,91-100,rust,pygments,True,1.000000,1.000000,1.000000,1.000000,1.000000,1.000000,1.000000,1.000000,1.000000,1.000000,1.000000,1.000000,1.000000,1.000000,1.000000,1.000000,11,1,editor/src/messages/portfolio/document/overlays/utility_types.rs,same_file,3,True,tree_sitter,rust,1.000000,1.000000,,False,,0,0.000000,0.000000,0.000000,0.000000,disabled,1.000000,1.000000
d7fd6c2f1d01fdac,100%,100,91-100,100%,100,91-100,rust,pygments,True,1.000000,1.000000,1.000000,1.000000,1.000000,1.000000,1.000000,1.000000,1.000000,1.000000,1.000000,1.000000,1.000000,1.000000,1.000000,1.000000,6,1,editor/src/messages/portfolio/document/overlays/utility_types.rs,same_file,3,True,tree_sitter,rust,1.000000,1.000000,,False,,0,0.000000,0.000000,0.000000,0.000000,disabled,1.000000,1.000000
dc81b93411acb3c1,100%,100,91-100,100%,100,91-100,rust,pygments,True,1.000000,1.000000,1.000000,1.000000,1.000000,1.000000,1.000000,1.000000,1.000000,1.000000,1.000000,1.000000,1.000000,1.000000,1.000000,1.000000,8,1,editor/src/messages/tool/tool_messages/select_tool.rs,same_file,4,True,tree_sitter,rust,1.000000,1.000000,,False,,0,0.000000,0.000000,0.000000,0.000000,disabled,1.000000,1.000000
8321888b52643202,100%,100,91-100,mostly,72,71-80,rust,pygments,False,0.000000,0.968750,1.000000,0.968750,1.000000,0.000000,0.968750,0.136564,0.239382,1.000000,0.968750,1.000000,0.000000,1.000000,0.090909,0.900000,10,11,editor/src/messages/portfolio/portfolio_message_handler.rs,same_file,2,True,tree_sitter,rust,0.964286,0.964286,,False,,0,0.000000,0.000000,0.000000,0.000000,disabled,1.000000,0.000000
699dee3d33d13add,100%,100,91-100,100%,100,91-100,rust,pygments,True,1.000000,1.000000,1.000000,1.000000,1.000000,1.000000,1.000000,1.000000,1.000000,1.000000,1.000000,1.000000,1.000000,1.000000,1.000000,1.000000,10,1,editor/src/messages/tool/transform_layer/transform_layer_message_handler.rs,same_file,1,True,tree_sitter,rust,1.000000,1.000000,,False,,0,0.000000,0.000000,0.000000,0.000000,disabled,1.000000,1.000000
f9bf0a8922e563cc,100%,100,91-100,100%,100,91-100,rust,pygments,True,1.000000,1.000000,1.000000,1.000000,1.000000,1.000000,1.000000,1.000000,1.000000,1.000000,1.000000,1.000000,1.000000,1.000000,1.000000,1.000000,9,1,editor/src/messages/portfolio/document/overlays/overlays_message_handler.rs,same_file,1,True,tree_sitter,rust,1.000000,1.000000,,False,,0,0.000000,0.000000,0.000000,0.000000,disabled,1.000000,1.000000
43f6844429f00bc8,0%,0,0,0%,0,0,rust,pygments,False,0.000000,0.705882,1.000000,0.705882,1.000000,0.000000,0.705882,0.043165,0.081356,1.000000,0.705882,1.000000,0.000000,1.000000,0.033333,0.200000,5,30,editor/src/messages/tool/transform_layer/transform_layer_message_handler.rs,same_file,3,True,tree_sitter,rust,1.000000,1.000000,,False,,0,0.000000,0.000000,0.000000,0.000000,disabled,1.000000,0.000000
36c7b4c6277c4b77,100%,100,91-100,100%,100,91-100,rust,pygments,True,1.000000,1.000000,1.000000,1.000000,1.000000,1.000000,1.000000,1.000000,1.000000,1.000000,1.000000,1.000000,1.000000,1.000000,1.000000,1.000000,14,1,editor/src/messages/input_mapper/input_mappings.rs,same_file,1,True,tree_sitter,rust,1.000000,1.000000,,False,,0,0.000000,0.000000,0.000000,0.000000,disabled,1.000000,1.000000
f7801e0728e72167,100%,100,91-100,100%,100,91-100,rust,regex,True,1.000000,1.000000,1.000000,1.000000,1.000000,1.000000,1.000000,1.000000,1.000000,1.000000,1.000000,1.000000,1.000000,1.000000,1.000000,1.000000,6,1,editor/src/messages/tool/tool_messages/path_tool.rs,same_file,1,True,tree_sitter,rust,1.000000,1.000000,,False,,0,0.000000,0.000000,0.000000,0.000000,disabled,1.000000,1.000000
5a4e5bf5b2cf275a,100%,100,91-100,100%,100,91-100,rust,regex,True,1.000000,1.000000,1.000000,1.000000,1.000000,1.000000,1.000000,1.000000,1.000000,1.000000,1.000000,1.000000,1.000000,1.000000,1.000000,1.000000,6,1,editor/src/messages/tool/tool_messages/path_tool.rs,same_file,1,True,tree_sitter,rust,1.000000,1.000000,,False,,0,0.000000,0.000000,0.000000,0.000000,disabled,1.000000,1.000000
2f5cd430e974094f,0%,0,0,0%,0,0,rust,pygments,False,0.000000,0.682927,1.000000,0.682927,1.000000,0.000000,0.682927,0.100719,0.175549,1.000000,0.682927,1.000000,0.000000,0.878049,0.312500,0.200000,15,16,editor/src/messages/tool/transform_layer/transform_layer_message_handler.rs,same_file,3,True,tree_sitter,rust,0.942857,0.942857,,False,,0,0.000000,0.000000,0.000000,0.000000,disabled,1.000000,0.000000
1d9b28d602202512,100%,100,91-100,100%,100,91-100,rust,regex,True,1.000000,1.000000,1.000000,1.000000,1.000000,1.000000,1.000000,1.000000,1.000000,1.000000,1.000000,1.000000,1.000000,1.000000,1.000000,1.000000,8,1,editor/src/messages/tool/common_functionality/shape_editor.rs,same_file,1,True,tree_sitter,rust,1.000000,1.000000,,False,,0,0.000000,0.000000,0.000000,0.000000,disabled,1.000000,1.000000
6e7f8c99f0e61d57,100%,100,91-100,100%,100,91-100,rust,regex,True,1.000000,1.000000,1.000000,1.000000,1.000000,1.000000,1.000000,1.000000,1.000000,1.000000,1.000000,1.000000,1.000000,1.000000,1.000000,1.000000,5,1,editor/src/messages/tool/transform_layer/transform_layer_message_handler.rs,same_file,1,True,tree_sitter,rust,1.000000,1.000000,,False,,0,0.000000,0.000000,0.000000,0.000000,disabled,1.000000,1.000000
4460b64c81b70a2c,mostly,85,81-90,mostly,80,71-80,rust,pygments,False,0.500000,1.000000,1.000000,1.000000,1.000000,0.500000,1.000000,0.298246,0.459459,1.000000,1.000000,1.000000,0.500000,0.911765,0.181818,1.000000,9,11,editor/src/messages/tool/tool_messages/gradient_tool.rs,same_file,2,True,tree_sitter,rust,0.965517,0.965517,,False,,0,0.000000,0.000000,0.000000,0.000000,disabled,1.000000,0.500000
651855e73c625cb1,100%,100,91-100,100%,100,91-100,rust,pygments,True,1.000000,1.000000,1.000000,1.000000,1.000000,1.000000,1.000000,1.000000,1.000000,1.000000,1.000000,1.000000,1.000000,1.000000,1.000000,1.000000,12,1,editor/src/messages/tool/tool_messages/spline_tool.rs,same_file,1,True,tree_sitter,rust,1.000000,1.000000,,False,,0,0.000000,0.000000,0.000000,0.000000,disabled,1.000000,1.000000
a1374d2c7f78a390,100%,100,91-100,100%,100,91-100,rust,pygments,True,1.000000,1.000000,1.000000,1.000000,1.000000,1.000000,1.000000,1.000000,1.000000,1.000000,1.000000,1.000000,1.000000,1.000000,1.000000,1.000000,4,1,editor/src/consts.rs,same_file,1,True,tree_sitter,rust,1.000000,1.000000,,False,,0,0.000000,0.000000,0.000000,0.000000,disabled,1.000000,1.000000
e07b42d8e345f215,100%,100,91-100,100%,100,91-100,rust,regex,True,1.000000,1.000000,1.000000,1.000000,1.000000,1.000000,1.000000,1.000000,1.000000,1.000000,1.000000,1.000000,1.000000,1.000000,1.000000,1.000000,24,1,editor/src/messages/tool/tool_messages/path_tool.rs,same_file,1,True,tree_sitter,rust,1.000000,1.000000,,False,,0,0.000000,0.000000,0.000000,0.000000,disabled,1.000000,1.000000
902a9055fddd70a8,100%,100,91-100,100%,100,91-100,rust,pygments,True,1.000000,1.000000,1.000000,1.000000,1.000000,1.000000,1.000000,1.000000,1.000000,1.000000,1.000000,1.000000,1.000000,1.000000,1.000000,1.000000,6,1,editor/src/messages/tool/common_functionality/shape_editor.rs,same_file,4,True,tree_sitter,rust,1.000000,1.000000,,False,,0,0.000000,0.000000,0.000000,0.000000,disabled,1.000000,1.000000
07f83bbb4accd460,100%,100,91-100,100%,100,91-100,rust,pygments,True,1.000000,1.000000,1.000000,1.000000,1.000000,1.000000,1.000000,1.000000,1.000000,1.000000,1.000000,1.000000,1.000000,1.000000,1.000000,1.000000,6,3,editor/src/messages/portfolio/document/utility_types/misc.rs,same_file,1,True,tree_sitter,rust,1.000000,1.000000,,False,,0,0.000000,0.000000,0.000000,0.000000,disabled,1.000000,1.000000
9eb12f6e52419630,100%,100,91-100,100%,100,91-100,rust,regex,True,1.000000,1.000000,1.000000,1.000000,1.000000,1.000000,1.000000,1.000000,1.000000,1.000000,1.000000,1.000000,1.000000,1.000000,1.000000,1.000000,11,1,node-graph/gcore/src/vector/algorithms/bezpath_algorithms.rs,same_file,1,True,tree_sitter,rust,1.000000,1.000000,,False,,0,0.000000,0.000000,0.000000,0.000000,disabled,1.000000,1.000000
067ee6d49cf6d578,0%,0,0,partial,49,41-50,rust,pygments,False,0.000000,0.333333,0.555556,0.333333,0.555556,0.000000,0.333333,0.111111,0.166667,0.555556,0.333333,0.555556,0.000000,0.555556,0.400000,0.500000,4,2,desktop/src/main.rs,neighboring_same_file,3,True,tree_sitter,rust,0.363636,0.363636,,False,,0,0.000000,0.000000,0.000000,0.000000,disabled,1.000000,0.000000
64357ec84e6cae30,100%,100,91-100,100%,100,91-100,rust,pygments,True,1.000000,1.000000,1.000000,1.000000,1.000000,1.000000,1.000000,1.000000,1.000000,1.000000,1.000000,1.000000,1.000000,1.000000,1.000000,0.000000,0,1,editor/src/messages/tool/common_functionality/snapping/layer_snapper.rs,same_file,1,True,tree_sitter,rust,1.000000,1.000000,,False,,0,0.000000,0.000000,0.000000,0.000000,disabled,1.000000,1.000000
82399b385e79d3e7,100%,100,91-100,100%,100,91-100,rust,pygments,True,1.000000,1.000000,1.000000,1.000000,1.000000,1.000000,1.000000,1.000000,1.000000,1.000000,1.000000,1.000000,1.000000,1.000000,1.000000,1.000000,10,1,node-graph/gcore/src/vector/algorithms/bezpath_algorithms.rs,same_file,1,True,tree_sitter,rust,1.000000,1.000000,,False,,0,0.000000,0.000000,0.000000,0.000000,disabled,1.000000,1.000000
bc96634fe5ea1503,100%,100,91-100,100%,100,91-100,text,regex,True,1.000000,1.000000,1.000000,1.000000,1.000000,1.000000,1.000000,0.166667,0.285714,1.000000,1.000000,1.000000,1.000000,1.000000,0.166667,1.000000,2,6,frontend/src/components/window/workspace/Panel.svelte,same_file,2,False,,,0.000000,0.000000,no supported local structural parser,False,,0,0.000000,0.000000,0.000000,0.000000,disabled,1.000000,1.000000
69c043da4e689bf0,partial,19,11-20,partial,55,51-60,rust,pygments,False,0.157895,0.330472,0.330472,0.330472,0.330472,0.157895,0.330472,1.000000,0.496774,0.330472,0.330472,0.330472,0.052632,0.330472,0.157895,0.372093,86,3,node-graph/gcore/src/vector/vector_nodes.rs,same_file,2,True,tree_sitter,rust,0.291667,0.291667,,False,,0,0.000000,0.000000,0.000000,0.000000,disabled,1.000000,0.157900
fabff04978af02fe,100%,100,91-100,100%,100,91-100,shell,pygments,True,1.000000,1.000000,1.000000,1.000000,1.000000,1.000000,1.000000,1.000000,1.000000,1.000000,1.000000,1.000000,1.000000,1.000000,1.000000,0.000000,0,1,.github/workflows/scripts/artifact-upload.bash,same_file,1,False,,,0.000000,0.000000,no supported local structural parser,False,,0,0.000000,0.000000,0.000000,0.000000,disabled,1.000000,1.000000
9ee8fdf02c19d786,0%,0,0,0%,0,0,rust,pygments,False,0.000000,0.631579,1.000000,0.631579,1.000000,0.000000,0.631579,0.051948,0.096000,1.000000,0.631579,1.000000,0.000000,1.000000,0.040000,0.000000,7,25,editor/src/messages/tool/common_functionality/shapes/arrow_shape.rs,same_file,1,True,tree_sitter,rust,1.000000,1.000000,,False,,0,0.000000,0.000000,0.000000,0.000000,disabled,1.000000,0.000000
ea3b61aeac13d8c4,100%,100,91-100,100%,100,91-100,rust,pygments,True,1.000000,1.000000,1.000000,1.000000,1.000000,1.000000,1.000000,1.000000,1.000000,1.000000,1.000000,1.000000,1.000000,1.000000,1.000000,1.000000,6,1,editor/src/messages/tool/tool_messages/shape_tool.rs,same_file,1,True,tree_sitter,rust,1.000000,1.000000,,False,,0,0.000000,0.000000,0.000000,0.000000,disabled,1.000000,1.000000
60fb0b3570780212,100%,100,91-100,100%,100,91-100,rust,pygments,True,1.000000,1.000000,1.000000,1.000000,1.000000,1.000000,1.000000,0.517241,0.681818,1.000000,1.000000,1.000000,1.000000,1.000000,0.200000,1.000000,31,15,node-graph/graph-craft/src/proto.rs,same_file,2,True,tree_sitter,rust,0.700000,0.700000,,False,,0,0.000000,0.000000,0.000000,0.000000,disabled,1.000000,1.000000
aff478a7b42538c1,100%,100,91-100,100%,100,91-100,rust,pygments,True,1.000000,1.000000,1.000000,1.000000,1.000000,1.000000,1.000000,1.000000,1.000000,1.000000,1.000000,1.000000,1.000000,1.000000,1.000000,1.000000,12,1,node-graph/graph-craft/src/document.rs,same_file,1,True,tree_sitter,rust,1.000000,1.000000,,False,,0,0.000000,0.000000,0.000000,0.000000,disabled,1.000000,1.000000
02be8de52d7fc64a,100%,100,91-100,100%,100,91-100,rust,regex,True,1.000000,0.083333,0.875000,0.083333,0.875000,1.000000,1.000000,1.000000,1.000000,1.000000,1.000000,1.000000,1.000000,1.000000,1.000000,1.000000,13,1,node-graph/graph-craft/src/proto.rs,same_file,4,True,tree_sitter,rust,1.000000,1.000000,,False,,0,0.000000,0.000000,0.000000,0.000000,disabled,1.000000,1.000000
77904f1f10d1ca56,100%,90,81-90,mostly,82,81-90,rust,pygments,False,0.000000,0.888889,1.000000,0.888889,1.000000,0.000000,0.888889,0.888889,0.888889,1.000000,0.888889,1.000000,0.000000,1.000000,1.000000,0.800000,10,2,editor/src/consts.rs,same_file,1,True,tree_sitter,rust,1.000000,1.000000,,False,,0,0.000000,0.000000,0.000000,0.000000,disabled,1.000000,0.000000
35ab322afedab4a7,100%,100,91-100,100%,100,91-100,rust,pygments,True,1.000000,1.000000,1.000000,1.000000,1.000000,1.000000,1.000000,0.176744,0.300395,1.000000,1.000000,1.000000,1.000000,1.000000,0.129032,1.000000,13,31,editor/src/messages/tool/common_functionality/shape_editor.rs,same_file,3,True,tree_sitter,rust,0.952381,0.952381,,False,,0,0.000000,0.000000,0.000000,0.000000,disabled,1.000000,1.000000
cf4b58437e5d80e4,100%,100,91-100,100%,100,91-100,rust,pygments,True,1.000000,1.000000,1.000000,1.000000,1.000000,1.000000,1.000000,1.000000,1.000000,1.000000,1.000000,1.000000,1.000000,1.000000,1.000000,1.000000,22,1,editor/src/messages/tool/common_functionality/shape_editor.rs,same_file,3,True,tree_sitter,rust,1.000000,1.000000,,False,,0,0.000000,0.000000,0.000000,0.000000,disabled,1.000000,1.000000
a79650d06d11aa25,100%,100,91-100,100%,100,91-100,rust,pygments,True,1.000000,1.000000,1.000000,1.000000,1.000000,1.000000,1.000000,1.000000,1.000000,1.000000,1.000000,1.000000,1.000000,1.000000,1.000000,0.000000,0,1,node-graph/nodes/gcore/src/memo.rs,same_file,3,True,tree_sitter,rust,1.000000,1.000000,,False,,0,0.000000,0.000000,0.000000,0.000000,disabled,1.000000,1.000000
e78ed3346d62dbab,100%,100,91-100,100%,100,91-100,rust,pygments,True,1.000000,1.000000,1.000000,1.000000,1.000000,1.000000,1.000000,1.000000,1.000000,1.000000,1.000000,1.000000,0.000000,1.000000,1.000000,0.000000,0,1,node-graph/nodes/gcore/src/memo.rs,same_file,3,True,tree_sitter,rust,1.000000,1.000000,,False,,0,0.000000,0.000000,0.000000,0.000000,disabled,1.000000,1.000000
ec68eaf45cb8b6f7,100%,100,91-100,100%,100,91-100,rust,pygments,True,1.000000,1.000000,1.000000,1.000000,1.000000,1.000000,1.000000,0.078947,0.146341,1.000000,1.000000,1.000000,1.000000,1.000000,0.071429,1.000000,3,14,node-graph/nodes/vector/src/generator_nodes.rs,same_file,1,True,tree_sitter,rust,1.000000,1.000000,,False,,0,0.000000,0.000000,0.000000,0.000000,disabled,1.000000,1.000000
0c49a00b78652cab,100%,100,91-100,100%,100,91-100,rust,pygments,True,1.000000,1.000000,1.000000,1.000000,1.000000,1.000000,1.000000,1.000000,1.000000,1.000000,1.000000,1.000000,1.000000,1.000000,1.000000,1.000000,14,3,editor/src/node_graph_executor.rs,same_file,3,True,tree_sitter,rust,1.000000,1.000000,,False,,0,0.000000,0.000000,0.000000,0.000000,disabled,1.000000,1.000000
64a54756173bfcb8,100%,100,91-100,100%,100,91-100,rust,pygments,True,1.000000,1.000000,1.000000,1.000000,1.000000,1.000000,1.000000,1.000000,1.000000,1.000000,1.000000,1.000000,1.000000,1.000000,1.000000,1.000000,6,3,editor/src/messages/tool/tool_messages/shape_tool.rs,same_file,1,True,tree_sitter,rust,1.000000,1.000000,,False,,0,0.000000,0.000000,0.000000,0.000000,disabled,1.000000,1.000000
fd42c84164126b7e,100%,100,91-100,100%,100,91-100,rust,regex,True,1.000000,1.000000,1.000000,1.000000,1.000000,1.000000,1.000000,1.000000,1.000000,1.000000,1.000000,1.000000,1.000000,1.000000,1.000000,1.000000,12,1,node-graph/libraries/vector-types/src/subpath/core.rs,same_file,1,True,tree_sitter,rust,1.000000,1.000000,,False,,0,0.000000,0.000000,0.000000,0.000000,disabled,1.000000,1.000000
78f862e9d9d065b8,100%,100,91-100,100%,100,91-100,rust,pygments,True,1.000000,1.000000,1.000000,1.000000,1.000000,1.000000,1.000000,1.000000,1.000000,1.000000,1.000000,1.000000,1.000000,1.000000,1.000000,1.000000,13,3,node-graph/nodes/vector/src/vector_nodes.rs,same_file,2,True,tree_sitter,rust,1.000000,1.000000,,False,,0,0.000000,0.000000,0.000000,0.000000,disabled,1.000000,1.000000
09a6993bcbcd6119,partial,59,51-60,partial,55,51-60,rust,pygments,False,0.454545,0.910112,1.000000,0.932584,1.000000,0.363636,0.910112,0.210390,0.341772,1.000000,0.932584,1.000000,0.181818,0.955056,0.289474,0.800000,40,38,editor/src/messages/tool/tool_messages/gradient_tool.rs,same_file,1,True,tree_sitter,rust,0.949367,0.949367,,False,,0,0.000000,0.000000,0.000000,0.000000,disabled,1.000000,0.454500
a98bf1398b9267eb,100%,100,91-100,100%,100,91-100,rust,pygments,True,1.000000,1.000000,1.000000,1.000000,1.000000,1.000000,1.000000,1.000000,1.000000,1.000000,1.000000,1.000000,1.000000,1.000000,1.000000,1.000000,11,1,editor/src/messages/input_mapper/input_mappings.rs,same_file,1,True,tree_sitter,rust,1.000000,1.000000,,False,,0,0.000000,0.000000,0.000000,0.000000,disabled,1.000000,1.000000
3f04dcee78996dc5,partial,45,41-50,0%,0,0,typescript,pygments,False,0.000000,0.866667,1.000000,0.866667,1.000000,0.000000,0.600000,0.090909,0.157895,1.000000,0.600000,1.000000,0.000000,1.000000,0.333333,0.428571,7,3,backend/src/lib/api-docs/constants.ts,same_file,3,True,tree_sitter,typescript,1.000000,1.000000,,False,,0,0.000000,0.000000,0.000000,0.000000,disabled,1.000000,0.000000
91142a6b91331456,100%,100,91-100,100%,100,91-100,typescript,pygments,True,1.000000,1.000000,1.000000,1.000000,1.000000,1.000000,1.000000,1.000000,1.000000,1.000000,1.000000,1.000000,1.000000,1.000000,1.000000,1.000000,16,4,backend/src/services/app-connection/checkly/checkly-connection-public-client.ts,same_file,4,True,tree_sitter,typescript,1.000000,1.000000,,False,,0,0.000000,0.000000,0.000000,0.000000,disabled,1.000000,1.000000
6c46fe2ee287b479,partial,50,41-50,mostly,78,71-80,typescript,pygments,False,0.500000,0.937500,0.937500,0.937500,0.937500,0.500000,0.812500,0.178082,0.292135,0.812500,0.812500,0.812500,0.500000,0.687500,0.111111,1.000000,3,18,frontend/src/components/v2/InfisicalSecretInput/InfisicalSecretInput.tsx,same_file,4,True,tree_sitter,typescript,0.928571,0.928571,,False,,0,0.000000,0.000000,0.000000,0.000000,disabled,1.000000,0.500000
f0c1edc80ebfe010,mostly,65,61-70,partial,55,51-60,typescript,pygments,False,0.111111,0.771930,0.771930,0.771930,0.771930,0.111111,0.771930,0.916667,0.838095,0.771930,0.771930,0.771930,0.111111,0.771930,0.444444,0.923077,13,4,frontend/vite.config.ts,same_file,2,True,tree_sitter,typescript,0.756098,0.756098,,False,,0,0.000000,0.000000,0.000000,0.000000,disabled,1.000000,0.111100
a5cc3c54216fadd2,100%,100,91-100,100%,100,91-100,typescript,pygments,True,1.000000,1.000000,1.000000,1.000000,1.000000,1.000000,1.000000,0.241135,0.388571,1.000000,1.000000,1.000000,1.000000,1.000000,0.250000,1.000000,19,4,backend/src/lib/api-docs/constants.ts,same_file,1,True,tree_sitter,typescript,1.000000,1.000000,,False,,0,0.000000,0.000000,0.000000,0.000000,disabled,1.000000,1.000000
ff9753610d6cb240,100%,100,91-100,100%,100,91-100,typescript,pygments,True,1.000000,1.000000,1.000000,1.000000,1.000000,1.000000,1.000000,0.567376,0.723982,1.000000,1.000000,1.000000,1.000000,1.000000,0.500000,1.000000,33,4,backend/src/lib/api-docs/constants.ts,same_file,1,True,tree_sitter,typescript,1.000000,1.000000,,False,,0,0.000000,0.000000,0.000000,0.000000,disabled,1.000000,1.000000
301f16781c55b892,100%,100,91-100,100%,100,91-100,typescript,pygments,True,1.000000,1.000000,1.000000,1.000000,1.000000,1.000000,1.000000,0.191489,0.321429,1.000000,1.000000,1.000000,1.000000,1.000000,0.250000,1.000000,16,4,backend/src/lib/api-docs/constants.ts,same_file,1,True,tree_sitter,typescript,1.000000,1.000000,,False,,0,0.000000,0.000000,0.000000,0.000000,disabled,1.000000,1.000000
bbf297ec4eae1974,100%,100,91-100,100%,100,91-100,typescript,regex,True,1.000000,1.000000,1.000000,1.000000,1.000000,1.000000,1.000000,1.000000,1.000000,1.000000,1.000000,1.000000,1.000000,1.000000,1.000000,1.000000,8,1,frontend/src/layouts/OrganizationLayout/components/NavBar/NewSubOrganizationForm.tsx,same_file,1,True,tree_sitter,typescript,1.000000,1.000000,,False,,0,0.000000,0.000000,0.000000,0.000000,disabled,1.000000,1.000000
89546e253b383cda,partial,18,11-20,partial,57,51-60,typescript,pygments,False,0.000000,0.642857,0.750000,0.642857,0.750000,0.000000,0.482143,0.402985,0.439024,0.750000,0.482143,0.750000,0.000000,0.535714,0.666667,0.117647,17,8,frontend/src/pages/secret-manager/OverviewPage/components/SecretTableRow/SecretEditTableRow.tsx,neighboring_same_file,5,True,tree_sitter,typescript,0.567568,0.567568,,False,,0,0.000000,0.000000,0.000000,0.000000,disabled,1.000000,0.000000
17021de8cfa2d95c,0%,0,0,0%,0,0,text,pygments,False,0.000000,0.442623,0.852459,0.442623,0.852459,0.000000,0.442623,0.195652,0.271357,0.852459,0.442623,0.852459,0.000000,0.770492,0.285714,0.259259,27,14,compiler/ir/backend.common/src/org/jetbrains/kotlin/backend/common/lower/StringTrimLowering.kt,neighboring_same_file,5,False,,,0.000000,0.000000,no supported local structural parser,False,,0,0.000000,0.000000,0.000000,0.000000,disabled,1.000000,0.000000
4b584016fc237c10,partial,50,41-50,mostly,82,81-90,text,pygments,False,0.000000,1.000000,1.000000,1.000000,1.000000,0.000000,1.000000,0.272727,0.428571,1.000000,1.000000,1.000000,0.000000,1.000000,0.250000,1.000000,8,8,libraries/tools/kotlin-gradle-plugin/src/main/kotlin/org/jetbrains/kotlin/gradle/targets/native/performance/PerformanceExtension.kt,same_file,2,False,,,0.000000,0.000000,no supported local structural parser,False,,0,0.000000,0.000000,0.000000,0.000000,disabled,1.000000,0.000000
de8e29b6dbadc895,mostly,74,71-80,partial,55,51-60,text,pygments,False,0.400000,0.974359,1.000000,0.974359,1.000000,0.400000,0.974359,0.361905,0.527778,1.000000,0.974359,1.000000,0.200000,0.897436,0.625000,0.941176,17,8,libraries/tools/kotlin-gradle-plugin/src/main/kotlin/org/jetbrains/kotlin/gradle/targets/native/performance/KotlinPerformancePlugin.kt,same_file,2,False,,,0.000000,0.000000,no supported local structural parser,False,,0,0.000000,0.000000,0.000000,0.000000,disabled,1.000000,0.400000
6c5a8771fe776f6d,100%,100,91-100,100%,100,91-100,text,pygments,True,1.000000,1.000000,1.000000,1.000000,1.000000,1.000000,1.000000,0.148148,0.258065,1.000000,1.000000,1.000000,1.000000,1.000000,0.142857,1.000000,7,7,libraries/tools/kotlin-gradle-plugin/src/main/kotlin/org/jetbrains/kotlin/gradle/targets/native/tasks/KotlinNativePerformanceTask.kt,same_file,2,False,,,0.000000,0.000000,no supported local structural parser,False,,0,0.000000,0.000000,0.000000,0.000000,disabled,1.000000,1.000000
65f93a0be948055b,100%,100,91-100,mostly,88,81-90,text,pygments,False,0.500000,0.967742,1.000000,0.967742,1.000000,0.500000,0.967742,0.967742,0.967742,1.000000,0.967742,1.000000,0.500000,1.000000,1.000000,0.933333,15,2,libraries/tools/kotlin-gradle-plugin/src/main/kotlin/org/jetbrains/kotlin/gradle/targets/native/performance/KotlinPerformancePlugin.kt,same_file,2,False,,,0.000000,0.000000,no supported local structural parser,False,,0,0.000000,0.000000,0.000000,0.000000,disabled,1.000000,0.500000
cd5c34a7ab803a11,mostly,67,61-70,100%,100,91-100,text,pygments,True,0.666667,1.000000,1.000000,1.000000,1.000000,0.666667,1.000000,0.230769,0.375000,1.000000,1.000000,1.000000,0.666667,1.000000,0.250000,1.000000,12,12,libraries/stdlib/samples/test/samples/misc/preconditions.kt,same_file,2,False,,,0.000000,0.000000,no supported local structural parser,False,,0,0.000000,0.000000,0.000000,0.000000,disabled,1.000000,0.666700
ea07366ba1cee4d5,0%,0,0,0%,0,0,text,pygments,False,0.000000,0.500000,0.875000,0.500000,0.875000,0.000000,0.500000,0.259740,0.341880,0.875000,0.500000,0.875000,0.000000,0.625000,1.000000,0.000000,12,7,compiler/ir/backend.jvm/src/org/jetbrains/kotlin/backend/jvm/codegen/ExpressionCodegen.kt,neighboring_same_file,4,False,,,0.000000,0.000000,no supported local structural parser,False,,0,0.000000,0.000000,0.000000,0.000000,disabled,1.000000,0.000000
262dcef57a2faf52,partial,30,21-30,mostly,76,71-80,text,pygments,False,0.000000,0.862745,0.941176,0.862745,0.941176,0.000000,0.862745,0.283871,0.427184,0.941176,0.862745,0.941176,0.000000,0.862745,0.200000,0.789474,19,15,idea/src/org/jetbrains/kotlin/idea/inspections/RedundantWithInspection.kt,same_file,2,False,,,0.000000,0.000000,no supported local structural parser,False,,0,0.000000,0.000000,0.000000,0.000000,disabled,1.000000,0.000000
d8f8c21d3636d6dd,100%,100,91-100,100%,100,91-100,text,pygments,True,1.000000,1.000000,1.000000,1.000000,1.000000,1.000000,1.000000,1.000000,1.000000,1.000000,1.000000,1.000000,1.000000,1.000000,1.000000,1.000000,8,1,compiler/ir/backend.jvm/src/org/jetbrains/kotlin/backend/jvm/codegen/irCodegenUtils.kt,same_file,4,False,,,0.000000,0.000000,no supported local structural parser,False,,0,0.000000,0.000000,0.000000,0.000000,disabled,1.000000,1.000000
a1231b11490a324d,100%,100,91-100,100%,100,91-100,text,pygments,True,1.000000,1.000000,1.000000,1.000000,1.000000,1.000000,1.000000,1.000000,1.000000,1.000000,1.000000,1.000000,1.000000,1.000000,1.000000,1.000000,4,1,compiler/ir/backend.common/src/org/jetbrains/kotlin/backend/common/ir/IrUtils.kt,same_file,1,False,,,0.000000,0.000000,no supported local structural parser,False,,0,0.000000,0.000000,0.000000,0.000000,disabled,1.000000,1.000000
9294ff20a8b69d40,0%,0,0,0%,0,0,text,pygments,False,0.000000,0.600000,0.800000,0.600000,0.800000,0.000000,0.600000,0.200000,0.300000,0.800000,0.600000,0.800000,0.000000,0.600000,0.500000,0.333333,3,2,compiler/ir/backend.common/src/org/jetbrains/kotlin/backend/common/lower/AbstractSuspendFunctionsLowering.kt,neighboring_same_file,3,False,,,0.000000,0.000000,no supported local structural parser,False,,0,0.000000,0.000000,0.000000,0.000000,disabled,1.000000,0.000000
4c9546302bf1777f,100%,100,91-100,100%,100,91-100,text,pygments,True,1.000000,1.000000,1.000000,1.000000,1.000000,1.000000,1.000000,0.263158,0.416667,1.000000,1.000000,1.000000,1.000000,1.000000,0.250000,1.000000,6,4,compiler/ir/ir.tree/src/org/jetbrains/kotlin/ir/types/irTypePredicates.kt,same_file,4,False,,,0.000000,0.000000,no supported local structural parser,False,,0,0.000000,0.000000,0.000000,0.000000,disabled,1.000000,1.000000
7e0dbd814e822851,100%,100,91-100,100%,100,91-100,text,pygments,True,1.000000,1.000000,1.000000,1.000000,1.000000,1.000000,1.000000,1.000000,1.000000,1.000000,1.000000,1.000000,1.000000,1.000000,1.000000,1.000000,3,1,compiler/ir/ir.tree/src/org/jetbrains/kotlin/ir/types/irTypePredicates.kt,same_file,1,False,,,0.000000,0.000000,no supported local structural parser,False,,0,0.000000,0.000000,0.000000,0.000000,disabled,1.000000,1.000000
6dc0bb95928d573f,100%,100,91-100,100%,100,91-100,text,pygments,True,1.000000,1.000000,1.000000,1.000000,1.000000,1.000000,1.000000,0.800000,0.888889,1.000000,1.000000,1.000000,1.000000,1.000000,0.250000,1.000000,9,4,compiler/ir/ir.tree/src/org/jetbrains/kotlin/ir/util/DeclarationStubGenerator.kt,same_file,2,False,,,0.000000,0.000000,no supported local structural parser,False,,0,0.000000,0.000000,0.000000,0.000000,disabled,1.000000,1.000000
bb5729e38b2e3737,0%,0,0,0%,0,0,text,pygments,False,0.000000,0.000000,0.500000,0.000000,0.500000,0.000000,0.000000,0.000000,0.000000,0.500000,0.000000,0.500000,0.000000,0.500000,0.033333,0.000000,1,30,plugins/kotlin-serialization/kotlin-serialization-compiler/src/org/jetbrains/kotlinx/serialization/compiler/backend/jvm/SerializableCodegenImpl.kt,same_file,2,False,,,0.000000,0.000000,no supported local structural parser,False,,0,0.000000,0.000000,0.000000,0.000000,disabled,1.000000,0.000000
c8ee5fd7b9c4b6cd,100%,100,91-100,100%,100,91-100,text,pygments,True,1.000000,1.000000,1.000000,1.000000,1.000000,1.000000,1.000000,1.000000,1.000000,1.000000,1.000000,1.000000,1.000000,1.000000,1.000000,1.000000,4,1,compiler/ir/ir.tree/src/org/jetbrains/kotlin/ir/util/IrUtils.kt,same_file,5,False,,,0.000000,0.000000,no supported local structural parser,False,,0,0.000000,0.000000,0.000000,0.000000,disabled,1.000000,1.000000
b604927724aa41cf,partial,49,41-50,mostly,82,81-90,text,pygments,False,0.454545,0.611940,0.611940,0.611940,0.611940,0.454545,0.611940,1.000000,0.759259,0.611940,0.611940,0.611940,0.363636,0.611940,0.454545,0.578947,19,5,compiler/testData/codegen/box/traits/abstractClassWithFakeOverride.kt,neighboring_same_file,3,False,,,0.000000,0.000000,no supported local structural parser,False,,0,0.000000,0.000000,0.000000,0.000000,disabled,1.000000,0.454500
de1ffa52eb0fbf32,0%,0,0,partial,35,31-40,text,pygments,False,0.000000,0.109375,0.187500,0.140625,0.187500,0.000000,0.109375,0.411765,0.172840,0.187500,0.140625,0.187500,0.000000,0.171875,0.071429,0.000000,19,1,compiler/ir/backend.common/src/org/jetbrains/kotlin/backend/common/lower/optimizations/PropertyAccessorInlineLowering.kt,same_file,2,False,,,0.000000,0.000000,no supported local structural parser,False,,0,0.000000,0.000000,0.000000,0.000000,disabled,1.000000,0.000000
84cd8aa15311bcd9,100%,100,91-100,100%,100,91-100,text,pygments,True,1.000000,1.000000,1.000000,1.000000,1.000000,1.000000,1.000000,0.158730,0.273973,1.000000,1.000000,1.000000,1.000000,1.000000,0.333333,1.000000,6,3,plugins/kotlin-serialization/kotlin-serialization-compiler/src/org/jetbrains/kotlinx/serialization/compiler/backend/ir/SerializableCompanionIrGenerator.kt,same_file,1,False,,,0.000000,0.000000,no supported local structural parser,False,,0,0.000000,0.000000,0.000000,0.000000,disabled,1.000000,1.000000
80774ca46dc93772,100%,90,81-90,mostly,82,81-90,java,pygments,False,0.000000,0.935484,0.935484,0.935484,0.935484,0.000000,0.935484,0.376623,0.537037,0.935484,0.935484,0.935484,0.000000,0.935484,0.200000,1.000000,7,5,compiler/cli/src/org/jetbrains/kotlin/cli/jvm/compiler/CompileEnvironmentUtil.java,same_file,3,True,tree_sitter,java,0.950000,0.950000,,False,,0,0.000000,0.000000,0.000000,0.000000,disabled,1.000000,0.000000
84037264c9bd26f6,100%,100,91-100,100%,100,91-100,java,pygments,True,1.000000,1.000000,1.000000,1.000000,1.000000,1.000000,1.000000,1.000000,1.000000,1.000000,1.000000,1.000000,1.000000,1.000000,1.000000,1.000000,14,1,compiler/config.jvm/src/org/jetbrains/kotlin/config/JVMConfigurationKeys.java,same_file,3,True,tree_sitter,java,1.000000,1.000000,,False,,0,0.000000,0.000000,0.000000,0.000000,disabled,1.000000,1.000000
779366faa72864fd,100%,100,91-100,100%,100,91-100,java,pygments,True,1.000000,1.000000,1.000000,1.000000,1.000000,1.000000,1.000000,1.000000,1.000000,1.000000,1.000000,1.000000,1.000000,1.000000,1.000000,1.000000,5,1,compiler/cli/src/org/jetbrains/kotlin/cli/jvm/compiler/CompileEnvironmentUtil.java,same_file,3,True,tree_sitter,java,1.000000,1.000000,,False,,0,0.000000,0.000000,0.000000,0.000000,disabled,1.000000,1.000000
a59e5e88dd892b09,partial,25,21-30,partial,55,51-60,text,pygments,False,0.250000,0.372093,0.372093,0.372093,0.372093,0.250000,0.372093,1.000000,0.542373,0.372093,0.372093,0.372093,0.250000,0.372093,0.250000,0.400000,15,1,plugins/kapt3/kapt3-compiler/src/org/jetbrains/kotlin/kapt3/stubs/parseParameters.kt,same_file,2,False,,,0.000000,0.000000,no supported local structural parser,False,,0,0.000000,0.000000,0.000000,0.000000,disabled,1.000000,0.250000
7c78fbd484378d56,partial,56,51-60,mostly,88,81-90,text,pygments,False,0.666667,1.000000,1.000000,1.000000,1.000000,0.666667,1.000000,0.774194,0.872727,1.000000,1.000000,1.000000,0.666667,1.000000,0.600000,1.000000,11,5,idea/idea-frontend-fir/idea-fir-low-level-api/src/org/jetbrains/kotlin/idea/fir/low/level/api/lazy/resolve/FirLazyDeclarationResolver.kt,same_file,5,False,,,0.000000,0.000000,no supported local structural parser,False,,0,0.000000,0.000000,0.000000,0.000000,disabled,1.000000,0.666700
13b676122f2b3086,0%,0,0,0%,0,0,text,pygments,False,0.000000,0.000000,0.000000,0.000000,0.000000,0.000000,0.000000,0.000000,0.000000,0.000000,0.000000,0.000000,0.000000,0.000000,0.000000,0.000000,0,0,,,2,False,,,0.000000,0.000000,no supported local structural parser,False,,0,0.000000,0.000000,0.000000,0.000000,disabled,1.000000,0.000000
191884de2722277b,0%,0,0,0%,0,0,text,regex,False,0.000000,0.000000,0.200000,0.000000,0.200000,0.000000,0.000000,0.000000,0.000000,0.200000,0.000000,0.200000,0.000000,0.200000,0.500000,0.000000,1,6,kotlin-native/backend.native/compiler/ir/backend.native/src/org/jetbrains/kotlin/backend/konan/objcexport/StubRenderer.kt,same_file,2,False,,,0.000000,0.000000,no supported local structural parser,False,,0,0.000000,0.000000,0.000000,0.000000,disabled,1.000000,0.000000
effbed3fc524fdb6,100%,100,91-100,100%,100,91-100,text,pygments,True,1.000000,1.000000,1.000000,1.000000,1.000000,1.000000,1.000000,1.000000,1.000000,1.000000,1.000000,1.000000,1.000000,1.000000,1.000000,1.000000,13,2,plugins/kotlin-serialization/kotlin-serialization-compiler/src/org/jetbrains/kotlinx/serialization/compiler/backend/ir/SerializableIrGenerator.kt,same_file,2,False,,,0.000000,0.000000,no supported local structural parser,False,,0,0.000000,0.000000,0.000000,0.000000,disabled,1.000000,1.000000
063169b106628f45,100%,100,91-100,100%,100,91-100,text,regex,True,1.000000,1.000000,1.000000,1.000000,1.000000,1.000000,1.000000,1.000000,1.000000,1.000000,1.000000,1.000000,1.000000,1.000000,1.000000,1.000000,10,1,plugins/kotlin-serialization/kotlin-serialization-compiler/src/org/jetbrains/kotlinx/serialization/compiler/backend/ir/SerializableIrGenerator.kt,same_file,1,False,,,0.000000,0.000000,no supported local structural parser,False,,0,0.000000,0.000000,0.000000,0.000000,disabled,1.000000,1.000000
6bdc362f543d8c52,partial,50,41-50,partial,55,51-60,text,pygments,False,0.500000,0.529412,0.568627,0.529412,0.568627,0.500000,0.529412,0.794118,0.635294,0.568627,0.529412,0.568627,0.125000,0.568627,0.750000,0.384615,26,6,compiler/ir/backend.jvm/entrypoint/src/org/jetbrains/kotlin/backend/jvm/FacadeClassSourceShimForFragmentCompilation.kt,same_file,1,False,,,0.000000,0.000000,no supported local structural parser,False,,0,0.000000,0.000000,0.000000,0.000000,disabled,1.000000,0.500000
39181e95b63ed2fc,100%,100,91-100,mostly,88,81-90,text,pygments,False,0.500000,1.000000,1.000000,1.000000,1.000000,0.500000,1.000000,0.148515,0.258621,1.000000,1.000000,1.000000,0.500000,1.000000,0.200000,1.000000,5,10,compiler/ir/backend.jvm/entrypoint/src/org/jetbrains/kotlin/backend/jvm/JvmIrCodegenFactory.kt,same_file,3,False,,,0.000000,0.000000,no supported local structural parser,False,,0,0.000000,0.000000,0.000000,0.000000,disabled,1.000000,0.500000
65a666a68d6a1ebd,100%,95,91-100,mostly,88,81-90,text,pygments,False,0.500000,0.964286,1.000000,0.964286,1.000000,0.500000,0.964286,0.964286,0.964286,1.000000,0.964286,1.000000,0.500000,1.000000,1.000000,0.923077,13,2,compiler/ir/ir.psi2ir/src/org/jetbrains/kotlin/psi2ir/generators/fragments/FragmentModuleGenerator.kt,same_file,1,False,,,0.000000,0.000000,no supported local structural parser,False,,0,0.000000,0.000000,0.000000,0.000000,disabled,1.000000,0.500000
79917549fec3d905,100%,100,91-100,100%,100,91-100,text,pygments,True,1.000000,1.000000,1.000000,1.000000,1.000000,1.000000,1.000000,1.000000,1.000000,1.000000,1.000000,1.000000,1.000000,1.000000,1.000000,1.000000,2,1,compiler/ir/ir.psi2ir/src/org/jetbrains/kotlin/psi2ir/Psi2IrTranslator.kt,same_file,1,False,,,0.000000,0.000000,no supported local structural parser,False,,0,0.000000,0.000000,0.000000,0.000000,disabled,1.000000,1.000000
3cd5828ad878ec51,0%,0,0,partial,39,31-40,text,pygments,False,0.000000,0.196429,0.517857,0.196429,0.517857,0.000000,0.196429,0.305556,0.239130,0.517857,0.196429,0.517857,0.000000,0.410714,0.875000,0.047619,21,7,compiler/frontend/src/org/jetbrains/kotlin/idea/MainFunctionDetector.kt,same_file,2,False,,,0.000000,0.000000,no supported local structural parser,False,,0,0.000000,0.000000,0.000000,0.000000,disabled,1.000000,0.000000
ee7504ab99730602,partial,6,1-10,partial,55,51-60,text,pygments,False,0.200000,0.469388,0.816327,0.469388,0.816327,0.200000,0.469388,0.479167,0.474227,0.816327,0.469388,0.816327,0.200000,0.612245,0.714286,0.227273,22,7,compiler/ir/backend.common/src/org/jetbrains/kotlin/backend/common/lower/LocalDeclarationsLowering.kt,neighboring_same_file,6,False,,,0.000000,0.000000,no supported local structural parser,False,,0,0.000000,0.000000,0.000000,0.000000,disabled,1.000000,0.200000
bb4eb80986d7bdd4,0%,0,0,0%,0,0,text,pygments,False,0.000000,0.285714,0.857143,0.285714,0.857143,0.000000,0.285714,0.250000,0.266667,0.857143,0.285714,0.857143,0.000000,0.714286,0.333333,0.000000,3,1,plugins/parcelize/parcelize-compiler/src/org/jetbrains/kotlin/parcelize/ir/irUtils.kt,same_file,3,False,,,0.000000,0.000000,no supported local structural parser,False,,0,0.000000,0.000000,0.000000,0.000000,disabled,1.000000,0.000000
1af5ce7e3e2618c5,100%,100,91-100,100%,100,91-100,text,pygments,True,1.000000,1.000000,1.000000,1.000000,1.000000,1.000000,1.000000,1.000000,1.000000,1.000000,1.000000,1.000000,1.000000,1.000000,1.000000,1.000000,3,1,plugins/parcelize/parcelize-compiler/src/org/jetbrains/kotlin/parcelize/diagnostic/DefaultErrorMessagesParcelize.kt,same_file,1,False,,,0.000000,0.000000,no supported local structural parser,False,,0,0.000000,0.000000,0.000000,0.000000,disabled,1.000000,1.000000
12169bb446846dc0,0%,0,0,100%,100,91-100,text,pygments,True,0.000000,1.000000,1.000000,1.000000,1.000000,0.000000,1.000000,0.075000,0.139535,1.000000,1.000000,1.000000,0.000000,1.000000,0.333333,1.000000,2,3,plugins/parcelize/parcelize-compiler/src/org/jetbrains/kotlin/parcelize/ParcelizeDeclarationChecker.kt,same_file,6,False,,,0.000000,0.000000,no supported local structural parser,False,,0,0.000000,0.000000,0.000000,0.000000,disabled,1.000000,0.000000
0c7dfdbdb95dc9a0,100%,100,91-100,100%,100,91-100,text,pygments,True,1.000000,1.000000,1.000000,1.000000,1.000000,1.000000,1.000000,0.145161,0.253521,1.000000,1.000000,1.000000,1.000000,1.000000,0.083333,1.000000,8,12,libraries/kotlinx-metadata/jvm/src/kotlinx/metadata/jvm/JvmFlag.kt,same_file,1,False,,,0.000000,0.000000,no supported local structural parser,False,,0,0.000000,0.000000,0.000000,0.000000,disabled,1.000000,1.000000
9a0abc00b01767df,100%,100,91-100,100%,100,91-100,text,pygments,True,1.000000,1.000000,1.000000,1.000000,1.000000,1.000000,1.000000,0.129032,0.228571,1.000000,1.000000,1.000000,1.000000,1.000000,0.083333,1.000000,7,12,libraries/kotlinx-metadata/jvm/src/kotlinx/metadata/jvm/JvmFlag.kt,same_file,1,False,,,0.000000,0.000000,no supported local structural parser,False,,0,0.000000,0.000000,0.000000,0.000000,disabled,1.000000,1.000000
1a66f505207cb24d,partial,44,41-50,mostly,78,71-80,text,pygments,False,0.000000,0.727273,0.727273,0.727273,0.727273,0.000000,0.727273,0.141593,0.237037,0.727273,0.727273,0.727273,0.000000,0.727273,0.600000,1.000000,5,10,kotlin-native/backend.native/compiler/ir/backend.native/src/org/jetbrains/kotlin/backend/konan/KonanConfig.kt,same_file,1,False,,,0.000000,0.000000,no supported local structural parser,False,,0,0.000000,0.000000,0.000000,0.000000,disabled,1.000000,0.000000
14237c6999cac035,100%,100,91-100,100%,100,91-100,text,pygments,True,1.000000,1.000000,1.000000,1.000000,1.000000,1.000000,1.000000,1.000000,1.000000,1.000000,1.000000,1.000000,1.000000,1.000000,1.000000,1.000000,14,5,kotlin-native/shared/src/main/kotlin/org/jetbrains/kotlin/konan/target/Linker.kt,same_file,2,False,,,0.000000,0.000000,no supported local structural parser,False,,0,0.000000,0.000000,0.000000,0.000000,disabled,1.000000,1.000000
441b852f4683f6fa,partial,14,11-20,partial,55,51-60,text,pygments,False,0.400000,0.619048,0.857143,0.619048,0.857143,0.400000,0.619048,0.152941,0.245283,0.857143,0.619048,0.857143,0.200000,0.761905,0.500000,0.166667,6,10,plugins/atomicfu/atomicfu-compiler/src/org.jetbrains.kotlinx.atomicfu.compiler/extensions/AtomicfuTransformer.kt,same_file,2,False,,,0.000000,0.000000,no supported local structural parser,False,,0,0.000000,0.000000,0.000000,0.000000,disabled,1.000000,0.400000
a2eb51e42eac7ce0,0%,0,0,0%,0,0,text,pygments,False,0.000000,0.222222,0.666667,0.333333,0.666667,0.000000,0.388889,0.134615,0.200000,0.833333,0.388889,0.833333,0.000000,0.777778,0.800000,0.166667,6,5,plugins/atomicfu/atomicfu-compiler/src/org.jetbrains.kotlinx.atomicfu.compiler/extensions/AtomicfuTransformer.kt,same_file,3,False,,,0.000000,0.000000,no supported local structural parser,False,,0,0.000000,0.000000,0.000000,0.000000,disabled,1.000000,0.000000
3aeaedce6de8d95e,100%,100,91-100,100%,100,91-100,text,pygments,True,1.000000,1.000000,1.000000,1.000000,1.000000,1.000000,1.000000,0.060811,0.114650,1.000000,1.000000,1.000000,1.000000,1.000000,0.166667,1.000000,2,12,libraries/stdlib/jdk8/src/kotlin/jvm/optionals/Optionals.kt,same_file,1,False,,,0.000000,0.000000,no supported local structural parser,False,,0,0.000000,0.000000,0.000000,0.000000,disabled,1.000000,1.000000
5da37c5617872b58,100%,100,91-100,100%,100,91-100,text,pygments,True,1.000000,1.000000,1.000000,1.000000,1.000000,1.000000,1.000000,1.000000,1.000000,1.000000,1.000000,1.000000,1.000000,1.000000,1.000000,1.000000,12,1,core/reflection.jvm/src/kotlin/reflect/jvm/internal/calls/InlineClassAwareCaller.kt,same_file,1,False,,,0.000000,0.000000,no supported local structural parser,False,,0,0.000000,0.000000,0.000000,0.000000,disabled,1.000000,1.000000
0fe426f033ffd157,0%,0,0,0%,0,0,text,pygments,False,0.000000,0.000000,0.083333,0.000000,0.083333,0.000000,0.083333,0.055556,0.066667,0.250000,0.083333,0.250000,0.000000,0.250000,0.500000,0.000000,1,1,compiler/testData/checkLocalVariablesTable/underscoreNames.kt,same_file,3,False,,,0.000000,0.000000,no supported local structural parser,False,,0,0.000000,0.000000,0.000000,0.000000,disabled,1.000000,0.000000
bc6dd90790763eff,partial,50,41-50,mostly,85,81-90,text,pygments,False,0.500000,0.687500,0.687500,0.687500,0.687500,0.500000,0.687500,1.000000,0.814815,0.687500,0.687500,0.687500,0.500000,0.687500,0.666667,0.714286,7,3,kotlin-native/backend.native/tests/objcexport/coroutines.swift,same_file,2,False,,,0.000000,0.000000,no supported local structural parser,False,,0,0.000000,0.000000,0.000000,0.000000,disabled,1.000000,0.500000
c2f0952c881a30ad,0%,0,0,0%,0,0,text,pygments,False,0.000000,0.020134,0.114094,0.020134,0.114094,0.000000,0.020134,0.068182,0.031088,0.114094,0.020134,0.114094,0.000000,0.114094,1.000000,0.008772,114,8,core/reflection.jvm/src/kotlin/reflect/jvm/internal/KCallableImpl.kt,same_file,2,False,,,0.000000,0.000000,no supported local structural parser,False,,0,0.000000,0.000000,0.000000,0.000000,disabled,1.000000,0.000000
aa08742bd1dd9903,0%,0,0,partial,57,51-60,text,pygments,False,0.000000,0.133333,0.200000,0.133333,0.200000,0.000000,0.133333,0.666667,0.222222,0.200000,0.133333,0.200000,0.000000,0.200000,1.000000,0.000000,7,1,plugins/atomicfu/atomicfu-runtime/build.gradle.kts,same_file,1,False,,,0.000000,0.000000,no supported local structural parser,False,,0,0.000000,0.000000,0.000000,0.000000,disabled,1.000000,0.000000
d077058d4a3a593c,0%,0,0,0%,0,0,text,pygments,False,0.000000,0.312500,0.687500,0.312500,0.687500,0.000000,0.312500,0.208333,0.250000,0.687500,0.312500,0.687500,0.000000,0.500000,0.500000,0.000000,4,2,kotlin-native/backend.native/compiler/ir/backend.native/src/org/jetbrains/kotlin/backend/konan/objcexport/ObjCExportNamer.kt,same_file,1,False,,,0.000000,0.000000,no supported local structural parser,False,,0,0.000000,0.000000,0.000000,0.000000,disabled,1.000000,0.000000
707757cced87f80f,0%,0,0,partial,42,41-50,text,pygments,False,0.000000,0.114583,0.197917,0.114583,0.197917,0.000000,0.114583,0.500000,0.186441,0.197917,0.114583,0.197917,0.000000,0.197917,0.166667,0.022727,44,1,compiler/testData/codegen/box/coroutines/featureIntersection/funInterface/kt50950.kt,same_file,1,False,,,0.000000,0.000000,no supported local structural parser,False,,0,0.000000,0.000000,0.000000,0.000000,disabled,1.000000,0.000000
c679882c23e46d21,0%,0,0,0%,0,0,text,pygments,False,0.000000,0.000000,0.111111,0.000000,0.111111,0.000000,0.000000,0.000000,0.000000,0.111111,0.000000,0.111111,0.000000,0.111111,0.200000,0.000000,7,1,compiler/ir/backend.jvm/entrypoint/src/org/jetbrains/kotlin/backend/jvm/JvmIrCodegenFactory.kt,same_file,1,False,,,0.000000,0.000000,no supported local structural parser,False,,0,0.000000,0.000000,0.000000,0.000000,disabled,1.000000,0.000000
2f5b6952d3d391e6,mostly,62,61-70,partial,55,51-60,text,pygments,False,0.500000,0.816327,0.816327,0.816327,0.816327,0.500000,0.816327,1.000000,0.898876,0.816327,0.816327,0.816327,0.250000,0.816327,0.500000,0.857143,14,4,compiler/ir/ir.tree/src/org/jetbrains/kotlin/ir/util/transform.kt,same_file,1,False,,,0.000000,0.000000,no supported local structural parser,False,,0,0.000000,0.000000,0.000000,0.000000,disabled,1.000000,0.500000
026ea3393f67c18c,100%,100,91-100,100%,100,91-100,text,regex,True,1.000000,1.000000,1.000000,1.000000,1.000000,1.000000,1.000000,1.000000,1.000000,1.000000,1.000000,1.000000,1.000000,1.000000,1.000000,1.000000,8,1,plugins/compose/compiler-hosted/src/main/java/androidx/compose/compiler/plugins/kotlin/k2/ComposableCallChecker.kt,same_file,1,False,,,0.000000,0.000000,no supported local structural parser,False,,0,0.000000,0.000000,0.000000,0.000000,disabled,1.000000,1.000000
0ded5817bcc95459,partial,35,31-40,partial,55,51-60,text,pygments,False,0.333333,0.657143,0.857143,0.657143,0.857143,0.333333,0.657143,0.198276,0.304636,0.857143,0.657143,0.857143,0.166667,0.685714,0.193548,0.333333,9,31,libraries/tools/kotlin-gradle-plugin-integration-tests/src/test/kotlin/org/jetbrains/kotlin/gradle/ComposeIT.kt,neighboring_same_file,3,False,,,0.000000,0.000000,no supported local structural parser,False,,0,0.000000,0.000000,0.000000,0.000000,disabled,1.000000,0.333300
86503a57850fa63b,0%,0,0,mostly,62,61-70,text,pygments,False,0.000000,0.600000,0.800000,0.600000,0.800000,0.000000,0.600000,0.600000,0.600000,0.800000,0.600000,0.800000,0.000000,0.700000,0.500000,0.400000,5,2,libraries/tools/kotlin-compose-compiler/src/common/kotlin/org/jetbrains/kotlin/compose/compiler/gradle/internal/ComposeAgpMappingFile.kt,same_file,2,False,,,0.000000,0.000000,no supported local structural parser,False,,0,0.000000,0.000000,0.000000,0.000000,disabled,1.000000,0.000000
d1748edb0300f1ae,0%,0,0,mostly,60,51-60,text,pygments,False,0.000000,0.291667,0.416667,0.291667,0.416667,0.000000,0.291667,0.700000,0.411765,0.416667,0.291667,0.416667,0.000000,0.375000,0.500000,0.100000,10,2,libraries/tools/kotlin-compose-compiler/src/common/kotlin/org/jetbrains/kotlin/compose/compiler/gradle/internal/ComposeAgpMappingFile.kt,same_file,2,False,,,0.000000,0.000000,no supported local structural parser,False,,0,0.000000,0.000000,0.000000,0.000000,disabled,1.000000,0.000000
adbc3eca13bd3299,partial,21,21-30,partial,55,51-60,text,pygments,False,0.250000,0.676471,0.970588,0.676471,0.970588,0.250000,0.676471,0.123989,0.209567,0.970588,0.676471,0.970588,0.125000,0.926471,0.190476,0.538462,13,42,base/complex.jl,same_file,1,False,,,0.000000,0.000000,no supported local structural parser,False,,0,0.000000,0.000000,0.000000,0.000000,disabled,1.000000,0.250000
ce7e1681fecdc4f8,100%,100,91-100,100%,100,91-100,text,pygments,True,1.000000,1.000000,1.000000,1.000000,1.000000,1.000000,1.000000,1.000000,1.000000,1.000000,1.000000,1.000000,1.000000,1.000000,1.000000,1.000000,51,6,base/float.jl,same_file,2,False,,,0.000000,0.000000,no supported local structural parser,False,,0,0.000000,0.000000,0.000000,0.000000,disabled,1.000000,1.000000
62bdf6e976966903,100%,100,91-100,100%,100,91-100,text,pygments,True,1.000000,1.000000,1.000000,1.000000,1.000000,1.000000,1.000000,1.000000,1.000000,1.000000,1.000000,1.000000,1.000000,1.000000,1.000000,1.000000,8,1,base/complex.jl,same_file,1,False,,,0.000000,0.000000,no supported local structural parser,False,,0,0.000000,0.000000,0.000000,0.000000,disabled,1.000000,1.000000
5af9395c2381786a,partial,9,1-10,partial,55,51-60,text,pygments,False,0.142857,0.630435,0.934783,0.630435,0.934783,0.142857,0.630435,0.061441,0.111969,0.934783,0.630435,0.934783,0.142857,0.826087,0.189189,0.250000,12,37,stdlib/LinearAlgebra/src/symmetric.jl,same_file,1,False,,,0.000000,0.000000,no supported local structural parser,False,,0,0.000000,0.000000,0.000000,0.000000,disabled,1.000000,0.142900
ce4a5158c2d76ef2,0%,0,0,0%,0,0,text,pygments,False,0.000000,0.680851,0.978723,0.680851,0.978723,0.000000,0.680851,0.105263,0.182336,0.978723,0.680851,0.978723,0.000000,0.914894,0.045455,0.272727,11,22,stdlib/LinearAlgebra/src/symmetric.jl,same_file,1,False,,,0.000000,0.000000,no supported local structural parser,False,,0,0.000000,0.000000,0.000000,0.000000,disabled,1.000000,0.000000
a43ec4db4161989e,0%,0,0,0%,0,0,text,pygments,False,0.000000,0.125000,0.500000,0.250000,0.625000,0.000000,0.125000,0.006211,0.011834,0.500000,0.250000,0.625000,0.000000,0.625000,0.080000,0.142857,7,25,stdlib/LinearAlgebra/src/symmetric.jl,same_file,3,False,,,0.000000,0.000000,no supported local structural parser,False,,0,0.000000,0.000000,0.000000,0.000000,disabled,1.000000,0.000000
7007d7df5d0fa3ee,100%,100,91-100,100%,100,91-100,text,pygments,True,1.000000,1.000000,1.000000,1.000000,1.000000,1.000000,1.000000,0.086022,0.158416,1.000000,1.000000,1.000000,1.000000,1.000000,0.200000,1.000000,7,10,stdlib/LinearAlgebra/src/symmetric.jl,same_file,3,False,,,0.000000,0.000000,no supported local structural parser,False,,0,0.000000,0.000000,0.000000,0.000000,disabled,1.000000,1.000000
ba231fd42f9198de,100%,100,91-100,100%,100,91-100,text,pygments,True,1.000000,1.000000,1.000000,1.000000,1.000000,1.000000,1.000000,0.032854,0.063618,1.000000,1.000000,1.000000,1.000000,1.000000,0.052632,1.000000,7,38,stdlib/LinearAlgebra/src/symmetric.jl,same_file,1,False,,,0.000000,0.000000,no supported local structural parser,False,,0,0.000000,0.000000,0.000000,0.000000,disabled,1.000000,1.000000
b7fbc4f4ef22a438,100%,100,91-100,100%,100,91-100,text,pygments,True,1.000000,1.000000,1.000000,1.000000,1.000000,1.000000,1.000000,0.033264,0.064386,1.000000,1.000000,1.000000,1.000000,1.000000,0.058824,1.000000,7,34,stdlib/LinearAlgebra/src/symmetric.jl,same_file,1,False,,,0.000000,0.000000,no supported local structural parser,False,,0,0.000000,0.000000,0.000000,0.000000,disabled,1.000000,1.000000
97c0d951449ac6a3,0%,0,0,0%,0,0,text,pygments,False,0.000000,0.666667,1.000000,0.666667,1.000000,0.000000,0.666667,0.026820,0.051565,1.000000,0.666667,1.000000,0.000000,1.000000,0.054054,0.400000,5,37,stdlib/LinearAlgebra/src/symmetric.jl,same_file,1,False,,,0.000000,0.000000,no supported local structural parser,False,,0,0.000000,0.000000,0.000000,0.000000,disabled,1.000000,0.000000
d3030505c115deda,0%,0,0,0%,0,0,text,pygments,False,0.000000,0.789474,1.000000,0.789474,1.000000,0.000000,0.789474,0.028736,0.055453,1.000000,0.789474,1.000000,0.000000,0.947368,0.027027,0.428571,7,37,stdlib/LinearAlgebra/src/symmetric.jl,same_file,1,False,,,0.000000,0.000000,no supported local structural parser,False,,0,0.000000,0.000000,0.000000,0.000000,disabled,1.000000,0.000000
b3ae132bf589077b,0%,0,0,mostly,72,71-80,text,pygments,False,0.000000,0.894737,1.000000,0.894737,1.000000,0.000000,0.894737,0.041363,0.079070,1.000000,0.894737,1.000000,0.000000,1.000000,0.040000,0.714286,7,25,stdlib/LinearAlgebra/src/symmetric.jl,same_file,1,False,,,0.000000,0.000000,no supported local structural parser,False,,0,0.000000,0.000000,0.000000,0.000000,disabled,1.000000,0.000000
3db278bcf94bbcc0,0%,0,0,0%,0,0,text,pygments,False,0.000000,0.800000,0.981818,0.800000,0.981818,0.000000,0.800000,0.099323,0.176707,0.981818,0.800000,0.981818,0.000000,0.854545,0.100000,0.384615,13,30,stdlib/LinearAlgebra/src/symmetric.jl,neighboring_same_file,3,False,,,0.000000,0.000000,no supported local structural parser,False,,0,0.000000,0.000000,0.000000,0.000000,disabled,1.000000,0.000000
17394834bf981e79,partial,35,31-40,mostly,72,71-80,text,pygments,False,0.000000,0.815789,1.000000,0.815789,1.000000,0.000000,0.815789,0.065957,0.122047,1.000000,0.815789,1.000000,0.000000,0.973684,0.060606,0.600000,10,33,stdlib/LinearAlgebra/src/symmetric.jl,same_file,1,False,,,0.000000,0.000000,no supported local structural parser,False,,0,0.000000,0.000000,0.000000,0.000000,disabled,1.000000,0.000000
0bf6d7e911f779f1,0%,0,0,mostly,68,61-70,text,pygments,False,0.000000,0.838710,0.870968,0.870968,0.903226,0.000000,0.838710,0.071233,0.131313,0.870968,0.870968,0.903226,0.000000,0.774194,0.045455,0.750000,4,22,stdlib/LinearAlgebra/src/symmetric.jl,same_file,1,False,,,0.000000,0.000000,no supported local structural parser,False,,0,0.000000,0.000000,0.000000,0.000000,disabled,1.000000,0.000000
536a50cd03f58ec4,partial,30,21-30,mostly,69,61-70,text,pygments,False,0.000000,0.854545,0.909091,0.890909,0.945455,0.000000,0.854545,0.128767,0.223810,0.909091,0.890909,0.945455,0.000000,0.763636,0.136364,0.571429,7,22,stdlib/LinearAlgebra/src/symmetric.jl,same_file,1,False,,,0.000000,0.000000,no supported local structural parser,False,,0,0.000000,0.000000,0.000000,0.000000,disabled,1.000000,0.000000
7d26d09a53c3fdac,100%,100,91-100,mostly,88,81-90,text,pygments,False,0.875000,1.000000,1.000000,1.000000,1.000000,0.875000,1.000000,0.958333,0.978723,1.000000,1.000000,1.000000,0.625000,1.000000,1.000000,1.000000,64,8,stdlib/LinearAlgebra/src/symmetric.jl,same_file,2,False,,,0.000000,0.000000,no supported local structural parser,False,,0,0.000000,0.000000,0.000000,0.000000,disabled,1.000000,0.875000
2ef257c19964d5dc,100%,100,91-100,100%,100,91-100,text,pygments,True,1.000000,1.000000,1.000000,1.000000,1.000000,1.000000,1.000000,1.000000,1.000000,1.000000,1.000000,1.000000,1.000000,1.000000,1.000000,1.000000,9,1,stdlib/LinearAlgebra/src/symmetric.jl,same_file,1,False,,,0.000000,0.000000,no supported local structural parser,False,,0,0.000000,0.000000,0.000000,0.000000,disabled,1.000000,1.000000
30c27fc2f8cdae78,partial,30,21-30,partial,55,51-60,text,pygments,False,0.166667,0.858407,0.955752,0.876106,0.973451,0.166667,0.858407,0.438914,0.580838,0.955752,0.876106,0.973451,0.166667,0.796460,0.923077,0.608696,23,13,stdlib/LinearAlgebra/src/symmetric.jl,same_file,1,False,,,0.000000,0.000000,no supported local structural parser,False,,0,0.000000,0.000000,0.000000,0.000000,disabled,1.000000,0.166700
765701fbffa3ad72,100%,100,91-100,100%,100,91-100,text,pygments,True,1.000000,1.000000,1.000000,1.000000,1.000000,1.000000,1.000000,0.571429,0.727273,1.000000,1.000000,1.000000,1.000000,1.000000,0.500000,1.000000,3,2,stdlib/LinearAlgebra/src/symmetric.jl,same_file,5,False,,,0.000000,0.000000,no supported local structural parser,False,,0,0.000000,0.000000,0.000000,0.000000,disabled,1.000000,1.000000
70472df111bd0537,100%,100,91-100,100%,100,91-100,text,pygments,True,1.000000,1.000000,1.000000,1.000000,1.000000,1.000000,1.000000,1.000000,1.000000,1.000000,1.000000,1.000000,1.000000,1.000000,1.000000,1.000000,4,1,stdlib/LinearAlgebra/test/symmetric.jl,same_file,4,False,,,0.000000,0.000000,no supported local structural parser,False,,0,0.000000,0.000000,0.000000,0.000000,disabled,1.000000,1.000000
72cd769218160212,100%,100,91-100,100%,100,91-100,text,pygments,True,1.000000,1.000000,1.000000,1.000000,1.000000,1.000000,1.000000,0.428571,0.600000,1.000000,1.000000,1.000000,1.000000,1.000000,0.500000,1.000000,3,2,stdlib/LinearAlgebra/src/symmetric.jl,same_file,3,False,,,0.000000,0.000000,no supported local structural parser,False,,0,0.000000,0.000000,0.000000,0.000000,disabled,1.000000,1.000000
1fa70855903210c0,100%,100,91-100,100%,100,91-100,text,pygments,True,1.000000,1.000000,1.000000,1.000000,1.000000,1.000000,1.000000,1.000000,1.000000,1.000000,1.000000,1.000000,1.000000,1.000000,1.000000,1.000000,16,1,stdlib/LinearAlgebra/src/symmetric.jl,same_file,5,False,,,0.000000,0.000000,no supported local structural parser,False,,0,0.000000,0.000000,0.000000,0.000000,disabled,1.000000,1.000000
acd869560ac3af04,100%,100,91-100,100%,100,91-100,text,pygments,True,1.000000,1.000000,1.000000,1.000000,1.000000,1.000000,1.000000,0.437500,0.608696,1.000000,1.000000,1.000000,1.000000,1.000000,0.500000,1.000000,9,2,stdlib/LinearAlgebra/src/symmetric.jl,same_file,6,False,,,0.000000,0.000000,no supported local structural parser,False,,0,0.000000,0.000000,0.000000,0.000000,disabled,1.000000,1.000000
77dc25cc8e734c78,100%,100,91-100,100%,100,91-100,text,pygments,True,1.000000,1.000000,1.000000,1.000000,1.000000,1.000000,1.000000,0.562500,0.720000,1.000000,1.000000,1.000000,1.000000,1.000000,0.500000,1.000000,9,2,stdlib/LinearAlgebra/src/symmetric.jl,same_file,7,False,,,0.000000,0.000000,no supported local structural parser,False,,0,0.000000,0.000000,0.000000,0.000000,disabled,1.000000,1.000000
9f869e84bd618cec,100%,97,91-100,100%,90,81-90,text,pygments,False,0.666667,1.000000,1.000000,1.000000,1.000000,0.666667,1.000000,1.000000,1.000000,1.000000,1.000000,1.000000,0.666667,1.000000,1.000000,1.000000,22,3,stdlib/REPL/src/docview.jl,same_file,1,False,,,0.000000,0.000000,no supported local structural parser,False,,0,0.000000,0.000000,0.000000,0.000000,disabled,1.000000,0.666700
3684913a17c0e9fc,100%,100,91-100,100%,100,91-100,text,pygments,True,1.000000,1.000000,1.000000,1.000000,1.000000,1.000000,1.000000,1.000000,1.000000,1.000000,1.000000,1.000000,1.000000,1.000000,1.000000,1.000000,11,1,base/cartesian.jl,same_file,1,False,,,0.000000,0.000000,no supported local structural parser,False,,0,0.000000,0.000000,0.000000,0.000000,disabled,1.000000,1.000000
8938d54d48b19003,100%,100,91-100,100%,100,91-100,text,pygments,True,1.000000,1.000000,1.000000,1.000000,1.000000,1.000000,1.000000,0.177778,0.301887,1.000000,1.000000,1.000000,1.000000,1.000000,0.500000,1.000000,2,2,stdlib/REPL/src/REPLCompletions.jl,same_file,1,False,,,0.000000,0.000000,no supported local structural parser,False,,0,0.000000,0.000000,0.000000,0.000000,disabled,1.000000,1.000000
2e1436327e95a3dd,100%,100,91-100,100%,100,91-100,text,pygments,True,1.000000,1.000000,1.000000,1.000000,1.000000,1.000000,1.000000,0.822222,0.902439,1.000000,1.000000,1.000000,1.000000,1.000000,0.500000,1.000000,11,2,stdlib/REPL/src/REPLCompletions.jl,same_file,1,False,,,0.000000,0.000000,no supported local structural parser,False,,0,0.000000,0.000000,0.000000,0.000000,disabled,1.000000,1.000000
0a63032667c105ab,0%,0,0,mostly,76,71-80,text,pygments,False,0.000000,0.607143,0.607143,0.678571,0.678571,0.000000,0.607143,0.894737,0.723404,0.607143,0.678571,0.678571,0.000000,0.678571,1.000000,0.285714,7,2,base/intfuncs.jl,same_file,1,False,,,0.000000,0.000000,no supported local structural parser,False,,0,0.000000,0.000000,0.000000,0.000000,disabled,1.000000,0.000000
0be098bfa45c2a1b,mostly,75,71-80,mostly,84,81-90,text,pygments,False,0.750000,0.900000,1.000000,0.900000,1.000000,0.750000,0.600000,0.117647,0.196721,1.000000,0.600000,1.000000,0.000000,0.950000,0.666667,0.000000,5,6,base/special/trig.jl,same_file,3,False,,,0.000000,0.000000,no supported local structural parser,False,,0,0.000000,0.000000,0.000000,0.000000,disabled,1.000000,0.750000
470caf5924141a13,100%,100,91-100,100%,100,91-100,text,pygments,True,1.000000,1.000000,1.000000,1.000000,1.000000,1.000000,1.000000,1.000000,1.000000,1.000000,1.000000,1.000000,1.000000,1.000000,1.000000,1.000000,3,1,base/special/trig.jl,same_file,3,False,,,0.000000,0.000000,no supported local structural parser,False,,0,0.000000,0.000000,0.000000,0.000000,disabled,1.000000,1.000000
1e3582b141dd39b2,0%,0,0,mostly,68,61-70,text,pygments,False,0.000000,0.586667,0.920000,0.586667,0.920000,0.000000,0.566667,0.570470,0.568562,0.900000,0.566667,0.900000,0.000000,0.700000,0.800000,0.444444,81,8,base/docs/basedocs.jl,neighboring_same_file,6,False,,,0.000000,0.000000,no supported local structural parser,False,,0,0.000000,0.000000,0.000000,0.000000,disabled,1.000000,0.000000
b00120e68aab59c4,0%,0,0,0%,0,0,text,pygments,False,0.000000,0.479167,0.979167,0.479167,0.979167,0.000000,0.479167,0.200000,0.282209,0.979167,0.479167,0.979167,0.000000,0.875000,0.500000,0.281250,32,6,base/docs/basedocs.jl,same_file,1,False,,,0.000000,0.000000,no supported local structural parser,False,,0,0.000000,0.000000,0.000000,0.000000,disabled,1.000000,0.000000
d6f63a0d782b0ade,0%,0,0,mostly,68,61-70,text,pygments,False,0.000000,0.642202,0.889908,0.642202,0.889908,0.000000,0.642202,0.608696,0.625000,0.889908,0.642202,0.889908,0.000000,0.706422,0.750000,0.609375,64,6,base/docs/basedocs.jl,same_file,1,False,,,0.000000,0.000000,no supported local structural parser,False,,0,0.000000,0.000000,0.000000,0.000000,disabled,1.000000,0.000000
9d4d71f70991ed1a,100%,100,91-100,mostly,89,81-90,text,pygments,False,0.666667,1.000000,1.000000,1.000000,1.000000,0.666667,1.000000,0.982609,0.991228,1.000000,1.000000,1.000000,0.666667,1.000000,1.000000,1.000000,62,6,base/docs/basedocs.jl,same_file,1,False,,,0.000000,0.000000,no supported local structural parser,False,,0,0.000000,0.000000,0.000000,0.000000,disabled,1.000000,0.666700
6487222432e41ffa,100%,100,91-100,100%,100,91-100,text,pygments,True,1.000000,1.000000,1.000000,1.000000,1.000000,1.000000,1.000000,1.000000,1.000000,1.000000,1.000000,1.000000,1.000000,1.000000,1.000000,1.000000,20,2,base/docs/basedocs.jl,same_file,1,False,,,0.000000,0.000000,no supported local structural parser,False,,0,0.000000,0.000000,0.000000,0.000000,disabled,1.000000,1.000000
3b7c6c1e01c517fd,100%,100,91-100,100%,100,91-100,c,regex,True,1.000000,0.066667,0.600000,0.066667,0.600000,1.000000,1.000000,1.000000,1.000000,1.000000,1.000000,1.000000,1.000000,1.000000,1.000000,1.000000,8,1,src/gc.c,same_file,3,True,tree_sitter,c,1.000000,1.000000,,False,,0,0.000000,0.000000,0.000000,0.000000,disabled,1.000000,1.000000
d1175c8bfc92faaa,100%,100,91-100,100%,100,91-100,text,pygments,True,1.000000,1.000000,1.000000,1.000000,1.000000,1.000000,1.000000,1.000000,1.000000,1.000000,1.000000,1.000000,1.000000,1.000000,1.000000,1.000000,14,1,test/broadcast.jl,same_file,1,False,,,0.000000,0.000000,no supported local structural parser,False,,0,0.000000,0.000000,0.000000,0.000000,disabled,1.000000,1.000000
57adf090e83c585f,0%,0,0,0%,0,0,text,pygments,False,0.000000,0.782609,1.000000,0.782609,1.000000,0.000000,0.739130,0.246377,0.369565,1.000000,0.739130,1.000000,0.000000,0.782609,0.200000,0.000000,3,5,base/tuple.jl,same_file,3,False,,,0.000000,0.000000,no supported local structural parser,False,,0,0.000000,0.000000,0.000000,0.000000,disabled,1.000000,0.000000
39a95516dbfa6569,0%,0,0,0%,0,0,text,pygments,False,0.000000,0.777778,1.000000,0.777778,1.000000,0.000000,0.703704,0.275362,0.395833,1.000000,0.703704,1.000000,0.000000,0.740741,0.200000,0.250000,4,5,base/tuple.jl,same_file,3,False,,,0.000000,0.000000,no supported local structural parser,False,,0,0.000000,0.000000,0.000000,0.000000,disabled,1.000000,0.000000
db2f2b617629a635,0%,0,0,0%,0,0,text,pygments,False,0.000000,0.660000,0.960000,0.660000,0.960000,0.000000,0.600000,0.150000,0.240000,0.900000,0.600000,0.900000,0.000000,0.680000,0.142857,0.166667,18,21,base/tuple.jl,neighboring_same_file,5,False,,,0.000000,0.000000,no supported local structural parser,False,,0,0.000000,0.000000,0.000000,0.000000,disabled,1.000000,0.000000
88ee56cee69839ac,100%,100,91-100,100%,100,91-100,text,pygments,True,1.000000,1.000000,1.000000,1.000000,1.000000,1.000000,1.000000,0.281250,0.439024,1.000000,1.000000,1.000000,1.000000,1.000000,0.076923,1.000000,14,13,stdlib/Dates/src/accessors.jl,same_file,3,False,,,0.000000,0.000000,no supported local structural parser,False,,0,0.000000,0.000000,0.000000,0.000000,disabled,1.000000,1.000000
7a730993e21ff21d,100%,100,91-100,100%,100,91-100,text,pygments,True,1.000000,1.000000,1.000000,1.000000,1.000000,1.000000,1.000000,0.329114,0.495238,1.000000,1.000000,1.000000,1.000000,1.000000,0.100000,1.000000,12,10,stdlib/Dates/src/accessors.jl,same_file,3,False,,,0.000000,0.000000,no supported local structural parser,False,,0,0.000000,0.000000,0.000000,0.000000,disabled,1.000000,1.000000
dac4283bf67d589a,100%,97,91-100,mostly,88,81-90,text,pygments,False,0.666667,0.981132,1.000000,0.981132,1.000000,0.666667,0.981132,0.611765,0.753623,1.000000,0.981132,1.000000,0.666667,1.000000,0.428571,0.952381,21,7,stdlib/Dates/src/accessors.jl,same_file,3,False,,,0.000000,0.000000,no supported local structural parser,False,,0,0.000000,0.000000,0.000000,0.000000,disabled,1.000000,0.666700
3eed07cf2b339743,0%,0,0,0%,0,0,text,pygments,False,0.000000,0.000000,0.000000,0.000000,0.000000,0.000000,0.000000,0.000000,0.000000,0.000000,0.000000,0.000000,0.000000,0.000000,0.000000,0.000000,0,0,,,3,False,,,0.000000,0.000000,no supported local structural parser,False,,0,0.000000,0.000000,0.000000,0.000000,disabled,1.000000,0.000000
57dfb94002a70a76,partial,50,41-50,partial,50,41-50,text,pygments,False,0.500000,0.133333,0.333333,0.266667,0.466667,0.500000,0.133333,0.111111,0.121212,0.333333,0.266667,0.466667,0.250000,0.433333,0.666667,0.250000,16,6,stdlib/Dates/src/accessors.jl,neighboring_same_file,4,False,,,0.000000,0.000000,no supported local structural parser,False,,0,0.000000,0.000000,0.000000,0.000000,disabled,1.000000,0.500000
5a71185cf00bba8c,100%,100,91-100,100%,100,91-100,text,pygments,True,1.000000,1.000000,1.000000,1.000000,1.000000,1.000000,1.000000,1.000000,1.000000,1.000000,1.000000,1.000000,1.000000,1.000000,1.000000,1.000000,8,1,stdlib/Dates/src/accessors.jl,same_file,6,False,,,0.000000,0.000000,no supported local structural parser,False,,0,0.000000,0.000000,0.000000,0.000000,disabled,1.000000,1.000000
386a9102acfe57d8,100%,100,91-100,100%,100,91-100,text,pygments,True,1.000000,1.000000,1.000000,1.000000,1.000000,1.000000,1.000000,1.000000,1.000000,1.000000,1.000000,1.000000,1.000000,1.000000,1.000000,1.000000,3,1,base/intfuncs.jl,same_file,1,False,,,0.000000,0.000000,no supported local structural parser,False,,0,0.000000,0.000000,0.000000,0.000000,disabled,1.000000,1.000000
56a34352e94d52fd,mostly,69,61-70,mostly,78,71-80,text,pygments,False,0.714286,0.882353,0.970588,0.882353,0.970588,0.714286,0.882353,0.789474,0.833333,0.970588,0.882353,0.970588,0.428571,0.882353,1.000000,1.000000,14,7,test/intfuncs.jl,neighboring_same_file,3,False,,,0.000000,0.000000,no supported local structural parser,False,,0,0.000000,0.000000,0.000000,0.000000,disabled,1.000000,0.714300
db4433f3d95fd826,100%,100,91-100,100%,100,91-100,text,pygments,True,1.000000,1.000000,1.000000,1.000000,1.000000,1.000000,1.000000,0.677419,0.807692,1.000000,1.000000,1.000000,1.000000,1.000000,0.500000,1.000000,11,2,base/c.jl,same_file,2,False,,,0.000000,0.000000,no supported local structural parser,False,,0,0.000000,0.000000,0.000000,0.000000,disabled,1.000000,1.000000
f392f43e84e6a87f,100%,100,91-100,100%,100,91-100,text,pygments,True,1.000000,1.000000,1.000000,1.000000,1.000000,1.000000,1.000000,0.322581,0.487805,1.000000,1.000000,1.000000,1.000000,1.000000,0.500000,1.000000,6,2,base/c.jl,same_file,2,False,,,0.000000,0.000000,no supported local structural parser,False,,0,0.000000,0.000000,0.000000,0.000000,disabled,1.000000,1.000000
f0ed5fa729dc8600,0%,0,0,0%,0,0,text,pygments,False,0.000000,0.000000,0.000000,0.000000,0.000000,0.000000,0.000000,0.000000,0.000000,0.000000,0.000000,0.000000,0.000000,0.000000,0.000000,0.000000,0,0,,,0,False,,,0.000000,0.000000,no supported local structural parser,False,,0,0.000000,0.000000,0.000000,0.000000,disabled,1.000000,0.000000
ef23ae628dc5dea9,0%,0,0,mostly,69,61-70,text,pygments,False,0.000000,0.781250,0.875000,0.781250,0.875000,0.000000,0.781250,0.295858,0.429185,0.875000,0.781250,0.875000,0.000000,0.781250,0.200000,0.814815,27,15,stdlib/Dates/src/conversions.jl,same_file,3,False,,,0.000000,0.000000,no supported local structural parser,False,,0,0.000000,0.000000,0.000000,0.000000,disabled,1.000000,0.000000
51d0665dcd5c261d,100%,100,91-100,100%,100,91-100,text,pygments,True,1.000000,1.000000,1.000000,1.000000,1.000000,1.000000,1.000000,0.159763,0.275510,1.000000,1.000000,1.000000,1.000000,1.000000,0.066667,1.000000,16,15,stdlib/Dates/src/conversions.jl,same_file,3,False,,,0.000000,0.000000,no supported local structural parser,False,,0,0.000000,0.000000,0.000000,0.000000,disabled,1.000000,1.000000
d59015313803f96e,0%,0,0,0%,0,0,text,pygments,False,0.000000,0.681818,0.909091,0.681818,0.909091,0.000000,0.681818,0.208333,0.319149,0.909091,0.681818,0.909091,0.000000,0.863636,0.166667,0.333333,9,6,stdlib/Dates/test/conversions.jl,same_file,2,False,,,0.000000,0.000000,no supported local structural parser,False,,0,0.000000,0.000000,0.000000,0.000000,disabled,1.000000,0.000000
232889a1d4af7ad5,0%,0,0,0%,0,0,text,pygments,False,0.000000,0.272727,0.818182,0.272727,0.818182,0.000000,0.272727,0.027027,0.049180,0.818182,0.272727,0.818182,0.000000,0.727273,0.125000,0.000000,5,8,stdlib/Dates/src/conversions.jl,same_file,5,False,,,0.000000,0.000000,no supported local structural parser,False,,0,0.000000,0.000000,0.000000,0.000000,disabled,1.000000,0.000000
5d064a1588419b8b,100%,100,91-100,100%,100,91-100,text,pygments,True,1.000000,1.000000,1.000000,1.000000,1.000000,1.000000,1.000000,1.000000,1.000000,1.000000,1.000000,1.000000,1.000000,1.000000,1.000000,1.000000,16,2,stdlib/Dates/src/conversions.jl,same_file,1,False,,,0.000000,0.000000,no supported local structural parser,False,,0,0.000000,0.000000,0.000000,0.000000,disabled,1.000000,1.000000
9ce7246fe729f56b,100%,90,81-90,100%,100,91-100,text,pygments,True,0.000000,1.000000,1.000000,1.000000,1.000000,0.000000,1.000000,0.053571,0.101695,1.000000,1.000000,1.000000,0.000000,1.000000,0.040000,1.000000,2,25,stdlib/Random/src/misc.jl,same_file,3,False,,,0.000000,0.000000,no supported local structural parser,False,,0,0.000000,0.000000,0.000000,0.000000,disabled,1.000000,0.000000
48acb91d867cc848,100%,100,91-100,100%,100,91-100,text,pygments,True,1.000000,1.000000,1.000000,1.000000,1.000000,1.000000,1.000000,0.285714,0.444444,1.000000,1.000000,1.000000,1.000000,1.000000,0.250000,1.000000,3,4,base/range.jl,same_file,3,False,,,0.000000,0.000000,no supported local structural parser,False,,0,0.000000,0.000000,0.000000,0.000000,disabled,1.000000,1.000000
171485fd5c35fddb,100%,100,91-100,100%,100,91-100,text,pygments,True,1.000000,1.000000,1.000000,1.000000,1.000000,1.000000,1.000000,0.156863,0.271186,1.000000,1.000000,1.000000,1.000000,1.000000,0.142857,1.000000,4,7,base/channels.jl,same_file,5,False,,,0.000000,0.000000,no supported local structural parser,False,,0,0.000000,0.000000,0.000000,0.000000,disabled,1.000000,1.000000
aca00c17486b5953,100%,100,91-100,100%,100,91-100,text,pygments,True,1.000000,1.000000,1.000000,1.000000,1.000000,1.000000,1.000000,0.274510,0.430769,1.000000,1.000000,1.000000,1.000000,1.000000,0.714286,1.000000,7,7,base/channels.jl,same_file,6,False,,,0.000000,0.000000,no supported local structural parser,False,,0,0.000000,0.000000,0.000000,0.000000,disabled,1.000000,1.000000
fc1d44a8fff6c735,100%,100,91-100,mostly,82,81-90,text,pygments,False,0.000000,1.000000,1.000000,1.000000,1.000000,0.000000,1.000000,0.916667,0.956522,1.000000,1.000000,1.000000,0.000000,1.000000,1.000000,1.000000,6,1,base/channels.jl,same_file,5,False,,,0.000000,0.000000,no supported local structural parser,False,,0,0.000000,0.000000,0.000000,0.000000,disabled,1.000000,0.000000
e5df795190d68904,partial,50,41-50,mostly,85,81-90,text,pygments,False,0.500000,0.530612,0.530612,0.530612,0.530612,0.500000,0.530612,1.000000,0.693333,0.530612,0.530612,0.530612,0.500000,0.530612,0.500000,0.565217,23,1,base/docs/basedocs.jl,same_file,1,False,,,0.000000,0.000000,no supported local structural parser,False,,0,0.000000,0.000000,0.000000,0.000000,disabled,1.000000,0.500000
df39d6cb06de2786,0%,0,0,0%,0,0,text,pygments,False,0.000000,0.166667,0.833333,0.166667,0.833333,0.000000,0.166667,0.002907,0.005714,0.833333,0.166667,0.833333,0.000000,0.833333,0.023810,0.000000,4,42,stdlib/REPL/src/LineEdit.jl,same_file,1,False,,,0.000000,0.000000,no supported local structural parser,False,,0,0.000000,0.000000,0.000000,0.000000,disabled,1.000000,0.000000
d2ad8e31aaa30040,mostly,67,61-70,mostly,85,81-90,c,pygments,False,0.666667,0.550000,0.550000,0.550000,0.550000,0.666667,0.550000,1.000000,0.709677,0.550000,0.550000,0.550000,0.666667,0.550000,0.666667,0.555556,9,2,src/signals-unix.c,same_file,2,True,tree_sitter,c,0.631579,0.631579,,False,,0,0.000000,0.000000,0.000000,0.000000,disabled,1.000000,0.666700
161437c2e5f63e75,0%,0,0,0%,0,0,c,pygments,False,0.000000,0.684211,1.000000,0.684211,1.000000,0.000000,0.684211,0.020570,0.039939,1.000000,0.684211,1.000000,0.000000,0.894737,0.020408,0.000000,6,49,src/jloptions.c,same_file,1,True,tree_sitter,c,1.000000,1.000000,,False,,0,0.000000,0.000000,0.000000,0.000000,disabled,1.000000,0.000000
76229b81ad306110,100%,100,91-100,100%,100,91-100,text,pygments,True,1.000000,1.000000,1.000000,1.000000,1.000000,1.000000,1.000000,0.294118,0.454545,1.000000,1.000000,1.000000,1.000000,1.000000,0.142857,1.000000,6,7,base/rational.jl,same_file,4,False,,,0.000000,0.000000,no supported local structural parser,False,,0,0.000000,0.000000,0.000000,0.000000,disabled,1.000000,1.000000
c1aa44ce4573c5a9,0%,0,0,mostly,82,81-90,text,pygments,False,0.000000,0.857143,0.928571,0.857143,0.928571,0.000000,0.857143,0.043478,0.082759,0.928571,0.857143,0.928571,0.000000,0.928571,0.222222,0.833333,6,9,test/rational.jl,same_file,1,False,,,0.000000,0.000000,no supported local structural parser,False,,0,0.000000,0.000000,0.000000,0.000000,disabled,1.000000,0.000000
5fc97c8658b65001,mostly,70,61-70,mostly,72,71-80,text,pygments,False,0.000000,0.918919,0.972973,0.918919,0.972973,0.000000,0.918919,0.169154,0.285714,0.972973,0.918919,0.972973,0.000000,0.918919,0.033333,0.777778,9,30,stdlib/Test/test/runtests.jl,same_file,2,False,,,0.000000,0.000000,no supported local structural parser,False,,0,0.000000,0.000000,0.000000,0.000000,disabled,1.000000,0.000000
40e409176396440b,0%,0,0,0%,0,0,c,pygments,False,0.000000,0.617647,0.970588,0.617647,0.970588,0.000000,0.558824,0.057751,0.104683,0.970588,0.558824,0.970588,0.000000,0.941176,0.156250,0.090909,11,32,src/ast.c,same_file,3,True,tree_sitter,c,0.970588,0.970588,,False,,0,0.000000,0.000000,0.000000,0.000000,disabled,1.000000,0.000000
6c8914caf7b78c9e,0%,0,0,0%,0,0,c,pygments,False,0.000000,0.312500,0.625000,0.375000,0.687500,0.000000,0.250000,0.049383,0.082474,0.562500,0.312500,0.625000,0.000000,0.625000,0.333333,0.000000,6,6,src/datatype.c,same_file,3,True,tree_sitter,c,0.785714,0.785714,,False,,0,0.000000,0.000000,0.000000,0.000000,disabled,1.000000,0.000000
d5997dd53dffca03,0%,0,0,0%,0,0,c,pygments,False,0.000000,0.000000,0.000000,0.000000,0.000000,0.000000,0.000000,0.000000,0.000000,0.000000,0.000000,0.000000,0.000000,0.000000,0.000000,0.000000,0,0,,,0,False,,,0.000000,0.000000,no supported local structural parser,False,,0,0.000000,0.000000,0.000000,0.000000,disabled,1.000000,0.000000
452950bdd810f229,0%,0,0,0%,0,0,c,pygments,False,0.000000,0.555556,1.000000,0.555556,1.000000,0.000000,0.555556,0.030488,0.057803,1.000000,0.555556,1.000000,0.000000,1.000000,0.111111,0.333333,6,18,src/datatype.c,same_file,2,True,tree_sitter,c,0.928571,0.928571,,False,,0,0.000000,0.000000,0.000000,0.000000,disabled,1.000000,0.000000
4160c1322f4de799,0%,0,0,mostly,72,71-80,c,pygments,False,0.000000,0.800000,1.000000,0.800000,1.000000,0.000000,0.800000,0.016327,0.032000,1.000000,0.800000,1.000000,0.000000,1.000000,0.045455,0.666667,3,22,src/ast.c,same_file,3,True,tree_sitter,c,1.000000,1.000000,,False,,0,0.000000,0.000000,0.000000,0.000000,disabled,1.000000,0.000000
2c5efe72e38bc645,mostly,70,61-70,mostly,82,81-90,c,pygments,False,0.000000,0.909091,1.000000,0.909091,1.000000,0.000000,0.909091,0.909091,0.909091,1.000000,0.909091,1.000000,0.000000,1.000000,1.000000,0.777778,9,1,src/ast.c,same_file,6,True,tree_sitter,c,1.000000,1.000000,,False,,0,0.000000,0.000000,0.000000,0.000000,disabled,1.000000,0.000000
756a83d005136102,100%,90,81-90,mostly,82,81-90,text,pygments,False,0.000000,1.000000,1.000000,1.000000,1.000000,0.000000,0.888889,1.000000,0.941176,0.888889,0.888889,0.888889,0.000000,0.888889,1.000000,1.000000,2,1,base/math.jl,same_file,6,False,,,0.000000,0.000000,no supported local structural parser,False,,0,0.000000,0.000000,0.000000,0.000000,disabled,1.000000,0.000000
ccee16c8ea207a02,partial,50,41-50,mostly,85,81-90,text,pygments,False,0.500000,0.538462,0.538462,0.538462,0.538462,0.500000,0.538462,1.000000,0.700000,0.538462,0.538462,0.538462,0.500000,0.538462,0.500000,0.600000,5,1,base/math.jl,same_file,1,False,,,0.000000,0.000000,no supported local structural parser,False,,0,0.000000,0.000000,0.000000,0.000000,disabled,1.000000,0.500000
914e6a6de755ad49,0%,0,0,0%,0,0,text,pygments,False,0.000000,0.782609,0.956522,0.782609,0.956522,0.000000,0.782609,0.085714,0.154506,0.956522,0.782609,0.956522,0.000000,0.956522,0.052632,0.333333,6,19,base/iterators.jl,same_file,2,False,,,0.000000,0.000000,no supported local structural parser,False,,0,0.000000,0.000000,0.000000,0.000000,disabled,1.000000,0.000000
f6253a5bfd6281b5,0%,0,0,mostly,82,81-90,text,pygments,False,0.000000,0.900000,1.000000,0.900000,1.000000,0.000000,0.900000,0.191489,0.315789,1.000000,0.900000,1.000000,0.000000,1.000000,0.400000,0.500000,2,5,base/iterators.jl,same_file,3,False,,,0.000000,0.000000,no supported local structural parser,False,,0,0.000000,0.000000,0.000000,0.000000,disabled,1.000000,0.000000
db68d46701b6e65a,100%,100,91-100,100%,100,91-100,text,pygments,True,1.000000,1.000000,1.000000,1.000000,1.000000,1.000000,1.000000,1.000000,1.000000,1.000000,1.000000,1.000000,1.000000,1.000000,1.000000,1.000000,2,1,base/iterators.jl,same_file,3,False,,,0.000000,0.000000,no supported local structural parser,False,,0,0.000000,0.000000,0.000000,0.000000,disabled,1.000000,1.000000
a6d2a700ad830053,100%,100,91-100,100%,100,91-100,text,regex,True,1.000000,1.000000,1.000000,1.000000,1.000000,1.000000,1.000000,1.000000,1.000000,1.000000,1.000000,1.000000,1.000000,1.000000,1.000000,1.000000,1,1,test/iterators.jl,same_file,1,False,,,0.000000,0.000000,no supported local structural parser,False,,0,0.000000,0.000000,0.000000,0.000000,disabled,1.000000,1.000000
2ccc01718f92793c,100%,100,91-100,100%,100,91-100,text,pygments,True,1.000000,1.000000,1.000000,1.000000,1.000000,1.000000,1.000000,1.000000,1.000000,1.000000,1.000000,1.000000,1.000000,1.000000,1.000000,1.000000,4,1,base/iterators.jl,same_file,3,False,,,0.000000,0.000000,no supported local structural parser,False,,0,0.000000,0.000000,0.000000,0.000000,disabled,1.000000,1.000000
0e62f626483bd5ec,0%,0,0,mostly,79,71-80,text,pygments,False,0.000000,0.785714,0.964286,0.785714,0.964286,0.000000,0.785714,0.099548,0.176707,0.964286,0.785714,0.964286,0.000000,0.892857,0.125000,1.000000,4,16,stdlib/Random/src/misc.jl,same_file,1,False,,,0.000000,0.000000,no supported local structural parser,False,,0,0.000000,0.000000,0.000000,0.000000,disabled,1.000000,0.000000
2f19b7ccfccddafe,0%,0,0,mostly,72,71-80,text,pygments,False,0.000000,1.000000,1.000000,1.000000,1.000000,0.000000,1.000000,0.049774,0.094828,1.000000,1.000000,1.000000,0.000000,1.000000,0.062500,1.000000,3,16,stdlib/Random/src/misc.jl,same_file,1,False,,,0.000000,0.000000,no supported local structural parser,False,,0,0.000000,0.000000,0.000000,0.000000,disabled,1.000000,0.000000
dae69b7fe300ef01,100%,100,91-100,100%,100,91-100,text,pygments,True,1.000000,1.000000,1.000000,1.000000,1.000000,1.000000,1.000000,0.049774,0.094828,1.000000,1.000000,1.000000,1.000000,1.000000,0.062500,1.000000,2,16,stdlib/Random/src/misc.jl,same_file,2,False,,,0.000000,0.000000,no supported local structural parser,False,,0,0.000000,0.000000,0.000000,0.000000,disabled,1.000000,1.000000
8cf5190bef0c6f93,100%,100,91-100,100%,100,91-100,text,pygments,True,1.000000,1.000000,1.000000,1.000000,1.000000,1.000000,1.000000,0.135747,0.239044,1.000000,1.000000,1.000000,1.000000,1.000000,0.125000,1.000000,10,16,stdlib/Random/src/misc.jl,same_file,1,False,,,0.000000,0.000000,no supported local structural parser,False,,0,0.000000,0.000000,0.000000,0.000000,disabled,1.000000,1.000000
42a9cec4efd6dd0c,100%,100,91-100,100%,100,91-100,text,pygments,True,1.000000,1.000000,1.000000,1.000000,1.000000,1.000000,1.000000,1.000000,1.000000,1.000000,1.000000,1.000000,1.000000,1.000000,1.000000,1.000000,8,1,stdlib/Random/src/misc.jl,same_file,1,False,,,0.000000,0.000000,no supported local structural parser,False,,0,0.000000,0.000000,0.000000,0.000000,disabled,1.000000,1.000000
8c69bf8ace53e3ec,100%,100,91-100,100%,100,91-100,cpp,pygments,True,1.000000,1.000000,1.000000,1.000000,1.000000,1.000000,1.000000,1.000000,1.000000,1.000000,1.000000,1.000000,1.000000,1.000000,1.000000,1.000000,3,1,src/processor_arm.cpp,same_file,1,True,tree_sitter,cpp,1.000000,1.000000,,False,,0,0.000000,0.000000,0.000000,0.000000,disabled,1.000000,1.000000
54d153512c5706c9,100%,100,91-100,100%,100,91-100,cpp,pygments,True,1.000000,1.000000,1.000000,1.000000,1.000000,1.000000,1.000000,1.000000,1.000000,1.000000,1.000000,1.000000,1.000000,1.000000,1.000000,1.000000,3,1,src/processor_x86.cpp,same_file,1,True,tree_sitter,cpp,1.000000,1.000000,,False,,0,0.000000,0.000000,0.000000,0.000000,disabled,1.000000,1.000000
a209790cd28d0767,100%,100,91-100,100%,100,91-100,c,pygments,True,1.000000,1.000000,1.000000,1.000000,1.000000,1.000000,1.000000,1.000000,1.000000,1.000000,1.000000,1.000000,1.000000,1.000000,1.000000,1.000000,3,1,src/signals-win.c,same_file,4,True,tree_sitter,c,1.000000,1.000000,,False,,0,0.000000,0.000000,0.000000,0.000000,disabled,1.000000,1.000000
942ee296af0f29ef,mostly,75,71-80,mostly,88,81-90,c,pygments,False,0.750000,0.973684,1.000000,0.973684,1.000000,0.750000,0.973684,0.560606,0.711538,1.000000,0.973684,1.000000,0.750000,1.000000,0.400000,0.937500,16,10,src/support/ios.c,neighboring_same_file,5,True,tree_sitter,c,1.000000,1.000000,,False,,0,0.000000,0.000000,0.000000,0.000000,disabled,1.000000,0.750000
3866f11fa70f8871,100%,100,91-100,100%,100,91-100,text,pygments,True,0.500000,0.971429,1.000000,0.971429,1.000000,0.500000,0.971429,0.755556,0.850000,1.000000,0.971429,1.000000,0.500000,1.000000,0.666667,1.000000,12,3,base/char.jl,same_file,4,False,,,0.000000,0.000000,no supported local structural parser,False,,0,0.000000,0.000000,0.000000,0.000000,disabled,1.000000,0.500000
d70f6a755aad41af,mostly,75,71-80,mostly,75,71-80,cpp,regex,False,0.750000,0.121495,0.242991,0.121495,0.242991,0.750000,0.121495,0.333333,0.178082,0.242991,0.121495,0.242991,0.750000,0.242991,1.000000,0.086957,46,4,src/llvm-alloc-opt.cpp,same_file,1,True,tree_sitter,cpp,0.800000,0.800000,,False,,0,0.000000,0.000000,0.000000,0.000000,disabled,1.000000,0.750000
f9c8a90427f64bfd,100%,100,91-100,100%,100,91-100,cpp,pygments,True,1.000000,1.000000,1.000000,1.000000,1.000000,1.000000,1.000000,1.000000,1.000000,1.000000,1.000000,1.000000,1.000000,1.000000,0.250000,1.000000,15,4,src/llvm-alloc-opt.cpp,same_file,1,True,tree_sitter,cpp,1.000000,1.000000,,False,,0,0.000000,0.000000,0.000000,0.000000,disabled,1.000000,1.000000
a946dfd93f0541de,100%,100,91-100,100%,100,91-100,cpp,regex,True,1.000000,1.000000,1.000000,1.000000,1.000000,1.000000,1.000000,1.000000,1.000000,1.000000,1.000000,1.000000,1.000000,1.000000,1.000000,1.000000,9,1,src/llvm-alloc-opt.cpp,same_file,1,True,tree_sitter,cpp,1.000000,1.000000,,False,,0,0.000000,0.000000,0.000000,0.000000,disabled,1.000000,1.000000
1324be94afaa249f,mostly,70,61-70,mostly,78,71-80,text,pygments,False,0.000000,0.764706,0.764706,0.764706,0.764706,0.000000,0.764706,0.166667,0.273684,0.764706,0.764706,0.764706,0.000000,0.764706,0.333333,1.000000,2,3,stdlib/Markdown/src/render/terminal/render.jl,same_file,1,False,,,0.000000,0.000000,no supported local structural parser,False,,0,0.000000,0.000000,0.000000,0.000000,disabled,1.000000,0.000000
dd0b1580e9fbad97,0%,0,0,mostly,79,71-80,text,pygments,False,0.000000,0.700000,0.900000,0.700000,0.900000,0.000000,0.600000,0.039474,0.074074,0.900000,0.600000,0.900000,0.000000,0.900000,0.230769,0.500000,4,13,base/stream.jl,same_file,6,False,,,0.000000,0.000000,no supported local structural parser,False,,0,0.000000,0.000000,0.000000,0.000000,disabled,1.000000,0.000000
0975ac9352a13aa7,0%,0,0,mostly,79,71-80,text,pygments,False,0.000000,0.950000,0.950000,0.950000,0.950000,0.000000,0.950000,0.513514,0.666667,0.950000,0.950000,0.950000,0.000000,0.900000,0.500000,1.000000,4,1,test/cmdlineargs.jl,same_file,1,False,,,0.000000,0.000000,no supported local structural parser,False,,0,0.000000,0.000000,0.000000,0.000000,disabled,1.000000,0.000000
6afefde0fa2bf283,100%,90,81-90,mostly,88,81-90,text,pygments,False,0.750000,1.000000,1.000000,1.000000,1.000000,0.750000,1.000000,0.104603,0.189394,1.000000,1.000000,1.000000,0.750000,1.000000,0.285714,1.000000,13,14,base/iterators.jl,same_file,3,False,,,0.000000,0.000000,no supported local structural parser,False,,0,0.000000,0.000000,0.000000,0.000000,disabled,1.000000,0.750000
659aef27dfd5c5da,0%,0,0,mostly,82,81-90,text,pygments,False,0.000000,0.936170,1.000000,0.936170,1.000000,0.000000,0.936170,0.092632,0.168582,1.000000,0.936170,1.000000,0.000000,0.978723,0.100000,0.928571,14,30,base/iterators.jl,same_file,1,False,,,0.000000,0.000000,no supported local structural parser,False,,0,0.000000,0.000000,0.000000,0.000000,disabled,1.000000,0.000000
0029e8d573da3eed,0%,0,0,mostly,72,71-80,text,pygments,False,0.000000,0.976190,0.976190,0.976190,0.976190,0.000000,0.976190,0.086316,0.158607,0.976190,0.976190,0.976190,0.000000,0.952381,0.066667,1.000000,11,30,base/iterators.jl,same_file,1,False,,,0.000000,0.000000,no supported local structural parser,False,,0,0.000000,0.000000,0.000000,0.000000,disabled,1.000000,0.000000
f08581e2cd11fe80,0%,0,0,mostly,72,71-80,text,pygments,False,0.000000,0.976190,0.976190,0.976190,0.976190,0.000000,0.976190,0.093182,0.170124,0.976190,0.976190,0.976190,0.000000,0.952381,0.071429,1.000000,11,28,base/iterators.jl,same_file,1,False,,,0.000000,0.000000,no supported local structural parser,False,,0,0.000000,0.000000,0.000000,0.000000,disabled,1.000000,0.000000
c706ec9abf6b2638,partial,45,41-50,mostly,72,71-80,text,pygments,False,0.000000,1.000000,1.000000,1.000000,1.000000,0.000000,1.000000,0.045455,0.086957,1.000000,1.000000,1.000000,0.000000,1.000000,0.035714,1.000000,6,28,base/iterators.jl,same_file,1,False,,,0.000000,0.000000,no supported local structural parser,False,,0,0.000000,0.000000,0.000000,0.000000,disabled,1.000000,0.000000
c7e6b21c10b4ce8e,partial,45,41-50,mostly,72,71-80,text,pygments,False,0.000000,1.000000,1.000000,1.000000,1.000000,0.000000,1.000000,0.064039,0.120370,1.000000,1.000000,1.000000,0.000000,1.000000,0.035714,1.000000,8,28,base/iterators.jl,same_file,1,False,,,0.000000,0.000000,no supported local structural parser,False,,0,0.000000,0.000000,0.000000,0.000000,disabled,1.000000,0.000000
ba5791d4a27dcc1f,100%,100,91-100,100%,100,91-100,text,pygments,True,1.000000,1.000000,1.000000,1.000000,1.000000,1.000000,1.000000,1.000000,1.000000,1.000000,1.000000,1.000000,1.000000,1.000000,1.000000,1.000000,6,1,base/iterators.jl,same_file,3,False,,,0.000000,0.000000,no supported local structural parser,False,,0,0.000000,0.000000,0.000000,0.000000,disabled,1.000000,1.000000
ab4971f5557f0835,0%,0,0,0%,0,0,text,pygments,False,0.000000,0.550000,0.950000,0.550000,0.950000,0.000000,0.550000,0.043307,0.080292,0.950000,0.550000,0.950000,0.000000,0.900000,0.088235,0.125000,8,34,base/abstractarray.jl,same_file,2,False,,,0.000000,0.000000,no supported local structural parser,False,,0,0.000000,0.000000,0.000000,0.000000,disabled,1.000000,0.000000
c032d7840b663f4e,mostly,75,71-80,mostly,85,81-90,text,pygments,False,0.750000,0.584615,0.584615,0.584615,0.584615,0.750000,0.584615,1.000000,0.737864,0.584615,0.584615,0.584615,0.750000,0.584615,0.750000,0.428571,21,3,base/abstractarray.jl,same_file,1,False,,,0.000000,0.000000,no supported local structural parser,False,,0,0.000000,0.000000,0.000000,0.000000,disabled,1.000000,0.750000
b7d320ac042d30e5,mostly,67,61-70,mostly,72,71-80,text,pygments,False,0.666667,0.798165,0.944954,0.798165,0.944954,0.666667,0.798165,0.491525,0.608392,0.944954,0.798165,0.944954,0.666667,0.733945,0.352941,0.520000,25,17,base/abstractarray.jl,neighboring_same_file,3,False,,,0.000000,0.000000,no supported local structural parser,False,,0,0.000000,0.000000,0.000000,0.000000,disabled,1.000000,0.666700
1b8fa199fd47b8a8,mostly,84,81-90,mostly,79,71-80,text,pygments,False,0.714286,0.818750,0.937500,0.818750,0.937500,0.714286,0.818750,0.740113,0.777448,0.937500,0.818750,0.937500,0.714286,0.893750,0.823529,0.571429,42,17,base/abstractarray.jl,neighboring_same_file,4,False,,,0.000000,0.000000,no supported local structural parser,False,,0,0.000000,0.000000,0.000000,0.000000,disabled,1.000000,0.714300
d53f5d49f0749231,partial,30,21-30,partial,55,51-60,text,pygments,False,0.214286,0.637931,0.758621,0.637931,0.758621,0.214286,0.637931,0.813187,0.714976,0.758621,0.637931,0.758621,0.214286,0.655172,0.583333,0.468085,47,24,stdlib/Random/src/misc.jl,same_file,3,False,,,0.000000,0.000000,no supported local structural parser,False,,0,0.000000,0.000000,0.000000,0.000000,disabled,1.000000,0.214300
ca8d05fda49467df,0%,0,0,mostly,72,71-80,text,pygments,False,0.000000,1.000000,1.000000,1.000000,1.000000,0.000000,1.000000,0.076087,0.141414,1.000000,1.000000,1.000000,0.000000,1.000000,0.040000,1.000000,3,25,stdlib/Random/src/misc.jl,same_file,1,False,,,0.000000,0.000000,no supported local structural parser,False,,0,0.000000,0.000000,0.000000,0.000000,disabled,1.000000,0.000000
d83f7790d434b411,0%,0,0,mostly,72,71-80,text,pygments,False,0.000000,1.000000,1.000000,1.000000,1.000000,0.000000,1.000000,0.076087,0.141414,1.000000,1.000000,1.000000,0.000000,1.000000,0.040000,1.000000,3,25,stdlib/Random/src/misc.jl,same_file,1,False,,,0.000000,0.000000,no supported local structural parser,False,,0,0.000000,0.000000,0.000000,0.000000,disabled,1.000000,0.000000
20fe0b97cbb5c83b,100%,100,91-100,100%,100,91-100,text,pygments,True,1.000000,1.000000,1.000000,1.000000,1.000000,1.000000,1.000000,0.869565,0.930233,1.000000,1.000000,1.000000,1.000000,1.000000,0.083333,1.000000,7,12,stdlib/Random/src/misc.jl,same_file,3,False,,,0.000000,0.000000,no supported local structural parser,False,,0,0.000000,0.000000,0.000000,0.000000,disabled,1.000000,1.000000
3c4cf8deea2df99e,0%,0,0,0%,0,0,text,pygments,False,0.000000,0.875000,1.000000,0.875000,1.000000,0.000000,0.687500,0.234043,0.349206,1.000000,0.687500,1.000000,0.000000,0.812500,0.250000,0.166667,6,4,stdlib/Random/src/misc.jl,same_file,4,False,,,0.000000,0.000000,no supported local structural parser,False,,0,0.000000,0.000000,0.000000,0.000000,disabled,1.000000,0.000000
e4f0c481f156bd0c,0%,0,0,0%,0,0,text,pygments,False,0.000000,0.722222,0.888889,0.722222,0.888889,0.000000,0.666667,0.255319,0.369231,0.888889,0.666667,0.888889,0.000000,0.888889,0.250000,0.333333,6,4,stdlib/Random/src/misc.jl,same_file,4,False,,,0.000000,0.000000,no supported local structural parser,False,,0,0.000000,0.000000,0.000000,0.000000,disabled,1.000000,0.000000
5405b542ae1d2417,100%,100,91-100,mostly,82,81-90,text,pygments,False,0.000000,0.952381,1.000000,0.952381,1.000000,0.000000,0.952381,0.952381,0.952381,1.000000,0.952381,1.000000,0.000000,1.000000,1.000000,0.833333,6,1,stdlib/Random/src/misc.jl,same_file,4,False,,,0.000000,0.000000,no supported local structural parser,False,,0,0.000000,0.000000,0.000000,0.000000,disabled,1.000000,0.000000
f6eaad6c95c61527,partial,49,41-50,partial,55,51-60,text,pygments,False,0.400000,0.920000,0.960000,0.920000,0.960000,0.400000,0.920000,0.298701,0.450980,0.960000,0.920000,0.960000,0.200000,0.800000,0.416667,1.000000,12,12,stdlib/Random/test/runtests.jl,neighboring_same_file,4,False,,,0.000000,0.000000,no supported local structural parser,False,,0,0.000000,0.000000,0.000000,0.000000,disabled,1.000000,0.400000
5c1050dbfed662a8,100%,100,91-100,100%,100,91-100,text,pygments,True,1.000000,1.000000,1.000000,1.000000,1.000000,1.000000,1.000000,0.476190,0.645161,1.000000,1.000000,1.000000,1.000000,1.000000,0.333333,1.000000,6,3,stdlib/Random/src/misc.jl,same_file,4,False,,,0.000000,0.000000,no supported local structural parser,False,,0,0.000000,0.000000,0.000000,0.000000,disabled,1.000000,1.000000
ab959442328cea1f,100%,100,91-100,100%,100,91-100,text,pygments,True,1.000000,1.000000,1.000000,1.000000,1.000000,1.000000,1.000000,1.000000,1.000000,1.000000,1.000000,1.000000,1.000000,1.000000,1.000000,1.000000,3,1,stdlib/Random/src/misc.jl,same_file,1,False,,,0.000000,0.000000,no supported local structural parser,False,,0,0.000000,0.000000,0.000000,0.000000,disabled,1.000000,1.000000
3b2faea381f8b730,100%,100,91-100,100%,100,91-100,text,pygments,True,1.000000,1.000000,1.000000,1.000000,1.000000,1.000000,1.000000,0.135593,0.238806,1.000000,1.000000,1.000000,1.000000,1.000000,0.105263,1.000000,7,19,base/strings/string.jl,same_file,2,False,,,0.000000,0.000000,no supported local structural parser,False,,0,0.000000,0.000000,0.000000,0.000000,disabled,1.000000,1.000000
1af3d30721091372,0%,0,0,0%,0,0,text,pygments,False,0.000000,0.326087,0.659420,0.362319,0.681159,0.000000,0.326087,0.269461,0.295082,0.659420,0.362319,0.681159,0.000000,0.500000,0.666667,0.120000,50,18,base/strings/string.jl,neighboring_same_file,3,False,,,0.000000,0.000000,no supported local structural parser,False,,0,0.000000,0.000000,0.000000,0.000000,disabled,1.000000,0.000000
a46b4f7c80a98702,mostly,78,71-80,100%,90,81-90,text,pygments,False,0.750000,1.000000,1.000000,1.000000,1.000000,0.750000,1.000000,1.000000,1.000000,1.000000,1.000000,1.000000,0.625000,1.000000,0.875000,1.000000,32,7,base/strings/unicode.jl,same_file,2,False,,,0.000000,0.000000,no supported local structural parser,False,,0,0.000000,0.000000,0.000000,0.000000,disabled,1.000000,0.750000
2618148555e8967c,100%,90,81-90,mostly,82,81-90,text,pygments,False,0.000000,0.952381,1.000000,0.952381,1.000000,0.000000,0.952381,0.178571,0.300752,1.000000,0.952381,1.000000,0.000000,1.000000,0.166667,0.750000,4,6,base/int.jl,same_file,1,False,,,0.000000,0.000000,no supported local structural parser,False,,0,0.000000,0.000000,0.000000,0.000000,disabled,1.000000,0.000000
9bfee1831fbea476,partial,50,41-50,partial,55,51-60,text,pygments,False,0.400000,0.837838,0.864865,0.864865,0.891892,0.400000,0.837838,0.276786,0.416107,0.864865,0.864865,0.891892,0.200000,0.756757,0.833333,0.684211,19,6,base/int.jl,same_file,3,False,,,0.000000,0.000000,no supported local structural parser,False,,0,0.000000,0.000000,0.000000,0.000000,disabled,1.000000,0.400000
996dc32bc9eb58ab,100%,100,91-100,100%,100,91-100,text,pygments,True,1.000000,1.000000,1.000000,1.000000,1.000000,1.000000,1.000000,0.545455,0.705882,1.000000,1.000000,1.000000,1.000000,1.000000,0.500000,1.000000,4,2,base/int.jl,same_file,3,False,,,0.000000,0.000000,no supported local structural parser,False,,0,0.000000,0.000000,0.000000,0.000000,disabled,1.000000,1.000000
c7a65cf8d59bf7d6,100%,100,91-100,100%,100,91-100,text,pygments,True,1.000000,1.000000,1.000000,1.000000,1.000000,1.000000,1.000000,0.454545,0.625000,1.000000,1.000000,1.000000,1.000000,1.000000,0.500000,1.000000,4,2,base/int.jl,same_file,3,False,,,0.000000,0.000000,no supported local structural parser,False,,0,0.000000,0.000000,0.000000,0.000000,disabled,1.000000,1.000000
bced614e9aff0bce,100%,100,91-100,100%,100,91-100,text,pygments,True,1.000000,1.000000,1.000000,1.000000,1.000000,1.000000,1.000000,0.456522,0.626866,1.000000,1.000000,1.000000,1.000000,1.000000,0.500000,1.000000,4,2,base/int.jl,same_file,3,False,,,0.000000,0.000000,no supported local structural parser,False,,0,0.000000,0.000000,0.000000,0.000000,disabled,1.000000,1.000000
6af25ca7475e6513,100%,100,91-100,100%,100,91-100,text,pygments,True,1.000000,1.000000,1.000000,1.000000,1.000000,1.000000,1.000000,0.543478,0.704225,1.000000,1.000000,1.000000,1.000000,1.000000,0.500000,1.000000,10,2,base/int.jl,same_file,3,False,,,0.000000,0.000000,no supported local structural parser,False,,0,0.000000,0.000000,0.000000,0.000000,disabled,1.000000,1.000000
485153ed592c0426,0%,0,0,mostly,75,71-80,text,pygments,False,0.000000,0.571429,0.857143,0.571429,0.857143,0.000000,0.571429,0.078431,0.137931,0.857143,0.571429,0.857143,0.000000,0.857143,0.250000,0.600000,5,4,base/pair.jl,same_file,2,False,,,0.000000,0.000000,no supported local structural parser,False,,0,0.000000,0.000000,0.000000,0.000000,disabled,1.000000,0.000000
49f4d95daa1ca438,0%,0,0,mostly,77,71-80,text,pygments,False,0.000000,0.750000,0.875000,0.750000,0.875000,0.000000,0.750000,0.235294,0.358209,0.875000,0.750000,0.875000,0.000000,0.875000,0.800000,0.800000,10,4,base/pair.jl,same_file,2,False,,,0.000000,0.000000,no supported local structural parser,False,,0,0.000000,0.000000,0.000000,0.000000,disabled,1.000000,0.000000
46ca582a2a83e17a,0%,0,0,mostly,77,71-80,text,pygments,False,0.000000,0.625000,0.875000,0.625000,0.875000,0.000000,0.625000,0.098039,0.169492,0.875000,0.625000,0.875000,0.000000,0.875000,0.250000,0.500000,4,4,base/pair.jl,same_file,3,False,,,0.000000,0.000000,no supported local structural parser,False,,0,0.000000,0.000000,0.000000,0.000000,disabled,1.000000,0.000000
2b799b4701506b3f,mostly,70,61-70,mostly,82,81-90,text,pygments,False,0.000000,0.965517,0.965517,0.965517,0.965517,0.000000,0.965517,0.549020,0.700000,0.965517,0.965517,0.965517,0.000000,0.965517,0.250000,1.000000,7,4,base/pair.jl,same_file,3,False,,,0.000000,0.000000,no supported local structural parser,False,,0,0.000000,0.000000,0.000000,0.000000,disabled,1.000000,0.000000
6377291add2169b8,mostly,70,61-70,mostly,82,81-90,text,pygments,False,0.000000,0.903226,0.935484,0.935484,0.967742,0.000000,0.903226,0.549020,0.682927,0.935484,0.935484,0.967742,0.000000,0.935484,0.250000,0.777778,9,4,base/pair.jl,same_file,3,False,,,0.000000,0.000000,no supported local structural parser,False,,0,0.000000,0.000000,0.000000,0.000000,disabled,1.000000,0.000000
0e5f05c6909f38b0,100%,90,81-90,mostly,82,81-90,text,pygments,False,0.000000,0.969697,1.000000,0.969697,1.000000,0.000000,0.969697,0.627451,0.761905,1.000000,0.969697,1.000000,0.000000,1.000000,0.250000,0.888889,9,4,base/pair.jl,same_file,3,False,,,0.000000,0.000000,no supported local structural parser,False,,0,0.000000,0.000000,0.000000,0.000000,disabled,1.000000,0.000000
8c9bc0d94e9017fe,100%,100,91-100,100%,100,91-100,text,pygments,True,1.000000,1.000000,1.000000,1.000000,1.000000,1.000000,1.000000,0.019608,0.038462,1.000000,1.000000,1.000000,1.000000,1.000000,0.250000,1.000000,1,4,base/pair.jl,same_file,3,False,,,0.000000,0.000000,no supported local structural parser,False,,0,0.000000,0.000000,0.000000,0.000000,disabled,1.000000,1.000000
0082a3271bac4b16,0%,0,0,mostly,75,71-80,text,pygments,False,0.000000,0.571429,0.857143,0.571429,0.857143,0.000000,0.571429,0.080000,0.140351,0.857143,0.571429,0.857143,0.000000,0.857143,0.333333,0.600000,5,3,base/pair.jl,same_file,3,False,,,0.000000,0.000000,no supported local structural parser,False,,0,0.000000,0.000000,0.000000,0.000000,disabled,1.000000,0.000000
113928e854e4ce28,0%,0,0,partial,50,41-50,text,pygments,False,0.000000,0.400000,0.560000,0.400000,0.560000,0.000000,0.400000,0.588235,0.476190,0.560000,0.400000,0.560000,0.000000,0.400000,1.000000,0.125000,8,2,base/logging/logging.jl,neighboring_same_file,3,False,,,0.000000,0.000000,no supported local structural parser,False,,0,0.000000,0.000000,0.000000,0.000000,disabled,1.000000,0.000000
0b03900c37054f7f,partial,56,51-60,mostly,85,81-90,text,pygments,False,0.600000,0.411111,0.411111,0.411111,0.411111,0.600000,0.411111,1.000000,0.582677,0.411111,0.411111,0.411111,0.600000,0.411111,0.600000,0.432432,37,3,test/buildkitetestjson.jl,same_file,2,False,,,0.000000,0.000000,no supported local structural parser,False,,0,0.000000,0.000000,0.000000,0.000000,disabled,1.000000,0.600000
090d01112726a483,0%,0,0,mostly,64,61-70,text,pygments,False,0.000000,0.653846,0.846154,0.653846,0.846154,0.000000,0.653846,0.607143,0.629630,0.846154,0.653846,0.846154,0.000000,0.653846,0.666667,0.200000,5,2,base/show.jl,same_file,1,False,,,0.000000,0.000000,no supported local structural parser,False,,0,0.000000,0.000000,0.000000,0.000000,disabled,1.000000,0.000000
3f246bab4dfe66f6,100%,100,91-100,100%,100,91-100,text,pygments,True,1.000000,1.000000,1.000000,1.000000,1.000000,1.000000,1.000000,0.785714,0.880000,1.000000,1.000000,1.000000,1.000000,1.000000,0.500000,1.000000,5,2,base/show.jl,same_file,3,False,,,0.000000,0.000000,no supported local structural parser,False,,0,0.000000,0.000000,0.000000,0.000000,disabled,1.000000,1.000000
ca75d872fd73def6,100%,100,91-100,100%,100,91-100,text,pygments,True,1.000000,1.000000,1.000000,1.000000,1.000000,1.000000,1.000000,1.000000,1.000000,1.000000,1.000000,1.000000,1.000000,1.000000,1.000000,1.000000,1,1,base/show.jl,same_file,3,False,,,0.000000,0.000000,no supported local structural parser,False,,0,0.000000,0.000000,0.000000,0.000000,disabled,1.000000,1.000000
d1d0e71c969cbaa3,100%,100,91-100,100%,100,91-100,cpp,pygments,True,1.000000,1.000000,1.000000,1.000000,1.000000,1.000000,1.000000,1.000000,1.000000,1.000000,1.000000,1.000000,1.000000,1.000000,1.000000,1.000000,13,1,src/codegen.cpp,same_file,1,True,tree_sitter,cpp,1.000000,1.000000,,False,,0,0.000000,0.000000,0.000000,0.000000,disabled,1.000000,1.000000
233d2550bd22b598,100%,100,91-100,mostly,72,71-80,text,pygments,False,0.000000,1.000000,1.000000,1.000000,1.000000,0.000000,1.000000,0.195652,0.327273,1.000000,1.000000,1.000000,0.000000,1.000000,0.090909,1.000000,4,11,stdlib/REPL/src/REPL.jl,same_file,3,False,,,0.000000,0.000000,no supported local structural parser,False,,0,0.000000,0.000000,0.000000,0.000000,disabled,1.000000,0.000000
242eb3a2990d8d09,0%,0,0,mostly,66,61-70,text,pygments,False,0.000000,0.625000,0.750000,0.625000,0.750000,0.000000,0.625000,0.108696,0.185185,0.750000,0.625000,0.750000,0.000000,0.750000,0.181818,0.750000,4,11,stdlib/REPL/src/REPL.jl,same_file,3,False,,,0.000000,0.000000,no supported local structural parser,False,,0,0.000000,0.000000,0.000000,0.000000,disabled,1.000000,0.000000
11dff9516ce73ff7,partial,40,31-40,partial,55,51-60,text,pygments,False,0.400000,0.647059,0.784314,0.686275,0.823529,0.400000,0.647059,0.687500,0.666667,0.784314,0.647059,0.784314,0.200000,0.686275,1.000000,0.642857,14,5,stdlib/Random/src/RNGs.jl,same_file,3,False,,,0.000000,0.000000,no supported local structural parser,False,,0,0.000000,0.000000,0.000000,0.000000,disabled,1.000000,0.400000
7939bc6e778909bc,partial,45,41-50,mostly,70,61-70,text,pygments,False,0.000000,0.800000,0.900000,0.800000,0.900000,0.000000,0.800000,0.063492,0.117647,0.900000,0.800000,0.900000,0.000000,0.800000,0.142857,0.800000,5,7,base/initdefs.jl,same_file,4,False,,,0.000000,0.000000,no supported local structural parser,False,,0,0.000000,0.000000,0.000000,0.000000,disabled,1.000000,0.000000
1bc8ba4f0fccde82,0%,0,0,0%,0,0,text,pygments,False,0.000000,0.700000,1.000000,0.700000,1.000000,0.000000,0.700000,0.218750,0.333333,1.000000,0.700000,1.000000,0.000000,0.900000,0.166667,0.250000,4,6,test/loading.jl,same_file,3,False,,,0.000000,0.000000,no supported local structural parser,False,,0,0.000000,0.000000,0.000000,0.000000,disabled,1.000000,0.000000
b18d154c3a69eb32,100%,100,91-100,mostly,82,81-90,text,pygments,False,0.500000,0.933333,0.933333,0.933333,0.933333,0.500000,0.933333,0.144330,0.250000,0.933333,0.933333,0.933333,0.500000,0.933333,0.333333,1.000000,6,6,base/initdefs.jl,same_file,2,False,,,0.000000,0.000000,no supported local structural parser,False,,0,0.000000,0.000000,0.000000,0.000000,disabled,1.000000,0.500000
3c8aaafcc5de0428,100%,100,91-100,100%,100,91-100,text,pygments,True,1.000000,1.000000,1.000000,1.000000,1.000000,1.000000,1.000000,1.000000,1.000000,1.000000,1.000000,1.000000,1.000000,1.000000,1.000000,1.000000,6,1,base/initdefs.jl,same_file,4,False,,,0.000000,0.000000,no supported local structural parser,False,,0,0.000000,0.000000,0.000000,0.000000,disabled,1.000000,1.000000
97f3f2ed2c806acf,0%,0,0,0%,0,0,text,pygments,False,0.000000,0.235294,0.470588,0.294118,0.529412,0.000000,0.235294,0.242424,0.238806,0.470588,0.294118,0.529412,0.000000,0.470588,0.666667,0.083333,12,3,base/ryu/Ryu.jl,same_file,1,False,,,0.000000,0.000000,no supported local structural parser,False,,0,0.000000,0.000000,0.000000,0.000000,disabled,1.000000,0.000000
db3c1295257a82f0,100%,100,91-100,100%,100,91-100,text,pygments,True,1.000000,1.000000,1.000000,1.000000,1.000000,1.000000,1.000000,1.000000,1.000000,1.000000,1.000000,1.000000,1.000000,1.000000,1.000000,1.000000,4,1,test/ryu.jl,same_file,3,False,,,0.000000,0.000000,no supported local structural parser,False,,0,0.000000,0.000000,0.000000,0.000000,disabled,1.000000,1.000000
d5832ecea7802e74,0%,0,0,0%,0,0,text,regex,False,0.000000,0.133333,0.933333,0.133333,0.933333,0.000000,0.133333,0.005222,0.010050,0.933333,0.133333,0.933333,0.000000,0.933333,0.022222,0.000000,7,45,stdlib/REPL/src/REPLCompletions.jl,same_file,1,False,,,0.000000,0.000000,no supported local structural parser,False,,0,0.000000,0.000000,0.000000,0.000000,disabled,1.000000,0.000000
ca5761ebef91c688,partial,45,41-50,mostly,66,61-70,text,pygments,False,0.000000,0.625000,0.750000,0.625000,0.750000,0.000000,0.625000,0.625000,0.625000,0.750000,0.625000,0.750000,0.000000,0.750000,1.000000,0.666667,3,1,stdlib/REPL/src/REPLCompletions.jl,same_file,3,False,,,0.000000,0.000000,no supported local structural parser,False,,0,0.000000,0.000000,0.000000,0.000000,disabled,1.000000,0.000000
7fdda3ffc02c972b,100%,90,81-90,mostly,82,81-90,text,pygments,False,0.000000,0.875000,1.000000,0.875000,1.000000,0.000000,0.875000,0.875000,0.875000,1.000000,0.875000,1.000000,0.000000,1.000000,1.000000,0.666667,3,1,stdlib/REPL/src/REPLCompletions.jl,same_file,3,False,,,0.000000,0.000000,no supported local structural parser,False,,0,0.000000,0.000000,0.000000,0.000000,disabled,1.000000,0.000000
3b8e26c8d37d3baa,100%,100,91-100,100%,100,91-100,text,pygments,True,1.000000,1.000000,1.000000,1.000000,1.000000,1.000000,1.000000,1.000000,1.000000,1.000000,1.000000,1.000000,1.000000,1.000000,1.000000,1.000000,3,1,stdlib/REPL/src/REPLCompletions.jl,same_file,1,False,,,0.000000,0.000000,no supported local structural parser,False,,0,0.000000,0.000000,0.000000,0.000000,disabled,1.000000,1.000000
1490b2b73c9f8891,100%,100,91-100,100%,100,91-100,text,pygments,True,1.000000,1.000000,1.000000,1.000000,1.000000,1.000000,1.000000,0.591837,0.743590,1.000000,1.000000,1.000000,1.000000,1.000000,0.200000,1.000000,18,5,base/docs/basedocs.jl,same_file,5,False,,,0.000000,0.000000,no supported local structural parser,False,,0,0.000000,0.000000,0.000000,0.000000,disabled,1.000000,1.000000
9d868b228bed83e1,partial,56,51-60,partial,55,51-60,text,pygments,False,0.428571,0.692308,0.769231,0.923077,0.846154,0.428571,0.692308,0.045455,0.085308,0.769231,0.923077,0.846154,0.142857,0.769231,0.388889,0.500000,8,18,base/docs/basedocs.jl,neighboring_same_file,3,False,,,0.000000,0.000000,no supported local structural parser,False,,0,0.000000,0.000000,0.000000,0.000000,disabled,1.000000,0.428600
a58e5612780658d4,0%,0,0,partial,40,31-40,text,pygments,False,0.000000,0.310680,0.524272,0.310680,0.524272,0.000000,0.310680,0.376471,0.340426,0.524272,0.310680,0.524272,0.000000,0.398058,0.625000,0.000000,46,5,test/arrayops.jl,same_file,2,False,,,0.000000,0.000000,no supported local structural parser,False,,0,0.000000,0.000000,0.000000,0.000000,disabled,1.000000,0.000000
4b02c11de9da3761,partial,50,41-50,partial,55,51-60,text,pygments,False,0.444444,0.933333,0.933333,0.933333,0.933333,0.444444,0.933333,1.000000,0.965517,0.933333,0.933333,0.933333,0.111111,0.933333,0.444444,0.818182,22,4,base/reinterpretarray.jl,same_file,1,False,,,0.000000,0.000000,no supported local structural parser,False,,0,0.000000,0.000000,0.000000,0.000000,disabled,1.000000,0.444400
6dbafaf7fe8acff8,0%,0,0,0%,0,0,c,regex,False,0.000000,0.266667,0.766667,0.266667,0.766667,0.000000,0.266667,0.023739,0.043597,0.766667,0.266667,0.766667,0.000000,0.766667,0.023256,0.200000,10,43,src/gf.c,same_file,1,True,tree_sitter,c,0.500000,0.500000,,False,,0,0.000000,0.000000,0.000000,0.000000,disabled,1.000000,0.000000
15fdad31455da085,0%,0,0,0%,0,0,c,regex,False,0.000000,0.125000,0.812500,0.125000,0.812500,0.000000,0.125000,0.007547,0.014235,0.812500,0.125000,0.812500,0.000000,0.812500,0.021739,0.083333,12,46,src/gf.c,same_file,1,True,tree_sitter,c,1.000000,1.000000,,False,,0,0.000000,0.000000,0.000000,0.000000,disabled,1.000000,0.000000
fe2de4df95fe5d5c,0%,0,0,0%,0,0,c,regex,False,0.000000,0.142857,0.809524,0.142857,0.809524,0.000000,0.142857,0.011111,0.020619,0.809524,0.142857,0.809524,0.000000,0.809524,0.022727,0.000000,13,44,src/gf.c,same_file,1,True,tree_sitter,c,1.000000,1.000000,,False,,0,0.000000,0.000000,0.000000,0.000000,disabled,1.000000,0.000000
7c5e5ce0b9125ef7,0%,0,0,0%,0,0,c,regex,False,0.000000,0.100000,0.750000,0.100000,0.750000,0.000000,0.100000,0.022472,0.036697,0.750000,0.100000,0.750000,0.000000,0.750000,0.032258,0.000000,11,31,src/julia.h,same_file,3,True,tree_sitter,c,1.000000,1.000000,,False,,0,0.000000,0.000000,0.000000,0.000000,disabled,1.000000,0.000000
a3f493901ab15008,100%,100,91-100,100%,100,91-100,text,pygments,True,1.000000,1.000000,1.000000,1.000000,1.000000,1.000000,1.000000,1.000000,1.000000,1.000000,1.000000,1.000000,1.000000,1.000000,1.000000,1.000000,2,1,stdlib/Base64/src/decode.jl,same_file,1,False,,,0.000000,0.000000,no supported local structural parser,False,,0,0.000000,0.000000,0.000000,0.000000,disabled,1.000000,1.000000
5b79fbe0a98c8317,100%,100,91-100,100%,100,91-100,text,pygments,True,1.000000,1.000000,1.000000,1.000000,1.000000,1.000000,1.000000,0.423077,0.594595,1.000000,1.000000,1.000000,1.000000,1.000000,0.500000,1.000000,3,2,stdlib/Base64/src/encode.jl,same_file,3,False,,,0.000000,0.000000,no supported local structural parser,False,,0,0.000000,0.000000,0.000000,0.000000,disabled,1.000000,1.000000
673a1acda0ff20a5,100%,100,91-100,100%,100,91-100,text,pygments,True,1.000000,1.000000,1.000000,1.000000,1.000000,1.000000,1.000000,0.576923,0.731707,1.000000,1.000000,1.000000,1.000000,1.000000,0.500000,1.000000,2,2,stdlib/Base64/src/encode.jl,same_file,3,False,,,0.000000,0.000000,no supported local structural parser,False,,0,0.000000,0.000000,0.000000,0.000000,disabled,1.000000,1.000000
983824b735ee0b00,100%,100,91-100,100%,100,91-100,text,regex,True,1.000000,1.000000,1.000000,1.000000,1.000000,1.000000,1.000000,1.000000,1.000000,1.000000,1.000000,1.000000,1.000000,1.000000,1.000000,1.000000,10,1,base/terminfo_data.jl,same_file,1,False,,,0.000000,0.000000,no supported local structural parser,False,,0,0.000000,0.000000,0.000000,0.000000,disabled,1.000000,1.000000
ba1517adee09c07b,100%,100,91-100,100%,100,91-100,text,pygments,True,1.000000,1.000000,1.000000,1.000000,1.000000,1.000000,1.000000,1.000000,1.000000,1.000000,1.000000,1.000000,1.000000,1.000000,1.000000,1.000000,1,2,base/terminfo_data.jl,same_file,2,False,,,0.000000,0.000000,no supported local structural parser,False,,0,0.000000,0.000000,0.000000,0.000000,disabled,1.000000,1.000000
7651a618ebc9521c,100%,100,91-100,100%,100,91-100,text,pygments,True,1.000000,1.000000,1.000000,1.000000,1.000000,1.000000,1.000000,1.000000,1.000000,1.000000,1.000000,1.000000,1.000000,1.000000,1.000000,1.000000,11,1,test/core.jl,same_file,1,False,,,0.000000,0.000000,no supported local structural parser,False,,0,0.000000,0.000000,0.000000,0.000000,disabled,1.000000,1.000000
2abb71b4a2ade2f7,100%,100,91-100,100%,100,91-100,text,pygments,True,1.000000,1.000000,1.000000,1.000000,1.000000,1.000000,1.000000,1.000000,1.000000,1.000000,1.000000,1.000000,1.000000,1.000000,1.000000,1.000000,11,1,test/core.jl,same_file,1,False,,,0.000000,0.000000,no supported local structural parser,False,,0,0.000000,0.000000,0.000000,0.000000,disabled,1.000000,1.000000
9ee5fc5a2fad6136,0%,0,0,0%,0,0,text,pygments,False,0.000000,0.457447,0.808511,0.468085,0.819149,0.000000,0.457447,0.259036,0.330769,0.808511,0.468085,0.819149,0.000000,0.638298,0.500000,0.166667,36,20,base/strings/string.jl,same_file,1,False,,,0.000000,0.000000,no supported local structural parser,False,,0,0.000000,0.000000,0.000000,0.000000,disabled,1.000000,0.000000
fa51086bab05ad03,0%,0,0,0%,0,0,text,pygments,False,0.000000,0.127273,0.800000,0.127273,0.800000,0.000000,0.127273,0.015184,0.027132,0.800000,0.127273,0.800000,0.000000,0.781818,0.076923,0.000000,27,39,base/show.jl,same_file,1,False,,,0.000000,0.000000,no supported local structural parser,False,,0,0.000000,0.000000,0.000000,0.000000,disabled,1.000000,0.000000
4b6a8a6d9846e504,100%,100,91-100,100%,100,91-100,text,pygments,True,1.000000,1.000000,1.000000,1.000000,1.000000,1.000000,1.000000,0.239437,0.386364,1.000000,1.000000,1.000000,1.000000,1.000000,0.333333,1.000000,9,3,base/show.jl,same_file,1,False,,,0.000000,0.000000,no supported local structural parser,False,,0,0.000000,0.000000,0.000000,0.000000,disabled,1.000000,1.000000
8e13f44bd666b040,0%,0,0,mostly,82,81-90,text,pygments,False,0.000000,1.000000,1.000000,1.000000,1.000000,0.000000,1.000000,0.450704,0.621359,1.000000,1.000000,1.000000,0.000000,1.000000,0.333333,1.000000,8,3,base/show.jl,same_file,1,False,,,0.000000,0.000000,no supported local structural parser,False,,0,0.000000,0.000000,0.000000,0.000000,disabled,1.000000,0.000000
5c80e9edda969383,0%,0,0,mostly,66,61-70,text,pygments,False,0.000000,0.625000,0.833333,0.625000,0.833333,0.000000,0.625000,0.211268,0.315789,0.833333,0.625000,0.833333,0.000000,0.750000,0.333333,0.583333,12,3,base/show.jl,same_file,1,False,,,0.000000,0.000000,no supported local structural parser,False,,0,0.000000,0.000000,0.000000,0.000000,disabled,1.000000,0.000000
079a7e739cf6d4cc,0%,0,0,mostly,72,71-80,text,pygments,False,0.000000,0.846154,1.000000,0.846154,1.000000,0.000000,0.846154,0.065089,0.120879,1.000000,0.846154,1.000000,0.000000,1.000000,0.045455,0.600000,5,22,test/precompile.jl,same_file,2,False,,,0.000000,0.000000,no supported local structural parser,False,,0,0.000000,0.000000,0.000000,0.000000,disabled,1.000000,0.000000
88122ae93aabc3ff,100%,100,91-100,100%,100,91-100,c,regex,True,1.000000,0.125000,0.375000,0.250000,0.500000,1.000000,0.000000,0.000000,0.000000,0.250000,0.125000,0.375000,1.000000,0.375000,0.285714,0.000000,4,7,src/rtutils.c,same_file,5,True,tree_sitter,c,1.000000,1.000000,,False,,0,0.000000,0.000000,0.000000,0.000000,disabled,1.000000,1.000000
62fefb38b98b7f12,100%,100,91-100,100%,100,91-100,c,pygments,True,1.000000,1.000000,1.000000,1.000000,1.000000,1.000000,1.000000,0.150000,0.260870,1.000000,1.000000,1.000000,1.000000,1.000000,0.083333,1.000000,3,12,src/rtutils.c,same_file,5,True,tree_sitter,c,1.000000,1.000000,,False,,0,0.000000,0.000000,0.000000,0.000000,disabled,1.000000,1.000000
2fe722c38ed60225,partial,45,41-50,mostly,82,81-90,c,pygments,False,0.000000,0.904762,1.000000,0.904762,1.000000,0.000000,0.904762,0.253333,0.395833,1.000000,0.904762,1.000000,0.000000,1.000000,0.200000,0.600000,5,5,src/rtutils.c,same_file,3,True,tree_sitter,c,0.923077,0.923077,,False,,0,0.000000,0.000000,0.000000,0.000000,disabled,1.000000,0.000000
e70eb835db60154c,partial,16,11-20,mostly,68,61-70,c,pygments,False,0.000000,0.573770,0.639344,0.573770,0.639344,0.000000,0.573770,0.795455,0.666667,0.639344,0.573770,0.639344,0.000000,0.622951,0.428571,0.266667,15,3,src/rtutils.c,same_file,1,True,tree_sitter,c,0.636364,0.636364,,False,,0,0.000000,0.000000,0.000000,0.000000,disabled,1.000000,0.000000
5808abccbe63e0ae,0%,0,0,0%,0,0,c,pygments,False,0.000000,0.617647,0.941176,0.617647,0.941176,0.000000,0.617647,0.039326,0.073944,0.941176,0.617647,0.941176,0.000000,0.911765,0.044444,0.153846,13,45,src/rtutils.c,same_file,1,True,tree_sitter,c,0.821429,0.821429,,False,,0,0.000000,0.000000,0.000000,0.000000,disabled,1.000000,0.000000
252305797b5bf323,0%,0,0,0%,0,0,c,pygments,False,0.000000,0.612245,0.959184,0.612245,0.959184,0.000000,0.612245,0.059055,0.107720,0.959184,0.612245,0.959184,0.000000,0.918367,0.085106,0.150000,20,47,src/rtutils.c,same_file,1,True,tree_sitter,c,0.833333,0.833333,,False,,0,0.000000,0.000000,0.000000,0.000000,disabled,1.000000,0.000000
6f703961e86627d5,mostly,60,51-60,mostly,60,51-60,text,pygments,False,0.600000,0.103448,0.344828,0.103448,0.344828,0.600000,0.103448,0.054545,0.071429,0.344828,0.103448,0.344828,0.600000,0.310345,0.600000,0.083333,12,3,Compiler/src/ssair/inlining.jl,same_file,2,False,,,0.000000,0.000000,no supported local structural parser,False,,0,0.000000,0.000000,0.000000,0.000000,disabled,1.000000,0.600000
0d651b1bcc34f38b,partial,38,31-40,mostly,78,71-80,c,pygments,False,0.333333,0.888889,1.000000,0.888889,1.000000,0.333333,0.888889,0.051948,0.098160,1.000000,0.888889,1.000000,0.333333,0.888889,0.120000,0.750000,4,25,src/timing.c,same_file,1,True,tree_sitter,c,0.818182,0.818182,,False,,0,0.000000,0.000000,0.000000,0.000000,disabled,1.000000,0.333300
7c2fe86e461f63bc,partial,50,41-50,partial,58,51-60,c,pygments,False,0.500000,0.617647,0.764706,0.617647,0.764706,0.500000,0.617647,0.403846,0.488372,0.764706,0.617647,0.764706,0.500000,0.647059,0.285714,0.538462,13,7,src/timing.c,neighboring_same_file,4,True,tree_sitter,c,0.689655,0.689655,,False,,0,0.000000,0.000000,0.000000,0.000000,disabled,1.000000,0.500000
33f00548fa653ff9,100%,100,91-100,100%,100,91-100,c,pygments,True,1.000000,1.000000,1.000000,1.000000,1.000000,1.000000,1.000000,1.000000,1.000000,1.000000,1.000000,1.000000,1.000000,1.000000,1.000000,1.000000,8,2,src/timing.c,same_file,2,True,tree_sitter,c,1.000000,1.000000,,False,,0,0.000000,0.000000,0.000000,0.000000,disabled,1.000000,1.000000
19e3be8ab2722e25,mostly,70,61-70,mostly,82,81-90,text,pygments,False,0.000000,0.869565,0.913043,0.869565,0.913043,0.000000,0.869565,0.952381,0.909091,0.913043,0.869565,0.913043,0.000000,0.913043,1.000000,0.600000,5,1,base/genericmemory.jl,same_file,1,False,,,0.000000,0.000000,no supported local structural parser,False,,0,0.000000,0.000000,0.000000,0.000000,disabled,1.000000,0.000000
5ca9e837d8ff09f2,partial,50,41-50,mostly,85,81-90,c,pygments,False,0.500000,0.210526,0.210526,0.210526,0.210526,0.500000,0.210526,1.000000,0.347826,0.210526,0.210526,0.210526,0.500000,0.210526,0.500000,0.125000,8,1,src/dlload.c,same_file,2,True,tree_sitter,c,0.263158,0.263158,,False,,0,0.000000,0.000000,0.000000,0.000000,disabled,1.000000,0.500000
0b768741cc397e94,100%,100,91-100,100%,100,91-100,c,pygments,True,1.000000,1.000000,1.000000,1.000000,1.000000,1.000000,1.000000,1.000000,1.000000,1.000000,1.000000,1.000000,1.000000,1.000000,1.000000,1.000000,6,1,src/threading.c,same_file,1,True,tree_sitter,c,1.000000,1.000000,,False,,0,0.000000,0.000000,0.000000,0.000000,disabled,1.000000,1.000000
df15c96ad3468c32,100%,100,91-100,100%,100,91-100,c,pygments,True,1.000000,1.000000,1.000000,1.000000,1.000000,1.000000,1.000000,1.000000,1.000000,1.000000,1.000000,1.000000,1.000000,1.000000,1.000000,1.000000,1,1,src/dlload.c,same_file,4,True,tree_sitter,c,1.000000,1.000000,,False,,0,0.000000,0.000000,0.000000,0.000000,disabled,1.000000,1.000000
b25bd9dfc52b2f76,partial,45,41-50,mostly,82,81-90,text,pygments,False,0.000000,1.000000,1.000000,1.000000,1.000000,0.000000,1.000000,0.212121,0.350000,1.000000,1.000000,1.000000,0.000000,1.000000,0.166667,1.000000,1,6,base/range.jl,same_file,2,False,,,0.000000,0.000000,no supported local structural parser,False,,0,0.000000,0.000000,0.000000,0.000000,disabled,1.000000,0.000000
c886c99469973fac,100%,100,91-100,100%,100,91-100,text,pygments,True,1.000000,1.000000,1.000000,1.000000,1.000000,1.000000,1.000000,1.000000,1.000000,1.000000,1.000000,1.000000,1.000000,1.000000,0.333333,1.000000,8,6,base/range.jl,same_file,2,False,,,0.000000,0.000000,no supported local structural parser,False,,0,0.000000,0.000000,0.000000,0.000000,disabled,1.000000,1.000000
389929ec9c4c0c20,100%,100,91-100,100%,100,91-100,text,pygments,True,1.000000,1.000000,1.000000,1.000000,1.000000,1.000000,1.000000,0.163636,0.281250,1.000000,1.000000,1.000000,1.000000,1.000000,0.333333,1.000000,5,3,base/summarysize.jl,same_file,5,False,,,0.000000,0.000000,no supported local structural parser,False,,0,0.000000,0.000000,0.000000,0.000000,disabled,1.000000,1.000000
9f4b6158de79c75a,100%,90,81-90,mostly,82,81-90,text,pygments,False,0.000000,0.954545,0.954545,0.954545,0.954545,0.000000,0.954545,1.000000,0.976744,0.954545,0.954545,0.954545,0.000000,0.954545,1.000000,0.928571,14,1,base/summarysize.jl,same_file,2,False,,,0.000000,0.000000,no supported local structural parser,False,,0,0.000000,0.000000,0.000000,0.000000,disabled,1.000000,0.000000
a6e35b906c0a8c0b,100%,100,91-100,100%,100,91-100,text,pygments,True,1.000000,1.000000,1.000000,1.000000,1.000000,1.000000,1.000000,1.000000,1.000000,1.000000,1.000000,1.000000,1.000000,1.000000,1.000000,1.000000,13,1,base/summarysize.jl,same_file,2,False,,,0.000000,0.000000,no supported local structural parser,False,,0,0.000000,0.000000,0.000000,0.000000,disabled,1.000000,1.000000
5daba1f35210af4a,0%,0,0,mostly,77,71-80,text,pygments,False,0.000000,0.853659,0.975610,0.853659,0.975610,0.000000,0.853659,0.460526,0.598291,0.975610,0.853659,0.975610,0.000000,0.878049,0.500000,0.736842,19,2,stdlib/InteractiveUtils/src/macros.jl,same_file,4,False,,,0.000000,0.000000,no supported local structural parser,False,,0,0.000000,0.000000,0.000000,0.000000,disabled,1.000000,0.000000
20d994c528a65838,100%,90,81-90,mostly,72,71-80,text,pygments,False,0.000000,1.000000,1.000000,1.000000,1.000000,0.000000,1.000000,0.061381,0.115663,1.000000,1.000000,1.000000,0.000000,1.000000,0.020833,1.000000,10,48,stdlib/InteractiveUtils/src/macros.jl,same_file,1,False,,,0.000000,0.000000,no supported local structural parser,False,,0,0.000000,0.000000,0.000000,0.000000,disabled,1.000000,0.000000
2bf69344070740ff,0%,0,0,mostly,72,71-80,text,pygments,False,0.000000,0.800000,1.000000,0.800000,1.000000,0.000000,0.800000,0.024465,0.047478,1.000000,0.800000,1.000000,0.000000,1.000000,0.023256,0.500000,4,43,test/syntax.jl,same_file,1,False,,,0.000000,0.000000,no supported local structural parser,False,,0,0.000000,0.000000,0.000000,0.000000,disabled,1.000000,0.000000
945c78f3233052b6,100%,100,91-100,100%,100,91-100,text,pygments,True,1.000000,1.000000,1.000000,1.000000,1.000000,1.000000,1.000000,1.000000,1.000000,1.000000,1.000000,1.000000,1.000000,1.000000,1.000000,1.000000,14,1,stdlib/Artifacts/src/Artifacts.jl,same_file,1,False,,,0.000000,0.000000,no supported local structural parser,False,,0,0.000000,0.000000,0.000000,0.000000,disabled,1.000000,1.000000
31c8c1a1f9ba0d5a,100%,100,91-100,100%,100,91-100,text,pygments,True,1.000000,1.000000,1.000000,1.000000,1.000000,1.000000,1.000000,1.000000,1.000000,1.000000,1.000000,1.000000,1.000000,1.000000,1.000000,1.000000,10,1,stdlib/Artifacts/src/Artifacts.jl,same_file,1,False,,,0.000000,0.000000,no supported local structural parser,False,,0,0.000000,0.000000,0.000000,0.000000,disabled,1.000000,1.000000
ea1daadf4f3115fd,0%,0,0,0%,0,0,c,pygments,False,0.000000,0.583333,1.000000,0.583333,1.000000,0.000000,0.583333,0.022364,0.043077,1.000000,0.583333,1.000000,0.000000,1.000000,0.071429,0.166667,6,42,src/gf.c,same_file,1,True,tree_sitter,c,0.857143,0.857143,,False,,0,0.000000,0.000000,0.000000,0.000000,disabled,1.000000,0.000000
8b9fc20a6b77008c,100%,100,91-100,100%,100,91-100,c,regex,True,1.000000,1.000000,1.000000,1.000000,1.000000,1.000000,1.000000,1.000000,1.000000,1.000000,1.000000,1.000000,1.000000,1.000000,1.000000,1.000000,11,1,src/gf.c,same_file,1,True,tree_sitter,c,1.000000,1.000000,,False,,0,0.000000,0.000000,0.000000,0.000000,disabled,1.000000,1.000000
7429405fa67cc468,0%,0,0,0%,0,0,text,regex,False,0.000000,0.200000,0.800000,0.200000,0.800000,0.000000,0.200000,0.004739,0.009259,0.800000,0.200000,0.800000,0.000000,0.800000,0.024390,0.000000,3,41,base/loading.jl,same_file,1,False,,,0.000000,0.000000,no supported local structural parser,False,,0,0.000000,0.000000,0.000000,0.000000,disabled,1.000000,0.000000
bbf44a15b8dc7c79,100%,100,91-100,100%,100,91-100,text,pygments,True,1.000000,1.000000,1.000000,1.000000,1.000000,1.000000,1.000000,1.000000,1.000000,1.000000,1.000000,1.000000,1.000000,1.000000,1.000000,1.000000,3,1,test/trimming/hello.jl,same_file,1,False,,,0.000000,0.000000,no supported local structural parser,False,,0,0.000000,0.000000,0.000000,0.000000,disabled,1.000000,1.000000
f36b6a212a5a1e95,0%,0,0,partial,42,41-50,text,pygments,False,0.000000,0.006591,0.010358,0.006591,0.010358,0.000000,0.006591,0.500000,0.013011,0.010358,0.006591,0.010358,0.000000,0.010358,0.016949,0.004751,421,1,test/trimming/hello.jl,same_file,1,False,,,0.000000,0.000000,no supported local structural parser,False,,0,0.000000,0.000000,0.000000,0.000000,disabled,1.000000,0.000000
853795e63890583a,partial,17,11-20,partial,55,51-60,text,pygments,False,0.285714,0.625000,0.937500,0.625000,0.937500,0.285714,0.625000,0.084034,0.148148,0.937500,0.625000,0.937500,0.142857,0.833333,0.179487,0.466667,15,39,contrib/juliac/juliac-buildscript.jl,same_file,1,False,,,0.000000,0.000000,no supported local structural parser,False,,0,0.000000,0.000000,0.000000,0.000000,disabled,1.000000,0.285700
b6e4b0e2a832660e,100%,90,81-90,mostly,82,81-90,text,pygments,False,0.000000,1.000000,1.000000,1.000000,1.000000,0.000000,0.950000,1.000000,0.974359,0.950000,0.950000,0.950000,0.000000,0.950000,1.000000,1.000000,7,1,contrib/juliac/abi_export.jl,same_file,4,False,,,0.000000,0.000000,no supported local structural parser,False,,0,0.000000,0.000000,0.000000,0.000000,disabled,1.000000,0.000000
9fc3c7b64bdb9f91,100%,100,91-100,mostly,82,81-90,text,pygments,False,0.000000,0.950000,0.950000,1.000000,1.000000,0.000000,0.950000,0.152000,0.262069,0.950000,1.000000,1.000000,0.000000,1.000000,0.125000,0.916667,12,8,stdlib/Test/src/Test.jl,same_file,3,False,,,0.000000,0.000000,no supported local structural parser,False,,0,0.000000,0.000000,0.000000,0.000000,disabled,1.000000,0.000000
684b16201d41d275,100%,100,91-100,100%,100,91-100,text,pygments,True,1.000000,1.000000,1.000000,1.000000,1.000000,1.000000,1.000000,1.000000,1.000000,1.000000,1.000000,1.000000,1.000000,1.000000,1.000000,1.000000,1,1,base/precompilation.jl,same_file,1,False,,,0.000000,0.000000,no supported local structural parser,False,,0,0.000000,0.000000,0.000000,0.000000,disabled,1.000000,1.000000
dfcef98384a93101,100%,100,91-100,100%,100,91-100,text,pygments,True,1.000000,1.000000,1.000000,1.000000,1.000000,1.000000,1.000000,1.000000,1.000000,1.000000,1.000000,1.000000,1.000000,1.000000,1.000000,1.000000,13,1,base/precompilation.jl,same_file,1,False,,,0.000000,0.000000,no supported local structural parser,False,,0,0.000000,0.000000,0.000000,0.000000,disabled,1.000000,1.000000
8181a47303117ad5,mostly,70,61-70,mostly,72,71-80,text,pygments,False,0.000000,0.888889,0.888889,1.000000,1.000000,0.000000,0.888889,0.045198,0.086022,0.888889,1.000000,1.000000,0.000000,1.000000,0.058824,0.750000,4,17,base/hashing.jl,same_file,1,False,,,0.000000,0.000000,no supported local structural parser,False,,0,0.000000,0.000000,0.000000,0.000000,disabled,1.000000,0.000000
b7e2a9a7f1c591a1,0%,0,0,0%,0,0,text,pygments,False,0.000000,0.370370,0.814815,0.370370,0.814815,0.000000,0.370370,0.063694,0.108696,0.814815,0.370370,0.814815,0.000000,0.814815,0.200000,0.000000,11,10,test/iterators.jl,same_file,3,False,,,0.000000,0.000000,no supported local structural parser,False,,0,0.000000,0.000000,0.000000,0.000000,disabled,1.000000,0.000000
3026e3c317133e5e,mostly,70,61-70,mostly,82,81-90,text,pygments,False,0.000000,0.828571,0.857143,0.828571,0.857143,0.000000,0.828571,0.966667,0.892308,0.857143,0.828571,0.857143,0.000000,0.857143,1.000000,0.666667,9,1,base/iterators.jl,same_file,1,False,,,0.000000,0.000000,no supported local structural parser,False,,0,0.000000,0.000000,0.000000,0.000000,disabled,1.000000,0.000000
184b760743b41e05,100%,100,91-100,mostly,82,81-90,c,pygments,False,0.000000,1.000000,1.000000,1.000000,1.000000,0.000000,1.000000,0.875000,0.933333,1.000000,1.000000,1.000000,0.000000,1.000000,1.000000,1.000000,3,1,src/gf.c,same_file,1,True,tree_sitter,c,1.000000,1.000000,,False,,0,0.000000,0.000000,0.000000,0.000000,disabled,1.000000,0.000000
73e355c3684f5560,100%,100,91-100,100%,100,91-100,text,pygments,True,1.000000,1.000000,1.000000,1.000000,1.000000,1.000000,1.000000,1.000000,1.000000,1.000000,1.000000,1.000000,1.000000,1.000000,1.000000,1.000000,3,1,stdlib/REPL/src/REPLCompletions.jl,same_file,1,False,,,0.000000,0.000000,no supported local structural parser,False,,0,0.000000,0.000000,0.000000,0.000000,disabled,1.000000,1.000000
78d34aca8f9fdf9c,100%,100,91-100,mostly,72,71-80,text,pygments,False,0.000000,1.000000,1.000000,1.000000,1.000000,0.000000,1.000000,0.143426,0.250871,1.000000,1.000000,1.000000,0.000000,0.972222,0.050000,1.000000,9,20,test/math.jl,same_file,1,False,,,0.000000,0.000000,no supported local structural parser,False,,0,0.000000,0.000000,0.000000,0.000000,disabled,1.000000,0.000000
e4aeedf94bf7cb3f,mostly,70,61-70,mostly,72,71-80,text,pygments,False,0.000000,0.954545,1.000000,0.954545,1.000000,0.000000,0.954545,0.167331,0.284746,1.000000,0.954545,1.000000,0.000000,1.000000,0.050000,0.900000,20,20,test/math.jl,same_file,1,False,,,0.000000,0.000000,no supported local structural parser,False,,0,0.000000,0.000000,0.000000,0.000000,disabled,1.000000,0.000000
dc39fe155a3000c6,0%,0,0,mostly,70,61-70,c,pygments,False,0.000000,0.666667,0.916667,0.666667,0.916667,0.000000,0.666667,0.444444,0.533333,0.916667,0.666667,0.916667,0.000000,0.750000,0.250000,0.400000,5,4,src/threading.c,neighboring_same_file,4,True,tree_sitter,c,0.400000,0.400000,,False,,0,0.000000,0.000000,0.000000,0.000000,disabled,1.000000,0.000000
2bd80f5de837911b,100%,100,91-100,100%,100,91-100,text,regex,True,1.000000,0.125000,0.875000,0.125000,0.875000,1.000000,1.000000,1.000000,1.000000,1.000000,1.000000,1.000000,1.000000,1.000000,1.000000,1.000000,5,1,test/misc.jl,same_file,5,False,,,0.000000,0.000000,no supported local structural parser,False,,0,0.000000,0.000000,0.000000,0.000000,disabled,1.000000,1.000000
8549f464c3b7e670,100%,100,91-100,100%,100,91-100,text,pygments,True,1.000000,1.000000,1.000000,1.000000,1.000000,1.000000,1.000000,1.000000,1.000000,1.000000,1.000000,1.000000,1.000000,1.000000,1.000000,1.000000,5,1,test/runtests.jl,same_file,4,False,,,0.000000,0.000000,no supported local structural parser,False,,0,0.000000,0.000000,0.000000,0.000000,disabled,1.000000,1.000000
aa961cdcefc4a79b,mostly,67,61-70,mostly,67,61-70,text,pygments,False,0.666667,0.200000,0.666667,0.200000,0.666667,0.666667,0.200000,0.125000,0.153846,0.666667,0.200000,0.666667,0.666667,0.600000,0.666667,0.000000,7,2,contrib/juliac/juliac-trim-base.jl,same_file,2,False,,,0.000000,0.000000,no supported local structural parser,False,,0,0.000000,0.000000,0.000000,0.000000,disabled,1.000000,0.666700
81c9d7e7ac4b7a58,partial,50,41-50,0%,0,0,text,pygments,False,0.500000,0.314286,0.514286,0.314286,0.514286,0.500000,0.000000,0.000000,0.000000,0.257143,0.000000,0.257143,0.500000,0.257143,0.500000,0.000000,4,1,contrib/juliac/juliac-trim-base.jl,same_file,4,False,,,0.000000,0.000000,no supported local structural parser,False,,0,0.000000,0.000000,0.000000,0.000000,disabled,1.000000,0.500000
3089e25326be3d63,100%,100,91-100,100%,100,91-100,text,pygments,True,1.000000,1.000000,1.000000,1.000000,1.000000,1.000000,1.000000,0.533333,0.695652,1.000000,1.000000,1.000000,1.000000,1.000000,0.333333,1.000000,2,3,base/abstractarraymath.jl,same_file,1,False,,,0.000000,0.000000,no supported local structural parser,False,,0,0.000000,0.000000,0.000000,0.000000,disabled,1.000000,1.000000
03c4fb72a17722a6,100%,100,91-100,100%,100,91-100,text,regex,True,1.000000,0.058824,0.235294,0.058824,0.235294,1.000000,0.058824,0.142857,0.083333,0.235294,0.058824,0.235294,1.000000,0.235294,0.500000,0.000000,12,2,base/abstractarraymath.jl,same_file,1,False,,,0.000000,0.000000,no supported local structural parser,False,,0,0.000000,0.000000,0.000000,0.000000,disabled,1.000000,1.000000
839c55c02617f035,100%,90,81-90,mostly,83,81-90,text,pygments,False,0.833333,0.966667,1.000000,0.966667,1.000000,0.666667,0.966667,0.707317,0.816901,1.000000,0.966667,1.000000,0.500000,0.933333,0.750000,1.000000,7,8,base/abstractarraymath.jl,same_file,2,False,,,0.000000,0.000000,no supported local structural parser,False,,0,0.000000,0.000000,0.000000,0.000000,disabled,1.000000,0.833300
a72907c76991fd6a,100%,100,91-100,100%,100,91-100,text,pygments,True,1.000000,1.000000,1.000000,1.000000,1.000000,1.000000,1.000000,1.000000,1.000000,1.000000,1.000000,1.000000,1.000000,1.000000,1.000000,1.000000,4,1,test/core.jl,same_file,1,False,,,0.000000,0.000000,no supported local structural parser,False,,0,0.000000,0.000000,0.000000,0.000000,disabled,1.000000,1.000000
30d7185e899cded6,mostly,87,81-90,mostly,83,81-90,cpp,pygments,False,0.800000,1.000000,1.000000,1.000000,1.000000,0.600000,1.000000,0.854545,0.921569,1.000000,1.000000,1.000000,0.400000,0.808511,0.625000,1.000000,17,8,src/aotcompile.cpp,same_file,2,True,tree_sitter,cpp,0.952381,0.952381,,False,,0,0.000000,0.000000,0.000000,0.000000,disabled,1.000000,0.800000
4dce5adcf28fa763,mostly,67,61-70,mostly,85,81-90,text,pygments,False,0.666667,0.388889,0.388889,0.388889,0.388889,0.666667,0.388889,1.000000,0.560000,0.388889,0.388889,0.388889,0.666667,0.388889,0.666667,0.454545,11,2,base/scopedvalues.jl,same_file,2,False,,,0.000000,0.000000,no supported local structural parser,False,,0,0.000000,0.000000,0.000000,0.000000,disabled,1.000000,0.666700
fb00c62afc3a5a7c,mostly,67,61-70,mostly,67,61-70,text,pygments,False,0.666667,0.083333,0.333333,0.083333,0.333333,0.666667,0.083333,0.200000,0.117647,0.333333,0.083333,0.333333,0.666667,0.333333,1.000000,0.000000,4,3,base/scopedvalues.jl,same_file,2,False,,,0.000000,0.000000,no supported local structural parser,False,,0,0.000000,0.000000,0.000000,0.000000,disabled,1.000000,0.666700
e7ac244868e43f0a,100%,100,91-100,100%,100,91-100,text,pygments,True,1.000000,1.000000,1.000000,1.000000,1.000000,1.000000,1.000000,1.000000,1.000000,1.000000,1.000000,1.000000,1.000000,1.000000,1.000000,1.000000,3,1,base/scopedvalues.jl,same_file,1,False,,,0.000000,0.000000,no supported local structural parser,False,,0,0.000000,0.000000,0.000000,0.000000,disabled,1.000000,1.000000
7a76445156cf9922,mostly,60,51-60,partial,55,51-60,text,pygments,False,0.250000,1.000000,1.000000,1.000000,1.000000,0.250000,1.000000,0.257576,0.409639,1.000000,1.000000,1.000000,0.250000,1.000000,0.250000,1.000000,8,16,stdlib/Test/src/Test.jl,same_file,3,False,,,0.000000,0.000000,no supported local structural parser,False,,0,0.000000,0.000000,0.000000,0.000000,disabled,1.000000,0.250000
75a66c6151dea96d,100%,100,91-100,100%,100,91-100,text,pygments,True,1.000000,1.000000,1.000000,1.000000,1.000000,1.000000,1.000000,0.144231,0.252101,1.000000,1.000000,1.000000,1.000000,1.000000,0.250000,1.000000,4,4,base/multidimensional.jl,same_file,7,False,,,0.000000,0.000000,no supported local structural parser,False,,0,0.000000,0.000000,0.000000,0.000000,disabled,1.000000,1.000000
e87b1ee5d8ded09f,0%,0,0,0%,0,0,text,pygments,False,0.000000,0.333333,0.666667,0.333333,0.666667,0.000000,0.333333,0.025210,0.046875,0.666667,0.333333,0.666667,0.000000,0.666667,0.058824,0.000000,1,17,base/multidimensional.jl,same_file,2,False,,,0.000000,0.000000,no supported local structural parser,False,,0,0.000000,0.000000,0.000000,0.000000,disabled,1.000000,0.000000
59495fd634d4abd9,partial,45,41-50,mostly,80,71-80,text,pygments,False,0.000000,0.941176,1.000000,0.941176,1.000000,0.000000,0.941176,0.400000,0.561404,1.000000,0.941176,1.000000,0.000000,0.911765,0.500000,1.000000,6,2,base/multidimensional.jl,same_file,5,False,,,0.000000,0.000000,no supported local structural parser,False,,0,0.000000,0.000000,0.000000,0.000000,disabled,1.000000,0.000000
4460393bf9158447,partial,45,41-50,mostly,82,81-90,text,pygments,False,0.000000,1.000000,1.000000,1.000000,1.000000,0.000000,1.000000,0.362500,0.532110,1.000000,1.000000,1.000000,0.000000,1.000000,0.500000,1.000000,5,2,base/multidimensional.jl,same_file,5,False,,,0.000000,0.000000,no supported local structural parser,False,,0,0.000000,0.000000,0.000000,0.000000,disabled,1.000000,0.000000
679a8e4e07bec09a,0%,0,0,0%,0,0,text,pygments,False,0.000000,0.357143,0.738095,0.357143,0.738095,0.000000,0.357143,0.118110,0.177515,0.738095,0.357143,0.738095,0.000000,0.642857,0.052632,0.100000,10,19,base/multidimensional.jl,same_file,2,False,,,0.000000,0.000000,no supported local structural parser,False,,0,0.000000,0.000000,0.000000,0.000000,disabled,1.000000,0.000000
f467e4b46660fefb,0%,0,0,mostly,68,61-70,text,pygments,False,0.000000,0.631579,0.684211,0.631579,0.684211,0.000000,0.631579,0.800000,0.705882,0.684211,0.631579,0.684211,0.000000,0.684211,1.000000,0.500000,4,1,base/indices.jl,same_file,3,False,,,0.000000,0.000000,no supported local structural parser,False,,0,0.000000,0.000000,0.000000,0.000000,disabled,1.000000,0.000000
84c0b1be857befb6,100%,100,91-100,mostly,82,81-90,text,pygments,False,0.000000,0.964286,0.964286,0.964286,0.964286,0.000000,0.964286,0.964286,0.964286,0.964286,0.964286,0.964286,0.000000,0.964286,1.000000,1.000000,7,1,base/indices.jl,same_file,4,False,,,0.000000,0.000000,no supported local structural parser,False,,0,0.000000,0.000000,0.000000,0.000000,disabled,1.000000,0.000000
e83cd7436ff95d32,100%,100,91-100,100%,100,91-100,c,pygments,True,1.000000,1.000000,1.000000,1.000000,1.000000,1.000000,1.000000,0.059701,0.112676,1.000000,1.000000,1.000000,1.000000,1.000000,0.052632,1.000000,2,19,src/stackwalk.c,same_file,3,True,tree_sitter,c,1.000000,1.000000,,False,,0,0.000000,0.000000,0.000000,0.000000,disabled,1.000000,1.000000
b82fb2dad48242ad,100%,100,91-100,100%,100,91-100,c,pygments,True,1.000000,1.000000,1.000000,1.000000,1.000000,1.000000,1.000000,0.104478,0.189189,1.000000,1.000000,1.000000,1.000000,1.000000,0.052632,1.000000,2,19,src/stackwalk.c,same_file,3,True,tree_sitter,c,1.000000,1.000000,,False,,0,0.000000,0.000000,0.000000,0.000000,disabled,1.000000,1.000000
6055d1933da3c0dd,partial,50,41-50,mostly,88,81-90,text,pygments,False,0.500000,0.833333,1.000000,0.833333,1.000000,0.500000,0.833333,0.181818,0.298507,1.000000,0.833333,1.000000,0.500000,1.000000,0.400000,0.500000,4,5,test/cmdlineargs.jl,same_file,2,False,,,0.000000,0.000000,no supported local structural parser,False,,0,0.000000,0.000000,0.000000,0.000000,disabled,1.000000,0.500000
bbd52b34dab55cdd,mostly,85,81-90,mostly,80,71-80,text,pygments,False,0.000000,1.000000,1.000000,1.000000,1.000000,0.000000,1.000000,0.709091,0.829787,1.000000,1.000000,1.000000,0.000000,0.871795,0.400000,1.000000,10,5,test/cmdlineargs.jl,same_file,1,False,,,0.000000,0.000000,no supported local structural parser,False,,0,0.000000,0.000000,0.000000,0.000000,disabled,1.000000,0.000000
61d6815cd9ba254d,0%,0,0,mostly,82,81-90,text,pygments,False,0.000000,0.800000,1.000000,0.800000,1.000000,0.000000,0.800000,0.072727,0.133333,1.000000,0.800000,1.000000,0.000000,1.000000,0.200000,0.500000,2,5,test/cmdlineargs.jl,same_file,2,False,,,0.000000,0.000000,no supported local structural parser,False,,0,0.000000,0.000000,0.000000,0.000000,disabled,1.000000,0.000000
5b75ead2fd4bb579,100%,100,91-100,100%,100,91-100,text,pygments,True,1.000000,1.000000,1.000000,1.000000,1.000000,1.000000,1.000000,0.510638,0.676056,1.000000,1.000000,1.000000,1.000000,1.000000,0.250000,1.000000,6,4,test/cmdlineargs.jl,same_file,1,False,,,0.000000,0.000000,no supported local structural parser,False,,0,0.000000,0.000000,0.000000,0.000000,disabled,1.000000,1.000000
6b01f90fcdb0d499,partial,47,41-50,mostly,81,81-90,text,pygments,False,0.000000,0.782609,0.826087,0.782609,0.826087,0.000000,0.782609,0.947368,0.857143,0.826087,0.782609,0.826087,0.000000,0.826087,0.666667,0.652174,23,2,base/scopedvalues.jl,same_file,2,False,,,0.000000,0.000000,no supported local structural parser,False,,0,0.000000,0.000000,0.000000,0.000000,disabled,1.000000,0.000000
3edeeca9700dd182,100%,100,91-100,100%,100,91-100,text,pygments,True,1.000000,1.000000,1.000000,1.000000,1.000000,1.000000,1.000000,1.000000,1.000000,1.000000,1.000000,1.000000,1.000000,1.000000,1.000000,1.000000,12,2,base/meta.jl,same_file,1,False,,,0.000000,0.000000,no supported local structural parser,False,,0,0.000000,0.000000,0.000000,0.000000,disabled,1.000000,1.000000
7f7a9c2190e04e9d,mostly,75,71-80,mostly,77,71-80,text,pygments,False,0.000000,0.673913,0.673913,0.673913,0.673913,0.000000,0.673913,0.911765,0.775000,0.673913,0.673913,0.673913,0.000000,0.673913,0.750000,0.600000,15,3,stdlib/REPL/test/bad_history_startup.jl,same_file,2,False,,,0.000000,0.000000,no supported local structural parser,False,,0,0.000000,0.000000,0.000000,0.000000,disabled,1.000000,0.000000
eb5574ca8f6914b0,100%,100,91-100,100%,100,91-100,text,regex,True,1.000000,1.000000,1.000000,1.000000,1.000000,1.000000,1.000000,1.000000,1.000000,1.000000,1.000000,1.000000,1.000000,1.000000,1.000000,1.000000,9,3,stdlib/REPL/test/bad_history_startup.jl,same_file,1,False,,,0.000000,0.000000,no supported local structural parser,False,,0,0.000000,0.000000,0.000000,0.000000,disabled,1.000000,1.000000
d88b50e3b9216169,mostly,67,61-70,mostly,85,81-90,text,pygments,False,0.666667,0.500000,0.500000,0.500000,0.500000,0.666667,0.500000,1.000000,0.666667,0.500000,0.500000,0.500000,0.333333,0.500000,0.666667,0.545455,11,2,base/array.jl,same_file,1,False,,,0.000000,0.000000,no supported local structural parser,False,,0,0.000000,0.000000,0.000000,0.000000,disabled,1.000000,0.666700
51a79e58a98562bf,0%,0,0,0%,0,0,text,regex,False,0.000000,0.647059,0.882353,0.647059,0.882353,0.000000,0.647059,0.122222,0.205607,0.882353,0.647059,0.882353,0.000000,0.764706,0.200000,0.200000,5,5,base/gmp.jl,neighboring_same_file,3,False,,,0.000000,0.000000,no supported local structural parser,False,,0,0.000000,0.000000,0.000000,0.000000,disabled,1.000000,0.000000
3fd5582f3846d09e,0%,0,0,100%,100,91-100,text,pygments,True,0.000000,1.000000,1.000000,1.000000,1.000000,0.000000,1.000000,0.057143,0.108108,1.000000,1.000000,1.000000,0.000000,1.000000,1.000000,1.000000,1,1,base/cmd.jl,same_file,1,False,,,0.000000,0.000000,no supported local structural parser,False,,0,0.000000,0.000000,0.000000,0.000000,disabled,1.000000,0.000000
adce74a28be7c9f2,0%,0,0,mostly,80,71-80,text,pygments,False,0.000000,0.833333,0.833333,0.833333,0.833333,0.000000,0.833333,0.937500,0.882353,0.833333,0.833333,0.833333,0.000000,0.777778,1.000000,0.857143,7,1,Compiler/src/ssair/passes.jl,same_file,1,False,,,0.000000,0.000000,no supported local structural parser,False,,0,0.000000,0.000000,0.000000,0.000000,disabled,1.000000,0.000000
2b4462cff5036186,0%,0,0,mostly,62,61-70,text,pygments,False,0.000000,0.067204,0.091398,0.067204,0.091398,0.000000,0.067204,0.735294,0.123153,0.091398,0.067204,0.091398,0.000000,0.086022,0.051282,0.018018,111,2,test/ccall.jl,same_file,2,False,,,0.000000,0.000000,no supported local structural parser,False,,0,0.000000,0.000000,0.000000,0.000000,disabled,1.000000,0.000000
fe8a6a4380aa127e,100%,100,91-100,100%,100,91-100,text,pygments,True,1.000000,1.000000,1.000000,1.000000,1.000000,1.000000,1.000000,1.000000,1.000000,1.000000,1.000000,1.000000,1.000000,1.000000,0.500000,1.000000,4,2,test/llvmpasses/memoryref-addrspace.jl,same_file,1,False,,,0.000000,0.000000,no supported local structural parser,False,,0,0.000000,0.000000,0.000000,0.000000,disabled,1.000000,1.000000
296123b2c7107065,100%,100,91-100,100%,100,91-100,text,pygments,True,1.000000,1.000000,1.000000,1.000000,1.000000,1.000000,1.000000,1.000000,1.000000,1.000000,1.000000,1.000000,1.000000,1.000000,1.000000,1.000000,4,1,stdlib/InteractiveUtils/src/macros.jl,same_file,1,False,,,0.000000,0.000000,no supported local structural parser,False,,0,0.000000,0.000000,0.000000,0.000000,disabled,1.000000,1.000000
d3d29d02b7c45512,0%,0,0,mostly,72,71-80,text,pygments,False,0.000000,1.000000,1.000000,1.000000,1.000000,0.000000,1.000000,0.064677,0.121495,1.000000,1.000000,1.000000,0.000000,1.000000,0.083333,1.000000,4,12,base/parse.jl,same_file,3,False,,,0.000000,0.000000,no supported local structural parser,False,,0,0.000000,0.000000,0.000000,0.000000,disabled,1.000000,0.000000
eb547ca31a1b3180,100%,100,91-100,100%,100,91-100,text,pygments,True,1.000000,1.000000,1.000000,1.000000,1.000000,1.000000,1.000000,0.424242,0.595745,1.000000,1.000000,1.000000,1.000000,1.000000,0.500000,1.000000,8,4,base/operators.jl,same_file,3,False,,,0.000000,0.000000,no supported local structural parser,False,,0,0.000000,0.000000,0.000000,0.000000,disabled,1.000000,1.000000
cc7dd7f4303372df,0%,0,0,partial,36,31-40,text,pygments,False,0.000000,0.186047,0.290698,0.197674,0.290698,0.000000,0.186047,0.421053,0.258065,0.290698,0.197674,0.290698,0.000000,0.290698,0.285714,0.000000,21,2,base/operators.jl,same_file,2,False,,,0.000000,0.000000,no supported local structural parser,False,,0,0.000000,0.000000,0.000000,0.000000,disabled,1.000000,0.000000
12fe1b7fefe2ae8c,100%,100,91-100,100%,100,91-100,text,pygments,True,1.000000,1.000000,1.000000,1.000000,1.000000,1.000000,1.000000,0.139535,0.244898,1.000000,1.000000,1.000000,1.000000,1.000000,0.166667,1.000000,2,6,base/file.jl,same_file,3,False,,,0.000000,0.000000,no supported local structural parser,False,,0,0.000000,0.000000,0.000000,0.000000,disabled,1.000000,1.000000
e0b827058a863f93,0%,0,0,mostly,82,81-90,text,pygments,False,0.000000,0.833333,1.000000,0.833333,1.000000,0.000000,0.833333,0.232558,0.363636,1.000000,0.833333,1.000000,0.000000,1.000000,0.333333,0.666667,6,6,base/file.jl,same_file,3,False,,,0.000000,0.000000,no supported local structural parser,False,,0,0.000000,0.000000,0.000000,0.000000,disabled,1.000000,0.000000
2624abaa9b0a2476,0%,0,0,mostly,71,71-80,text,pygments,False,0.000000,0.500000,0.937500,0.500000,0.937500,0.000000,0.500000,0.333333,0.400000,0.937500,0.500000,0.937500,0.000000,0.718750,0.375000,0.166667,12,8,test/tempdepot.jl,neighboring_same_file,3,False,,,0.000000,0.000000,no supported local structural parser,False,,0,0.000000,0.000000,0.000000,0.000000,disabled,1.000000,0.000000
beb580611c85645b,0%,0,0,0%,0,0,text,pygments,False,0.000000,0.500000,1.000000,0.500000,1.000000,0.000000,0.500000,0.142857,0.222222,1.000000,0.500000,1.000000,0.000000,1.000000,1.000000,0.000000,2,1,test/tempdepot.jl,same_file,3,False,,,0.000000,0.000000,no supported local structural parser,False,,0,0.000000,0.000000,0.000000,0.000000,disabled,1.000000,0.000000
a2f8acc348dca178,100%,100,91-100,100%,100,91-100,text,pygments,True,1.000000,1.000000,1.000000,1.000000,1.000000,1.000000,1.000000,0.285714,0.444444,1.000000,1.000000,1.000000,1.000000,1.000000,0.333333,1.000000,5,3,base/file.jl,same_file,5,False,,,0.000000,0.000000,no supported local structural parser,False,,0,0.000000,0.000000,0.000000,0.000000,disabled,1.000000,1.000000
46280fc1308aaab6,mostly,67,61-70,mostly,74,71-80,text,pygments,False,0.666667,0.861111,0.972222,0.861111,0.972222,0.666667,0.861111,0.449275,0.590476,0.972222,0.861111,0.972222,0.333333,0.805556,0.600000,0.833333,12,5,base/file.jl,neighboring_same_file,5,False,,,0.000000,0.000000,no supported local structural parser,False,,0,0.000000,0.000000,0.000000,0.000000,disabled,1.000000,0.666700
27d99536fade3622,100%,100,91-100,100%,100,91-100,text,pygments,True,1.000000,1.000000,1.000000,1.000000,1.000000,1.000000,1.000000,1.000000,1.000000,1.000000,1.000000,1.000000,1.000000,1.000000,1.000000,1.000000,7,3,base/file.jl,same_file,5,False,,,0.000000,0.000000,no supported local structural parser,False,,0,0.000000,0.000000,0.000000,0.000000,disabled,1.000000,1.000000
3356938d22c95d15,100%,100,91-100,100%,100,91-100,c,pygments,True,1.000000,1.000000,1.000000,1.000000,1.000000,1.000000,1.000000,0.916667,0.956522,1.000000,1.000000,1.000000,1.000000,1.000000,0.500000,1.000000,2,2,src/interpreter.c,same_file,1,True,tree_sitter,c,0.875000,0.875000,,False,,0,0.000000,0.000000,0.000000,0.000000,disabled,1.000000,1.000000
a339df8b553c5ab9,100%,100,91-100,100%,100,91-100,text,pygments,True,1.000000,1.000000,1.000000,1.000000,1.000000,1.000000,1.000000,1.000000,1.000000,1.000000,1.000000,1.000000,1.000000,1.000000,1.000000,1.000000,6,1,test/show.jl,same_file,1,False,,,0.000000,0.000000,no supported local structural parser,False,,0,0.000000,0.000000,0.000000,0.000000,disabled,1.000000,1.000000
7033e785fa29a6d2,mostly,70,61-70,mostly,81,81-90,text,pygments,False,0.000000,0.884615,0.923077,0.884615,0.923077,0.000000,0.884615,0.851852,0.867925,0.923077,0.884615,0.923077,0.000000,0.923077,1.000000,0.666667,6,1,base/float.jl,same_file,3,False,,,0.000000,0.000000,no supported local structural parser,False,,0,0.000000,0.000000,0.000000,0.000000,disabled,1.000000,0.000000
66bc3126761472c4,mostly,70,61-70,mostly,81,81-90,text,pygments,False,0.000000,0.884615,0.923077,0.884615,0.923077,0.000000,0.884615,0.851852,0.867925,0.923077,0.884615,0.923077,0.000000,0.923077,1.000000,0.666667,6,1,base/float.jl,same_file,5,False,,,0.000000,0.000000,no supported local structural parser,False,,0,0.000000,0.000000,0.000000,0.000000,disabled,1.000000,0.000000
8703626b73cb17b1,100%,100,91-100,100%,100,91-100,text,pygments,True,1.000000,1.000000,1.000000,1.000000,1.000000,1.000000,1.000000,0.084507,0.155844,1.000000,1.000000,1.000000,1.000000,1.000000,0.142857,1.000000,1,7,base/intfuncs.jl,same_file,2,False,,,0.000000,0.000000,no supported local structural parser,False,,0,0.000000,0.000000,0.000000,0.000000,disabled,1.000000,1.000000
0e4f5b6d24c278b5,partial,50,41-50,partial,50,41-50,text,pygments,False,0.500000,0.357143,0.571429,0.357143,0.571429,0.500000,0.357143,0.416667,0.384615,0.571429,0.357143,0.571429,0.500000,0.571429,0.500000,0.333333,3,1,base/intfuncs.jl,same_file,2,False,,,0.000000,0.000000,no supported local structural parser,False,,0,0.000000,0.000000,0.000000,0.000000,disabled,1.000000,0.500000
692c7cd5f640fa06,100%,100,91-100,100%,100,91-100,text,pygments,True,1.000000,1.000000,1.000000,1.000000,1.000000,1.000000,1.000000,1.000000,1.000000,1.000000,1.000000,1.000000,1.000000,1.000000,1.000000,1.000000,7,1,stdlib/REPL/test/replcompletions.jl,same_file,1,False,,,0.000000,0.000000,no supported local structural parser,False,,0,0.000000,0.000000,0.000000,0.000000,disabled,1.000000,1.000000
48ebda5113934f08,0%,0,0,partial,57,51-60,text,pygments,False,0.000000,0.097561,0.146341,0.097561,0.146341,0.000000,0.097561,0.666667,0.170213,0.146341,0.097561,0.146341,0.000000,0.146341,0.333333,0.142857,14,1,stdlib/Mmap/src/Mmap.jl,same_file,1,False,,,0.000000,0.000000,no supported local structural parser,False,,0,0.000000,0.000000,0.000000,0.000000,disabled,1.000000,0.000000
f22a2d9a4d8ded0e,100%,90,81-90,mostly,72,71-80,text,pygments,False,0.000000,0.965517,1.000000,0.965517,1.000000,0.000000,0.965517,0.094915,0.172840,1.000000,0.965517,1.000000,0.000000,0.931034,0.021277,0.916667,12,47,base/precompilation.jl,same_file,1,False,,,0.000000,0.000000,no supported local structural parser,False,,0,0.000000,0.000000,0.000000,0.000000,disabled,1.000000,0.000000
a26d9ea474b73b87,100%,90,81-90,mostly,82,81-90,text,pygments,False,0.000000,1.000000,1.000000,1.000000,1.000000,0.000000,1.000000,0.369565,0.539683,1.000000,1.000000,1.000000,0.000000,1.000000,0.333333,1.000000,7,3,base/experimental.jl,same_file,3,False,,,0.000000,0.000000,no supported local structural parser,False,,0,0.000000,0.000000,0.000000,0.000000,disabled,1.000000,0.000000
d3efdfbc1e3b5d78,100%,90,81-90,mostly,82,81-90,text,pygments,False,0.000000,0.928571,1.000000,0.928571,1.000000,0.000000,0.928571,0.282609,0.433333,1.000000,0.928571,1.000000,0.000000,1.000000,0.333333,0.833333,6,3,base/experimental.jl,same_file,3,False,,,0.000000,0.000000,no supported local structural parser,False,,0,0.000000,0.000000,0.000000,0.000000,disabled,1.000000,0.000000
078fc8f706471e47,mostly,70,61-70,mostly,82,81-90,text,pygments,False,0.000000,0.923077,1.000000,0.923077,1.000000,0.000000,0.769231,0.217391,0.338983,1.000000,0.769231,1.000000,0.000000,1.000000,0.333333,0.500000,6,3,base/experimental.jl,same_file,3,False,,,0.000000,0.000000,no supported local structural parser,False,,0,0.000000,0.000000,0.000000,0.000000,disabled,1.000000,0.000000
b8450f7c6ddd907a,100%,90,81-90,mostly,82,81-90,text,pygments,False,0.000000,1.000000,1.000000,1.000000,1.000000,0.000000,1.000000,0.195652,0.327273,1.000000,1.000000,1.000000,0.000000,1.000000,0.333333,1.000000,4,3,base/experimental.jl,same_file,3,False,,,0.000000,0.000000,no supported local structural parser,False,,0,0.000000,0.000000,0.000000,0.000000,disabled,1.000000,0.000000
6a49e36107aa994f,0%,0,0,partial,54,51-60,text,pygments,False,0.000000,0.571429,0.714286,0.571429,0.714286,0.000000,0.535714,0.483871,0.508475,0.714286,0.535714,0.714286,0.000000,0.428571,1.000000,0.333333,12,3,base/experimental.jl,same_file,3,False,,,0.000000,0.000000,no supported local structural parser,False,,0,0.000000,0.000000,0.000000,0.000000,disabled,1.000000,0.000000
3a9b1f83f2ae80bc,100%,100,91-100,100%,100,91-100,text,pygments,True,1.000000,1.000000,1.000000,1.000000,1.000000,1.000000,1.000000,1.000000,1.000000,1.000000,1.000000,1.000000,1.000000,1.000000,1.000000,1.000000,4,1,base/runtime_internals.jl,same_file,1,False,,,0.000000,0.000000,no supported local structural parser,False,,0,0.000000,0.000000,0.000000,0.000000,disabled,1.000000,1.000000
c8bbae7a5a8a4fc9,100%,100,91-100,100%,100,91-100,text,pygments,True,1.000000,1.000000,1.000000,1.000000,1.000000,1.000000,1.000000,1.000000,1.000000,1.000000,1.000000,1.000000,1.000000,1.000000,1.000000,1.000000,4,1,base/runtime_internals.jl,same_file,1,False,,,0.000000,0.000000,no supported local structural parser,False,,0,0.000000,0.000000,0.000000,0.000000,disabled,1.000000,1.000000
d2065aa2a6b06d47,0%,0,0,0%,0,0,c,regex,False,0.000000,0.333333,0.666667,0.333333,0.666667,0.000000,0.333333,0.015564,0.029740,0.666667,0.333333,0.666667,0.000000,0.666667,0.022727,0.000000,4,44,src/signals-unix.c,same_file,1,True,tree_sitter,c,0.250000,0.250000,,False,,0,0.000000,0.000000,0.000000,0.000000,disabled,1.000000,0.000000
fe13a048e7028376,0%,0,0,mostly,72,71-80,text,pygments,False,0.000000,0.961538,1.000000,0.961538,1.000000,0.000000,0.961538,0.238095,0.381679,1.000000,0.961538,1.000000,0.000000,0.923077,0.062500,0.750000,4,16,base/rational.jl,same_file,2,False,,,0.000000,0.000000,no supported local structural parser,False,,0,0.000000,0.000000,0.000000,0.000000,disabled,1.000000,0.000000
7aa2d9dd4faee739,100%,100,91-100,100%,100,91-100,text,pygments,True,1.000000,1.000000,1.000000,1.000000,1.000000,1.000000,1.000000,1.000000,1.000000,1.000000,1.000000,1.000000,1.000000,1.000000,1.000000,1.000000,8,1,JuliaLowering/src/compat.jl,same_file,3,False,,,0.000000,0.000000,no supported local structural parser,False,,0,0.000000,0.000000,0.000000,0.000000,disabled,1.000000,1.000000
5066bbefb6b857d0,100%,100,91-100,mostly,82,81-90,text,pygments,False,0.000000,1.000000,1.000000,1.000000,1.000000,0.000000,1.000000,0.937500,0.967742,1.000000,1.000000,1.000000,0.000000,1.000000,1.000000,1.000000,3,1,JuliaLowering/src/syntax_macros.jl,same_file,4,False,,,0.000000,0.000000,no supported local structural parser,False,,0,0.000000,0.000000,0.000000,0.000000,disabled,1.000000,0.000000
0f63ae39a3da9fa7,partial,20,11-20,partial,55,51-60,text,pygments,False,0.333333,0.655172,0.965517,0.655172,0.965517,0.333333,0.655172,0.256757,0.368932,0.965517,0.655172,0.965517,0.000000,0.827586,0.600000,0.333333,12,5,JuliaLowering/src/compat.jl,same_file,4,False,,,0.000000,0.000000,no supported local structural parser,False,,0,0.000000,0.000000,0.000000,0.000000,disabled,1.000000,0.333300
db3e62ea926edac8,partial,14,11-20,partial,55,51-60,text,pygments,False,0.250000,0.804878,1.000000,0.804878,1.000000,0.250000,0.804878,0.177419,0.290749,1.000000,0.804878,1.000000,0.250000,0.853659,0.105263,0.714286,7,38,JuliaLowering/src/desugaring.jl,neighboring_same_file,3,False,,,0.000000,0.000000,no supported local structural parser,False,,0,0.000000,0.000000,0.000000,0.000000,disabled,1.000000,0.250000
4540b2d552f60de4,0%,0,0,0%,0,0,text,pygments,False,0.000000,0.485714,0.914286,0.485714,0.914286,0.000000,0.485714,0.255639,0.334975,0.914286,0.485714,0.914286,0.000000,0.771429,0.105263,0.117647,34,19,JuliaLowering/src/eval.jl,neighboring_same_file,3,False,,,0.000000,0.000000,no supported local structural parser,False,,0,0.000000,0.000000,0.000000,0.000000,disabled,1.000000,0.000000
3a9034f2770cf290,0%,0,0,0%,0,0,text,pygments,False,0.000000,0.340909,0.653409,0.352273,0.653409,0.000000,0.340909,0.223048,0.269663,0.653409,0.352273,0.653409,0.000000,0.534091,0.409091,0.117647,68,22,stdlib/REPL/src/REPL.jl,neighboring_same_file,3,False,,,0.000000,0.000000,no supported local structural parser,False,,0,0.000000,0.000000,0.000000,0.000000,disabled,1.000000,0.000000
b5f0efb0103d6cdd,partial,31,31-40,mostly,68,61-70,text,pygments,False,0.000000,0.750000,0.892857,0.750000,0.892857,0.000000,0.750000,0.170732,0.278146,0.892857,0.750000,0.892857,0.000000,0.714286,0.375000,0.600000,10,8,JuliaLowering/src/ast.jl,same_file,4,False,,,0.000000,0.000000,no supported local structural parser,False,,0,0.000000,0.000000,0.000000,0.000000,disabled,1.000000,0.000000
bc1a4d2470d9c623,100%,100,91-100,100%,100,91-100,text,pygments,True,1.000000,1.000000,1.000000,1.000000,1.000000,1.000000,1.000000,0.186992,0.315068,1.000000,1.000000,1.000000,1.000000,1.000000,0.125000,1.000000,8,8,JuliaLowering/src/ast.jl,same_file,5,False,,,0.000000,0.000000,no supported local structural parser,False,,0,0.000000,0.000000,0.000000,0.000000,disabled,1.000000,1.000000
96d6ff90ab4d43c7,0%,0,0,partial,45,41-50,text,pygments,False,0.000000,0.296296,0.592593,0.296296,0.592593,0.000000,0.296296,0.301887,0.299065,0.592593,0.296296,0.592593,0.000000,0.500000,0.500000,0.157895,19,3,JuliaLowering/src/ast.jl,same_file,2,False,,,0.000000,0.000000,no supported local structural parser,False,,0,0.000000,0.000000,0.000000,0.000000,disabled,1.000000,0.000000
d6c05e987326d267,100%,100,91-100,100%,100,91-100,text,pygments,True,1.000000,1.000000,1.000000,1.000000,1.000000,1.000000,1.000000,1.000000,1.000000,1.000000,1.000000,1.000000,1.000000,1.000000,1.000000,1.000000,5,1,Compiler/src/abstractinterpretation.jl,same_file,1,False,,,0.000000,0.000000,no supported local structural parser,False,,0,0.000000,0.000000,0.000000,0.000000,disabled,1.000000,1.000000
5010c012dc5c14a0,0%,0,0,mostly,73,71-80,text,pygments,False,0.000000,0.793103,0.965517,0.793103,0.965517,0.000000,0.793103,0.741935,0.766667,0.965517,0.793103,0.965517,0.000000,0.827586,1.000000,0.666667,6,1,JuliaSyntax/test/parser.jl,same_file,4,False,,,0.000000,0.000000,no supported local structural parser,False,,0,0.000000,0.000000,0.000000,0.000000,disabled,1.000000,0.000000
a4be4ea582ea783b,partial,51,51-60,partial,55,51-60,text,pygments,False,0.250000,0.863636,0.954545,0.863636,0.954545,0.250000,0.863636,0.593750,0.703704,0.954545,0.863636,0.954545,0.125000,0.909091,0.875000,0.750000,8,7,JuliaSyntax/src/julia/parser.jl,same_file,1,False,,,0.000000,0.000000,no supported local structural parser,False,,0,0.000000,0.000000,0.000000,0.000000,disabled,1.000000,0.250000
a3b1732857061bc8,mostly,75,71-80,mostly,74,71-80,text,pygments,False,0.714286,0.800000,0.846154,0.800000,0.846154,0.714286,0.800000,0.852459,0.825397,0.846154,0.800000,0.846154,0.666667,0.784615,0.809524,0.800000,25,17,JuliaSyntax/src/julia/parser.jl,same_file,2,False,,,0.000000,0.000000,no supported local structural parser,False,,0,0.000000,0.000000,0.000000,0.000000,disabled,1.000000,0.714300
2f7a46a943f58ae3,0%,0,0,partial,28,21-30,text,pygments,False,0.000000,0.131579,0.342105,0.131579,0.342105,0.000000,0.131579,0.312500,0.185185,0.342105,0.131579,0.342105,0.000000,0.315789,0.333333,0.062500,16,1,JuliaLowering/src/eval.jl,same_file,1,False,,,0.000000,0.000000,no supported local structural parser,False,,0,0.000000,0.000000,0.000000,0.000000,disabled,1.000000,0.000000
61ed115cb4b984eb,100%,92,91-100,mostly,88,81-90,text,pygments,False,0.750000,1.000000,1.000000,1.000000,1.000000,0.750000,1.000000,0.473118,0.642336,1.000000,1.000000,1.000000,0.750000,1.000000,0.444444,1.000000,18,9,test/threads_exec.jl,same_file,2,False,,,0.000000,0.000000,no supported local structural parser,False,,0,0.000000,0.000000,0.000000,0.000000,disabled,1.000000,0.750000
858f3a6c363e930e,0%,0,0,0%,0,0,c,pygments,False,0.000000,0.185185,0.629630,0.185185,0.629630,0.000000,0.185185,0.075758,0.107527,0.629630,0.185185,0.629630,0.000000,0.629630,0.083333,0.000000,9,12,src/signals-unix.c,same_file,5,True,tree_sitter,c,0.625000,0.625000,,False,,0,0.000000,0.000000,0.000000,0.000000,disabled,1.000000,0.000000
e59da097ffbe1581,partial,51,51-60,mostly,82,81-90,c,pygments,False,0.400000,0.666667,1.000000,0.666667,1.000000,0.400000,0.666667,0.079208,0.141593,1.000000,0.666667,1.000000,0.400000,1.000000,0.131579,0.200000,5,38,src/signals-unix.c,same_file,1,True,tree_sitter,c,0.947368,0.947368,,False,,0,0.000000,0.000000,0.000000,0.000000,disabled,1.000000,0.400000
4b8d415b6d3579d6,100%,100,91-100,100%,100,91-100,text,pygments,True,1.000000,1.000000,1.000000,1.000000,1.000000,1.000000,1.000000,0.225806,0.368421,1.000000,1.000000,1.000000,1.000000,1.000000,0.111111,1.000000,7,9,test/threads_exec.jl,same_file,4,False,,,0.000000,0.000000,no supported local structural parser,False,,0,0.000000,0.000000,0.000000,0.000000,disabled,1.000000,1.000000
842747fd78de8b61,0%,0,0,0%,0,0,c,regex,False,0.000000,0.437500,0.687500,0.500000,0.750000,0.000000,0.437500,0.063636,0.111111,0.687500,0.500000,0.750000,0.000000,0.687500,0.026316,0.000000,5,38,src/signals-unix.c,same_file,1,True,tree_sitter,c,0.400000,0.400000,,False,,0,0.000000,0.000000,0.000000,0.000000,disabled,1.000000,0.000000
6e98c990d8880d27,0%,0,0,0%,0,0,text,pygments,False,0.000000,0.333333,0.600000,0.333333,0.600000,0.000000,0.333333,0.250000,0.285714,0.600000,0.333333,0.600000,0.000000,0.533333,1.000000,0.000000,2,1,base/range.jl,same_file,1,False,,,0.000000,0.000000,no supported local structural parser,False,,0,0.000000,0.000000,0.000000,0.000000,disabled,1.000000,0.000000
60b532c2156f13e5,0%,0,0,0%,0,0,text,pygments,False,0.000000,0.285714,0.476190,0.285714,0.476190,0.000000,0.285714,0.272727,0.279070,0.476190,0.285714,0.476190,0.000000,0.476190,0.500000,0.000000,5,2,test/ranges.jl,same_file,1,False,,,0.000000,0.000000,no supported local structural parser,False,,0,0.000000,0.000000,0.000000,0.000000,disabled,1.000000,0.000000
1d35ba0d350b05fa,100%,90,81-90,mostly,82,81-90,text,pygments,False,0.000000,0.947368,1.000000,0.947368,1.000000,0.000000,0.947368,0.947368,0.947368,1.000000,0.947368,1.000000,0.000000,1.000000,0.500000,0.800000,5,2,Compiler/src/verifytrim.jl,same_file,4,False,,,0.000000,0.000000,no supported local structural parser,False,,0,0.000000,0.000000,0.000000,0.000000,disabled,1.000000,0.000000
d7149d8331676a4f,0%,0,0,0%,0,0,text,pygments,False,0.000000,0.407407,0.703704,0.444444,0.703704,0.000000,0.407407,0.229167,0.293333,0.703704,0.444444,0.703704,0.000000,0.629630,0.083333,0.000000,7,12,Compiler/src/verifytrim.jl,same_file,2,False,,,0.000000,0.000000,no supported local structural parser,False,,0,0.000000,0.000000,0.000000,0.000000,disabled,1.000000,0.000000
7be0696a0cfea693,0%,0,0,mostly,72,71-80,text,pygments,False,0.000000,0.818182,1.000000,0.909091,1.000000,0.000000,0.818182,0.017928,0.035088,1.000000,0.909091,1.000000,0.000000,1.000000,0.024390,0.500000,4,41,JuliaLowering/test/compat.jl,same_file,1,False,,,0.000000,0.000000,no supported local structural parser,False,,0,0.000000,0.000000,0.000000,0.000000,disabled,1.000000,0.000000
18b6f98a3e7c24e3,0%,0,0,0%,0,0,text,pygments,False,0.000000,0.000000,0.022222,0.000000,0.022222,0.000000,0.000000,0.000000,0.000000,0.022222,0.000000,0.022222,0.000000,0.022222,0.111111,0.000000,17,1,JuliaLowering/src/kinds.jl,same_file,2,False,,,0.000000,0.000000,no supported local structural parser,False,,0,0.000000,0.000000,0.000000,0.000000,disabled,1.000000,0.000000
096bce78587d8a0b,partial,5,1-10,partial,55,51-60,cpp,pygments,False,0.142857,0.581633,0.816327,0.591837,0.826531,0.142857,0.581633,0.156593,0.246753,0.816327,0.591837,0.826531,0.142857,0.663265,0.241379,0.233333,30,29,src/codegen.cpp,same_file,2,True,tree_sitter,cpp,0.972603,0.972603,,False,,0,0.000000,0.000000,0.000000,0.000000,disabled,1.000000,0.142900
dc575e9b88dac93b,100%,90,81-90,mostly,82,81-90,text,regex,False,0.000000,0.875000,1.000000,0.875000,1.000000,0.000000,0.875000,0.875000,0.875000,1.000000,0.875000,1.000000,0.000000,1.000000,1.000000,0.666667,3,1,JuliaSyntax/src/porcelain/syntax_graph.jl,same_file,1,False,,,0.000000,0.000000,no supported local structural parser,False,,0,0.000000,0.000000,0.000000,0.000000,disabled,1.000000,0.000000
ecffcdb5905bb69b,100%,100,91-100,100%,100,91-100,text,regex,True,1.000000,1.000000,1.000000,1.000000,1.000000,1.000000,1.000000,1.000000,1.000000,1.000000,1.000000,1.000000,1.000000,1.000000,1.000000,1.000000,3,1,JuliaSyntax/src/porcelain/syntax_graph.jl,same_file,1,False,,,0.000000,0.000000,no supported local structural parser,False,,0,0.000000,0.000000,0.000000,0.000000,disabled,1.000000,1.000000
81e6fea43f0c10a1,100%,100,91-100,100%,100,91-100,text,pygments,True,1.000000,1.000000,1.000000,1.000000,1.000000,1.000000,1.000000,1.000000,1.000000,1.000000,1.000000,1.000000,1.000000,1.000000,1.000000,1.000000,8,1,JuliaSyntax/src/porcelain/syntax_graph.jl,same_file,1,False,,,0.000000,0.000000,no supported local structural parser,False,,0,0.000000,0.000000,0.000000,0.000000,disabled,1.000000,1.000000
b7d041260514ba62,0%,0,0,mostly,72,71-80,text,pygments,False,0.000000,0.772727,0.909091,0.772727,0.909091,0.000000,0.681818,0.129310,0.217391,0.909091,0.681818,0.909091,0.000000,0.909091,0.058824,0.666667,3,17,JuliaSyntax/test/syntax_graph.jl,same_file,3,False,,,0.000000,0.000000,no supported local structural parser,False,,0,0.000000,0.000000,0.000000,0.000000,disabled,1.000000,0.000000
1c9430c52b59d9c4,mostly,60,51-60,mostly,82,81-90,text,pygments,False,0.000000,0.967742,0.967742,0.967742,0.967742,0.000000,0.967742,1.000000,0.983607,0.967742,0.967742,0.967742,0.000000,0.967742,0.500000,0.916667,12,1,JuliaSyntax/src/julia/parser.jl,same_file,1,False,,,0.000000,0.000000,no supported local structural parser,False,,0,0.000000,0.000000,0.000000,0.000000,disabled,1.000000,0.000000
cb1e26132d4ffdc2,0%,0,0,0%,0,0,text,pygments,False,0.000000,0.612903,0.967742,0.612903,0.967742,0.000000,0.612903,0.137681,0.224852,0.967742,0.612903,0.967742,0.000000,0.838710,0.200000,0.214286,14,10,stdlib/Test/src/Test.jl,same_file,3,False,,,0.000000,0.000000,no supported local structural parser,False,,0,0.000000,0.000000,0.000000,0.000000,disabled,1.000000,0.000000
64fdf752c9eeec96,100%,100,91-100,100%,100,91-100,text,pygments,True,1.000000,1.000000,1.000000,1.000000,1.000000,1.000000,1.000000,0.050725,0.096552,1.000000,1.000000,1.000000,1.000000,1.000000,0.100000,1.000000,4,10,stdlib/Test/src/Test.jl,same_file,3,False,,,0.000000,0.000000,no supported local structural parser,False,,0,0.000000,0.000000,0.000000,0.000000,disabled,1.000000,1.000000
e412d5c3789c405c,partial,50,41-50,mostly,66,61-70,text,pygments,False,0.500000,0.750000,0.750000,0.750000,0.750000,0.500000,0.750000,0.222222,0.342857,0.750000,0.750000,0.750000,0.500000,0.750000,1.000000,0.666667,3,2,base/sysinfo.jl,same_file,2,False,,,0.000000,0.000000,no supported local structural parser,False,,0,0.000000,0.000000,0.000000,0.000000,disabled,1.000000,0.500000
2874ee78466263fd,partial,50,41-50,partial,50,41-50,text,pygments,False,0.500000,0.050000,0.500000,0.050000,0.500000,0.500000,0.050000,0.050000,0.050000,0.500000,0.050000,0.500000,0.500000,0.450000,0.500000,0.000000,9,1,base/shell.jl,same_file,2,False,,,0.000000,0.000000,no supported local structural parser,False,,0,0.000000,0.000000,0.000000,0.000000,disabled,1.000000,0.500000
2e3a35b657f85095,100%,100,91-100,100%,100,91-100,text,pygments,True,1.000000,1.000000,1.000000,1.000000,1.000000,1.000000,1.000000,1.000000,1.000000,1.000000,1.000000,1.000000,1.000000,1.000000,1.000000,1.000000,8,1,test/loading.jl,same_file,1,False,,,0.000000,0.000000,no supported local structural parser,False,,0,0.000000,0.000000,0.000000,0.000000,disabled,1.000000,1.000000
b0592abae94895d3,100%,100,91-100,100%,100,91-100,text,pygments,True,1.000000,1.000000,1.000000,1.000000,1.000000,1.000000,1.000000,1.000000,1.000000,1.000000,1.000000,1.000000,1.000000,1.000000,1.000000,1.000000,4,1,base/timing.jl,same_file,1,False,,,0.000000,0.000000,no supported local structural parser,False,,0,0.000000,0.000000,0.000000,0.000000,disabled,1.000000,1.000000
bd83e82cf2e28f1c,100%,100,91-100,100%,100,91-100,text,regex,True,1.000000,0.000000,0.777778,0.000000,0.777778,1.000000,0.000000,0.000000,0.000000,0.777778,0.000000,0.777778,1.000000,0.777778,0.200000,0.000000,7,5,stdlib/Markdown/src/Common/block.jl,same_file,1,False,,,0.000000,0.000000,no supported local structural parser,False,,0,0.000000,0.000000,0.000000,0.000000,disabled,1.000000,1.000000
ff4b484b6d5c81fa,100%,100,91-100,100%,100,91-100,text,regex,True,1.000000,0.000000,0.800000,0.000000,0.800000,1.000000,0.000000,0.000000,0.000000,0.800000,0.000000,0.800000,1.000000,0.800000,0.200000,0.000000,7,5,stdlib/Markdown/src/Common/block.jl,same_file,1,False,,,0.000000,0.000000,no supported local structural parser,False,,0,0.000000,0.000000,0.000000,0.000000,disabled,1.000000,1.000000
d0f43f0ccdf8a52d,100%,100,91-100,100%,100,91-100,text,pygments,True,1.000000,1.000000,1.000000,1.000000,1.000000,1.000000,1.000000,0.118110,0.211268,1.000000,1.000000,1.000000,1.000000,1.000000,0.055556,1.000000,11,18,stdlib/Markdown/test/runtests.jl,same_file,1,False,,,0.000000,0.000000,no supported local structural parser,False,,0,0.000000,0.000000,0.000000,0.000000,disabled,1.000000,1.000000
ec26517be47e881b,100%,90,81-90,mostly,72,71-80,text,pygments,False,0.000000,1.000000,1.000000,1.000000,1.000000,0.000000,1.000000,0.133333,0.235294,1.000000,1.000000,1.000000,0.000000,1.000000,0.037037,1.000000,11,27,stdlib/Markdown/test/runtests.jl,same_file,1,False,,,0.000000,0.000000,no supported local structural parser,False,,0,0.000000,0.000000,0.000000,0.000000,disabled,1.000000,0.000000
c5d095625852253e,100%,100,91-100,100%,100,91-100,text,pygments,True,1.000000,1.000000,1.000000,1.000000,1.000000,1.000000,1.000000,0.225000,0.367347,1.000000,1.000000,1.000000,1.000000,1.000000,0.347826,1.000000,19,23,stdlib/Markdown/test/runtests.jl,same_file,1,False,,,0.000000,0.000000,no supported local structural parser,False,,0,0.000000,0.000000,0.000000,0.000000,disabled,1.000000,1.000000
0eaec74bf0ad3a18,100%,100,91-100,100%,100,91-100,text,regex,True,1.000000,1.000000,1.000000,1.000000,1.000000,1.000000,1.000000,1.000000,1.000000,1.000000,1.000000,1.000000,1.000000,1.000000,1.000000,1.000000,7,1,stdlib/Markdown/src/render/html.jl,same_file,1,False,,,0.000000,0.000000,no supported local structural parser,False,,0,0.000000,0.000000,0.000000,0.000000,disabled,1.000000,1.000000
0f3687d327f9c0e4,100%,100,91-100,100%,100,91-100,c,regex,True,1.000000,1.000000,1.000000,1.000000,1.000000,1.000000,1.000000,1.000000,1.000000,1.000000,1.000000,1.000000,1.000000,1.000000,1.000000,1.000000,10,1,src/task.c,same_file,1,True,tree_sitter,c,1.000000,1.000000,,False,,0,0.000000,0.000000,0.000000,0.000000,disabled,1.000000,1.000000
37399fdb8d71a1ff,0%,0,0,mostly,75,71-80,text,pygments,False,0.000000,0.775000,0.900000,0.775000,0.900000,0.000000,0.775000,0.206667,0.326316,0.900000,0.775000,0.900000,0.000000,0.850000,0.571429,0.800000,10,7,base/fastmath.jl,neighboring_same_file,3,False,,,0.000000,0.000000,no supported local structural parser,False,,0,0.000000,0.000000,0.000000,0.000000,disabled,1.000000,0.000000
1fd0b96b75f1cb39,partial,14,11-20,mostly,68,61-70,text,pygments,False,0.000000,0.596491,0.672515,0.596491,0.672515,0.000000,0.596491,0.803150,0.684564,0.672515,0.596491,0.672515,0.000000,0.573099,0.400000,0.459016,61,4,base/fastmath.jl,same_file,1,False,,,0.000000,0.000000,no supported local structural parser,False,,0,0.000000,0.000000,0.000000,0.000000,disabled,1.000000,0.000000
247c860db3189958,mostly,70,61-70,mostly,82,81-90,text,pygments,False,0.000000,0.950000,1.000000,0.950000,1.000000,0.000000,0.950000,0.299213,0.455090,1.000000,0.950000,1.000000,0.000000,1.000000,0.250000,1.000000,9,4,base/fastmath.jl,same_file,1,False,,,0.000000,0.000000,no supported local structural parser,False,,0,0.000000,0.000000,0.000000,0.000000,disabled,1.000000,0.000000
57598d3c7c438425,100%,100,91-100,100%,100,91-100,text,pygments,True,1.000000,1.000000,1.000000,1.000000,1.000000,1.000000,1.000000,0.173228,0.295302,1.000000,1.000000,1.000000,1.000000,1.000000,0.250000,1.000000,7,4,base/fastmath.jl,same_file,2,False,,,0.000000,0.000000,no supported local structural parser,False,,0,0.000000,0.000000,0.000000,0.000000,disabled,1.000000,1.000000
69654ea72c95b067,partial,45,41-50,mostly,82,81-90,text,pygments,False,0.000000,0.952381,1.000000,0.952381,1.000000,0.000000,0.952381,0.314961,0.473373,1.000000,0.952381,1.000000,0.000000,1.000000,0.250000,1.000000,10,4,base/fastmath.jl,same_file,2,False,,,0.000000,0.000000,no supported local structural parser,False,,0,0.000000,0.000000,0.000000,0.000000,disabled,1.000000,0.000000
d98c35df278de14a,100%,100,91-100,100%,100,91-100,text,pygments,True,1.000000,1.000000,1.000000,1.000000,1.000000,1.000000,1.000000,1.000000,1.000000,1.000000,1.000000,1.000000,1.000000,1.000000,1.000000,1.000000,30,3,base/fastmath.jl,same_file,2,False,,,0.000000,0.000000,no supported local structural parser,False,,0,0.000000,0.000000,0.000000,0.000000,disabled,1.000000,1.000000
d8244ad326b34508,partial,20,11-20,partial,20,11-20,c,regex,False,0.200000,0.078947,0.223684,0.078947,0.223684,0.200000,0.078947,0.171429,0.108108,0.223684,0.078947,0.223684,0.200000,0.210526,0.833333,0.055556,36,6,src/interpreter.c,neighboring_same_file,3,True,tree_sitter,c,0.666667,0.666667,,False,,0,0.000000,0.000000,0.000000,0.000000,disabled,1.000000,0.200000
f70b8331744f28c8,100%,100,91-100,100%,100,91-100,c,regex,True,1.000000,1.000000,1.000000,1.000000,1.000000,1.000000,1.000000,1.000000,1.000000,1.000000,1.000000,1.000000,1.000000,1.000000,1.000000,1.000000,65,6,src/gc-interface.h,same_file,2,True,tree_sitter,c,1.000000,1.000000,,False,,0,0.000000,0.000000,0.000000,0.000000,disabled,1.000000,1.000000
428390bf4348fa4f,mostly,81,81-90,mostly,83,81-90,cpp,pygments,False,0.750000,0.975758,1.000000,0.975758,1.000000,0.750000,0.975758,0.504702,0.665289,1.000000,0.975758,1.000000,0.416667,0.945455,0.413793,0.929825,57,29,src/codegen.cpp,same_file,1,True,tree_sitter,cpp,1.000000,1.000000,,False,,0,0.000000,0.000000,0.000000,0.000000,disabled,1.000000,0.750000
391c0d65e34dde2d,100%,100,91-100,100%,100,91-100,text,pygments,True,1.000000,1.000000,1.000000,1.000000,1.000000,1.000000,1.000000,1.000000,1.000000,1.000000,1.000000,1.000000,1.000000,1.000000,1.000000,1.000000,10,1,JuliaSyntax/src/porcelain/syntax_graph.jl,same_file,4,False,,,0.000000,0.000000,no supported local structural parser,False,,0,0.000000,0.000000,0.000000,0.000000,disabled,1.000000,1.000000
c4797ac451ac2e40,mostly,71,71-80,mostly,75,71-80,text,pygments,False,0.750000,0.727273,0.848485,0.727273,0.848485,0.750000,0.727273,0.444444,0.551724,0.848485,0.727273,0.848485,0.500000,0.818182,0.500000,0.769231,13,8,JuliaSyntax/src/porcelain/syntax_graph.jl,neighboring_same_file,4,False,,,0.000000,0.000000,no supported local structural parser,False,,0,0.000000,0.000000,0.000000,0.000000,disabled,1.000000,0.750000
c3b1be186f514c8b,100%,100,91-100,100%,100,91-100,text,pygments,True,1.000000,1.000000,1.000000,1.000000,1.000000,1.000000,1.000000,0.086420,0.159091,1.000000,1.000000,1.000000,1.000000,1.000000,0.166667,1.000000,1,6,base/path.jl,same_file,4,False,,,0.000000,0.000000,no supported local structural parser,False,,0,0.000000,0.000000,0.000000,0.000000,disabled,1.000000,1.000000
82223144cd25fd60,100%,100,91-100,100%,100,91-100,text,pygments,True,1.000000,1.000000,1.000000,1.000000,1.000000,1.000000,1.000000,0.160494,0.276596,1.000000,1.000000,1.000000,1.000000,1.000000,0.166667,1.000000,4,6,base/path.jl,same_file,4,False,,,0.000000,0.000000,no supported local structural parser,False,,0,0.000000,0.000000,0.000000,0.000000,disabled,1.000000,1.000000
ea4d60c0c180b335,0%,0,0,partial,53,51-60,c,pygments,False,0.000000,0.322581,0.483871,0.322581,0.483871,0.000000,0.322581,0.625000,0.425532,0.483871,0.322581,0.483871,0.000000,0.419355,0.428571,0.000000,12,3,src/signals-win.c,same_file,2,True,tree_sitter,c,0.500000,0.500000,,False,,0,0.000000,0.000000,0.000000,0.000000,disabled,1.000000,0.000000
1508ab90593989ec,0%,0,0,mostly,70,61-70,cpp,pygments,False,0.000000,0.800000,0.923077,0.815385,0.938462,0.000000,0.800000,0.269430,0.403101,0.923077,0.815385,0.938462,0.000000,0.661538,0.142857,0.555556,18,28,src/pipeline.cpp,same_file,2,True,tree_sitter,cpp,0.940000,0.940000,,False,,0,0.000000,0.000000,0.000000,0.000000,disabled,1.000000,0.000000
048c333ea7be99c6,0%,0,0,0%,0,0,text,pygments,False,0.000000,0.470588,0.705882,0.470588,0.705882,0.000000,0.411765,0.017284,0.033175,0.705882,0.411765,0.705882,0.000000,0.705882,0.047619,0.000000,3,21,stdlib/InteractiveUtils/src/codeview.jl,same_file,3,False,,,0.000000,0.000000,no supported local structural parser,False,,0,0.000000,0.000000,0.000000,0.000000,disabled,1.000000,0.000000
3b787679ab262a9e,mostly,70,61-70,mostly,82,81-90,cpp,pygments,False,0.000000,1.000000,1.000000,1.000000,1.000000,0.000000,1.000000,0.155405,0.269006,1.000000,1.000000,1.000000,0.000000,1.000000,0.125000,1.000000,6,8,src/pipeline.cpp,same_file,3,True,tree_sitter,cpp,1.000000,1.000000,,False,,0,0.000000,0.000000,0.000000,0.000000,disabled,1.000000,0.000000
6b38688dc6d6797c,0%,0,0,mostly,63,61-70,cpp,pygments,False,0.000000,0.647059,0.823529,0.647059,0.823529,0.000000,0.647059,0.343750,0.448980,0.823529,0.647059,0.823529,0.000000,0.647059,0.333333,0.400000,5,3,src/llvm-alloc-opt.cpp,same_file,1,True,tree_sitter,cpp,0.777778,0.777778,,False,,0,0.000000,0.000000,0.000000,0.000000,disabled,1.000000,0.000000
2a9dfe0518866d92,100%,100,91-100,100%,100,91-100,text,pygments,True,1.000000,1.000000,1.000000,1.000000,1.000000,1.000000,1.000000,1.000000,1.000000,1.000000,1.000000,1.000000,1.000000,1.000000,1.000000,1.000000,8,2,JuliaLowering/src/linear_ir.jl,same_file,1,False,,,0.000000,0.000000,no supported local structural parser,False,,0,0.000000,0.000000,0.000000,0.000000,disabled,1.000000,1.000000
8014871ea1602af0,100%,91,91-100,mostly,88,81-90,text,pygments,False,0.800000,1.000000,1.000000,1.000000,1.000000,0.800000,1.000000,0.600000,0.750000,1.000000,1.000000,1.000000,0.600000,1.000000,0.833333,1.000000,9,6,JuliaLowering/src/macro_expansion.jl,same_file,2,False,,,0.000000,0.000000,no supported local structural parser,False,,0,0.000000,0.000000,0.000000,0.000000,disabled,1.000000,0.800000
25528d67125dbe13,partial,9,1-10,partial,55,51-60,text,pygments,False,0.133333,0.571429,0.819048,0.576190,0.823810,0.133333,0.571429,0.533333,0.551724,0.819048,0.576190,0.823810,0.066667,0.623810,0.966667,0.363636,77,29,JuliaLowering/src/desugaring.jl,same_file,2,False,,,0.000000,0.000000,no supported local structural parser,False,,0,0.000000,0.000000,0.000000,0.000000,disabled,1.000000,0.133300
9ee951c7fa6c1e29,100%,100,91-100,100%,100,91-100,text,pygments,True,1.000000,1.000000,1.000000,1.000000,1.000000,1.000000,1.000000,0.166667,0.285714,1.000000,1.000000,1.000000,1.000000,1.000000,0.333333,1.000000,2,3,Compiler/src/types.jl,same_file,4,False,,,0.000000,0.000000,no supported local structural parser,False,,0,0.000000,0.000000,0.000000,0.000000,disabled,1.000000,1.000000
b5ee06512edf6107,100%,100,91-100,100%,100,91-100,c,pygments,True,1.000000,1.000000,1.000000,1.000000,1.000000,1.000000,1.000000,1.000000,1.000000,1.000000,1.000000,1.000000,1.000000,1.000000,1.000000,1.000000,3,1,src/module.c,same_file,1,True,tree_sitter,c,1.000000,1.000000,,False,,0,0.000000,0.000000,0.000000,0.000000,disabled,1.000000,1.000000
690736a84266672a,100%,100,91-100,100%,100,91-100,text,pygments,True,1.000000,1.000000,1.000000,1.000000,1.000000,1.000000,1.000000,1.000000,1.000000,1.000000,1.000000,1.000000,1.000000,1.000000,1.000000,1.000000,3,1,base/abstractarraymath.jl,same_file,1,False,,,0.000000,0.000000,no supported local structural parser,False,,0,0.000000,0.000000,0.000000,0.000000,disabled,1.000000,1.000000
e859f056b1167b9f,mostly,65,61-70,partial,55,51-60,text,pygments,False,0.166667,0.948718,1.000000,0.948718,1.000000,0.166667,0.948718,0.486842,0.643478,1.000000,0.948718,1.000000,0.166667,0.974359,0.750000,0.866667,15,8,test/download_exec.jl,same_file,2,False,,,0.000000,0.000000,no supported local structural parser,False,,0,0.000000,0.000000,0.000000,0.000000,disabled,1.000000,0.166700
fad3e629c939d8c2,mostly,70,61-70,mostly,82,81-90,text,pygments,False,0.000000,1.000000,1.000000,1.000000,1.000000,0.000000,1.000000,0.123288,0.219512,1.000000,1.000000,1.000000,0.000000,1.000000,0.142857,1.000000,3,7,test/download_exec.jl,same_file,2,False,,,0.000000,0.000000,no supported local structural parser,False,,0,0.000000,0.000000,0.000000,0.000000,disabled,1.000000,0.000000
edd51516bacc8682,100%,92,91-100,mostly,84,81-90,text,pygments,False,0.500000,0.977778,1.000000,0.977778,1.000000,0.500000,0.977778,0.602740,0.745763,1.000000,0.977778,1.000000,0.500000,0.955556,0.571429,1.000000,15,7,test/download_exec.jl,same_file,2,False,,,0.000000,0.000000,no supported local structural parser,False,,0,0.000000,0.000000,0.000000,0.000000,disabled,1.000000,0.500000
c80b6d2db39a29e3,partial,59,51-60,mostly,85,81-90,text,pygments,False,0.555556,0.857143,0.857143,0.857143,0.857143,0.555556,0.857143,1.000000,0.923077,0.857143,0.857143,0.857143,0.333333,0.857143,0.555556,0.862069,29,5,test/download_exec.jl,same_file,1,False,,,0.000000,0.000000,no supported local structural parser,False,,0,0.000000,0.000000,0.000000,0.000000,disabled,1.000000,0.555600
7148618552e71699,100%,100,91-100,100%,100,91-100,text,pygments,True,1.000000,1.000000,1.000000,1.000000,1.000000,1.000000,1.000000,1.000000,1.000000,1.000000,1.000000,1.000000,1.000000,1.000000,1.000000,1.000000,21,1,base/util.jl,same_file,1,False,,,0.000000,0.000000,no supported local structural parser,False,,0,0.000000,0.000000,0.000000,0.000000,disabled,1.000000,1.000000
d3ff37cc0a38fe24,partial,30,21-30,mostly,82,81-90,text,regex,False,0.000000,1.000000,1.000000,1.000000,1.000000,0.000000,1.000000,0.981818,0.990826,1.000000,1.000000,1.000000,0.000000,0.962963,1.000000,1.000000,26,3,JuliaLowering/test/closures.jl,same_file,4,False,,,0.000000,0.000000,no supported local structural parser,False,,0,0.000000,0.000000,0.000000,0.000000,disabled,1.000000,0.000000
20b2780d3c61fef0,mostly,60,51-60,mostly,81,81-90,text,regex,False,0.000000,0.657143,0.685714,0.657143,0.685714,0.000000,0.657143,0.958333,0.779661,0.685714,0.657143,0.685714,0.000000,0.657143,0.666667,0.666667,21,2,JuliaLowering/test/function_calls_ir.jl,same_file,2,False,,,0.000000,0.000000,no supported local structural parser,False,,0,0.000000,0.000000,0.000000,0.000000,disabled,1.000000,0.000000
bf27d11bd6e0d440,100%,95,91-100,mostly,88,81-90,cpp,pygments,False,0.500000,1.000000,1.000000,1.000000,1.000000,0.500000,1.000000,0.866667,0.928571,1.000000,1.000000,1.000000,0.500000,1.000000,0.500000,1.000000,4,4,src/codegen.cpp,same_file,2,True,tree_sitter,cpp,1.000000,1.000000,,False,,0,0.000000,0.000000,0.000000,0.000000,disabled,1.000000,0.500000
08e00549e69620ab,100%,90,81-90,mostly,82,81-90,text,pygments,False,0.000000,0.944444,1.000000,0.944444,1.000000,0.000000,0.944444,0.566667,0.708333,1.000000,0.944444,1.000000,0.000000,1.000000,0.333333,0.875000,8,3,test/arrayops.jl,same_file,2,False,,,0.000000,0.000000,no supported local structural parser,False,,0,0.000000,0.000000,0.000000,0.000000,disabled,1.000000,0.000000
b1862a6cf9ceab2e,0%,0,0,mostly,68,61-70,text,pygments,False,0.000000,0.636364,0.818182,0.636364,0.818182,0.000000,0.636364,0.466667,0.538462,0.818182,0.636364,0.818182,0.000000,0.772727,0.333333,0.428571,7,3,test/arrayops.jl,same_file,2,False,,,0.000000,0.000000,no supported local structural parser,False,,0,0.000000,0.000000,0.000000,0.000000,disabled,1.000000,0.000000
cf222ece5e13e3d6,100%,100,91-100,100%,100,91-100,text,pygments,True,1.000000,1.000000,1.000000,1.000000,1.000000,1.000000,1.000000,0.600000,0.750000,1.000000,1.000000,1.000000,1.000000,1.000000,0.333333,1.000000,8,3,test/arrayops.jl,same_file,2,False,,,0.000000,0.000000,no supported local structural parser,False,,0,0.000000,0.000000,0.000000,0.000000,disabled,1.000000,1.000000
d08ff33244ff4ab6,100%,100,91-100,100%,100,91-100,text,pygments,True,1.000000,1.000000,1.000000,1.000000,1.000000,1.000000,1.000000,1.000000,1.000000,1.000000,1.000000,1.000000,1.000000,1.000000,0.500000,1.000000,5,2,test/arrayops.jl,same_file,1,False,,,0.000000,0.000000,no supported local structural parser,False,,0,0.000000,0.000000,0.000000,0.000000,disabled,1.000000,1.000000
27a60f0d15eef4bf,partial,50,41-50,partial,51,51-60,text,pygments,False,0.500000,0.333333,0.666667,0.333333,0.666667,0.500000,0.333333,0.108108,0.163265,0.666667,0.333333,0.666667,0.500000,0.583333,0.500000,0.200000,5,1,test/arrayops.jl,same_file,2,False,,,0.000000,0.000000,no supported local structural parser,False,,0,0.000000,0.000000,0.000000,0.000000,disabled,1.000000,0.500000
e7c47fe7d240b5ab,partial,35,31-40,mostly,70,61-70,text,regex,False,0.000000,0.666667,0.777778,0.666667,0.777778,0.000000,0.666667,0.818182,0.734694,0.777778,0.666667,0.777778,0.000000,0.740741,0.500000,0.750000,12,1,base/filesystem.jl,same_file,2,False,,,0.000000,0.000000,no supported local structural parser,False,,0,0.000000,0.000000,0.000000,0.000000,disabled,1.000000,0.000000
795ebb308e0e5344,100%,100,91-100,100%,100,91-100,text,pygments,True,1.000000,1.000000,1.000000,1.000000,1.000000,1.000000,1.000000,0.200000,0.333333,1.000000,1.000000,1.000000,1.000000,1.000000,0.111111,1.000000,3,9,base/libc.jl,same_file,2,False,,,0.000000,0.000000,no supported local structural parser,False,,0,0.000000,0.000000,0.000000,0.000000,disabled,1.000000,1.000000
ba7021f35cafc240,mostly,72,71-80,mostly,73,71-80,text,pygments,False,0.500000,0.910714,0.964286,0.928571,0.964286,0.500000,0.910714,0.510000,0.653846,0.964286,0.928571,0.964286,0.500000,0.803571,0.444444,0.800000,10,9,base/libc.jl,same_file,2,False,,,0.000000,0.000000,no supported local structural parser,False,,0,0.000000,0.000000,0.000000,0.000000,disabled,1.000000,0.500000
8763359372938ae3,mostly,70,61-70,mostly,78,71-80,text,pygments,False,0.000000,0.920000,0.920000,0.920000,0.920000,0.000000,0.920000,0.230000,0.368000,0.920000,0.920000,0.920000,0.000000,0.880000,0.111111,1.000000,3,9,base/libc.jl,same_file,2,False,,,0.000000,0.000000,no supported local structural parser,False,,0,0.000000,0.000000,0.000000,0.000000,disabled,1.000000,0.000000
06b26d78a093fa19,partial,46,41-50,partial,55,51-60,c,pygments,False,0.243243,0.849817,0.930403,0.849817,0.930403,0.243243,0.849817,0.696697,0.765677,0.930403,0.849817,0.930403,0.054054,0.652015,0.864865,0.696429,56,32,src/subtype.c,same_file,1,True,tree_sitter,c,0.921397,0.921397,,False,,0,0.000000,0.000000,0.000000,0.000000,disabled,1.000000,0.243200
db19971b9cc88b3d,partial,37,31-40,partial,55,51-60,c,pygments,False,0.333333,0.837209,0.953488,0.837209,0.953488,0.166667,0.837209,0.159292,0.267658,0.953488,0.837209,0.953488,0.166667,0.872093,0.139535,0.588235,17,43,src/subtype.c,same_file,1,True,tree_sitter,c,0.971831,0.971831,,False,,0,0.000000,0.000000,0.000000,0.000000,disabled,1.000000,0.333300
90f3d4c5f995d4ab,partial,24,21-30,partial,55,51-60,c,pygments,False,0.320000,0.782895,0.934211,0.789474,0.940789,0.320000,0.782895,0.508547,0.616580,0.934211,0.789474,0.940789,0.080000,0.618421,0.925926,0.307692,26,27,src/subtype.c,neighboring_same_file,3,True,tree_sitter,c,0.798387,0.798387,,False,,0,0.000000,0.000000,0.000000,0.000000,disabled,1.000000,0.320000
098778a836cd15d1,0%,0,0,0%,0,0,c,pygments,False,0.000000,0.240000,0.580000,0.240000,0.580000,0.000000,0.240000,0.058252,0.093750,0.580000,0.240000,0.580000,0.000000,0.540000,0.041667,0.000000,18,24,src/subtype.c,same_file,1,True,tree_sitter,c,0.647059,0.647059,,False,,0,0.000000,0.000000,0.000000,0.000000,disabled,1.000000,0.000000
3a5ded5a99936259,mostly,70,61-70,0%,0,0,text,pygments,False,0.250000,0.000000,1.000000,0.000000,1.000000,0.250000,0.000000,0.000000,0.000000,1.000000,0.000000,1.000000,0.250000,1.000000,0.750000,0.000000,1,3,JuliaLowering/src/desugaring.jl,same_file,2,False,,,0.000000,0.000000,no supported local structural parser,False,,0,0.000000,0.000000,0.000000,0.000000,disabled,1.000000,0.250000
0d6657745e02a8ef,100%,100,91-100,100%,100,91-100,c,regex,True,1.000000,1.000000,1.000000,1.000000,1.000000,1.000000,1.000000,1.000000,1.000000,1.000000,1.000000,1.000000,1.000000,1.000000,1.000000,1.000000,2,1,src/support/dtypes.h,same_file,1,True,tree_sitter,c,1.000000,1.000000,,False,,0,0.000000,0.000000,0.000000,0.000000,disabled,1.000000,1.000000
ab317cab2a54aa78,100%,94,91-100,100%,95,91-100,text,pygments,False,0.909091,0.989691,1.000000,0.989691,1.000000,0.909091,0.989691,1.000000,0.994819,0.989691,0.989691,0.989691,0.909091,0.989691,0.909091,0.972973,37,10,JuliaLowering/src/syntax_macros.jl,same_file,3,False,,,0.000000,0.000000,no supported local structural parser,False,,0,0.000000,0.000000,0.000000,0.000000,disabled,1.000000,0.909100
34697e338781e955,100%,100,91-100,100%,100,91-100,text,pygments,True,1.000000,1.000000,1.000000,1.000000,1.000000,1.000000,1.000000,1.000000,1.000000,1.000000,1.000000,1.000000,1.000000,1.000000,1.000000,1.000000,13,1,JuliaLowering/test/functions.jl,same_file,1,False,,,0.000000,0.000000,no supported local structural parser,False,,0,0.000000,0.000000,0.000000,0.000000,disabled,1.000000,1.000000
715c3e266a7dcc2c,100%,100,91-100,100%,100,91-100,text,pygments,True,1.000000,1.000000,1.000000,1.000000,1.000000,1.000000,1.000000,1.000000,1.000000,1.000000,1.000000,1.000000,1.000000,1.000000,1.000000,1.000000,2,1,Compiler/src/typeutils.jl,same_file,1,False,,,0.000000,0.000000,no supported local structural parser,False,,0,0.000000,0.000000,0.000000,0.000000,disabled,1.000000,1.000000
8d4255843f723085,0%,0,0,0%,0,0,text,pygments,False,0.000000,0.153846,0.538462,0.230769,0.615385,0.000000,0.153846,0.080000,0.105263,0.538462,0.230769,0.615385,0.000000,0.615385,0.400000,0.285714,7,5,base/boot.jl,same_file,1,False,,,0.000000,0.000000,no supported local structural parser,False,,0,0.000000,0.000000,0.000000,0.000000,disabled,1.000000,0.000000
ec9545a0b9082a3a,0%,0,0,0%,0,0,text,pygments,False,0.000000,0.166667,0.500000,0.250000,0.500000,0.000000,0.166667,0.047619,0.074074,0.500000,0.250000,0.500000,0.000000,0.500000,0.333333,0.200000,5,3,JuliaLowering/src/compat.jl,same_file,2,False,,,0.000000,0.000000,no supported local structural parser,False,,0,0.000000,0.000000,0.000000,0.000000,disabled,1.000000,0.000000
4009c101d8128f7f,0%,0,0,partial,45,41-50,text,pygments,False,0.000000,0.256410,0.435897,0.256410,0.435897,0.000000,0.256410,0.526316,0.344828,0.435897,0.256410,0.435897,0.000000,0.307692,1.000000,0.000000,10,3,JuliaLowering/src/compat.jl,same_file,2,False,,,0.000000,0.000000,no supported local structural parser,False,,0,0.000000,0.000000,0.000000,0.000000,disabled,1.000000,0.000000
a064982c3a493670,0%,0,0,0%,0,0,text,pygments,False,0.000000,0.095238,0.380952,0.095238,0.380952,0.000000,0.095238,0.117647,0.105263,0.380952,0.095238,0.380952,0.000000,0.333333,1.000000,0.000000,2,3,JuliaLowering/src/compat.jl,same_file,2,False,,,0.000000,0.000000,no supported local structural parser,False,,0,0.000000,0.000000,0.000000,0.000000,disabled,1.000000,0.000000
7e9eb94e44910421,0%,0,0,mostly,68,61-70,text,pygments,False,0.000000,0.400000,0.500000,0.400000,0.500000,0.000000,0.400000,0.800000,0.533333,0.500000,0.400000,0.500000,0.000000,0.500000,0.333333,0.250000,4,1,JuliaLowering/src/binding_analysis.jl,same_file,1,False,,,0.000000,0.000000,no supported local structural parser,False,,0,0.000000,0.000000,0.000000,0.000000,disabled,1.000000,0.000000
ca7f4162633db372,0%,0,0,mostly,82,81-90,text,pygments,False,0.000000,0.666667,1.000000,0.666667,1.000000,0.000000,0.666667,0.250000,0.363636,1.000000,0.666667,1.000000,0.000000,1.000000,1.000000,0.500000,2,1,JuliaLowering/src/linear_ir.jl,same_file,3,False,,,0.000000,0.000000,no supported local structural parser,False,,0,0.000000,0.000000,0.000000,0.000000,disabled,1.000000,0.000000
96de457d8f15f118,100%,100,91-100,100%,100,91-100,text,pygments,True,1.000000,1.000000,1.000000,1.000000,1.000000,1.000000,1.000000,1.000000,1.000000,1.000000,1.000000,1.000000,1.000000,1.000000,1.000000,1.000000,21,3,JuliaLowering/test/ast.jl,same_file,2,False,,,0.000000,0.000000,no supported local structural parser,False,,0,0.000000,0.000000,0.000000,0.000000,disabled,1.000000,1.000000
ae5003665de2c46d,mostly,75,71-80,mostly,85,81-90,text,pygments,False,0.666667,0.888889,0.888889,0.888889,0.888889,0.666667,0.888889,1.000000,0.941176,0.888889,0.888889,0.888889,0.666667,0.888889,0.666667,0.750000,4,2,JuliaLowering/src/macro_expansion.jl,same_file,2,False,,,0.000000,0.000000,no supported local structural parser,False,,0,0.000000,0.000000,0.000000,0.000000,disabled,1.000000,0.666700
bb085c3fff2e6b79,mostly,71,71-80,mostly,88,81-90,rust,pygments,False,0.750000,1.000000,1.000000,1.000000,1.000000,0.750000,1.000000,0.958333,0.978723,1.000000,1.000000,1.000000,0.500000,1.000000,1.000000,1.000000,9,4,src/ast.rs,same_file,5,True,tree_sitter,rust,1.000000,1.000000,,False,,0,0.000000,0.000000,0.000000,0.000000,disabled,1.000000,0.750000
2d6423608d5eef1e,partial,11,11-20,mostly,70,61-70,rust,pygments,False,0.333333,0.750000,0.916667,0.750000,0.916667,0.333333,0.750000,0.054217,0.101124,0.916667,0.750000,0.916667,0.333333,0.750000,0.230769,0.333333,3,13,src/ast.rs,same_file,4,True,tree_sitter,rust,0.769231,0.769231,,False,,0,0.000000,0.000000,0.000000,0.000000,disabled,1.000000,0.333300
ecbbb85cf619b49f,100%,100,91-100,100%,100,91-100,rust,pygments,True,1.000000,1.000000,1.000000,1.000000,1.000000,1.000000,1.000000,0.360000,0.529412,1.000000,1.000000,1.000000,1.000000,1.000000,0.500000,1.000000,4,2,src/ast.rs,same_file,3,True,tree_sitter,rust,1.000000,1.000000,,False,,0,0.000000,0.000000,0.000000,0.000000,disabled,1.000000,1.000000
a8d7979eaa2667d7,0%,0,0,0%,0,0,typescript,pygments,False,0.000000,0.352941,0.764706,0.352941,0.764706,0.000000,0.352941,0.250000,0.292683,0.764706,0.352941,0.764706,0.000000,0.529412,0.750000,0.125000,8,3,website/src/components/Messages/BaseMessageEntry.tsx,same_file,3,True,tree_sitter,typescript,0.434783,0.434783,,False,,0,0.000000,0.000000,0.000000,0.000000,disabled,1.000000,0.000000
9fe1b0758c1c0fc6,100%,100,91-100,100%,100,91-100,python,python,True,1.000000,1.000000,1.000000,1.000000,1.000000,1.000000,1.000000,1.000000,1.000000,1.000000,1.000000,1.000000,1.000000,1.000000,1.000000,1.000000,8,1,model/model_training/models/patching.py,same_file,1,False,python_ast,python,0.000000,0.000000,SyntaxError: invalid syntax,False,,0,0.000000,0.000000,0.000000,0.000000,disabled,1.000000,1.000000
a96b4129d40baed0,100%,90,81-90,mostly,82,81-90,typescript,pygments,False,0.000000,1.000000,1.000000,1.000000,1.000000,0.000000,1.000000,1.000000,1.000000,1.000000,1.000000,1.000000,0.000000,1.000000,1.000000,1.000000,5,1,website/src/pages/team.tsx,same_file,1,True,tree_sitter,typescript,1.000000,1.000000,,False,,0,0.000000,0.000000,0.000000,0.000000,disabled,1.000000,0.000000
864e4c1074d17383,100%,100,91-100,100%,100,91-100,typescript,pygments,True,1.000000,1.000000,1.000000,1.000000,1.000000,1.000000,1.000000,1.000000,1.000000,1.000000,1.000000,1.000000,1.000000,1.000000,1.000000,1.000000,2,1,website/src/components/Chat/ChatConversation.tsx,same_file,1,True,tree_sitter,typescript,1.000000,1.000000,,False,,0,0.000000,0.000000,0.000000,0.000000,disabled,1.000000,1.000000
cda5862202f66154,100%,100,91-100,mostly,89,81-90,python,python,False,0.800000,1.000000,1.000000,1.000000,1.000000,0.800000,1.000000,0.971429,0.985507,1.000000,1.000000,1.000000,0.600000,1.000000,1.000000,1.000000,13,5,inference/server/oasst_inference_server/routes/chats.py,same_file,4,True,python_ast,python,1.000000,1.000000,,False,,0,0.000000,0.000000,0.000000,0.000000,disabled,1.000000,0.800000
f3f6087c7a13a880,partial,36,31-40,partial,55,51-60,typescript,pygments,False,0.222222,0.807692,0.923077,0.807692,0.923077,0.222222,0.807692,0.688525,0.743363,0.923077,0.807692,0.923077,0.111111,0.788462,0.888889,0.681818,22,8,website/src/pages/_app.tsx,same_file,2,True,tree_sitter,typescript,0.868421,0.868421,,False,,0,0.000000,0.000000,0.000000,0.000000,disabled,1.000000,0.222200
a2a382352528ee7f,100%,100,91-100,100%,100,91-100,python,python,True,1.000000,1.000000,1.000000,1.000000,1.000000,1.000000,1.000000,1.000000,1.000000,1.000000,1.000000,1.000000,1.000000,1.000000,1.000000,1.000000,1,1,model/model_training/custom_datasets/extra_rm_datasets.py,same_file,1,True,python_ast,python,1.000000,1.000000,,False,,0,0.000000,0.000000,0.000000,0.000000,disabled,1.000000,1.000000
62be317489209a58,100%,100,91-100,100%,100,91-100,python,python,True,1.000000,1.000000,1.000000,1.000000,1.000000,1.000000,1.000000,1.000000,1.000000,1.000000,1.000000,1.000000,1.000000,1.000000,1.000000,1.000000,8,1,model/model_training/custom_datasets/qa_datasets.py,same_file,4,True,python_ast,python,1.000000,1.000000,,False,,0,0.000000,0.000000,0.000000,0.000000,disabled,1.000000,1.000000
8be94ab3702dc23c,100%,100,91-100,100%,100,91-100,typescript,pygments,True,1.000000,1.000000,1.000000,1.000000,1.000000,1.000000,1.000000,1.000000,1.000000,1.000000,1.000000,1.000000,1.000000,1.000000,1.000000,1.000000,5,1,website/src/components/Chat/PluginsChooser.tsx,same_file,1,True,tree_sitter,typescript,1.000000,1.000000,,False,,0,0.000000,0.000000,0.000000,0.000000,disabled,1.000000,1.000000
ce346b1b777b11a0,100%,100,91-100,100%,100,91-100,typescript,pygments,True,1.000000,1.000000,1.000000,1.000000,1.000000,1.000000,1.000000,1.000000,1.000000,1.000000,1.000000,1.000000,1.000000,1.000000,1.000000,1.000000,5,1,website/src/components/Chat/PluginsChooser.tsx,same_file,1,True,tree_sitter,typescript,1.000000,1.000000,,False,,0,0.000000,0.000000,0.000000,0.000000,disabled,1.000000,1.000000
c4fc6e55fd8517a2,partial,40,31-40,partial,55,51-60,python,python,False,0.400000,1.000000,1.000000,1.000000,1.000000,0.400000,0.977273,1.000000,0.988506,0.977273,0.977273,0.977273,0.200000,0.977273,0.600000,1.000000,14,3,inference/worker/chat_chain_utils.py,same_file,3,True,python_ast,python,1.000000,1.000000,,False,,0,0.000000,0.000000,0.000000,0.000000,disabled,1.000000,0.400000
f74ff0a5d3029dd3,100%,100,91-100,100%,100,91-100,python,python,True,1.000000,1.000000,1.000000,1.000000,1.000000,1.000000,1.000000,1.000000,1.000000,1.000000,1.000000,1.000000,1.000000,1.000000,1.000000,1.000000,3,1,oasst-shared/oasst_shared/schemas/inference.py,same_file,1,True,python_ast,python,1.000000,1.000000,,False,,0,0.000000,0.000000,0.000000,0.000000,disabled,1.000000,1.000000
63601f3fe68580ce,partial,25,21-30,partial,55,51-60,python,python,False,0.250000,0.500000,0.733333,0.566667,0.800000,0.250000,0.500000,0.163043,0.245902,0.733333,0.566667,0.800000,0.250000,0.766667,0.500000,0.272727,11,8,inference/server/oasst_inference_server/plugins/web_retriever/main.py,neighboring_same_file,4,True,python_ast,python,0.733333,0.733333,,False,,0,0.000000,0.000000,0.000000,0.000000,disabled,1.000000,0.250000
99eaca4d8ebb7f08,100%,100,91-100,100%,100,91-100,python,python,True,1.000000,1.000000,1.000000,1.000000,1.000000,1.000000,1.000000,1.000000,1.000000,1.000000,1.000000,1.000000,1.000000,1.000000,1.000000,1.000000,13,3,inference/worker/work.py,same_file,3,True,python_ast,python,1.000000,1.000000,,False,,0,0.000000,0.000000,0.000000,0.000000,disabled,1.000000,1.000000
58d640efbbd4b101,0%,0,0,0%,0,0,python,python,False,0.000000,0.650000,0.850000,0.650000,0.850000,0.000000,0.650000,0.166667,0.265306,0.850000,0.650000,0.850000,0.000000,0.800000,0.384615,0.428571,7,13,lmcache/v1/cache_engine.py,same_file,4,True,python_ast,python,0.823529,0.823529,,False,,0,0.000000,0.000000,0.000000,0.000000,disabled,1.000000,0.000000
5ab42ea18a20b2f4,100%,90,81-90,mostly,82,81-90,python,python,False,0.000000,0.875000,1.000000,0.875000,1.000000,0.000000,0.875000,0.269231,0.411765,1.000000,0.875000,1.000000,0.000000,1.000000,0.500000,0.500000,2,2,lmcache/v1/cache_engine.py,same_file,3,True,python_ast,python,1.000000,1.000000,,False,,0,0.000000,0.000000,0.000000,0.000000,disabled,1.000000,0.000000
ccd4cb3a0f0c24fd,100%,90,81-90,mostly,72,71-80,python,python,False,0.000000,0.909091,1.000000,0.909091,1.000000,0.000000,0.818182,0.052632,0.098901,1.000000,0.818182,1.000000,0.000000,0.909091,0.050000,0.500000,4,20,lmcache/v1/cache_engine.py,same_file,4,False,python_ast,python,0.000000,0.000000,SyntaxError: expected ':',False,,0,0.000000,0.000000,0.000000,0.000000,disabled,1.000000,0.000000
dc32abeb372051fb,100%,93,91-100,mostly,88,81-90,python,python,False,0.500000,0.875000,1.000000,0.875000,1.000000,0.500000,0.875000,0.500000,0.636364,1.000000,0.875000,1.000000,0.500000,1.000000,0.666667,0.500000,2,3,lmcache/v1/cache_engine.py,same_file,3,True,python_ast,python,1.000000,1.000000,,False,,0,0.000000,0.000000,0.000000,0.000000,disabled,1.000000,0.500000
8f00eb4614b8b994,partial,45,41-50,mostly,78,71-80,python,python,False,0.000000,0.666667,0.666667,0.666667,0.666667,0.000000,0.666667,0.380952,0.484848,0.666667,0.666667,0.666667,0.000000,0.666667,0.500000,1.000000,3,2,lmcache/v1/storage_backend/__init__.py,same_file,1,True,python_ast,python,0.647059,0.647059,,False,,0,0.000000,0.000000,0.000000,0.000000,disabled,1.000000,0.000000
8227f4d38066addd,0%,0,0,partial,42,41-50,python,python,False,0.000000,0.235294,0.294118,0.235294,0.294118,0.000000,0.235294,0.500000,0.320000,0.294118,0.235294,0.294118,0.000000,0.294118,0.500000,0.142857,7,1,lmcache/v1/storage_backend/abstract_backend.py,same_file,1,True,python_ast,python,0.333333,0.333333,,False,,0,0.000000,0.000000,0.000000,0.000000,disabled,1.000000,0.000000
7b313240ea4ef97f,0%,0,0,0%,0,0,python,python,False,0.000000,0.227642,0.569106,0.276423,0.617886,0.000000,0.227642,0.241379,0.234310,0.569106,0.276423,0.617886,0.000000,0.439024,0.250000,0.057692,52,20,lmcache/integration/vllm/vllm_v1_adapter.py,neighboring_same_file,4,False,python_ast,python,0.000000,0.000000,SyntaxError: leading zeros in decimal integer literals are not permitted; use an 0o prefix for octal integers,False,,0,0.000000,0.000000,0.000000,0.000000,disabled,1.000000,0.000000
c8625daf60d0464a,0%,0,0,0%,0,0,python,python,False,0.000000,0.500000,0.700000,0.600000,0.800000,0.000000,0.500000,0.100000,0.166667,0.700000,0.600000,0.800000,0.000000,0.800000,0.100000,0.400000,5,10,lmcache/v1/cache_engine.py,same_file,2,True,python_ast,python,0.600000,0.600000,,False,,0,0.000000,0.000000,0.000000,0.000000,disabled,1.000000,0.000000
2fc5c99ace17c4e8,0%,0,0,mostly,82,81-90,python,python,False,0.000000,0.952381,0.952381,0.952381,0.952381,0.000000,0.952381,0.833333,0.888889,0.952381,0.952381,0.952381,0.000000,0.952381,0.250000,1.000000,6,4,lmcache/v1/plugin/plugin_launcher.py,same_file,2,True,python_ast,python,1.000000,1.000000,,False,,0,0.000000,0.000000,0.000000,0.000000,disabled,1.000000,0.000000
ab82234b4fd83e15,0%,0,0,0%,0,0,python,python,False,0.000000,0.571429,1.000000,0.571429,1.000000,0.000000,0.571429,0.121212,0.200000,1.000000,0.571429,1.000000,0.000000,1.000000,0.500000,0.000000,3,4,lmcache/v1/storage_backend/__init__.py,same_file,4,True,python_ast,python,1.000000,1.000000,,False,,0,0.000000,0.000000,0.000000,0.000000,disabled,1.000000,0.000000
fa10ec3e6606f066,partial,9,1-10,partial,55,51-60,python,python,False,0.083333,0.344828,0.344828,0.344828,0.344828,0.083333,0.344828,1.000000,0.512821,0.344828,0.344828,0.344828,0.083333,0.344828,0.083333,0.307692,13,1,lmcache/v1/storage_backend/__init__.py,same_file,2,True,python_ast,python,0.255814,0.255814,,False,,0,0.000000,0.000000,0.000000,0.000000,disabled,1.000000,0.083300
c1c5228089761225,0%,0,0,partial,36,31-40,python,python,False,0.000000,0.146789,0.275229,0.146789,0.275229,0.000000,0.146789,0.421053,0.217687,0.275229,0.146789,0.275229,0.000000,0.256881,0.375000,0.133333,45,3,lmcache/v1/cache_engine.py,neighboring_same_file,3,False,python_ast,python,0.000000,0.000000,SyntaxError: invalid character '→' (U+2192),False,,0,0.000000,0.000000,0.000000,0.000000,disabled,1.000000,0.000000
166322ed6cb6e031,100%,100,91-100,100%,100,91-100,python,python,True,1.000000,1.000000,1.000000,1.000000,1.000000,1.000000,1.000000,0.375000,0.545455,1.000000,1.000000,1.000000,1.000000,1.000000,0.285714,1.000000,3,7,lmcache/v1/plugin/plugin_launcher.py,same_file,4,True,python_ast,python,1.000000,1.000000,,False,,0,0.000000,0.000000,0.000000,0.000000,disabled,1.000000,1.000000
42c71ff82ad8b115,0%,0,0,0%,0,0,python,python,False,0.000000,0.652174,0.913043,0.652174,0.913043,0.000000,0.652174,0.008371,0.016529,0.913043,0.652174,0.913043,0.000000,0.869565,0.012579,0.333333,9,318,lmcache/utils.py,same_file,1,True,python_ast,python,1.000000,1.000000,,False,,0,0.000000,0.000000,0.000000,0.000000,disabled,1.000000,0.000000
d0d9e75342226eed,partial,11,11-20,mostly,71,71-80,python,python,False,0.000000,0.724138,0.931034,0.724138,0.931034,0.000000,0.724138,0.396226,0.512195,0.931034,0.724138,0.931034,0.000000,0.724138,0.400000,0.500000,12,10,lmcache/integration/vllm/vllm_v1_adapter.py,neighboring_same_file,5,True,python_ast,python,0.954545,0.954545,,False,,0,0.000000,0.000000,0.000000,0.000000,disabled,1.000000,0.000000
813f3df0be0e2c05,100%,100,91-100,100%,100,91-100,python,python,True,1.000000,1.000000,1.000000,1.000000,1.000000,1.000000,1.000000,1.000000,1.000000,1.000000,1.000000,1.000000,1.000000,1.000000,1.000000,1.000000,6,2,lmcache/integration/vllm/vllm_v1_adapter.py,same_file,4,True,python_ast,python,1.000000,1.000000,,False,,0,0.000000,0.000000,0.000000,0.000000,disabled,1.000000,1.000000
c36a51224facea7f,100%,100,91-100,100%,95,91-100,python,python,False,1.000000,1.000000,1.000000,1.000000,1.000000,0.500000,1.000000,0.565217,0.722222,1.000000,1.000000,1.000000,0.500000,1.000000,0.400000,1.000000,5,5,lmcache/integration/vllm/vllm_adapter.py,neighboring_same_file,4,True,python_ast,python,1.000000,1.000000,,False,,0,0.000000,0.000000,0.000000,0.000000,disabled,1.000000,1.000000
cabd058d5f9d3044,0%,0,0,0%,0,0,python,python,False,0.000000,0.268657,0.567164,0.328358,0.626866,0.000000,0.268657,0.209302,0.235294,0.567164,0.328358,0.626866,0.000000,0.537313,0.714286,0.043478,23,10,lmcache/v1/storage_backend/abstract_backend.py,same_file,2,True,python_ast,python,0.137255,0.137255,,False,,0,0.000000,0.000000,0.000000,0.000000,disabled,1.000000,0.000000
478a27d9ff7a3bf0,partial,45,41-50,0%,0,0,python,python,False,0.000000,0.736842,0.894737,0.736842,0.894737,0.000000,0.631579,0.260870,0.369231,0.894737,0.631579,0.894737,0.000000,0.842105,0.333333,0.375000,8,6,lmcache/v1/storage_backend/storage_manager.py,same_file,3,True,python_ast,python,0.769231,0.769231,,False,,0,0.000000,0.000000,0.000000,0.000000,disabled,1.000000,0.000000
9a3f29b2728f5a7a,100%,100,91-100,100%,100,91-100,python,python,True,1.000000,0.954545,0.954545,0.954545,0.954545,1.000000,1.000000,1.000000,1.000000,1.000000,1.000000,1.000000,1.000000,1.000000,1.000000,1.000000,10,3,lmcache/v1/storage_backend/storage_manager.py,same_file,3,True,python_ast,python,1.000000,1.000000,,False,,0,0.000000,0.000000,0.000000,0.000000,disabled,1.000000,1.000000
a637d8b04c748299,partial,36,31-40,partial,55,51-60,python,python,False,0.285714,0.923077,0.923077,0.923077,0.923077,0.285714,0.923077,0.406780,0.564706,0.923077,0.923077,0.923077,0.142857,0.884615,0.700000,0.818182,11,10,lmcache/integration/vllm/vllm_v1_adapter.py,neighboring_same_file,3,True,python_ast,python,1.000000,1.000000,,False,,0,0.000000,0.000000,0.000000,0.000000,disabled,1.000000,0.285700
480010c2d0662df7,partial,14,11-20,partial,55,51-60,python,python,False,0.125000,0.269231,0.269231,0.269231,0.269231,0.125000,0.269231,1.000000,0.424242,0.269231,0.269231,0.269231,0.125000,0.269231,0.125000,0.318182,22,1,lmcache/v1/storage_backend/storage_manager.py,same_file,1,True,python_ast,python,0.263158,0.263158,,False,,0,0.000000,0.000000,0.000000,0.000000,disabled,1.000000,0.125000
e2bf5e8c056774c8,partial,16,11-20,0%,0,0,python,python,False,0.000000,0.727273,0.818182,0.727273,0.818182,0.000000,0.454545,0.294118,0.357143,0.818182,0.454545,0.818182,0.000000,0.636364,0.800000,0.000000,5,4,lmcache/v1/lookup_client/lmcache_lookup_client.py,same_file,6,True,python_ast,python,1.000000,1.000000,,False,,0,0.000000,0.000000,0.000000,0.000000,disabled,1.000000,0.000000
601ec6655d2ff301,partial,49,41-50,0%,0,0,python,python,False,0.000000,0.583333,0.750000,0.583333,0.750000,0.000000,0.583333,0.225806,0.325581,0.750000,0.583333,0.750000,0.000000,0.583333,0.400000,0.333333,3,10,lmcache/v1/lookup_client/lmcache_lookup_client.py,neighboring_same_file,6,True,python_ast,python,0.888889,0.888889,,False,,0,0.000000,0.000000,0.000000,0.000000,disabled,1.000000,0.000000
fe837b500b656a16,mostly,67,61-70,0%,0,0,python,python,False,0.000000,0.142857,0.250000,0.178571,0.285714,0.000000,0.142857,0.119403,0.130081,0.250000,0.178571,0.285714,0.000000,0.232143,0.131579,0.055556,18,38,lmcache/v1/storage_backend/storage_manager.py,same_file,1,False,python_ast,python,0.000000,0.000000,SyntaxError: invalid syntax,False,,0,0.000000,0.000000,0.000000,0.000000,disabled,1.000000,0.000000
8cdddec42494f722,partial,30,21-30,mostly,76,71-80,python,python,False,0.000000,0.894737,1.000000,0.894737,1.000000,0.000000,0.894737,0.209877,0.340000,1.000000,0.894737,1.000000,0.000000,0.789474,0.214286,0.750000,8,14,lmcache/v1/cache_engine.py,neighboring_same_file,4,True,python_ast,python,1.000000,1.000000,,False,,0,0.000000,0.000000,0.000000,0.000000,disabled,1.000000,0.000000
a1a3c2e02a61ec70,mostly,88,81-90,mostly,89,81-90,python,python,False,0.888889,0.897059,0.926471,0.897059,0.926471,0.888889,0.838235,0.982759,0.904762,0.838235,0.838235,0.838235,0.666667,0.823529,1.000000,0.866667,30,9,lmcache/v1/storage_backend/cache_policy/lru.py,neighboring_same_file,5,True,python_ast,python,0.906250,0.906250,,False,,0,0.000000,0.000000,0.000000,0.000000,disabled,1.000000,0.888900
32a24925311234eb,100%,90,81-90,mostly,82,81-90,python,python,False,0.000000,0.923077,1.000000,0.923077,1.000000,0.000000,0.923077,0.923077,0.923077,1.000000,0.923077,1.000000,0.000000,1.000000,1.000000,0.800000,5,1,lmcache/v1/storage_backend/cache_policy/lru.py,same_file,1,True,python_ast,python,1.000000,1.000000,,False,,0,0.000000,0.000000,0.000000,0.000000,disabled,1.000000,0.000000
cdc5529c89c27d19,0%,0,0,0%,0,0,python,python,False,0.000000,0.600000,0.900000,0.600000,0.900000,0.000000,0.600000,0.057143,0.104348,0.900000,0.600000,0.900000,0.000000,0.900000,0.125000,0.400000,10,32,lmcache/v1/storage_backend/p2p_backend.py,neighboring_same_file,3,True,python_ast,python,0.714286,0.714286,,False,,0,0.000000,0.000000,0.000000,0.000000,disabled,1.000000,0.000000
383896fec54a6153,100%,100,91-100,100%,100,91-100,python,python,True,1.000000,1.000000,1.000000,1.000000,1.000000,1.000000,1.000000,0.210526,0.347826,1.000000,1.000000,1.000000,1.000000,1.000000,0.200000,1.000000,1,5,lmcache/v1/multiprocess/mp_storage_manager.py,same_file,3,True,python_ast,python,1.000000,1.000000,,False,,0,0.000000,0.000000,0.000000,0.000000,disabled,1.000000,1.000000
9ec3059ae9e9843a,100%,100,91-100,100%,100,91-100,python,python,True,1.000000,1.000000,1.000000,1.000000,1.000000,1.000000,1.000000,1.000000,1.000000,1.000000,1.000000,1.000000,1.000000,1.000000,1.000000,1.000000,3,1,lmcache/v1/plugin/runtime_plugin_launcher.py,same_file,1,True,python_ast,python,1.000000,1.000000,,False,,0,0.000000,0.000000,0.000000,0.000000,disabled,1.000000,1.000000
940458beb10c6621,100%,100,91-100,100%,100,91-100,python,python,True,1.000000,1.000000,1.000000,1.000000,1.000000,1.000000,1.000000,0.312500,0.476190,1.000000,1.000000,1.000000,1.000000,1.000000,0.500000,1.000000,3,2,tests/v1/storage_backend/test_storage_plugin.py,same_file,1,False,python_ast,python,0.000000,0.000000,SyntaxError: invalid syntax,False,,0,0.000000,0.000000,0.000000,0.000000,disabled,1.000000,1.000000
8978d8a36f299ccc,100%,100,91-100,100%,100,91-100,python,python,True,1.000000,1.000000,1.000000,1.000000,1.000000,1.000000,1.000000,0.687500,0.814815,1.000000,1.000000,1.000000,1.000000,1.000000,0.500000,1.000000,9,2,tests/v1/storage_backend/test_storage_plugin.py,same_file,1,False,python_ast,python,0.000000,0.000000,SyntaxError: invalid syntax,False,,0,0.000000,0.000000,0.000000,0.000000,disabled,1.000000,1.000000
14fe6c503b2f4939,100%,100,91-100,100%,100,91-100,python,python,True,1.000000,1.000000,1.000000,1.000000,1.000000,1.000000,1.000000,1.000000,1.000000,1.000000,1.000000,1.000000,1.000000,1.000000,1.000000,1.000000,1,1,tests/v1/storage_backend/test_storage_plugin.py,same_file,1,True,python_ast,python,1.000000,1.000000,,False,,0,0.000000,0.000000,0.000000,0.000000,disabled,1.000000,1.000000
6972dea389e278f4,mostly,69,61-70,mostly,88,81-90,python,python,False,0.750000,1.000000,1.000000,1.000000,1.000000,0.500000,1.000000,0.245283,0.393939,1.000000,1.000000,1.000000,0.500000,1.000000,0.285714,1.000000,6,14,lmcache/v1/storage_backend/storage_manager.py,same_file,3,True,python_ast,python,1.000000,1.000000,,False,,0,0.000000,0.000000,0.000000,0.000000,disabled,1.000000,0.750000
e3078f7c1046c169,mostly,60,51-60,partial,55,51-60,python,python,False,0.375000,0.842105,1.000000,0.842105,1.000000,0.250000,0.842105,0.277457,0.417391,1.000000,0.842105,1.000000,0.125000,0.964912,0.296296,0.653846,26,27,lmcache/v1/gpu_connector.py,same_file,3,True,python_ast,python,1.000000,1.000000,,False,,0,0.000000,0.000000,0.000000,0.000000,disabled,1.000000,0.375000
7ba34a1249610362,100%,91,91-100,100%,90,81-90,python,python,False,0.750000,1.000000,1.000000,1.000000,1.000000,0.500000,1.000000,1.000000,1.000000,1.000000,1.000000,1.000000,0.500000,1.000000,0.800000,1.000000,9,5,lmcache/tools/controller_benchmark/__main__.py,same_file,2,True,python_ast,python,1.000000,1.000000,,False,,0,0.000000,0.000000,0.000000,0.000000,disabled,1.000000,0.750000
242918180c162c81,partial,17,11-20,partial,55,51-60,python,python,False,0.139535,0.293651,0.333333,0.293651,0.333333,0.139535,0.293651,0.880952,0.440476,0.333333,0.293651,0.333333,0.116279,0.321429,0.302326,0.223404,94,13,lmcache/v1/health_monitor/checks/remote_backend_check.py,neighboring_same_file,4,True,python_ast,python,0.326180,0.326180,,False,,0,0.000000,0.000000,0.000000,0.000000,disabled,1.000000,0.139500
f833588313d463da,100%,100,91-100,100%,100,91-100,python,python,True,1.000000,1.000000,1.000000,1.000000,1.000000,1.000000,1.000000,1.000000,1.000000,1.000000,1.000000,1.000000,1.000000,1.000000,1.000000,1.000000,1,1,lmcache/integration/sglang/sglang_adapter.py,same_file,3,True,python_ast,python,1.000000,1.000000,,False,,0,0.000000,0.000000,0.000000,0.000000,disabled,1.000000,1.000000
42ad28a1319da14a,100%,100,91-100,100%,100,91-100,python,python,True,1.000000,1.000000,1.000000,1.000000,1.000000,1.000000,1.000000,1.000000,1.000000,1.000000,1.000000,1.000000,1.000000,1.000000,1.000000,1.000000,2,1,lmcache/integration/sglang/sglang_adapter.py,same_file,3,True,python_ast,python,1.000000,1.000000,,False,,0,0.000000,0.000000,0.000000,0.000000,disabled,1.000000,1.000000
a55fe224cb852299,mostly,77,71-80,mostly,83,81-90,cpp,pygments,False,0.714286,0.938776,0.959184,0.938776,0.959184,0.714286,0.938776,0.621622,0.747967,0.959184,0.938776,0.959184,0.571429,0.938776,1.000000,0.937500,16,7,Libraries/LibRegex/RegexByteCode.cpp,neighboring_same_file,3,True,tree_sitter,cpp,0.976744,0.976744,,False,,0,0.000000,0.000000,0.000000,0.000000,disabled,1.000000,0.714300
ea77d97a7f74e140,100%,100,91-100,100%,100,91-100,cpp,pygments,True,1.000000,1.000000,1.000000,1.000000,1.000000,1.000000,1.000000,0.130081,0.230216,1.000000,1.000000,1.000000,1.000000,1.000000,0.100000,1.000000,5,10,Libraries/LibWeb/HTML/XMLSerializer.cpp,same_file,2,True,tree_sitter,cpp,0.928571,0.928571,,False,,0,0.000000,0.000000,0.000000,0.000000,disabled,1.000000,1.000000
3e64eb2d56e7c553,0%,0,0,mostly,72,71-80,c,pygments,False,0.000000,0.846154,0.961538,0.846154,0.961538,0.000000,0.846154,0.091667,0.165414,0.961538,0.846154,0.961538,0.000000,0.884615,0.088235,0.666667,9,34,AK/Utf16View.h,same_file,1,True,tree_sitter,c,0.818182,0.818182,,False,,0,0.000000,0.000000,0.000000,0.000000,disabled,1.000000,0.000000
360ef9cba0b93846,0%,0,0,partial,56,51-60,c,pygments,False,0.000000,0.504950,0.732673,0.544554,0.772277,0.000000,0.504950,0.372263,0.428571,0.732673,0.544554,0.772277,0.000000,0.485149,0.285714,0.105263,19,21,AK/Utf16View.h,same_file,2,True,tree_sitter,c,0.672131,0.672131,,False,,0,0.000000,0.000000,0.000000,0.000000,disabled,1.000000,0.000000
044a9a04b3e8d102,0%,0,0,mostly,73,71-80,c,pygments,False,0.000000,0.770833,0.937500,0.770833,0.937500,0.000000,0.770833,0.108824,0.190722,0.937500,0.770833,0.937500,0.000000,0.833333,0.289474,0.652174,23,38,AK/Utf16View.h,same_file,1,True,tree_sitter,c,0.660000,0.660000,,False,,0,0.000000,0.000000,0.000000,0.000000,disabled,1.000000,0.000000
3a2a56aa4f67f5bf,0%,0,0,0%,0,0,c,pygments,False,0.000000,0.294118,0.647059,0.294118,0.647059,0.000000,0.294118,0.054945,0.092593,0.647059,0.294118,0.647059,0.000000,0.647059,0.666667,0.000000,8,6,Libraries/LibWeb/HTML/FormAssociatedElement.h,same_file,2,True,tree_sitter,c,0.562500,0.562500,,False,,0,0.000000,0.000000,0.000000,0.000000,disabled,1.000000,0.000000
35500ff5c3cf39dc,partial,49,41-50,mostly,72,71-80,cpp,pygments,False,0.466667,0.835556,0.942222,0.840000,0.946667,0.466667,0.835556,0.746032,0.788260,0.942222,0.840000,0.946667,0.433333,0.808889,0.800000,0.714286,84,24,Libraries/LibWeb/HTML/FormAssociatedElement.cpp,neighboring_same_file,3,True,tree_sitter,cpp,0.847291,0.847291,,False,,0,0.000000,0.000000,0.000000,0.000000,disabled,1.000000,0.466700
a36f3b1a17558d7f,100%,100,91-100,100%,100,91-100,cpp,pygments,True,1.000000,1.000000,1.000000,1.000000,1.000000,1.000000,1.000000,1.000000,1.000000,1.000000,1.000000,1.000000,1.000000,1.000000,1.000000,1.000000,7,1,AK/Assertions.cpp,same_file,3,True,tree_sitter,cpp,1.000000,1.000000,,False,,0,0.000000,0.000000,0.000000,0.000000,disabled,1.000000,1.000000
5a1b969ceec2a89b,0%,0,0,0%,0,0,cpp,pygments,False,0.000000,0.428571,0.857143,0.428571,0.857143,0.000000,0.428571,0.045455,0.082192,0.857143,0.428571,0.857143,0.000000,0.857143,0.285714,0.000000,6,7,Libraries/LibWeb/Layout/InlineLevelIterator.cpp,neighboring_same_file,5,True,tree_sitter,cpp,0.733333,0.733333,,False,,0,0.000000,0.000000,0.000000,0.000000,disabled,1.000000,0.000000
0564645296a7767d,0%,0,0,0%,0,0,cpp,pygments,False,0.000000,0.057971,0.289855,0.057971,0.289855,0.000000,0.057971,0.160000,0.085106,0.289855,0.057971,0.289855,0.000000,0.260870,0.062500,0.000000,26,1,Libraries/LibWeb/Layout/BlockFormattingContext.cpp,same_file,2,True,tree_sitter,cpp,0.015385,0.015385,,False,,0,0.000000,0.000000,0.000000,0.000000,disabled,1.000000,0.000000
4c4bb6d4319fa78d,partial,33,31-40,mostly,71,71-80,cpp,pygments,False,0.333333,0.893617,0.978723,0.893617,0.978723,0.333333,0.851064,0.606061,0.707965,0.936170,0.851064,0.936170,0.333333,0.723404,0.375000,0.750000,16,8,Libraries/LibWeb/CSS/StyleValues/StyleValueList.cpp,neighboring_same_file,5,True,tree_sitter,cpp,0.772727,0.772727,,False,,0,0.000000,0.000000,0.000000,0.000000,disabled,1.000000,0.333300
7085e898bb40bd05,100%,100,91-100,100%,100,91-100,cpp,pygments,True,1.000000,1.000000,1.000000,1.000000,1.000000,1.000000,1.000000,1.000000,1.000000,1.000000,1.000000,1.000000,1.000000,1.000000,1.000000,1.000000,4,1,Libraries/LibWeb/ContentSecurityPolicy/BlockingAlgorithms.cpp,same_file,1,True,tree_sitter,cpp,1.000000,1.000000,,False,,0,0.000000,0.000000,0.000000,0.000000,disabled,1.000000,1.000000
0722e295ee5efef5,100%,92,91-100,mostly,89,81-90,cpp,pygments,False,0.750000,0.975000,0.975000,0.975000,0.975000,0.750000,0.975000,1.000000,0.987342,0.975000,0.975000,0.975000,0.750000,0.975000,0.750000,1.000000,13,3,Libraries/LibWeb/DOM/EventTarget.cpp,same_file,3,True,tree_sitter,cpp,1.000000,1.000000,,False,,0,0.000000,0.000000,0.000000,0.000000,disabled,1.000000,0.750000
b4a8536b228cd9e9,100%,100,91-100,100%,100,91-100,cpp,pygments,True,1.000000,1.000000,1.000000,1.000000,1.000000,1.000000,1.000000,1.000000,1.000000,1.000000,1.000000,1.000000,1.000000,1.000000,1.000000,1.000000,9,2,Libraries/LibWeb/Layout/ImageBox.cpp,same_file,1,True,tree_sitter,cpp,1.000000,1.000000,,False,,0,0.000000,0.000000,0.000000,0.000000,disabled,1.000000,1.000000
188ba78d50af4113,100%,100,91-100,100%,100,91-100,c,pygments,True,1.000000,1.000000,1.000000,1.000000,1.000000,1.000000,1.000000,1.000000,1.000000,1.000000,1.000000,1.000000,1.000000,1.000000,1.000000,1.000000,3,1,Libraries/LibWebView/Settings.h,same_file,1,True,tree_sitter,c,1.000000,1.000000,,False,,0,0.000000,0.000000,0.000000,0.000000,disabled,1.000000,1.000000
00df6849c11a1516,100%,100,91-100,100%,100,91-100,c,pygments,True,1.000000,1.000000,1.000000,1.000000,1.000000,1.000000,1.000000,1.000000,1.000000,1.000000,1.000000,1.000000,1.000000,1.000000,1.000000,1.000000,10,2,Libraries/LibWeb/Loader/LoadRequest.h,same_file,3,True,tree_sitter,c,1.000000,1.000000,,False,,0,0.000000,0.000000,0.000000,0.000000,disabled,1.000000,1.000000
7c118d580391c243,mostly,68,61-70,mostly,81,81-90,cpp,pygments,False,0.000000,0.881579,0.934211,0.881579,0.934211,0.000000,0.881579,0.676768,0.765714,0.934211,0.881579,0.934211,0.000000,0.921053,0.750000,0.809524,21,6,Libraries/LibWeb/Layout/LayoutState.cpp,same_file,1,True,tree_sitter,cpp,0.900000,0.900000,,False,,0,0.000000,0.000000,0.000000,0.000000,disabled,1.000000,0.000000
5087a9abab00cf75,100%,91,91-100,mostly,85,81-90,c,pygments,False,0.800000,0.861111,0.861111,0.861111,0.861111,0.800000,0.861111,1.000000,0.925373,0.861111,0.861111,0.861111,0.800000,0.861111,1.000000,0.928571,14,5,Libraries/LibWeb/HTML/Parser/StackOfOpenElements.h,same_file,1,True,tree_sitter,c,0.914286,0.914286,,False,,0,0.000000,0.000000,0.000000,0.000000,disabled,1.000000,0.800000
7c6e26e2a63c87d5,100%,100,91-100,mostly,89,81-90,cpp,pygments,False,0.500000,1.000000,1.000000,1.000000,1.000000,0.500000,1.000000,0.978261,0.989011,1.000000,1.000000,1.000000,0.500000,1.000000,1.000000,1.000000,14,2,Libraries/LibWeb/WebAssembly/Memory.cpp,same_file,3,True,tree_sitter,cpp,1.000000,1.000000,,False,,0,0.000000,0.000000,0.000000,0.000000,disabled,1.000000,0.500000
29a52f2a849e69ab,partial,33,31-40,mostly,74,71-80,c,pygments,False,0.333333,0.884615,0.923077,0.884615,0.923077,0.333333,0.884615,0.403509,0.554217,0.923077,0.884615,0.923077,0.333333,0.846154,0.500000,0.875000,8,6,Libraries/LibWeb/DOM/DocumentOrShadowRoot.h,neighboring_same_file,3,True,tree_sitter,c,0.958333,0.958333,,False,,0,0.000000,0.000000,0.000000,0.000000,disabled,1.000000,0.333300
cdfd3773103e2964,mostly,80,71-80,mostly,88,81-90,c,pygments,False,0.800000,1.000000,1.000000,1.000000,1.000000,0.800000,1.000000,0.727273,0.842105,1.000000,1.000000,1.000000,0.400000,1.000000,1.000000,1.000000,10,5,Libraries/LibWeb/DOM/DocumentOrShadowRoot.h,same_file,3,True,tree_sitter,c,0.964286,0.964286,,False,,0,0.000000,0.000000,0.000000,0.000000,disabled,1.000000,0.800000
350155b235056245,100%,100,91-100,100%,100,91-100,cpp,pygments,True,1.000000,1.000000,1.000000,1.000000,1.000000,1.000000,1.000000,0.781250,0.877193,1.000000,1.000000,1.000000,1.000000,1.000000,0.333333,1.000000,9,3,Libraries/LibWeb/DOM/Element.cpp,same_file,4,True,tree_sitter,cpp,1.000000,1.000000,,False,,0,0.000000,0.000000,0.000000,0.000000,disabled,1.000000,1.000000
bdf948afb48d8fe4,100%,100,91-100,100%,100,91-100,cpp,pygments,True,1.000000,1.000000,1.000000,1.000000,1.000000,1.000000,1.000000,1.000000,1.000000,1.000000,1.000000,1.000000,1.000000,1.000000,1.000000,1.000000,2,1,Libraries/LibWeb/CSS/Interpolation.cpp,same_file,3,True,tree_sitter,cpp,1.000000,1.000000,,False,,0,0.000000,0.000000,0.000000,0.000000,disabled,1.000000,1.000000
0d17ff4ad4c39a68,100%,100,91-100,100%,100,91-100,cpp,pygments,True,1.000000,1.000000,1.000000,1.000000,1.000000,1.000000,1.000000,0.695652,0.820513,1.000000,1.000000,1.000000,1.000000,1.000000,0.500000,1.000000,10,6,Libraries/LibWeb/DOM/Event.cpp,same_file,1,True,tree_sitter,cpp,1.000000,1.000000,,False,,0,0.000000,0.000000,0.000000,0.000000,disabled,1.000000,1.000000
9d5818af9b273286,100%,100,91-100,100%,100,91-100,cpp,pygments,True,1.000000,1.000000,1.000000,1.000000,1.000000,1.000000,1.000000,1.000000,1.000000,1.000000,1.000000,1.000000,1.000000,1.000000,1.000000,1.000000,3,1,Libraries/LibUnicode/TimeZone.cpp,same_file,3,True,tree_sitter,cpp,1.000000,1.000000,,False,,0,0.000000,0.000000,0.000000,0.000000,disabled,1.000000,1.000000
b2651caf456e27f1,100%,100,91-100,100%,100,91-100,c,pygments,True,1.000000,1.000000,1.000000,1.000000,1.000000,1.000000,1.000000,1.000000,1.000000,1.000000,1.000000,1.000000,1.000000,1.000000,1.000000,1.000000,2,1,AK/Optional.h,same_file,1,True,tree_sitter,c,1.000000,1.000000,,False,,0,0.000000,0.000000,0.000000,0.000000,disabled,1.000000,1.000000
9e2f146ed3d079a2,100%,90,81-90,100%,100,91-100,c,pygments,True,0.000000,1.000000,1.000000,1.000000,1.000000,0.000000,1.000000,0.400000,0.571429,1.000000,1.000000,1.000000,0.000000,1.000000,0.500000,1.000000,5,2,Libraries/LibWeb/HTML/HTMLHeadingElement.h,same_file,1,True,tree_sitter,c,0.941176,0.941176,,False,,0,0.000000,0.000000,0.000000,0.000000,disabled,1.000000,0.000000
44a4356bbc605974,0%,0,0,0%,0,0,cpp,pygments,False,0.000000,0.555556,0.888889,0.555556,0.888889,0.000000,0.555556,0.071429,0.126582,0.888889,0.555556,0.888889,0.000000,0.888889,0.250000,0.000000,3,4,Libraries/LibWeb/HTML/Worker.cpp,neighboring_same_file,3,True,tree_sitter,cpp,0.750000,0.750000,,False,,0,0.000000,0.000000,0.000000,0.000000,disabled,1.000000,0.000000
1095f4ce2defbced,100%,90,81-90,mostly,82,81-90,cpp,pygments,False,0.000000,1.000000,1.000000,1.000000,1.000000,0.000000,1.000000,0.833333,0.909091,1.000000,1.000000,1.000000,0.000000,1.000000,1.000000,1.000000,7,1,Libraries/LibWeb/Painting/PaintableBox.cpp,same_file,3,True,tree_sitter,cpp,1.000000,1.000000,,False,,0,0.000000,0.000000,0.000000,0.000000,disabled,1.000000,0.000000
206b632ef4c601c9,100%,90,81-90,mostly,81,81-90,c,pygments,False,0.000000,0.923077,0.923077,0.923077,0.923077,0.000000,0.923077,0.857143,0.888889,0.923077,0.923077,0.923077,0.000000,0.923077,1.000000,1.000000,4,1,Libraries/LibGfx/FourCC.h,same_file,1,True,tree_sitter,c,1.000000,1.000000,,False,,0,0.000000,0.000000,0.000000,0.000000,disabled,1.000000,0.000000
18da411e71e48c91,partial,40,31-40,mostly,82,81-90,c,pygments,False,0.333333,1.000000,1.000000,1.000000,1.000000,0.333333,1.000000,0.703704,0.826087,1.000000,1.000000,1.000000,0.333333,1.000000,0.666667,1.000000,6,2,Libraries/LibGfx/Font/FontVariationSettings.h,same_file,1,True,tree_sitter,c,0.900000,0.900000,,False,,0,0.000000,0.000000,0.000000,0.000000,disabled,1.000000,0.333300
15362451d4ba4af4,100%,100,91-100,100%,100,91-100,cpp,pygments,True,1.000000,1.000000,1.000000,1.000000,1.000000,1.000000,1.000000,0.351351,0.520000,1.000000,1.000000,1.000000,1.000000,1.000000,0.500000,1.000000,6,2,Libraries/LibWeb/CSS/StyleComputer.cpp,same_file,3,True,tree_sitter,cpp,1.000000,1.000000,,False,,0,0.000000,0.000000,0.000000,0.000000,disabled,1.000000,1.000000
624b8e3674e1b078,0%,0,0,mostly,72,71-80,cpp,pygments,False,0.000000,0.800000,1.000000,0.800000,1.000000,0.000000,0.800000,0.027586,0.053333,1.000000,0.800000,1.000000,0.000000,1.000000,0.055556,0.500000,2,18,Libraries/LibWebView/EventLoop/EventLoopImplementationQt.cpp,same_file,1,True,tree_sitter,cpp,1.000000,1.000000,,False,,0,0.000000,0.000000,0.000000,0.000000,disabled,1.000000,0.000000
c877d98de9f46965,mostly,72,71-80,mostly,83,81-90,text,pygments,False,0.642857,0.819277,0.825301,0.819277,0.825301,0.642857,0.819277,0.978417,0.891803,0.825301,0.819277,0.825301,0.607143,0.819277,0.714286,0.836066,61,20,Libraries/LibWebView/EventLoop/EventLoopImplementationMacOS.mm,same_file,2,False,,,0.000000,0.000000,no supported local structural parser,False,,0,0.000000,0.000000,0.000000,0.000000,disabled,1.000000,0.642900
2ff48bb03d829f30,100%,100,91-100,100%,100,91-100,cpp,pygments,True,1.000000,1.000000,1.000000,1.000000,1.000000,1.000000,1.000000,1.000000,1.000000,1.000000,1.000000,1.000000,1.000000,1.000000,1.000000,1.000000,3,1,Libraries/LibGfx/PainterSkia.cpp,same_file,4,True,tree_sitter,cpp,1.000000,1.000000,,False,,0,0.000000,0.000000,0.000000,0.000000,disabled,1.000000,1.000000
b21783470d9f6850,partial,26,21-30,partial,55,51-60,cpp,pygments,False,0.333333,0.116279,0.151163,0.116279,0.151163,0.333333,0.116279,0.769231,0.202020,0.151163,0.116279,0.151163,0.166667,0.151163,0.500000,0.076923,26,6,Libraries/LibUnicode/CharacterTypes.cpp,same_file,2,True,tree_sitter,cpp,0.100000,0.100000,,False,,0,0.000000,0.000000,0.000000,0.000000,disabled,1.000000,0.333300
284a5a6f7cc1b991,mostly,67,61-70,mostly,67,61-70,cpp,regex,False,0.666667,0.088889,0.466667,0.088889,0.466667,0.666667,0.066667,0.076923,0.071429,0.400000,0.066667,0.400000,0.666667,0.400000,0.428571,0.043478,23,7,Libraries/LibWeb/WebAudio/OfflineAudioContext.cpp,same_file,3,True,tree_sitter,cpp,1.000000,1.000000,,False,,0,0.000000,0.000000,0.000000,0.000000,disabled,1.000000,0.666700
f73d575f0c4ee3b7,0%,0,0,0%,0,0,cpp,pygments,False,0.000000,0.500000,0.833333,0.500000,0.833333,0.000000,0.500000,0.035294,0.065934,0.833333,0.500000,0.833333,0.000000,0.833333,0.028571,0.000000,6,35,AK/Random.cpp,same_file,1,True,tree_sitter,cpp,0.777778,0.777778,,False,,0,0.000000,0.000000,0.000000,0.000000,disabled,1.000000,0.000000
aa48e61803c5875e,100%,100,91-100,100%,100,91-100,c,pygments,True,1.000000,1.000000,1.000000,1.000000,1.000000,1.000000,1.000000,0.166667,0.285714,1.000000,1.000000,1.000000,1.000000,1.000000,0.111111,1.000000,5,9,Services/RequestServer/RequestPipe.h,same_file,1,True,tree_sitter,c,0.923077,0.923077,,False,,0,0.000000,0.000000,0.000000,0.000000,disabled,1.000000,1.000000
18d7ac5d2d4c9524,0%,0,0,partial,59,51-60,cpp,pygments,False,0.000000,0.228571,0.328571,0.228571,0.328571,0.000000,0.228571,0.695652,0.344086,0.328571,0.228571,0.328571,0.000000,0.314286,0.428571,0.107143,28,3,Libraries/LibRequests/Request.cpp,neighboring_same_file,4,True,tree_sitter,cpp,0.304348,0.304348,,False,,0,0.000000,0.000000,0.000000,0.000000,disabled,1.000000,0.000000
296f34b999d69eaa,0%,0,0,0%,0,0,text,regex,False,0.000000,0.200000,0.800000,0.200000,0.800000,0.000000,0.200000,0.005291,0.010309,0.800000,0.200000,0.800000,0.000000,0.800000,0.058824,0.000000,3,17,UI/AppKit/Interface/LadybirdWebView.mm,same_file,1,False,,,0.000000,0.000000,no supported local structural parser,False,,0,0.000000,0.000000,0.000000,0.000000,disabled,1.000000,0.000000
4bb766fc286009d1,mostly,67,61-70,partial,55,51-60,cpp,pygments,False,0.571429,0.851351,0.932432,0.851351,0.932432,0.571429,0.851351,0.543103,0.663158,0.932432,0.851351,0.932432,0.285714,0.824324,0.500000,0.727273,22,14,Libraries/LibWeb/IndexedDB/Internal/Algorithms.cpp,neighboring_same_file,3,True,tree_sitter,cpp,0.948276,0.948276,,False,,0,0.000000,0.000000,0.000000,0.000000,disabled,1.000000,0.571400
c93c027ba0df3436,partial,20,11-20,mostly,78,71-80,cpp,pygments,False,0.000000,0.941176,1.000000,0.941176,1.000000,0.000000,0.941176,0.275862,0.426667,1.000000,0.941176,1.000000,0.000000,0.882353,0.214286,0.833333,12,14,Libraries/LibWeb/IndexedDB/Internal/Algorithms.cpp,neighboring_same_file,3,True,tree_sitter,cpp,1.000000,1.000000,,False,,0,0.000000,0.000000,0.000000,0.000000,disabled,1.000000,0.000000
a9696522c622a414,0%,0,0,mostly,82,81-90,cpp,regex,False,0.000000,0.864865,1.000000,0.864865,1.000000,0.000000,0.864865,0.363636,0.512000,1.000000,0.864865,1.000000,0.000000,0.972973,0.500000,0.733333,15,4,Libraries/LibWeb/HTML/Navigator.cpp,neighboring_same_file,3,True,tree_sitter,cpp,1.000000,1.000000,,False,,0,0.000000,0.000000,0.000000,0.000000,disabled,1.000000,0.000000
1956404fb8a2a987,0%,0,0,0%,0,0,cpp,pygments,False,0.000000,0.760000,1.000000,0.760000,1.000000,0.000000,0.760000,0.056548,0.105263,1.000000,0.760000,1.000000,0.000000,1.000000,0.026316,0.375000,8,38,Libraries/LibWeb/WebGL/WebGL2RenderingContextImpl.cpp,same_file,1,True,tree_sitter,cpp,0.962963,0.962963,,False,,0,0.000000,0.000000,0.000000,0.000000,disabled,1.000000,0.000000
66ad4de641373009,100%,100,91-100,mostly,88,81-90,cpp,pygments,False,0.666667,0.964286,0.964286,0.964286,0.964286,0.666667,0.964286,1.000000,0.981818,0.964286,0.964286,0.964286,0.666667,0.964286,1.000000,1.000000,8,3,Libraries/LibWeb/WebGL/WebGLBuffer.cpp,same_file,1,True,tree_sitter,cpp,0.956522,0.956522,,False,,0,0.000000,0.000000,0.000000,0.000000,disabled,1.000000,0.666700
6fccd97f583a7813,mostly,60,51-60,partial,55,51-60,cpp,pygments,False,0.437500,0.725664,0.769912,0.725664,0.769912,0.437500,0.725664,0.921348,0.811881,0.769912,0.725664,0.769912,0.187500,0.681416,0.687500,0.657143,35,11,Libraries/LibWeb/HTML/HTMLOptionsCollection.cpp,same_file,1,True,tree_sitter,cpp,0.721649,0.721649,,False,,0,0.000000,0.000000,0.000000,0.000000,disabled,1.000000,0.437500
c98229b05fb59649,mostly,70,61-70,mostly,82,81-90,cpp,pygments,False,0.000000,0.894737,1.000000,0.894737,1.000000,0.000000,0.894737,0.151786,0.259542,1.000000,0.894737,1.000000,0.000000,1.000000,0.200000,0.714286,7,5,Libraries/LibWeb/WebGL/WebGLRenderingContextImpl.cpp,same_file,4,True,tree_sitter,cpp,1.000000,1.000000,,False,,0,0.000000,0.000000,0.000000,0.000000,disabled,1.000000,0.000000
60d8870bf730e43f,mostly,70,61-70,mostly,78,71-80,c,pygments,False,0.000000,0.833333,1.000000,0.833333,1.000000,0.000000,0.833333,0.062500,0.116279,1.000000,0.833333,1.000000,0.000000,0.833333,0.142857,1.000000,2,7,Libraries/LibWeb/HTML/Timer.h,same_file,1,True,tree_sitter,c,1.000000,1.000000,,False,,0,0.000000,0.000000,0.000000,0.000000,disabled,1.000000,0.000000
8833849d356df1e2,mostly,70,61-70,mostly,82,81-90,cpp,pygments,False,0.000000,0.888889,1.000000,0.888889,1.000000,0.000000,0.888889,0.200000,0.326531,1.000000,0.888889,1.000000,0.000000,1.000000,0.111111,0.714286,7,9,Libraries/LibCore/EventLoop.cpp,same_file,1,True,tree_sitter,cpp,1.000000,1.000000,,False,,0,0.000000,0.000000,0.000000,0.000000,disabled,1.000000,0.000000
95a6dfe313c3495f,partial,29,21-30,partial,55,51-60,cpp,pygments,False,0.400000,0.909091,1.000000,0.909091,1.000000,0.400000,0.909091,0.159363,0.271186,1.000000,0.909091,1.000000,0.200000,1.000000,0.217391,0.733333,15,23,Libraries/LibMedia/PlaybackManager.cpp,same_file,1,True,tree_sitter,cpp,1.000000,1.000000,,False,,0,0.000000,0.000000,0.000000,0.000000,disabled,1.000000,0.400000
57d3fbd60978db95,100%,90,81-90,mostly,72,71-80,cpp,pygments,False,0.000000,1.000000,1.000000,1.000000,1.000000,0.000000,1.000000,0.047009,0.089796,1.000000,1.000000,1.000000,0.000000,0.909091,0.040000,1.000000,3,25,Libraries/LibRegex/RegexByteCode.cpp,same_file,1,True,tree_sitter,cpp,1.000000,1.000000,,False,,0,0.000000,0.000000,0.000000,0.000000,disabled,1.000000,0.000000
00353fa190c2daeb,0%,0,0,0%,0,0,c,pygments,False,0.000000,0.476190,0.904762,0.476190,0.904762,0.000000,0.476190,0.038023,0.070423,0.904762,0.476190,0.904762,0.000000,0.714286,0.195122,0.000000,7,41,Libraries/LibRegex/RegexByteCode.h,same_file,1,True,tree_sitter,c,0.882353,0.882353,,False,,0,0.000000,0.000000,0.000000,0.000000,disabled,1.000000,0.000000
07b2bcf860e8c73e,partial,54,51-60,partial,55,51-60,python,python,False,0.500000,0.698413,0.698413,0.706349,0.706349,0.500000,0.698413,0.988764,0.818605,0.698413,0.706349,0.706349,0.125000,0.706349,0.541667,0.708333,48,13,Meta/check-newlines-at-eof.py,same_file,1,True,python_ast,python,0.709677,0.709677,,False,,0,0.000000,0.000000,0.000000,0.000000,disabled,1.000000,0.500000
1a7ffe9b80af2b97,mostly,67,61-70,mostly,83,81-90,cpp,regex,False,0.666667,0.909091,0.945455,0.909091,0.945455,0.333333,0.909091,0.416667,0.571429,0.945455,0.909091,0.945455,0.333333,0.945455,0.428571,0.909091,22,7,Libraries/LibWeb/Internals/InternalAnimationTimeline.cpp,same_file,2,True,tree_sitter,cpp,1.000000,1.000000,,False,,0,0.000000,0.000000,0.000000,0.000000,disabled,1.000000,0.666700
280d8ba6eb3b1358,100%,100,91-100,100%,100,91-100,cpp,regex,True,1.000000,0.000000,0.043478,0.000000,0.043478,1.000000,1.000000,1.000000,1.000000,1.000000,1.000000,1.000000,1.000000,1.000000,1.000000,1.000000,23,2,Libraries/LibGfx/VulkanContext.cpp,same_file,3,True,tree_sitter,cpp,1.000000,1.000000,,False,,0,0.000000,0.000000,0.000000,0.000000,disabled,1.000000,1.000000
7bfcd60b5168b74d,partial,19,11-20,partial,29,21-30,cpp,pygments,False,0.000000,0.054545,0.345455,0.109091,0.345455,0.000000,0.054545,0.066667,0.060000,0.345455,0.109091,0.345455,0.000000,0.327273,0.428571,0.000000,26,7,Libraries/LibWeb/CSS/StyleValues/BasicShapeStyleValue.cpp,same_file,2,True,tree_sitter,cpp,0.285714,0.285714,,False,,0,0.000000,0.000000,0.000000,0.000000,disabled,1.000000,0.071400
807d11e6e4adb6c5,100%,90,81-90,mostly,82,81-90,c,pygments,False,0.000000,1.000000,1.000000,1.000000,1.000000,0.000000,1.000000,0.421053,0.592593,1.000000,1.000000,1.000000,0.000000,1.000000,0.500000,1.000000,7,4,Libraries/LibWeb/SVG/SVGGraphicsElement.h,same_file,1,True,tree_sitter,c,1.000000,1.000000,,False,,0,0.000000,0.000000,0.000000,0.000000,disabled,1.000000,0.000000
724b15453f8cd7fb,100%,100,91-100,100%,100,91-100,c,pygments,True,1.000000,1.000000,1.000000,1.000000,1.000000,1.000000,1.000000,0.508772,0.674419,1.000000,1.000000,1.000000,1.000000,1.000000,0.500000,1.000000,8,4,Libraries/LibWeb/SVG/SVGGraphicsElement.h,same_file,1,True,tree_sitter,c,1.000000,1.000000,,False,,0,0.000000,0.000000,0.000000,0.000000,disabled,1.000000,1.000000
17899d5c0538da78,partial,45,41-50,mostly,82,81-90,cpp,pygments,False,0.000000,1.000000,1.000000,1.000000,1.000000,0.000000,1.000000,0.055147,0.104530,1.000000,1.000000,1.000000,0.000000,1.000000,0.153846,1.000000,4,13,Libraries/LibWeb/Crypto/CryptoAlgorithms.cpp,same_file,3,True,tree_sitter,cpp,1.000000,1.000000,,False,,0,0.000000,0.000000,0.000000,0.000000,disabled,1.000000,0.000000
9523c39db86992cc,mostly,62,61-70,mostly,72,71-80,cpp,pygments,False,0.500000,0.878788,0.909091,0.878788,0.909091,0.500000,0.878788,0.617021,0.725000,0.909091,0.878788,0.909091,0.500000,0.818182,0.750000,0.909091,11,3,Libraries/LibCrypto/Hash/SHAKE.cpp,same_file,1,True,tree_sitter,cpp,0.785714,0.785714,,False,,0,0.000000,0.000000,0.000000,0.000000,disabled,1.000000,0.500000
1c1db6425d37c785,100%,100,91-100,100%,100,91-100,c,pygments,True,1.000000,1.000000,1.000000,1.000000,1.000000,1.000000,1.000000,1.000000,1.000000,1.000000,1.000000,1.000000,1.000000,1.000000,1.000000,1.000000,5,2,Libraries/LibHTTP/Cache/CacheEntry.h,same_file,5,True,tree_sitter,c,1.000000,1.000000,,False,,0,0.000000,0.000000,0.000000,0.000000,disabled,1.000000,1.000000
f67b8af3b01a51a1,100%,100,91-100,100%,100,91-100,c,pygments,True,1.000000,1.000000,1.000000,1.000000,1.000000,1.000000,1.000000,1.000000,1.000000,1.000000,1.000000,1.000000,1.000000,1.000000,1.000000,1.000000,5,1,Libraries/LibWeb/WebAudio/BaseAudioContext.h,same_file,2,True,tree_sitter,c,1.000000,1.000000,,False,,0,0.000000,0.000000,0.000000,0.000000,disabled,1.000000,1.000000
eb396c52d7dca9bd,100%,97,91-100,mostly,88,81-90,c,pygments,False,0.666667,0.977273,1.000000,0.977273,1.000000,0.666667,0.977273,0.219388,0.358333,1.000000,0.977273,1.000000,0.666667,1.000000,0.375000,0.933333,15,8,Libraries/LibRegex/RegexDebug.h,same_file,3,True,tree_sitter,c,1.000000,1.000000,,False,,0,0.000000,0.000000,0.000000,0.000000,disabled,1.000000,0.666700
63e940c36b1fc925,partial,50,41-50,mostly,85,81-90,c,pygments,False,0.500000,0.434783,0.434783,0.434783,0.434783,0.500000,0.434783,1.000000,0.606061,0.434783,0.434783,0.434783,0.500000,0.434783,0.500000,0.333333,6,2,Libraries/LibWeb/Painting/BorderRadiiData.h,same_file,1,True,tree_sitter,c,0.450000,0.450000,,False,,0,0.000000,0.000000,0.000000,0.000000,disabled,1.000000,0.500000
05afc5a36961b0a1,0%,0,0,partial,42,41-50,c,pygments,False,0.000000,0.107143,0.178571,0.107143,0.178571,0.000000,0.107143,0.500000,0.176471,0.178571,0.107143,0.178571,0.000000,0.178571,0.142857,0.000000,12,1,Libraries/LibCore/Proxy.h,same_file,3,True,tree_sitter,c,0.280000,0.280000,,False,,0,0.000000,0.000000,0.000000,0.000000,disabled,1.000000,0.000000
2ee31b06919afde0,mostly,82,81-90,mostly,84,81-90,cpp,pygments,False,0.600000,0.971429,1.000000,0.971429,1.000000,0.600000,0.971429,0.894737,0.931507,1.000000,0.971429,1.000000,0.600000,0.942857,0.800000,0.888889,9,4,Libraries/LibThreading/Thread.cpp,same_file,2,True,tree_sitter,cpp,0.923077,0.923077,,False,,0,0.000000,0.000000,0.000000,0.000000,disabled,1.000000,0.600000
7ebb9a74af614d4f,0%,0,0,0%,0,0,cpp,pygments,False,0.000000,0.258065,0.709677,0.322581,0.774194,0.000000,0.258065,0.080808,0.123077,0.709677,0.322581,0.774194,0.000000,0.677419,0.117647,0.000000,16,17,Libraries/LibWebView/ViewImplementation.cpp,same_file,1,True,tree_sitter,cpp,0.687500,0.687500,,False,,0,0.000000,0.000000,0.000000,0.000000,disabled,1.000000,0.000000
4764c57b8615e002,0%,0,0,mostly,74,71-80,cpp,pygments,False,0.000000,0.923077,0.923077,0.961538,0.961538,0.000000,0.923077,0.615385,0.738462,0.923077,0.961538,0.961538,0.000000,0.615385,0.500000,0.857143,7,2,Libraries/LibMedia/FFmpeg/FFmpegAudioDecoder.cpp,same_file,3,True,tree_sitter,cpp,0.961538,0.961538,,False,,0,0.000000,0.000000,0.000000,0.000000,disabled,1.000000,0.000000
d7fc91e12ca4a0cd,100%,100,91-100,100%,100,91-100,cpp,pygments,True,1.000000,1.000000,1.000000,1.000000,1.000000,1.000000,1.000000,1.000000,1.000000,1.000000,1.000000,1.000000,1.000000,1.000000,1.000000,1.000000,7,1,Libraries/LibMedia/FFmpeg/FFmpegAudioDecoder.cpp,same_file,1,True,tree_sitter,cpp,1.000000,1.000000,,False,,0,0.000000,0.000000,0.000000,0.000000,disabled,1.000000,1.000000
bd381bc36ab88d4b,100%,100,91-100,100%,100,91-100,c,pygments,True,1.000000,1.000000,1.000000,1.000000,1.000000,1.000000,1.000000,0.654321,0.791045,1.000000,1.000000,1.000000,1.000000,1.000000,0.333333,1.000000,12,3,Libraries/LibWeb/IndexedDB/Internal/Key.h,same_file,5,True,tree_sitter,c,1.000000,1.000000,,False,,0,0.000000,0.000000,0.000000,0.000000,disabled,1.000000,1.000000
831d01ba1a1d28fb,100%,100,91-100,100%,100,91-100,c,pygments,True,1.000000,1.000000,1.000000,1.000000,1.000000,1.000000,1.000000,0.213115,0.351351,1.000000,1.000000,1.000000,1.000000,1.000000,0.333333,1.000000,3,3,Libraries/LibUnicode/ICU.h,same_file,4,True,tree_sitter,c,0.500000,0.500000,,False,,0,0.000000,0.000000,0.000000,0.000000,disabled,1.000000,1.000000
407cdd0c9198e293,mostly,70,61-70,mostly,82,81-90,c,pygments,False,0.000000,1.000000,1.000000,1.000000,1.000000,0.000000,1.000000,0.442623,0.613636,1.000000,1.000000,1.000000,0.000000,1.000000,0.333333,1.000000,10,3,Libraries/LibUnicode/ICU.h,same_file,2,True,tree_sitter,c,0.928571,0.928571,,False,,0,0.000000,0.000000,0.000000,0.000000,disabled,1.000000,0.000000
f4cf285693497d34,partial,50,41-50,mostly,88,81-90,cpp,pygments,False,0.500000,0.916667,1.000000,0.916667,1.000000,0.500000,0.916667,0.314286,0.468085,1.000000,0.916667,1.000000,0.500000,1.000000,0.500000,0.800000,5,4,Libraries/LibImageDecoderClient/Client.cpp,same_file,3,True,tree_sitter,cpp,1.000000,1.000000,,False,,0,0.000000,0.000000,0.000000,0.000000,disabled,1.000000,0.500000
e4f13e0b91a607bf,partial,21,21-30,partial,55,51-60,c,pygments,False,0.076923,0.253623,0.289855,0.253623,0.289855,0.076923,0.253623,0.853659,0.391061,0.289855,0.253623,0.289855,0.076923,0.282609,0.307692,0.162791,43,4,AK/WeakPtr.h,neighboring_same_file,4,True,tree_sitter,c,0.275000,0.275000,,False,,0,0.000000,0.000000,0.000000,0.000000,disabled,1.000000,0.076900
5d22d80a44067b5f,partial,39,31-40,partial,55,51-60,text,pygments,False,0.380952,0.438776,0.520408,0.438776,0.520408,0.380952,0.438776,0.728814,0.547771,0.520408,0.438776,0.520408,0.190476,0.418367,0.571429,0.272727,33,12,lua/lazyvim/plugins/extras/lang/markdown.lua,same_file,1,False,,,0.000000,0.000000,no supported local structural parser,False,,0,0.000000,0.000000,0.000000,0.000000,disabled,1.000000,0.381000
a3030c0cef5c73b9,100%,100,91-100,100%,100,91-100,text,pygments,True,1.000000,1.000000,1.000000,1.000000,1.000000,1.000000,1.000000,1.000000,1.000000,1.000000,1.000000,1.000000,1.000000,1.000000,1.000000,1.000000,3,1,lua/lazyvim/plugins/extras/lang/clojure.lua,same_file,3,False,,,0.000000,0.000000,no supported local structural parser,False,,0,0.000000,0.000000,0.000000,0.000000,disabled,1.000000,1.000000
6d791f1ed9ec6128,0%,0,0,mostly,72,71-80,text,pygments,False,0.000000,0.928571,1.000000,0.928571,1.000000,0.000000,0.928571,0.109244,0.195489,1.000000,0.928571,1.000000,0.000000,1.000000,0.076923,0.833333,6,13,lua/lazyvim/plugins/extras/lang/helm.lua,same_file,1,False,,,0.000000,0.000000,no supported local structural parser,False,,0,0.000000,0.000000,0.000000,0.000000,disabled,1.000000,0.000000
36362b7683a3f79e,100%,100,91-100,100%,100,91-100,text,pygments,True,1.000000,1.000000,1.000000,1.000000,1.000000,1.000000,1.000000,1.000000,1.000000,1.000000,1.000000,1.000000,1.000000,1.000000,1.000000,1.000000,3,5,lua/lazyvim/plugins/extras/lang/gleam.lua,same_file,3,False,,,0.000000,0.000000,no supported local structural parser,False,,0,0.000000,0.000000,0.000000,0.000000,disabled,1.000000,1.000000
04feada636a0d430,mostly,74,71-80,partial,55,51-60,text,pygments,False,0.250000,0.977273,1.000000,0.977273,1.000000,0.250000,0.977273,0.413462,0.581081,1.000000,0.977273,1.000000,0.250000,0.954545,0.400000,0.933333,15,10,lua/lazyvim/plugins/extras/util/chezmoi.lua,neighboring_same_file,3,False,,,0.000000,0.000000,no supported local structural parser,False,,0,0.000000,0.000000,0.000000,0.000000,disabled,1.000000,0.250000
38ac2a3f496ebb36,partial,50,41-50,mostly,88,81-90,text,pygments,False,0.500000,0.833333,1.000000,0.833333,1.000000,0.500000,0.833333,0.119048,0.208333,1.000000,0.833333,1.000000,0.500000,1.000000,0.117647,0.600000,5,17,lua/lazyvim/plugins/extras/lang/kotlin.lua,same_file,2,False,,,0.000000,0.000000,no supported local structural parser,False,,0,0.000000,0.000000,0.000000,0.000000,disabled,1.000000,0.500000
362a03827a164b0a,partial,33,31-40,mostly,80,71-80,text,pygments,False,0.333333,0.681818,0.954545,0.681818,0.954545,0.333333,0.681818,0.178571,0.283019,0.954545,0.681818,0.954545,0.333333,0.909091,0.176471,0.333333,9,17,lua/lazyvim/plugins/extras/lang/kotlin.lua,same_file,2,False,,,0.000000,0.000000,no supported local structural parser,False,,0,0.000000,0.000000,0.000000,0.000000,disabled,1.000000,0.333300
aee8f7be4faa8fe5,100%,95,91-100,mostly,88,81-90,text,pygments,False,0.875000,1.000000,1.000000,1.000000,1.000000,0.875000,0.884615,1.000000,0.938776,0.884615,0.884615,0.884615,0.750000,0.884615,0.750000,1.000000,6,6,lua/lazyvim/plugins/extras/lang/nix.lua,same_file,3,False,,,0.000000,0.000000,no supported local structural parser,False,,0,0.000000,0.000000,0.000000,0.000000,disabled,1.000000,0.875000
2d249636012d89e6,100%,100,91-100,100%,100,91-100,text,pygments,True,1.000000,1.000000,1.000000,1.000000,1.000000,1.000000,1.000000,0.316667,0.481013,1.000000,1.000000,1.000000,1.000000,1.000000,0.285714,1.000000,7,7,lua/lazyvim/plugins/extras/editor/refactoring.lua,same_file,1,False,,,0.000000,0.000000,no supported local structural parser,False,,0,0.000000,0.000000,0.000000,0.000000,disabled,1.000000,1.000000
77791e4be1c0baa6,100%,100,91-100,100%,100,91-100,text,pygments,True,1.000000,1.000000,1.000000,1.000000,1.000000,1.000000,1.000000,0.683333,0.811881,1.000000,1.000000,1.000000,1.000000,1.000000,0.714286,1.000000,16,7,lua/lazyvim/plugins/extras/editor/refactoring.lua,same_file,1,False,,,0.000000,0.000000,no supported local structural parser,False,,0,0.000000,0.000000,0.000000,0.000000,disabled,1.000000,1.000000
8f99e3b4926834b0,100%,100,91-100,100%,100,91-100,text,pygments,True,1.000000,1.000000,1.000000,1.000000,1.000000,1.000000,1.000000,1.000000,1.000000,1.000000,1.000000,1.000000,1.000000,1.000000,1.000000,1.000000,4,1,lua/lazyvim/plugins/extras/lang/rust.lua,same_file,4,False,,,0.000000,0.000000,no supported local structural parser,False,,0,0.000000,0.000000,0.000000,0.000000,disabled,1.000000,1.000000
64c2b8a465c0fdcb,partial,5,1-10,partial,53,51-60,text,pygments,False,0.038462,0.568047,0.701183,0.571006,0.704142,0.038462,0.568047,0.493573,0.528198,0.701183,0.571006,0.704142,0.038462,0.591716,0.604651,0.593750,64,43,lua/lazyvim/plugins/extras/editor/fzf.lua,same_file,1,False,,,0.000000,0.000000,no supported local structural parser,False,,0,0.000000,0.000000,0.000000,0.000000,disabled,1.000000,0.038500
d246f02272c4237d,partial,56,51-60,mostly,82,81-90,text,pygments,False,0.000000,0.753521,0.753521,0.753521,0.753521,0.000000,0.753521,1.000000,0.859438,0.753521,0.753521,0.753521,0.000000,0.753521,0.800000,0.764706,34,4,lua/lazyvim/plugins/extras/ui/alpha.lua,same_file,1,False,,,0.000000,0.000000,no supported local structural parser,False,,0,0.000000,0.000000,0.000000,0.000000,disabled,1.000000,0.000000
537c08c456440cb7,partial,50,41-50,mostly,63,61-70,text,pygments,False,0.444444,0.557143,0.700000,0.585714,0.714286,0.444444,0.557143,0.534247,0.545455,0.700000,0.585714,0.714286,0.444444,0.714286,0.888889,0.578947,19,8,lua/lazyvim/util/ui.lua,neighboring_same_file,3,False,,,0.000000,0.000000,no supported local structural parser,False,,0,0.000000,0.000000,0.000000,0.000000,disabled,1.000000,0.444400
b9c7b90c690286a0,partial,35,31-40,mostly,82,81-90,text,pygments,False,0.000000,1.000000,1.000000,1.000000,1.000000,0.000000,1.000000,0.056277,0.106557,1.000000,1.000000,1.000000,0.000000,1.000000,0.100000,1.000000,2,20,lua/lazyvim/plugins/extras/lang/sql.lua,same_file,1,False,,,0.000000,0.000000,no supported local structural parser,False,,0,0.000000,0.000000,0.000000,0.000000,disabled,1.000000,0.000000
3a8251032a8e4432,100%,100,91-100,100%,100,91-100,text,pygments,True,1.000000,1.000000,1.000000,1.000000,1.000000,1.000000,1.000000,0.026042,0.050761,1.000000,1.000000,1.000000,1.000000,1.000000,0.111111,1.000000,1,9,lua/lazyvim/plugins/extras/util/rest.lua,same_file,1,False,,,0.000000,0.000000,no supported local structural parser,False,,0,0.000000,0.000000,0.000000,0.000000,disabled,1.000000,1.000000
3bf7fcddba1801f2,100%,100,91-100,100%,100,91-100,text,pygments,True,1.000000,1.000000,1.000000,1.000000,1.000000,1.000000,1.000000,0.088542,0.162679,1.000000,1.000000,1.000000,1.000000,1.000000,0.333333,1.000000,4,9,lua/lazyvim/plugins/extras/util/rest.lua,same_file,1,False,,,0.000000,0.000000,no supported local structural parser,False,,0,0.000000,0.000000,0.000000,0.000000,disabled,1.000000,1.000000
57eb87357af39350,100%,100,91-100,100%,100,91-100,text,pygments,True,1.000000,1.000000,1.000000,1.000000,1.000000,1.000000,1.000000,0.111765,0.201058,1.000000,1.000000,1.000000,1.000000,1.000000,0.200000,1.000000,3,5,lua/lazyvim/plugins/extras/util/rest.lua,same_file,1,False,,,0.000000,0.000000,no supported local structural parser,False,,0,0.000000,0.000000,0.000000,0.000000,disabled,1.000000,1.000000
b556364a328cd4ea,mostly,87,81-90,mostly,88,81-90,text,pygments,False,0.777778,0.975000,1.000000,0.975000,1.000000,0.777778,0.975000,0.236364,0.380488,1.000000,0.975000,1.000000,0.555556,1.000000,0.281250,0.888889,9,32,lua/lazyvim/plugins/extras/lang/typst.lua,same_file,1,False,,,0.000000,0.000000,no supported local structural parser,False,,0,0.000000,0.000000,0.000000,0.000000,disabled,1.000000,0.777800
3bdced951131411e,0%,0,0,mostly,72,71-80,text,pygments,False,0.000000,0.916667,1.000000,0.916667,1.000000,0.000000,0.916667,0.099099,0.178862,1.000000,0.916667,1.000000,0.000000,1.000000,0.047619,0.666667,3,21,lua/lazyvim/plugins/extras/lang/typst.lua,same_file,1,False,,,0.000000,0.000000,no supported local structural parser,False,,0,0.000000,0.000000,0.000000,0.000000,disabled,1.000000,0.000000
a45733907a12a080,mostly,70,61-70,mostly,72,71-80,text,pygments,False,0.000000,0.800000,0.800000,0.800000,0.800000,0.000000,0.800000,0.075472,0.137931,0.800000,0.800000,0.800000,0.000000,0.800000,0.055556,1.000000,2,18,lua/lazyvim/plugins/extras/lang/typst.lua,same_file,1,False,,,0.000000,0.000000,no supported local structural parser,False,,0,0.000000,0.000000,0.000000,0.000000,disabled,1.000000,0.000000
4849553900bb8e3a,partial,7,1-10,partial,55,51-60,text,pygments,False,0.166667,0.708333,0.916667,0.708333,0.916667,0.166667,0.708333,0.195402,0.306306,0.916667,0.708333,0.916667,0.166667,0.791667,0.461538,0.166667,6,13,lua/lazyvim/plugins/extras/lang/typst.lua,same_file,1,False,,,0.000000,0.000000,no supported local structural parser,False,,0,0.000000,0.000000,0.000000,0.000000,disabled,1.000000,0.166700
ca449711683a9361,100%,100,91-100,100%,95,91-100,text,pygments,False,1.000000,1.000000,1.000000,1.000000,1.000000,1.000000,1.000000,0.829787,0.906977,1.000000,1.000000,1.000000,0.888889,0.974359,0.900000,1.000000,11,10,lua/lazyvim/plugins/extras/lang/typst.lua,same_file,3,False,,,0.000000,0.000000,no supported local structural parser,False,,0,0.000000,0.000000,0.000000,0.000000,disabled,1.000000,1.000000
c414c7bc3e1373f6,0%,0,0,0%,0,0,text,pygments,False,0.000000,0.607143,1.000000,0.607143,1.000000,0.000000,0.607143,0.178947,0.276423,1.000000,0.607143,1.000000,0.000000,1.000000,0.250000,0.153846,13,16,lua/lazyvim/plugins/extras/lang/typst.lua,same_file,3,False,,,0.000000,0.000000,no supported local structural parser,False,,0,0.000000,0.000000,0.000000,0.000000,disabled,1.000000,0.000000
4eb6d974e9580715,partial,11,11-20,partial,55,51-60,text,pygments,False,0.200000,0.857143,1.000000,0.857143,1.000000,0.200000,0.857143,0.189474,0.310345,1.000000,0.857143,1.000000,0.200000,0.952381,0.312500,0.666667,9,16,lua/lazyvim/plugins/extras/lang/typst.lua,same_file,2,False,,,0.000000,0.000000,no supported local structural parser,False,,0,0.000000,0.000000,0.000000,0.000000,disabled,1.000000,0.200000
a98404af5c467f47,100%,100,91-100,100%,100,91-100,text,pygments,True,1.000000,1.000000,1.000000,1.000000,1.000000,1.000000,1.000000,0.687500,0.814815,1.000000,1.000000,1.000000,1.000000,1.000000,0.500000,1.000000,7,2,lua/lazyvim/plugins/extras/lang/elixir.lua,same_file,2,False,,,0.000000,0.000000,no supported local structural parser,False,,0,0.000000,0.000000,0.000000,0.000000,disabled,1.000000,1.000000
7ec06390eb4c92b0,partial,10,1-10,partial,55,51-60,text,pygments,False,0.210526,0.609756,0.865854,0.658537,0.865854,0.210526,0.609756,0.111359,0.188324,0.865854,0.658537,0.865854,0.105263,0.829268,0.452381,0.071429,28,42,lua/lazyvim/plugins/extras/ai/avante.lua,same_file,1,False,,,0.000000,0.000000,no supported local structural parser,False,,0,0.000000,0.000000,0.000000,0.000000,disabled,1.000000,0.210500
170d9d40067951be,partial,10,1-10,partial,55,51-60,text,pygments,False,0.222222,0.690323,0.941935,0.709677,0.941935,0.222222,0.690323,0.239910,0.356073,0.941935,0.709677,0.941935,0.055556,0.825806,0.857143,0.086957,46,42,lua/lazyvim/plugins/extras/ai/avante.lua,same_file,1,False,,,0.000000,0.000000,no supported local structural parser,False,,0,0.000000,0.000000,0.000000,0.000000,disabled,1.000000,0.222200
d8fdc934e73adb4c,partial,8,1-10,partial,55,51-60,text,pygments,False,0.230769,0.673077,0.961538,0.673077,0.961538,0.153846,0.673077,0.070707,0.127971,0.961538,0.673077,0.961538,0.076923,0.865385,0.288889,0.062500,16,45,lua/lazyvim/plugins/extras/ai/avante.lua,same_file,1,False,,,0.000000,0.000000,no supported local structural parser,False,,0,0.000000,0.000000,0.000000,0.000000,disabled,1.000000,0.230800
b2c2ea86e0cc3e1d,mostly,86,81-90,mostly,85,81-90,text,pygments,False,0.846154,0.986486,1.000000,0.986486,1.000000,0.692308,0.986486,0.431953,0.600823,1.000000,0.986486,1.000000,0.307692,0.905405,0.351351,0.956522,23,37,lua/lazyvim/plugins/extras/ai/avante.lua,same_file,1,False,,,0.000000,0.000000,no supported local structural parser,False,,0,0.000000,0.000000,0.000000,0.000000,disabled,1.000000,0.846200
81ed93736388bd57,partial,9,1-10,0%,0,0,text,pygments,False,0.000000,0.466667,0.742857,0.466667,0.742857,0.000000,0.466667,0.170139,0.249364,0.742857,0.466667,0.742857,0.000000,0.676190,0.225000,0.363636,44,40,lua/lazyvim/plugins/extras/ai/avante.lua,same_file,1,False,,,0.000000,0.000000,no supported local structural parser,False,,0,0.000000,0.000000,0.000000,0.000000,disabled,1.000000,0.000000
3989419cb7c99c5c,partial,44,41-50,mostly,82,81-90,text,pygments,False,0.333333,0.333333,0.333333,0.333333,0.333333,0.333333,0.333333,1.000000,0.500000,0.333333,0.333333,0.333333,0.333333,0.333333,0.333333,0.400000,5,1,lua/lazyvim/plugins/extras/formatting/biome.lua,same_file,1,False,,,0.000000,0.000000,no supported local structural parser,False,,0,0.000000,0.000000,0.000000,0.000000,disabled,1.000000,0.333300
02c5fb00bbb700e1,100%,90,81-90,mostly,72,71-80,text,pygments,False,0.000000,1.000000,1.000000,1.000000,1.000000,0.000000,1.000000,0.066298,0.124352,1.000000,1.000000,1.000000,0.000000,1.000000,0.055556,1.000000,9,18,lua/lazyvim/plugins/extras/util/rest.lua,same_file,1,False,,,0.000000,0.000000,no supported local structural parser,False,,0,0.000000,0.000000,0.000000,0.000000,disabled,1.000000,0.000000
9de9fa1ffd63e30a,100%,90,81-90,0%,0,0,text,regex,False,0.000000,0.125000,0.500000,0.125000,0.500000,0.000000,0.125000,0.019048,0.033058,0.500000,0.125000,0.500000,0.000000,0.500000,0.111111,0.142857,7,9,lua/lazyvim/plugins/extras/dap/core.lua,same_file,2,False,,,0.000000,0.000000,no supported local structural parser,False,,0,0.000000,0.000000,0.000000,0.000000,disabled,1.000000,0.000000
5d36624e2341bd1b,partial,14,11-20,partial,55,51-60,text,pygments,False,0.250000,0.939394,1.000000,0.939394,1.000000,0.250000,0.939394,0.260504,0.407895,1.000000,0.939394,1.000000,0.250000,0.939394,0.173913,0.857143,14,23,lua/lazyvim/plugins/extras/coding/mini-snippets.lua,same_file,3,False,,,0.000000,0.000000,no supported local structural parser,False,,0,0.000000,0.000000,0.000000,0.000000,disabled,1.000000,0.250000
2121dafbf8049f8f,100%,100,91-100,100%,100,91-100,text,pygments,True,1.000000,1.000000,1.000000,1.000000,1.000000,1.000000,1.000000,1.000000,1.000000,1.000000,1.000000,1.000000,1.000000,1.000000,1.000000,1.000000,1,1,lua/lazyvim/plugins/extras/lang/twig.lua,same_file,4,False,,,0.000000,0.000000,no supported local structural parser,False,,0,0.000000,0.000000,0.000000,0.000000,disabled,1.000000,1.000000
b8b6faf938ba034b,100%,90,81-90,mostly,82,81-90,text,pygments,False,0.000000,1.000000,1.000000,1.000000,1.000000,0.000000,1.000000,0.909091,0.952381,1.000000,1.000000,1.000000,0.000000,1.000000,1.000000,1.000000,9,1,lua/lazyvim/plugins/extras/lang/java.lua,same_file,1,False,,,0.000000,0.000000,no supported local structural parser,False,,0,0.000000,0.000000,0.000000,0.000000,disabled,1.000000,0.000000
363ebe67720f3c09,100%,90,81-90,mostly,82,81-90,text,pygments,False,0.000000,1.000000,1.000000,1.000000,1.000000,0.000000,1.000000,0.571429,0.727273,1.000000,1.000000,1.000000,0.000000,1.000000,0.500000,1.000000,13,2,lua/lazyvim/plugins/extras/lang/java.lua,same_file,3,False,,,0.000000,0.000000,no supported local structural parser,False,,0,0.000000,0.000000,0.000000,0.000000,disabled,1.000000,0.000000
2283adcdb8922a92,100%,90,81-90,mostly,82,81-90,text,pygments,False,0.000000,1.000000,1.000000,1.000000,1.000000,0.000000,1.000000,0.357143,0.526316,1.000000,1.000000,1.000000,0.000000,1.000000,0.500000,1.000000,7,2,lua/lazyvim/plugins/extras/lang/java.lua,same_file,3,False,,,0.000000,0.000000,no supported local structural parser,False,,0,0.000000,0.000000,0.000000,0.000000,disabled,1.000000,0.000000
61a3d9ccc9639d85,partial,24,21-30,partial,55,51-60,text,pygments,False,0.200000,0.571429,0.571429,0.571429,0.571429,0.200000,0.571429,0.941176,0.711111,0.571429,0.571429,0.571429,0.200000,0.535714,0.600000,0.500000,10,3,lua/lazyvim/plugins/extras/lang/php.lua,neighboring_same_file,3,False,,,0.000000,0.000000,no supported local structural parser,False,,0,0.000000,0.000000,0.000000,0.000000,disabled,1.000000,0.200000
d157fec223f51182,100%,100,91-100,100%,100,91-100,text,pygments,True,1.000000,1.000000,1.000000,1.000000,1.000000,1.000000,1.000000,1.000000,1.000000,1.000000,1.000000,1.000000,1.000000,1.000000,1.000000,1.000000,9,1,lua/lazyvim/plugins/lsp/init.lua,same_file,3,False,,,0.000000,0.000000,no supported local structural parser,False,,0,0.000000,0.000000,0.000000,0.000000,disabled,1.000000,1.000000
05b225b7770193b4,100%,100,91-100,100%,100,91-100,text,pygments,True,1.000000,1.000000,1.000000,1.000000,1.000000,1.000000,1.000000,1.000000,1.000000,1.000000,1.000000,1.000000,1.000000,1.000000,1.000000,1.000000,22,3,lua/lazyvim/plugins/extras/lang/rust.lua,same_file,4,False,,,0.000000,0.000000,no supported local structural parser,False,,0,0.000000,0.000000,0.000000,0.000000,disabled,1.000000,1.000000
6510338cf9e4dade,partial,40,31-40,partial,55,51-60,text,pygments,False,0.333333,0.403509,0.403509,0.403509,0.403509,0.333333,0.403509,1.000000,0.575000,0.403509,0.403509,0.403509,0.166667,0.403509,0.333333,0.409091,22,2,tests/extras/extra_spec.lua,same_file,2,False,,,0.000000,0.000000,no supported local structural parser,False,,0,0.000000,0.000000,0.000000,0.000000,disabled,1.000000,0.333300
29f8fb2ea0d31f40,100%,100,91-100,100%,100,91-100,text,pygments,True,1.000000,1.000000,1.000000,1.000000,1.000000,1.000000,1.000000,0.245763,0.394558,1.000000,1.000000,1.000000,1.000000,1.000000,0.083333,1.000000,8,12,lua/lazyvim/util/init.lua,same_file,2,False,,,0.000000,0.000000,no supported local structural parser,False,,0,0.000000,0.000000,0.000000,0.000000,disabled,1.000000,1.000000
d5a8f0114687188b,100%,93,91-100,100%,100,91-100,text,pygments,True,0.909091,1.000000,1.000000,1.000000,1.000000,0.909091,1.000000,0.745763,0.854369,1.000000,1.000000,1.000000,0.909091,1.000000,0.916667,1.000000,33,12,lua/lazyvim/util/init.lua,same_file,2,False,,,0.000000,0.000000,no supported local structural parser,False,,0,0.000000,0.000000,0.000000,0.000000,disabled,1.000000,0.909100
4e39ce99b5ec5800,0%,0,0,mostly,76,71-80,text,pygments,False,0.000000,0.837838,1.000000,0.837838,1.000000,0.000000,0.837838,0.500000,0.626263,1.000000,0.837838,1.000000,0.000000,0.783784,1.000000,0.600000,15,4,lua/lazyvim/plugins/extras/lang/java.lua,neighboring_same_file,3,False,,,0.000000,0.000000,no supported local structural parser,False,,0,0.000000,0.000000,0.000000,0.000000,disabled,1.000000,0.000000
884819a8c34ad92d,partial,10,1-10,mostly,70,61-70,text,pygments,False,0.000000,0.475000,0.575000,0.475000,0.575000,0.000000,0.475000,0.826087,0.603175,0.575000,0.475000,0.575000,0.000000,0.500000,0.272727,0.250000,12,3,lua/lazyvim/plugins/extras/lang/php.lua,neighboring_same_file,3,False,,,0.000000,0.000000,no supported local structural parser,False,,0,0.000000,0.000000,0.000000,0.000000,disabled,1.000000,0.000000
111c71dc6a2356f0,0%,0,0,mostly,82,81-90,text,pygments,False,0.000000,0.761905,0.952381,0.761905,0.952381,0.000000,0.761905,0.052805,0.098765,0.952381,0.761905,0.952381,0.000000,0.952381,0.250000,0.555556,9,36,lua/lazyvim/plugins/lsp/init.lua,same_file,3,False,,,0.000000,0.000000,no supported local structural parser,False,,0,0.000000,0.000000,0.000000,0.000000,disabled,1.000000,0.000000
b95086ea4efaf63d,0%,0,0,0%,0,0,text,pygments,False,0.000000,0.571429,0.714286,0.571429,0.714286,0.000000,0.571429,0.048193,0.088889,0.714286,0.571429,0.714286,0.000000,0.714286,0.071429,0.000000,2,14,lua/lazyvim/plugins/extras/lang/haskell.lua,same_file,1,False,,,0.000000,0.000000,no supported local structural parser,False,,0,0.000000,0.000000,0.000000,0.000000,disabled,1.000000,0.000000
a021b89735818f34,0%,0,0,0%,0,0,text,pygments,False,0.000000,0.833333,1.000000,0.833333,1.000000,0.000000,0.833333,0.096154,0.172414,1.000000,0.833333,1.000000,0.000000,1.000000,0.058824,0.333333,3,17,lua/lazyvim/plugins/extras/lang/haskell.lua,same_file,3,False,,,0.000000,0.000000,no supported local structural parser,False,,0,0.000000,0.000000,0.000000,0.000000,disabled,1.000000,0.000000
5af707f0016e27c3,mostly,80,71-80,mostly,72,71-80,text,pygments,False,0.666667,0.956522,1.000000,0.956522,1.000000,0.666667,0.956522,0.030513,0.059140,1.000000,0.956522,1.000000,0.333333,1.000000,0.090909,0.875000,8,33,lua/lazyvim/plugins/extras/util/gh.lua,same_file,1,False,,,0.000000,0.000000,no supported local structural parser,False,,0,0.000000,0.000000,0.000000,0.000000,disabled,1.000000,0.666700
ece65fb7440177d9,0%,0,0,0%,0,0,text,pygments,False,0.000000,0.625000,0.937500,0.625000,0.937500,0.000000,0.625000,0.028490,0.054496,0.937500,0.625000,0.937500,0.000000,0.937500,0.055556,0.000000,5,18,lua/lazyvim/plugins/extras/util/gh.lua,same_file,1,False,,,0.000000,0.000000,no supported local structural parser,False,,0,0.000000,0.000000,0.000000,0.000000,disabled,1.000000,0.000000
1d07d73fa50c9abb,0%,0,0,0%,0,0,text,pygments,False,0.000000,0.000000,0.333333,0.000000,0.333333,0.000000,0.000000,0.000000,0.000000,0.333333,0.000000,0.333333,0.000000,0.333333,0.500000,0.000000,1,1,lua/lazyvim/plugins/extras/lang/typescript.lua,same_file,1,False,,,0.000000,0.000000,no supported local structural parser,False,,0,0.000000,0.000000,0.000000,0.000000,disabled,1.000000,0.000000
68c942f2b9e0376f,partial,50,41-50,mostly,78,71-80,text,pygments,False,0.500000,0.733333,0.866667,0.733333,0.866667,0.500000,0.400000,0.857143,0.545455,0.466667,0.400000,0.466667,0.500000,0.333333,1.000000,1.000000,2,2,lua/lazyvim/plugins/extras/editor/overseer.lua,same_file,3,False,,,0.000000,0.000000,no supported local structural parser,False,,0,0.000000,0.000000,0.000000,0.000000,disabled,1.000000,0.500000
9025f2d3d69ce108,0%,0,0,0%,0,0,python,python,False,0.000000,0.666667,0.933333,0.733333,1.000000,0.000000,0.666667,0.033003,0.062893,0.933333,0.733333,1.000000,0.000000,1.000000,0.024390,0.285714,7,41,manim/mobject/geometry.py,same_file,1,True,python_ast,python,0.909091,0.909091,,False,,0,0.000000,0.000000,0.000000,0.000000,disabled,1.000000,0.000000
da8e58106304402d,0%,0,0,mostly,72,71-80,python,python,False,0.000000,0.857143,0.857143,0.857143,0.857143,0.000000,0.857143,0.015625,0.030691,0.857143,0.857143,0.857143,0.000000,0.857143,0.062500,1.000000,2,32,manim/mobject/geometry.py,same_file,1,True,python_ast,python,1.000000,1.000000,,False,,0,0.000000,0.000000,0.000000,0.000000,disabled,1.000000,0.000000
e1d2c2dbb0a0c7de,0%,0,0,mostly,63,61-70,python,python,False,0.000000,0.611111,0.833333,0.611111,0.833333,0.000000,0.611111,0.100000,0.171875,0.833333,0.611111,0.833333,0.000000,0.666667,0.090909,0.500000,8,22,manim/mobject/coordinate_systems.py,same_file,2,True,python_ast,python,0.833333,0.833333,,False,,0,0.000000,0.000000,0.000000,0.000000,disabled,1.000000,0.000000
c5feda869989d122,100%,92,91-100,0%,0,0,python,python,False,0.857143,0.000000,0.000000,0.000000,0.000000,0.857143,0.000000,0.000000,0.000000,0.000000,0.000000,0.000000,0.857143,0.000000,0.857143,0.000000,0,6,manim/mobject/mobject.py,same_file,2,False,,,0.000000,0.000000,no supported local structural parser,False,,0,0.000000,0.000000,0.000000,0.000000,disabled,1.000000,0.857100
6bb16d46ca9b7273,mostly,86,81-90,mostly,81,81-90,python,python,False,0.750000,0.707692,0.707692,0.707692,0.707692,0.750000,0.707692,0.958333,0.814159,0.707692,0.707692,0.707692,0.750000,0.707692,0.750000,0.904762,21,3,manim/mobject/svg/tex_mobject.py,same_file,2,False,python_ast,python,0.000000,0.000000,SyntaxError: unterminated triple-quoted string literal (detected at line 5),False,,0,0.000000,0.000000,0.000000,0.000000,disabled,1.000000,0.750000
e8c45a6ef6713a67,0%,0,0,0%,0,0,python,python,False,0.000000,0.000000,0.000000,0.000000,0.000000,0.000000,0.000000,0.000000,0.000000,0.000000,0.000000,0.000000,0.000000,0.000000,0.000000,0.000000,0,0,,,2,True,python_ast,python,0.125000,0.125000,,False,,0,0.000000,0.000000,0.000000,0.000000,disabled,1.000000,0.000000
b58cab06635abefa,0%,0,0,mostly,72,71-80,python,python,False,0.000000,1.000000,1.000000,1.000000,1.000000,0.000000,1.000000,0.048780,0.093023,1.000000,1.000000,1.000000,0.000000,1.000000,0.083333,1.000000,1,12,tests/test_scene_rendering/test_cli_flags.py,same_file,1,True,python_ast,python,0.750000,0.750000,,False,,0,0.000000,0.000000,0.000000,0.000000,disabled,1.000000,0.000000
d2665824e7730ed6,0%,0,0,0%,0,0,python,python,False,0.000000,0.500000,0.500000,1.000000,1.000000,0.000000,0.500000,0.024390,0.046512,0.500000,1.000000,1.000000,0.000000,1.000000,0.083333,0.000000,1,12,tests/test_scene_rendering/test_cli_flags.py,same_file,1,True,python_ast,python,0.750000,0.750000,,False,,0,0.000000,0.000000,0.000000,0.000000,disabled,1.000000,0.000000
1daa526ac8b85f58,0%,0,0,0%,0,0,python,python,False,0.000000,0.315789,0.789474,0.315789,0.789474,0.000000,0.315789,0.111111,0.164384,0.789474,0.315789,0.789474,0.000000,0.684211,0.047619,0.222222,9,21,manim/scene/scene.py,same_file,2,False,python_ast,python,0.000000,0.000000,SyntaxError: unterminated triple-quoted string literal (detected at line 2),False,,0,0.000000,0.000000,0.000000,0.000000,disabled,1.000000,0.000000
be867a6c70218a36,100%,100,91-100,100%,100,91-100,python,python,True,1.000000,1.000000,1.000000,1.000000,1.000000,1.000000,1.000000,0.040404,0.077670,1.000000,1.000000,1.000000,1.000000,1.000000,0.030303,1.000000,6,33,manim/scene/scene.py,same_file,2,True,python_ast,python,1.000000,1.000000,,False,,0,0.000000,0.000000,0.000000,0.000000,disabled,1.000000,1.000000
c43b8bfdc9351dbd,0%,0,0,mostly,72,71-80,python,python,False,0.000000,1.000000,1.000000,1.000000,1.000000,0.000000,1.000000,0.063348,0.119149,1.000000,1.000000,1.000000,0.000000,1.000000,0.030303,1.000000,6,33,manim/renderer/cairo_renderer.py,same_file,2,False,python_ast,python,0.000000,0.000000,SyntaxError: unterminated triple-quoted string literal (detected at line 2),False,,0,0.000000,0.000000,0.000000,0.000000,disabled,1.000000,0.000000
ccd7ee7a7344b0bf,mostly,80,71-80,mostly,72,71-80,python,python,False,0.000000,0.857143,1.000000,0.857143,1.000000,0.000000,0.857143,0.061224,0.114286,1.000000,0.857143,1.000000,0.000000,1.000000,0.060606,0.714286,7,33,manim/renderer/cairo_renderer.py,same_file,2,True,python_ast,python,1.000000,1.000000,,False,,0,0.000000,0.000000,0.000000,0.000000,disabled,1.000000,0.000000
42631f3909c2a8c8,mostly,70,61-70,0%,0,0,python,python,False,0.000000,0.666667,1.000000,0.666667,1.000000,0.000000,0.666667,0.008584,0.016949,1.000000,0.666667,1.000000,0.000000,1.000000,0.031250,0.000000,1,32,manim/renderer/cairo_renderer.py,same_file,2,False,python_ast,python,0.000000,0.000000,SyntaxError: '(' was never closed,False,,0,0.000000,0.000000,0.000000,0.000000,disabled,1.000000,0.000000
154eb7ff323a8660,0%,0,0,0%,0,0,python,python,False,0.000000,0.263158,0.736842,0.263158,0.736842,0.000000,0.263158,0.071429,0.112360,0.736842,0.263158,0.736842,0.000000,0.736842,0.200000,0.222222,9,5,manim/scene/scene.py,same_file,2,False,python_ast,python,0.000000,0.000000,SyntaxError: unterminated triple-quoted string literal (detected at line 2),False,,0,0.000000,0.000000,0.000000,0.000000,disabled,1.000000,0.000000
6a3530844ca1cfb4,100%,100,91-100,100%,100,91-100,python,python,True,1.000000,1.000000,1.000000,1.000000,1.000000,1.000000,1.000000,1.000000,1.000000,1.000000,1.000000,1.000000,1.000000,1.000000,1.000000,1.000000,4,1,manim/utils/caching.py,same_file,1,True,python_ast,python,1.000000,1.000000,,False,,0,0.000000,0.000000,0.000000,0.000000,disabled,1.000000,1.000000
5e5c0b62823cd423,100%,100,91-100,100%,100,91-100,python,python,True,1.000000,1.000000,1.000000,1.000000,1.000000,1.000000,1.000000,0.388889,0.560000,1.000000,1.000000,1.000000,1.000000,1.000000,0.500000,1.000000,3,2,manim/mobject/geometry.py,same_file,4,True,python_ast,python,1.000000,1.000000,,False,,0,0.000000,0.000000,0.000000,0.000000,disabled,1.000000,1.000000
da03e2d9d04c26a4,partial,8,1-10,partial,55,51-60,python,python,False,0.083333,0.154930,0.154930,0.154930,0.154930,0.083333,0.154930,1.000000,0.268293,0.154930,0.154930,0.154930,0.083333,0.154930,0.083333,0.222222,45,1,manim/mobject/geometry.py,same_file,1,True,python_ast,python,0.184874,0.184874,,False,,0,0.000000,0.000000,0.000000,0.000000,disabled,1.000000,0.083300
50204d2451a85cdc,100%,100,91-100,100%,100,91-100,python,python,True,1.000000,1.000000,1.000000,1.000000,1.000000,1.000000,1.000000,1.000000,1.000000,1.000000,1.000000,1.000000,1.000000,1.000000,1.000000,1.000000,1,1,manim/mobject/matrix.py,same_file,3,True,python_ast,python,1.000000,1.000000,,False,,0,0.000000,0.000000,0.000000,0.000000,disabled,1.000000,1.000000
be34c649ebe0e74a,partial,50,41-50,partial,55,51-60,python,python,False,0.458333,0.570213,0.570213,0.570213,0.570213,0.458333,0.570213,0.985294,0.722372,0.570213,0.570213,0.570213,0.041667,0.570213,0.500000,0.400000,95,12,manim/mobject/matrix.py,same_file,1,False,python_ast,python,0.000000,0.000000,SyntaxError: invalid decimal literal,False,,0,0.000000,0.000000,0.000000,0.000000,disabled,1.000000,0.458300
3dcd358548d835c6,partial,50,41-50,partial,55,51-60,python,python,False,0.500000,0.588235,0.588235,0.588235,0.588235,0.500000,0.588235,1.000000,0.740741,0.588235,0.588235,0.588235,0.250000,0.588235,0.500000,0.375000,16,2,manim/mobject/matrix.py,same_file,1,False,python_ast,python,0.000000,0.000000,SyntaxError: invalid syntax,False,,0,0.000000,0.000000,0.000000,0.000000,disabled,1.000000,0.500000
27081267127a0310,partial,48,41-50,partial,55,51-60,python,python,False,0.333333,0.633803,0.704225,0.633803,0.704225,0.333333,0.591549,0.954545,0.730435,0.591549,0.591549,0.591549,0.166667,0.591549,0.500000,0.407407,27,3,manim/mobject/matrix.py,same_file,3,False,python_ast,python,0.000000,0.000000,SyntaxError: invalid decimal literal,False,,0,0.000000,0.000000,0.000000,0.000000,disabled,1.000000,0.333300
b03f3ad542544476,partial,48,41-50,partial,55,51-60,python,python,False,0.250000,0.611111,0.722222,0.611111,0.722222,0.250000,0.555556,0.909091,0.689655,0.555556,0.555556,0.555556,0.250000,0.555556,0.500000,0.400000,15,2,manim/mobject/matrix.py,same_file,3,False,python_ast,python,0.000000,0.000000,SyntaxError: invalid decimal literal,False,,0,0.000000,0.000000,0.000000,0.000000,disabled,1.000000,0.250000
92ab0ab91e78b0c5,100%,100,91-100,100%,100,91-100,python,python,True,1.000000,1.000000,1.000000,1.000000,1.000000,1.000000,1.000000,1.000000,1.000000,1.000000,1.000000,1.000000,1.000000,1.000000,1.000000,1.000000,2,1,manim/mobject/svg/text_mobject.py,same_file,4,False,python_ast,python,0.000000,0.000000,SyntaxError: '(' was never closed,False,,0,0.000000,0.000000,0.000000,0.000000,disabled,1.000000,1.000000
43f5d49f8a78bf3f,100%,100,91-100,100%,100,91-100,python,python,True,1.000000,1.000000,1.000000,1.000000,1.000000,1.000000,1.000000,1.000000,1.000000,1.000000,1.000000,1.000000,1.000000,1.000000,1.000000,1.000000,1,1,manim/_config/utils.py,same_file,3,True,python_ast,python,1.000000,1.000000,,False,,0,0.000000,0.000000,0.000000,0.000000,disabled,1.000000,1.000000
39b16b0294eb5950,0%,0,0,mostly,66,61-70,python,python,False,0.000000,0.750000,0.750000,0.750000,0.750000,0.000000,0.750000,0.066667,0.122449,0.750000,0.750000,0.750000,0.000000,0.750000,0.200000,0.500000,2,5,manim/_config/utils.py,same_file,4,True,python_ast,python,1.000000,1.000000,,False,,0,0.000000,0.000000,0.000000,0.000000,disabled,1.000000,0.000000
598d35fa4728ff23,100%,100,91-100,100%,100,91-100,python,python,True,1.000000,1.000000,1.000000,1.000000,1.000000,1.000000,1.000000,0.081633,0.150943,1.000000,1.000000,1.000000,1.000000,1.000000,0.100000,1.000000,1,10,manim/scene/graph_scene.py,same_file,1,False,python_ast,python,0.000000,0.000000,SyntaxError: invalid syntax,False,,0,0.000000,0.000000,0.000000,0.000000,disabled,1.000000,1.000000
ae969ae0dc15f5c0,mostly,67,61-70,mostly,85,81-90,python,python,False,0.666667,0.848485,0.969697,0.848485,0.969697,0.666667,0.848485,0.756757,0.800000,0.969697,0.848485,0.969697,0.666667,0.969697,0.857143,0.789474,38,7,manim/scene/graph_scene.py,neighboring_same_file,4,False,python_ast,python,0.000000,0.000000,SyntaxError: unterminated triple-quoted string literal (detected at line 7),False,,0,0.000000,0.000000,0.000000,0.000000,disabled,1.000000,0.666700
64ae6f598147f251,100%,100,91-100,100%,100,91-100,python,python,True,1.000000,1.000000,1.000000,1.000000,1.000000,1.000000,1.000000,0.346154,0.514286,1.000000,1.000000,1.000000,1.000000,1.000000,0.333333,1.000000,5,3,manim/scene/graph_scene.py,same_file,4,False,python_ast,python,0.000000,0.000000,SyntaxError: invalid syntax,False,,0,0.000000,0.000000,0.000000,0.000000,disabled,1.000000,1.000000
ed45c9a70b4acb58,100%,100,91-100,100%,100,91-100,python,python,True,1.000000,1.000000,1.000000,1.000000,1.000000,1.000000,1.000000,0.346154,0.514286,1.000000,1.000000,1.000000,1.000000,1.000000,0.333333,1.000000,5,3,manim/scene/graph_scene.py,same_file,4,False,python_ast,python,0.000000,0.000000,SyntaxError: invalid syntax,False,,0,0.000000,0.000000,0.000000,0.000000,disabled,1.000000,1.000000
bef6d22865ebd0d7,100%,100,91-100,100%,100,91-100,python,python,True,1.000000,1.000000,1.000000,1.000000,1.000000,1.000000,1.000000,0.307692,0.470588,1.000000,1.000000,1.000000,1.000000,1.000000,0.333333,1.000000,4,3,manim/scene/graph_scene.py,same_file,4,False,python_ast,python,0.000000,0.000000,SyntaxError: invalid syntax,False,,0,0.000000,0.000000,0.000000,0.000000,disabled,1.000000,1.000000
d470808fe25e4a25,100%,100,91-100,100%,100,91-100,python,python,True,1.000000,1.000000,1.000000,1.000000,1.000000,1.000000,1.000000,1.000000,1.000000,1.000000,1.000000,1.000000,1.000000,1.000000,1.000000,1.000000,7,1,manim/scene/graph_scene.py,same_file,4,False,python_ast,python,0.000000,0.000000,SyntaxError: invalid syntax,False,,0,0.000000,0.000000,0.000000,0.000000,disabled,1.000000,1.000000
fc444c38b967a8dd,100%,97,91-100,mostly,84,81-90,python,python,False,0.666667,0.945946,0.972973,0.945946,0.972973,0.666667,0.945946,0.921053,0.933333,0.972973,0.945946,0.972973,0.333333,0.945946,1.000000,1.000000,18,3,manim/scene/graph_scene.py,same_file,4,False,python_ast,python,0.000000,0.000000,SyntaxError: unterminated triple-quoted string literal (detected at line 4),False,,0,0.000000,0.000000,0.000000,0.000000,disabled,1.000000,0.666700
fbe504bd15d81eb7,100%,100,91-100,100%,100,91-100,python,python,True,1.000000,1.000000,1.000000,1.000000,1.000000,1.000000,1.000000,1.000000,1.000000,1.000000,1.000000,1.000000,1.000000,1.000000,1.000000,1.000000,14,2,manim/scene/graph_scene.py,same_file,4,False,python_ast,python,0.000000,0.000000,SyntaxError: unterminated triple-quoted string literal (detected at line 3),False,,0,0.000000,0.000000,0.000000,0.000000,disabled,1.000000,1.000000
6667756c1b5796e6,100%,100,91-100,100%,100,91-100,python,python,True,1.000000,1.000000,1.000000,1.000000,1.000000,1.000000,1.000000,1.000000,1.000000,1.000000,1.000000,1.000000,1.000000,1.000000,1.000000,1.000000,8,1,manim/scene/graph_scene.py,same_file,1,False,python_ast,python,0.000000,0.000000,SyntaxError: invalid syntax,False,,0,0.000000,0.000000,0.000000,0.000000,disabled,1.000000,1.000000
b94cbcf65da340c8,100%,100,91-100,100%,100,91-100,python,python,True,1.000000,1.000000,1.000000,1.000000,1.000000,1.000000,1.000000,1.000000,1.000000,1.000000,1.000000,1.000000,1.000000,1.000000,1.000000,1.000000,4,1,manim/scene/graph_scene.py,same_file,1,False,python_ast,python,0.000000,0.000000,SyntaxError: invalid syntax,False,,0,0.000000,0.000000,0.000000,0.000000,disabled,1.000000,1.000000
59889f994de78d02,0%,0,0,0%,0,0,python,python,False,0.000000,0.444444,0.777778,0.555556,0.888889,0.000000,0.444444,0.029091,0.054608,0.777778,0.555556,0.888889,0.000000,0.833333,0.044444,0.000000,6,45,manim/mobject/mobject.py,same_file,1,True,python_ast,python,0.733333,0.733333,,False,,0,0.000000,0.000000,0.000000,0.000000,disabled,1.000000,0.000000
039b9c806ca6a720,0%,0,0,mostly,80,71-80,python,python,False,0.000000,1.000000,1.000000,1.000000,1.000000,0.000000,1.000000,0.315789,0.480000,1.000000,1.000000,1.000000,0.000000,0.833333,0.142857,1.000000,2,7,tests/test_commands.py,neighboring_same_file,4,True,python_ast,python,1.000000,1.000000,,False,,0,0.000000,0.000000,0.000000,0.000000,disabled,1.000000,0.000000
afb64e96e6e116cd,partial,33,31-40,mostly,82,81-90,python,python,False,0.333333,0.733333,1.000000,0.733333,1.000000,0.333333,0.733333,0.044355,0.083650,1.000000,0.733333,1.000000,0.333333,0.933333,0.214286,0.200000,5,14,manim/mobject/geometry.py,same_file,5,True,python_ast,python,0.500000,0.500000,,False,,0,0.000000,0.000000,0.000000,0.000000,disabled,1.000000,0.333300
3dd1fdb6c2f4f762,mostly,63,61-70,mostly,82,81-90,python,python,False,0.333333,0.866667,1.000000,0.866667,1.000000,0.333333,0.866667,0.068063,0.126214,1.000000,0.866667,1.000000,0.333333,1.000000,0.214286,0.600000,5,14,manim/mobject/geometry.py,same_file,5,True,python_ast,python,1.000000,1.000000,,False,,0,0.000000,0.000000,0.000000,0.000000,disabled,1.000000,0.333300
3a9c47755c981241,100%,100,91-100,100%,100,91-100,python,python,True,1.000000,1.000000,1.000000,1.000000,1.000000,1.000000,1.000000,0.040323,0.077519,1.000000,1.000000,1.000000,1.000000,1.000000,0.071429,1.000000,2,14,manim/mobject/geometry.py,same_file,3,False,python_ast,python,0.000000,0.000000,SyntaxError: invalid syntax,False,,0,0.000000,0.000000,0.000000,0.000000,disabled,1.000000,1.000000
a65097a5115caeba,partial,33,31-40,mostly,82,81-90,python,python,False,0.333333,0.733333,1.000000,0.733333,1.000000,0.333333,0.733333,0.070968,0.129412,1.000000,0.733333,1.000000,0.333333,0.933333,0.115385,0.200000,5,26,manim/mobject/geometry.py,same_file,2,True,python_ast,python,1.000000,1.000000,,False,,0,0.000000,0.000000,0.000000,0.000000,disabled,1.000000,0.333300
3e40d8207eb1c0aa,100%,90,81-90,mostly,72,71-80,python,python,False,0.000000,0.941176,1.000000,0.941176,1.000000,0.000000,0.941176,0.076190,0.140969,1.000000,0.941176,1.000000,0.000000,1.000000,0.025641,0.900000,10,39,manim/mobject/geometry.py,same_file,1,False,python_ast,python,0.000000,0.000000,SyntaxError: unterminated triple-quoted string literal (detected at line 2),False,,0,0.000000,0.000000,0.000000,0.000000,disabled,1.000000,0.000000
8b845afd6f1b2986,mostly,70,61-70,mostly,82,81-90,python,python,False,0.000000,1.000000,1.000000,1.000000,1.000000,0.000000,1.000000,0.230769,0.375000,1.000000,1.000000,1.000000,0.000000,1.000000,0.500000,1.000000,2,2,manim/mobject/geometry.py,same_file,1,True,python_ast,python,1.000000,1.000000,,False,,0,0.000000,0.000000,0.000000,0.000000,disabled,1.000000,0.000000
e682a769b46acc2e,100%,100,91-100,100%,100,91-100,python,python,True,1.000000,1.000000,1.000000,1.000000,1.000000,1.000000,0.750000,0.017544,0.034286,0.750000,1.000000,1.000000,0.000000,1.000000,0.111111,1.000000,1,9,manim/mobject/geometry.py,same_file,5,True,python_ast,python,1.000000,1.000000,,False,,0,0.000000,0.000000,0.000000,0.000000,disabled,1.000000,1.000000
