JENKINS_URL,OLD_JENKINS_URLS,MISSION_COUNT,FAILED_STAGE_COUNT,FIX_PROPOSAL_COUNT,LATEST_FIX_PROPOSAL_UPDATED_AT,GENERATED_AT
https://terraformer.jaas-gcp.cloud.sap.corp/job/mulitcloud-butler/job/PR-509/179/,https://terraformer.jaas-gcp.cloud.sap.corp/job/mulitcloud-butler/job/PR-509/179/,1,2,2,2026-08-12 12:13:37.509348,2026-08-28T15:13:00.274356+00:00
https://terraformer.jaas-gcp.cloud.sap.corp/job/Sisyphus/job/PR-362/4/,https://terraformer.jaas-gcp.cloud.sap.corp/job/Sisyphus/job/PR-362/4/,1,1,1,2026-08-12 12:09:51.198455,2026-08-28T15:13:00.274356+00:00
https://hanacloudai.jaas-gcp.cloud.sap.corp/job/hana-cloud-mcp/job/PR-58/7/,https://hanacloudai.jaas-gcp.cloud.sap.corp/job/hana-cloud-mcp/job/PR-58/7/,1,2,299,2026-08-12 11:58:04.302078,2026-08-28T15:13:00.274356+00:00
https://aiagentservices.jaas-gcp.cloud.sap.corp/job/agent-memory-service/job/PR-242/1/,https://aiagentservices.jaas-gcp.cloud.sap.corp/job/agent-memory-service/job/PR-242/1/,1,1,1,2026-08-12 11:54:13.703699,2026-08-28T15:13:00.274356+00:00
https://crystalball.jaas-gcp.cloud.sap.corp/job/hc-crystalball/job/PR-690/5/,https://crystalball.jaas-gcp.cloud.sap.corp/job/hc-crystalball/job/PR-690/5/,1,1,8,2026-08-12 11:50:08.525569,2026-08-28T15:13:00.274356+00:00
https://csicredentialrotation.jaas-gcp.cloud.sap.corp/job/vault-workflows/job/PR-177/1/,https://csicredentialrotation.jaas-gcp.cloud.sap.corp/job/vault-workflows/job/PR-177/1/,1,1,1,2026-08-12 11:45:35.447760,2026-08-28T15:13:00.274356+00:00
https://hc-serverless-service.jaas-gcp.cloud.sap.corp/job/hc-serverless-service/job/PR-37/1/,https://hc-serverless-service.jaas-gcp.cloud.sap.corp/job/hc-serverless-service/job/PR-37/1/,1,2,2,2026-08-12 11:28:07.894045,2026-08-28T15:13:00.274356+00:00
https://setup-account.jaas-gcp.cloud.sap.corp/job/setup-account/job/PR-6778/3/,https://setup-account.jaas-gcp.cloud.sap.corp/job/setup-account/job/PR-6778/3/,1,1,1,2026-08-12 11:26:03.116867,2026-08-28T15:13:00.274356+00:00
https://crystalball.jaas-gcp.cloud.sap.corp/job/hc-crystalball/job/PR-690/4/,https://crystalball.jaas-gcp.cloud.sap.corp/job/hc-crystalball/job/PR-690/4/,1,2,11,2026-08-12 11:16:16.175473,2026-08-28T15:13:00.274356+00:00
https://smvrsyncservice.jaas-gcp.cloud.sap.corp/job/hana-xregion-hsr-operator/job/PR-510/4/,https://smvrsyncservice.jaas-gcp.cloud.sap.corp/job/hana-xregion-hsr-operator/job/PR-510/4/,1,1,1,2026-08-12 10:59:25.142906,2026-08-28T15:13:00.274356+00:00
https://smvrsyncservice.jaas-gcp.cloud.sap.corp/job/hana-xregion-hsr-operator/job/PR-509/4/,https://smvrsyncservice.jaas-gcp.cloud.sap.corp/job/hana-xregion-hsr-operator/job/PR-509/4/,1,1,1,2026-08-12 10:59:20.670798,2026-08-28T15:13:00.274356+00:00
https://csisecurity.jaas-gcp.cloud.sap.corp/job/security-policies/job/PR-433/5/,https://csisecurity.jaas-gcp.cloud.sap.corp/job/security-policies/job/PR-433/5/,1,1,1,2026-08-12 10:57:40.042310,2026-08-28T15:13:00.274356+00:00
https://tenantmgmt.jaas-gcp.cloud.sap.corp/job/tenant-management-service/job/PR-2932/1/,https://tenantmgmt.jaas-gcp.cloud.sap.corp/job/tenant-management-service/job/PR-2932/1/,1,1,1,2026-08-12 10:53:48.366195,2026-08-28T15:13:00.274356+00:00
https://setup-account.jaas-gcp.cloud.sap.corp/job/setup-account/job/PR-6778/2/,https://setup-account.jaas-gcp.cloud.sap.corp/job/setup-account/job/PR-6778/2/,1,1,1,2026-08-12 10:50:32.147471,2026-08-28T15:13:00.274356+00:00
https://hanacloudai.jaas-gcp.cloud.sap.corp/job/hana-cloud-mcp/job/PR-58/6/,https://hanacloudai.jaas-gcp.cloud.sap.corp/job/hana-cloud-mcp/job/PR-58/6/,1,2,299,2026-08-12 10:49:33.645156,2026-08-28T15:13:00.274356+00:00
https://hanatenantmovejob.jaas-gcp.cloud.sap.corp/job/hana-native-tenant-move-job/job/PR-895/46/,https://hanatenantmovejob.jaas-gcp.cloud.sap.corp/job/hana-native-tenant-move-job/job/PR-895/46/,1,1,1,2026-08-12 10:47:16.038455,2026-08-28T15:13:00.274356+00:00
https://hciteamblue.jaas-gcp.cloud.sap.corp/job/csi-cleanup/job/PR-238/6/,https://hciteamblue.jaas-gcp.cloud.sap.corp/job/csi-cleanup/job/PR-238/6/,1,1,1,2026-08-12 10:47:00.728501,2026-08-28T15:13:00.274356+00:00
https://setup-account.jaas-gcp.cloud.sap.corp/job/setup-account/job/PR-6501/66/,https://setup-account.jaas-gcp.cloud.sap.corp/job/setup-account/job/PR-6501/66/,1,1,1,2026-08-12 10:45:47.182586,2026-08-28T15:13:00.274356+00:00
https://hcstatsservice.jaas-gcp.cloud.sap.corp/job/hc-statistics-collector-operator/job/PR-574/13/,https://hcstatsservice.jaas-gcp.cloud.sap.corp/job/hc-statistics-collector-operator/job/PR-574/13/,1,1,1,2026-08-12 10:45:42.642678,2026-08-28T15:13:00.274356+00:00
https://intelligent-sre.jaas-gcp.cloud.sap.corp/job/intelligent-sre-service/job/PR-171/1/,https://intelligent-sre.jaas-gcp.cloud.sap.corp/job/intelligent-sre-service/job/PR-171/1/,1,1,1,2026-08-12 10:44:43.306806,2026-08-28T15:13:00.274356+00:00
https://hanatenantmovejob.jaas-gcp.cloud.sap.corp/job/hana-native-tenant-move-job/job/PR-824/99/,https://hanatenantmovejob.jaas-gcp.cloud.sap.corp/job/hana-native-tenant-move-job/job/PR-824/99/,1,1,1,2026-08-12 10:36:29.293457,2026-08-28T15:13:00.274356+00:00
https://hcinventoryservice.jaas-gcp.cloud.sap.corp/job/hana-cloud-inventory-service/job/PR-1155/2/,https://hcinventoryservice.jaas-gcp.cloud.sap.corp/job/hana-cloud-inventory-service/job/PR-1155/2/,1,1,1,2026-08-12 10:16:22.027504,2026-08-28T15:13:00.274356+00:00
https://hcinventoryservice.jaas-gcp.cloud.sap.corp/job/hana-cloud-inventory-service/job/PR-1155/1/,https://hcinventoryservice.jaas-gcp.cloud.sap.corp/job/hana-cloud-inventory-service/job/PR-1155/1/,1,1,1,2026-08-12 09:59:00.442311,2026-08-28T15:13:00.274356+00:00
https://hanacloudai.jaas-gcp.cloud.sap.corp/job/hana-cloud-mcp/job/PR-58/5/,https://hanacloudai.jaas-gcp.cloud.sap.corp/job/hana-cloud-mcp/job/PR-58/5/,1,2,299,2026-08-12 09:57:32.601209,2026-08-28T15:13:00.274356+00:00
https://hcstatsservice.jaas-gcp.cloud.sap.corp/job/hc-statistics-collector-operator/job/PR-571/7/,https://hcstatsservice.jaas-gcp.cloud.sap.corp/job/hc-statistics-collector-operator/job/PR-571/7/,1,1,1,2026-08-12 09:55:51.630077,2026-08-28T15:13:00.274356+00:00
https://setup-account.jaas-gcp.cloud.sap.corp/job/setup-account/job/PR-6778/1/,https://setup-account.jaas-gcp.cloud.sap.corp/job/setup-account/job/PR-6778/1/,1,1,1,2026-08-12 09:48:25.954840,2026-08-28T15:13:00.274356+00:00
https://hcstatsservice.jaas-gcp.cloud.sap.corp/job/hc-statistics-collector-operator/job/PR-571/6/,https://hcstatsservice.jaas-gcp.cloud.sap.corp/job/hc-statistics-collector-operator/job/PR-571/6/,1,2,2,2026-08-12 09:42:47.082508,2026-08-28T15:13:00.274356+00:00
https://hanaserviceoperator.jaas-gcp.cloud.sap.corp/job/hanaservice-operator/job/PR-1482/18/,https://hanaserviceoperator.jaas-gcp.cloud.sap.corp/job/hanaservice-operator/job/PR-1482/18/,1,1,1,2026-08-12 09:36:36.183439,2026-08-28T15:13:00.274356+00:00
https://setup-account.jaas-gcp.cloud.sap.corp/job/setup-account/job/PR-6774/2/,https://setup-account.jaas-gcp.cloud.sap.corp/job/setup-account/job/PR-6774/2/,1,1,1,2026-08-12 09:32:10.464568,2026-08-28T15:13:00.274356+00:00
https://hanadelegatedbroker.jaas-gcp.cloud.sap.corp/job/hana-delegated-broker/job/PR-38/17/,https://hanadelegatedbroker.jaas-gcp.cloud.sap.corp/job/hana-delegated-broker/job/PR-38/17/,1,1,1,2026-08-12 09:26:15.518743,2026-08-28T15:13:00.274356+00:00
https://hanaserviceoperator.jaas-gcp.cloud.sap.corp/job/hanaservice-operator/job/PR-1536/7/,https://hanaserviceoperator.jaas-gcp.cloud.sap.corp/job/hanaservice-operator/job/PR-1536/7/,1,1,1,2026-08-12 09:25:03.913766,2026-08-28T15:13:00.274356+00:00
https://hcpa.jaas-gcp.cloud.sap.corp/job/partition-advisor/job/PR-895/43/,https://hcpa.jaas-gcp.cloud.sap.corp/job/partition-advisor/job/PR-895/43/,1,1,1,2026-08-12 09:18:23.945821,2026-08-28T15:13:00.274356+00:00
https://hcstatsservice.jaas-gcp.cloud.sap.corp/job/hc-statistics-collector-operator/job/PR-586/1/,https://hcstatsservice.jaas-gcp.cloud.sap.corp/job/hc-statistics-collector-operator/job/PR-586/1/,1,1,1,2026-08-12 09:13:43.959398,2026-08-28T15:13:00.274356+00:00
https://setup-account.jaas-gcp.cloud.sap.corp/job/setup-account/job/PR-6770/7/,https://setup-account.jaas-gcp.cloud.sap.corp/job/setup-account/job/PR-6770/7/,1,1,1,2026-08-12 09:13:27.299775,2026-08-28T15:13:00.274356+00:00
https://setup-account.jaas-gcp.cloud.sap.corp/job/setup-account/job/PR-6776/2/,https://setup-account.jaas-gcp.cloud.sap.corp/job/setup-account/job/PR-6776/2/,1,1,1,2026-08-12 09:05:01.711114,2026-08-28T15:13:00.274356+00:00
https://difoundationservice.jaas-gcp.cloud.sap.corp/job/csi-di-service-assembly/job/PR-14275/2/,https://difoundationservice.jaas-gcp.cloud.sap.corp/job/csi-di-service-assembly/job/PR-14275/2/,1,1,1,2026-08-12 09:01:32.159758,2026-08-28T15:13:00.274356+00:00
https://gkemicrodelivery.jaas-gcp.cloud.sap.corp/job/haas-jenkins-lib/job/PR-3439/5/,https://gkemicrodelivery.jaas-gcp.cloud.sap.corp/job/haas-jenkins-lib/job/PR-3439/5/,1,1,1,2026-08-12 08:54:31.528819,2026-08-28T15:13:00.274356+00:00
https://terraformer.jaas-gcp.cloud.sap.corp/job/Sisyphus/job/PR-362/3/,https://terraformer.jaas-gcp.cloud.sap.corp/job/Sisyphus/job/PR-362/3/,1,1,1,2026-08-12 08:43:21.280287,2026-08-28T15:13:00.274356+00:00
https://hcpa.jaas-gcp.cloud.sap.corp/job/partition-advisor/job/PR-895/42/,https://hcpa.jaas-gcp.cloud.sap.corp/job/partition-advisor/job/PR-895/42/,1,1,4,2026-08-12 08:41:14.429906,2026-08-28T15:13:00.274356+00:00
https://setup-account.jaas-gcp.cloud.sap.corp/job/setup-account/job/PR-6776/1/,https://setup-account.jaas-gcp.cloud.sap.corp/job/setup-account/job/PR-6776/1/,1,1,1,2026-08-12 08:40:03.614298,2026-08-28T15:13:00.274356+00:00
https://smvrsyncservice.jaas-gcp.cloud.sap.corp/job/hana-node-operator/job/PR-1739/24/,https://smvrsyncservice.jaas-gcp.cloud.sap.corp/job/hana-node-operator/job/PR-1739/24/,1,2,7,2026-08-12 08:39:43.719756,2026-08-28T15:13:00.274356+00:00
https://hanacloudai.jaas-gcp.cloud.sap.corp/job/hana-cloud-mcp/job/PR-58/4/,https://hanacloudai.jaas-gcp.cloud.sap.corp/job/hana-cloud-mcp/job/PR-58/4/,1,3,300,2026-08-12 08:39:42.216209,2026-08-28T15:13:00.274356+00:00
https://ernapiserver.jaas-gcp.cloud.sap.corp/job/ern-argo-workflows/job/PR-20/9/,https://ernapiserver.jaas-gcp.cloud.sap.corp/job/ern-argo-workflows/job/PR-20/9/,1,1,2,2026-08-12 08:36:50.009778,2026-08-28T15:13:00.274356+00:00
https://setup-account.jaas-gcp.cloud.sap.corp/job/setup-account/job/PR-6775/1/,https://setup-account.jaas-gcp.cloud.sap.corp/job/setup-account/job/PR-6775/1/,1,1,1,2026-08-12 08:34:08.133651,2026-08-28T15:13:00.274356+00:00
https://gkemicrodelivery.jaas-gcp.cloud.sap.corp/job/haas-jenkins-lib/job/PR-3439/4/,https://gkemicrodelivery.jaas-gcp.cloud.sap.corp/job/haas-jenkins-lib/job/PR-3439/4/,1,2,2,2026-08-12 08:33:52.023762,2026-08-28T15:13:00.274356+00:00
https://tenantmgmt.jaas-gcp.cloud.sap.corp/job/tenant-management-service/job/PR-2924/5/,https://tenantmgmt.jaas-gcp.cloud.sap.corp/job/tenant-management-service/job/PR-2924/5/,1,1,1,2026-08-12 08:12:47.068804,2026-08-28T15:13:00.274356+00:00
https://hccrossfeaturetests.jaas-gcp.cloud.sap.corp/job/hc-cross-feature-tests/job/PR-523/126/,https://hccrossfeaturetests.jaas-gcp.cloud.sap.corp/job/hc-cross-feature-tests/job/PR-523/126/,1,1,1,2026-08-12 08:12:30.738511,2026-08-28T15:13:00.274356+00:00
https://tenantmgmt.jaas-gcp.cloud.sap.corp/job/tenant-management-service/job/PR-2928/6/,https://tenantmgmt.jaas-gcp.cloud.sap.corp/job/tenant-management-service/job/PR-2928/6/,1,1,1,2026-08-12 08:12:24.893008,2026-08-28T15:13:00.274356+00:00
https://terraformer.jaas-gcp.cloud.sap.corp/job/Sisyphus/job/PR-362/2/,https://terraformer.jaas-gcp.cloud.sap.corp/job/Sisyphus/job/PR-362/2/,1,1,1,2026-08-12 08:09:11.425446,2026-08-28T15:13:00.274356+00:00
https://crystalball.jaas-gcp.cloud.sap.corp/job/hc-crystalball/job/PR-690/1/,https://crystalball.jaas-gcp.cloud.sap.corp/job/hc-crystalball/job/PR-690/1/,1,2,4,2026-08-12 08:07:17.935176,2026-08-28T15:13:00.274356+00:00
https://argoworkflow.jaas-gcp.cloud.sap.corp/job/shoot-credential-rotator/job/PR-116/2/,https://argoworkflow.jaas-gcp.cloud.sap.corp/job/shoot-credential-rotator/job/PR-116/2/,1,1,1,2026-08-12 08:01:54.297490,2026-08-28T15:13:00.274356+00:00
https://terraformer.jaas-gcp.cloud.sap.corp/job/Sisyphus/job/PR-362/1/,https://terraformer.jaas-gcp.cloud.sap.corp/job/Sisyphus/job/PR-362/1/,1,1,1,2026-08-12 08:01:06.941358,2026-08-28T15:13:00.274356+00:00
https://hanadelegatedbroker.jaas-gcp.cloud.sap.corp/job/hana-delegated-broker/job/PR-38/16/,https://hanadelegatedbroker.jaas-gcp.cloud.sap.corp/job/hana-delegated-broker/job/PR-38/16/,1,1,1,2026-08-12 08:00:39.053100,2026-08-28T15:13:00.274356+00:00
https://perfclassadvisor.jaas-gcp.cloud.sap.corp/job/perf-class-advisor/job/PR-469/3/,https://perfclassadvisor.jaas-gcp.cloud.sap.corp/job/perf-class-advisor/job/PR-469/3/,1,1,1,2026-08-12 07:50:58.903936,2026-08-28T15:13:00.274356+00:00
https://smvrsyncservice.jaas-gcp.cloud.sap.corp/job/hana-xregion-hsr-operator/job/PR-498/26/,https://smvrsyncservice.jaas-gcp.cloud.sap.corp/job/hana-xregion-hsr-operator/job/PR-498/26/,1,1,1,2026-08-12 07:48:53.315653,2026-08-28T15:13:00.274356+00:00
https://gkemicrodelivery.jaas-gcp.cloud.sap.corp/job/haas-jenkins-lib/job/PR-3439/2/,https://gkemicrodelivery.jaas-gcp.cloud.sap.corp/job/haas-jenkins-lib/job/PR-3439/2/,1,1,1,2026-08-12 07:41:23.572214,2026-08-28T15:13:00.274356+00:00
https://hc-serverless-service.jaas-gcp.cloud.sap.corp/job/hc-serverless-service/job/PR-30/12/,https://hc-serverless-service.jaas-gcp.cloud.sap.corp/job/hc-serverless-service/job/PR-30/12/,1,2,21,2026-08-12 07:26:00.701009,2026-08-28T15:13:00.274356+00:00
https://setup-account.jaas-gcp.cloud.sap.corp/job/setup-account/job/PR-6774/1/,https://setup-account.jaas-gcp.cloud.sap.corp/job/setup-account/job/PR-6774/1/,1,1,1,2026-08-12 07:21:01.805152,2026-08-28T15:13:00.274356+00:00
https://multitenancybroker.jaas-gcp.cloud.sap.corp/job/hc-multi-tenancy-broker/job/PR-243/3/,https://multitenancybroker.jaas-gcp.cloud.sap.corp/job/hc-multi-tenancy-broker/job/PR-243/3/,1,1,1,2026-08-12 07:20:45.695106,2026-08-28T15:13:00.274356+00:00
https://hcphoenixleo.jaas-gcp.cloud.sap.corp/job/hanaservice-sync-agent/job/PR-156/5/,https://hcphoenixleo.jaas-gcp.cloud.sap.corp/job/hanaservice-sync-agent/job/PR-156/5/,1,1,1,2026-08-12 07:19:53.182243,2026-08-28T15:13:00.274356+00:00
https://argoworkflow.jaas-gcp.cloud.sap.corp/job/argo-workflow/job/PR-252/10/,https://argoworkflow.jaas-gcp.cloud.sap.corp/job/argo-workflow/job/PR-252/10/,1,1,1,2026-08-12 07:17:55.550068,2026-08-28T15:13:00.274356+00:00
https://setup-account.jaas-gcp.cloud.sap.corp/job/setup-account/job/PR-6772/2/,https://setup-account.jaas-gcp.cloud.sap.corp/job/setup-account/job/PR-6772/2/,1,1,1,2026-08-12 07:16:18.788680,2026-08-28T15:13:00.274356+00:00
https://smvrsyncservice.jaas-gcp.cloud.sap.corp/job/hana-xregion-hsr-operator/job/PR-499/13/,https://smvrsyncservice.jaas-gcp.cloud.sap.corp/job/hana-xregion-hsr-operator/job/PR-499/13/,1,1,1,2026-08-12 06:59:41.081801,2026-08-28T15:13:00.274356+00:00
https://smvrsyncservice.jaas-gcp.cloud.sap.corp/job/hana-xregion-hsr-operator/job/PR-380/89/,https://smvrsyncservice.jaas-gcp.cloud.sap.corp/job/hana-xregion-hsr-operator/job/PR-380/89/,1,1,1,2026-08-12 06:58:54.459137,2026-08-28T15:13:00.274356+00:00
https://hanadelegatedbroker.jaas-gcp.cloud.sap.corp/job/hana-delegated-broker/job/PR-38/15/,https://hanadelegatedbroker.jaas-gcp.cloud.sap.corp/job/hana-delegated-broker/job/PR-38/15/,1,1,1,2026-08-12 06:57:36.774056,2026-08-28T15:13:00.274356+00:00
https://hcinventoryservice.jaas-gcp.cloud.sap.corp/job/hana-cloud-inventory-service/job/PR-1149/10/,https://hcinventoryservice.jaas-gcp.cloud.sap.corp/job/hana-cloud-inventory-service/job/PR-1149/10/,1,1,2,2026-08-12 06:49:04.651173,2026-08-28T15:13:00.274356+00:00
https://csisecurity.jaas-gcp.cloud.sap.corp/job/security-policies/job/PR-437/1/,https://csisecurity.jaas-gcp.cloud.sap.corp/job/security-policies/job/PR-437/1/,1,1,1,2026-08-12 06:48:49.804872,2026-08-28T15:13:00.274356+00:00
https://hcinventoryservice.jaas-gcp.cloud.sap.corp/job/hana-cloud-inventory-service/job/PR-1153/2/,https://hcinventoryservice.jaas-gcp.cloud.sap.corp/job/hana-cloud-inventory-service/job/PR-1153/2/,1,1,1,2026-08-12 06:39:00.340853,2026-08-28T15:13:00.274356+00:00
https://hanacloudai.jaas-gcp.cloud.sap.corp/job/hana-cloud-mcp/job/PR-58/3/,https://hanacloudai.jaas-gcp.cloud.sap.corp/job/hana-cloud-mcp/job/PR-58/3/,1,1,1,2026-08-12 06:33:25.582792,2026-08-28T15:13:00.274356+00:00
https://hcinventoryservice.jaas-gcp.cloud.sap.corp/job/hana-cloud-inventory-service/job/PR-1153/1/,https://hcinventoryservice.jaas-gcp.cloud.sap.corp/job/hana-cloud-inventory-service/job/PR-1153/1/,1,1,1,2026-08-12 06:31:50.070713,2026-08-28T15:13:00.274356+00:00
https://argoworkflow.jaas-gcp.cloud.sap.corp/job/argo-workflow/job/PR-252/9/,https://argoworkflow.jaas-gcp.cloud.sap.corp/job/argo-workflow/job/PR-252/9/,1,1,1,2026-08-12 06:27:58.514433,2026-08-28T15:13:00.274356+00:00
https://hchre.jaas-gcp.cloud.sap.corp/job/hanaservice-not-ready-ra-workflow/job/PR-216/1/,https://hchre.jaas-gcp.cloud.sap.corp/job/hanaservice-not-ready-ra-workflow/job/PR-216/1/,1,1,1,2026-08-12 06:22:06.780381,2026-08-28T15:13:00.274356+00:00
https://hchre.jaas-gcp.cloud.sap.corp/job/hc-lifecycle-operations-workflows/job/PR-159/1/,https://hchre.jaas-gcp.cloud.sap.corp/job/hc-lifecycle-operations-workflows/job/PR-159/1/,1,1,1,2026-08-12 06:21:51.611827,2026-08-28T15:13:00.274356+00:00
https://csicredentialrotation.jaas-gcp.cloud.sap.corp/job/vault-workflows/job/PR-176/1/,https://csicredentialrotation.jaas-gcp.cloud.sap.corp/job/vault-workflows/job/PR-176/1/,1,1,1,2026-08-12 06:21:27.178446,2026-08-28T15:13:00.274356+00:00
https://gkevault.jaas-gcp.cloud.sap.corp/job/vault-ipWhitelist/job/PR-428/3/,https://gkevault.jaas-gcp.cloud.sap.corp/job/vault-ipWhitelist/job/PR-428/3/,1,1,1,2026-08-12 06:21:00.481467,2026-08-28T15:13:00.274356+00:00
https://hctelemetrydatarecovery.jaas-gcp.cloud.sap.corp/job/hc-telemetry-data-recovery-workflow/job/PR-70/1/,https://hctelemetrydatarecovery.jaas-gcp.cloud.sap.corp/job/hc-telemetry-data-recovery-workflow/job/PR-70/1/,1,1,1,2026-08-12 06:18:30.583361,2026-08-28T15:13:00.274356+00:00
https://csicredentialrotation.jaas-gcp.cloud.sap.corp/job/csi-iaas-credential-rotator/job/PR-415/1/,https://csicredentialrotation.jaas-gcp.cloud.sap.corp/job/csi-iaas-credential-rotator/job/PR-415/1/,1,1,1,2026-08-12 06:16:42.560437,2026-08-28T15:13:00.274356+00:00
https://csicyan.jaas-gcp.cloud.sap.corp/job/observability-base/job/PR-328/1/,https://csicyan.jaas-gcp.cloud.sap.corp/job/observability-base/job/PR-328/1/,1,1,1,2026-08-12 06:15:27.206033,2026-08-28T15:13:00.274356+00:00
https://hanacloudai.jaas-gcp.cloud.sap.corp/job/hana-cloud-mcp/job/PR-58/2/,https://hanacloudai.jaas-gcp.cloud.sap.corp/job/hana-cloud-mcp/job/PR-58/2/,1,1,1,2026-08-12 06:13:47.618943,2026-08-28T15:13:00.274356+00:00
https://hanadelegatedbroker.jaas-gcp.cloud.sap.corp/job/hana-delegated-broker/job/PR-38/14/,https://hanadelegatedbroker.jaas-gcp.cloud.sap.corp/job/hana-delegated-broker/job/PR-38/14/,1,1,1,2026-08-12 06:12:40.546036,2026-08-28T15:13:00.274356+00:00
https://setup-account.jaas-gcp.cloud.sap.corp/job/setup-account/job/PR-6738/11/,https://setup-account.jaas-gcp.cloud.sap.corp/job/setup-account/job/PR-6738/11/,1,1,1,2026-08-12 06:10:34.830180,2026-08-28T15:13:00.274356+00:00
https://gkehanacloudservice.jaas-gcp.cloud.sap.corp/job/trace-file-collector/job/PR-641/1/,https://gkehanacloudservice.jaas-gcp.cloud.sap.corp/job/trace-file-collector/job/PR-641/1/,1,1,1,2026-08-12 05:42:32.393907,2026-08-28T15:13:00.274356+00:00
https://smvrsyncservice.jaas-gcp.cloud.sap.corp/job/hana-xregion-hsr-operator/job/PR-482/6/,https://smvrsyncservice.jaas-gcp.cloud.sap.corp/job/hana-xregion-hsr-operator/job/PR-482/6/,1,1,1,2026-08-12 05:41:23.209249,2026-08-28T15:13:00.274356+00:00
https://multitenancybroker.jaas-gcp.cloud.sap.corp/job/hc-multi-tenancy-broker/job/PR-243/2/,https://multitenancybroker.jaas-gcp.cloud.sap.corp/job/hc-multi-tenancy-broker/job/PR-243/2/,1,1,1,2026-08-12 04:55:59.384626,2026-08-28T15:13:00.274356+00:00
https://analyticsintbroker.jaas-gcp.cloud.sap.corp/job/hana-analytics-integration-broker/job/PR-281/7/,https://analyticsintbroker.jaas-gcp.cloud.sap.corp/job/hana-analytics-integration-broker/job/PR-281/7/,1,1,2,2026-08-12 04:50:58.275726,2026-08-28T15:13:00.274356+00:00
https://analyticsintbroker.jaas-gcp.cloud.sap.corp/job/hana-analytics-integration-broker/job/PR-281/6/,https://analyticsintbroker.jaas-gcp.cloud.sap.corp/job/hana-analytics-integration-broker/job/PR-281/6/,1,1,2,2026-08-12 04:40:50.228274,2026-08-28T15:13:00.274356+00:00
https://alicloud.jaas-gcp.cloud.sap.corp/job/hc-rbsc/job/PR-8/172/,https://alicloud.jaas-gcp.cloud.sap.corp/job/hc-rbsc/job/PR-8/172/,1,1,1,2026-08-12 04:12:17.212784,2026-08-28T15:13:00.274356+00:00
https://security-checker.jaas-gcp.cloud.sap.corp/job/security-checker/job/PR-145/36/,https://security-checker.jaas-gcp.cloud.sap.corp/job/security-checker/job/PR-145/36/,1,1,1,2026-08-12 04:04:14.771034,2026-08-28T15:13:00.274356+00:00
https://security-checker.jaas-gcp.cloud.sap.corp/job/security-checker/job/PR-169/1/,https://security-checker.jaas-gcp.cloud.sap.corp/job/security-checker/job/PR-169/1/,1,1,1,2026-08-12 04:03:59.148665,2026-08-28T15:13:00.274356+00:00
https://hana-data-access-agent-operator.jaas-gcp.cloud.sap.corp/job/hana-data-access-agent-operator/job/PR-153/8/,https://hana-data-access-agent-operator.jaas-gcp.cloud.sap.corp/job/hana-data-access-agent-operator/job/PR-153/8/,1,1,1,2026-08-12 04:02:07.721212,2026-08-28T15:13:00.274356+00:00
https://hanadelegatedbroker.jaas-gcp.cloud.sap.corp/job/hana-delegated-broker/job/PR-38/13/,https://hanadelegatedbroker.jaas-gcp.cloud.sap.corp/job/hana-delegated-broker/job/PR-38/13/,1,1,1,2026-08-12 04:00:36.212698,2026-08-28T15:13:00.274356+00:00
https://gkehanacloudmigrati.jaas-gcp.cloud.sap.corp/job/hana-cloud-migration-service/job/PR-2153/3/,https://gkehanacloudmigrati.jaas-gcp.cloud.sap.corp/job/hana-cloud-migration-service/job/PR-2153/3/,1,1,1,2026-08-12 03:09:06.113467,2026-08-28T15:13:00.274356+00:00
https://hanacloudai.jaas-gcp.cloud.sap.corp/job/hana-cloud-mcp/job/PR-58/1/,https://hanacloudai.jaas-gcp.cloud.sap.corp/job/hana-cloud-mcp/job/PR-58/1/,1,1,1,2026-08-12 03:00:41.897649,2026-08-28T15:13:00.274356+00:00
https://hc-monitoring-mcp-server.jaas-gcp.cloud.sap.corp/job/hc-monitoring-mcp-server/job/PR-10/141/,https://hc-monitoring-mcp-server.jaas-gcp.cloud.sap.corp/job/hc-monitoring-mcp-server/job/PR-10/141/,1,1,1,2026-08-12 02:51:06.402125,2026-08-28T15:13:00.274356+00:00
https://metering.jaas-gcp.cloud.sap.corp/job/metering/job/PR-921/1/,https://metering.jaas-gcp.cloud.sap.corp/job/metering/job/PR-921/1/,1,1,1,2026-08-12 02:46:39.968673,2026-08-28T15:13:00.274356+00:00
https://crystalball.jaas-gcp.cloud.sap.corp/job/hc-crystalball/job/PR-669/10/,https://crystalball.jaas-gcp.cloud.sap.corp/job/hc-crystalball/job/PR-669/10/,1,2,4,2026-08-12 02:39:37.795073,2026-08-28T15:13:00.274356+00:00
https://gkehanacloudmigrati.jaas-gcp.cloud.sap.corp/job/hana-cloud-migration-service/job/PR-2153/2/,https://gkehanacloudmigrati.jaas-gcp.cloud.sap.corp/job/hana-cloud-migration-service/job/PR-2153/2/,1,1,1,2026-08-12 02:38:40.565036,2026-08-28T15:13:00.274356+00:00
https://gkehanasupp9y.jaas-gcp.cloud.sap.corp/job/hana-exporter-config/job/PR-1438/1/,https://gkehanasupp9y.jaas-gcp.cloud.sap.corp/job/hana-exporter-config/job/PR-1438/1/,1,1,1,2026-08-12 02:19:27.981375,2026-08-28T15:13:00.274356+00:00
https://hctelemetrydatarecovery.jaas-gcp.cloud.sap.corp/job/hc-telemetry-data-recovery-workflow/job/PR-69/6/,https://hctelemetrydatarecovery.jaas-gcp.cloud.sap.corp/job/hc-telemetry-data-recovery-workflow/job/PR-69/6/,1,1,1,2026-08-12 01:19:52.578987,2026-08-28T15:13:00.274356+00:00
https://sspclouddev.jaas-gcp.cloud.sap.corp/job/hana-snapshot-operator/job/PR-1377/85/,https://sspclouddev.jaas-gcp.cloud.sap.corp/job/hana-snapshot-operator/job/PR-1377/85/,1,1,1,2026-08-12 01:17:15.337652,2026-08-28T15:13:00.274356+00:00
https://sspclouddev.jaas-gcp.cloud.sap.corp/job/hana-snapshot-operator/job/PR-1313/124/,https://sspclouddev.jaas-gcp.cloud.sap.corp/job/hana-snapshot-operator/job/PR-1313/124/,1,1,1,2026-08-12 01:16:28.186049,2026-08-28T15:13:00.274356+00:00
https://sspclouddev.jaas-gcp.cloud.sap.corp/job/hana-snapshot-operator/job/PR-1350/96/,https://sspclouddev.jaas-gcp.cloud.sap.corp/job/hana-snapshot-operator/job/PR-1350/96/,1,1,2,2026-08-12 01:15:30.716563,2026-08-28T15:13:00.274356+00:00
https://gkemicrodelivery.jaas-gcp.cloud.sap.corp/job/haas-jenkins-lib/job/PR-3439/1/,https://gkemicrodelivery.jaas-gcp.cloud.sap.corp/job/haas-jenkins-lib/job/PR-3439/1/,1,1,1,2026-08-12 01:02:48.062721,2026-08-28T15:13:00.274356+00:00
https://hanadelegatedbroker.jaas-gcp.cloud.sap.corp/job/hana-delegated-broker/job/PR-33/29/,https://hanadelegatedbroker.jaas-gcp.cloud.sap.corp/job/hana-delegated-broker/job/PR-33/29/,1,1,1,2026-08-12 00:52:23.480069,2026-08-28T15:13:00.274356+00:00
https://hctelemetrydatarecovery.jaas-gcp.cloud.sap.corp/job/hc-telemetry-data-recovery-workflow/job/PR-69/5/,https://hctelemetrydatarecovery.jaas-gcp.cloud.sap.corp/job/hc-telemetry-data-recovery-workflow/job/PR-69/5/,1,1,1,2026-08-12 00:50:03.809485,2026-08-28T15:13:00.274356+00:00
https://hcdldp01.jaas-gcp.cloud.sap.corp/job/HANADataLakeDBaaSServicesPRMerge/job/data-publishing-svc/job/PR-1854/1/,https://hcdldp01.jaas-gcp.cloud.sap.corp/job/HANADataLakeDBaaSServicesPRMerge/job/data-publishing-svc/job/PR-1854/1/,1,1,1,2026-08-12 00:28:05.678353,2026-08-28T15:13:00.274356+00:00
https://hcstatsservice.jaas-gcp.cloud.sap.corp/job/hc-statistics-collector-operator/job/PR-576/28/,https://hcstatsservice.jaas-gcp.cloud.sap.corp/job/hc-statistics-collector-operator/job/PR-576/28/,1,1,1,2026-08-11 23:59:32.150069,2026-08-28T15:13:00.274356+00:00
https://hcdldp01.jaas-gcp.cloud.sap.corp/job/HANADataLakeDBaaSServicesPRMerge/job/data-publishing-svc/job/PR-1797/37/,https://hcdldp01.jaas-gcp.cloud.sap.corp/job/HANADataLakeDBaaSServicesPRMerge/job/data-publishing-svc/job/PR-1797/37/,1,1,3,2026-08-11 21:29:46.860910,2026-08-28T15:13:00.274356+00:00
https://subscriptionbroker.jaas-gcp.cloud.sap.corp/job/subscription-broker/job/PR-343/9/,https://subscriptionbroker.jaas-gcp.cloud.sap.corp/job/subscription-broker/job/PR-343/9/,1,1,1,2026-08-11 21:21:10.216299,2026-08-28T15:13:00.274356+00:00
https://hcdldp01.jaas-gcp.cloud.sap.corp/job/HANADataLakeDBaaSServicesPRMerge/job/data-publishing-svc/job/PR-1849/10/,https://hcdldp01.jaas-gcp.cloud.sap.corp/job/HANADataLakeDBaaSServicesPRMerge/job/data-publishing-svc/job/PR-1849/10/,1,1,1,2026-08-11 21:15:50.939668,2026-08-28T15:13:00.274356+00:00
https://setup-account.jaas-gcp.cloud.sap.corp/job/setup-account/job/PR-6772/1/,https://setup-account.jaas-gcp.cloud.sap.corp/job/setup-account/job/PR-6772/1/,1,1,1,2026-08-11 21:05:39.685650,2026-08-28T15:13:00.274356+00:00
https://subscriptionbroker.jaas-gcp.cloud.sap.corp/job/subscription-broker/job/PR-343/8/,https://subscriptionbroker.jaas-gcp.cloud.sap.corp/job/subscription-broker/job/PR-343/8/,1,1,1,2026-08-11 20:50:06.069895,2026-08-28T15:13:00.274356+00:00
https://tenantsearch.jaas-gcp.cloud.sap.corp/job/hc-tenant-search/job/PR-127/50/,https://tenantsearch.jaas-gcp.cloud.sap.corp/job/hc-tenant-search/job/PR-127/50/,1,1,1,2026-08-11 20:33:26.531842,2026-08-28T15:13:00.274356+00:00
https://smvrsyncservice.jaas-gcp.cloud.sap.corp/job/hana-xregion-hsr-operator/job/PR-493/13/,https://smvrsyncservice.jaas-gcp.cloud.sap.corp/job/hana-xregion-hsr-operator/job/PR-493/13/,1,1,1,2026-08-11 20:23:28.132943,2026-08-28T15:13:00.274356+00:00
https://smvrsyncservice.jaas-gcp.cloud.sap.corp/job/hana-xregion-hsr-operator/job/PR-477/24/,https://smvrsyncservice.jaas-gcp.cloud.sap.corp/job/hana-xregion-hsr-operator/job/PR-477/24/,1,1,1,2026-08-11 20:23:02.182798,2026-08-28T15:13:00.274356+00:00
https://hc-operation-automation.jaas-gcp.cloud.sap.corp/job/hc-operation-automation/job/PR-20/29/,https://hc-operation-automation.jaas-gcp.cloud.sap.corp/job/hc-operation-automation/job/PR-20/29/,1,1,1,2026-08-11 19:57:05.647361,2026-08-28T15:13:00.274356+00:00
https://tenantmgmt.jaas-gcp.cloud.sap.corp/job/tenant-management-service/job/PR-2928/1/,https://tenantmgmt.jaas-gcp.cloud.sap.corp/job/tenant-management-service/job/PR-2928/1/,1,1,1,2026-08-11 19:56:00.812835,2026-08-28T15:13:00.274356+00:00
https://hcdldp01.jaas-gcp.cloud.sap.corp/job/HANADataLakeDBaaSServicesPRMerge/job/data-publishing-svc/job/PR-1797/35/,https://hcdldp01.jaas-gcp.cloud.sap.corp/job/HANADataLakeDBaaSServicesPRMerge/job/data-publishing-svc/job/PR-1797/35/,1,2,4,2026-08-11 19:39:53.660974,2026-08-28T15:13:00.274356+00:00
https://hcnzdworkflows.jaas-gcp.cloud.sap.corp/job/hana-near-zero-downtime-operator/job/PR-978/12/,https://hcnzdworkflows.jaas-gcp.cloud.sap.corp/job/hana-near-zero-downtime-operator/job/PR-978/12/,1,1,2,2026-08-11 19:31:40.612976,2026-08-28T15:13:00.274356+00:00
https://subscriptionbroker.jaas-gcp.cloud.sap.corp/job/subscription-broker/job/PR-343/7/,https://subscriptionbroker.jaas-gcp.cloud.sap.corp/job/subscription-broker/job/PR-343/7/,1,1,1,2026-08-11 19:29:50.819591,2026-08-28T15:13:00.274356+00:00
https://gkehanacloudmigrati.jaas-gcp.cloud.sap.corp/job/hana-cloud-migration-service/job/PR-2113/25/,https://gkehanacloudmigrati.jaas-gcp.cloud.sap.corp/job/hana-cloud-migration-service/job/PR-2113/25/,1,1,1,2026-08-11 19:26:51.980805,2026-08-28T15:13:00.274356+00:00
https://gkehanacloudmigrati.jaas-gcp.cloud.sap.corp/job/hana-cloud-migration-service/job/PR-2114/17/,https://gkehanacloudmigrati.jaas-gcp.cloud.sap.corp/job/hana-cloud-migration-service/job/PR-2114/17/,1,1,1,2026-08-11 19:09:24.177163,2026-08-28T15:13:00.274356+00:00
https://gkehanacloudmigrati.jaas-gcp.cloud.sap.corp/job/hana-cloud-migration-service/job/PR-2149/2/,https://gkehanacloudmigrati.jaas-gcp.cloud.sap.corp/job/hana-cloud-migration-service/job/PR-2149/2/,1,1,1,2026-08-11 19:06:15.455145,2026-08-28T15:13:00.274356+00:00
https://gkestoragegateway.jaas-gcp.cloud.sap.corp/job/hdl-files-fuse-daemon/job/PR-208/17/,https://gkestoragegateway.jaas-gcp.cloud.sap.corp/job/hdl-files-fuse-daemon/job/PR-208/17/,1,1,1,2026-08-11 19:01:24.233929,2026-08-28T15:13:00.274356+00:00
https://hcdldp01.jaas-gcp.cloud.sap.corp/job/HANADataLakeDBaaSServicesPRMerge/job/data-publishing-svc/job/PR-1849/9/,https://hcdldp01.jaas-gcp.cloud.sap.corp/job/HANADataLakeDBaaSServicesPRMerge/job/data-publishing-svc/job/PR-1849/9/,1,1,1,2026-08-11 18:49:24.238140,2026-08-28T15:13:00.274356+00:00
https://subscriptionbroker.jaas-gcp.cloud.sap.corp/job/subscription-broker/job/PR-343/6/,https://subscriptionbroker.jaas-gcp.cloud.sap.corp/job/subscription-broker/job/PR-343/6/,1,1,1,2026-08-11 18:45:57.071289,2026-08-28T15:13:00.274356+00:00
https://vaultcontent.jaas-gcp.cloud.sap.corp/job/csi-wtf/job/PR-82/5/,https://vaultcontent.jaas-gcp.cloud.sap.corp/job/csi-wtf/job/PR-82/5/,1,1,10,2026-08-11 18:40:53.582623,2026-08-28T15:13:00.274356+00:00
https://gkestoragegateway.jaas-gcp.cloud.sap.corp/job/hdl-files-fuse-daemon/job/PR-208/16/,https://gkestoragegateway.jaas-gcp.cloud.sap.corp/job/hdl-files-fuse-daemon/job/PR-208/16/,1,1,1,2026-08-11 18:40:19.428689,2026-08-28T15:13:00.274356+00:00
https://hcdldp01.jaas-gcp.cloud.sap.corp/job/HANADataLakeDBaaSServicesPRMerge/job/data-publishing-svc/job/PR-1848/7/,https://hcdldp01.jaas-gcp.cloud.sap.corp/job/HANADataLakeDBaaSServicesPRMerge/job/data-publishing-svc/job/PR-1848/7/,1,1,4,2026-08-11 18:33:06.765822,2026-08-28T15:13:00.274356+00:00
https://hctelemetrydatarecovery.jaas-gcp.cloud.sap.corp/job/hc-telemetry-data-recovery-workflow/job/PR-69/4/,https://hctelemetrydatarecovery.jaas-gcp.cloud.sap.corp/job/hc-telemetry-data-recovery-workflow/job/PR-69/4/,1,1,1,2026-08-11 18:26:47.098379,2026-08-28T15:13:00.274356+00:00
https://aiagentservices.jaas-gcp.cloud.sap.corp/job/agent-memory-service/job/PR-241/3/,https://aiagentservices.jaas-gcp.cloud.sap.corp/job/agent-memory-service/job/PR-241/3/,1,1,1,2026-08-11 18:17:48.682773,2026-08-28T15:13:00.274356+00:00
https://aiagentservices.jaas-gcp.cloud.sap.corp/job/agent-memory-service/job/PR-241/2/,https://aiagentservices.jaas-gcp.cloud.sap.corp/job/agent-memory-service/job/PR-241/2/,1,1,1,2026-08-11 17:55:20.622184,2026-08-28T15:13:00.274356+00:00
https://aiagentservices.jaas-gcp.cloud.sap.corp/job/agent-memory-service/job/PR-241/1/,https://aiagentservices.jaas-gcp.cloud.sap.corp/job/agent-memory-service/job/PR-241/1/,1,1,1,2026-08-11 17:39:39.025172,2026-08-28T15:13:00.274356+00:00
https://hanadelegatedbroker.jaas-gcp.cloud.sap.corp/job/hana-delegated-broker/job/PR-38/12/,https://hanadelegatedbroker.jaas-gcp.cloud.sap.corp/job/hana-delegated-broker/job/PR-38/12/,1,1,1,2026-08-11 17:36:01.573890,2026-08-28T15:13:00.274356+00:00
https://hanadelegatedbroker.jaas-gcp.cloud.sap.corp/job/hana-delegated-broker/job/PR-38/11/,https://hanadelegatedbroker.jaas-gcp.cloud.sap.corp/job/hana-delegated-broker/job/PR-38/11/,1,1,1,2026-08-11 17:13:14.142844,2026-08-28T15:13:00.274356+00:00
https://hanadelegatedbroker.jaas-gcp.cloud.sap.corp/job/hana-delegated-broker/job/PR-38/10/,https://hanadelegatedbroker.jaas-gcp.cloud.sap.corp/job/hana-delegated-broker/job/PR-38/10/,1,1,1,2026-08-11 17:03:54.087826,2026-08-28T15:13:00.274356+00:00
https://hcpurple.jaas-gcp.cloud.sap.corp/job/csi-assembly-docker/job/PR-32/46/,https://hcpurple.jaas-gcp.cloud.sap.corp/job/csi-assembly-docker/job/PR-32/46/,1,4,5,2026-08-11 17:00:03.549286,2026-08-28T15:13:00.274356+00:00
https://hcdldp01.jaas-gcp.cloud.sap.corp/job/HANADataLakeDBaaSServicesPRMerge/job/data-publishing-svc/job/PR-1849/8/,https://hcdldp01.jaas-gcp.cloud.sap.corp/job/HANADataLakeDBaaSServicesPRMerge/job/data-publishing-svc/job/PR-1849/8/,1,1,1,2026-08-11 16:48:40.255649,2026-08-28T15:13:00.274356+00:00
https://gkestoragegateway.jaas-gcp.cloud.sap.corp/job/hdl-files-fuse-daemon/job/PR-208/15/,https://gkestoragegateway.jaas-gcp.cloud.sap.corp/job/hdl-files-fuse-daemon/job/PR-208/15/,1,1,1,2026-08-11 16:30:01.214775,2026-08-28T15:13:00.274356+00:00
https://csi-cyan-2.jaas-gcp.cloud.sap.corp/job/opentelemetry-collector/job/PR-860/2/,https://csi-cyan-2.jaas-gcp.cloud.sap.corp/job/opentelemetry-collector/job/PR-860/2/,1,1,1,2026-08-11 16:25:08.819731,2026-08-28T15:13:00.274356+00:00
https://oreo.jaas-gcp.cloud.sap.corp/job/hana-cloud-operation-request-operator/job/PR-376/7/,https://oreo.jaas-gcp.cloud.sap.corp/job/hana-cloud-operation-request-operator/job/PR-376/7/,1,1,1,2026-08-11 16:20:25.815245,2026-08-28T15:13:00.274356+00:00
https://setup-account.jaas-gcp.cloud.sap.corp/job/setup-account/job/PR-6770/2/,https://setup-account.jaas-gcp.cloud.sap.corp/job/setup-account/job/PR-6770/2/,1,1,1,2026-08-11 16:12:35.802814,2026-08-28T15:13:00.274356+00:00
https://oreo.jaas-gcp.cloud.sap.corp/job/hana-cloud-operation-request-operator/job/PR-376/6/,https://oreo.jaas-gcp.cloud.sap.corp/job/hana-cloud-operation-request-operator/job/PR-376/6/,1,1,1,2026-08-11 16:05:52.596466,2026-08-28T15:13:00.274356+00:00
https://hc-serverless-service.jaas-gcp.cloud.sap.corp/job/hc-serverless-service/job/PR-35/3/,https://hc-serverless-service.jaas-gcp.cloud.sap.corp/job/hc-serverless-service/job/PR-35/3/,1,3,22,2026-08-11 15:57:25.533511,2026-08-28T15:13:00.274356+00:00
https://csicyan.jaas-gcp.cloud.sap.corp/job/observability-base/job/PR-327/1/,https://csicyan.jaas-gcp.cloud.sap.corp/job/observability-base/job/PR-327/1/,1,1,1,2026-08-11 15:53:14.056763,2026-08-28T15:13:00.274356+00:00
https://setup-account.jaas-gcp.cloud.sap.corp/job/setup-account/job/PR-6771/1/,https://setup-account.jaas-gcp.cloud.sap.corp/job/setup-account/job/PR-6771/1/,1,1,1,2026-08-11 15:50:55.089046,2026-08-28T15:13:00.274356+00:00
https://setup-account.jaas-gcp.cloud.sap.corp/job/setup-account/job/PR-6770/1/,https://setup-account.jaas-gcp.cloud.sap.corp/job/setup-account/job/PR-6770/1/,1,1,1,2026-08-11 15:48:26.691629,2026-08-28T15:13:00.274356+00:00
https://tenant-move-operator.jaas-gcp.cloud.sap.corp/job/hana-tenant-move-operator/job/PR-409/33/,https://tenant-move-operator.jaas-gcp.cloud.sap.corp/job/hana-tenant-move-operator/job/PR-409/33/,1,1,1,2026-08-11 15:46:49.768921,2026-08-28T15:13:00.274356+00:00
https://gkehanacloudservice.jaas-gcp.cloud.sap.corp/job/hana-system-replication-rest-api/job/PR-330/4/,https://gkehanacloudservice.jaas-gcp.cloud.sap.corp/job/hana-system-replication-rest-api/job/PR-330/4/,1,1,1,2026-08-11 15:23:20.238223,2026-08-28T15:13:00.274356+00:00
https://subscriptionbroker.jaas-gcp.cloud.sap.corp/job/subscription-broker/job/PR-368/2/,https://subscriptionbroker.jaas-gcp.cloud.sap.corp/job/subscription-broker/job/PR-368/2/,1,1,1,2026-08-11 15:23:05.662054,2026-08-28T15:13:00.274356+00:00
https://subscriptionbroker.jaas-gcp.cloud.sap.corp/job/subscription-broker/job/PR-369/2/,https://subscriptionbroker.jaas-gcp.cloud.sap.corp/job/subscription-broker/job/PR-369/2/,1,1,1,2026-08-11 15:21:09.958824,2026-08-28T15:13:00.274356+00:00
https://hctelemetry.jaas-gcp.cloud.sap.corp/job/hc-telemetry-collector/job/PR-596/8/,https://hctelemetry.jaas-gcp.cloud.sap.corp/job/hc-telemetry-collector/job/PR-596/8/,1,1,1,2026-08-11 15:19:52.879718,2026-08-28T15:13:00.274356+00:00
https://subscriptionbroker.jaas-gcp.cloud.sap.corp/job/subscription-broker/job/PR-366/3/,https://subscriptionbroker.jaas-gcp.cloud.sap.corp/job/subscription-broker/job/PR-366/3/,1,1,1,2026-08-11 15:15:54.556010,2026-08-28T15:13:00.274356+00:00
https://aiagentservices.jaas-gcp.cloud.sap.corp/job/agent-memory-service/job/PR-228/5/,https://aiagentservices.jaas-gcp.cloud.sap.corp/job/agent-memory-service/job/PR-228/5/,1,1,1,2026-08-11 15:12:57.360875,2026-08-28T15:13:00.274356+00:00
https://subscriptionbroker.jaas-gcp.cloud.sap.corp/job/subscription-broker/job/PR-367/6/,https://subscriptionbroker.jaas-gcp.cloud.sap.corp/job/subscription-broker/job/PR-367/6/,1,1,1,2026-08-11 15:12:21.076866,2026-08-28T15:13:00.274356+00:00
https://setup-account.jaas-gcp.cloud.sap.corp/job/setup-account/job/PR-6501/63/,https://setup-account.jaas-gcp.cloud.sap.corp/job/setup-account/job/PR-6501/63/,1,1,1,2026-08-11 15:12:04.929706,2026-08-28T15:13:00.274356+00:00
https://hcphoenixleo.jaas-gcp.cloud.sap.corp/job/hanaservice-sync-agent/job/PR-156/4/,https://hcphoenixleo.jaas-gcp.cloud.sap.corp/job/hanaservice-sync-agent/job/PR-156/4/,1,1,1,2026-08-11 15:08:45.988392,2026-08-28T15:13:00.274356+00:00
https://subscriptionbroker.jaas-gcp.cloud.sap.corp/job/subscription-broker/job/PR-367/5/,https://subscriptionbroker.jaas-gcp.cloud.sap.corp/job/subscription-broker/job/PR-367/5/,1,1,1,2026-08-11 14:58:30.295271,2026-08-28T15:13:00.274356+00:00
https://subscriptionbroker.jaas-gcp.cloud.sap.corp/job/subscription-broker/job/PR-367/4/,https://subscriptionbroker.jaas-gcp.cloud.sap.corp/job/subscription-broker/job/PR-367/4/,1,1,1,2026-08-11 14:54:00.240145,2026-08-28T15:13:00.274356+00:00
https://hctelemetry.jaas-gcp.cloud.sap.corp/job/hc-telemetry-collector/job/PR-596/7/,https://hctelemetry.jaas-gcp.cloud.sap.corp/job/hc-telemetry-collector/job/PR-596/7/,1,1,1,2026-08-11 14:51:43.105561,2026-08-28T15:13:00.274356+00:00
https://sdso.jaas-gcp.cloud.sap.corp/job/stop-delete-schedule-operator/job/PR-89/13/,https://sdso.jaas-gcp.cloud.sap.corp/job/stop-delete-schedule-operator/job/PR-89/13/,1,1,1,2026-08-11 14:44:51.467350,2026-08-28T15:13:00.274356+00:00
https://hcdldp01.jaas-gcp.cloud.sap.corp/job/HANADataLakeDBaaSServicesPRMerge/job/data-publishing-svc/job/PR-1848/5/,https://hcdldp01.jaas-gcp.cloud.sap.corp/job/HANADataLakeDBaaSServicesPRMerge/job/data-publishing-svc/job/PR-1848/5/,1,1,4,2026-08-11 14:25:35.962915,2026-08-28T15:13:00.274356+00:00
https://hcdldp01.jaas-gcp.cloud.sap.corp/job/HANADataLakeDBaaSServicesPRMerge/job/data-publishing-svc/job/PR-1851/3/,https://hcdldp01.jaas-gcp.cloud.sap.corp/job/HANADataLakeDBaaSServicesPRMerge/job/data-publishing-svc/job/PR-1851/3/,1,1,1,2026-08-11 14:25:09.390213,2026-08-28T15:13:00.274356+00:00
https://hc-serverless-service.jaas-gcp.cloud.sap.corp/job/hc-serverless-service/job/PR-35/2/,https://hc-serverless-service.jaas-gcp.cloud.sap.corp/job/hc-serverless-service/job/PR-35/2/,1,3,31,2026-08-11 14:24:06.010841,2026-08-28T15:13:00.274356+00:00
https://gkevault.jaas-gcp.cloud.sap.corp/job/vault-ipWhitelist/job/PR-428/2/,https://gkevault.jaas-gcp.cloud.sap.corp/job/vault-ipWhitelist/job/PR-428/2/,1,1,1,2026-08-11 14:17:25.656962,2026-08-28T15:13:00.274356+00:00
https://hctelemetry.jaas-gcp.cloud.sap.corp/job/hc-telemetry-collector/job/PR-596/6/,https://hctelemetry.jaas-gcp.cloud.sap.corp/job/hc-telemetry-collector/job/PR-596/6/,1,1,1,2026-08-11 14:12:27.790644,2026-08-28T15:13:00.274356+00:00
https://setup-account.jaas-gcp.cloud.sap.corp/job/setup-account/job/PR-6746/11/,https://setup-account.jaas-gcp.cloud.sap.corp/job/setup-account/job/PR-6746/11/,1,1,1,2026-08-11 14:10:04.747730,2026-08-28T15:13:00.274356+00:00
https://edgelayer.jaas-gcp.cloud.sap.corp/job/privatelink-operator/job/PR-618/4/,https://edgelayer.jaas-gcp.cloud.sap.corp/job/privatelink-operator/job/PR-618/4/,1,1,1,2026-08-11 14:01:55.400659,2026-08-28T15:13:00.274356+00:00
https://setup-account.jaas-gcp.cloud.sap.corp/job/setup-account/job/PR-6501/61/,https://setup-account.jaas-gcp.cloud.sap.corp/job/setup-account/job/PR-6501/61/,1,1,1,2026-08-11 13:56:31.851500,2026-08-28T15:13:00.274356+00:00
https://csi-cyan-2.jaas-gcp.cloud.sap.corp/job/opentelemetry-collector/job/PR-860/1/,https://csi-cyan-2.jaas-gcp.cloud.sap.corp/job/opentelemetry-collector/job/PR-860/1/,1,1,1,2026-08-11 13:50:01.479994,2026-08-28T15:13:00.274356+00:00
https://setup-account.jaas-gcp.cloud.sap.corp/job/setup-account/job/PR-6746/10/,https://setup-account.jaas-gcp.cloud.sap.corp/job/setup-account/job/PR-6746/10/,1,1,1,2026-08-11 13:48:01.397189,2026-08-28T15:13:00.274356+00:00
https://hcstatsservice.jaas-gcp.cloud.sap.corp/job/hc-statistics-collector-operator/job/PR-584/8/,https://hcstatsservice.jaas-gcp.cloud.sap.corp/job/hc-statistics-collector-operator/job/PR-584/8/,1,2,2,2026-08-11 13:40:20.092792,2026-08-28T15:13:00.274356+00:00
https://edgelayer.jaas-gcp.cloud.sap.corp/job/privatelink-operator/job/PR-612/4/,https://edgelayer.jaas-gcp.cloud.sap.corp/job/privatelink-operator/job/PR-612/4/,1,1,1,2026-08-11 13:38:14.345786,2026-08-28T15:13:00.274356+00:00
https://setup-account.jaas-gcp.cloud.sap.corp/job/setup-account/job/PR-6501/60/,https://setup-account.jaas-gcp.cloud.sap.corp/job/setup-account/job/PR-6501/60/,1,1,1,2026-08-11 13:30:58.080511,2026-08-28T15:13:00.274356+00:00
https://hcdioperator.jaas-gcp.cloud.sap.corp/job/hana-cloud-controller/job/PR-359/6/,https://hcdioperator.jaas-gcp.cloud.sap.corp/job/hana-cloud-controller/job/PR-359/6/,1,1,2,2026-08-11 13:26:34.623928,2026-08-28T15:13:00.274356+00:00
https://hctelemetry.jaas-gcp.cloud.sap.corp/job/hc-telemetry-collector/job/PR-596/5/,https://hctelemetry.jaas-gcp.cloud.sap.corp/job/hc-telemetry-collector/job/PR-596/5/,1,1,1,2026-08-11 13:18:00.921965,2026-08-28T15:13:00.274356+00:00
https://gkevault.jaas-gcp.cloud.sap.corp/job/vault-ipWhitelist/job/PR-428/1/,https://gkevault.jaas-gcp.cloud.sap.corp/job/vault-ipWhitelist/job/PR-428/1/,1,1,1,2026-08-11 13:14:54.270970,2026-08-28T15:13:00.274356+00:00
https://terraformer.jaas-gcp.cloud.sap.corp/job/Sisyphus/job/PR-318/10/,https://terraformer.jaas-gcp.cloud.sap.corp/job/Sisyphus/job/PR-318/10/,1,1,1,2026-08-11 13:14:37.264950,2026-08-28T15:13:00.274356+00:00
https://terraformer.jaas-gcp.cloud.sap.corp/job/Sisyphus/job/PR-350/2/,https://terraformer.jaas-gcp.cloud.sap.corp/job/Sisyphus/job/PR-350/2/,1,1,1,2026-08-11 13:14:00.783909,2026-08-28T15:13:00.274356+00:00
https://terraformer.jaas-gcp.cloud.sap.corp/job/csi-credential-provider/job/PR-27/1/,https://terraformer.jaas-gcp.cloud.sap.corp/job/csi-credential-provider/job/PR-27/1/,1,1,11,2026-08-11 13:13:56.423763,2026-08-28T15:13:00.274356+00:00
https://terraformer.jaas-gcp.cloud.sap.corp/job/Sisyphus/job/PR-355/3/,https://terraformer.jaas-gcp.cloud.sap.corp/job/Sisyphus/job/PR-355/3/,1,1,1,2026-08-11 13:11:30.867045,2026-08-28T15:13:00.274356+00:00
https://hcdldp01.jaas-gcp.cloud.sap.corp/job/HANADataLakeDBaaSServicesPRMerge/job/data-publishing-svc/job/PR-1849/7/,https://hcdldp01.jaas-gcp.cloud.sap.corp/job/HANADataLakeDBaaSServicesPRMerge/job/data-publishing-svc/job/PR-1849/7/,1,1,1,2026-08-11 13:04:36.153870,2026-08-28T15:13:00.274356+00:00
https://hcplugindelivery.jaas-gcp.cloud.sap.corp/job/plugin-base/job/PR-176/1/,https://hcplugindelivery.jaas-gcp.cloud.sap.corp/job/plugin-base/job/PR-176/1/,1,1,1,2026-08-11 12:58:17.942039,2026-08-28T15:13:00.274356+00:00
https://smvrsyncservice.jaas-gcp.cloud.sap.corp/job/hana-replica-operator/job/PR-757/8/,https://smvrsyncservice.jaas-gcp.cloud.sap.corp/job/hana-replica-operator/job/PR-757/8/,1,1,1,2026-08-11 12:54:58.589854,2026-08-28T15:13:00.274356+00:00
https://setup-account.jaas-gcp.cloud.sap.corp/job/setup-account/job/PR-6766/4/,https://setup-account.jaas-gcp.cloud.sap.corp/job/setup-account/job/PR-6766/4/,1,1,1,2026-08-11 12:50:45.745851,2026-08-28T15:13:00.274356+00:00
https://csicyan.jaas-gcp.cloud.sap.corp/job/alertmanager-helm/job/PR-788/3/,https://csicyan.jaas-gcp.cloud.sap.corp/job/alertmanager-helm/job/PR-788/3/,1,1,1,2026-08-11 12:43:53.877327,2026-08-28T15:13:00.274356+00:00
https://hanaserviceoperator.jaas-gcp.cloud.sap.corp/job/hanaservice-operator/job/PR-1561/1/,https://hanaserviceoperator.jaas-gcp.cloud.sap.corp/job/hanaservice-operator/job/PR-1561/1/,1,1,1,2026-08-11 12:31:26.823491,2026-08-28T15:13:00.274356+00:00
https://gkemigrationservice.jaas-gcp.cloud.sap.corp/job/haas-migration-service/job/PR-2804/1/,https://gkemigrationservice.jaas-gcp.cloud.sap.corp/job/haas-migration-service/job/PR-2804/1/,1,1,1,2026-08-11 12:29:11.600256,2026-08-28T15:13:00.274356+00:00
https://gkehanacloudservice.jaas-gcp.cloud.sap.corp/job/hana-system-replication/job/PR-815/4/,https://gkehanacloudservice.jaas-gcp.cloud.sap.corp/job/hana-system-replication/job/PR-815/4/,1,1,1,2026-08-11 12:16:21.205269,2026-08-28T15:13:00.274356+00:00
https://setup-account.jaas-gcp.cloud.sap.corp/job/setup-account/job/PR-6766/3/,https://setup-account.jaas-gcp.cloud.sap.corp/job/setup-account/job/PR-6766/3/,1,1,1,2026-08-11 12:14:00.585608,2026-08-28T15:13:00.274356+00:00
https://gkestoragegateway.jaas-gcp.cloud.sap.corp/job/hdl-files-fuse-daemon/job/PR-208/14/,https://gkestoragegateway.jaas-gcp.cloud.sap.corp/job/hdl-files-fuse-daemon/job/PR-208/14/,1,1,1,2026-08-11 12:09:45.634717,2026-08-28T15:13:00.274356+00:00
https://setup-account.jaas-gcp.cloud.sap.corp/job/setup-account/job/PR-6501/58/,https://setup-account.jaas-gcp.cloud.sap.corp/job/setup-account/job/PR-6501/58/,1,1,1,2026-08-11 11:59:50.589781,2026-08-28T15:13:00.274356+00:00
https://gkestoragegateway.jaas-gcp.cloud.sap.corp/job/hdl-files-fuse-daemon/job/PR-209/7/,https://gkestoragegateway.jaas-gcp.cloud.sap.corp/job/hdl-files-fuse-daemon/job/PR-209/7/,1,1,1,2026-08-11 11:59:34.590102,2026-08-28T15:13:00.274356+00:00
https://hcdldp01.jaas-gcp.cloud.sap.corp/job/HANADataLakeDBaaSServicesPRMerge/job/data-publishing-svc/job/PR-1852/1/,https://hcdldp01.jaas-gcp.cloud.sap.corp/job/HANADataLakeDBaaSServicesPRMerge/job/data-publishing-svc/job/PR-1852/1/,1,1,1,2026-08-11 11:55:49.235340,2026-08-28T15:13:00.274356+00:00
https://hanaoperatorv2.jaas-gcp.cloud.sap.corp/job/hana-operator/job/PR-3262/9/,https://hanaoperatorv2.jaas-gcp.cloud.sap.corp/job/hana-operator/job/PR-3262/9/,1,1,1,2026-08-11 11:50:00.664304,2026-08-28T15:13:00.274356+00:00
https://hanaoperatorv2.jaas-gcp.cloud.sap.corp/job/hana-operator/job/PR-3262/10/,https://hanaoperatorv2.jaas-gcp.cloud.sap.corp/job/hana-operator/job/PR-3262/10/,1,1,1,2026-08-11 11:49:18.089774,2026-08-28T15:13:00.274356+00:00
https://setup-account.jaas-gcp.cloud.sap.corp/job/setup-account/job/PR-6746/9/,https://setup-account.jaas-gcp.cloud.sap.corp/job/setup-account/job/PR-6746/9/,1,1,1,2026-08-11 11:47:14.977435,2026-08-28T15:13:00.274356+00:00
https://smvrsyncservice.jaas-gcp.cloud.sap.corp/job/nzdo-over-smvr-operator/job/PR-512/3/,https://smvrsyncservice.jaas-gcp.cloud.sap.corp/job/nzdo-over-smvr-operator/job/PR-512/3/,1,1,1,2026-08-11 11:42:30.253757,2026-08-28T15:13:00.274356+00:00
https://hcdldp01.jaas-gcp.cloud.sap.corp/job/HANADataLakeDBaaSServicesPRMerge/job/data-publishing-svc/job/PR-1851/1/,https://hcdldp01.jaas-gcp.cloud.sap.corp/job/HANADataLakeDBaaSServicesPRMerge/job/data-publishing-svc/job/PR-1851/1/,1,1,1,2026-08-11 11:42:15.706218,2026-08-28T15:13:00.274356+00:00
https://hanaserviceoperator.jaas-gcp.cloud.sap.corp/job/hanaservice-operator/job/PR-1559/6/,https://hanaserviceoperator.jaas-gcp.cloud.sap.corp/job/hanaservice-operator/job/PR-1559/6/,1,1,1,2026-08-11 11:39:58.094009,2026-08-28T15:13:00.274356+00:00
https://hcphoenixleo.jaas-gcp.cloud.sap.corp/job/hanaservice-sync-agent/job/PR-156/3/,https://hcphoenixleo.jaas-gcp.cloud.sap.corp/job/hanaservice-sync-agent/job/PR-156/3/,1,1,1,2026-08-11 11:37:01.181102,2026-08-28T15:13:00.274356+00:00
https://hcdldp01.jaas-gcp.cloud.sap.corp/job/HANADataLakeDBaaSServicesPRMerge/job/data-publishing-svc/job/PR-1846/4/,https://hcdldp01.jaas-gcp.cloud.sap.corp/job/HANADataLakeDBaaSServicesPRMerge/job/data-publishing-svc/job/PR-1846/4/,1,1,1,2026-08-11 11:29:35.657763,2026-08-28T15:13:00.274356+00:00
https://hcdldp01.jaas-gcp.cloud.sap.corp/job/HANADataLakeDBaaSServicesPRMerge/job/data-publishing-svc/job/PR-1849/6/,https://hcdldp01.jaas-gcp.cloud.sap.corp/job/HANADataLakeDBaaSServicesPRMerge/job/data-publishing-svc/job/PR-1849/6/,1,1,1,2026-08-11 11:28:38.769402,2026-08-28T15:13:00.274356+00:00
https://setup-account.jaas-gcp.cloud.sap.corp/job/setup-account/job/PR-6501/57/,https://setup-account.jaas-gcp.cloud.sap.corp/job/setup-account/job/PR-6501/57/,1,1,1,2026-08-11 11:10:47.279131,2026-08-28T15:13:00.274356+00:00
https://smvrsyncservice.jaas-gcp.cloud.sap.corp/job/nzdo-over-smvr-operator/job/PR-519/12/,https://smvrsyncservice.jaas-gcp.cloud.sap.corp/job/nzdo-over-smvr-operator/job/PR-519/12/,1,3,3,2026-08-11 11:01:12.971343,2026-08-28T15:13:00.274356+00:00
https://hanatenantmovejob.jaas-gcp.cloud.sap.corp/job/hana-native-tenant-move-job/job/PR-895/45/,https://hanatenantmovejob.jaas-gcp.cloud.sap.corp/job/hana-native-tenant-move-job/job/PR-895/45/,1,1,1,2026-08-11 10:57:24.012850,2026-08-28T15:13:00.274356+00:00
https://setup-account.jaas-gcp.cloud.sap.corp/job/setup-account/job/PR-6766/2/,https://setup-account.jaas-gcp.cloud.sap.corp/job/setup-account/job/PR-6766/2/,1,1,1,2026-08-11 10:52:40.430558,2026-08-28T15:13:00.274356+00:00
https://hanatenantmovejob.jaas-gcp.cloud.sap.corp/job/hana-native-tenant-move-job/job/PR-824/98/,https://hanatenantmovejob.jaas-gcp.cloud.sap.corp/job/hana-native-tenant-move-job/job/PR-824/98/,1,1,1,2026-08-11 10:50:30.744211,2026-08-28T15:13:00.274356+00:00
https://edgelayer.jaas-gcp.cloud.sap.corp/job/privatelink-operator/job/PR-594/8/,https://edgelayer.jaas-gcp.cloud.sap.corp/job/privatelink-operator/job/PR-594/8/,1,1,1,2026-08-11 10:46:25.807894,2026-08-28T15:13:00.274356+00:00
https://csicyan.jaas-gcp.cloud.sap.corp/job/alertmanager-helm/job/PR-788/2/,https://csicyan.jaas-gcp.cloud.sap.corp/job/alertmanager-helm/job/PR-788/2/,1,1,1,2026-08-11 10:46:19.986181,2026-08-28T15:13:00.274356+00:00
https://hc-serverless-service.jaas-gcp.cloud.sap.corp/job/hc-serverless-service/job/PR-35/1/,https://hc-serverless-service.jaas-gcp.cloud.sap.corp/job/hc-serverless-service/job/PR-35/1/,1,3,31,2026-08-11 10:39:08.549365,2026-08-28T15:13:00.274356+00:00
https://setup-account.jaas-gcp.cloud.sap.corp/job/setup-account/job/PR-6766/1/,https://setup-account.jaas-gcp.cloud.sap.corp/job/setup-account/job/PR-6766/1/,1,1,1,2026-08-11 10:30:23.058307,2026-08-28T15:13:00.274356+00:00
https://terraformer.jaas-gcp.cloud.sap.corp/job/csi-base/job/PR-107/4/,https://terraformer.jaas-gcp.cloud.sap.corp/job/csi-base/job/PR-107/4/,1,1,1,2026-08-11 10:11:28.249464,2026-08-28T15:13:00.274356+00:00
https://setup-account.jaas-gcp.cloud.sap.corp/job/setup-account/job/PR-6765/2/,https://setup-account.jaas-gcp.cloud.sap.corp/job/setup-account/job/PR-6765/2/,1,1,1,2026-08-11 10:00:35.373241,2026-08-28T15:13:00.274356+00:00
https://multitenancybroker.jaas-gcp.cloud.sap.corp/job/hc-multi-tenancy-broker/job/PR-243/1/,https://multitenancybroker.jaas-gcp.cloud.sap.corp/job/hc-multi-tenancy-broker/job/PR-243/1/,1,1,1,2026-08-11 09:56:57.522289,2026-08-28T15:13:00.274356+00:00
https://setup-account.jaas-gcp.cloud.sap.corp/job/setup-account/job/PR-6501/56/,https://setup-account.jaas-gcp.cloud.sap.corp/job/setup-account/job/PR-6501/56/,1,1,1,2026-08-11 09:54:18.263504,2026-08-28T15:13:00.274356+00:00
https://gkehanaoperator.jaas-gcp.cloud.sap.corp/job/cloudprovider-specifics-helm/job/PR-93/1/,https://gkehanaoperator.jaas-gcp.cloud.sap.corp/job/cloudprovider-specifics-helm/job/PR-93/1/,1,1,1,2026-08-11 09:52:35.206800,2026-08-28T15:13:00.274356+00:00
https://setup-account.jaas-gcp.cloud.sap.corp/job/setup-account/job/PR-6759/3/,https://setup-account.jaas-gcp.cloud.sap.corp/job/setup-account/job/PR-6759/3/,1,1,1,2026-08-11 09:50:53.937947,2026-08-28T15:13:00.274356+00:00
https://hctelemetry.jaas-gcp.cloud.sap.corp/job/hc-telemetry-collector/job/PR-596/3/,https://hctelemetry.jaas-gcp.cloud.sap.corp/job/hc-telemetry-collector/job/PR-596/3/,1,1,3,2026-08-11 09:49:53.574433,2026-08-28T15:13:00.274356+00:00
https://hanaserviceoperator.jaas-gcp.cloud.sap.corp/job/hanaservice-operator/job/PR-1559/3/,https://hanaserviceoperator.jaas-gcp.cloud.sap.corp/job/hanaservice-operator/job/PR-1559/3/,1,1,1,2026-08-11 09:38:47.740932,2026-08-28T15:13:00.274356+00:00
https://terraformer.jaas-gcp.cloud.sap.corp/job/csi-base/job/PR-107/3/,https://terraformer.jaas-gcp.cloud.sap.corp/job/csi-base/job/PR-107/3/,1,1,1,2026-08-11 09:32:58.132298,2026-08-28T15:13:00.274356+00:00
https://setup-account.jaas-gcp.cloud.sap.corp/job/setup-account/job/PR-6746/8/,https://setup-account.jaas-gcp.cloud.sap.corp/job/setup-account/job/PR-6746/8/,1,1,1,2026-08-11 09:25:35.409680,2026-08-28T15:13:00.274356+00:00
https://setup-account.jaas-gcp.cloud.sap.corp/job/setup-account/job/PR-6759/2/,https://setup-account.jaas-gcp.cloud.sap.corp/job/setup-account/job/PR-6759/2/,1,1,1,2026-08-11 09:25:29.239487,2026-08-28T15:13:00.274356+00:00
https://hcphoenixlandscape.jaas-gcp.cloud.sap.corp/job/instance-manager-workflows/job/PR-242/2/,https://hcphoenixlandscape.jaas-gcp.cloud.sap.corp/job/instance-manager-workflows/job/PR-242/2/,1,1,1,2026-08-11 09:21:18.959116,2026-08-28T15:13:00.274356+00:00
https://gkehanacloudmigrati.jaas-gcp.cloud.sap.corp/job/hana-cloud-migration-service/job/PR-2143/7/,https://gkehanacloudmigrati.jaas-gcp.cloud.sap.corp/job/hana-cloud-migration-service/job/PR-2143/7/,1,1,1,2026-08-11 09:19:32.313233,2026-08-28T15:13:00.274356+00:00
https://gkehanacloudservice.jaas-gcp.cloud.sap.corp/job/trace-file-collector/job/PR-639/6/,https://gkehanacloudservice.jaas-gcp.cloud.sap.corp/job/trace-file-collector/job/PR-639/6/,1,2,3,2026-08-11 09:16:23.361624,2026-08-28T15:13:00.274356+00:00
https://setup-account.jaas-gcp.cloud.sap.corp/job/setup-account/job/PR-6501/55/,https://setup-account.jaas-gcp.cloud.sap.corp/job/setup-account/job/PR-6501/55/,1,1,1,2026-08-11 09:15:22.153609,2026-08-28T15:13:00.274356+00:00
https://smvrsyncservice.jaas-gcp.cloud.sap.corp/job/hana-node-operator/job/PR-1739/22/,https://smvrsyncservice.jaas-gcp.cloud.sap.corp/job/hana-node-operator/job/PR-1739/22/,1,1,7,2026-08-11 09:13:25.401926,2026-08-28T15:13:00.274356+00:00
https://crystalball.jaas-gcp.cloud.sap.corp/job/hc-crystalball/job/PR-611/28/,https://crystalball.jaas-gcp.cloud.sap.corp/job/hc-crystalball/job/PR-611/28/,1,1,1,2026-08-11 09:11:52.270002,2026-08-28T15:13:00.274356+00:00
https://hctogglepropagator.jaas-gcp.cloud.sap.corp/job/hana-cloud-toggle-propagator/job/PR-86/1/,https://hctogglepropagator.jaas-gcp.cloud.sap.corp/job/hana-cloud-toggle-propagator/job/PR-86/1/,1,1,2,2026-08-11 09:05:35.448467,2026-08-28T15:13:00.274356+00:00
https://hctelemetry.jaas-gcp.cloud.sap.corp/job/hc-telemetry-collector/job/PR-596/1/,https://hctelemetry.jaas-gcp.cloud.sap.corp/job/hc-telemetry-collector/job/PR-596/1/,1,1,1,2026-08-11 09:05:20.486305,2026-08-28T15:13:00.274356+00:00
https://smvrsyncservice.jaas-gcp.cloud.sap.corp/job/hana-xregion-hsr-operator/job/PR-498/25/,https://smvrsyncservice.jaas-gcp.cloud.sap.corp/job/hana-xregion-hsr-operator/job/PR-498/25/,1,1,1,2026-08-11 09:03:20.732047,2026-08-28T15:13:00.274356+00:00
https://terraformer.jaas-gcp.cloud.sap.corp/job/csi-credential-provider/job/PR-20/23/,https://terraformer.jaas-gcp.cloud.sap.corp/job/csi-credential-provider/job/PR-20/23/,1,1,1,2026-08-11 08:59:08.904286,2026-08-28T15:13:00.274356+00:00
https://csicyan.jaas-gcp.cloud.sap.corp/job/grafana-loki-helm/job/PR-754/5/,https://csicyan.jaas-gcp.cloud.sap.corp/job/grafana-loki-helm/job/PR-754/5/,1,1,1,2026-08-11 08:53:37.519629,2026-08-28T15:13:00.274356+00:00
https://gkehanacloudmigrati.jaas-gcp.cloud.sap.corp/job/hana-cloud-migration-service/job/PR-2143/6/,https://gkehanacloudmigrati.jaas-gcp.cloud.sap.corp/job/hana-cloud-migration-service/job/PR-2143/6/,1,1,1,2026-08-11 08:45:29.677022,2026-08-28T15:13:00.274356+00:00
https://hanaserviceoperator.jaas-gcp.cloud.sap.corp/job/hanaservice-operator/job/PR-778/1/,https://hanaserviceoperator.jaas-gcp.cloud.sap.corp/job/hanaservice-operator/job/PR-778/1/,1,1,1,2026-08-11 08:41:22.080471,2026-08-28T15:13:00.274356+00:00
https://terraformer.jaas-gcp.cloud.sap.corp/job/csi-credential-provider/job/PR-20/22/,https://terraformer.jaas-gcp.cloud.sap.corp/job/csi-credential-provider/job/PR-20/22/,1,1,2,2026-08-11 08:39:03.363303,2026-08-28T15:13:00.274356+00:00
https://hcdldp01.jaas-gcp.cloud.sap.corp/job/HANADataLakeDBaaSServicesPRMerge/job/data-publishing-svc/job/PR-1846/3/,https://hcdldp01.jaas-gcp.cloud.sap.corp/job/HANADataLakeDBaaSServicesPRMerge/job/data-publishing-svc/job/PR-1846/3/,1,2,2,2026-08-11 08:34:14.621213,2026-08-28T15:13:00.274356+00:00
https://hcnzdworkflows.jaas-gcp.cloud.sap.corp/job/hana-near-zero-downtime-workflows/job/PR-1048/31/,https://hcnzdworkflows.jaas-gcp.cloud.sap.corp/job/hana-near-zero-downtime-workflows/job/PR-1048/31/,1,1,1,2026-08-11 08:25:32.970583,2026-08-28T15:13:00.274356+00:00
https://hcinventoryservice.jaas-gcp.cloud.sap.corp/job/hana-cloud-inventory-service/job/PR-1149/9/,https://hcinventoryservice.jaas-gcp.cloud.sap.corp/job/hana-cloud-inventory-service/job/PR-1149/9/,1,1,2,2026-08-11 08:25:14.672994,2026-08-28T15:13:00.274356+00:00
https://haaf.jaas-gcp.cloud.sap.corp/job/hai-persistency/job/PR-504/1/,https://haaf.jaas-gcp.cloud.sap.corp/job/hai-persistency/job/PR-504/1/,1,1,1,2026-08-11 08:18:14.154543,2026-08-28T15:13:00.274356+00:00
https://terraformer.jaas-gcp.cloud.sap.corp/job/csi-credential-provider/job/PR-26/2/,https://terraformer.jaas-gcp.cloud.sap.corp/job/csi-credential-provider/job/PR-26/2/,1,1,1,2026-08-11 08:13:31.247237,2026-08-28T15:13:00.274356+00:00
https://difoundationservice.jaas-gcp.cloud.sap.corp/job/csi-di-service-assembly/job/PR-14251/3/,https://difoundationservice.jaas-gcp.cloud.sap.corp/job/csi-di-service-assembly/job/PR-14251/3/,1,1,1,2026-08-11 07:57:30.166783,2026-08-28T15:13:00.274356+00:00
https://tenantmgmt.jaas-gcp.cloud.sap.corp/job/tenant-management-service/job/PR-2924/4/,https://tenantmgmt.jaas-gcp.cloud.sap.corp/job/tenant-management-service/job/PR-2924/4/,1,1,1,2026-08-11 07:49:58.687440,2026-08-28T15:13:00.274356+00:00
https://hanatenantoperator.jaas-gcp.cloud.sap.corp/job/hana-tenant-operator/job/PR-1886/4/,https://hanatenantoperator.jaas-gcp.cloud.sap.corp/job/hana-tenant-operator/job/PR-1886/4/,1,1,1,2026-08-11 07:39:50.059465,2026-08-28T15:13:00.274356+00:00
https://haaf.jaas-gcp.cloud.sap.corp/job/hai-user-management/job/PR-499/1/,https://haaf.jaas-gcp.cloud.sap.corp/job/hai-user-management/job/PR-499/1/,1,1,1,2026-08-11 07:36:03.737433,2026-08-28T15:13:00.274356+00:00
https://haaf.jaas-gcp.cloud.sap.corp/job/hai-executor/job/PR-441/1/,https://haaf.jaas-gcp.cloud.sap.corp/job/hai-executor/job/PR-441/1/,1,1,1,2026-08-11 07:35:59.185119,2026-08-28T15:13:00.274356+00:00
https://tenant-move-operator.jaas-gcp.cloud.sap.corp/job/hana-tenant-move-operator/job/PR-446/16/,https://tenant-move-operator.jaas-gcp.cloud.sap.corp/job/hana-tenant-move-operator/job/PR-446/16/,1,1,3,2026-08-11 07:35:54.527622,2026-08-28T15:13:00.274356+00:00
https://hc-serverless-service.jaas-gcp.cloud.sap.corp/job/hc-serverless-service/job/PR-33/3/,https://hc-serverless-service.jaas-gcp.cloud.sap.corp/job/hc-serverless-service/job/PR-33/3/,1,2,21,2026-08-11 07:34:43.042242,2026-08-28T15:13:00.274356+00:00
https://hcnzdworkflows.jaas-gcp.cloud.sap.corp/job/hana-near-zero-downtime-workflows/job/PR-1048/30/,https://hcnzdworkflows.jaas-gcp.cloud.sap.corp/job/hana-near-zero-downtime-workflows/job/PR-1048/30/,1,1,1,2026-08-11 07:31:17.641676,2026-08-28T15:13:00.274356+00:00
https://hc-serverless-service.jaas-gcp.cloud.sap.corp/job/hc-serverless-service/job/PR-33/2/,https://hc-serverless-service.jaas-gcp.cloud.sap.corp/job/hc-serverless-service/job/PR-33/2/,1,2,21,2026-08-11 07:26:03.497007,2026-08-28T15:13:00.274356+00:00
https://smvrsyncservice.jaas-gcp.cloud.sap.corp/job/hana-xregion-hsr-operator/job/PR-482/5/,https://smvrsyncservice.jaas-gcp.cloud.sap.corp/job/hana-xregion-hsr-operator/job/PR-482/5/,1,1,1,2026-08-11 07:23:46.651884,2026-08-28T15:13:00.274356+00:00
https://tenantmgmt.jaas-gcp.cloud.sap.corp/job/tenant-management-service/job/PR-2914/7/,https://tenantmgmt.jaas-gcp.cloud.sap.corp/job/tenant-management-service/job/PR-2914/7/,1,1,1,2026-08-11 07:12:11.933268,2026-08-28T15:13:00.274356+00:00
https://hanatenantoperator.jaas-gcp.cloud.sap.corp/job/hana-tenant-operator/job/PR-1890/1/,https://hanatenantoperator.jaas-gcp.cloud.sap.corp/job/hana-tenant-operator/job/PR-1890/1/,1,1,1,2026-08-11 06:47:47.897087,2026-08-28T15:13:00.274356+00:00
https://oreo.jaas-gcp.cloud.sap.corp/job/hana-cloud-operation-api/job/PR-341/3/,https://oreo.jaas-gcp.cloud.sap.corp/job/hana-cloud-operation-api/job/PR-341/3/,1,1,1,2026-08-11 06:46:40.995639,2026-08-28T15:13:00.274356+00:00
https://oreo.jaas-gcp.cloud.sap.corp/job/hana-cloud-operation-api/job/PR-341/2/,https://oreo.jaas-gcp.cloud.sap.corp/job/hana-cloud-operation-api/job/PR-341/2/,1,1,1,2026-08-11 06:41:32.028561,2026-08-28T15:13:00.274356+00:00
https://gkehanacloudservice.jaas-gcp.cloud.sap.corp/job/trace-file-collector/job/PR-639/5/,https://gkehanacloudservice.jaas-gcp.cloud.sap.corp/job/trace-file-collector/job/PR-639/5/,1,3,4,2026-08-11 06:24:26.121301,2026-08-28T15:13:00.274356+00:00
https://hcinventoryservice.jaas-gcp.cloud.sap.corp/job/hana-cloud-inventory-service/job/PR-1149/8/,https://hcinventoryservice.jaas-gcp.cloud.sap.corp/job/hana-cloud-inventory-service/job/PR-1149/8/,1,1,2,2026-08-11 06:23:38.423544,2026-08-28T15:13:00.274356+00:00
https://hchre.jaas-gcp.cloud.sap.corp/job/disk_usage_wf_pipeline/job/PR-210/2/,https://hchre.jaas-gcp.cloud.sap.corp/job/disk_usage_wf_pipeline/job/PR-210/2/,1,1,1,2026-08-11 06:19:04.873469,2026-08-28T15:13:00.274356+00:00
https://tenantmgmt.jaas-gcp.cloud.sap.corp/job/tenant-management-service/job/PR-2924/3/,https://tenantmgmt.jaas-gcp.cloud.sap.corp/job/tenant-management-service/job/PR-2924/3/,1,1,1,2026-08-11 06:18:48.671425,2026-08-28T15:13:00.274356+00:00
https://hchre.jaas-gcp.cloud.sap.corp/job/disk_usage_wf_pipeline/job/PR-208/6/,https://hchre.jaas-gcp.cloud.sap.corp/job/disk_usage_wf_pipeline/job/PR-208/6/,1,1,1,2026-08-11 06:17:21.863967,2026-08-28T15:13:00.274356+00:00
https://hanadelegatedbroker.jaas-gcp.cloud.sap.corp/job/hana-delegated-broker/job/PR-38/9/,https://hanadelegatedbroker.jaas-gcp.cloud.sap.corp/job/hana-delegated-broker/job/PR-38/9/,1,1,1,2026-08-11 05:46:21.523643,2026-08-28T15:13:00.274356+00:00
https://gkeservices4haas.jaas-gcp.cloud.sap.corp/job/connectivity-operator/job/PR-889/2/,https://gkeservices4haas.jaas-gcp.cloud.sap.corp/job/connectivity-operator/job/PR-889/2/,1,1,1,2026-08-11 05:25:33.930250,2026-08-28T15:13:00.274356+00:00
https://hanadelegatedbroker.jaas-gcp.cloud.sap.corp/job/hana-delegated-broker/job/PR-38/8/,https://hanadelegatedbroker.jaas-gcp.cloud.sap.corp/job/hana-delegated-broker/job/PR-38/8/,1,1,1,2026-08-11 05:24:27.229832,2026-08-28T15:13:00.274356+00:00
https://hana-daagent-argo-workflow-templates.jaas-gcp.cloud.sap.corp/job/hana-daagent-argo-workflow-templates/job/PR-34/4/,https://hana-daagent-argo-workflow-templates.jaas-gcp.cloud.sap.corp/job/hana-daagent-argo-workflow-templates/job/PR-34/4/,1,1,1,2026-08-11 05:16:48.664166,2026-08-28T15:13:00.274356+00:00
https://crystalball.jaas-gcp.cloud.sap.corp/job/hc-crystalball/job/PR-669/9/,https://crystalball.jaas-gcp.cloud.sap.corp/job/hc-crystalball/job/PR-669/9/,1,2,4,2026-08-11 04:46:26.233426,2026-08-28T15:13:00.274356+00:00
https://aiagentservices.jaas-gcp.cloud.sap.corp/job/agent-memory-service/job/PR-239/1/,https://aiagentservices.jaas-gcp.cloud.sap.corp/job/agent-memory-service/job/PR-239/1/,1,1,1,2026-08-11 04:27:10.010443,2026-08-28T15:13:00.274356+00:00
https://smvrsyncservice.jaas-gcp.cloud.sap.corp/job/hana-xregion-hsr-operator/job/PR-506/5/,https://smvrsyncservice.jaas-gcp.cloud.sap.corp/job/hana-xregion-hsr-operator/job/PR-506/5/,1,1,1,2026-08-11 04:23:22.638186,2026-08-28T15:13:00.274356+00:00
https://smvrsyncservice.jaas-gcp.cloud.sap.corp/job/hana-xregion-hsr-operator/job/PR-493/11/,https://smvrsyncservice.jaas-gcp.cloud.sap.corp/job/hana-xregion-hsr-operator/job/PR-493/11/,1,1,1,2026-08-11 04:21:55.371017,2026-08-28T15:13:00.274356+00:00
https://hana-daagent-argo-workflow-templates.jaas-gcp.cloud.sap.corp/job/hana-daagent-argo-workflow-templates/job/PR-34/3/,https://hana-daagent-argo-workflow-templates.jaas-gcp.cloud.sap.corp/job/hana-daagent-argo-workflow-templates/job/PR-34/3/,1,1,1,2026-08-11 03:52:25.801812,2026-08-28T15:13:00.274356+00:00
https://gkehaasmonitoring.jaas-gcp.cloud.sap.corp/job/cloud-provider-exporter/job/PR-870/2/,https://gkehaasmonitoring.jaas-gcp.cloud.sap.corp/job/cloud-provider-exporter/job/PR-870/2/,1,1,1,2026-08-11 03:29:10.316156,2026-08-28T15:13:00.274356+00:00
https://smvrsyncservice.jaas-gcp.cloud.sap.corp/job/hana-disaster-recovery/job/PR-503/1/,https://smvrsyncservice.jaas-gcp.cloud.sap.corp/job/hana-disaster-recovery/job/PR-503/1/,1,1,1,2026-08-11 03:25:44.457676,2026-08-28T15:13:00.274356+00:00
https://gkehaasmonitoring.jaas-gcp.cloud.sap.corp/job/cloud-provider-exporter/job/PR-870/1/,https://gkehaasmonitoring.jaas-gcp.cloud.sap.corp/job/cloud-provider-exporter/job/PR-870/1/,1,1,1,2026-08-11 03:24:39.225425,2026-08-28T15:13:00.274356+00:00
https://gkehanacloudmigrati.jaas-gcp.cloud.sap.corp/job/hana-cloud-migration-service/job/PR-2152/4/,https://gkehanacloudmigrati.jaas-gcp.cloud.sap.corp/job/hana-cloud-migration-service/job/PR-2152/4/,1,2,2,2026-08-11 03:15:45.861862,2026-08-28T15:13:00.274356+00:00
https://gkehanacloudmigrati.jaas-gcp.cloud.sap.corp/job/hana-cloud-migration-service/job/PR-2152/3/,https://gkehanacloudmigrati.jaas-gcp.cloud.sap.corp/job/hana-cloud-migration-service/job/PR-2152/3/,1,2,2,2026-08-11 03:14:18.162261,2026-08-28T15:13:00.274356+00:00
https://gkehanacloudmigrati.jaas-gcp.cloud.sap.corp/job/hana-cloud-migration-service/job/PR-2151/2/,https://gkehanacloudmigrati.jaas-gcp.cloud.sap.corp/job/hana-cloud-migration-service/job/PR-2151/2/,1,1,1,2026-08-11 03:13:00.882838,2026-08-28T15:13:00.274356+00:00
https://hckmscontroller.jaas-gcp.cloud.sap.corp/job/hc-kms-controller/job/PR-548/2/,https://hckmscontroller.jaas-gcp.cloud.sap.corp/job/hc-kms-controller/job/PR-548/2/,1,1,1,2026-08-11 03:12:31.030424,2026-08-28T15:13:00.274356+00:00
https://haaf.jaas-gcp.cloud.sap.corp/job/hai-common/job/PR-465/1/,https://haaf.jaas-gcp.cloud.sap.corp/job/hai-common/job/PR-465/1/,1,1,1,2026-08-11 02:55:48.666307,2026-08-28T15:13:00.274356+00:00
https://hc-monitoring-mcp-server.jaas-gcp.cloud.sap.corp/job/hc-monitoring-mcp-server/job/PR-10/140/,https://hc-monitoring-mcp-server.jaas-gcp.cloud.sap.corp/job/hc-monitoring-mcp-server/job/PR-10/140/,1,1,1,2026-08-11 02:45:03.210976,2026-08-28T15:13:00.274356+00:00
https://crystalball.jaas-gcp.cloud.sap.corp/job/hc-crystalball/job/PR-681/1/,https://crystalball.jaas-gcp.cloud.sap.corp/job/hc-crystalball/job/PR-681/1/,1,1,1,2026-08-11 02:41:37.503496,2026-08-28T15:13:00.274356+00:00
https://hc-serverless-service.jaas-gcp.cloud.sap.corp/job/hc-serverless-service/job/PR-34/1/,https://hc-serverless-service.jaas-gcp.cloud.sap.corp/job/hc-serverless-service/job/PR-34/1/,1,2,21,2026-08-11 02:32:14.328489,2026-08-28T15:13:00.274356+00:00
https://metering.jaas-gcp.cloud.sap.corp/job/metering/job/PR-904/3/,https://metering.jaas-gcp.cloud.sap.corp/job/metering/job/PR-904/3/,1,1,1,2026-08-11 02:26:47.380732,2026-08-28T15:13:00.274356+00:00
https://gkehanacloudmigrati.jaas-gcp.cloud.sap.corp/job/hana-cloud-migration-service/job/PR-2150/3/,https://gkehanacloudmigrati.jaas-gcp.cloud.sap.corp/job/hana-cloud-migration-service/job/PR-2150/3/,1,1,1,2026-08-11 02:15:48.036303,2026-08-28T15:13:00.274356+00:00
https://hanatenantmovejob.jaas-gcp.cloud.sap.corp/job/hana-native-tenant-move-job/job/PR-667/82/,https://hanatenantmovejob.jaas-gcp.cloud.sap.corp/job/hana-native-tenant-move-job/job/PR-667/82/,1,1,1,2026-08-11 02:07:30.832222,2026-08-28T15:13:00.274356+00:00
https://hanatenantmovejob.jaas-gcp.cloud.sap.corp/job/hana-native-tenant-move-job/job/PR-970/1/,https://hanatenantmovejob.jaas-gcp.cloud.sap.corp/job/hana-native-tenant-move-job/job/PR-970/1/,1,2,2,2026-08-11 02:06:15.954151,2026-08-28T15:13:00.274356+00:00
https://hanacloudai.jaas-gcp.cloud.sap.corp/job/hana-cloud-mcp/job/PR-49/1/,https://hanacloudai.jaas-gcp.cloud.sap.corp/job/hana-cloud-mcp/job/PR-49/1/,1,2,302,2026-08-11 01:57:40.150561,2026-08-28T15:13:00.274356+00:00
https://hanatenantmovejob.jaas-gcp.cloud.sap.corp/job/hana-native-tenant-move-job/job/PR-667/81/,https://hanatenantmovejob.jaas-gcp.cloud.sap.corp/job/hana-native-tenant-move-job/job/PR-667/81/,1,1,1,2026-08-11 01:32:12.147076,2026-08-28T15:13:00.274356+00:00
https://hanaoperatorv2.jaas-gcp.cloud.sap.corp/job/hana-operator/job/PR-3247/3/,https://hanaoperatorv2.jaas-gcp.cloud.sap.corp/job/hana-operator/job/PR-3247/3/,1,1,1,2026-08-11 01:30:52.388239,2026-08-28T15:13:00.274356+00:00
https://gkehaasmonitoring.jaas-gcp.cloud.sap.corp/job/cloud-provider-exporter/job/PR-869/1/,https://gkehaasmonitoring.jaas-gcp.cloud.sap.corp/job/cloud-provider-exporter/job/PR-869/1/,1,1,1,2026-08-11 01:30:06.060069,2026-08-28T15:13:00.274356+00:00
https://hanatenantmovejob.jaas-gcp.cloud.sap.corp/job/hana-native-tenant-move-job/job/PR-667/80/,https://hanatenantmovejob.jaas-gcp.cloud.sap.corp/job/hana-native-tenant-move-job/job/PR-667/80/,1,1,1,2026-08-11 01:14:54.228577,2026-08-28T15:13:00.274356+00:00
https://hanadelegatedbroker.jaas-gcp.cloud.sap.corp/job/hana-delegated-broker/job/PR-33/28/,https://hanadelegatedbroker.jaas-gcp.cloud.sap.corp/job/hana-delegated-broker/job/PR-33/28/,1,1,1,2026-08-11 00:11:23.095033,2026-08-28T15:13:00.274356+00:00
https://gkehaasmonitoring.jaas-gcp.cloud.sap.corp/job/cloud-provider-exporter/job/PR-867/2/,https://gkehaasmonitoring.jaas-gcp.cloud.sap.corp/job/cloud-provider-exporter/job/PR-867/2/,1,1,6,2026-08-11 00:02:52.292099,2026-08-28T15:13:00.274356+00:00
https://subscriptionbroker.jaas-gcp.cloud.sap.corp/job/subscription-broker/job/PR-367/3/,https://subscriptionbroker.jaas-gcp.cloud.sap.corp/job/subscription-broker/job/PR-367/3/,1,1,1,2026-08-10 22:07:52.923555,2026-08-28T15:13:00.274356+00:00
https://subscriptionbroker.jaas-gcp.cloud.sap.corp/job/subscription-broker/job/PR-367/1/,https://subscriptionbroker.jaas-gcp.cloud.sap.corp/job/subscription-broker/job/PR-367/1/,1,1,1,2026-08-10 22:02:03.045323,2026-08-28T15:13:00.274356+00:00
https://hcdldp01.jaas-gcp.cloud.sap.corp/job/HANADataLakeDBaaSServicesPRMerge/job/data-publishing-svc/job/PR-1797/34/,https://hcdldp01.jaas-gcp.cloud.sap.corp/job/HANADataLakeDBaaSServicesPRMerge/job/data-publishing-svc/job/PR-1797/34/,1,2,4,2026-08-10 20:06:38.997617,2026-08-28T15:13:00.274356+00:00
https://subscriptionbroker.jaas-gcp.cloud.sap.corp/job/subscription-broker/job/PR-365/6/,https://subscriptionbroker.jaas-gcp.cloud.sap.corp/job/subscription-broker/job/PR-365/6/,1,1,1,2026-08-10 19:37:36.328072,2026-08-28T15:13:00.274356+00:00
https://hc-operation-automation.jaas-gcp.cloud.sap.corp/job/hc-operation-automation/job/PR-20/28/,https://hc-operation-automation.jaas-gcp.cloud.sap.corp/job/hc-operation-automation/job/PR-20/28/,1,1,1,2026-08-10 19:33:52.692289,2026-08-28T15:13:00.274356+00:00
https://hanaserviceoperator.jaas-gcp.cloud.sap.corp/job/hanaservice-operator/job/PR-1559/2/,https://hanaserviceoperator.jaas-gcp.cloud.sap.corp/job/hanaservice-operator/job/PR-1559/2/,1,1,1,2026-08-10 19:27:34.509155,2026-08-28T15:13:00.274356+00:00
https://hanaoperatorv2.jaas-gcp.cloud.sap.corp/job/hana-operator/job/PR-3262/6/,https://hanaoperatorv2.jaas-gcp.cloud.sap.corp/job/hana-operator/job/PR-3262/6/,1,1,1,2026-08-10 19:00:56.278963,2026-08-28T15:13:00.274356+00:00
https://subscriptionbroker.jaas-gcp.cloud.sap.corp/job/subscription-broker/job/PR-365/5/,https://subscriptionbroker.jaas-gcp.cloud.sap.corp/job/subscription-broker/job/PR-365/5/,1,1,1,2026-08-10 18:54:04.215898,2026-08-28T15:13:00.274356+00:00
https://subscriptionbroker.jaas-gcp.cloud.sap.corp/job/subscription-broker/job/PR-343/5/,https://subscriptionbroker.jaas-gcp.cloud.sap.corp/job/subscription-broker/job/PR-343/5/,1,1,1,2026-08-10 18:20:53.287937,2026-08-28T15:13:00.274356+00:00
https://smvrsyncservice.jaas-gcp.cloud.sap.corp/job/hana-node-operator/job/PR-1739/21/,https://smvrsyncservice.jaas-gcp.cloud.sap.corp/job/hana-node-operator/job/PR-1739/21/,1,1,7,2026-08-10 18:16:51.098315,2026-08-28T15:13:00.274356+00:00
https://subscriptionbroker.jaas-gcp.cloud.sap.corp/job/subscription-broker/job/PR-365/4/,https://subscriptionbroker.jaas-gcp.cloud.sap.corp/job/subscription-broker/job/PR-365/4/,1,1,1,2026-08-10 18:03:17.239050,2026-08-28T15:13:00.274356+00:00
https://hanaserviceoperator.jaas-gcp.cloud.sap.corp/job/hanaservice-operator/job/PR-1559/1/,https://hanaserviceoperator.jaas-gcp.cloud.sap.corp/job/hanaservice-operator/job/PR-1559/1/,1,1,6,2026-08-10 18:00:54.191084,2026-08-28T15:13:00.274356+00:00
https://hctool.jaas-gcp.cloud.sap.corp/job/hc-tool/job/PR-161/4/,https://hctool.jaas-gcp.cloud.sap.corp/job/hc-tool/job/PR-161/4/,1,1,679,2026-08-10 17:48:19.699709,2026-08-28T15:13:00.274356+00:00
https://hanaoperatorv2.jaas-gcp.cloud.sap.corp/job/hana-operator/job/PR-3262/5/,https://hanaoperatorv2.jaas-gcp.cloud.sap.corp/job/hana-operator/job/PR-3262/5/,1,1,6,2026-08-10 17:15:56.767895,2026-08-28T15:13:00.274356+00:00
https://hc-serverless-service.jaas-gcp.cloud.sap.corp/job/hc-serverless-service/job/PR-33/1/,https://hc-serverless-service.jaas-gcp.cloud.sap.corp/job/hc-serverless-service/job/PR-33/1/,1,2,40,2026-08-10 17:04:00.738864,2026-08-28T15:13:00.274356+00:00
https://edgelayer.jaas-gcp.cloud.sap.corp/job/privatelink-operator/job/PR-594/7/,https://edgelayer.jaas-gcp.cloud.sap.corp/job/privatelink-operator/job/PR-594/7/,1,1,1,2026-08-10 17:03:11.897141,2026-08-28T15:13:00.274356+00:00
https://hanaserviceoperator.jaas-gcp.cloud.sap.corp/job/hanaservice-operator/job/PR-1355/89/,https://hanaserviceoperator.jaas-gcp.cloud.sap.corp/job/hanaservice-operator/job/PR-1355/89/,1,1,1,2026-08-10 17:00:38.468244,2026-08-28T15:13:00.274356+00:00
https://gkehanacloudservice.jaas-gcp.cloud.sap.corp/job/hana-system-replication-rest-api/job/PR-330/2/,https://gkehanacloudservice.jaas-gcp.cloud.sap.corp/job/hana-system-replication-rest-api/job/PR-330/2/,1,1,1,2026-08-10 16:48:55.370375,2026-08-28T15:13:00.274356+00:00
https://smvrsyncservice.jaas-gcp.cloud.sap.corp/job/hana-xregion-hsr-operator/job/PR-498/24/,https://smvrsyncservice.jaas-gcp.cloud.sap.corp/job/hana-xregion-hsr-operator/job/PR-498/24/,1,1,1,2026-08-10 16:26:40.300540,2026-08-28T15:13:00.274356+00:00
https://hanaserviceoperator.jaas-gcp.cloud.sap.corp/job/hanaservice-operator/job/PR-1355/88/,https://hanaserviceoperator.jaas-gcp.cloud.sap.corp/job/hanaservice-operator/job/PR-1355/88/,1,1,1,2026-08-10 16:13:07.620192,2026-08-28T15:13:00.274356+00:00
https://subscriptionbroker.jaas-gcp.cloud.sap.corp/job/subscription-broker/job/PR-366/2/,https://subscriptionbroker.jaas-gcp.cloud.sap.corp/job/subscription-broker/job/PR-366/2/,1,1,1,2026-08-10 16:11:23.090246,2026-08-28T15:13:00.274356+00:00
https://hanaserviceoperator.jaas-gcp.cloud.sap.corp/job/hanaservice-operator/job/PR-1482/17/,https://hanaserviceoperator.jaas-gcp.cloud.sap.corp/job/hanaservice-operator/job/PR-1482/17/,1,1,1,2026-08-10 16:04:09.979477,2026-08-28T15:13:00.274356+00:00
https://persistency-service.jaas-gcp.cloud.sap.corp/job/persistency-service-operator/job/PR-135/53/,https://persistency-service.jaas-gcp.cloud.sap.corp/job/persistency-service-operator/job/PR-135/53/,1,1,1,2026-08-10 15:57:12.548224,2026-08-28T15:13:00.274356+00:00
https://hanaserviceoperator.jaas-gcp.cloud.sap.corp/job/hanaservice-operator/job/PR-1542/4/,https://hanaserviceoperator.jaas-gcp.cloud.sap.corp/job/hanaservice-operator/job/PR-1542/4/,1,1,1,2026-08-10 15:52:10.597688,2026-08-28T15:13:00.274356+00:00
https://setup-account.jaas-gcp.cloud.sap.corp/job/setup-account/job/PR-6501/54/,https://setup-account.jaas-gcp.cloud.sap.corp/job/setup-account/job/PR-6501/54/,1,1,1,2026-08-10 15:44:55.498452,2026-08-28T15:13:00.274356+00:00
https://edgelayer.jaas-gcp.cloud.sap.corp/job/privatelink-operator/job/PR-611/9/,https://edgelayer.jaas-gcp.cloud.sap.corp/job/privatelink-operator/job/PR-611/9/,1,1,1,2026-08-10 15:27:05.745500,2026-08-28T15:13:00.274356+00:00
https://smvrsyncservice.jaas-gcp.cloud.sap.corp/job/hana-replica-operator/job/PR-807/4/,https://smvrsyncservice.jaas-gcp.cloud.sap.corp/job/hana-replica-operator/job/PR-807/4/,1,1,1,2026-08-10 14:59:57.233513,2026-08-28T15:13:00.274356+00:00
https://subscriptionbroker.jaas-gcp.cloud.sap.corp/job/subscription-broker/job/PR-366/1/,https://subscriptionbroker.jaas-gcp.cloud.sap.corp/job/subscription-broker/job/PR-366/1/,1,1,1,2026-08-10 14:49:08.029922,2026-08-28T15:13:00.274356+00:00
https://hctool.jaas-gcp.cloud.sap.corp/job/hc-tool/job/PR-179/1/,https://hctool.jaas-gcp.cloud.sap.corp/job/hc-tool/job/PR-179/1/,1,1,1,2026-08-10 14:31:01.222906,2026-08-28T15:13:00.274356+00:00
https://smvrsyncservice.jaas-gcp.cloud.sap.corp/job/hana-replica-operator/job/PR-807/1/,https://smvrsyncservice.jaas-gcp.cloud.sap.corp/job/hana-replica-operator/job/PR-807/1/,1,1,1,2026-08-10 14:24:18.310459,2026-08-28T15:13:00.274356+00:00
https://hciteamblue.jaas-gcp.cloud.sap.corp/job/csi-cleanup/job/PR-238/2/,https://hciteamblue.jaas-gcp.cloud.sap.corp/job/csi-cleanup/job/PR-238/2/,1,1,2,2026-08-10 14:19:19.108816,2026-08-28T15:13:00.274356+00:00
https://csicyan.jaas-gcp.cloud.sap.corp/job/alertmanager-helm/job/PR-788/1/,https://csicyan.jaas-gcp.cloud.sap.corp/job/alertmanager-helm/job/PR-788/1/,1,1,1,2026-08-10 14:12:25.397616,2026-08-28T15:13:00.274356+00:00
https://hcdldp01.jaas-gcp.cloud.sap.corp/job/HANADataLakeDBaaSServicesPRMerge/job/data-publishing-svc/job/PR-1849/5/,https://hcdldp01.jaas-gcp.cloud.sap.corp/job/HANADataLakeDBaaSServicesPRMerge/job/data-publishing-svc/job/PR-1849/5/,1,1,1,2026-08-10 13:51:29.834738,2026-08-28T15:13:00.274356+00:00
https://setup-account.jaas-gcp.cloud.sap.corp/job/setup-account/job/PR-6746/7/,https://setup-account.jaas-gcp.cloud.sap.corp/job/setup-account/job/PR-6746/7/,1,1,1,2026-08-10 13:44:22.560872,2026-08-28T15:13:00.274356+00:00
https://csicredentialrotation.jaas-gcp.cloud.sap.corp/job/csi-iaas-credential-rotator/job/PR-414/6/,https://csicredentialrotation.jaas-gcp.cloud.sap.corp/job/csi-iaas-credential-rotator/job/PR-414/6/,1,1,1,2026-08-10 13:31:14.384544,2026-08-28T15:13:00.274356+00:00
https://hcdldp01.jaas-gcp.cloud.sap.corp/job/HANADataLakeDBaaSServicesPRMerge/job/data-publishing-svc/job/PR-1849/4/,https://hcdldp01.jaas-gcp.cloud.sap.corp/job/HANADataLakeDBaaSServicesPRMerge/job/data-publishing-svc/job/PR-1849/4/,1,1,1,2026-08-10 13:27:35.813992,2026-08-28T15:13:00.274356+00:00
https://csicyan.jaas-gcp.cloud.sap.corp/job/grafana-loki-helm/job/PR-754/4/,https://csicyan.jaas-gcp.cloud.sap.corp/job/grafana-loki-helm/job/PR-754/4/,1,1,1,2026-08-10 13:21:44.708120,2026-08-28T15:13:00.274356+00:00
https://hcdioperator.jaas-gcp.cloud.sap.corp/job/hana-cloud-controller/job/PR-348/44/,https://hcdioperator.jaas-gcp.cloud.sap.corp/job/hana-cloud-controller/job/PR-348/44/,1,1,1,2026-08-10 13:18:00.520592,2026-08-28T15:13:00.274356+00:00
https://persistency-service.jaas-gcp.cloud.sap.corp/job/persistency-service-operator/job/PR-135/52/,https://persistency-service.jaas-gcp.cloud.sap.corp/job/persistency-service-operator/job/PR-135/52/,1,1,1,2026-08-10 13:12:33.830796,2026-08-28T15:13:00.274356+00:00
https://hcdldp01.jaas-gcp.cloud.sap.corp/job/HANADataLakeDBaaSServicesPRMerge/job/data-publishing-svc/job/PR-1848/4/,https://hcdldp01.jaas-gcp.cloud.sap.corp/job/HANADataLakeDBaaSServicesPRMerge/job/data-publishing-svc/job/PR-1848/4/,1,1,1,2026-08-10 13:11:52.418049,2026-08-28T15:13:00.274356+00:00
https://hcdioperator.jaas-gcp.cloud.sap.corp/job/hana-cloud-controller/job/PR-359/5/,https://hcdioperator.jaas-gcp.cloud.sap.corp/job/hana-cloud-controller/job/PR-359/5/,1,1,1,2026-08-10 13:06:52.906793,2026-08-28T15:13:00.274356+00:00
https://hanaserviceoperator.jaas-gcp.cloud.sap.corp/job/hanaservice-operator/job/PR-1540/2/,https://hanaserviceoperator.jaas-gcp.cloud.sap.corp/job/hanaservice-operator/job/PR-1540/2/,1,1,1,2026-08-10 13:04:48.094444,2026-08-28T15:13:00.274356+00:00
https://hcdldp01.jaas-gcp.cloud.sap.corp/job/HANADataLakeDBaaSServicesPRMerge/job/data-publishing-svc/job/PR-1797/33/,https://hcdldp01.jaas-gcp.cloud.sap.corp/job/HANADataLakeDBaaSServicesPRMerge/job/data-publishing-svc/job/PR-1797/33/,1,2,4,2026-08-10 13:04:00.651739,2026-08-28T15:13:00.274356+00:00
https://hcad.jaas-gcp.cloud.sap.corp/job/hcad-ai-inferencing/job/PR-394/1/,https://hcad.jaas-gcp.cloud.sap.corp/job/hcad-ai-inferencing/job/PR-394/1/,1,1,1,2026-08-10 12:59:41.709065,2026-08-28T15:13:00.274356+00:00
https://hcdldp01.jaas-gcp.cloud.sap.corp/job/HANADataLakeDBaaSServicesPRMerge/job/data-publishing-svc/job/PR-1823/5/,https://hcdldp01.jaas-gcp.cloud.sap.corp/job/HANADataLakeDBaaSServicesPRMerge/job/data-publishing-svc/job/PR-1823/5/,1,1,1,2026-08-10 12:58:55.170409,2026-08-28T15:13:00.274356+00:00
https://hanaoperatorv2.jaas-gcp.cloud.sap.corp/job/hana-operator/job/PR-3250/7/,https://hanaoperatorv2.jaas-gcp.cloud.sap.corp/job/hana-operator/job/PR-3250/7/,1,1,1,2026-08-10 12:55:17.238821,2026-08-28T15:13:00.274356+00:00
https://terraformer.jaas-gcp.cloud.sap.corp/job/Sisyphus/job/PR-318/9/,https://terraformer.jaas-gcp.cloud.sap.corp/job/Sisyphus/job/PR-318/9/,1,1,1,2026-08-10 12:50:05.474327,2026-08-28T15:13:00.274356+00:00
https://gkevault.jaas-gcp.cloud.sap.corp/job/vault-chart/job/PR-526/1/,https://gkevault.jaas-gcp.cloud.sap.corp/job/vault-chart/job/PR-526/1/,1,1,1,2026-08-10 12:41:54.292930,2026-08-28T15:13:00.274356+00:00
https://terraformer.jaas-gcp.cloud.sap.corp/job/mulitcloud-butler/job/PR-509/177/,https://terraformer.jaas-gcp.cloud.sap.corp/job/mulitcloud-butler/job/PR-509/177/,1,2,2,2026-08-10 12:20:31.459270,2026-08-28T15:13:00.274356+00:00
https://aiagentservices.jaas-gcp.cloud.sap.corp/job/agent-memory-service/job/PR-238/1/,https://aiagentservices.jaas-gcp.cloud.sap.corp/job/agent-memory-service/job/PR-238/1/,1,1,1,2026-08-10 12:17:49.657100,2026-08-28T15:13:00.274356+00:00
https://edgelayer.jaas-gcp.cloud.sap.corp/job/EdgeRouter/job/PR-1323/4/,https://edgelayer.jaas-gcp.cloud.sap.corp/job/EdgeRouter/job/PR-1323/4/,1,1,2,2026-08-10 12:17:21.201220,2026-08-28T15:13:00.274356+00:00
https://hcdldp01.jaas-gcp.cloud.sap.corp/job/HANADataLakeDBaaSServicesPRMerge/job/data-publishing-svc/job/PR-1849/3/,https://hcdldp01.jaas-gcp.cloud.sap.corp/job/HANADataLakeDBaaSServicesPRMerge/job/data-publishing-svc/job/PR-1849/3/,1,1,1,2026-08-10 12:12:33.246251,2026-08-28T15:13:00.274356+00:00
https://terraformer.jaas-gcp.cloud.sap.corp/job/mulitcloud-butler/job/PR-727/2/,https://terraformer.jaas-gcp.cloud.sap.corp/job/mulitcloud-butler/job/PR-727/2/,1,2,2,2026-08-10 12:09:40.795192,2026-08-28T15:13:00.274356+00:00
https://setup-account.jaas-gcp.cloud.sap.corp/job/setup-account/job/PR-6759/1/,https://setup-account.jaas-gcp.cloud.sap.corp/job/setup-account/job/PR-6759/1/,1,1,1,2026-08-10 12:05:22.422920,2026-08-28T15:13:00.274356+00:00
https://setup-account.jaas-gcp.cloud.sap.corp/job/setup-account/job/PR-6760/1/,https://setup-account.jaas-gcp.cloud.sap.corp/job/setup-account/job/PR-6760/1/,1,1,1,2026-08-10 12:02:42.002456,2026-08-28T15:13:00.274356+00:00
https://analyticsintservice.jaas-gcp.cloud.sap.corp/job/hana-analytics-integration-service/job/PR-260/1/,https://analyticsintservice.jaas-gcp.cloud.sap.corp/job/hana-analytics-integration-service/job/PR-260/1/,1,1,1,2026-08-10 11:50:16.268566,2026-08-28T15:13:00.274356+00:00
https://smvrsyncservice.jaas-gcp.cloud.sap.corp/job/smvr-sync-service/job/PR-2195/1/,https://smvrsyncservice.jaas-gcp.cloud.sap.corp/job/smvr-sync-service/job/PR-2195/1/,1,1,1,2026-08-10 11:47:00.345665,2026-08-28T15:13:00.274356+00:00
https://setup-account.jaas-gcp.cloud.sap.corp/job/setup-account/job/PR-6580/41/,https://setup-account.jaas-gcp.cloud.sap.corp/job/setup-account/job/PR-6580/41/,1,1,1,2026-08-10 11:40:20.504498,2026-08-28T15:13:00.274356+00:00
https://hcstatsservice.jaas-gcp.cloud.sap.corp/job/hc-statistics-collector-operator/job/PR-582/2/,https://hcstatsservice.jaas-gcp.cloud.sap.corp/job/hc-statistics-collector-operator/job/PR-582/2/,1,1,1,2026-08-10 11:38:06.389742,2026-08-28T15:13:00.274356+00:00
https://hcphoenixlandscape.jaas-gcp.cloud.sap.corp/job/instance-manager-workflows/job/PR-243/1/,https://hcphoenixlandscape.jaas-gcp.cloud.sap.corp/job/instance-manager-workflows/job/PR-243/1/,1,1,1,2026-08-10 11:35:22.999543,2026-08-28T15:13:00.274356+00:00
https://hcdldp01.jaas-gcp.cloud.sap.corp/job/HANADataLakeDBaaSServicesPRMerge/job/data-publishing-svc/job/PR-1849/1/,https://hcdldp01.jaas-gcp.cloud.sap.corp/job/HANADataLakeDBaaSServicesPRMerge/job/data-publishing-svc/job/PR-1849/1/,1,1,1,2026-08-10 11:28:08.314009,2026-08-28T15:13:00.274356+00:00
https://hcidm.jaas-gcp.cloud.sap.corp/job/hc-idm/job/PR-1273/1/,https://hcidm.jaas-gcp.cloud.sap.corp/job/hc-idm/job/PR-1273/1/,1,1,1,2026-08-10 11:28:03.674338,2026-08-28T15:13:00.274356+00:00
https://persistency-service.jaas-gcp.cloud.sap.corp/job/persistency-service-operator/job/PR-135/51/,https://persistency-service.jaas-gcp.cloud.sap.corp/job/persistency-service-operator/job/PR-135/51/,1,1,1,2026-08-10 11:27:15.492331,2026-08-28T15:13:00.274356+00:00
https://edgelayer.jaas-gcp.cloud.sap.corp/job/EdgeRouter/job/PR-1294/2/,https://edgelayer.jaas-gcp.cloud.sap.corp/job/EdgeRouter/job/PR-1294/2/,1,1,1,2026-08-10 11:16:49.567236,2026-08-28T15:13:00.274356+00:00
https://csisecurity.jaas-gcp.cloud.sap.corp/job/security-policies/job/PR-426/2/,https://csisecurity.jaas-gcp.cloud.sap.corp/job/security-policies/job/PR-426/2/,1,1,1,2026-08-10 11:11:15.462517,2026-08-28T15:13:00.274356+00:00
https://gkehanasupp9y.jaas-gcp.cloud.sap.corp/job/hana-basis-exporter/job/PR-410/3/,https://gkehanasupp9y.jaas-gcp.cloud.sap.corp/job/hana-basis-exporter/job/PR-410/3/,1,1,1,2026-08-10 11:01:13.217471,2026-08-28T15:13:00.274356+00:00
https://hanatenantmovejob.jaas-gcp.cloud.sap.corp/job/hana-native-tenant-move-job/job/PR-824/97/,https://hanatenantmovejob.jaas-gcp.cloud.sap.corp/job/hana-native-tenant-move-job/job/PR-824/97/,1,1,1,2026-08-10 10:59:15.004107,2026-08-28T15:13:00.274356+00:00
https://hcphoenixlandscape.jaas-gcp.cloud.sap.corp/job/instance-manager-workflows/job/PR-242/1/,https://hcphoenixlandscape.jaas-gcp.cloud.sap.corp/job/instance-manager-workflows/job/PR-242/1/,1,1,1,2026-08-10 10:59:00.194630,2026-08-28T15:13:00.274356+00:00
https://hcdldp01.jaas-gcp.cloud.sap.corp/job/HANADataLakeDBaaSServicesPRMerge/job/data-publishing-svc/job/PR-1848/3/,https://hcdldp01.jaas-gcp.cloud.sap.corp/job/HANADataLakeDBaaSServicesPRMerge/job/data-publishing-svc/job/PR-1848/3/,1,1,4,2026-08-10 10:51:53.840442,2026-08-28T15:13:00.274356+00:00
https://gkehanacloudmigrati.jaas-gcp.cloud.sap.corp/job/hana-cloud-migration-service/job/PR-2152/2/,https://gkehanacloudmigrati.jaas-gcp.cloud.sap.corp/job/hana-cloud-migration-service/job/PR-2152/2/,1,2,2,2026-08-10 10:48:17.887819,2026-08-28T15:13:00.274356+00:00
https://edgelayer.jaas-gcp.cloud.sap.corp/job/nginx-ingress-controller/job/PR-217/26/,https://edgelayer.jaas-gcp.cloud.sap.corp/job/nginx-ingress-controller/job/PR-217/26/,1,1,1,2026-08-10 10:47:40.645065,2026-08-28T15:13:00.274356+00:00
https://hccrossfeaturetests.jaas-gcp.cloud.sap.corp/job/hc-cross-feature-tests/job/PR-523/125/,https://hccrossfeaturetests.jaas-gcp.cloud.sap.corp/job/hc-cross-feature-tests/job/PR-523/125/,1,1,1,2026-08-10 10:45:13.529499,2026-08-28T15:13:00.274356+00:00
https://csisecurity.jaas-gcp.cloud.sap.corp/job/security-policies/job/PR-428/1/,https://csisecurity.jaas-gcp.cloud.sap.corp/job/security-policies/job/PR-428/1/,1,1,1,2026-08-10 10:31:43.707707,2026-08-28T15:13:00.274356+00:00
https://persistency-service.jaas-gcp.cloud.sap.corp/job/persistency-service-operator/job/PR-135/50/,https://persistency-service.jaas-gcp.cloud.sap.corp/job/persistency-service-operator/job/PR-135/50/,1,1,1,2026-08-10 10:25:49.960259,2026-08-28T15:13:00.274356+00:00
https://hcnzdworkflows.jaas-gcp.cloud.sap.corp/job/hana-near-zero-downtime-operator/job/PR-984/4/,https://hcnzdworkflows.jaas-gcp.cloud.sap.corp/job/hana-near-zero-downtime-operator/job/PR-984/4/,1,3,3,2026-08-10 10:24:02.983131,2026-08-28T15:13:00.274356+00:00
https://aiagentservices.jaas-gcp.cloud.sap.corp/job/agent-memory-service/job/PR-236/1/,https://aiagentservices.jaas-gcp.cloud.sap.corp/job/agent-memory-service/job/PR-236/1/,1,1,1,2026-08-10 10:17:42.233180,2026-08-28T15:13:00.274356+00:00
https://edgelayer.jaas-gcp.cloud.sap.corp/job/nginx-ingress-controller/job/PR-217/25/,https://edgelayer.jaas-gcp.cloud.sap.corp/job/nginx-ingress-controller/job/PR-217/25/,1,1,1,2026-08-10 10:11:27.579882,2026-08-28T15:13:00.274356+00:00
https://oreo.jaas-gcp.cloud.sap.corp/job/hana-cloud-hana-service-api/job/PR-132/55/,https://oreo.jaas-gcp.cloud.sap.corp/job/hana-cloud-hana-service-api/job/PR-132/55/,1,1,1,2026-08-10 10:10:58.995187,2026-08-28T15:13:00.274356+00:00
https://hanaoperatorv2.jaas-gcp.cloud.sap.corp/job/hana-operator/job/PR-3261/1/,https://hanaoperatorv2.jaas-gcp.cloud.sap.corp/job/hana-operator/job/PR-3261/1/,1,1,1,2026-08-10 10:10:12.676373,2026-08-28T15:13:00.274356+00:00
https://crystalball.jaas-gcp.cloud.sap.corp/job/hc-crystalball-manager/job/PR-252/2/,https://crystalball.jaas-gcp.cloud.sap.corp/job/hc-crystalball-manager/job/PR-252/2/,1,1,1,2026-08-10 10:01:09.711616,2026-08-28T15:13:00.274356+00:00
https://gkehanacloudservice.jaas-gcp.cloud.sap.corp/job/trace-file-collector/job/PR-639/4/,https://gkehanacloudservice.jaas-gcp.cloud.sap.corp/job/trace-file-collector/job/PR-639/4/,1,1,1,2026-08-10 10:01:02.943849,2026-08-28T15:13:00.274356+00:00
https://hcidm.jaas-gcp.cloud.sap.corp/job/hc-idm/job/PR-1272/1/,https://hcidm.jaas-gcp.cloud.sap.corp/job/hc-idm/job/PR-1272/1/,1,1,1,2026-08-10 09:57:46.194392,2026-08-28T15:13:00.274356+00:00
https://csicyan.jaas-gcp.cloud.sap.corp/job/grafana-loki-helm/job/PR-754/3/,https://csicyan.jaas-gcp.cloud.sap.corp/job/grafana-loki-helm/job/PR-754/3/,1,1,1,2026-08-10 09:57:19.855831,2026-08-28T15:13:00.274356+00:00
https://csicyan.jaas-gcp.cloud.sap.corp/job/grafana-loki-helm/job/PR-754/2/,https://csicyan.jaas-gcp.cloud.sap.corp/job/grafana-loki-helm/job/PR-754/2/,1,1,1,2026-08-10 09:53:15.563797,2026-08-28T15:13:00.274356+00:00
https://ernoperator.jaas-gcp.cloud.sap.corp/job/ern-operator/job/PR-1057/28/,https://ernoperator.jaas-gcp.cloud.sap.corp/job/ern-operator/job/PR-1057/28/,1,1,1,2026-08-10 09:52:19.046376,2026-08-28T15:13:00.274356+00:00
https://hcad.jaas-gcp.cloud.sap.corp/job/hcad-ai-inferencing/job/PR-393/1/,https://hcad.jaas-gcp.cloud.sap.corp/job/hcad-ai-inferencing/job/PR-393/1/,1,1,1,2026-08-10 09:51:33.693440,2026-08-28T15:13:00.274356+00:00
https://gkehanacloudmigrati.jaas-gcp.cloud.sap.corp/job/hana-cloud-migration-service/job/PR-2151/1/,https://gkehanacloudmigrati.jaas-gcp.cloud.sap.corp/job/hana-cloud-migration-service/job/PR-2151/1/,1,1,1,2026-08-10 09:48:54.466830,2026-08-28T15:13:00.274356+00:00
https://crystalball.jaas-gcp.cloud.sap.corp/job/hc-crystalball/job/PR-669/8/,https://crystalball.jaas-gcp.cloud.sap.corp/job/hc-crystalball/job/PR-669/8/,1,2,4,2026-08-10 09:47:14.256720,2026-08-28T15:13:00.274356+00:00
https://ernoperator.jaas-gcp.cloud.sap.corp/job/ern-operator/job/PR-1057/27/,https://ernoperator.jaas-gcp.cloud.sap.corp/job/ern-operator/job/PR-1057/27/,1,1,1,2026-08-10 09:45:11.205615,2026-08-28T15:13:00.274356+00:00
https://terraformer.jaas-gcp.cloud.sap.corp/job/csi-credential-provider/job/PR-23/5/,https://terraformer.jaas-gcp.cloud.sap.corp/job/csi-credential-provider/job/PR-23/5/,1,1,5,2026-08-10 09:41:03.879212,2026-08-28T15:13:00.274356+00:00
https://hcad.jaas-gcp.cloud.sap.corp/job/hcad-ai-inferencing/job/PR-392/1/,https://hcad.jaas-gcp.cloud.sap.corp/job/hcad-ai-inferencing/job/PR-392/1/,1,1,1,2026-08-10 09:40:05.041007,2026-08-28T15:13:00.274356+00:00
https://haaf.jaas-gcp.cloud.sap.corp/job/hai-orc-gateway/job/PR-1358/2/,https://haaf.jaas-gcp.cloud.sap.corp/job/hai-orc-gateway/job/PR-1358/2/,1,1,1,2026-08-10 09:36:21.401488,2026-08-28T15:13:00.274356+00:00
https://csisecurity.jaas-gcp.cloud.sap.corp/job/security-policies/job/PR-427/1/,https://csisecurity.jaas-gcp.cloud.sap.corp/job/security-policies/job/PR-427/1/,1,1,1,2026-08-10 09:34:32.928757,2026-08-28T15:13:00.274356+00:00
https://gkehaasmonitoring.jaas-gcp.cloud.sap.corp/job/fluentd-helm/job/PR-1262/2/,https://gkehaasmonitoring.jaas-gcp.cloud.sap.corp/job/fluentd-helm/job/PR-1262/2/,1,1,1,2026-08-10 09:29:51.133724,2026-08-28T15:13:00.274356+00:00
https://setup-account.jaas-gcp.cloud.sap.corp/job/setup-account/job/PR-6758/1/,https://setup-account.jaas-gcp.cloud.sap.corp/job/setup-account/job/PR-6758/1/,1,1,1,2026-08-10 09:29:46.721266,2026-08-28T15:13:00.274356+00:00
https://terraformer.jaas-gcp.cloud.sap.corp/job/csi-credential-provider/job/PR-23/4/,https://terraformer.jaas-gcp.cloud.sap.corp/job/csi-credential-provider/job/PR-23/4/,1,1,5,2026-08-10 09:28:38.637526,2026-08-28T15:13:00.274356+00:00
https://setup-account.jaas-gcp.cloud.sap.corp/job/setup-account/job/PR-6579/14/,https://setup-account.jaas-gcp.cloud.sap.corp/job/setup-account/job/PR-6579/14/,1,1,1,2026-08-10 09:22:24.440536,2026-08-28T15:13:00.274356+00:00
https://edgelayer.jaas-gcp.cloud.sap.corp/job/nginx-ingress-controller/job/PR-217/24/,https://edgelayer.jaas-gcp.cloud.sap.corp/job/nginx-ingress-controller/job/PR-217/24/,1,1,1,2026-08-10 09:16:41.248946,2026-08-28T15:13:00.274356+00:00
https://terraformer.jaas-gcp.cloud.sap.corp/job/csi-credential-provider/job/PR-23/3/,https://terraformer.jaas-gcp.cloud.sap.corp/job/csi-credential-provider/job/PR-23/3/,1,1,3,2026-08-10 09:14:32.803521,2026-08-28T15:13:00.274356+00:00
https://hanaserviceoperator.jaas-gcp.cloud.sap.corp/job/hanaservice-operator/job/PR-1555/10/,https://hanaserviceoperator.jaas-gcp.cloud.sap.corp/job/hanaservice-operator/job/PR-1555/10/,1,1,1,2026-08-10 09:12:10.549183,2026-08-28T15:13:00.274356+00:00
https://hcstatsservice.jaas-gcp.cloud.sap.corp/job/hc-statistics-api/job/PR-505/8/,https://hcstatsservice.jaas-gcp.cloud.sap.corp/job/hc-statistics-api/job/PR-505/8/,1,1,1,2026-08-10 09:04:09.431131,2026-08-28T15:13:00.274356+00:00
https://crystalball.jaas-gcp.cloud.sap.corp/job/hc-crystalball-manager/job/PR-252/1/,https://crystalball.jaas-gcp.cloud.sap.corp/job/hc-crystalball-manager/job/PR-252/1/,1,1,1,2026-08-10 09:03:43.395064,2026-08-28T15:13:00.274356+00:00
https://hckmscontroller.jaas-gcp.cloud.sap.corp/job/hc-kms-controller/job/PR-548/1/,https://hckmscontroller.jaas-gcp.cloud.sap.corp/job/hc-kms-controller/job/PR-548/1/,1,1,1,2026-08-10 09:02:42.256094,2026-08-28T15:13:00.274356+00:00
https://terraformer.jaas-gcp.cloud.sap.corp/job/csi-credential-provider/job/PR-23/2/,https://terraformer.jaas-gcp.cloud.sap.corp/job/csi-credential-provider/job/PR-23/2/,1,1,3,2026-08-10 09:01:18.445151,2026-08-28T15:13:00.274356+00:00
https://hcplugin.jaas-gcp.cloud.sap.corp/job/hana-plugin-deployer/job/PR-299/4/,https://hcplugin.jaas-gcp.cloud.sap.corp/job/hana-plugin-deployer/job/PR-299/4/,1,1,1,2026-08-10 08:54:43.290734,2026-08-28T15:13:00.274356+00:00
https://gkehanacloudservice.jaas-gcp.cloud.sap.corp/job/trace-file-collector/job/PR-640/3/,https://gkehanacloudservice.jaas-gcp.cloud.sap.corp/job/trace-file-collector/job/PR-640/3/,1,1,8,2026-08-10 08:54:36.721267,2026-08-28T15:13:00.274356+00:00
https://hcdldp01.jaas-gcp.cloud.sap.corp/job/HANADataLakeDBaaSServicesPRMerge/job/data-publishing-svc/job/PR-1846/2/,https://hcdldp01.jaas-gcp.cloud.sap.corp/job/HANADataLakeDBaaSServicesPRMerge/job/data-publishing-svc/job/PR-1846/2/,1,1,1,2026-08-10 08:53:33.119703,2026-08-28T15:13:00.274356+00:00
https://sspclouddev.jaas-gcp.cloud.sap.corp/job/hana-snapshot-operator/job/PR-1539/5/,https://sspclouddev.jaas-gcp.cloud.sap.corp/job/hana-snapshot-operator/job/PR-1539/5/,1,1,3,2026-08-10 08:51:23.072559,2026-08-28T15:13:00.274356+00:00
https://crystalball.jaas-gcp.cloud.sap.corp/job/hc-crystalball/job/PR-676/1/,https://crystalball.jaas-gcp.cloud.sap.corp/job/hc-crystalball/job/PR-676/1/,1,1,1,2026-08-10 08:45:54.932894,2026-08-28T15:13:00.274356+00:00
https://crystalball.jaas-gcp.cloud.sap.corp/job/hc-crystalball/job/PR-676/3/,https://crystalball.jaas-gcp.cloud.sap.corp/job/hc-crystalball/job/PR-676/3/,1,1,1,2026-08-10 08:45:49.689349,2026-08-28T15:13:00.274356+00:00
https://persistency-service.jaas-gcp.cloud.sap.corp/job/persistency-service-operator/job/PR-135/49/,https://persistency-service.jaas-gcp.cloud.sap.corp/job/persistency-service-operator/job/PR-135/49/,1,1,1,2026-08-10 08:39:51.988055,2026-08-28T15:13:00.274356+00:00
https://crystalball.jaas-gcp.cloud.sap.corp/job/hc-crystalball/job/PR-668/2/,https://crystalball.jaas-gcp.cloud.sap.corp/job/hc-crystalball/job/PR-668/2/,1,1,1,2026-08-10 08:39:37.323796,2026-08-28T15:13:00.274356+00:00
https://gkemicrodelivery.jaas-gcp.cloud.sap.corp/job/haas-jenkins-lib/job/PR-3428/2/,https://gkemicrodelivery.jaas-gcp.cloud.sap.corp/job/haas-jenkins-lib/job/PR-3428/2/,1,1,1,2026-08-10 08:37:44.501153,2026-08-28T15:13:00.274356+00:00
https://gkehanacloudservice.jaas-gcp.cloud.sap.corp/job/hanaservice-topology-operator/job/PR-291/5/,https://gkehanacloudservice.jaas-gcp.cloud.sap.corp/job/hanaservice-topology-operator/job/PR-291/5/,1,1,2,2026-08-10 08:36:56.397582,2026-08-28T15:13:00.274356+00:00
https://smvrsyncservice.jaas-gcp.cloud.sap.corp/job/hana-node-operator/job/PR-1744/8/,https://smvrsyncservice.jaas-gcp.cloud.sap.corp/job/hana-node-operator/job/PR-1744/8/,1,2,4,2026-08-10 08:35:27.000386,2026-08-28T15:13:00.274356+00:00
https://hctool.jaas-gcp.cloud.sap.corp/job/hc-tool/job/PR-176/1/,https://hctool.jaas-gcp.cloud.sap.corp/job/hc-tool/job/PR-176/1/,1,1,1,2026-08-10 08:34:18.167798,2026-08-28T15:13:00.274356+00:00
https://csisecurity.jaas-gcp.cloud.sap.corp/job/security-policies/job/PR-426/1/,https://csisecurity.jaas-gcp.cloud.sap.corp/job/security-policies/job/PR-426/1/,1,1,1,2026-08-10 08:27:23.220698,2026-08-28T15:13:00.274356+00:00
https://hana-resilience-service.jaas-gcp.cloud.sap.corp/job/hana-resilience-service/job/PR-150/5/,https://hana-resilience-service.jaas-gcp.cloud.sap.corp/job/hana-resilience-service/job/PR-150/5/,1,1,1,2026-08-10 08:19:28.767093,2026-08-28T15:13:00.274356+00:00
https://hana-resilience-service.jaas-gcp.cloud.sap.corp/job/hana-resilience-service/job/PR-150/4/,https://hana-resilience-service.jaas-gcp.cloud.sap.corp/job/hana-resilience-service/job/PR-150/4/,1,1,1,2026-08-10 08:16:46.351664,2026-08-28T15:13:00.274356+00:00
https://hana-resilience-service.jaas-gcp.cloud.sap.corp/job/hana-resilience-service/job/PR-150/3/,https://hana-resilience-service.jaas-gcp.cloud.sap.corp/job/hana-resilience-service/job/PR-150/3/,1,1,1,2026-08-10 08:13:33.899767,2026-08-28T15:13:00.274356+00:00
https://gkehanacloudservice.jaas-gcp.cloud.sap.corp/job/hanaservice-topology-operator/job/PR-290/6/,https://gkehanacloudservice.jaas-gcp.cloud.sap.corp/job/hanaservice-topology-operator/job/PR-290/6/,1,1,1,2026-08-10 07:54:22.193179,2026-08-28T15:13:00.274356+00:00
https://setup-account.jaas-gcp.cloud.sap.corp/job/setup-account/job/PR-6580/40/,https://setup-account.jaas-gcp.cloud.sap.corp/job/setup-account/job/PR-6580/40/,1,1,1,2026-08-10 07:45:06.920806,2026-08-28T15:13:00.274356+00:00
https://analyticsintservice.jaas-gcp.cloud.sap.corp/job/hana-analytics-integration-service/job/PR-258/1/,https://analyticsintservice.jaas-gcp.cloud.sap.corp/job/hana-analytics-integration-service/job/PR-258/1/,1,1,1,2026-08-10 07:42:15.128759,2026-08-28T15:13:00.274356+00:00
https://setup-account.jaas-gcp.cloud.sap.corp/job/setup-account/job/PR-6580/39/,https://setup-account.jaas-gcp.cloud.sap.corp/job/setup-account/job/PR-6580/39/,1,1,1,2026-08-10 07:26:13.959999,2026-08-28T15:13:00.274356+00:00
https://hana-resilience-service.jaas-gcp.cloud.sap.corp/job/hana-resilience-service/job/PR-150/2/,https://hana-resilience-service.jaas-gcp.cloud.sap.corp/job/hana-resilience-service/job/PR-150/2/,1,2,2,2026-08-10 07:22:07.418793,2026-08-28T15:13:00.274356+00:00
https://palnlpmodel.jaas-gcp.cloud.sap.corp/job/pal-textanalysis/job/PR-576/3/,https://palnlpmodel.jaas-gcp.cloud.sap.corp/job/pal-textanalysis/job/PR-576/3/,1,1,1,2026-08-10 07:21:41.105335,2026-08-28T15:13:00.274356+00:00
https://hanaserviceoperator.jaas-gcp.cloud.sap.corp/job/hanaservice-operator/job/PR-1549/6/,https://hanaserviceoperator.jaas-gcp.cloud.sap.corp/job/hanaservice-operator/job/PR-1549/6/,1,1,1,2026-08-10 07:20:44.539259,2026-08-28T15:13:00.274356+00:00
https://tenantmgmt.jaas-gcp.cloud.sap.corp/job/tenant-management-service/job/PR-2924/2/,https://tenantmgmt.jaas-gcp.cloud.sap.corp/job/tenant-management-service/job/PR-2924/2/,1,1,1,2026-08-10 07:12:22.315754,2026-08-28T15:13:00.274356+00:00
https://palnlpmodel.jaas-gcp.cloud.sap.corp/job/pal-textanalysis/job/PR-576/1/,https://palnlpmodel.jaas-gcp.cloud.sap.corp/job/pal-textanalysis/job/PR-576/1/,1,1,1,2026-08-10 07:01:38.844148,2026-08-28T15:13:00.274356+00:00
https://crystalball.jaas-gcp.cloud.sap.corp/job/hc-crystalball/job/PR-673/3/,https://crystalball.jaas-gcp.cloud.sap.corp/job/hc-crystalball/job/PR-673/3/,1,1,1,2026-08-10 06:58:10.932785,2026-08-28T15:13:00.274356+00:00
https://crystalball.jaas-gcp.cloud.sap.corp/job/hc-crystalball/job/PR-673/2/,https://crystalball.jaas-gcp.cloud.sap.corp/job/hc-crystalball/job/PR-673/2/,1,1,1,2026-08-10 06:52:12.586072,2026-08-28T15:13:00.274356+00:00
https://ernoperator.jaas-gcp.cloud.sap.corp/job/ern-operator/job/PR-1061/4/,https://ernoperator.jaas-gcp.cloud.sap.corp/job/ern-operator/job/PR-1061/4/,1,1,1,2026-08-10 06:50:43.396380,2026-08-28T15:13:00.274356+00:00
https://crystalball.jaas-gcp.cloud.sap.corp/job/hc-crystalball/job/PR-673/1/,https://crystalball.jaas-gcp.cloud.sap.corp/job/hc-crystalball/job/PR-673/1/,1,1,1,2026-08-10 06:49:58.722986,2026-08-28T15:13:00.274356+00:00
https://ernoperator.jaas-gcp.cloud.sap.corp/job/ern-operator/job/PR-1061/3/,https://ernoperator.jaas-gcp.cloud.sap.corp/job/ern-operator/job/PR-1061/3/,1,1,1,2026-08-10 06:42:10.233924,2026-08-28T15:13:00.274356+00:00
https://hanadelegatedbroker.jaas-gcp.cloud.sap.corp/job/hana-delegated-broker/job/PR-38/7/,https://hanadelegatedbroker.jaas-gcp.cloud.sap.corp/job/hana-delegated-broker/job/PR-38/7/,1,1,1,2026-08-10 06:11:52.838315,2026-08-28T15:13:00.274356+00:00
https://alertservice.jaas-gcp.cloud.sap.corp/job/alert-service/job/PR-543/1/,https://alertservice.jaas-gcp.cloud.sap.corp/job/alert-service/job/PR-543/1/,1,1,1,2026-08-10 06:08:40.270019,2026-08-28T15:13:00.274356+00:00
https://alertservice.jaas-gcp.cloud.sap.corp/job/alert-service/job/PR-543/2/,https://alertservice.jaas-gcp.cloud.sap.corp/job/alert-service/job/PR-543/2/,1,1,1,2026-08-10 06:08:02.205624,2026-08-28T15:13:00.274356+00:00
https://alertservice.jaas-gcp.cloud.sap.corp/job/alert-collector/job/PR-313/2/,https://alertservice.jaas-gcp.cloud.sap.corp/job/alert-collector/job/PR-313/2/,1,1,1,2026-08-10 06:01:10.803312,2026-08-28T15:13:00.274356+00:00
https://crystalball.jaas-gcp.cloud.sap.corp/job/hc-crystalball/job/PR-672/2/,https://crystalball.jaas-gcp.cloud.sap.corp/job/hc-crystalball/job/PR-672/2/,1,1,1,2026-08-10 05:58:05.440461,2026-08-28T15:13:00.274356+00:00
https://alertservice.jaas-gcp.cloud.sap.corp/job/alert-collector/job/PR-313/1/,https://alertservice.jaas-gcp.cloud.sap.corp/job/alert-collector/job/PR-313/1/,1,1,1,2026-08-10 05:55:26.772771,2026-08-28T15:13:00.274356+00:00
https://haaf.jaas-gcp.cloud.sap.corp/job/hai-scheduler-new/job/PR-536/1/,https://haaf.jaas-gcp.cloud.sap.corp/job/hai-scheduler-new/job/PR-536/1/,1,1,1,2026-08-10 05:47:44.136042,2026-08-28T15:13:00.274356+00:00
https://gkehanacloudservice.jaas-gcp.cloud.sap.corp/job/trace-file-collector/job/PR-626/4/,https://gkehanacloudservice.jaas-gcp.cloud.sap.corp/job/trace-file-collector/job/PR-626/4/,1,1,1,2026-08-10 05:46:24.038582,2026-08-28T15:13:00.274356+00:00
https://gkehanacloudservice.jaas-gcp.cloud.sap.corp/job/trace-file-collector/job/PR-640/2/,https://gkehanacloudservice.jaas-gcp.cloud.sap.corp/job/trace-file-collector/job/PR-640/2/,1,1,1,2026-08-10 05:41:23.076288,2026-08-28T15:13:00.274356+00:00
https://gkehanacloudservice.jaas-gcp.cloud.sap.corp/job/trace-file-collector/job/PR-639/3/,https://gkehanacloudservice.jaas-gcp.cloud.sap.corp/job/trace-file-collector/job/PR-639/3/,1,1,1,2026-08-10 05:31:57.025035,2026-08-28T15:13:00.274356+00:00
https://setup-account.jaas-gcp.cloud.sap.corp/job/setup-account/job/PR-6738/4/,https://setup-account.jaas-gcp.cloud.sap.corp/job/setup-account/job/PR-6738/4/,1,1,1,2026-08-10 05:29:17.383215,2026-08-28T15:13:00.274356+00:00
https://crystalball.jaas-gcp.cloud.sap.corp/job/hc-crystalball/job/PR-671/2/,https://crystalball.jaas-gcp.cloud.sap.corp/job/hc-crystalball/job/PR-671/2/,1,2,4,2026-08-10 05:29:01.005500,2026-08-28T15:13:00.274356+00:00
https://hcinventoryservice.jaas-gcp.cloud.sap.corp/job/hana-cloud-inventory-service/job/PR-1150/1/,https://hcinventoryservice.jaas-gcp.cloud.sap.corp/job/hana-cloud-inventory-service/job/PR-1150/1/,1,1,1,2026-08-10 04:41:04.124542,2026-08-28T15:13:00.274356+00:00
https://crystalball.jaas-gcp.cloud.sap.corp/job/hc-crystalball/job/PR-669/6/,https://crystalball.jaas-gcp.cloud.sap.corp/job/hc-crystalball/job/PR-669/6/,1,1,1,2026-08-10 04:31:50.917520,2026-08-28T15:13:00.274356+00:00
https://crystalball.jaas-gcp.cloud.sap.corp/job/hc-crystalball/job/PR-669/5/,https://crystalball.jaas-gcp.cloud.sap.corp/job/hc-crystalball/job/PR-669/5/,1,1,1,2026-08-10 04:30:34.238838,2026-08-28T15:13:00.274356+00:00
https://crystalball.jaas-gcp.cloud.sap.corp/job/hc-crystalball/job/PR-669/4/,https://crystalball.jaas-gcp.cloud.sap.corp/job/hc-crystalball/job/PR-669/4/,1,1,1,2026-08-10 04:25:43.766136,2026-08-28T15:13:00.274356+00:00
https://hc-monitoring-agent.jaas-gcp.cloud.sap.corp/job/hc-monitoring-agent/job/PR-13/27/,https://hc-monitoring-agent.jaas-gcp.cloud.sap.corp/job/hc-monitoring-agent/job/PR-13/27/,1,1,1,2026-08-10 04:09:03.884017,2026-08-28T15:13:00.274356+00:00
https://gkehaasmonitoring.jaas-gcp.cloud.sap.corp/job/cloud-provider-exporter/job/PR-868/1/,https://gkehaasmonitoring.jaas-gcp.cloud.sap.corp/job/cloud-provider-exporter/job/PR-868/1/,1,1,1,2026-08-10 03:29:49.451221,2026-08-28T15:13:00.274356+00:00
https://hc-monitoring-mcp-server.jaas-gcp.cloud.sap.corp/job/hc-monitoring-mcp-server/job/PR-10/139/,https://hc-monitoring-mcp-server.jaas-gcp.cloud.sap.corp/job/hc-monitoring-mcp-server/job/PR-10/139/,1,1,1,2026-08-10 03:23:18.420954,2026-08-28T15:13:00.274356+00:00
https://crystalball.jaas-gcp.cloud.sap.corp/job/hc-crystalball/job/PR-669/3/,https://crystalball.jaas-gcp.cloud.sap.corp/job/hc-crystalball/job/PR-669/3/,1,1,1,2026-08-10 03:18:48.716651,2026-08-28T15:13:00.274356+00:00
https://alicloud.jaas-gcp.cloud.sap.corp/job/hc-rbsc/job/PR-8/171/,https://alicloud.jaas-gcp.cloud.sap.corp/job/hc-rbsc/job/PR-8/171/,1,1,1,2026-08-10 03:15:40.028271,2026-08-28T15:13:00.274356+00:00
https://gkehanacloudservice.jaas-gcp.cloud.sap.corp/job/trace-file-collector/job/PR-639/2/,https://gkehanacloudservice.jaas-gcp.cloud.sap.corp/job/trace-file-collector/job/PR-639/2/,1,1,1,2026-08-10 03:03:09.417226,2026-08-28T15:13:00.274356+00:00
https://setup-account.jaas-gcp.cloud.sap.corp/job/setup-account/job/PR-6719/8/,https://setup-account.jaas-gcp.cloud.sap.corp/job/setup-account/job/PR-6719/8/,1,1,1,2026-08-10 03:01:52.251012,2026-08-28T15:13:00.274356+00:00
https://crystalball.jaas-gcp.cloud.sap.corp/job/hc-crystalball/job/PR-669/2/,https://crystalball.jaas-gcp.cloud.sap.corp/job/hc-crystalball/job/PR-669/2/,1,1,1,2026-08-10 02:55:33.239685,2026-08-28T15:13:00.274356+00:00
https://perfclassadvisor.jaas-gcp.cloud.sap.corp/job/perf-class-advisor/job/PR-465/2/,https://perfclassadvisor.jaas-gcp.cloud.sap.corp/job/perf-class-advisor/job/PR-465/2/,1,1,1,2026-08-10 02:51:15.580265,2026-08-28T15:13:00.274356+00:00
https://edgelayer.jaas-gcp.cloud.sap.corp/job/envoy-gateway/job/PR-165/4/,https://edgelayer.jaas-gcp.cloud.sap.corp/job/envoy-gateway/job/PR-165/4/,1,1,1,2026-08-10 02:48:08.527549,2026-08-28T15:13:00.274356+00:00
https://tenantmgmt.jaas-gcp.cloud.sap.corp/job/tenant-management-service/job/PR-2924/1/,https://tenantmgmt.jaas-gcp.cloud.sap.corp/job/tenant-management-service/job/PR-2924/1/,1,1,1,2026-08-10 02:46:33.699695,2026-08-28T15:13:00.274356+00:00
https://perfclassadvisor.jaas-gcp.cloud.sap.corp/job/perf-class-advisor/job/PR-465/1/,https://perfclassadvisor.jaas-gcp.cloud.sap.corp/job/perf-class-advisor/job/PR-465/1/,1,1,1,2026-08-10 02:45:49.166932,2026-08-28T15:13:00.274356+00:00
https://crystalball.jaas-gcp.cloud.sap.corp/job/hc-crystalball/job/PR-669/1/,https://crystalball.jaas-gcp.cloud.sap.corp/job/hc-crystalball/job/PR-669/1/,1,1,1,2026-08-10 02:43:03.881847,2026-08-28T15:13:00.274356+00:00
https://hanaserviceoperator.jaas-gcp.cloud.sap.corp/job/hanaservice-operator/job/PR-1538/5/,https://hanaserviceoperator.jaas-gcp.cloud.sap.corp/job/hanaservice-operator/job/PR-1538/5/,1,1,1,2026-08-10 02:31:33.241728,2026-08-28T15:13:00.274356+00:00
https://tenant-move-operator.jaas-gcp.cloud.sap.corp/job/hana-tenant-move-operator/job/PR-434/16/,https://tenant-move-operator.jaas-gcp.cloud.sap.corp/job/hana-tenant-move-operator/job/PR-434/16/,1,1,1,2026-08-10 02:26:47.834170,2026-08-28T15:13:00.274356+00:00
https://crystalball.jaas-gcp.cloud.sap.corp/job/hc-crystalball/job/PR-667/1/,https://crystalball.jaas-gcp.cloud.sap.corp/job/hc-crystalball/job/PR-667/1/,1,1,1,2026-08-10 02:16:19.004486,2026-08-28T15:13:00.274356+00:00
https://hanaoperatorv2.jaas-gcp.cloud.sap.corp/job/hana-operator/job/PR-3247/2/,https://hanaoperatorv2.jaas-gcp.cloud.sap.corp/job/hana-operator/job/PR-3247/2/,1,1,1,2026-08-10 02:11:31.153716,2026-08-28T15:13:00.274356+00:00
https://crystalball.jaas-gcp.cloud.sap.corp/job/hc-crystalball/job/PR-665/4/,https://crystalball.jaas-gcp.cloud.sap.corp/job/hc-crystalball/job/PR-665/4/,1,2,4,2026-08-10 01:57:16.511647,2026-08-28T15:13:00.274356+00:00
https://crystalball.jaas-gcp.cloud.sap.corp/job/hc-crystalball/job/PR-663/6/,https://crystalball.jaas-gcp.cloud.sap.corp/job/hc-crystalball/job/PR-663/6/,1,2,4,2026-08-10 01:55:47.942422,2026-08-28T15:13:00.274356+00:00
https://hcstatsservice.jaas-gcp.cloud.sap.corp/job/hc-statistics-collector-operator/job/PR-584/3/,https://hcstatsservice.jaas-gcp.cloud.sap.corp/job/hc-statistics-collector-operator/job/PR-584/3/,1,1,1,2026-08-10 01:49:38.579810,2026-08-28T15:13:00.274356+00:00
https://terraformer.jaas-gcp.cloud.sap.corp/job/mulitcloud-butler/job/PR-509/176/,https://terraformer.jaas-gcp.cloud.sap.corp/job/mulitcloud-butler/job/PR-509/176/,1,2,2,2026-08-10 00:59:35.277274,2026-08-28T15:13:00.274356+00:00
https://hanadelegatedbroker.jaas-gcp.cloud.sap.corp/job/hana-delegated-broker/job/PR-33/27/,https://hanadelegatedbroker.jaas-gcp.cloud.sap.corp/job/hana-delegated-broker/job/PR-33/27/,1,1,1,2026-08-10 00:59:08.604663,2026-08-28T15:13:00.274356+00:00
https://gkemicrodelivery.jaas-gcp.cloud.sap.corp/job/haas-jenkins-lib/job/PR-3428/1/,https://gkemicrodelivery.jaas-gcp.cloud.sap.corp/job/haas-jenkins-lib/job/PR-3428/1/,1,1,1,2026-08-10 00:57:43.606586,2026-08-28T15:13:00.274356+00:00
https://hanaoperatorv2.jaas-gcp.cloud.sap.corp/job/hana-operator/job/PR-3247/1/,https://hanaoperatorv2.jaas-gcp.cloud.sap.corp/job/hana-operator/job/PR-3247/1/,2,2,2,2026-08-10 00:51:03.461229,2026-08-28T15:13:00.274356+00:00
https://hc-operation-automation.jaas-gcp.cloud.sap.corp/job/hc-operation-automation/job/PR-20/27/,https://hc-operation-automation.jaas-gcp.cloud.sap.corp/job/hc-operation-automation/job/PR-20/27/,1,1,1,2026-08-09 19:41:07.935161,2026-08-28T15:13:00.274356+00:00
https://tenantsearch.jaas-gcp.cloud.sap.corp/job/hc-tenant-search/job/PR-139/11/,https://tenantsearch.jaas-gcp.cloud.sap.corp/job/hc-tenant-search/job/PR-139/11/,1,1,1,2026-08-09 19:30:54.788234,2026-08-28T15:13:00.274356+00:00
https://hctelemetry.jaas-gcp.cloud.sap.corp/job/hc-telemetry-manager/job/PR-388/4/,https://hctelemetry.jaas-gcp.cloud.sap.corp/job/hc-telemetry-manager/job/PR-388/4/,1,1,1,2026-08-09 18:49:12.331363,2026-08-28T15:13:00.274356+00:00
https://hctelemetry.jaas-gcp.cloud.sap.corp/job/hc-telemetry-collector/job/PR-584/4/,https://hctelemetry.jaas-gcp.cloud.sap.corp/job/hc-telemetry-collector/job/PR-584/4/,1,1,1,2026-08-09 16:52:07.414169,2026-08-28T15:13:00.274356+00:00
https://hcplugin.jaas-gcp.cloud.sap.corp/job/hana-session-manager/job/PR-221/1/,https://hcplugin.jaas-gcp.cloud.sap.corp/job/hana-session-manager/job/PR-221/1/,1,1,1,2026-08-09 14:38:08.690465,2026-08-28T15:13:00.274356+00:00
https://smvrsyncservice.jaas-gcp.cloud.sap.corp/job/hana-xregion-hsr-operator/job/PR-432/36/,https://smvrsyncservice.jaas-gcp.cloud.sap.corp/job/hana-xregion-hsr-operator/job/PR-432/36/,1,1,1,2026-08-09 14:37:22.351793,2026-08-28T15:13:00.274356+00:00
https://ccabenchmark.jaas-gcp.cloud.sap.corp/job/cca-starter/job/PR-2209/44/,https://ccabenchmark.jaas-gcp.cloud.sap.corp/job/cca-starter/job/PR-2209/44/,1,1,1,2026-08-09 13:18:51.229233,2026-08-28T15:13:00.274356+00:00
https://smvrsyncservice.jaas-gcp.cloud.sap.corp/job/hana-replica-operator/job/PR-802/6/,https://smvrsyncservice.jaas-gcp.cloud.sap.corp/job/hana-replica-operator/job/PR-802/6/,1,1,1,2026-08-09 11:47:26.310774,2026-08-28T15:13:00.274356+00:00
https://hanatenantoperator.jaas-gcp.cloud.sap.corp/job/hana-tenant-operator/job/PR-1884/11/,https://hanatenantoperator.jaas-gcp.cloud.sap.corp/job/hana-tenant-operator/job/PR-1884/11/,1,1,1,2026-08-09 10:36:41.694934,2026-08-28T15:13:00.274356+00:00
https://hanatenantoperator.jaas-gcp.cloud.sap.corp/job/hana-tenant-operator/job/PR-1884/10/,https://hanatenantoperator.jaas-gcp.cloud.sap.corp/job/hana-tenant-operator/job/PR-1884/10/,1,1,1,2026-08-09 10:14:58.109612,2026-08-28T15:13:00.274356+00:00
https://hcdldp01.jaas-gcp.cloud.sap.corp/job/HANADataLakeDBaaSServicesPRMerge/job/data-publishing-svc/job/PR-1848/2/,https://hcdldp01.jaas-gcp.cloud.sap.corp/job/HANADataLakeDBaaSServicesPRMerge/job/data-publishing-svc/job/PR-1848/2/,1,1,1,2026-08-09 10:07:06.402814,2026-08-28T15:13:00.274356+00:00
https://hanatenantoperator.jaas-gcp.cloud.sap.corp/job/hana-tenant-operator/job/PR-1884/9/,https://hanatenantoperator.jaas-gcp.cloud.sap.corp/job/hana-tenant-operator/job/PR-1884/9/,1,1,1,2026-08-09 10:04:39.613962,2026-08-28T15:13:00.274356+00:00
https://hanatenantoperator.jaas-gcp.cloud.sap.corp/job/hana-tenant-operator/job/PR-1884/8/,https://hanatenantoperator.jaas-gcp.cloud.sap.corp/job/hana-tenant-operator/job/PR-1884/8/,1,1,1,2026-08-09 08:51:23.362983,2026-08-28T15:13:00.274356+00:00
https://tenantmgmt.jaas-gcp.cloud.sap.corp/job/tenant-management-service/job/PR-2922/5/,https://tenantmgmt.jaas-gcp.cloud.sap.corp/job/tenant-management-service/job/PR-2922/5/,1,1,1,2026-08-09 08:28:56.896531,2026-08-28T15:13:00.274356+00:00
https://hcplugin.jaas-gcp.cloud.sap.corp/job/hana-plugin-deployer/job/PR-299/3/,https://hcplugin.jaas-gcp.cloud.sap.corp/job/hana-plugin-deployer/job/PR-299/3/,1,1,1,2026-08-09 08:11:54.562695,2026-08-28T15:13:00.274356+00:00
https://hanatenantoperator.jaas-gcp.cloud.sap.corp/job/hana-tenant-operator/job/PR-1884/7/,https://hanatenantoperator.jaas-gcp.cloud.sap.corp/job/hana-tenant-operator/job/PR-1884/7/,1,1,1,2026-08-09 07:52:57.973329,2026-08-28T15:13:00.274356+00:00
https://hanatenantoperator.jaas-gcp.cloud.sap.corp/job/hana-tenant-operator/job/PR-1884/6/,https://hanatenantoperator.jaas-gcp.cloud.sap.corp/job/hana-tenant-operator/job/PR-1884/6/,1,1,1,2026-08-09 07:41:57.987650,2026-08-28T15:13:00.274356+00:00
https://edgelayer.jaas-gcp.cloud.sap.corp/job/privatelink-operator/job/PR-618/2/,https://edgelayer.jaas-gcp.cloud.sap.corp/job/privatelink-operator/job/PR-618/2/,1,1,1,2026-08-09 07:06:18.512006,2026-08-28T15:13:00.274356+00:00
https://hanatenantoperator.jaas-gcp.cloud.sap.corp/job/hana-tenant-operator/job/PR-1884/5/,https://hanatenantoperator.jaas-gcp.cloud.sap.corp/job/hana-tenant-operator/job/PR-1884/5/,1,1,1,2026-08-09 05:03:11.834915,2026-08-28T15:13:00.274356+00:00
https://edgelayer.jaas-gcp.cloud.sap.corp/job/envoy-gateway/job/PR-165/3/,https://edgelayer.jaas-gcp.cloud.sap.corp/job/envoy-gateway/job/PR-165/3/,1,1,1,2026-08-09 05:00:54.607451,2026-08-28T15:13:00.274356+00:00
https://hanatenantoperator.jaas-gcp.cloud.sap.corp/job/hana-tenant-operator/job/PR-1884/4/,https://hanatenantoperator.jaas-gcp.cloud.sap.corp/job/hana-tenant-operator/job/PR-1884/4/,1,1,1,2026-08-09 04:54:16.124676,2026-08-28T15:13:00.274356+00:00
https://tenantmgmt.jaas-gcp.cloud.sap.corp/job/tenant-management-service/job/PR-2922/4/,https://tenantmgmt.jaas-gcp.cloud.sap.corp/job/tenant-management-service/job/PR-2922/4/,1,1,1,2026-08-09 04:47:15.392742,2026-08-28T15:13:00.274356+00:00
https://hanatenantoperator.jaas-gcp.cloud.sap.corp/job/hana-tenant-operator/job/PR-1884/3/,https://hanatenantoperator.jaas-gcp.cloud.sap.corp/job/hana-tenant-operator/job/PR-1884/3/,1,1,1,2026-08-09 04:41:57.476559,2026-08-28T15:13:00.274356+00:00
https://tenantmgmt.jaas-gcp.cloud.sap.corp/job/tenant-management-service/job/PR-2922/3/,https://tenantmgmt.jaas-gcp.cloud.sap.corp/job/tenant-management-service/job/PR-2922/3/,1,1,1,2026-08-09 04:04:46.945654,2026-08-28T15:13:00.274356+00:00
https://opainfrastructure.jaas-gcp.cloud.sap.corp/job/open-policy-agent/job/PR-217/6/,https://opainfrastructure.jaas-gcp.cloud.sap.corp/job/open-policy-agent/job/PR-217/6/,1,1,1,2026-08-09 03:36:00.099444,2026-08-28T15:13:00.274356+00:00
https://edgelayer.jaas-gcp.cloud.sap.corp/job/envoy-gateway/job/PR-165/2/,https://edgelayer.jaas-gcp.cloud.sap.corp/job/envoy-gateway/job/PR-165/2/,1,1,1,2026-08-09 03:14:25.190446,2026-08-28T15:13:00.274356+00:00
https://edgelayer.jaas-gcp.cloud.sap.corp/job/envoy-gateway/job/PR-165/1/,https://edgelayer.jaas-gcp.cloud.sap.corp/job/envoy-gateway/job/PR-165/1/,1,1,1,2026-08-09 03:10:07.242452,2026-08-28T15:13:00.274356+00:00
https://terraformer.jaas-gcp.cloud.sap.corp/job/mulitcloud-butler/job/PR-509/175/,https://terraformer.jaas-gcp.cloud.sap.corp/job/mulitcloud-butler/job/PR-509/175/,1,2,2,2026-08-09 01:28:03.559582,2026-08-28T15:13:00.274356+00:00
https://certmanager.jaas-gcp.cloud.sap.corp/job/hana-pki-webhook/job/PR-436/1/,https://certmanager.jaas-gcp.cloud.sap.corp/job/hana-pki-webhook/job/PR-436/1/,1,1,1,2026-08-08 22:36:40.449101,2026-08-28T15:13:00.274356+00:00
https://hcdldp01.jaas-gcp.cloud.sap.corp/job/HANADataLakeDBaaSServicesPRMerge/job/data-publishing-svc/job/PR-1848/1/,https://hcdldp01.jaas-gcp.cloud.sap.corp/job/HANADataLakeDBaaSServicesPRMerge/job/data-publishing-svc/job/PR-1848/1/,1,1,10,2026-08-08 22:35:33.966272,2026-08-28T15:13:00.274356+00:00
https://tenantsearch.jaas-gcp.cloud.sap.corp/job/hc-tenant-search/job/PR-139/10/,https://tenantsearch.jaas-gcp.cloud.sap.corp/job/hc-tenant-search/job/PR-139/10/,1,1,1,2026-08-08 20:44:29.909903,2026-08-28T15:13:00.274356+00:00
https://hc-operation-automation.jaas-gcp.cloud.sap.corp/job/hc-operation-automation/job/PR-20/26/,https://hc-operation-automation.jaas-gcp.cloud.sap.corp/job/hc-operation-automation/job/PR-20/26/,1,1,1,2026-08-08 20:16:51.711474,2026-08-28T15:13:00.274356+00:00
https://tenantsearch.jaas-gcp.cloud.sap.corp/job/hc-tenant-search/job/PR-140/7/,https://tenantsearch.jaas-gcp.cloud.sap.corp/job/hc-tenant-search/job/PR-140/7/,1,1,1,2026-08-08 19:49:15.595251,2026-08-28T15:13:00.274356+00:00
https://gkehanacloudmigrati.jaas-gcp.cloud.sap.corp/job/hana-cloud-migration-service/job/PR-2113/24/,https://gkehanacloudmigrati.jaas-gcp.cloud.sap.corp/job/hana-cloud-migration-service/job/PR-2113/24/,1,1,1,2026-08-08 18:50:23.799660,2026-08-28T15:13:00.274356+00:00
https://tenantsearch.jaas-gcp.cloud.sap.corp/job/hc-tenant-search/job/PR-127/48/,https://tenantsearch.jaas-gcp.cloud.sap.corp/job/hc-tenant-search/job/PR-127/48/,1,1,1,2026-08-08 17:59:28.556019,2026-08-28T15:13:00.274356+00:00
https://vaultcontent.jaas-gcp.cloud.sap.corp/job/csi-wtf/job/PR-82/4/,https://vaultcontent.jaas-gcp.cloud.sap.corp/job/csi-wtf/job/PR-82/4/,1,1,10,2026-08-08 17:28:55.848499,2026-08-28T15:13:00.274356+00:00
https://hanaserviceoperator.jaas-gcp.cloud.sap.corp/job/hanaservice-operator/job/PR-1355/87/,https://hanaserviceoperator.jaas-gcp.cloud.sap.corp/job/hanaservice-operator/job/PR-1355/87/,1,1,1,2026-08-08 17:04:11.427495,2026-08-28T15:13:00.274356+00:00
https://hcpurple.jaas-gcp.cloud.sap.corp/job/csi-assembly-docker/job/PR-32/45/,https://hcpurple.jaas-gcp.cloud.sap.corp/job/csi-assembly-docker/job/PR-32/45/,1,4,5,2026-08-08 16:42:31.021149,2026-08-28T15:13:00.274356+00:00
https://hchre.jaas-gcp.cloud.sap.corp/job/disk_usage_wf_pipeline/job/PR-217/1/,https://hchre.jaas-gcp.cloud.sap.corp/job/disk_usage_wf_pipeline/job/PR-217/1/,1,1,1,2026-08-08 16:22:44.452276,2026-08-28T15:13:00.274356+00:00
https://hanaserviceoperator.jaas-gcp.cloud.sap.corp/job/hanaservice-operator/job/PR-1355/86/,https://hanaserviceoperator.jaas-gcp.cloud.sap.corp/job/hanaservice-operator/job/PR-1355/86/,1,1,1,2026-08-08 15:58:08.714148,2026-08-28T15:13:00.274356+00:00
https://tenant-move-operator.jaas-gcp.cloud.sap.corp/job/hana-tenant-move-operator/job/PR-409/32/,https://tenant-move-operator.jaas-gcp.cloud.sap.corp/job/hana-tenant-move-operator/job/PR-409/32/,1,1,1,2026-08-08 15:37:54.439504,2026-08-28T15:13:00.274356+00:00
https://gkebackupoperator.jaas-gcp.cloud.sap.corp/job/Backup-Object-Store/job/PR-777/7/,https://gkebackupoperator.jaas-gcp.cloud.sap.corp/job/Backup-Object-Store/job/PR-777/7/,1,1,1,2026-08-08 11:13:03.086550,2026-08-28T15:13:00.274356+00:00
https://oreo.jaas-gcp.cloud.sap.corp/job/hana-cloud-hana-service-api/job/PR-132/54/,https://oreo.jaas-gcp.cloud.sap.corp/job/hana-cloud-hana-service-api/job/PR-132/54/,1,1,1,2026-08-08 09:40:54.217098,2026-08-28T15:13:00.274356+00:00
https://edgelayer.jaas-gcp.cloud.sap.corp/job/privatelink-operator/job/PR-618/1/,https://edgelayer.jaas-gcp.cloud.sap.corp/job/privatelink-operator/job/PR-618/1/,1,1,1,2026-08-08 06:46:06.500426,2026-08-28T15:13:00.274356+00:00
https://hcdldp01.jaas-gcp.cloud.sap.corp/job/HANADataLakeDBaaSServicesPRMerge/job/data-publishing-svc/job/PR-1847/1/,https://hcdldp01.jaas-gcp.cloud.sap.corp/job/HANADataLakeDBaaSServicesPRMerge/job/data-publishing-svc/job/PR-1847/1/,1,1,1,2026-08-08 05:27:27.821653,2026-08-28T15:13:00.274356+00:00
https://security-checker.jaas-gcp.cloud.sap.corp/job/security-checker/job/PR-160/7/,https://security-checker.jaas-gcp.cloud.sap.corp/job/security-checker/job/PR-160/7/,1,1,1,2026-08-08 04:32:36.821804,2026-08-28T15:13:00.274356+00:00
https://security-checker.jaas-gcp.cloud.sap.corp/job/security-checker/job/PR-159/6/,https://security-checker.jaas-gcp.cloud.sap.corp/job/security-checker/job/PR-159/6/,1,1,1,2026-08-08 04:32:31.446436,2026-08-28T15:13:00.274356+00:00
https://security-checker.jaas-gcp.cloud.sap.corp/job/security-checker/job/PR-165/3/,https://security-checker.jaas-gcp.cloud.sap.corp/job/security-checker/job/PR-165/3/,1,1,1,2026-08-08 04:32:15.868277,2026-08-28T15:13:00.274356+00:00
https://security-checker.jaas-gcp.cloud.sap.corp/job/security-checker/job/PR-162/5/,https://security-checker.jaas-gcp.cloud.sap.corp/job/security-checker/job/PR-162/5/,1,1,1,2026-08-08 04:32:10.313744,2026-08-28T15:13:00.274356+00:00
https://security-checker.jaas-gcp.cloud.sap.corp/job/security-checker/job/PR-168/2/,https://security-checker.jaas-gcp.cloud.sap.corp/job/security-checker/job/PR-168/2/,1,1,1,2026-08-08 04:32:04.633560,2026-08-28T15:13:00.274356+00:00
https://security-checker.jaas-gcp.cloud.sap.corp/job/security-checker/job/PR-145/35/,https://security-checker.jaas-gcp.cloud.sap.corp/job/security-checker/job/PR-145/35/,1,1,1,2026-08-08 04:31:49.060753,2026-08-28T15:13:00.274356+00:00
https://smvrsyncservice.jaas-gcp.cloud.sap.corp/job/hana-xregion-hsr-operator/job/PR-499/10/,https://smvrsyncservice.jaas-gcp.cloud.sap.corp/job/hana-xregion-hsr-operator/job/PR-499/10/,1,1,1,2026-08-08 04:11:22.666882,2026-08-28T15:13:00.274356+00:00
https://smvrsyncservice.jaas-gcp.cloud.sap.corp/job/hana-xregion-hsr-operator/job/PR-491/13/,https://smvrsyncservice.jaas-gcp.cloud.sap.corp/job/hana-xregion-hsr-operator/job/PR-491/13/,1,1,1,2026-08-08 04:10:26.160221,2026-08-28T15:13:00.274356+00:00
https://smvrsyncservice.jaas-gcp.cloud.sap.corp/job/hana-xregion-hsr-operator/job/PR-505/3/,https://smvrsyncservice.jaas-gcp.cloud.sap.corp/job/hana-xregion-hsr-operator/job/PR-505/3/,1,1,1,2026-08-08 04:10:10.373415,2026-08-28T15:13:00.274356+00:00
https://smvrsyncservice.jaas-gcp.cloud.sap.corp/job/hana-xregion-hsr-operator/job/PR-493/9/,https://smvrsyncservice.jaas-gcp.cloud.sap.corp/job/hana-xregion-hsr-operator/job/PR-493/9/,1,1,1,2026-08-08 04:10:04.209511,2026-08-28T15:13:00.274356+00:00
https://smvrsyncservice.jaas-gcp.cloud.sap.corp/job/hana-xregion-hsr-operator/job/PR-477/22/,https://smvrsyncservice.jaas-gcp.cloud.sap.corp/job/hana-xregion-hsr-operator/job/PR-477/22/,1,1,1,2026-08-08 04:09:58.405384,2026-08-28T15:13:00.274356+00:00
https://smvrsyncservice.jaas-gcp.cloud.sap.corp/job/hana-xregion-hsr-operator/job/PR-380/86/,https://smvrsyncservice.jaas-gcp.cloud.sap.corp/job/hana-xregion-hsr-operator/job/PR-380/86/,1,1,1,2026-08-08 04:09:52.597711,2026-08-28T15:13:00.274356+00:00
https://smvrsyncservice.jaas-gcp.cloud.sap.corp/job/hana-xregion-hsr-operator/job/PR-506/4/,https://smvrsyncservice.jaas-gcp.cloud.sap.corp/job/hana-xregion-hsr-operator/job/PR-506/4/,1,1,1,2026-08-08 04:09:47.100640,2026-08-28T15:13:00.274356+00:00
https://hc-monitoring-agent.jaas-gcp.cloud.sap.corp/job/hc-monitoring-agent/job/PR-13/26/,https://hc-monitoring-agent.jaas-gcp.cloud.sap.corp/job/hc-monitoring-agent/job/PR-13/26/,1,1,1,2026-08-08 03:43:33.519357,2026-08-28T15:13:00.274356+00:00
https://hc-monitoring-mcp-server.jaas-gcp.cloud.sap.corp/job/hc-monitoring-mcp-server/job/PR-10/138/,https://hc-monitoring-mcp-server.jaas-gcp.cloud.sap.corp/job/hc-monitoring-mcp-server/job/PR-10/138/,1,1,1,2026-08-08 03:34:33.192411,2026-08-28T15:13:00.274356+00:00
https://alicloud.jaas-gcp.cloud.sap.corp/job/hc-rbsc/job/PR-8/170/,https://alicloud.jaas-gcp.cloud.sap.corp/job/hc-rbsc/job/PR-8/170/,1,1,1,2026-08-08 03:11:33.828591,2026-08-28T15:13:00.274356+00:00
https://setup-account.jaas-gcp.cloud.sap.corp/job/setup-account/job/PR-6752/2/,https://setup-account.jaas-gcp.cloud.sap.corp/job/setup-account/job/PR-6752/2/,1,1,1,2026-08-08 02:43:07.718497,2026-08-28T15:13:00.274356+00:00
https://setup-account.jaas-gcp.cloud.sap.corp/job/setup-account/job/PR-6752/1/,https://setup-account.jaas-gcp.cloud.sap.corp/job/setup-account/job/PR-6752/1/,1,1,1,2026-08-08 02:20:11.509680,2026-08-28T15:13:00.274356+00:00
https://advisorservice.jaas-gcp.cloud.sap.corp/job/advisor-api-server/job/PR-704/10/,https://advisorservice.jaas-gcp.cloud.sap.corp/job/advisor-api-server/job/PR-704/10/,1,1,1,2026-08-08 02:15:33.745923,2026-08-28T15:13:00.274356+00:00
https://tenantmgmt.jaas-gcp.cloud.sap.corp/job/tenant-management-service/job/PR-2922/2/,https://tenantmgmt.jaas-gcp.cloud.sap.corp/job/tenant-management-service/job/PR-2922/2/,1,1,1,2026-08-08 01:49:38.855165,2026-08-28T15:13:00.274356+00:00
https://hanatenantoperator.jaas-gcp.cloud.sap.corp/job/hana-tenant-operator/job/PR-1884/2/,https://hanatenantoperator.jaas-gcp.cloud.sap.corp/job/hana-tenant-operator/job/PR-1884/2/,1,1,1,2026-08-08 01:42:20.750170,2026-08-28T15:13:00.274356+00:00
https://metering.jaas-gcp.cloud.sap.corp/job/metering/job/PR-890/20/,https://metering.jaas-gcp.cloud.sap.corp/job/metering/job/PR-890/20/,1,1,1,2026-08-08 01:18:32.751896,2026-08-28T15:13:00.274356+00:00
https://metering.jaas-gcp.cloud.sap.corp/job/metering/job/PR-889/20/,https://metering.jaas-gcp.cloud.sap.corp/job/metering/job/PR-889/20/,1,1,1,2026-08-08 01:18:28.813961,2026-08-28T15:13:00.274356+00:00
https://metering.jaas-gcp.cloud.sap.corp/job/metering/job/PR-897/16/,https://metering.jaas-gcp.cloud.sap.corp/job/metering/job/PR-897/16/,1,1,1,2026-08-08 01:18:23.157027,2026-08-28T15:13:00.274356+00:00
https://metering.jaas-gcp.cloud.sap.corp/job/metering/job/PR-892/28/,https://metering.jaas-gcp.cloud.sap.corp/job/metering/job/PR-892/28/,1,1,1,2026-08-08 01:18:17.888240,2026-08-28T15:13:00.274356+00:00
https://tenantmgmt.jaas-gcp.cloud.sap.corp/job/tenant-management-service/job/PR-2922/1/,https://tenantmgmt.jaas-gcp.cloud.sap.corp/job/tenant-management-service/job/PR-2922/1/,1,1,1,2026-08-08 01:08:37.620865,2026-08-28T15:13:00.274356+00:00
https://hanatenantoperator.jaas-gcp.cloud.sap.corp/job/hana-tenant-operator/job/PR-1884/1/,https://hanatenantoperator.jaas-gcp.cloud.sap.corp/job/hana-tenant-operator/job/PR-1884/1/,1,1,1,2026-08-08 01:01:30.867423,2026-08-28T15:13:00.274356+00:00
https://sspclouddev.jaas-gcp.cloud.sap.corp/job/hana-snapshot-operator/job/PR-1377/84/,https://sspclouddev.jaas-gcp.cloud.sap.corp/job/hana-snapshot-operator/job/PR-1377/84/,1,1,1,2026-08-08 00:40:47.553665,2026-08-28T15:13:00.274356+00:00
https://sspclouddev.jaas-gcp.cloud.sap.corp/job/hana-snapshot-operator/job/PR-1313/123/,https://sspclouddev.jaas-gcp.cloud.sap.corp/job/hana-snapshot-operator/job/PR-1313/123/,1,1,1,2026-08-08 00:40:20.746866,2026-08-28T15:13:00.274356+00:00
https://sspclouddev.jaas-gcp.cloud.sap.corp/job/hana-snapshot-operator/job/PR-1350/95/,https://sspclouddev.jaas-gcp.cloud.sap.corp/job/hana-snapshot-operator/job/PR-1350/95/,1,1,2,2026-08-08 00:38:41.850326,2026-08-28T15:13:00.274356+00:00
https://gkehaasmonitoring.jaas-gcp.cloud.sap.corp/job/cloud-provider-exporter/job/PR-867/1/,https://gkehaasmonitoring.jaas-gcp.cloud.sap.corp/job/cloud-provider-exporter/job/PR-867/1/,1,1,6,2026-08-07 23:19:54.322035,2026-08-28T15:13:00.274356+00:00
https://subscriptionbroker.jaas-gcp.cloud.sap.corp/job/subscription-broker/job/PR-343/4/,https://subscriptionbroker.jaas-gcp.cloud.sap.corp/job/subscription-broker/job/PR-343/4/,1,1,1,2026-08-07 21:53:56.883814,2026-08-28T15:13:00.274356+00:00
https://subscriptionbroker.jaas-gcp.cloud.sap.corp/job/subscription-broker/job/PR-365/3/,https://subscriptionbroker.jaas-gcp.cloud.sap.corp/job/subscription-broker/job/PR-365/3/,1,1,1,2026-08-07 21:00:50.191528,2026-08-28T15:13:00.274356+00:00
https://subscriptionbroker.jaas-gcp.cloud.sap.corp/job/subscription-broker/job/PR-365/2/,https://subscriptionbroker.jaas-gcp.cloud.sap.corp/job/subscription-broker/job/PR-365/2/,1,1,1,2026-08-07 20:56:08.989266,2026-08-28T15:13:00.274356+00:00
https://subscriptionbroker.jaas-gcp.cloud.sap.corp/job/subscription-broker/job/PR-365/1/,https://subscriptionbroker.jaas-gcp.cloud.sap.corp/job/subscription-broker/job/PR-365/1/,1,1,1,2026-08-07 20:29:39.255656,2026-08-28T15:13:00.274356+00:00
https://gkehanacloudmigrati.jaas-gcp.cloud.sap.corp/job/hana-cloud-migration-service/job/PR-2113/23/,https://gkehanacloudmigrati.jaas-gcp.cloud.sap.corp/job/hana-cloud-migration-service/job/PR-2113/23/,1,1,1,2026-08-07 18:50:03.941213,2026-08-28T15:13:00.274356+00:00
https://hdlservices2.jaas-gcp.cloud.sap.corp/job/HANADataLakeDBaaSServicesPRMerge/job/hdlre-access-operator/job/PR-566/1/,https://hdlservices2.jaas-gcp.cloud.sap.corp/job/HANADataLakeDBaaSServicesPRMerge/job/hdlre-access-operator/job/PR-566/1/,1,1,1,2026-08-07 18:44:25.603817,2026-08-28T15:13:00.274356+00:00
https://pingservice.jaas-gcp.cloud.sap.corp/job/ping-agent/job/PR-579/4/,https://pingservice.jaas-gcp.cloud.sap.corp/job/ping-agent/job/PR-579/4/,1,1,1,2026-08-07 18:19:45.677646,2026-08-28T15:13:00.274356+00:00
https://gkehanacloudservice.jaas-gcp.cloud.sap.corp/job/trace-file-collector/job/PR-640/1/,https://gkehanacloudservice.jaas-gcp.cloud.sap.corp/job/trace-file-collector/job/PR-640/1/,1,1,1,2026-08-07 17:57:04.432104,2026-08-28T15:13:00.274356+00:00
https://setup-account.jaas-gcp.cloud.sap.corp/job/setup-account/job/PR-6725/6/,https://setup-account.jaas-gcp.cloud.sap.corp/job/setup-account/job/PR-6725/6/,1,1,1,2026-08-07 17:34:32.899006,2026-08-28T15:13:00.274356+00:00
https://gkebackupoperator.jaas-gcp.cloud.sap.corp/job/backup-common/job/PR-1409/1/,https://gkebackupoperator.jaas-gcp.cloud.sap.corp/job/backup-common/job/PR-1409/1/,1,1,1,2026-08-07 17:27:45.871602,2026-08-28T15:13:00.274356+00:00
https://hcpurple.jaas-gcp.cloud.sap.corp/job/csi-assembly-docker/job/PR-32/44/,https://hcpurple.jaas-gcp.cloud.sap.corp/job/csi-assembly-docker/job/PR-32/44/,1,4,5,2026-08-07 16:57:51.286394,2026-08-28T15:13:00.274356+00:00
https://persistency-service.jaas-gcp.cloud.sap.corp/job/persistency-service-operator/job/PR-135/48/,https://persistency-service.jaas-gcp.cloud.sap.corp/job/persistency-service-operator/job/PR-135/48/,1,1,1,2026-08-07 16:28:32.351503,2026-08-28T15:13:00.274356+00:00
https://edgelayer.jaas-gcp.cloud.sap.corp/job/EdgeRouter/job/PR-1328/4/,https://edgelayer.jaas-gcp.cloud.sap.corp/job/EdgeRouter/job/PR-1328/4/,1,1,2,2026-08-07 16:21:29.521446,2026-08-28T15:13:00.274356+00:00
https://tenant-move-operator.jaas-gcp.cloud.sap.corp/job/hana-tenant-move-operator/job/PR-409/31/,https://tenant-move-operator.jaas-gcp.cloud.sap.corp/job/hana-tenant-move-operator/job/PR-409/31/,1,1,1,2026-08-07 15:59:39.481983,2026-08-28T15:13:00.274356+00:00
https://gkehanacloudservice.jaas-gcp.cloud.sap.corp/job/hana-system-replication-rest-api/job/PR-330/1/,https://gkehanacloudservice.jaas-gcp.cloud.sap.corp/job/hana-system-replication-rest-api/job/PR-330/1/,1,1,1,2026-08-07 15:47:47.777109,2026-08-28T15:13:00.274356+00:00
https://hcstatsservice.jaas-gcp.cloud.sap.corp/job/hc-statistics-collector-operator/job/PR-584/2/,https://hcstatsservice.jaas-gcp.cloud.sap.corp/job/hc-statistics-collector-operator/job/PR-584/2/,1,1,1,2026-08-07 15:46:05.244328,2026-08-28T15:13:00.274356+00:00
https://gkehanacloudservice.jaas-gcp.cloud.sap.corp/job/hana-system-replication-rest-api/job/PR-325/3/,https://gkehanacloudservice.jaas-gcp.cloud.sap.corp/job/hana-system-replication-rest-api/job/PR-325/3/,1,1,4,2026-08-07 15:41:48.792032,2026-08-28T15:13:00.274356+00:00
https://pingservice.jaas-gcp.cloud.sap.corp/job/ping-agent/job/PR-579/3/,https://pingservice.jaas-gcp.cloud.sap.corp/job/ping-agent/job/PR-579/3/,1,1,4,2026-08-07 15:39:00.157013,2026-08-28T15:13:00.274356+00:00
https://persistency-service.jaas-gcp.cloud.sap.corp/job/persistency-service-operator/job/PR-135/47/,https://persistency-service.jaas-gcp.cloud.sap.corp/job/persistency-service-operator/job/PR-135/47/,1,1,1,2026-08-07 15:35:05.868510,2026-08-28T15:13:00.274356+00:00
https://smvrsyncservice.jaas-gcp.cloud.sap.corp/job/hana-xregion-hsr-operator/job/PR-421/43/,https://smvrsyncservice.jaas-gcp.cloud.sap.corp/job/hana-xregion-hsr-operator/job/PR-421/43/,1,1,1,2026-08-07 15:21:51.125043,2026-08-28T15:13:00.274356+00:00
https://hcstatsservice.jaas-gcp.cloud.sap.corp/job/hc-statistics-collector-operator/job/PR-584/1/,https://hcstatsservice.jaas-gcp.cloud.sap.corp/job/hc-statistics-collector-operator/job/PR-584/1/,1,1,1,2026-08-07 15:21:15.837724,2026-08-28T15:13:00.274356+00:00
https://smvrsyncservice.jaas-gcp.cloud.sap.corp/job/hana-node-operator/job/PR-1752/3/,https://smvrsyncservice.jaas-gcp.cloud.sap.corp/job/hana-node-operator/job/PR-1752/3/,1,1,1,2026-08-07 15:20:56.026702,2026-08-28T15:13:00.274356+00:00
https://hciteamblue.jaas-gcp.cloud.sap.corp/job/csi-cleanup/job/PR-238/1/,https://hciteamblue.jaas-gcp.cloud.sap.corp/job/csi-cleanup/job/PR-238/1/,1,1,2,2026-08-07 15:20:00.502355,2026-08-28T15:13:00.274356+00:00
https://hciteamblue.jaas-gcp.cloud.sap.corp/job/csi-cleanup/job/PR-239/1/,https://hciteamblue.jaas-gcp.cloud.sap.corp/job/csi-cleanup/job/PR-239/1/,1,1,1,2026-08-07 15:18:43.356406,2026-08-28T15:13:00.274356+00:00
https://gkehanacloudservice.jaas-gcp.cloud.sap.corp/job/hanaservice-topology-operator/job/PR-291/4/,https://gkehanacloudservice.jaas-gcp.cloud.sap.corp/job/hanaservice-topology-operator/job/PR-291/4/,1,1,1,2026-08-07 15:15:56.526868,2026-08-28T15:13:00.274356+00:00
https://hcdldp01.jaas-gcp.cloud.sap.corp/job/HANADataLakeDBaaSServicesPRMerge/job/data-publishing-svc/job/PR-1846/1/,https://hcdldp01.jaas-gcp.cloud.sap.corp/job/HANADataLakeDBaaSServicesPRMerge/job/data-publishing-svc/job/PR-1846/1/,1,1,1,2026-08-07 15:12:10.327450,2026-08-28T15:13:00.274356+00:00
https://persistency-service.jaas-gcp.cloud.sap.corp/job/persistency-service-operator/job/PR-135/46/,https://persistency-service.jaas-gcp.cloud.sap.corp/job/persistency-service-operator/job/PR-135/46/,1,1,1,2026-08-07 15:00:46.083557,2026-08-28T15:13:00.274356+00:00
https://gkehanacloudservice.jaas-gcp.cloud.sap.corp/job/hana-system-replication/job/PR-815/2/,https://gkehanacloudservice.jaas-gcp.cloud.sap.corp/job/hana-system-replication/job/PR-815/2/,1,1,2,2026-08-07 14:47:52.950570,2026-08-28T15:13:00.274356+00:00
https://hcnzdworkflows.jaas-gcp.cloud.sap.corp/job/hana-near-zero-downtime-operator/job/PR-986/1/,https://hcnzdworkflows.jaas-gcp.cloud.sap.corp/job/hana-near-zero-downtime-operator/job/PR-986/1/,1,1,11,2026-08-07 14:16:10.374644,2026-08-28T15:13:00.274356+00:00
https://gkehanacloudmigrati.jaas-gcp.cloud.sap.corp/job/hana-cloud-migration-service/job/PR-1989/37/,https://gkehanacloudmigrati.jaas-gcp.cloud.sap.corp/job/hana-cloud-migration-service/job/PR-1989/37/,1,1,1,2026-08-07 14:09:34.081142,2026-08-28T15:13:00.274356+00:00
https://opainfrastructure.jaas-gcp.cloud.sap.corp/job/open-policy-agent/job/PR-217/5/,https://opainfrastructure.jaas-gcp.cloud.sap.corp/job/open-policy-agent/job/PR-217/5/,1,1,1,2026-08-07 13:55:37.968610,2026-08-28T15:13:00.274356+00:00
https://persistency-service.jaas-gcp.cloud.sap.corp/job/persistency-service-operator/job/PR-135/45/,https://persistency-service.jaas-gcp.cloud.sap.corp/job/persistency-service-operator/job/PR-135/45/,1,1,1,2026-08-07 13:49:44.687330,2026-08-28T15:13:00.274356+00:00
https://gkebackupoperator.jaas-gcp.cloud.sap.corp/job/Backup-Operator/job/PR-1702/17/,https://gkebackupoperator.jaas-gcp.cloud.sap.corp/job/Backup-Operator/job/PR-1702/17/,1,1,1,2026-08-07 13:39:47.625081,2026-08-28T15:13:00.274356+00:00
https://smvrsyncservice.jaas-gcp.cloud.sap.corp/job/hana-node-operator/job/PR-1739/20/,https://smvrsyncservice.jaas-gcp.cloud.sap.corp/job/hana-node-operator/job/PR-1739/20/,1,1,7,2026-08-07 13:35:32.442723,2026-08-28T15:13:00.274356+00:00
https://smvrsyncservice.jaas-gcp.cloud.sap.corp/job/smvr-sync-service/job/PR-2139/5/,https://smvrsyncservice.jaas-gcp.cloud.sap.corp/job/smvr-sync-service/job/PR-2139/5/,1,1,1,2026-08-07 13:14:13.668772,2026-08-28T15:13:00.274356+00:00
https://hcdioperator.jaas-gcp.cloud.sap.corp/job/hana-cloud-controller/job/PR-359/4/,https://hcdioperator.jaas-gcp.cloud.sap.corp/job/hana-cloud-controller/job/PR-359/4/,1,1,1,2026-08-07 13:11:37.733957,2026-08-28T15:13:00.274356+00:00
https://persistency-service.jaas-gcp.cloud.sap.corp/job/persistency-service-operator/job/PR-135/44/,https://persistency-service.jaas-gcp.cloud.sap.corp/job/persistency-service-operator/job/PR-135/44/,1,1,1,2026-08-07 13:10:49.624169,2026-08-28T15:13:00.274356+00:00
https://smvrsyncservice.jaas-gcp.cloud.sap.corp/job/nzdo-over-smvr-operator/job/PR-536/1/,https://smvrsyncservice.jaas-gcp.cloud.sap.corp/job/nzdo-over-smvr-operator/job/PR-536/1/,1,1,1,2026-08-07 13:10:15.399413,2026-08-28T15:13:00.274356+00:00
https://smvrsyncservice.jaas-gcp.cloud.sap.corp/job/nzdo-over-smvr-operator/job/PR-536/2/,https://smvrsyncservice.jaas-gcp.cloud.sap.corp/job/nzdo-over-smvr-operator/job/PR-536/2/,1,1,1,2026-08-07 13:10:11.148813,2026-08-28T15:13:00.274356+00:00
https://hcplugin.jaas-gcp.cloud.sap.corp/job/hana-session-manager/job/PR-217/2/,https://hcplugin.jaas-gcp.cloud.sap.corp/job/hana-session-manager/job/PR-217/2/,1,1,1,2026-08-07 13:07:34.405616,2026-08-28T15:13:00.274356+00:00
https://advisorservice.jaas-gcp.cloud.sap.corp/job/advisor-api-server/job/PR-704/9/,https://advisorservice.jaas-gcp.cloud.sap.corp/job/advisor-api-server/job/PR-704/9/,1,1,1,2026-08-07 12:55:55.214429,2026-08-28T15:13:00.274356+00:00
https://hcplugin.jaas-gcp.cloud.sap.corp/job/hana-session-manager/job/PR-217/1/,https://hcplugin.jaas-gcp.cloud.sap.corp/job/hana-session-manager/job/PR-217/1/,1,1,1,2026-08-07 12:55:23.262151,2026-08-28T15:13:00.274356+00:00
https://setup-account.jaas-gcp.cloud.sap.corp/job/setup-account/job/PR-6501/52/,https://setup-account.jaas-gcp.cloud.sap.corp/job/setup-account/job/PR-6501/52/,1,1,1,2026-08-07 12:39:55.971117,2026-08-28T15:13:00.274356+00:00
https://ernoperator.jaas-gcp.cloud.sap.corp/job/ern-operator/job/PR-1065/11/,https://ernoperator.jaas-gcp.cloud.sap.corp/job/ern-operator/job/PR-1065/11/,1,1,2,2026-08-07 12:18:55.266993,2026-08-28T15:13:00.274356+00:00
https://ernoperator.jaas-gcp.cloud.sap.corp/job/ern-operator/job/PR-1065/12/,https://ernoperator.jaas-gcp.cloud.sap.corp/job/ern-operator/job/PR-1065/12/,1,1,1,2026-08-07 12:17:35.111279,2026-08-28T15:13:00.274356+00:00
https://hcplugin.jaas-gcp.cloud.sap.corp/job/plugin-base/job/PR-175/2/,https://hcplugin.jaas-gcp.cloud.sap.corp/job/plugin-base/job/PR-175/2/,1,1,1,2026-08-07 12:08:00.163457,2026-08-28T15:13:00.274356+00:00
https://persistency-service.jaas-gcp.cloud.sap.corp/job/persistency-service-operator/job/PR-135/43/,https://persistency-service.jaas-gcp.cloud.sap.corp/job/persistency-service-operator/job/PR-135/43/,1,1,1,2026-08-07 11:54:16.688191,2026-08-28T15:13:00.274356+00:00
https://setup-account.jaas-gcp.cloud.sap.corp/job/setup-account/job/PR-6580/38/,https://setup-account.jaas-gcp.cloud.sap.corp/job/setup-account/job/PR-6580/38/,1,1,1,2026-08-07 11:42:12.935730,2026-08-28T15:13:00.274356+00:00
https://gkehanacloudservice.jaas-gcp.cloud.sap.corp/job/trace-file-collector/job/PR-638/18/,https://gkehanacloudservice.jaas-gcp.cloud.sap.corp/job/trace-file-collector/job/PR-638/18/,1,1,1,2026-08-07 11:29:12.792977,2026-08-28T15:13:00.274356+00:00
https://setup-account.jaas-gcp.cloud.sap.corp/job/setup-account/job/PR-6580/37/,https://setup-account.jaas-gcp.cloud.sap.corp/job/setup-account/job/PR-6580/37/,1,1,1,2026-08-07 11:20:13.767427,2026-08-28T15:13:00.274356+00:00
https://smvrsyncservice.jaas-gcp.cloud.sap.corp/job/hana-xregion-hsr-operator/job/PR-421/40/,https://smvrsyncservice.jaas-gcp.cloud.sap.corp/job/hana-xregion-hsr-operator/job/PR-421/40/,1,1,1,2026-08-07 11:17:05.071225,2026-08-28T15:13:00.274356+00:00
https://gkehanacloudservice.jaas-gcp.cloud.sap.corp/job/trace-file-collector/job/PR-639/1/,https://gkehanacloudservice.jaas-gcp.cloud.sap.corp/job/trace-file-collector/job/PR-639/1/,1,1,1,2026-08-07 11:03:36.383850,2026-08-28T15:13:00.274356+00:00
https://setup-account.jaas-gcp.cloud.sap.corp/job/setup-account/job/PR-6746/4/,https://setup-account.jaas-gcp.cloud.sap.corp/job/setup-account/job/PR-6746/4/,1,1,1,2026-08-07 10:56:24.006965,2026-08-28T15:13:00.274356+00:00
https://hanatenantmovejob.jaas-gcp.cloud.sap.corp/job/hana-native-tenant-move-job/job/PR-895/44/,https://hanatenantmovejob.jaas-gcp.cloud.sap.corp/job/hana-native-tenant-move-job/job/PR-895/44/,1,1,1,2026-08-07 10:55:16.847787,2026-08-28T15:13:00.274356+00:00
https://hanatenantmovejob.jaas-gcp.cloud.sap.corp/job/hana-native-tenant-move-job/job/PR-824/96/,https://hanatenantmovejob.jaas-gcp.cloud.sap.corp/job/hana-native-tenant-move-job/job/PR-824/96/,1,1,1,2026-08-07 10:52:05.533852,2026-08-28T15:13:00.274356+00:00
https://persistency-service.jaas-gcp.cloud.sap.corp/job/persistency-service-operator/job/PR-146/1/,https://persistency-service.jaas-gcp.cloud.sap.corp/job/persistency-service-operator/job/PR-146/1/,1,1,1,2026-08-07 10:46:16.146486,2026-08-28T15:13:00.274356+00:00
https://hctelemetry.jaas-gcp.cloud.sap.corp/job/hc-telemetry-grafana/job/PR-11/68/,https://hctelemetry.jaas-gcp.cloud.sap.corp/job/hc-telemetry-grafana/job/PR-11/68/,1,2,2,2026-08-07 10:44:27.794398,2026-08-28T15:13:00.274356+00:00
https://gkehanacloudservice.jaas-gcp.cloud.sap.corp/job/hanaservice-topology-operator/job/PR-291/2/,https://gkehanacloudservice.jaas-gcp.cloud.sap.corp/job/hanaservice-topology-operator/job/PR-291/2/,1,1,1,2026-08-07 10:24:45.969713,2026-08-28T15:13:00.274356+00:00
https://hcdldp01.jaas-gcp.cloud.sap.corp/job/HANADataLakeDBaaSServicesPRMerge/job/data-publishing-svc/job/PR-1842/1/,https://hcdldp01.jaas-gcp.cloud.sap.corp/job/HANADataLakeDBaaSServicesPRMerge/job/data-publishing-svc/job/PR-1842/1/,1,1,6,2026-08-07 10:07:20.632262,2026-08-28T15:13:00.274356+00:00
https://featureguard.jaas-gcp.cloud.sap.corp/job/featureguard/job/PR-462/4/,https://featureguard.jaas-gcp.cloud.sap.corp/job/featureguard/job/PR-462/4/,1,1,1,2026-08-07 09:54:51.925526,2026-08-28T15:13:00.274356+00:00
https://gkebackupoperator.jaas-gcp.cloud.sap.corp/job/Backup-Operator/job/PR-1702/16/,https://gkebackupoperator.jaas-gcp.cloud.sap.corp/job/Backup-Operator/job/PR-1702/16/,1,1,1,2026-08-07 09:52:38.982732,2026-08-28T15:13:00.274356+00:00
https://setup-account.jaas-gcp.cloud.sap.corp/job/setup-account/job/PR-6746/3/,https://setup-account.jaas-gcp.cloud.sap.corp/job/setup-account/job/PR-6746/3/,1,1,1,2026-08-07 09:45:15.411611,2026-08-28T15:13:00.274356+00:00
https://gkehanacloudservice.jaas-gcp.cloud.sap.corp/job/hanaservice-topology-operator/job/PR-291/1/,https://gkehanacloudservice.jaas-gcp.cloud.sap.corp/job/hanaservice-topology-operator/job/PR-291/1/,1,1,1,2026-08-07 09:42:06.618739,2026-08-28T15:13:00.274356+00:00
https://hanacloudai.jaas-gcp.cloud.sap.corp/job/hana-cloud-mcp/job/PR-46/1/,https://hanacloudai.jaas-gcp.cloud.sap.corp/job/hana-cloud-mcp/job/PR-46/1/,1,2,2,2026-08-07 09:41:41.799440,2026-08-28T15:13:00.274356+00:00
https://analyticsintservice.jaas-gcp.cloud.sap.corp/job/hana-analytics-integration-service/job/PR-212/42/,https://analyticsintservice.jaas-gcp.cloud.sap.corp/job/hana-analytics-integration-service/job/PR-212/42/,1,1,1,2026-08-07 09:35:34.241973,2026-08-28T15:13:00.274356+00:00
https://gkeservices4haas.jaas-gcp.cloud.sap.corp/job/connectivity-operator/job/PR-889/1/,https://gkeservices4haas.jaas-gcp.cloud.sap.corp/job/connectivity-operator/job/PR-889/1/,1,1,1,2026-08-07 09:30:06.961808,2026-08-28T15:13:00.274356+00:00
https://featureguard.jaas-gcp.cloud.sap.corp/job/featureguard/job/PR-462/3/,https://featureguard.jaas-gcp.cloud.sap.corp/job/featureguard/job/PR-462/3/,1,1,1,2026-08-07 09:29:50.054131,2026-08-28T15:13:00.274356+00:00
https://hcruntimeindependence.jaas-gcp.cloud.sap.corp/job/runtime-independence-workflows/job/PR-167/3/,https://hcruntimeindependence.jaas-gcp.cloud.sap.corp/job/runtime-independence-workflows/job/PR-167/3/,1,1,1,2026-08-07 09:29:23.357714,2026-08-28T15:13:00.274356+00:00
https://setup-account.jaas-gcp.cloud.sap.corp/job/setup-account/job/PR-6580/36/,https://setup-account.jaas-gcp.cloud.sap.corp/job/setup-account/job/PR-6580/36/,1,1,1,2026-08-07 09:22:42.388388,2026-08-28T15:13:00.274356+00:00
https://smvrsyncservice.jaas-gcp.cloud.sap.corp/job/smvr-sync-service/job/PR-2127/22/,https://smvrsyncservice.jaas-gcp.cloud.sap.corp/job/smvr-sync-service/job/PR-2127/22/,1,1,1,2026-08-07 09:22:38.119715,2026-08-28T15:13:00.274356+00:00
https://setup-account.jaas-gcp.cloud.sap.corp/job/setup-account/job/PR-6745/2/,https://setup-account.jaas-gcp.cloud.sap.corp/job/setup-account/job/PR-6745/2/,1,1,1,2026-08-07 09:19:06.162839,2026-08-28T15:13:00.274356+00:00
https://setup-account.jaas-gcp.cloud.sap.corp/job/setup-account/job/PR-6746/1/,https://setup-account.jaas-gcp.cloud.sap.corp/job/setup-account/job/PR-6746/1/,1,1,1,2026-08-07 09:16:50.006437,2026-08-28T15:13:00.274356+00:00
https://hcruntimeindependence.jaas-gcp.cloud.sap.corp/job/runtime-independence-workflows/job/PR-167/2/,https://hcruntimeindependence.jaas-gcp.cloud.sap.corp/job/runtime-independence-workflows/job/PR-167/2/,1,1,1,2026-08-07 09:13:42.029891,2026-08-28T15:13:00.274356+00:00
https://tenantmgmt.jaas-gcp.cloud.sap.corp/job/tenant-management-service/job/PR-2920/4/,https://tenantmgmt.jaas-gcp.cloud.sap.corp/job/tenant-management-service/job/PR-2920/4/,1,1,5,2026-08-07 09:09:28.145209,2026-08-28T15:13:00.274356+00:00
https://setup-account.jaas-gcp.cloud.sap.corp/job/setup-account/job/PR-6580/35/,https://setup-account.jaas-gcp.cloud.sap.corp/job/setup-account/job/PR-6580/35/,1,1,1,2026-08-07 09:01:41.196867,2026-08-28T15:13:00.274356+00:00
https://gkebackupoperator.jaas-gcp.cloud.sap.corp/job/backup-native-tenant-recovery/job/PR-242/3/,https://gkebackupoperator.jaas-gcp.cloud.sap.corp/job/backup-native-tenant-recovery/job/PR-242/3/,1,1,1,2026-08-07 09:00:43.450195,2026-08-28T15:13:00.274356+00:00
https://setup-account.jaas-gcp.cloud.sap.corp/job/setup-account/job/PR-6745/1/,https://setup-account.jaas-gcp.cloud.sap.corp/job/setup-account/job/PR-6745/1/,1,1,1,2026-08-07 08:53:11.205577,2026-08-28T15:13:00.274356+00:00
https://smvrsyncservice.jaas-gcp.cloud.sap.corp/job/hana-xregion-hsr-operator/job/PR-498/23/,https://smvrsyncservice.jaas-gcp.cloud.sap.corp/job/hana-xregion-hsr-operator/job/PR-498/23/,1,1,1,2026-08-07 08:38:39.499079,2026-08-28T15:13:00.274356+00:00
https://pingservice.jaas-gcp.cloud.sap.corp/job/ping-agent/job/PR-578/13/,https://pingservice.jaas-gcp.cloud.sap.corp/job/ping-agent/job/PR-578/13/,1,1,1,2026-08-07 08:31:36.744492,2026-08-28T15:13:00.274356+00:00
https://hcdldp01.jaas-gcp.cloud.sap.corp/job/HANADataLakeDBaaSServicesPRMerge/job/data-publishing-svc/job/PR-1823/3/,https://hcdldp01.jaas-gcp.cloud.sap.corp/job/HANADataLakeDBaaSServicesPRMerge/job/data-publishing-svc/job/PR-1823/3/,1,1,1,2026-08-07 08:21:20.503376,2026-08-28T15:13:00.274356+00:00
https://gkemigrationservice.jaas-gcp.cloud.sap.corp/job/haas-migration-service/job/PR-2797/1/,https://gkemigrationservice.jaas-gcp.cloud.sap.corp/job/haas-migration-service/job/PR-2797/1/,1,1,1,2026-08-07 08:19:01.075566,2026-08-28T15:13:00.274356+00:00
https://pingservice.jaas-gcp.cloud.sap.corp/job/ping-agent/job/PR-578/12/,https://pingservice.jaas-gcp.cloud.sap.corp/job/ping-agent/job/PR-578/12/,1,1,1,2026-08-07 08:17:32.752374,2026-08-28T15:13:00.274356+00:00
https://hcruntimeindependence.jaas-gcp.cloud.sap.corp/job/runtime-independence-workflows/job/PR-167/1/,https://hcruntimeindependence.jaas-gcp.cloud.sap.corp/job/runtime-independence-workflows/job/PR-167/1/,1,1,1,2026-08-07 08:13:14.033361,2026-08-28T15:13:00.274356+00:00
https://persistency-service.jaas-gcp.cloud.sap.corp/job/persistency-service-operator/job/PR-135/42/,https://persistency-service.jaas-gcp.cloud.sap.corp/job/persistency-service-operator/job/PR-135/42/,1,1,1,2026-08-07 08:10:16.118361,2026-08-28T15:13:00.274356+00:00
https://smvrsyncservice.jaas-gcp.cloud.sap.corp/job/hana-xregion-hsr-operator/job/PR-498/22/,https://smvrsyncservice.jaas-gcp.cloud.sap.corp/job/hana-xregion-hsr-operator/job/PR-498/22/,1,1,1,2026-08-07 07:53:35.255737,2026-08-28T15:13:00.274356+00:00
https://tenantmgmt.jaas-gcp.cloud.sap.corp/job/tenant-management-service/job/PR-2920/1/,https://tenantmgmt.jaas-gcp.cloud.sap.corp/job/tenant-management-service/job/PR-2920/1/,1,1,1,2026-08-07 07:53:30.559868,2026-08-28T15:13:00.274356+00:00
https://persistency-service.jaas-gcp.cloud.sap.corp/job/persistency-service-operator/job/PR-135/41/,https://persistency-service.jaas-gcp.cloud.sap.corp/job/persistency-service-operator/job/PR-135/41/,1,1,1,2026-08-07 07:51:53.032581,2026-08-28T15:13:00.274356+00:00
https://setup-account.jaas-gcp.cloud.sap.corp/job/setup-account/job/PR-6580/34/,https://setup-account.jaas-gcp.cloud.sap.corp/job/setup-account/job/PR-6580/34/,1,1,1,2026-08-07 07:50:35.546443,2026-08-28T15:13:00.274356+00:00
https://hana-data-access-agent-operator.jaas-gcp.cloud.sap.corp/job/hana-data-access-agent-operator/job/PR-161/1/,https://hana-data-access-agent-operator.jaas-gcp.cloud.sap.corp/job/hana-data-access-agent-operator/job/PR-161/1/,1,1,1,2026-08-07 07:41:34.692078,2026-08-28T15:13:00.274356+00:00
https://hana-data-access-agent-operator.jaas-gcp.cloud.sap.corp/job/hana-data-access-agent-operator/job/PR-161/2/,https://hana-data-access-agent-operator.jaas-gcp.cloud.sap.corp/job/hana-data-access-agent-operator/job/PR-161/2/,1,1,1,2026-08-07 07:40:39.921822,2026-08-28T15:13:00.274356+00:00
https://aiagentservices.jaas-gcp.cloud.sap.corp/job/agent-memory-service/job/PR-229/3/,https://aiagentservices.jaas-gcp.cloud.sap.corp/job/agent-memory-service/job/PR-229/3/,1,1,1,2026-08-07 07:35:55.957652,2026-08-28T15:13:00.274356+00:00
https://gkehanacloudservice.jaas-gcp.cloud.sap.corp/job/hana-system-replication-rest-api/job/PR-329/9/,https://gkehanacloudservice.jaas-gcp.cloud.sap.corp/job/hana-system-replication-rest-api/job/PR-329/9/,1,1,1,2026-08-07 07:28:34.878329,2026-08-28T15:13:00.274356+00:00
https://hanacloudai.jaas-gcp.cloud.sap.corp/job/hana-cloud-mcp/job/PR-43/1/,https://hanacloudai.jaas-gcp.cloud.sap.corp/job/hana-cloud-mcp/job/PR-43/1/,1,1,1,2026-08-07 07:22:04.576277,2026-08-28T15:13:00.274356+00:00
https://hcstatsservice.jaas-gcp.cloud.sap.corp/job/hc-statistics-collector-operator/job/PR-576/27/,https://hcstatsservice.jaas-gcp.cloud.sap.corp/job/hc-statistics-collector-operator/job/PR-576/27/,1,1,1,2026-08-07 07:18:16.493519,2026-08-28T15:13:00.274356+00:00
https://hanacloudai.jaas-gcp.cloud.sap.corp/job/hana-cloud-mcp/job/PR-42/1/,https://hanacloudai.jaas-gcp.cloud.sap.corp/job/hana-cloud-mcp/job/PR-42/1/,1,2,2,2026-08-07 07:14:39.911005,2026-08-28T15:13:00.274356+00:00
https://hcstatsservice.jaas-gcp.cloud.sap.corp/job/hc-statistics-collector-operator/job/PR-576/26/,https://hcstatsservice.jaas-gcp.cloud.sap.corp/job/hc-statistics-collector-operator/job/PR-576/26/,1,1,1,2026-08-07 06:57:14.097748,2026-08-28T15:13:00.274356+00:00
https://haaf.jaas-gcp.cloud.sap.corp/job/hai-persistency/job/PR-502/1/,https://haaf.jaas-gcp.cloud.sap.corp/job/hai-persistency/job/PR-502/1/,1,1,1,2026-08-07 06:49:11.287378,2026-08-28T15:13:00.274356+00:00
https://gkehaasmonitoring.jaas-gcp.cloud.sap.corp/job/cloud-provider-exporter/job/PR-866/2/,https://gkehaasmonitoring.jaas-gcp.cloud.sap.corp/job/cloud-provider-exporter/job/PR-866/2/,1,1,1,2026-08-07 06:48:55.012254,2026-08-28T15:13:00.274356+00:00
https://setup-account.jaas-gcp.cloud.sap.corp/job/setup-account/job/PR-6580/33/,https://setup-account.jaas-gcp.cloud.sap.corp/job/setup-account/job/PR-6580/33/,1,1,1,2026-08-07 06:42:11.364283,2026-08-28T15:13:00.274356+00:00
https://gkehaasmonitoring.jaas-gcp.cloud.sap.corp/job/cloud-provider-exporter/job/PR-866/1/,https://gkehaasmonitoring.jaas-gcp.cloud.sap.corp/job/cloud-provider-exporter/job/PR-866/1/,1,1,1,2026-08-07 06:39:45.837949,2026-08-28T15:13:00.274356+00:00
https://advisorservice.jaas-gcp.cloud.sap.corp/job/advisor-api-server/job/PR-704/8/,https://advisorservice.jaas-gcp.cloud.sap.corp/job/advisor-api-server/job/PR-704/8/,1,1,1,2026-08-07 06:35:57.879169,2026-08-28T15:13:00.274356+00:00
https://edgelayer.jaas-gcp.cloud.sap.corp/job/EdgeRouter/job/PR-1294/1/,https://edgelayer.jaas-gcp.cloud.sap.corp/job/EdgeRouter/job/PR-1294/1/,2,2,2,2026-08-07 06:12:08.668991,2026-08-28T15:13:00.274356+00:00
https://hcstatsservice.jaas-gcp.cloud.sap.corp/job/hc-statistics-collector-operator/job/PR-576/25/,https://hcstatsservice.jaas-gcp.cloud.sap.corp/job/hc-statistics-collector-operator/job/PR-576/25/,1,1,1,2026-08-07 06:08:51.445555,2026-08-28T15:13:00.274356+00:00
https://hcstatsservice.jaas-gcp.cloud.sap.corp/job/hc-statistics-collector-operator/job/PR-576/24/,https://hcstatsservice.jaas-gcp.cloud.sap.corp/job/hc-statistics-collector-operator/job/PR-576/24/,1,1,1,2026-08-07 06:07:04.593219,2026-08-28T15:13:00.274356+00:00
https://hana-data-access-agent-operator.jaas-gcp.cloud.sap.corp/job/hana-data-access-agent-operator/job/PR-160/1/,https://hana-data-access-agent-operator.jaas-gcp.cloud.sap.corp/job/hana-data-access-agent-operator/job/PR-160/1/,1,1,1,2026-08-07 06:04:26.424248,2026-08-28T15:13:00.274356+00:00
https://analyticsintbroker.jaas-gcp.cloud.sap.corp/job/hana-analytics-integration-broker/job/PR-281/5/,https://analyticsintbroker.jaas-gcp.cloud.sap.corp/job/hana-analytics-integration-broker/job/PR-281/5/,1,1,2,2026-08-07 06:01:18.417688,2026-08-28T15:13:00.274356+00:00
https://gkehanacloudmigrati.jaas-gcp.cloud.sap.corp/job/hana-cloud-migration-service/job/PR-2150/2/,https://gkehanacloudmigrati.jaas-gcp.cloud.sap.corp/job/hana-cloud-migration-service/job/PR-2150/2/,1,1,1,2026-08-07 05:49:37.346262,2026-08-28T15:13:00.274356+00:00
https://hcstatsservice.jaas-gcp.cloud.sap.corp/job/hc-statistics-collector-operator/job/PR-576/23/,https://hcstatsservice.jaas-gcp.cloud.sap.corp/job/hc-statistics-collector-operator/job/PR-576/23/,1,1,1,2026-08-07 05:07:12.043046,2026-08-28T15:13:00.274356+00:00
https://crystalball.jaas-gcp.cloud.sap.corp/job/hc-crystalball/job/PR-665/3/,https://crystalball.jaas-gcp.cloud.sap.corp/job/hc-crystalball/job/PR-665/3/,1,2,4,2026-08-07 05:05:45.556676,2026-08-28T15:13:00.274356+00:00
https://analyticsintbroker.jaas-gcp.cloud.sap.corp/job/hana-analytics-integration-broker/job/PR-281/4/,https://analyticsintbroker.jaas-gcp.cloud.sap.corp/job/hana-analytics-integration-broker/job/PR-281/4/,1,1,2,2026-08-07 04:37:43.472074,2026-08-28T15:13:00.274356+00:00
https://ccabenchmark.jaas-gcp.cloud.sap.corp/job/cca-starter/job/PR-2209/43/,https://ccabenchmark.jaas-gcp.cloud.sap.corp/job/cca-starter/job/PR-2209/43/,1,1,1,2026-08-07 04:31:30.846412,2026-08-28T15:13:00.274356+00:00
https://security-checker.jaas-gcp.cloud.sap.corp/job/security-checker/job/PR-161/4/,https://security-checker.jaas-gcp.cloud.sap.corp/job/security-checker/job/PR-161/4/,1,1,1,2026-08-07 04:29:31.540269,2026-08-28T15:13:00.274356+00:00
https://security-checker.jaas-gcp.cloud.sap.corp/job/security-checker/job/PR-158/5/,https://security-checker.jaas-gcp.cloud.sap.corp/job/security-checker/job/PR-158/5/,1,1,1,2026-08-07 04:29:25.813190,2026-08-28T15:13:00.274356+00:00
https://security-checker.jaas-gcp.cloud.sap.corp/job/security-checker/job/PR-160/6/,https://security-checker.jaas-gcp.cloud.sap.corp/job/security-checker/job/PR-160/6/,1,1,1,2026-08-07 04:29:19.492600,2026-08-28T15:13:00.274356+00:00
https://security-checker.jaas-gcp.cloud.sap.corp/job/security-checker/job/PR-165/2/,https://security-checker.jaas-gcp.cloud.sap.corp/job/security-checker/job/PR-165/2/,1,1,1,2026-08-07 04:29:13.809816,2026-08-28T15:13:00.274356+00:00
https://security-checker.jaas-gcp.cloud.sap.corp/job/security-checker/job/PR-159/5/,https://security-checker.jaas-gcp.cloud.sap.corp/job/security-checker/job/PR-159/5/,1,1,1,2026-08-07 04:28:57.993834,2026-08-28T15:13:00.274356+00:00
https://security-checker.jaas-gcp.cloud.sap.corp/job/security-checker/job/PR-162/4/,https://security-checker.jaas-gcp.cloud.sap.corp/job/security-checker/job/PR-162/4/,1,1,1,2026-08-07 04:28:51.999707,2026-08-28T15:13:00.274356+00:00
https://security-checker.jaas-gcp.cloud.sap.corp/job/security-checker/job/PR-168/1/,https://security-checker.jaas-gcp.cloud.sap.corp/job/security-checker/job/PR-168/1/,1,1,1,2026-08-07 04:28:06.853886,2026-08-28T15:13:00.274356+00:00
https://security-checker.jaas-gcp.cloud.sap.corp/job/security-checker/job/PR-145/34/,https://security-checker.jaas-gcp.cloud.sap.corp/job/security-checker/job/PR-145/34/,1,1,1,2026-08-07 04:27:30.785902,2026-08-28T15:13:00.274356+00:00
https://csi-cyan-2.jaas-gcp.cloud.sap.corp/job/opentelemetry-collector/job/PR-831/16/,https://csi-cyan-2.jaas-gcp.cloud.sap.corp/job/opentelemetry-collector/job/PR-831/16/,1,1,1,2026-08-07 04:13:19.382037,2026-08-28T15:13:00.274356+00:00
https://gkehanacloudmigrati.jaas-gcp.cloud.sap.corp/job/hana-cloud-migration-service/job/PR-2150/1/,https://gkehanacloudmigrati.jaas-gcp.cloud.sap.corp/job/hana-cloud-migration-service/job/PR-2150/1/,1,1,1,2026-08-07 04:10:00.811931,2026-08-28T15:13:00.274356+00:00
https://hanacloudai.jaas-gcp.cloud.sap.corp/job/hana-cloud-mcp/job/PR-39/1/,https://hanacloudai.jaas-gcp.cloud.sap.corp/job/hana-cloud-mcp/job/PR-39/1/,1,2,2,2026-08-07 03:54:56.392134,2026-08-28T15:13:00.274356+00:00
https://hc-monitoring-mcp-server.jaas-gcp.cloud.sap.corp/job/hc-monitoring-mcp-server/job/PR-10/137/,https://hc-monitoring-mcp-server.jaas-gcp.cloud.sap.corp/job/hc-monitoring-mcp-server/job/PR-10/137/,1,1,1,2026-08-07 03:21:55.077344,2026-08-28T15:13:00.274356+00:00
https://alicloud.jaas-gcp.cloud.sap.corp/job/hc-rbsc/job/PR-8/169/,https://alicloud.jaas-gcp.cloud.sap.corp/job/hc-rbsc/job/PR-8/169/,1,1,1,2026-08-07 03:15:55.072275,2026-08-28T15:13:00.274356+00:00
https://tenantmgmt.jaas-gcp.cloud.sap.corp/job/tenant-management-service/job/PR-2797/25/,https://tenantmgmt.jaas-gcp.cloud.sap.corp/job/tenant-management-service/job/PR-2797/25/,1,1,1,2026-08-07 03:08:41.069110,2026-08-28T15:13:00.274356+00:00
https://hanacloudai.jaas-gcp.cloud.sap.corp/job/hana-cloud-mcp/job/PR-38/1/,https://hanacloudai.jaas-gcp.cloud.sap.corp/job/hana-cloud-mcp/job/PR-38/1/,1,2,2,2026-08-07 03:06:23.204529,2026-08-28T15:13:00.274356+00:00
https://hchre.jaas-gcp.cloud.sap.corp/job/hc-runbook-common/job/PR-476/8/,https://hchre.jaas-gcp.cloud.sap.corp/job/hc-runbook-common/job/PR-476/8/,1,1,4,2026-08-07 03:01:14.177328,2026-08-28T15:13:00.274356+00:00
https://hchre.jaas-gcp.cloud.sap.corp/job/hana-nzdo-failed-ra-wf/job/PR-305/19/,https://hchre.jaas-gcp.cloud.sap.corp/job/hana-nzdo-failed-ra-wf/job/PR-305/19/,1,2,2,2026-08-07 03:00:15.657241,2026-08-28T15:13:00.274356+00:00
https://tenantmgmt.jaas-gcp.cloud.sap.corp/job/tenant-management-service/job/PR-2797/24/,https://tenantmgmt.jaas-gcp.cloud.sap.corp/job/tenant-management-service/job/PR-2797/24/,1,1,1,2026-08-07 02:49:34.970655,2026-08-28T15:13:00.274356+00:00
https://featureguard.jaas-gcp.cloud.sap.corp/job/featureguard/job/PR-462/2/,https://featureguard.jaas-gcp.cloud.sap.corp/job/featureguard/job/PR-462/2/,1,1,1,2026-08-07 02:45:22.308774,2026-08-28T15:13:00.274356+00:00
https://crystalball.jaas-gcp.cloud.sap.corp/job/hc-crystalball/job/PR-665/2/,https://crystalball.jaas-gcp.cloud.sap.corp/job/hc-crystalball/job/PR-665/2/,1,2,4,2026-08-07 02:44:05.713820,2026-08-28T15:13:00.274356+00:00
https://hchre.jaas-gcp.cloud.sap.corp/job/hanaservice-not-ready-ra-workflow/job/PR-193/30/,https://hchre.jaas-gcp.cloud.sap.corp/job/hanaservice-not-ready-ra-workflow/job/PR-193/30/,1,1,1,2026-08-07 02:42:57.157820,2026-08-28T15:13:00.274356+00:00
https://hchre.jaas-gcp.cloud.sap.corp/job/disk_usage_wf_pipeline/job/PR-216/1/,https://hchre.jaas-gcp.cloud.sap.corp/job/disk_usage_wf_pipeline/job/PR-216/1/,1,1,1,2026-08-07 02:42:52.437545,2026-08-28T15:13:00.274356+00:00
https://crystalball.jaas-gcp.cloud.sap.corp/job/hc-crystalball/job/PR-663/5/,https://crystalball.jaas-gcp.cloud.sap.corp/job/hc-crystalball/job/PR-663/5/,1,2,4,2026-08-07 02:41:56.025495,2026-08-28T15:13:00.274356+00:00
https://security-checker.jaas-gcp.cloud.sap.corp/job/security-checker/job/PR-167/2/,https://security-checker.jaas-gcp.cloud.sap.corp/job/security-checker/job/PR-167/2/,1,1,1,2026-08-07 02:33:51.604738,2026-08-28T15:13:00.274356+00:00
https://featureguard.jaas-gcp.cloud.sap.corp/job/featureguard/job/PR-462/1/,https://featureguard.jaas-gcp.cloud.sap.corp/job/featureguard/job/PR-462/1/,1,1,1,2026-08-07 02:31:56.005690,2026-08-28T15:13:00.274356+00:00
https://security-checker.jaas-gcp.cloud.sap.corp/job/security-checker/job/PR-167/1/,https://security-checker.jaas-gcp.cloud.sap.corp/job/security-checker/job/PR-167/1/,1,1,1,2026-08-07 02:25:33.823874,2026-08-28T15:13:00.274356+00:00
https://hcstatsservice.jaas-gcp.cloud.sap.corp/job/hc-statistics-collector-operator/job/PR-576/22/,https://hcstatsservice.jaas-gcp.cloud.sap.corp/job/hc-statistics-collector-operator/job/PR-576/22/,1,1,1,2026-08-07 02:21:06.038741,2026-08-28T15:13:00.274356+00:00
https://tenantmgmt.jaas-gcp.cloud.sap.corp/job/tenant-management-service/job/PR-2914/5/,https://tenantmgmt.jaas-gcp.cloud.sap.corp/job/tenant-management-service/job/PR-2914/5/,1,1,1,2026-08-07 02:14:54.435261,2026-08-28T15:13:00.274356+00:00
https://hcphoenixlandscape.jaas-gcp.cloud.sap.corp/job/instance-manager-workflows/job/PR-241/3/,https://hcphoenixlandscape.jaas-gcp.cloud.sap.corp/job/instance-manager-workflows/job/PR-241/3/,1,1,1,2026-08-07 02:11:37.378048,2026-08-28T15:13:00.274356+00:00
https://setup-account.jaas-gcp.cloud.sap.corp/job/setup-account/job/PR-6719/7/,https://setup-account.jaas-gcp.cloud.sap.corp/job/setup-account/job/PR-6719/7/,1,1,1,2026-08-07 02:10:00.404964,2026-08-28T15:13:00.274356+00:00
https://hcstatsservice.jaas-gcp.cloud.sap.corp/job/hc-statistics-collector-operator/job/PR-581/15/,https://hcstatsservice.jaas-gcp.cloud.sap.corp/job/hc-statistics-collector-operator/job/PR-581/15/,1,1,1,2026-08-07 02:03:53.261779,2026-08-28T15:13:00.274356+00:00
https://difoundationservice.jaas-gcp.cloud.sap.corp/job/csi-di-service-assembly/job/PR-14207/1/,https://difoundationservice.jaas-gcp.cloud.sap.corp/job/csi-di-service-assembly/job/PR-14207/1/,1,1,1,2026-08-07 02:01:55.396434,2026-08-28T15:13:00.274356+00:00
https://tenantmgmt.jaas-gcp.cloud.sap.corp/job/tenant-management-service/job/PR-2914/4/,https://tenantmgmt.jaas-gcp.cloud.sap.corp/job/tenant-management-service/job/PR-2914/4/,1,1,1,2026-08-07 01:58:57.600190,2026-08-28T15:13:00.274356+00:00
https://sacservices.jaas-gcp.cloud.sap.corp/job/dmi-btp-service-operator/job/PR-24/8/,https://sacservices.jaas-gcp.cloud.sap.corp/job/dmi-btp-service-operator/job/PR-24/8/,1,2,2,2026-08-07 01:22:03.490720,2026-08-28T15:13:00.274356+00:00
https://terraformer.jaas-gcp.cloud.sap.corp/job/mulitcloud-butler/job/PR-509/174/,https://terraformer.jaas-gcp.cloud.sap.corp/job/mulitcloud-butler/job/PR-509/174/,1,2,2,2026-08-07 01:17:45.022662,2026-08-28T15:13:00.274356+00:00
https://terraformer.jaas-gcp.cloud.sap.corp/job/mulitcloud-butler/job/PR-727/1/,https://terraformer.jaas-gcp.cloud.sap.corp/job/mulitcloud-butler/job/PR-727/1/,1,2,2,2026-08-07 01:17:09.032138,2026-08-28T15:13:00.274356+00:00
https://hcphoenixlandscape.jaas-gcp.cloud.sap.corp/job/instance-manager-workflows/job/PR-241/2/,https://hcphoenixlandscape.jaas-gcp.cloud.sap.corp/job/instance-manager-workflows/job/PR-241/2/,1,1,1,2026-08-07 01:14:59.796326,2026-08-28T15:13:00.274356+00:00
https://hanadelegatedbroker.jaas-gcp.cloud.sap.corp/job/hana-delegated-broker/job/PR-33/26/,https://hanadelegatedbroker.jaas-gcp.cloud.sap.corp/job/hana-delegated-broker/job/PR-33/26/,1,1,1,2026-08-07 01:04:18.752551,2026-08-28T15:13:00.274356+00:00
https://hcstatsservice.jaas-gcp.cloud.sap.corp/job/hc-statistics-collector-operator/job/PR-576/21/,https://hcstatsservice.jaas-gcp.cloud.sap.corp/job/hc-statistics-collector-operator/job/PR-576/21/,1,1,1,2026-08-07 00:46:48.434767,2026-08-28T15:13:00.274356+00:00
https://sspclouddev.jaas-gcp.cloud.sap.corp/job/hana-snapshot-operator/job/PR-1313/122/,https://sspclouddev.jaas-gcp.cloud.sap.corp/job/hana-snapshot-operator/job/PR-1313/122/,1,1,1,2026-08-07 00:39:33.500682,2026-08-28T15:13:00.274356+00:00
https://sspclouddev.jaas-gcp.cloud.sap.corp/job/hana-snapshot-operator/job/PR-1377/83/,https://sspclouddev.jaas-gcp.cloud.sap.corp/job/hana-snapshot-operator/job/PR-1377/83/,1,1,2,2026-08-07 00:39:06.867542,2026-08-28T15:13:00.274356+00:00
https://hcphoenixleo.jaas-gcp.cloud.sap.corp/job/hanaservice-sync-agent/job/PR-154/2/,https://hcphoenixleo.jaas-gcp.cloud.sap.corp/job/hanaservice-sync-agent/job/PR-154/2/,1,1,1,2026-08-07 00:33:03.339765,2026-08-28T15:13:00.274356+00:00
https://hcphoenixleo.jaas-gcp.cloud.sap.corp/job/hanaservice-sync-agent/job/PR-154/1/,https://hcphoenixleo.jaas-gcp.cloud.sap.corp/job/hanaservice-sync-agent/job/PR-154/1/,1,1,1,2026-08-07 00:28:45.970041,2026-08-28T15:13:00.274356+00:00
https://hanacloudai.jaas-gcp.cloud.sap.corp/job/hana-cloud-mcp/job/PR-37/1/,https://hanacloudai.jaas-gcp.cloud.sap.corp/job/hana-cloud-mcp/job/PR-37/1/,1,2,2,2026-08-07 00:02:42.038187,2026-08-28T15:13:00.274356+00:00
https://subscriptionbroker.jaas-gcp.cloud.sap.corp/job/subscription-broker/job/PR-343/3/,https://subscriptionbroker.jaas-gcp.cloud.sap.corp/job/subscription-broker/job/PR-343/3/,1,1,1,2026-08-06 23:57:45.417782,2026-08-28T15:13:00.274356+00:00
https://dodo.jaas-gcp.cloud.sap.corp/job/db-access-operator/job/PR-996/31/,https://dodo.jaas-gcp.cloud.sap.corp/job/db-access-operator/job/PR-996/31/,1,1,1,2026-08-06 23:57:19.672464,2026-08-28T15:13:00.274356+00:00
https://hcstatsservice.jaas-gcp.cloud.sap.corp/job/hc-statistics-collector-operator/job/PR-576/20/,https://hcstatsservice.jaas-gcp.cloud.sap.corp/job/hc-statistics-collector-operator/job/PR-576/20/,1,1,1,2026-08-06 23:54:20.408847,2026-08-28T15:13:00.274356+00:00
https://edgelayer.jaas-gcp.cloud.sap.corp/job/EdgeRouter/job/PR-1327/2/,https://edgelayer.jaas-gcp.cloud.sap.corp/job/EdgeRouter/job/PR-1327/2/,1,1,1,2026-08-06 23:23:01.300523,2026-08-28T15:13:00.274356+00:00
https://sacservices.jaas-gcp.cloud.sap.corp/job/dmi-btp-service-operator/job/PR-24/7/,https://sacservices.jaas-gcp.cloud.sap.corp/job/dmi-btp-service-operator/job/PR-24/7/,1,1,1,2026-08-06 23:18:01.292614,2026-08-28T15:13:00.274356+00:00
https://advisorservice.jaas-gcp.cloud.sap.corp/job/advisor-api-server/job/PR-704/7/,https://advisorservice.jaas-gcp.cloud.sap.corp/job/advisor-api-server/job/PR-704/7/,1,1,1,2026-08-06 22:17:17.902734,2026-08-28T15:13:00.274356+00:00
https://hcdldp01.jaas-gcp.cloud.sap.corp/job/HANADataLakeDBaaSServicesPRMerge/job/data-publishing-svc/job/PR-1797/32/,https://hcdldp01.jaas-gcp.cloud.sap.corp/job/HANADataLakeDBaaSServicesPRMerge/job/data-publishing-svc/job/PR-1797/32/,1,2,4,2026-08-06 21:22:54.750809,2026-08-28T15:13:00.274356+00:00
https://delta-table-writer.jaas-gcp.cloud.sap.corp/job/delta-table-writer/job/PR-82/1/,https://delta-table-writer.jaas-gcp.cloud.sap.corp/job/delta-table-writer/job/PR-82/1/,1,1,1,2026-08-06 20:54:58.281607,2026-08-28T15:13:00.274356+00:00
https://smvrsyncservice.jaas-gcp.cloud.sap.corp/job/hana-xregion-hsr-operator/job/PR-498/21/,https://smvrsyncservice.jaas-gcp.cloud.sap.corp/job/hana-xregion-hsr-operator/job/PR-498/21/,1,1,1,2026-08-06 20:32:42.316597,2026-08-28T15:13:00.274356+00:00
https://hcinventoryservice.jaas-gcp.cloud.sap.corp/job/hana-cloud-inventory-service/job/PR-1149/2/,https://hcinventoryservice.jaas-gcp.cloud.sap.corp/job/hana-cloud-inventory-service/job/PR-1149/2/,1,1,1,2026-08-06 20:09:11.752157,2026-08-28T15:13:00.274356+00:00
https://hcinventoryservice.jaas-gcp.cloud.sap.corp/job/hana-cloud-inventory-service/job/PR-1149/1/,https://hcinventoryservice.jaas-gcp.cloud.sap.corp/job/hana-cloud-inventory-service/job/PR-1149/1/,1,1,1,2026-08-06 20:07:46.823282,2026-08-28T15:13:00.274356+00:00
https://hc-operation-automation.jaas-gcp.cloud.sap.corp/job/hc-operation-automation/job/PR-20/25/,https://hc-operation-automation.jaas-gcp.cloud.sap.corp/job/hc-operation-automation/job/PR-20/25/,1,1,1,2026-08-06 19:34:32.744355,2026-08-28T15:13:00.274356+00:00
https://hcidm.jaas-gcp.cloud.sap.corp/job/hc-idm/job/PR-1266/10/,https://hcidm.jaas-gcp.cloud.sap.corp/job/hc-idm/job/PR-1266/10/,1,1,1,2026-08-06 19:23:05.978946,2026-08-28T15:13:00.274356+00:00
https://opainfrastructure.jaas-gcp.cloud.sap.corp/job/open-policy-agent/job/PR-217/4/,https://opainfrastructure.jaas-gcp.cloud.sap.corp/job/open-policy-agent/job/PR-217/4/,1,1,1,2026-08-06 19:22:50.167317,2026-08-28T15:13:00.274356+00:00
https://gkehanacloudmigrati.jaas-gcp.cloud.sap.corp/job/hana-cloud-migration-service/job/PR-2113/22/,https://gkehanacloudmigrati.jaas-gcp.cloud.sap.corp/job/hana-cloud-migration-service/job/PR-2113/22/,1,1,1,2026-08-06 18:49:57.956301,2026-08-28T15:13:00.274356+00:00
https://bigdataservices5.jaas-gcp.cloud.sap.corp/job/bds-apache-spark-base/job/PR-597/1/,https://bigdataservices5.jaas-gcp.cloud.sap.corp/job/bds-apache-spark-base/job/PR-597/1/,1,1,1,2026-08-06 18:38:13.323742,2026-08-28T15:13:00.274356+00:00
https://bigdataservices5.jaas-gcp.cloud.sap.corp/job/bds-apache-spark-base/job/PR-598/1/,https://bigdataservices5.jaas-gcp.cloud.sap.corp/job/bds-apache-spark-base/job/PR-598/1/,1,1,1,2026-08-06 18:37:26.732220,2026-08-28T15:13:00.274356+00:00
https://gkehanacloudmigrati.jaas-gcp.cloud.sap.corp/job/hana-cloud-migration-service/job/PR-2114/16/,https://gkehanacloudmigrati.jaas-gcp.cloud.sap.corp/job/hana-cloud-migration-service/job/PR-2114/16/,1,1,1,2026-08-06 18:35:48.727950,2026-08-28T15:13:00.274356+00:00
https://bigdataservices5.jaas-gcp.cloud.sap.corp/job/bds-apache-spark-base/job/PR-596/1/,https://bigdataservices5.jaas-gcp.cloud.sap.corp/job/bds-apache-spark-base/job/PR-596/1/,1,1,1,2026-08-06 17:49:03.427774,2026-08-28T15:13:00.274356+00:00
https://bigdataservices5.jaas-gcp.cloud.sap.corp/job/bds-apache-spark-base/job/PR-595/1/,https://bigdataservices5.jaas-gcp.cloud.sap.corp/job/bds-apache-spark-base/job/PR-595/1/,1,1,1,2026-08-06 17:47:16.325733,2026-08-28T15:13:00.274356+00:00
https://pingservice.jaas-gcp.cloud.sap.corp/job/ping-agent/job/PR-578/11/,https://pingservice.jaas-gcp.cloud.sap.corp/job/ping-agent/job/PR-578/11/,1,1,1,2026-08-06 17:43:27.965187,2026-08-28T15:13:00.274356+00:00
https://gkehanacloudservice.jaas-gcp.cloud.sap.corp/job/hana-system-replication/job/PR-802/22/,https://gkehanacloudservice.jaas-gcp.cloud.sap.corp/job/hana-system-replication/job/PR-802/22/,1,1,1,2026-08-06 17:27:52.172644,2026-08-28T15:13:00.274356+00:00
https://smvrsyncservice.jaas-gcp.cloud.sap.corp/job/hana-xregion-hsr-operator/job/PR-498/20/,https://smvrsyncservice.jaas-gcp.cloud.sap.corp/job/hana-xregion-hsr-operator/job/PR-498/20/,1,1,1,2026-08-06 17:00:35.566513,2026-08-28T15:13:00.274356+00:00
https://persistency-service.jaas-gcp.cloud.sap.corp/job/persistency-service-operator/job/PR-135/40/,https://persistency-service.jaas-gcp.cloud.sap.corp/job/persistency-service-operator/job/PR-135/40/,1,1,1,2026-08-06 16:58:02.043111,2026-08-28T15:13:00.274356+00:00
https://hctool.jaas-gcp.cloud.sap.corp/job/hc-tool/job/PR-166/3/,https://hctool.jaas-gcp.cloud.sap.corp/job/hc-tool/job/PR-166/3/,1,1,57,2026-08-06 16:56:21.909425,2026-08-28T15:13:00.274356+00:00
https://hcpurple.jaas-gcp.cloud.sap.corp/job/csi-assembly-docker/job/PR-32/43/,https://hcpurple.jaas-gcp.cloud.sap.corp/job/csi-assembly-docker/job/PR-32/43/,1,4,5,2026-08-06 16:53:01.909087,2026-08-28T15:13:00.274356+00:00
https://sacservices.jaas-gcp.cloud.sap.corp/job/dmi-btp-service-operator/job/PR-24/4/,https://sacservices.jaas-gcp.cloud.sap.corp/job/dmi-btp-service-operator/job/PR-24/4/,1,1,1,2026-08-06 16:24:36.498628,2026-08-28T15:13:00.274356+00:00
https://csisecurity.jaas-gcp.cloud.sap.corp/job/security-policies/job/PR-420/1/,https://csisecurity.jaas-gcp.cloud.sap.corp/job/security-policies/job/PR-420/1/,1,1,1,2026-08-06 16:24:21.142805,2026-08-28T15:13:00.274356+00:00
https://csi-cyan-2.jaas-gcp.cloud.sap.corp/job/opentelemetry-collector/job/PR-831/15/,https://csi-cyan-2.jaas-gcp.cloud.sap.corp/job/opentelemetry-collector/job/PR-831/15/,1,1,1,2026-08-06 16:23:40.227052,2026-08-28T15:13:00.274356+00:00
https://smvrsyncservice.jaas-gcp.cloud.sap.corp/job/hana-xregion-hsr-operator/job/PR-498/19/,https://smvrsyncservice.jaas-gcp.cloud.sap.corp/job/hana-xregion-hsr-operator/job/PR-498/19/,1,1,1,2026-08-06 16:06:01.338582,2026-08-28T15:13:00.274356+00:00
https://persistency-service.jaas-gcp.cloud.sap.corp/job/persistency-service-operator/job/PR-135/39/,https://persistency-service.jaas-gcp.cloud.sap.corp/job/persistency-service-operator/job/PR-135/39/,1,1,1,2026-08-06 16:02:11.280308,2026-08-28T15:13:00.274356+00:00
https://csi-cyan-2.jaas-gcp.cloud.sap.corp/job/opentelemetry-collector/job/PR-831/14/,https://csi-cyan-2.jaas-gcp.cloud.sap.corp/job/opentelemetry-collector/job/PR-831/14/,1,1,1,2026-08-06 15:44:05.940939,2026-08-28T15:13:00.274356+00:00
https://csi-cyan-2.jaas-gcp.cloud.sap.corp/job/opentelemetry-collector/job/PR-831/13/,https://csi-cyan-2.jaas-gcp.cloud.sap.corp/job/opentelemetry-collector/job/PR-831/13/,1,1,1,2026-08-06 15:43:41.567730,2026-08-28T15:13:00.274356+00:00
https://hciteamblue.jaas-gcp.cloud.sap.corp/job/csi-cleanup/job/PR-237/3/,https://hciteamblue.jaas-gcp.cloud.sap.corp/job/csi-cleanup/job/PR-237/3/,1,2,56,2026-08-06 15:34:39.621971,2026-08-28T15:13:00.274356+00:00
https://tenantmgmt.jaas-gcp.cloud.sap.corp/job/tenant-management-service/job/PR-2918/1/,https://tenantmgmt.jaas-gcp.cloud.sap.corp/job/tenant-management-service/job/PR-2918/1/,1,1,1,2026-08-06 15:22:15.921806,2026-08-28T15:13:00.274356+00:00
https://tenantmgmt.jaas-gcp.cloud.sap.corp/job/tenant-management-service/job/PR-2918/2/,https://tenantmgmt.jaas-gcp.cloud.sap.corp/job/tenant-management-service/job/PR-2918/2/,1,1,1,2026-08-06 15:20:51.122491,2026-08-28T15:13:00.274356+00:00
https://vaultcontent.jaas-gcp.cloud.sap.corp/job/vault-content/job/PR-1864/1/,https://vaultcontent.jaas-gcp.cloud.sap.corp/job/vault-content/job/PR-1864/1/,1,1,1,2026-08-06 15:10:40.328700,2026-08-28T15:13:00.274356+00:00
https://hcad.jaas-gcp.cloud.sap.corp/job/hcad-ai-inferencing/job/PR-391/1/,https://hcad.jaas-gcp.cloud.sap.corp/job/hcad-ai-inferencing/job/PR-391/1/,1,1,1,2026-08-06 15:08:04.765018,2026-08-28T15:13:00.274356+00:00
https://bigdataservices5.jaas-gcp.cloud.sap.corp/job/bds-apache-spark-base/job/PR-591/1/,https://bigdataservices5.jaas-gcp.cloud.sap.corp/job/bds-apache-spark-base/job/PR-591/1/,1,1,1,2026-08-06 15:05:47.025378,2026-08-28T15:13:00.274356+00:00
https://bigdataservices5.jaas-gcp.cloud.sap.corp/job/bds-apache-spark-base/job/PR-592/1/,https://bigdataservices5.jaas-gcp.cloud.sap.corp/job/bds-apache-spark-base/job/PR-592/1/,1,1,1,2026-08-06 15:04:21.897455,2026-08-28T15:13:00.274356+00:00
https://setup-account.jaas-gcp.cloud.sap.corp/job/setup-account/job/PR-6741/1/,https://setup-account.jaas-gcp.cloud.sap.corp/job/setup-account/job/PR-6741/1/,1,1,1,2026-08-06 14:55:18.890788,2026-08-28T15:13:00.274356+00:00
https://hcidm.jaas-gcp.cloud.sap.corp/job/hc-idm/job/PR-1267/2/,https://hcidm.jaas-gcp.cloud.sap.corp/job/hc-idm/job/PR-1267/2/,1,1,1,2026-08-06 14:50:39.119120,2026-08-28T15:13:00.274356+00:00
https://edgelayer.jaas-gcp.cloud.sap.corp/job/EdgeRouter/job/PR-1327/1/,https://edgelayer.jaas-gcp.cloud.sap.corp/job/EdgeRouter/job/PR-1327/1/,1,1,1,2026-08-06 14:46:24.809513,2026-08-28T15:13:00.274356+00:00
https://persistency-service.jaas-gcp.cloud.sap.corp/job/persistency-service-operator/job/PR-135/38/,https://persistency-service.jaas-gcp.cloud.sap.corp/job/persistency-service-operator/job/PR-135/38/,1,1,1,2026-08-06 14:35:24.869281,2026-08-28T15:13:00.274356+00:00
https://csicredentialrotation.jaas-gcp.cloud.sap.corp/job/csi-iaas-credential-rotator/job/PR-414/5/,https://csicredentialrotation.jaas-gcp.cloud.sap.corp/job/csi-iaas-credential-rotator/job/PR-414/5/,1,1,1,2026-08-06 14:30:33.868140,2026-08-28T15:13:00.274356+00:00
https://csicredentialrotation.jaas-gcp.cloud.sap.corp/job/csi-iaas-credential-rotator/job/PR-414/4/,https://csicredentialrotation.jaas-gcp.cloud.sap.corp/job/csi-iaas-credential-rotator/job/PR-414/4/,1,1,1,2026-08-06 14:13:08.173933,2026-08-28T15:13:00.274356+00:00
https://tenantmgmt.jaas-gcp.cloud.sap.corp/job/tenant-management-service/job/PR-2914/1/,https://tenantmgmt.jaas-gcp.cloud.sap.corp/job/tenant-management-service/job/PR-2914/1/,1,1,1,2026-08-06 14:07:35.428352,2026-08-28T15:13:00.274356+00:00
https://gkehanacloudservice.jaas-gcp.cloud.sap.corp/job/hana-system-replication-rest-api/job/PR-329/7/,https://gkehanacloudservice.jaas-gcp.cloud.sap.corp/job/hana-system-replication-rest-api/job/PR-329/7/,1,3,3,2026-08-06 14:06:51.051193,2026-08-28T15:13:00.274356+00:00
https://hcad.jaas-gcp.cloud.sap.corp/job/hcad-ai-training/job/PR-130/9/,https://hcad.jaas-gcp.cloud.sap.corp/job/hcad-ai-training/job/PR-130/9/,1,1,1,2026-08-06 13:34:32.829161,2026-08-28T15:13:00.274356+00:00
https://hcdioperator.jaas-gcp.cloud.sap.corp/job/hana-cloud-controller/job/PR-359/3/,https://hcdioperator.jaas-gcp.cloud.sap.corp/job/hana-cloud-controller/job/PR-359/3/,1,1,2,2026-08-06 13:28:05.273552,2026-08-28T15:13:00.274356+00:00
https://hanatenantoperator.jaas-gcp.cloud.sap.corp/job/hana-tenant-operator/job/PR-1728/117/,https://hanatenantoperator.jaas-gcp.cloud.sap.corp/job/hana-tenant-operator/job/PR-1728/117/,1,1,1,2026-08-06 13:27:43.402029,2026-08-28T15:13:00.274356+00:00
https://csicredentialrotation.jaas-gcp.cloud.sap.corp/job/csi-iaas-credential-rotator/job/PR-414/3/,https://csicredentialrotation.jaas-gcp.cloud.sap.corp/job/csi-iaas-credential-rotator/job/PR-414/3/,1,1,1,2026-08-06 13:26:33.099040,2026-08-28T15:13:00.274356+00:00
https://analyticsintbroker.jaas-gcp.cloud.sap.corp/job/hana-analytics-integration-broker/job/PR-278/7/,https://analyticsintbroker.jaas-gcp.cloud.sap.corp/job/hana-analytics-integration-broker/job/PR-278/7/,1,1,2,2026-08-06 13:25:10.291395,2026-08-28T15:13:00.274356+00:00
https://csicredentialrotation.jaas-gcp.cloud.sap.corp/job/csi-iaas-credential-rotator/job/PR-414/2/,https://csicredentialrotation.jaas-gcp.cloud.sap.corp/job/csi-iaas-credential-rotator/job/PR-414/2/,1,1,1,2026-08-06 13:21:51.227066,2026-08-28T15:13:00.274356+00:00
https://setup-account.jaas-gcp.cloud.sap.corp/job/setup-account/job/PR-6738/3/,https://setup-account.jaas-gcp.cloud.sap.corp/job/setup-account/job/PR-6738/3/,1,1,1,2026-08-06 13:20:13.221738,2026-08-28T15:13:00.274356+00:00
https://terraformer.jaas-gcp.cloud.sap.corp/job/mulitcloud-butler/job/PR-509/173/,https://terraformer.jaas-gcp.cloud.sap.corp/job/mulitcloud-butler/job/PR-509/173/,1,2,2,2026-08-06 13:17:01.430636,2026-08-28T15:13:00.274356+00:00
https://hcdldp01.jaas-gcp.cloud.sap.corp/job/HANADataLakeDBaaSServicesPRMerge/job/data-publishing-svc/job/PR-1797/31/,https://hcdldp01.jaas-gcp.cloud.sap.corp/job/HANADataLakeDBaaSServicesPRMerge/job/data-publishing-svc/job/PR-1797/31/,1,2,4,2026-08-06 13:14:02.018608,2026-08-28T15:13:00.274356+00:00
https://analyticsintbroker.jaas-gcp.cloud.sap.corp/job/hana-analytics-integration-broker/job/PR-278/6/,https://analyticsintbroker.jaas-gcp.cloud.sap.corp/job/hana-analytics-integration-broker/job/PR-278/6/,1,1,2,2026-08-06 13:11:46.963536,2026-08-28T15:13:00.274356+00:00
https://csicredentialrotation.jaas-gcp.cloud.sap.corp/job/csi-iaas-credential-rotator/job/PR-414/1/,https://csicredentialrotation.jaas-gcp.cloud.sap.corp/job/csi-iaas-credential-rotator/job/PR-414/1/,1,1,1,2026-08-06 13:08:46.538738,2026-08-28T15:13:00.274356+00:00
https://hcplugindelivery.jaas-gcp.cloud.sap.corp/job/plugin-base/job/PR-175/2/,https://hcplugindelivery.jaas-gcp.cloud.sap.corp/job/plugin-base/job/PR-175/2/,1,1,1,2026-08-06 13:07:16.318317,2026-08-28T15:13:00.274356+00:00
https://gkehanacloudservice.jaas-gcp.cloud.sap.corp/job/hana-system-replication-rest-api/job/PR-329/6/,https://gkehanacloudservice.jaas-gcp.cloud.sap.corp/job/hana-system-replication-rest-api/job/PR-329/6/,1,1,1,2026-08-06 13:05:29.215432,2026-08-28T15:13:00.274356+00:00
https://gkebackupoperator.jaas-gcp.cloud.sap.corp/job/Backup-Object-Store/job/PR-777/1/,https://gkebackupoperator.jaas-gcp.cloud.sap.corp/job/Backup-Object-Store/job/PR-777/1/,1,1,1,2026-08-06 12:57:34.317307,2026-08-28T15:13:00.274356+00:00
https://gkebackupoperator.jaas-gcp.cloud.sap.corp/job/backup-native-tenant-recovery/job/PR-223/6/,https://gkebackupoperator.jaas-gcp.cloud.sap.corp/job/backup-native-tenant-recovery/job/PR-223/6/,1,1,131,2026-08-06 12:54:33.480741,2026-08-28T15:13:00.274356+00:00
https://setup-account.jaas-gcp.cloud.sap.corp/job/setup-account/job/PR-6738/1/,https://setup-account.jaas-gcp.cloud.sap.corp/job/setup-account/job/PR-6738/1/,1,1,1,2026-08-06 12:53:10.326136,2026-08-28T15:13:00.274356+00:00
https://opainfrastructure.jaas-gcp.cloud.sap.corp/job/open-policy-agent/job/PR-217/3/,https://opainfrastructure.jaas-gcp.cloud.sap.corp/job/open-policy-agent/job/PR-217/3/,1,1,1,2026-08-06 12:48:11.839567,2026-08-28T15:13:00.274356+00:00
https://terraformer.jaas-gcp.cloud.sap.corp/job/mulitcloud-butler/job/PR-509/172/,https://terraformer.jaas-gcp.cloud.sap.corp/job/mulitcloud-butler/job/PR-509/172/,1,2,2,2026-08-06 12:43:37.798084,2026-08-28T15:13:00.274356+00:00
https://opainfrastructure.jaas-gcp.cloud.sap.corp/job/open-policy-agent/job/PR-217/2/,https://opainfrastructure.jaas-gcp.cloud.sap.corp/job/open-policy-agent/job/PR-217/2/,1,1,1,2026-08-06 12:42:56.985098,2026-08-28T15:13:00.274356+00:00
https://hanaserviceoperator.jaas-gcp.cloud.sap.corp/job/hanaservice-operator/job/PR-1555/1/,https://hanaserviceoperator.jaas-gcp.cloud.sap.corp/job/hanaservice-operator/job/PR-1555/1/,1,1,1,2026-08-06 12:34:53.387073,2026-08-28T15:13:00.274356+00:00
https://terraformer.jaas-gcp.cloud.sap.corp/job/gardener-project-setup/job/PR-556/2/,https://terraformer.jaas-gcp.cloud.sap.corp/job/gardener-project-setup/job/PR-556/2/,1,1,1,2026-08-06 12:30:08.053478,2026-08-28T15:13:00.274356+00:00
https://terraformer.jaas-gcp.cloud.sap.corp/job/gardener-project-setup/job/PR-541/7/,https://terraformer.jaas-gcp.cloud.sap.corp/job/gardener-project-setup/job/PR-541/7/,1,1,1,2026-08-06 12:24:57.276986,2026-08-28T15:13:00.274356+00:00
https://terraformer.jaas-gcp.cloud.sap.corp/job/mulitcloud-butler/job/PR-509/171/,https://terraformer.jaas-gcp.cloud.sap.corp/job/mulitcloud-butler/job/PR-509/171/,1,2,2,2026-08-06 12:21:20.720898,2026-08-28T15:13:00.274356+00:00
https://edgelayer.jaas-gcp.cloud.sap.corp/job/nginx-ingress-controller/job/PR-217/23/,https://edgelayer.jaas-gcp.cloud.sap.corp/job/nginx-ingress-controller/job/PR-217/23/,1,1,1,2026-08-06 12:18:29.224551,2026-08-28T15:13:00.274356+00:00
https://haaf.jaas-gcp.cloud.sap.corp/job/hai-persistency/job/PR-498/14/,https://haaf.jaas-gcp.cloud.sap.corp/job/hai-persistency/job/PR-498/14/,1,1,1,2026-08-06 12:10:41.925285,2026-08-28T15:13:00.274356+00:00
https://tenant-move-operator.jaas-gcp.cloud.sap.corp/job/hana-tenant-move-operator/job/PR-461/4/,https://tenant-move-operator.jaas-gcp.cloud.sap.corp/job/hana-tenant-move-operator/job/PR-461/4/,1,1,1,2026-08-06 12:06:46.475062,2026-08-28T15:13:00.274356+00:00
https://tenant-move-operator.jaas-gcp.cloud.sap.corp/job/hana-tenant-move-operator/job/PR-461/5/,https://tenant-move-operator.jaas-gcp.cloud.sap.corp/job/hana-tenant-move-operator/job/PR-461/5/,1,1,1,2026-08-06 12:06:11.136893,2026-08-28T15:13:00.274356+00:00
https://csisecurity.jaas-gcp.cloud.sap.corp/job/security-policies/job/PR-421/1/,https://csisecurity.jaas-gcp.cloud.sap.corp/job/security-policies/job/PR-421/1/,1,1,1,2026-08-06 11:56:26.776472,2026-08-28T15:13:00.274356+00:00
https://gkebackupoperator.jaas-gcp.cloud.sap.corp/job/backup-recovery-service/job/PR-866/72/,https://gkebackupoperator.jaas-gcp.cloud.sap.corp/job/backup-recovery-service/job/PR-866/72/,1,1,1,2026-08-06 11:55:00.333188,2026-08-28T15:13:00.274356+00:00
https://hciteamblue.jaas-gcp.cloud.sap.corp/job/csi-cleanup/job/PR-237/2/,https://hciteamblue.jaas-gcp.cloud.sap.corp/job/csi-cleanup/job/PR-237/2/,1,1,7,2026-08-06 11:47:46.096188,2026-08-28T15:13:00.274356+00:00
https://pingservice.jaas-gcp.cloud.sap.corp/job/ping-agent/job/PR-579/1/,https://pingservice.jaas-gcp.cloud.sap.corp/job/ping-agent/job/PR-579/1/,1,1,4,2026-08-06 11:45:01.877348,2026-08-28T15:13:00.274356+00:00
https://setup-account.jaas-gcp.cloud.sap.corp/job/setup-account/job/PR-6580/32/,https://setup-account.jaas-gcp.cloud.sap.corp/job/setup-account/job/PR-6580/32/,1,1,1,2026-08-06 11:41:38.335011,2026-08-28T15:13:00.274356+00:00
https://terraformer.jaas-gcp.cloud.sap.corp/job/csi-credential-provider/job/PR-20/8/,https://terraformer.jaas-gcp.cloud.sap.corp/job/csi-credential-provider/job/PR-20/8/,1,1,1,2026-08-06 11:16:07.694138,2026-08-28T15:13:00.274356+00:00
https://hanatenantmovejob.jaas-gcp.cloud.sap.corp/job/hana-native-tenant-move-job/job/PR-895/43/,https://hanatenantmovejob.jaas-gcp.cloud.sap.corp/job/hana-native-tenant-move-job/job/PR-895/43/,1,1,1,2026-08-06 11:05:36.446127,2026-08-28T15:13:00.274356+00:00
https://csisecurity.jaas-gcp.cloud.sap.corp/job/security-policies/job/PR-419/1/,https://csisecurity.jaas-gcp.cloud.sap.corp/job/security-policies/job/PR-419/1/,1,1,1,2026-08-06 11:05:32.201133,2026-08-28T15:13:00.274356+00:00
https://hanatenantmovejob.jaas-gcp.cloud.sap.corp/job/hana-native-tenant-move-job/job/PR-824/95/,https://hanatenantmovejob.jaas-gcp.cloud.sap.corp/job/hana-native-tenant-move-job/job/PR-824/95/,1,1,1,2026-08-06 10:59:02.133072,2026-08-28T15:13:00.274356+00:00
https://hciteamblue.jaas-gcp.cloud.sap.corp/job/csi-cleanup/job/PR-237/1/,https://hciteamblue.jaas-gcp.cloud.sap.corp/job/csi-cleanup/job/PR-237/1/,1,1,1,2026-08-06 10:58:40.560996,2026-08-28T15:13:00.274356+00:00
https://terraformer.jaas-gcp.cloud.sap.corp/job/csi-credential-provider/job/PR-20/6/,https://terraformer.jaas-gcp.cloud.sap.corp/job/csi-credential-provider/job/PR-20/6/,1,1,9,2026-08-06 10:55:06.140949,2026-08-28T15:13:00.274356+00:00
https://gkebackupoperator.jaas-gcp.cloud.sap.corp/job/backup-recovery-service/job/PR-866/71/,https://gkebackupoperator.jaas-gcp.cloud.sap.corp/job/backup-recovery-service/job/PR-866/71/,1,1,1,2026-08-06 10:44:35.722471,2026-08-28T15:13:00.274356+00:00
https://persistency-service.jaas-gcp.cloud.sap.corp/job/persistency-service-operator/job/PR-135/37/,https://persistency-service.jaas-gcp.cloud.sap.corp/job/persistency-service-operator/job/PR-135/37/,1,1,1,2026-08-06 10:34:09.830235,2026-08-28T15:13:00.274356+00:00
https://edgelayer.jaas-gcp.cloud.sap.corp/job/nginx-ingress-controller/job/PR-217/22/,https://edgelayer.jaas-gcp.cloud.sap.corp/job/nginx-ingress-controller/job/PR-217/22/,1,1,1,2026-08-06 10:33:01.504114,2026-08-28T15:13:00.274356+00:00
https://analyticsintbroker.jaas-gcp.cloud.sap.corp/job/hana-analytics-integration-broker/job/PR-281/3/,https://analyticsintbroker.jaas-gcp.cloud.sap.corp/job/hana-analytics-integration-broker/job/PR-281/3/,1,1,1,2026-08-06 10:31:24.588554,2026-08-28T15:13:00.274356+00:00
https://hcinventoryservice.jaas-gcp.cloud.sap.corp/job/hana-cloud-inventory-service/job/PR-1148/1/,https://hcinventoryservice.jaas-gcp.cloud.sap.corp/job/hana-cloud-inventory-service/job/PR-1148/1/,1,1,1,2026-08-06 10:28:05.303081,2026-08-28T15:13:00.274356+00:00
https://gkebackupoperator.jaas-gcp.cloud.sap.corp/job/Backup-Operator/job/PR-1702/14/,https://gkebackupoperator.jaas-gcp.cloud.sap.corp/job/Backup-Operator/job/PR-1702/14/,1,1,1,2026-08-06 10:10:10.159747,2026-08-28T15:13:00.274356+00:00
https://haaf.jaas-gcp.cloud.sap.corp/job/hai-persistency/job/PR-498/10/,https://haaf.jaas-gcp.cloud.sap.corp/job/hai-persistency/job/PR-498/10/,1,1,1,2026-08-06 10:09:39.701862,2026-08-28T15:13:00.274356+00:00
https://gkebackupoperator.jaas-gcp.cloud.sap.corp/job/Backup-Operator/job/PR-1702/13/,https://gkebackupoperator.jaas-gcp.cloud.sap.corp/job/Backup-Operator/job/PR-1702/13/,1,1,1,2026-08-06 10:06:35.026971,2026-08-28T15:13:00.274356+00:00
https://oreo.jaas-gcp.cloud.sap.corp/job/hana-cloud-hana-service-api/job/PR-132/53/,https://oreo.jaas-gcp.cloud.sap.corp/job/hana-cloud-hana-service-api/job/PR-132/53/,1,1,1,2026-08-06 10:04:53.954544,2026-08-28T15:13:00.274356+00:00
https://tenantmgmt.jaas-gcp.cloud.sap.corp/job/tenant-management-service/job/PR-2913/1/,https://tenantmgmt.jaas-gcp.cloud.sap.corp/job/tenant-management-service/job/PR-2913/1/,1,1,1,2026-08-06 09:52:24.523192,2026-08-28T15:13:00.274356+00:00
https://hciteamblue.jaas-gcp.cloud.sap.corp/job/csi-cleanup/job/PR-201/9/,https://hciteamblue.jaas-gcp.cloud.sap.corp/job/csi-cleanup/job/PR-201/9/,1,1,1,2026-08-06 09:42:02.368543,2026-08-28T15:13:00.274356+00:00
https://analyticsintbroker.jaas-gcp.cloud.sap.corp/job/hana-analytics-integration-broker/job/PR-281/2/,https://analyticsintbroker.jaas-gcp.cloud.sap.corp/job/hana-analytics-integration-broker/job/PR-281/2/,1,1,1,2026-08-06 09:38:44.152296,2026-08-28T15:13:00.274356+00:00
https://persistency-service.jaas-gcp.cloud.sap.corp/job/persistency-service-operator/job/PR-135/36/,https://persistency-service.jaas-gcp.cloud.sap.corp/job/persistency-service-operator/job/PR-135/36/,1,1,1,2026-08-06 09:27:16.780798,2026-08-28T15:13:00.274356+00:00
https://crystalball.jaas-gcp.cloud.sap.corp/job/hc-crystalball/job/PR-665/1/,https://crystalball.jaas-gcp.cloud.sap.corp/job/hc-crystalball/job/PR-665/1/,1,1,1,2026-08-06 09:20:23.958174,2026-08-28T15:13:00.274356+00:00
https://hcad.jaas-gcp.cloud.sap.corp/job/hcad-ai-training/job/PR-130/8/,https://hcad.jaas-gcp.cloud.sap.corp/job/hcad-ai-training/job/PR-130/8/,1,1,1,2026-08-06 09:20:16.975777,2026-08-28T15:13:00.274356+00:00
https://advisorservice.jaas-gcp.cloud.sap.corp/job/advisor-api-server/job/PR-704/5/,https://advisorservice.jaas-gcp.cloud.sap.corp/job/advisor-api-server/job/PR-704/5/,1,1,1,2026-08-06 09:19:09.278641,2026-08-28T15:13:00.274356+00:00
https://crystalball.jaas-gcp.cloud.sap.corp/job/hc-crystalball/job/PR-663/4/,https://crystalball.jaas-gcp.cloud.sap.corp/job/hc-crystalball/job/PR-663/4/,1,1,1,2026-08-06 09:15:39.885955,2026-08-28T15:13:00.274356+00:00
https://crystalball.jaas-gcp.cloud.sap.corp/job/hc-crystalball/job/PR-657/3/,https://crystalball.jaas-gcp.cloud.sap.corp/job/hc-crystalball/job/PR-657/3/,1,1,1,2026-08-06 09:14:30.511211,2026-08-28T15:13:00.274356+00:00
https://gkebackupoperator.jaas-gcp.cloud.sap.corp/job/backup-native-tenant-recovery/job/PR-242/2/,https://gkebackupoperator.jaas-gcp.cloud.sap.corp/job/backup-native-tenant-recovery/job/PR-242/2/,1,1,1,2026-08-06 09:12:51.097813,2026-08-28T15:13:00.274356+00:00
https://hanacloudai.jaas-gcp.cloud.sap.corp/job/hana-cloud-mcp/job/PR-36/1/,https://hanacloudai.jaas-gcp.cloud.sap.corp/job/hana-cloud-mcp/job/PR-36/1/,1,1,1,2026-08-06 09:08:22.147530,2026-08-28T15:13:00.274356+00:00
https://hcphoenixlandscape.jaas-gcp.cloud.sap.corp/job/hc-cr-metrics/job/PR-199/1/,https://hcphoenixlandscape.jaas-gcp.cloud.sap.corp/job/hc-cr-metrics/job/PR-199/1/,1,1,1,2026-08-06 09:06:36.465531,2026-08-28T15:13:00.274356+00:00
https://setup-account.jaas-gcp.cloud.sap.corp/job/setup-account/job/PR-6685/6/,https://setup-account.jaas-gcp.cloud.sap.corp/job/setup-account/job/PR-6685/6/,1,1,1,2026-08-06 09:04:08.173890,2026-08-28T15:13:00.274356+00:00
https://ernapiserver.jaas-gcp.cloud.sap.corp/job/ern-argo-workflows/job/PR-18/10/,https://ernapiserver.jaas-gcp.cloud.sap.corp/job/ern-argo-workflows/job/PR-18/10/,1,1,1,2026-08-06 08:48:06.737099,2026-08-28T15:13:00.274356+00:00
https://hdlservices6.jaas-gcp.cloud.sap.corp/job/HANADataLakeDBaaSServicesPRMerge/job/iq-backup-restore-operator/job/PR-616/1/,https://hdlservices6.jaas-gcp.cloud.sap.corp/job/HANADataLakeDBaaSServicesPRMerge/job/iq-backup-restore-operator/job/PR-616/1/,2,2,2,2026-08-06 08:40:17.568679,2026-08-28T15:13:00.274356+00:00
https://alertservice.jaas-gcp.cloud.sap.corp/job/alert-metadata/job/PR-33/4/,https://alertservice.jaas-gcp.cloud.sap.corp/job/alert-metadata/job/PR-33/4/,1,1,1,2026-08-06 08:33:57.429092,2026-08-28T15:13:00.274356+00:00
https://persistency-service.jaas-gcp.cloud.sap.corp/job/persistency-service-operator/job/PR-135/35/,https://persistency-service.jaas-gcp.cloud.sap.corp/job/persistency-service-operator/job/PR-135/35/,1,1,1,2026-08-06 08:31:29.420568,2026-08-28T15:13:00.274356+00:00
https://crystalball.jaas-gcp.cloud.sap.corp/job/hc-crystalball/job/PR-663/3/,https://crystalball.jaas-gcp.cloud.sap.corp/job/hc-crystalball/job/PR-663/3/,1,1,1,2026-08-06 08:30:21.428527,2026-08-28T15:13:00.274356+00:00
https://crystalball.jaas-gcp.cloud.sap.corp/job/hc-crystalball-manager/job/PR-248/4/,https://crystalball.jaas-gcp.cloud.sap.corp/job/hc-crystalball-manager/job/PR-248/4/,1,2,2,2026-08-06 08:25:17.563696,2026-08-28T15:13:00.274356+00:00
https://smvrsyncservice.jaas-gcp.cloud.sap.corp/job/hana-node-operator/job/PR-1739/19/,https://smvrsyncservice.jaas-gcp.cloud.sap.corp/job/hana-node-operator/job/PR-1739/19/,1,2,8,2026-08-06 08:24:43.776032,2026-08-28T15:13:00.274356+00:00
https://vaultcontent.jaas-gcp.cloud.sap.corp/job/vault-content/job/PR-1863/1/,https://vaultcontent.jaas-gcp.cloud.sap.corp/job/vault-content/job/PR-1863/1/,1,1,1,2026-08-06 08:21:20.310874,2026-08-28T15:13:00.274356+00:00
https://hcplugin.jaas-gcp.cloud.sap.corp/job/hana-plugin-deployer/job/PR-299/2/,https://hcplugin.jaas-gcp.cloud.sap.corp/job/hana-plugin-deployer/job/PR-299/2/,1,1,1,2026-08-06 08:20:58.748323,2026-08-28T15:13:00.274356+00:00
https://analyticsintservice.jaas-gcp.cloud.sap.corp/job/hana-analytics-integration-service/job/PR-212/37/,https://analyticsintservice.jaas-gcp.cloud.sap.corp/job/hana-analytics-integration-service/job/PR-212/37/,1,1,1,2026-08-06 08:20:47.698211,2026-08-28T15:13:00.274356+00:00
https://hc-serverless-service.jaas-gcp.cloud.sap.corp/job/hc-serverless-service/job/PR-30/5/,https://hc-serverless-service.jaas-gcp.cloud.sap.corp/job/hc-serverless-service/job/PR-30/5/,2,2,2,2026-08-06 08:20:30.985297,2026-08-28T15:13:00.274356+00:00
https://hcdldp01.jaas-gcp.cloud.sap.corp/job/HANADataLakeDBaaSServicesPRMerge/job/data-publishing-svc/job/PR-1834/8/,https://hcdldp01.jaas-gcp.cloud.sap.corp/job/HANADataLakeDBaaSServicesPRMerge/job/data-publishing-svc/job/PR-1834/8/,1,1,12,2026-08-06 08:20:05.999750,2026-08-28T15:13:00.274356+00:00
https://smvrsyncservice.jaas-gcp.cloud.sap.corp/job/hana-xregion-hsr-operator/job/PR-491/12/,https://smvrsyncservice.jaas-gcp.cloud.sap.corp/job/hana-xregion-hsr-operator/job/PR-491/12/,1,1,1,2026-08-06 08:17:52.274503,2026-08-28T15:13:00.274356+00:00
https://smvrsyncservice.jaas-gcp.cloud.sap.corp/job/hana-xregion-hsr-operator/job/PR-493/8/,https://smvrsyncservice.jaas-gcp.cloud.sap.corp/job/hana-xregion-hsr-operator/job/PR-493/8/,1,1,1,2026-08-06 08:13:29.576010,2026-08-28T15:13:00.274356+00:00
https://featureguard.jaas-gcp.cloud.sap.corp/job/featureguard/job/PR-444/5/,https://featureguard.jaas-gcp.cloud.sap.corp/job/featureguard/job/PR-444/5/,1,1,4,2026-08-06 08:13:09.418283,2026-08-28T15:13:00.274356+00:00
https://smvrsyncservice.jaas-gcp.cloud.sap.corp/job/hana-xregion-hsr-operator/job/PR-507/1/,https://smvrsyncservice.jaas-gcp.cloud.sap.corp/job/hana-xregion-hsr-operator/job/PR-507/1/,1,1,1,2026-08-06 08:12:21.941562,2026-08-28T15:13:00.274356+00:00
https://smvrsyncservice.jaas-gcp.cloud.sap.corp/job/hana-xregion-hsr-operator/job/PR-505/2/,https://smvrsyncservice.jaas-gcp.cloud.sap.corp/job/hana-xregion-hsr-operator/job/PR-505/2/,1,1,1,2026-08-06 08:06:35.746128,2026-08-28T15:13:00.274356+00:00
https://analyticsintbroker.jaas-gcp.cloud.sap.corp/job/hana-analytics-integration-broker/job/PR-278/5/,https://analyticsintbroker.jaas-gcp.cloud.sap.corp/job/hana-analytics-integration-broker/job/PR-278/5/,1,1,2,2026-08-06 08:06:09.138804,2026-08-28T15:13:00.274356+00:00
https://smvrsyncservice.jaas-gcp.cloud.sap.corp/job/hana-xregion-hsr-operator/job/PR-380/85/,https://smvrsyncservice.jaas-gcp.cloud.sap.corp/job/hana-xregion-hsr-operator/job/PR-380/85/,1,1,1,2026-08-06 08:05:31.971116,2026-08-28T15:13:00.274356+00:00
https://smvrsyncservice.jaas-gcp.cloud.sap.corp/job/hana-xregion-hsr-operator/job/PR-498/18/,https://smvrsyncservice.jaas-gcp.cloud.sap.corp/job/hana-xregion-hsr-operator/job/PR-498/18/,1,1,1,2026-08-06 08:03:32.694864,2026-08-28T15:13:00.274356+00:00
https://intelligent-sre.jaas-gcp.cloud.sap.corp/job/intelligent-sre-service/job/PR-164/8/,https://intelligent-sre.jaas-gcp.cloud.sap.corp/job/intelligent-sre-service/job/PR-164/8/,1,1,10,2026-08-06 08:02:54.350625,2026-08-28T15:13:00.274356+00:00
https://crystalball.jaas-gcp.cloud.sap.corp/job/hc-crystalball/job/PR-663/2/,https://crystalball.jaas-gcp.cloud.sap.corp/job/hc-crystalball/job/PR-663/2/,1,1,1,2026-08-06 08:02:15.454775,2026-08-28T15:13:00.274356+00:00
https://smvrsyncservice.jaas-gcp.cloud.sap.corp/job/hana-xregion-hsr-operator/job/PR-499/9/,https://smvrsyncservice.jaas-gcp.cloud.sap.corp/job/hana-xregion-hsr-operator/job/PR-499/9/,1,1,1,2026-08-06 08:00:55.818339,2026-08-28T15:13:00.274356+00:00
https://haaf.jaas-gcp.cloud.sap.corp/job/ecn-advisor/job/PR-1515/1/,https://haaf.jaas-gcp.cloud.sap.corp/job/ecn-advisor/job/PR-1515/1/,1,1,1,2026-08-06 07:56:16.381059,2026-08-28T15:13:00.274356+00:00
https://smvrsyncservice.jaas-gcp.cloud.sap.corp/job/hana-xregion-hsr-operator/job/PR-477/21/,https://smvrsyncservice.jaas-gcp.cloud.sap.corp/job/hana-xregion-hsr-operator/job/PR-477/21/,1,1,1,2026-08-06 07:55:50.041260,2026-08-28T15:13:00.274356+00:00
https://smvrsyncservice.jaas-gcp.cloud.sap.corp/job/hana-xregion-hsr-operator/job/PR-357/28/,https://smvrsyncservice.jaas-gcp.cloud.sap.corp/job/hana-xregion-hsr-operator/job/PR-357/28/,1,1,1,2026-08-06 07:55:12.312919,2026-08-28T15:13:00.274356+00:00
https://hanacloudai.jaas-gcp.cloud.sap.corp/job/hana-cloud-mcp/job/PR-35/1/,https://hanacloudai.jaas-gcp.cloud.sap.corp/job/hana-cloud-mcp/job/PR-35/1/,1,2,2,2026-08-06 07:48:20.281340,2026-08-28T15:13:00.274356+00:00
https://indexadvisor.jaas-gcp.cloud.sap.corp/job/index-advisor-service/job/PR-567/7/,https://indexadvisor.jaas-gcp.cloud.sap.corp/job/index-advisor-service/job/PR-567/7/,1,1,1,2026-08-06 07:36:55.914368,2026-08-28T15:13:00.274356+00:00
https://analyticsintbroker.jaas-gcp.cloud.sap.corp/job/hana-analytics-integration-broker/job/PR-281/1/,https://analyticsintbroker.jaas-gcp.cloud.sap.corp/job/hana-analytics-integration-broker/job/PR-281/1/,1,1,1,2026-08-06 07:14:18.933896,2026-08-28T15:13:00.274356+00:00
https://crystalball.jaas-gcp.cloud.sap.corp/job/hc-crystalball/job/PR-663/1/,https://crystalball.jaas-gcp.cloud.sap.corp/job/hc-crystalball/job/PR-663/1/,1,1,1,2026-08-06 07:13:24.108238,2026-08-28T15:13:00.274356+00:00
https://gkebackupoperator.jaas-gcp.cloud.sap.corp/job/backup-recovery-service/job/PR-866/70/,https://gkebackupoperator.jaas-gcp.cloud.sap.corp/job/backup-recovery-service/job/PR-866/70/,1,1,1,2026-08-06 07:13:18.089401,2026-08-28T15:13:00.274356+00:00
https://hanacloudai.jaas-gcp.cloud.sap.corp/job/hana-cloud-mcp/job/PR-34/1/,https://hanacloudai.jaas-gcp.cloud.sap.corp/job/hana-cloud-mcp/job/PR-34/1/,1,2,2,2026-08-06 07:11:53.053010,2026-08-28T15:13:00.274356+00:00
https://crystalball.jaas-gcp.cloud.sap.corp/job/hc-crystalball/job/PR-611/24/,https://crystalball.jaas-gcp.cloud.sap.corp/job/hc-crystalball/job/PR-611/24/,1,2,4,2026-08-06 07:06:35.157258,2026-08-28T15:13:00.274356+00:00
https://crystalball.jaas-gcp.cloud.sap.corp/job/hc-crystalball/job/PR-657/2/,https://crystalball.jaas-gcp.cloud.sap.corp/job/hc-crystalball/job/PR-657/2/,1,1,1,2026-08-06 07:02:48.481297,2026-08-28T15:13:00.274356+00:00
https://gkehaasmonitoring.jaas-gcp.cloud.sap.corp/job/cloud-provider-exporter/job/PR-865/1/,https://gkehaasmonitoring.jaas-gcp.cloud.sap.corp/job/cloud-provider-exporter/job/PR-865/1/,1,1,1,2026-08-06 06:55:27.736598,2026-08-28T15:13:00.274356+00:00
https://persistency-service.jaas-gcp.cloud.sap.corp/job/persistency-service-operator/job/PR-135/34/,https://persistency-service.jaas-gcp.cloud.sap.corp/job/persistency-service-operator/job/PR-135/34/,1,1,1,2026-08-06 06:50:06.994459,2026-08-28T15:13:00.274356+00:00
https://crystalball.jaas-gcp.cloud.sap.corp/job/hc-crystalball/job/PR-661/2/,https://crystalball.jaas-gcp.cloud.sap.corp/job/hc-crystalball/job/PR-661/2/,1,2,4,2026-08-06 06:42:45.149976,2026-08-28T15:13:00.274356+00:00
https://intelligent-sre.jaas-gcp.cloud.sap.corp/job/intelligent-sre-service/job/PR-164/6/,https://intelligent-sre.jaas-gcp.cloud.sap.corp/job/intelligent-sre-service/job/PR-164/6/,1,1,1,2026-08-06 06:42:05.504621,2026-08-28T15:13:00.274356+00:00
https://crystalball.jaas-gcp.cloud.sap.corp/job/hc-crystalball/job/PR-662/1/,https://crystalball.jaas-gcp.cloud.sap.corp/job/hc-crystalball/job/PR-662/1/,1,1,1,2026-08-06 06:41:29.341298,2026-08-28T15:13:00.274356+00:00
https://terraformer.jaas-gcp.cloud.sap.corp/job/csi-credential-provider/job/PR-20/5/,https://terraformer.jaas-gcp.cloud.sap.corp/job/csi-credential-provider/job/PR-20/5/,1,1,10,2026-08-06 06:40:32.703178,2026-08-28T15:13:00.274356+00:00
https://crystalball.jaas-gcp.cloud.sap.corp/job/hc-crystalball/job/PR-661/1/,https://crystalball.jaas-gcp.cloud.sap.corp/job/hc-crystalball/job/PR-661/1/,1,2,4,2026-08-06 06:38:53.252510,2026-08-28T15:13:00.274356+00:00
https://intelligent-sre.jaas-gcp.cloud.sap.corp/job/intelligent-sre-service/job/PR-164/5/,https://intelligent-sre.jaas-gcp.cloud.sap.corp/job/intelligent-sre-service/job/PR-164/5/,1,2,2,2026-08-06 06:28:55.476668,2026-08-28T15:13:00.274356+00:00
https://hchre.jaas-gcp.cloud.sap.corp/job/disk_usage_wf_pipeline/job/PR-208/5/,https://hchre.jaas-gcp.cloud.sap.corp/job/disk_usage_wf_pipeline/job/PR-208/5/,1,1,1,2026-08-06 06:22:32.528345,2026-08-28T15:13:00.274356+00:00
https://analyticsintservice.jaas-gcp.cloud.sap.corp/job/hana-analytics-integration-service/job/PR-251/4/,https://analyticsintservice.jaas-gcp.cloud.sap.corp/job/hana-analytics-integration-service/job/PR-251/4/,1,1,1,2026-08-06 06:07:10.959080,2026-08-28T15:13:00.274356+00:00
https://advisorservice.jaas-gcp.cloud.sap.corp/job/advisor-api-server/job/PR-704/4/,https://advisorservice.jaas-gcp.cloud.sap.corp/job/advisor-api-server/job/PR-704/4/,1,1,1,2026-08-06 05:57:43.088380,2026-08-28T15:13:00.274356+00:00
https://intelligent-sre.jaas-gcp.cloud.sap.corp/job/intelligent-sre-service/job/PR-164/4/,https://intelligent-sre.jaas-gcp.cloud.sap.corp/job/intelligent-sre-service/job/PR-164/4/,1,1,1,2026-08-06 05:57:04.524365,2026-08-28T15:13:00.274356+00:00
https://intelligent-sre.jaas-gcp.cloud.sap.corp/job/intelligent-sre-service/job/PR-168/6/,https://intelligent-sre.jaas-gcp.cloud.sap.corp/job/intelligent-sre-service/job/PR-168/6/,1,1,1,2026-08-06 05:54:22.267889,2026-08-28T15:13:00.274356+00:00
https://intelligent-sre.jaas-gcp.cloud.sap.corp/job/intelligent-sre-service/job/PR-164/3/,https://intelligent-sre.jaas-gcp.cloud.sap.corp/job/intelligent-sre-service/job/PR-164/3/,1,1,1,2026-08-06 05:53:56.001487,2026-08-28T15:13:00.274356+00:00
https://crystalball.jaas-gcp.cloud.sap.corp/job/hc-crystalball/job/PR-611/23/,https://crystalball.jaas-gcp.cloud.sap.corp/job/hc-crystalball/job/PR-611/23/,1,1,1,2026-08-06 05:42:06.748218,2026-08-28T15:13:00.274356+00:00
https://hcapigateway.jaas-gcp.cloud.sap.corp/job/hana-cloud-api-gateway/job/PR-528/4/,https://hcapigateway.jaas-gcp.cloud.sap.corp/job/hana-cloud-api-gateway/job/PR-528/4/,1,1,1,2026-08-06 05:35:58.215202,2026-08-28T15:13:00.274356+00:00
https://crystalball.jaas-gcp.cloud.sap.corp/job/hc-crystalball/job/PR-659/3/,https://crystalball.jaas-gcp.cloud.sap.corp/job/hc-crystalball/job/PR-659/3/,1,1,3,2026-08-06 05:23:58.236760,2026-08-28T15:13:00.274356+00:00
https://crystalball.jaas-gcp.cloud.sap.corp/job/hc-crystalball/job/PR-659/2/,https://crystalball.jaas-gcp.cloud.sap.corp/job/hc-crystalball/job/PR-659/2/,1,1,3,2026-08-06 05:19:11.932170,2026-08-28T15:13:00.274356+00:00
https://intelligent-sre.jaas-gcp.cloud.sap.corp/job/intelligent-sre-service/job/PR-168/3/,https://intelligent-sre.jaas-gcp.cloud.sap.corp/job/intelligent-sre-service/job/PR-168/3/,1,1,1,2026-08-06 05:16:31.529546,2026-08-28T15:13:00.274356+00:00
https://intelligent-sre.jaas-gcp.cloud.sap.corp/job/intelligent-sre-service/job/PR-168/5/,https://intelligent-sre.jaas-gcp.cloud.sap.corp/job/intelligent-sre-service/job/PR-168/5/,1,1,1,2026-08-06 05:16:25.921939,2026-08-28T15:13:00.274356+00:00
https://crystalball.jaas-gcp.cloud.sap.corp/job/hc-crystalball/job/PR-659/1/,https://crystalball.jaas-gcp.cloud.sap.corp/job/hc-crystalball/job/PR-659/1/,1,1,3,2026-08-06 05:14:30.931512,2026-08-28T15:13:00.274356+00:00
https://analyticsintbroker.jaas-gcp.cloud.sap.corp/job/hana-analytics-integration-broker/job/PR-278/4/,https://analyticsintbroker.jaas-gcp.cloud.sap.corp/job/hana-analytics-integration-broker/job/PR-278/4/,1,1,1,2026-08-06 05:10:22.097682,2026-08-28T15:13:00.274356+00:00
https://hcinventoryservice.jaas-gcp.cloud.sap.corp/job/hana-cloud-inventory-service/job/PR-1147/4/,https://hcinventoryservice.jaas-gcp.cloud.sap.corp/job/hana-cloud-inventory-service/job/PR-1147/4/,1,1,1,2026-08-06 04:59:40.025310,2026-08-28T15:13:00.274356+00:00
https://ccabenchmark.jaas-gcp.cloud.sap.corp/job/cca-starter/job/PR-2209/42/,https://ccabenchmark.jaas-gcp.cloud.sap.corp/job/cca-starter/job/PR-2209/42/,1,1,1,2026-08-06 04:49:59.630008,2026-08-28T15:13:00.274356+00:00
https://analyticsintbroker.jaas-gcp.cloud.sap.corp/job/hana-analytics-integration-broker/job/PR-265/4/,https://analyticsintbroker.jaas-gcp.cloud.sap.corp/job/hana-analytics-integration-broker/job/PR-265/4/,1,1,1,2026-08-06 04:46:51.960704,2026-08-28T15:13:00.274356+00:00
https://ccabenchmark.jaas-gcp.cloud.sap.corp/job/cca-starter/job/PR-2281/9/,https://ccabenchmark.jaas-gcp.cloud.sap.corp/job/cca-starter/job/PR-2281/9/,1,1,1,2026-08-06 04:45:25.130926,2026-08-28T15:13:00.274356+00:00
https://hcinventoryservice.jaas-gcp.cloud.sap.corp/job/hana-cloud-inventory-service/job/PR-1147/3/,https://hcinventoryservice.jaas-gcp.cloud.sap.corp/job/hana-cloud-inventory-service/job/PR-1147/3/,1,1,1,2026-08-06 04:40:34.522099,2026-08-28T15:13:00.274356+00:00
https://indexadvisor.jaas-gcp.cloud.sap.corp/job/index-advisor-service/job/PR-569/6/,https://indexadvisor.jaas-gcp.cloud.sap.corp/job/index-advisor-service/job/PR-569/6/,1,1,1,2026-08-06 04:33:02.760751,2026-08-28T15:13:00.274356+00:00
https://indexadvisor.jaas-gcp.cloud.sap.corp/job/index-advisor-service/job/PR-568/5/,https://indexadvisor.jaas-gcp.cloud.sap.corp/job/index-advisor-service/job/PR-568/5/,1,1,1,2026-08-06 04:32:36.913607,2026-08-28T15:13:00.274356+00:00
https://indexadvisor.jaas-gcp.cloud.sap.corp/job/index-advisor-service/job/PR-567/6/,https://indexadvisor.jaas-gcp.cloud.sap.corp/job/index-advisor-service/job/PR-567/6/,1,1,1,2026-08-06 04:31:00.300717,2026-08-28T15:13:00.274356+00:00
https://hcinventoryservice.jaas-gcp.cloud.sap.corp/job/hana-cloud-inventory-service/job/PR-1147/2/,https://hcinventoryservice.jaas-gcp.cloud.sap.corp/job/hana-cloud-inventory-service/job/PR-1147/2/,1,1,1,2026-08-06 04:27:03.054289,2026-08-28T15:13:00.274356+00:00
https://intelligent-sre.jaas-gcp.cloud.sap.corp/job/intelligent-sre-service/job/PR-168/2/,https://intelligent-sre.jaas-gcp.cloud.sap.corp/job/intelligent-sre-service/job/PR-168/2/,1,1,1,2026-08-06 04:23:56.084000,2026-08-28T15:13:00.274356+00:00
https://security-checker.jaas-gcp.cloud.sap.corp/job/security-checker/job/PR-145/33/,https://security-checker.jaas-gcp.cloud.sap.corp/job/security-checker/job/PR-145/33/,1,1,1,2026-08-06 04:03:31.017588,2026-08-28T15:13:00.274356+00:00
https://csicyan.jaas-gcp.cloud.sap.corp/job/fluent-bit/job/PR-127/10/,https://csicyan.jaas-gcp.cloud.sap.corp/job/fluent-bit/job/PR-127/10/,1,1,3,2026-08-06 04:01:02.999588,2026-08-28T15:13:00.274356+00:00
https://palnlpmodel.jaas-gcp.cloud.sap.corp/job/pal-textanalysis/job/PR-551/21/,https://palnlpmodel.jaas-gcp.cloud.sap.corp/job/pal-textanalysis/job/PR-551/21/,1,1,1,2026-08-06 03:43:31.042075,2026-08-28T15:13:00.274356+00:00
https://intelligent-sre.jaas-gcp.cloud.sap.corp/job/intelligent-sre-service/job/PR-168/1/,https://intelligent-sre.jaas-gcp.cloud.sap.corp/job/intelligent-sre-service/job/PR-168/1/,1,1,1,2026-08-06 03:26:26.954730,2026-08-28T15:13:00.274356+00:00
https://metricsservice.jaas-gcp.cloud.sap.corp/job/metrics-service/job/PR-2407/2/,https://metricsservice.jaas-gcp.cloud.sap.corp/job/metrics-service/job/PR-2407/2/,1,1,1,2026-08-06 03:07:11.554859,2026-08-28T15:13:00.274356+00:00
https://hcstatsservice.jaas-gcp.cloud.sap.corp/job/hc-statistics-collector-operator/job/PR-469/32/,https://hcstatsservice.jaas-gcp.cloud.sap.corp/job/hc-statistics-collector-operator/job/PR-469/32/,1,1,1,2026-08-06 02:51:41.835829,2026-08-28T15:13:00.274356+00:00
https://hcstatsservice.jaas-gcp.cloud.sap.corp/job/hc-statistics-collector-operator/job/PR-576/19/,https://hcstatsservice.jaas-gcp.cloud.sap.corp/job/hc-statistics-collector-operator/job/PR-576/19/,1,1,1,2026-08-06 02:44:18.131027,2026-08-28T15:13:00.274356+00:00
https://hcstatsservice.jaas-gcp.cloud.sap.corp/job/hc-statistics-collector-operator/job/PR-469/31/,https://hcstatsservice.jaas-gcp.cloud.sap.corp/job/hc-statistics-collector-operator/job/PR-469/31/,1,1,1,2026-08-06 02:43:42.124292,2026-08-28T15:13:00.274356+00:00
https://setup-account.jaas-gcp.cloud.sap.corp/job/setup-account/job/PR-6735/1/,https://setup-account.jaas-gcp.cloud.sap.corp/job/setup-account/job/PR-6735/1/,1,1,1,2026-08-06 02:17:14.692372,2026-08-28T15:13:00.274356+00:00
https://hcapigateway.jaas-gcp.cloud.sap.corp/job/hana-cloud-api-gateway/job/PR-528/3/,https://hcapigateway.jaas-gcp.cloud.sap.corp/job/hana-cloud-api-gateway/job/PR-528/3/,1,1,1,2026-08-06 02:03:41.896589,2026-08-28T15:13:00.274356+00:00
https://alicloud.jaas-gcp.cloud.sap.corp/job/hc-rbsc/job/PR-8/168/,https://alicloud.jaas-gcp.cloud.sap.corp/job/hc-rbsc/job/PR-8/168/,1,1,1,2026-08-06 01:12:31.904964,2026-08-28T15:13:00.274356+00:00
https://perfclassadvisor.jaas-gcp.cloud.sap.corp/job/perf-class-advisor/job/PR-462/4/,https://perfclassadvisor.jaas-gcp.cloud.sap.corp/job/perf-class-advisor/job/PR-462/4/,1,1,1,2026-08-06 01:09:26.006311,2026-08-28T15:13:00.274356+00:00
https://hcstatsservice.jaas-gcp.cloud.sap.corp/job/hc-statistics-collector-operator/job/PR-469/30/,https://hcstatsservice.jaas-gcp.cloud.sap.corp/job/hc-statistics-collector-operator/job/PR-469/30/,1,1,1,2026-08-06 01:06:44.813802,2026-08-28T15:13:00.274356+00:00
https://sspclouddev.jaas-gcp.cloud.sap.corp/job/hana-snapshot-operator/job/PR-1377/82/,https://sspclouddev.jaas-gcp.cloud.sap.corp/job/hana-snapshot-operator/job/PR-1377/82/,1,1,1,2026-08-06 01:04:27.910198,2026-08-28T15:13:00.274356+00:00
https://sspclouddev.jaas-gcp.cloud.sap.corp/job/hana-snapshot-operator/job/PR-1313/121/,https://sspclouddev.jaas-gcp.cloud.sap.corp/job/hana-snapshot-operator/job/PR-1313/121/,1,1,1,2026-08-06 01:04:11.132602,2026-08-28T15:13:00.274356+00:00
https://sspclouddev.jaas-gcp.cloud.sap.corp/job/hana-snapshot-operator/job/PR-1350/93/,https://sspclouddev.jaas-gcp.cloud.sap.corp/job/hana-snapshot-operator/job/PR-1350/93/,1,1,2,2026-08-06 01:03:23.894656,2026-08-28T15:13:00.274356+00:00
https://hanadelegatedbroker.jaas-gcp.cloud.sap.corp/job/hana-delegated-broker/job/PR-33/25/,https://hanadelegatedbroker.jaas-gcp.cloud.sap.corp/job/hana-delegated-broker/job/PR-33/25/,1,1,1,2026-08-06 00:53:56.485463,2026-08-28T15:13:00.274356+00:00
https://hc-monitoring-mcp-server.jaas-gcp.cloud.sap.corp/job/hc-monitoring-mcp-server/job/PR-10/136/,https://hc-monitoring-mcp-server.jaas-gcp.cloud.sap.corp/job/hc-monitoring-mcp-server/job/PR-10/136/,1,1,1,2026-08-06 00:35:32.888255,2026-08-28T15:13:00.274356+00:00
https://hc-monitoring-agent.jaas-gcp.cloud.sap.corp/job/hc-monitoring-agent/job/PR-13/25/,https://hc-monitoring-agent.jaas-gcp.cloud.sap.corp/job/hc-monitoring-agent/job/PR-13/25/,1,1,1,2026-08-06 00:34:46.024738,2026-08-28T15:13:00.274356+00:00
https://hcstatsservice.jaas-gcp.cloud.sap.corp/job/hc-statistics-collector-operator/job/PR-469/29/,https://hcstatsservice.jaas-gcp.cloud.sap.corp/job/hc-statistics-collector-operator/job/PR-469/29/,1,1,1,2026-08-06 00:32:59.389954,2026-08-28T15:13:00.274356+00:00
https://hcdldp01.jaas-gcp.cloud.sap.corp/job/HANADataLakeDBaaSServicesPRMerge/job/data-publishing-svc/job/PR-1834/6/,https://hcdldp01.jaas-gcp.cloud.sap.corp/job/HANADataLakeDBaaSServicesPRMerge/job/data-publishing-svc/job/PR-1834/6/,1,1,12,2026-08-05 22:42:27.923412,2026-08-28T15:13:00.274356+00:00
https://hchre.jaas-gcp.cloud.sap.corp/job/hana-nzdo-failed-ra-wf/job/PR-305/18/,https://hchre.jaas-gcp.cloud.sap.corp/job/hana-nzdo-failed-ra-wf/job/PR-305/18/,1,2,2,2026-08-05 22:31:21.132036,2026-08-28T15:13:00.274356+00:00
https://smvrsyncservice.jaas-gcp.cloud.sap.corp/job/hana-xregion-hsr-operator/job/PR-498/17/,https://smvrsyncservice.jaas-gcp.cloud.sap.corp/job/hana-xregion-hsr-operator/job/PR-498/17/,1,1,1,2026-08-05 22:22:18.511163,2026-08-28T15:13:00.274356+00:00
https://hchre.jaas-gcp.cloud.sap.corp/job/hanaservice-not-ready-ra-workflow/job/PR-211/5/,https://hchre.jaas-gcp.cloud.sap.corp/job/hanaservice-not-ready-ra-workflow/job/PR-211/5/,1,1,1,2026-08-05 22:20:51.505762,2026-08-28T15:13:00.274356+00:00
https://hcdldp01.jaas-gcp.cloud.sap.corp/job/HANADataLakeDBaaSServicesPRMerge/job/data-publishing-svc/job/PR-1797/30/,https://hcdldp01.jaas-gcp.cloud.sap.corp/job/HANADataLakeDBaaSServicesPRMerge/job/data-publishing-svc/job/PR-1797/30/,1,2,4,2026-08-05 21:27:45.708910,2026-08-28T15:13:00.274356+00:00
https://hcad.jaas-gcp.cloud.sap.corp/job/hcad-ai-inferencing/job/PR-389/1/,https://hcad.jaas-gcp.cloud.sap.corp/job/hcad-ai-inferencing/job/PR-389/1/,1,1,1,2026-08-05 20:35:25.890048,2026-08-28T15:13:00.274356+00:00
https://bigdataservices5.jaas-gcp.cloud.sap.corp/job/bds-apache-spark-base/job/PR-583/2/,https://bigdataservices5.jaas-gcp.cloud.sap.corp/job/bds-apache-spark-base/job/PR-583/2/,1,1,1,2026-08-05 20:17:20.864648,2026-08-28T15:13:00.274356+00:00
https://gkehanacloudmigrati.jaas-gcp.cloud.sap.corp/job/hana-cloud-migration-service/job/PR-2113/21/,https://gkehanacloudmigrati.jaas-gcp.cloud.sap.corp/job/hana-cloud-migration-service/job/PR-2113/21/,1,1,1,2026-08-05 19:32:33.563976,2026-08-28T15:13:00.274356+00:00
https://hcdldp01.jaas-gcp.cloud.sap.corp/job/HANADataLakeDBaaSServicesPRMerge/job/data-publishing-svc/job/PR-1834/3/,https://hcdldp01.jaas-gcp.cloud.sap.corp/job/HANADataLakeDBaaSServicesPRMerge/job/data-publishing-svc/job/PR-1834/3/,1,1,12,2026-08-05 19:18:30.910620,2026-08-28T15:13:00.274356+00:00
https://csicredentialrotation.jaas-gcp.cloud.sap.corp/job/vault-workflows/job/PR-175/1/,https://csicredentialrotation.jaas-gcp.cloud.sap.corp/job/vault-workflows/job/PR-175/1/,1,1,1,2026-08-05 19:15:17.998779,2026-08-28T15:13:00.274356+00:00
https://opainfrastructure.jaas-gcp.cloud.sap.corp/job/open-policy-agent/job/PR-217/1/,https://opainfrastructure.jaas-gcp.cloud.sap.corp/job/open-policy-agent/job/PR-217/1/,1,1,1,2026-08-05 18:52:19.631075,2026-08-28T15:13:00.274356+00:00
https://tenantsearch.jaas-gcp.cloud.sap.corp/job/hc-tenant-search/job/PR-127/47/,https://tenantsearch.jaas-gcp.cloud.sap.corp/job/hc-tenant-search/job/PR-127/47/,1,1,1,2026-08-05 18:02:33.601201,2026-08-28T15:13:00.274356+00:00
https://gkehanacloudservice.jaas-gcp.cloud.sap.corp/job/hana-system-replication/job/PR-802/21/,https://gkehanacloudservice.jaas-gcp.cloud.sap.corp/job/hana-system-replication/job/PR-802/21/,1,1,1,2026-08-05 17:54:42.446929,2026-08-28T15:13:00.274356+00:00
https://smvrsyncservice.jaas-gcp.cloud.sap.corp/job/hana-xregion-hsr-operator/job/PR-506/2/,https://smvrsyncservice.jaas-gcp.cloud.sap.corp/job/hana-xregion-hsr-operator/job/PR-506/2/,1,1,1,2026-08-05 17:25:49.064711,2026-08-28T15:13:00.274356+00:00
https://gkebackupoperator.jaas-gcp.cloud.sap.corp/job/backup-data-job/job/PR-577/4/,https://gkebackupoperator.jaas-gcp.cloud.sap.corp/job/backup-data-job/job/PR-577/4/,1,1,2,2026-08-05 17:25:14.294379,2026-08-28T15:13:00.274356+00:00
https://vaultcontent.jaas-gcp.cloud.sap.corp/job/csi-wtf/job/PR-82/3/,https://vaultcontent.jaas-gcp.cloud.sap.corp/job/csi-wtf/job/PR-82/3/,1,1,10,2026-08-05 17:17:28.340087,2026-08-28T15:13:00.274356+00:00
https://edgelayer.jaas-gcp.cloud.sap.corp/job/EdgeRouter/job/PR-1325/1/,https://edgelayer.jaas-gcp.cloud.sap.corp/job/EdgeRouter/job/PR-1325/1/,1,1,1,2026-08-05 17:04:53.395929,2026-08-28T15:13:00.274356+00:00
https://hcpurple.jaas-gcp.cloud.sap.corp/job/csi-assembly-docker/job/PR-32/42/,https://hcpurple.jaas-gcp.cloud.sap.corp/job/csi-assembly-docker/job/PR-32/42/,1,4,5,2026-08-05 17:04:47.008800,2026-08-28T15:13:00.274356+00:00
https://hctool.jaas-gcp.cloud.sap.corp/job/hc-tool/job/PR-166/2/,https://hctool.jaas-gcp.cloud.sap.corp/job/hc-tool/job/PR-166/2/,1,1,57,2026-08-05 16:57:57.070037,2026-08-28T15:13:00.274356+00:00
https://edgelayer.jaas-gcp.cloud.sap.corp/job/privatelink-operator/job/PR-612/3/,https://edgelayer.jaas-gcp.cloud.sap.corp/job/privatelink-operator/job/PR-612/3/,1,1,1,2026-08-05 16:44:44.204078,2026-08-28T15:13:00.274356+00:00
https://smvrsyncservice.jaas-gcp.cloud.sap.corp/job/hana-xregion-hsr-operator/job/PR-421/29/,https://smvrsyncservice.jaas-gcp.cloud.sap.corp/job/hana-xregion-hsr-operator/job/PR-421/29/,1,1,1,2026-08-05 16:39:22.521588,2026-08-28T15:13:00.274356+00:00
https://hanadefragnodes.jaas-gcp.cloud.sap.corp/job/hana-defrag-nodes/job/PR-46/4/,https://hanadefragnodes.jaas-gcp.cloud.sap.corp/job/hana-defrag-nodes/job/PR-46/4/,1,1,1,2026-08-05 16:34:21.677096,2026-08-28T15:13:00.274356+00:00
https://hanadefragnodes.jaas-gcp.cloud.sap.corp/job/hana-defrag-nodes/job/PR-46/3/,https://hanadefragnodes.jaas-gcp.cloud.sap.corp/job/hana-defrag-nodes/job/PR-46/3/,1,1,1,2026-08-05 16:17:49.868697,2026-08-28T15:13:00.274356+00:00
https://featureguard.jaas-gcp.cloud.sap.corp/job/featureguard/job/PR-461/4/,https://featureguard.jaas-gcp.cloud.sap.corp/job/featureguard/job/PR-461/4/,1,1,1,2026-08-05 16:08:11.250058,2026-08-28T15:13:00.274356+00:00
https://smvrsyncservice.jaas-gcp.cloud.sap.corp/job/hana-xregion-hsr-operator/job/PR-421/28/,https://smvrsyncservice.jaas-gcp.cloud.sap.corp/job/hana-xregion-hsr-operator/job/PR-421/28/,1,1,1,2026-08-05 16:07:01.970949,2026-08-28T15:13:00.274356+00:00
https://smvrsyncservice.jaas-gcp.cloud.sap.corp/job/hana-xregion-hsr-operator/job/PR-506/1/,https://smvrsyncservice.jaas-gcp.cloud.sap.corp/job/hana-xregion-hsr-operator/job/PR-506/1/,1,1,1,2026-08-05 16:06:26.172795,2026-08-28T15:13:00.274356+00:00
https://smvrsyncservice.jaas-gcp.cloud.sap.corp/job/hana-xregion-hsr-operator/job/PR-477/20/,https://smvrsyncservice.jaas-gcp.cloud.sap.corp/job/hana-xregion-hsr-operator/job/PR-477/20/,1,2,2,2026-08-05 16:05:26.110281,2026-08-28T15:13:00.274356+00:00
https://smvrsyncservice.jaas-gcp.cloud.sap.corp/job/hana-xregion-hsr-operator/job/PR-505/1/,https://smvrsyncservice.jaas-gcp.cloud.sap.corp/job/hana-xregion-hsr-operator/job/PR-505/1/,1,2,2,2026-08-05 16:05:00.257798,2026-08-28T15:13:00.274356+00:00
https://terraformer.jaas-gcp.cloud.sap.corp/job/gardener-project-setup/job/PR-556/1/,https://terraformer.jaas-gcp.cloud.sap.corp/job/gardener-project-setup/job/PR-556/1/,1,1,1,2026-08-05 16:02:52.622933,2026-08-28T15:13:00.274356+00:00
https://terraformer.jaas-gcp.cloud.sap.corp/job/gardener-project-setup/job/PR-541/6/,https://terraformer.jaas-gcp.cloud.sap.corp/job/gardener-project-setup/job/PR-541/6/,1,1,1,2026-08-05 16:01:20.728079,2026-08-28T15:13:00.274356+00:00
https://hanadefragnodes.jaas-gcp.cloud.sap.corp/job/hana-defrag-nodes/job/PR-46/2/,https://hanadefragnodes.jaas-gcp.cloud.sap.corp/job/hana-defrag-nodes/job/PR-46/2/,1,1,1,2026-08-05 15:56:24.909581,2026-08-28T15:13:00.274356+00:00
https://smvrsyncservice.jaas-gcp.cloud.sap.corp/job/hana-xregion-hsr-operator/job/PR-491/11/,https://smvrsyncservice.jaas-gcp.cloud.sap.corp/job/hana-xregion-hsr-operator/job/PR-491/11/,1,2,2,2026-08-05 15:56:18.369508,2026-08-28T15:13:00.274356+00:00
https://hcdldp01.jaas-gcp.cloud.sap.corp/job/HANADataLakeDBaaSServicesPRMerge/job/data-publishing-svc/job/PR-1834/2/,https://hcdldp01.jaas-gcp.cloud.sap.corp/job/HANADataLakeDBaaSServicesPRMerge/job/data-publishing-svc/job/PR-1834/2/,1,1,12,2026-08-05 15:47:33.965652,2026-08-28T15:13:00.274356+00:00
https://hanadefragnodes.jaas-gcp.cloud.sap.corp/job/hana-defrag-nodes/job/PR-46/1/,https://hanadefragnodes.jaas-gcp.cloud.sap.corp/job/hana-defrag-nodes/job/PR-46/1/,1,1,1,2026-08-05 15:46:56.461892,2026-08-28T15:13:00.274356+00:00
https://tenant-move-operator.jaas-gcp.cloud.sap.corp/job/hana-tenant-move-operator/job/PR-409/30/,https://tenant-move-operator.jaas-gcp.cloud.sap.corp/job/hana-tenant-move-operator/job/PR-409/30/,1,1,1,2026-08-05 15:45:28.477145,2026-08-28T15:13:00.274356+00:00
https://smvrsyncservice.jaas-gcp.cloud.sap.corp/job/hana-xregion-hsr-operator/job/PR-421/25/,https://smvrsyncservice.jaas-gcp.cloud.sap.corp/job/hana-xregion-hsr-operator/job/PR-421/25/,1,1,1,2026-08-05 15:44:46.597922,2026-08-28T15:13:00.274356+00:00
https://smvrsyncservice.jaas-gcp.cloud.sap.corp/job/hana-xregion-hsr-operator/job/PR-498/16/,https://smvrsyncservice.jaas-gcp.cloud.sap.corp/job/hana-xregion-hsr-operator/job/PR-498/16/,1,2,2,2026-08-05 15:40:14.882728,2026-08-28T15:13:00.274356+00:00
https://smvrsyncservice.jaas-gcp.cloud.sap.corp/job/hana-xregion-hsr-operator/job/PR-421/24/,https://smvrsyncservice.jaas-gcp.cloud.sap.corp/job/hana-xregion-hsr-operator/job/PR-421/24/,1,1,1,2026-08-05 15:33:53.726632,2026-08-28T15:13:00.274356+00:00
https://smvrsyncservice.jaas-gcp.cloud.sap.corp/job/hana-xregion-hsr-operator/job/PR-421/23/,https://smvrsyncservice.jaas-gcp.cloud.sap.corp/job/hana-xregion-hsr-operator/job/PR-421/23/,1,1,1,2026-08-05 15:21:09.846808,2026-08-28T15:13:00.274356+00:00
https://gkebackupoperator.jaas-gcp.cloud.sap.corp/job/backup-recovery-service/job/PR-866/69/,https://gkebackupoperator.jaas-gcp.cloud.sap.corp/job/backup-recovery-service/job/PR-866/69/,1,1,1,2026-08-05 15:15:52.375045,2026-08-28T15:13:00.274356+00:00
https://advisorservice.jaas-gcp.cloud.sap.corp/job/advisor-api-server/job/PR-704/2/,https://advisorservice.jaas-gcp.cloud.sap.corp/job/advisor-api-server/job/PR-704/2/,1,1,1,2026-08-05 15:11:10.406994,2026-08-28T15:13:00.274356+00:00
https://hcnzdworkflows.jaas-gcp.cloud.sap.corp/job/hana-near-zero-downtime-operator/job/PR-983/3/,https://hcnzdworkflows.jaas-gcp.cloud.sap.corp/job/hana-near-zero-downtime-operator/job/PR-983/3/,1,1,1,2026-08-05 15:05:25.253411,2026-08-28T15:13:00.274356+00:00
https://smvrsyncservice.jaas-gcp.cloud.sap.corp/job/hana-xregion-hsr-operator/job/PR-421/22/,https://smvrsyncservice.jaas-gcp.cloud.sap.corp/job/hana-xregion-hsr-operator/job/PR-421/22/,1,1,1,2026-08-05 14:40:43.215211,2026-08-28T15:13:00.274356+00:00
https://alertservice.jaas-gcp.cloud.sap.corp/job/alert-collector/job/PR-312/2/,https://alertservice.jaas-gcp.cloud.sap.corp/job/alert-collector/job/PR-312/2/,1,1,1,2026-08-05 14:37:40.516974,2026-08-28T15:13:00.274356+00:00
https://alertservice.jaas-gcp.cloud.sap.corp/job/alert-collector/job/PR-312/1/,https://alertservice.jaas-gcp.cloud.sap.corp/job/alert-collector/job/PR-312/1/,1,1,1,2026-08-05 14:35:51.504952,2026-08-28T15:13:00.274356+00:00
https://hcidm.jaas-gcp.cloud.sap.corp/job/hc-idm/job/PR-1266/6/,https://hcidm.jaas-gcp.cloud.sap.corp/job/hc-idm/job/PR-1266/6/,1,1,2,2026-08-05 14:21:04.507194,2026-08-28T15:13:00.274356+00:00
https://hcstatsservice.jaas-gcp.cloud.sap.corp/job/hc-statistics-collector-operator/job/PR-581/11/,https://hcstatsservice.jaas-gcp.cloud.sap.corp/job/hc-statistics-collector-operator/job/PR-581/11/,1,1,1,2026-08-05 14:18:53.030079,2026-08-28T15:13:00.274356+00:00
https://smvrsyncservice.jaas-gcp.cloud.sap.corp/job/hana-xregion-hsr-operator/job/PR-421/21/,https://smvrsyncservice.jaas-gcp.cloud.sap.corp/job/hana-xregion-hsr-operator/job/PR-421/21/,1,1,1,2026-08-05 14:04:12.860826,2026-08-28T15:13:00.274356+00:00
https://smvrsyncservice.jaas-gcp.cloud.sap.corp/job/smvr-sync-service/job/PR-2153/27/,https://smvrsyncservice.jaas-gcp.cloud.sap.corp/job/smvr-sync-service/job/PR-2153/27/,1,1,1,2026-08-05 14:01:02.295852,2026-08-28T15:13:00.274356+00:00
https://hcad.jaas-gcp.cloud.sap.corp/job/hcad-ai-inferencing/job/PR-388/1/,https://hcad.jaas-gcp.cloud.sap.corp/job/hcad-ai-inferencing/job/PR-388/1/,1,1,1,2026-08-05 13:50:18.606340,2026-08-28T15:13:00.274356+00:00
https://hcad.jaas-gcp.cloud.sap.corp/job/hcad-ai-training/job/PR-130/5/,https://hcad.jaas-gcp.cloud.sap.corp/job/hcad-ai-training/job/PR-130/5/,1,1,7,2026-08-05 13:49:18.432050,2026-08-28T15:13:00.274356+00:00
https://hcad.jaas-gcp.cloud.sap.corp/job/hcad-ai-inferencing/job/PR-387/1/,https://hcad.jaas-gcp.cloud.sap.corp/job/hcad-ai-inferencing/job/PR-387/1/,1,1,1,2026-08-05 13:45:05.511500,2026-08-28T15:13:00.274356+00:00
https://setup-account.jaas-gcp.cloud.sap.corp/job/setup-account/job/PR-6732/1/,https://setup-account.jaas-gcp.cloud.sap.corp/job/setup-account/job/PR-6732/1/,1,1,1,2026-08-05 13:40:21.038673,2026-08-28T15:13:00.274356+00:00
https://certmanager.jaas-gcp.cloud.sap.corp/job/cert-manager/job/PR-441/3/,https://certmanager.jaas-gcp.cloud.sap.corp/job/cert-manager/job/PR-441/3/,1,1,1,2026-08-05 13:17:26.877868,2026-08-28T15:13:00.274356+00:00
https://csi-cyan-2.jaas-gcp.cloud.sap.corp/job/opentelemetry-collector/job/PR-806/10/,https://csi-cyan-2.jaas-gcp.cloud.sap.corp/job/opentelemetry-collector/job/PR-806/10/,1,2,2,2026-08-05 13:14:31.974975,2026-08-28T15:13:00.274356+00:00
https://csi-cyan-2.jaas-gcp.cloud.sap.corp/job/opentelemetry-collector/job/PR-806/11/,https://csi-cyan-2.jaas-gcp.cloud.sap.corp/job/opentelemetry-collector/job/PR-806/11/,1,1,1,2026-08-05 13:13:13.163884,2026-08-28T15:13:00.274356+00:00
https://smvrsyncservice.jaas-gcp.cloud.sap.corp/job/hana-node-operator/job/PR-1739/18/,https://smvrsyncservice.jaas-gcp.cloud.sap.corp/job/hana-node-operator/job/PR-1739/18/,1,1,7,2026-08-05 13:12:25.341946,2026-08-28T15:13:00.274356+00:00
https://hcdldp01.jaas-gcp.cloud.sap.corp/job/HANADataLakeDBaaSServicesPRMerge/job/data-publishing-svc/job/PR-1797/29/,https://hcdldp01.jaas-gcp.cloud.sap.corp/job/HANADataLakeDBaaSServicesPRMerge/job/data-publishing-svc/job/PR-1797/29/,1,2,4,2026-08-05 13:10:42.184302,2026-08-28T15:13:00.274356+00:00
https://smvrsyncservice.jaas-gcp.cloud.sap.corp/job/hana-xregion-hsr-operator/job/PR-421/20/,https://smvrsyncservice.jaas-gcp.cloud.sap.corp/job/hana-xregion-hsr-operator/job/PR-421/20/,1,1,1,2026-08-05 13:03:45.158174,2026-08-28T15:13:00.274356+00:00
https://smvrsyncservice.jaas-gcp.cloud.sap.corp/job/hana-xregion-hsr-operator/job/PR-421/19/,https://smvrsyncservice.jaas-gcp.cloud.sap.corp/job/hana-xregion-hsr-operator/job/PR-421/19/,1,1,1,2026-08-05 12:53:26.271472,2026-08-28T15:13:00.274356+00:00
https://hcplugindelivery.jaas-gcp.cloud.sap.corp/job/plugin-base/job/PR-175/1/,https://hcplugindelivery.jaas-gcp.cloud.sap.corp/job/plugin-base/job/PR-175/1/,1,1,1,2026-08-05 12:49:31.673772,2026-08-28T15:13:00.274356+00:00
https://hcstatsservice.jaas-gcp.cloud.sap.corp/job/hc-statistics-collector-operator/job/PR-583/1/,https://hcstatsservice.jaas-gcp.cloud.sap.corp/job/hc-statistics-collector-operator/job/PR-583/1/,1,1,1,2026-08-05 12:41:51.675160,2026-08-28T15:13:00.274356+00:00
https://gkevault.jaas-gcp.cloud.sap.corp/job/vault-backup/job/PR-119/1/,https://gkevault.jaas-gcp.cloud.sap.corp/job/vault-backup/job/PR-119/1/,1,3,3,2026-08-05 12:36:23.750779,2026-08-28T15:13:00.274356+00:00
https://gkevault.jaas-gcp.cloud.sap.corp/job/vault-ipWhitelist/job/PR-427/1/,https://gkevault.jaas-gcp.cloud.sap.corp/job/vault-ipWhitelist/job/PR-427/1/,1,1,1,2026-08-05 12:35:47.202837,2026-08-28T15:13:00.274356+00:00
https://analyticsintbroker.jaas-gcp.cloud.sap.corp/job/hana-analytics-integration-broker/job/PR-278/3/,https://analyticsintbroker.jaas-gcp.cloud.sap.corp/job/hana-analytics-integration-broker/job/PR-278/3/,1,1,1,2026-08-05 12:25:02.506129,2026-08-28T15:13:00.274356+00:00
https://gkebackupoperator.jaas-gcp.cloud.sap.corp/job/backup-recovery-service/job/PR-866/68/,https://gkebackupoperator.jaas-gcp.cloud.sap.corp/job/backup-recovery-service/job/PR-866/68/,1,1,1,2026-08-05 12:23:31.733266,2026-08-28T15:13:00.274356+00:00
https://analyticsintbroker.jaas-gcp.cloud.sap.corp/job/hana-analytics-integration-broker/job/PR-278/2/,https://analyticsintbroker.jaas-gcp.cloud.sap.corp/job/hana-analytics-integration-broker/job/PR-278/2/,1,1,1,2026-08-05 12:19:42.426566,2026-08-28T15:13:00.274356+00:00
https://hctelemetry.jaas-gcp.cloud.sap.corp/job/hc-telemetry-collector/job/PR-594/6/,https://hctelemetry.jaas-gcp.cloud.sap.corp/job/hc-telemetry-collector/job/PR-594/6/,1,1,1,2026-08-05 12:09:14.317082,2026-08-28T15:13:00.274356+00:00
https://hchre.jaas-gcp.cloud.sap.corp/job/hana-backup-recovery-failed-ra-wf/job/PR-173/5/,https://hchre.jaas-gcp.cloud.sap.corp/job/hana-backup-recovery-failed-ra-wf/job/PR-173/5/,1,1,1,2026-08-05 12:08:34.385832,2026-08-28T15:13:00.274356+00:00
https://setup-account.jaas-gcp.cloud.sap.corp/job/setup-account/job/PR-6725/4/,https://setup-account.jaas-gcp.cloud.sap.corp/job/setup-account/job/PR-6725/4/,1,1,1,2026-08-05 11:52:41.372993,2026-08-28T15:13:00.274356+00:00
https://smvrsyncservice.jaas-gcp.cloud.sap.corp/job/hana-xregion-hsr-operator/job/PR-421/18/,https://smvrsyncservice.jaas-gcp.cloud.sap.corp/job/hana-xregion-hsr-operator/job/PR-421/18/,1,1,1,2026-08-05 11:51:43.776981,2026-08-28T15:13:00.274356+00:00
https://terraformer.jaas-gcp.cloud.sap.corp/job/terraform-image/job/PR-292/2/,https://terraformer.jaas-gcp.cloud.sap.corp/job/terraform-image/job/PR-292/2/,1,1,1,2026-08-05 11:26:03.609710,2026-08-28T15:13:00.274356+00:00
https://hcdldp01.jaas-gcp.cloud.sap.corp/job/HANADataLakeDBaaSServicesPRMerge/job/data-publishing-svc/job/PR-1823/2/,https://hcdldp01.jaas-gcp.cloud.sap.corp/job/HANADataLakeDBaaSServicesPRMerge/job/data-publishing-svc/job/PR-1823/2/,1,1,1,2026-08-05 11:25:57.530718,2026-08-28T15:13:00.274356+00:00
https://hanadelegatedbroker.jaas-gcp.cloud.sap.corp/job/hana-delegated-broker/job/PR-38/6/,https://hanadelegatedbroker.jaas-gcp.cloud.sap.corp/job/hana-delegated-broker/job/PR-38/6/,1,1,1,2026-08-05 11:23:59.702523,2026-08-28T15:13:00.274356+00:00
https://hcpa.jaas-gcp.cloud.sap.corp/job/partition-advisor/job/PR-892/72/,https://hcpa.jaas-gcp.cloud.sap.corp/job/partition-advisor/job/PR-892/72/,1,1,1,2026-08-05 11:21:57.830887,2026-08-28T15:13:00.274356+00:00
https://terraformer.jaas-gcp.cloud.sap.corp/job/terraform-image/job/PR-292/1/,https://terraformer.jaas-gcp.cloud.sap.corp/job/terraform-image/job/PR-292/1/,1,1,1,2026-08-05 11:15:31.806832,2026-08-28T15:13:00.274356+00:00
https://advisorservice.jaas-gcp.cloud.sap.corp/job/advisor-api-server/job/PR-704/1/,https://advisorservice.jaas-gcp.cloud.sap.corp/job/advisor-api-server/job/PR-704/1/,1,1,1,2026-08-05 11:14:04.080398,2026-08-28T15:13:00.274356+00:00
https://hanatenantmovejob.jaas-gcp.cloud.sap.corp/job/hana-native-tenant-move-job/job/PR-895/42/,https://hanatenantmovejob.jaas-gcp.cloud.sap.corp/job/hana-native-tenant-move-job/job/PR-895/42/,1,1,1,2026-08-05 11:12:48.026871,2026-08-28T15:13:00.274356+00:00
https://gkemigrationservice.jaas-gcp.cloud.sap.corp/job/haas-migration-service/job/PR-2792/2/,https://gkemigrationservice.jaas-gcp.cloud.sap.corp/job/haas-migration-service/job/PR-2792/2/,1,1,1,2026-08-05 11:12:10.964566,2026-08-28T15:13:00.274356+00:00
https://hanatenantmovejob.jaas-gcp.cloud.sap.corp/job/hana-native-tenant-move-job/job/PR-824/94/,https://hanatenantmovejob.jaas-gcp.cloud.sap.corp/job/hana-native-tenant-move-job/job/PR-824/94/,1,1,1,2026-08-05 11:08:29.138326,2026-08-28T15:13:00.274356+00:00
https://aiagentservices.jaas-gcp.cloud.sap.corp/job/agent-memory-service/job/PR-228/3/,https://aiagentservices.jaas-gcp.cloud.sap.corp/job/agent-memory-service/job/PR-228/3/,1,1,1,2026-08-05 11:07:21.880445,2026-08-28T15:13:00.274356+00:00
https://gkemigrationservice.jaas-gcp.cloud.sap.corp/job/haas-migration-service/job/PR-2792/1/,https://gkemigrationservice.jaas-gcp.cloud.sap.corp/job/haas-migration-service/job/PR-2792/1/,1,1,1,2026-08-05 11:05:37.227188,2026-08-28T15:13:00.274356+00:00
https://hanadelegatedbroker.jaas-gcp.cloud.sap.corp/job/hana-delegated-broker/job/PR-38/5/,https://hanadelegatedbroker.jaas-gcp.cloud.sap.corp/job/hana-delegated-broker/job/PR-38/5/,1,1,1,2026-08-05 10:58:38.631877,2026-08-28T15:13:00.274356+00:00
https://hcstatsservice.jaas-gcp.cloud.sap.corp/job/hc-statistics-collector-operator/job/PR-526/38/,https://hcstatsservice.jaas-gcp.cloud.sap.corp/job/hc-statistics-collector-operator/job/PR-526/38/,1,1,1,2026-08-05 10:52:38.812015,2026-08-28T15:13:00.274356+00:00
https://ccabenchmark.jaas-gcp.cloud.sap.corp/job/cca-starter/job/PR-2302/6/,https://ccabenchmark.jaas-gcp.cloud.sap.corp/job/cca-starter/job/PR-2302/6/,1,1,3,2026-08-05 10:51:51.613279,2026-08-28T15:13:00.274356+00:00
https://hcad.jaas-gcp.cloud.sap.corp/job/hcad-ai-training/job/PR-130/2/,https://hcad.jaas-gcp.cloud.sap.corp/job/hcad-ai-training/job/PR-130/2/,1,1,1,2026-08-05 10:51:06.373048,2026-08-28T15:13:00.274356+00:00
https://hcad.jaas-gcp.cloud.sap.corp/job/hcad-ai-training/job/PR-130/1/,https://hcad.jaas-gcp.cloud.sap.corp/job/hcad-ai-training/job/PR-130/1/,1,1,1,2026-08-05 10:46:12.620588,2026-08-28T15:13:00.274356+00:00
https://smvrsyncservice.jaas-gcp.cloud.sap.corp/job/hana-xregion-hsr-operator/job/PR-421/17/,https://smvrsyncservice.jaas-gcp.cloud.sap.corp/job/hana-xregion-hsr-operator/job/PR-421/17/,1,1,1,2026-08-05 10:42:22.738512,2026-08-28T15:13:00.274356+00:00
https://smvrsyncservice.jaas-gcp.cloud.sap.corp/job/hana-xregion-hsr-operator/job/PR-491/10/,https://smvrsyncservice.jaas-gcp.cloud.sap.corp/job/hana-xregion-hsr-operator/job/PR-491/10/,1,2,2,2026-08-05 10:39:04.627556,2026-08-28T15:13:00.274356+00:00
https://analyticsintbroker.jaas-gcp.cloud.sap.corp/job/hana-analytics-integration-broker/job/PR-278/1/,https://analyticsintbroker.jaas-gcp.cloud.sap.corp/job/hana-analytics-integration-broker/job/PR-278/1/,1,1,1,2026-08-05 10:35:11.732075,2026-08-28T15:13:00.274356+00:00
https://smvrsyncservice.jaas-gcp.cloud.sap.corp/job/hana-xregion-hsr-operator/job/PR-504/1/,https://smvrsyncservice.jaas-gcp.cloud.sap.corp/job/hana-xregion-hsr-operator/job/PR-504/1/,1,2,2,2026-08-05 10:35:05.889783,2026-08-28T15:13:00.274356+00:00
https://smvrsyncservice.jaas-gcp.cloud.sap.corp/job/hana-xregion-hsr-operator/job/PR-498/15/,https://smvrsyncservice.jaas-gcp.cloud.sap.corp/job/hana-xregion-hsr-operator/job/PR-498/15/,1,2,2,2026-08-05 10:33:00.172824,2026-08-28T15:13:00.274356+00:00
https://smvrsyncservice.jaas-gcp.cloud.sap.corp/job/hana-xregion-hsr-operator/job/PR-421/16/,https://smvrsyncservice.jaas-gcp.cloud.sap.corp/job/hana-xregion-hsr-operator/job/PR-421/16/,1,2,2,2026-08-05 10:31:11.066955,2026-08-28T15:13:00.274356+00:00
https://smvrsyncservice.jaas-gcp.cloud.sap.corp/job/hana-xregion-hsr-operator/job/PR-503/2/,https://smvrsyncservice.jaas-gcp.cloud.sap.corp/job/hana-xregion-hsr-operator/job/PR-503/2/,1,2,2,2026-08-05 10:25:18.202278,2026-08-28T15:13:00.274356+00:00
https://ernoperator.jaas-gcp.cloud.sap.corp/job/ern-operator/job/PR-1057/20/,https://ernoperator.jaas-gcp.cloud.sap.corp/job/ern-operator/job/PR-1057/20/,1,1,1,2026-08-05 10:22:58.485810,2026-08-28T15:13:00.274356+00:00
https://hcapigateway.jaas-gcp.cloud.sap.corp/job/hana-cloud-api-gateway/job/PR-528/2/,https://hcapigateway.jaas-gcp.cloud.sap.corp/job/hana-cloud-api-gateway/job/PR-528/2/,1,1,1,2026-08-05 10:16:59.599264,2026-08-28T15:13:00.274356+00:00
https://hcstatsservice.jaas-gcp.cloud.sap.corp/job/hc-statistics-collector-operator/job/PR-571/3/,https://hcstatsservice.jaas-gcp.cloud.sap.corp/job/hc-statistics-collector-operator/job/PR-571/3/,1,1,1,2026-08-05 10:11:39.313112,2026-08-28T15:13:00.274356+00:00
https://smvrsyncservice.jaas-gcp.cloud.sap.corp/job/hana-xregion-hsr-operator/job/PR-499/8/,https://smvrsyncservice.jaas-gcp.cloud.sap.corp/job/hana-xregion-hsr-operator/job/PR-499/8/,1,1,1,2026-08-05 10:10:32.679178,2026-08-28T15:13:00.274356+00:00
https://hcstatsservice.jaas-gcp.cloud.sap.corp/job/hc-statistics-collector-operator/job/PR-571/4/,https://hcstatsservice.jaas-gcp.cloud.sap.corp/job/hc-statistics-collector-operator/job/PR-571/4/,1,1,1,2026-08-05 10:09:46.489721,2026-08-28T15:13:00.274356+00:00
https://hchre.jaas-gcp.cloud.sap.corp/job/hc-lifecycle-operations-workflows/job/PR-157/7/,https://hchre.jaas-gcp.cloud.sap.corp/job/hc-lifecycle-operations-workflows/job/PR-157/7/,1,1,1,2026-08-05 10:07:37.178180,2026-08-28T15:13:00.274356+00:00
https://hanadelegatedbroker.jaas-gcp.cloud.sap.corp/job/hana-delegated-broker/job/PR-38/4/,https://hanadelegatedbroker.jaas-gcp.cloud.sap.corp/job/hana-delegated-broker/job/PR-38/4/,1,1,1,2026-08-05 09:58:54.860261,2026-08-28T15:13:00.274356+00:00
https://hcdldp01.jaas-gcp.cloud.sap.corp/job/HANADataLakeDBaaSServicesPRMerge/job/data-publishing-svc/job/PR-1829/1/,https://hcdldp01.jaas-gcp.cloud.sap.corp/job/HANADataLakeDBaaSServicesPRMerge/job/data-publishing-svc/job/PR-1829/1/,1,1,1,2026-08-05 09:40:14.498947,2026-08-28T15:13:00.274356+00:00
https://featureguard.jaas-gcp.cloud.sap.corp/job/featureguard/job/PR-461/3/,https://featureguard.jaas-gcp.cloud.sap.corp/job/featureguard/job/PR-461/3/,1,1,1,2026-08-05 09:39:56.881531,2026-08-28T15:13:00.274356+00:00
https://analyticsintservice.jaas-gcp.cloud.sap.corp/job/hana-analytics-integration-service/job/PR-212/36/,https://analyticsintservice.jaas-gcp.cloud.sap.corp/job/hana-analytics-integration-service/job/PR-212/36/,1,1,1,2026-08-05 09:37:48.057793,2026-08-28T15:13:00.274356+00:00
https://analyticsintservice.jaas-gcp.cloud.sap.corp/job/hana-analytics-integration-service/job/PR-212/35/,https://analyticsintservice.jaas-gcp.cloud.sap.corp/job/hana-analytics-integration-service/job/PR-212/35/,1,1,1,2026-08-05 09:37:01.226598,2026-08-28T15:13:00.274356+00:00
https://hcad.jaas-gcp.cloud.sap.corp/job/hcad-ai-training/job/PR-127/6/,https://hcad.jaas-gcp.cloud.sap.corp/job/hcad-ai-training/job/PR-127/6/,1,1,1,2026-08-05 09:36:43.027402,2026-08-28T15:13:00.274356+00:00
https://hcdldp01.jaas-gcp.cloud.sap.corp/job/HANADataLakeDBaaSServicesPRMerge/job/data-publishing-svc/job/PR-1828/1/,https://hcdldp01.jaas-gcp.cloud.sap.corp/job/HANADataLakeDBaaSServicesPRMerge/job/data-publishing-svc/job/PR-1828/1/,1,1,1,2026-08-05 09:35:55.903210,2026-08-28T15:13:00.274356+00:00
https://featureguard.jaas-gcp.cloud.sap.corp/job/featureguard/job/PR-461/2/,https://featureguard.jaas-gcp.cloud.sap.corp/job/featureguard/job/PR-461/2/,1,1,1,2026-08-05 09:34:20.991392,2026-08-28T15:13:00.274356+00:00
https://hcplugin.jaas-gcp.cloud.sap.corp/job/hana-plugin-operator/job/PR-827/3/,https://hcplugin.jaas-gcp.cloud.sap.corp/job/hana-plugin-operator/job/PR-827/3/,1,1,4,2026-08-05 09:32:43.026274,2026-08-28T15:13:00.274356+00:00
