best_added_line_overlap,best_hunk_candidate_type,best_hunk_contiguous_line_ratio,best_hunk_file,best_hunk_identifier_and_literal_normalized_recall,best_hunk_identifier_normalized_recall,best_hunk_literal_normalized_recall,best_hunk_size,best_hunk_size_ratio,best_hunk_token_f1,best_hunk_token_lcs_recall,best_hunk_token_precision,best_hunk_token_recall,candidate_hunk_count,changed_line_overlap_ratio,coverage_percentage,coverage_unrounded,exact_normalized_match,example_id,file_overlap_ratio,group_id,gumtree_available,gumtree_delete_ratio,gumtree_error,gumtree_insert_ratio,gumtree_language,gumtree_move_ratio,gumtree_operation_count,gumtree_update_ratio,identifier_and_literal_normalized_token_recall,identifier_normalized_token_recall,label_source,line_recall,literal_normalized_token_recall,meaningful_anchor_count,meaningful_anchor_recall,normalization_policy_version,pr_number,pr_url,predicted_percentage,repo,split,structural_available,structural_engine,structural_error,structural_language,structural_node_recall,structural_similarity,suggestion_language,token_recall,tokenizer
0.0,same_file,0.0,engineering_agent/app/agent_task_runner.py,1.0,1.0,0.8333333333333334,4,0.25,0.20408163265306123,0.8333333333333334,0.11627906976744186,0.8333333333333334,5,0.0,80,80.0,False,cd2b0042572e07b5,1.0,github.tools.sap/Lenny/pipeline-fl-control-plane#130,False,0.0,disabled,0.0,,0.0,0,0.0,1.0,1.0,weak_local_llm_assisted_demo,0.0,0.8333333333333334,3,0.6666666666666666,1.0,130,https://github.tools.sap/Lenny/pipeline-fl-control-plane/pull/130,76,github.tools.sap/Lenny/pipeline-fl-control-plane,train,True,python_ast,,python,0.8333333333333334,0.8333333333333334,python,0.8333333333333334,python
0.0,same_extension,0.0,fl_control_plane/data_extractor/azure_devops/extractor.py,0.9333333333333333,0.9333333333333333,0.5333333333333333,137,0.0072992700729927005,0.02096985583224115,0.9333333333333333,0.0106951871657754,0.5333333333333333,16,0.0,0,0.0,False,d194cf145826059c,0.0,github.tools.sap/Lenny/pipeline-fl-control-plane#122,False,0.0,disabled,0.0,,0.0,0,0.0,0.0,0.0,weak_local_llm_assisted_demo,0.0,0.0,6,0.0,1.0,122,https://github.tools.sap/Lenny/pipeline-fl-control-plane/pull/122,0,github.tools.sap/Lenny/pipeline-fl-control-plane,train,True,python_ast,,python,1.0,1.0,python,0.0,python
0.0,same_extension,0.0,fl_control_plane/data_extractor/azure_devops/extractor.py,0.9333333333333333,0.9333333333333333,0.5333333333333333,137,0.0072992700729927005,0.02096985583224115,0.9333333333333333,0.0106951871657754,0.5333333333333333,16,0.0,0,0.0,False,dc9e6a6b54b060f0,0.0,github.tools.sap/Lenny/pipeline-fl-control-plane#122,False,0.0,disabled,0.0,,0.0,0,0.0,0.0,0.0,weak_local_llm_assisted_demo,0.0,0.0,6,0.0,1.0,122,https://github.tools.sap/Lenny/pipeline-fl-control-plane/pull/122,0,github.tools.sap/Lenny/pipeline-fl-control-plane,train,True,python_ast,,python,1.0,1.0,python,0.0,python
0.0,same_extension,0.0,fl_control_plane/data_extractor/azure_devops/extractor.py,0.8571428571428571,0.8571428571428571,0.5714285714285714,137,0.0072992700729927005,0.010596026490066223,0.8571428571428571,0.0053475935828877,0.5714285714285714,16,0.0,0,0.0,False,cc66db418d255fc8,0.0,github.tools.sap/Lenny/pipeline-fl-control-plane#122,False,0.0,disabled,0.0,,0.0,0,0.0,0.0,0.0,weak_local_llm_assisted_demo,0.0,0.0,2,0.0,1.0,122,https://github.tools.sap/Lenny/pipeline-fl-control-plane/pull/122,0,github.tools.sap/Lenny/pipeline-fl-control-plane,train,True,python_ast,,python,1.0,1.0,python,0.0,python
0.0,same_file,0.0,fl_control_plane/data_extractor/azure_devops/extractor.py,0.7142857142857143,0.7142857142857143,0.7142857142857143,1,1.0,0.8333333333333333,0.7142857142857143,1.0,0.7142857142857143,21,0.0,100,100.0,False,403e90a4c2db4136,1.0,github.tools.sap/Lenny/pipeline-fl-control-plane#122,False,0.0,disabled,0.0,,0.0,0,0.0,1.0,1.0,weak_local_llm_assisted_demo,0.0,1.0,2,1.0,1.0,122,https://github.tools.sap/Lenny/pipeline-fl-control-plane/pull/122,82,github.tools.sap/Lenny/pipeline-fl-control-plane,train,True,python_ast,,python,1.0,1.0,python,1.0,python
0.0,same_extension,0.0,fl_control_plane/data_extractor/azure_devops/extractor.py,0.9230769230769231,0.9230769230769231,0.5384615384615384,137,0.0072992700729927005,0.018396846254927726,0.9230769230769231,0.009358288770053475,0.5384615384615384,16,0.0,0,0.0,False,742ac3b0bb8297a0,0.0,github.tools.sap/Lenny/pipeline-fl-control-plane#122,False,0.0,disabled,0.0,,0.0,0,0.0,0.0,0.0,weak_local_llm_assisted_demo,0.0,0.0,5,0.0,1.0,122,https://github.tools.sap/Lenny/pipeline-fl-control-plane/pull/122,0,github.tools.sap/Lenny/pipeline-fl-control-plane,train,True,python_ast,,python,1.0,1.0,python,0.0,python
0.0,same_extension,0.0,fl_control_plane/data_extractor/azure_devops/extractor.py,0.9230769230769231,0.9230769230769231,0.5384615384615384,137,0.0072992700729927005,0.018396846254927726,0.9230769230769231,0.009358288770053475,0.5384615384615384,16,0.0,0,0.0,False,1b748b260d77cd78,0.0,github.tools.sap/Lenny/pipeline-fl-control-plane#122,False,0.0,disabled,0.0,,0.0,0,0.0,0.0,0.0,weak_local_llm_assisted_demo,0.0,0.0,5,0.0,1.0,122,https://github.tools.sap/Lenny/pipeline-fl-control-plane/pull/122,0,github.tools.sap/Lenny/pipeline-fl-control-plane,train,True,python_ast,,python,1.0,1.0,python,0.0,python
0.0,same_extension,0.0,fl_control_plane/data_extractor/azure_devops/extractor.py,0.8571428571428571,0.8571428571428571,0.5714285714285714,137,0.0072992700729927005,0.010596026490066223,0.8571428571428571,0.0053475935828877,0.5714285714285714,16,0.0,0,0.0,False,967cd6a03e5b5d19,0.0,github.tools.sap/Lenny/pipeline-fl-control-plane#122,False,0.0,disabled,0.0,,0.0,0,0.0,0.0,0.0,weak_local_llm_assisted_demo,0.0,0.0,2,0.0,1.0,122,https://github.tools.sap/Lenny/pipeline-fl-control-plane/pull/122,0,github.tools.sap/Lenny/pipeline-fl-control-plane,train,True,python_ast,,python,1.0,1.0,python,0.0,python
0.0,same_extension,0.0,fl_control_plane/data_extractor/azure_devops/extractor.py,0.9090909090909091,0.9090909090909091,0.5454545454545454,137,0.0072992700729927005,0.0158102766798419,0.9090909090909091,0.008021390374331552,0.5454545454545454,16,0.0,0,0.0,False,8f62a0b99cc9c89c,0.0,github.tools.sap/Lenny/pipeline-fl-control-plane#122,False,0.0,disabled,0.0,,0.0,0,0.0,0.0,0.0,weak_local_llm_assisted_demo,0.0,0.0,4,0.0,1.0,122,https://github.tools.sap/Lenny/pipeline-fl-control-plane/pull/122,0,github.tools.sap/Lenny/pipeline-fl-control-plane,train,True,python_ast,,python,1.0,1.0,python,0.0,python
0.0,same_extension,0.0,fl_control_plane/data_extractor/azure_devops/extractor.py,0.9230769230769231,0.9230769230769231,0.5384615384615384,137,0.0072992700729927005,0.018396846254927726,0.9230769230769231,0.009358288770053475,0.5384615384615384,16,0.0,0,0.0,False,23d104a53d5fc5c4,0.0,github.tools.sap/Lenny/pipeline-fl-control-plane#122,False,0.0,disabled,0.0,,0.0,0,0.0,0.0,0.0,weak_local_llm_assisted_demo,0.0,0.0,5,0.0,1.0,122,https://github.tools.sap/Lenny/pipeline-fl-control-plane/pull/122,0,github.tools.sap/Lenny/pipeline-fl-control-plane,train,True,python_ast,,python,1.0,1.0,python,0.0,python
0.0,same_extension,0.0,fl_control_plane/data_extractor/azure_devops/extractor.py,0.8888888888888888,0.8888888888888888,0.5555555555555556,137,0.0072992700729927005,0.01321003963011889,0.8888888888888888,0.0066844919786096255,0.5555555555555556,16,0.0,0,0.0,False,de92cd9447f2fa47,0.0,github.tools.sap/Lenny/pipeline-fl-control-plane#122,False,0.0,disabled,0.0,,0.0,0,0.0,0.0,0.0,weak_local_llm_assisted_demo,0.0,0.0,3,0.0,1.0,122,https://github.tools.sap/Lenny/pipeline-fl-control-plane/pull/122,0,github.tools.sap/Lenny/pipeline-fl-control-plane,train,False,python_ast,SyntaxError: invalid syntax,python,0.0,0.0,python,0.0,python
0.0,same_extension,0.0,fl_control_plane/data_extractor/azure_devops/extractor.py,0.8888888888888888,0.8888888888888888,0.5555555555555556,137,0.0072992700729927005,0.01321003963011889,0.8888888888888888,0.0066844919786096255,0.5555555555555556,16,0.0,0,0.0,False,d3ab1e351262273a,0.0,github.tools.sap/Lenny/pipeline-fl-control-plane#122,False,0.0,disabled,0.0,,0.0,0,0.0,0.0,0.0,weak_local_llm_assisted_demo,0.0,0.0,3,0.0,1.0,122,https://github.tools.sap/Lenny/pipeline-fl-control-plane/pull/122,0,github.tools.sap/Lenny/pipeline-fl-control-plane,train,True,python_ast,,python,1.0,1.0,python,0.0,python
0.0,same_extension,0.0,fl_control_plane/data_extractor/azure_devops/extractor.py,0.8571428571428571,0.8571428571428571,0.5714285714285714,137,0.0072992700729927005,0.010596026490066223,0.8571428571428571,0.0053475935828877,0.5714285714285714,16,0.0,0,0.0,False,757368422f2749b4,0.0,github.tools.sap/Lenny/pipeline-fl-control-plane#122,False,0.0,disabled,0.0,,0.0,0,0.0,0.0,0.0,weak_local_llm_assisted_demo,0.0,0.0,2,0.0,1.0,122,https://github.tools.sap/Lenny/pipeline-fl-control-plane/pull/122,0,github.tools.sap/Lenny/pipeline-fl-control-plane,train,True,python_ast,,python,1.0,1.0,python,0.0,python
0.0,same_extension,0.0,fl_control_plane/data_extractor/azure_devops/extractor.py,0.8571428571428571,0.8571428571428571,0.5714285714285714,137,0.0072992700729927005,0.010596026490066223,0.8571428571428571,0.0053475935828877,0.5714285714285714,16,0.0,0,0.0,False,b658067ad0731da8,0.0,github.tools.sap/Lenny/pipeline-fl-control-plane#122,False,0.0,disabled,0.0,,0.0,0,0.0,0.0,0.0,weak_local_llm_assisted_demo,0.0,0.0,2,0.0,1.0,122,https://github.tools.sap/Lenny/pipeline-fl-control-plane/pull/122,0,github.tools.sap/Lenny/pipeline-fl-control-plane,train,True,python_ast,,python,1.0,1.0,python,0.0,python
0.0,same_extension,0.0,fl_control_plane/data_extractor/azure_devops/extractor.py,0.8571428571428571,0.8571428571428571,0.5714285714285714,137,0.0072992700729927005,0.010596026490066223,0.8571428571428571,0.0053475935828877,0.5714285714285714,16,0.0,0,0.0,False,3061ff62b29be147,0.0,github.tools.sap/Lenny/pipeline-fl-control-plane#122,False,0.0,disabled,0.0,,0.0,0,0.0,0.0,0.0,weak_local_llm_assisted_demo,0.0,0.0,2,0.0,1.0,122,https://github.tools.sap/Lenny/pipeline-fl-control-plane/pull/122,0,github.tools.sap/Lenny/pipeline-fl-control-plane,train,True,python_ast,,python,1.0,1.0,python,0.0,python
0.0,same_extension,0.0,fl_control_plane/data_extractor/azure_devops/extractor.py,0.8571428571428571,0.8571428571428571,0.5714285714285714,137,0.0072992700729927005,0.010596026490066223,0.8571428571428571,0.0053475935828877,0.5714285714285714,16,0.0,0,0.0,False,1126cd2fb10d2a29,0.0,github.tools.sap/Lenny/pipeline-fl-control-plane#122,False,0.0,disabled,0.0,,0.0,0,0.0,0.0,0.0,weak_local_llm_assisted_demo,0.0,0.0,2,0.0,1.0,122,https://github.tools.sap/Lenny/pipeline-fl-control-plane/pull/122,0,github.tools.sap/Lenny/pipeline-fl-control-plane,train,True,python_ast,,python,1.0,1.0,python,0.0,python
0.0,same_extension,0.0,fl_control_plane/data_extractor/azure_devops/extractor.py,0.8571428571428571,0.8571428571428571,0.5714285714285714,137,0.0072992700729927005,0.010596026490066223,0.8571428571428571,0.0053475935828877,0.5714285714285714,16,0.0,0,0.0,False,6cef07e270f1244a,0.0,github.tools.sap/Lenny/pipeline-fl-control-plane#122,False,0.0,disabled,0.0,,0.0,0,0.0,0.0,0.0,weak_local_llm_assisted_demo,0.0,0.0,2,0.0,1.0,122,https://github.tools.sap/Lenny/pipeline-fl-control-plane/pull/122,0,github.tools.sap/Lenny/pipeline-fl-control-plane,train,True,python_ast,,python,1.0,1.0,python,0.0,python
0.0,same_extension,0.0,fl_control_plane/data_extractor/azure_devops/extractor.py,0.8571428571428571,0.8571428571428571,0.5714285714285714,137,0.0072992700729927005,0.010596026490066223,0.8571428571428571,0.0053475935828877,0.5714285714285714,16,0.0,0,0.0,False,2ab762dd314235a2,0.0,github.tools.sap/Lenny/pipeline-fl-control-plane#122,False,0.0,disabled,0.0,,0.0,0,0.0,0.0,0.0,weak_local_llm_assisted_demo,0.0,0.0,2,0.0,1.0,122,https://github.tools.sap/Lenny/pipeline-fl-control-plane/pull/122,0,github.tools.sap/Lenny/pipeline-fl-control-plane,train,True,python_ast,,python,1.0,1.0,python,0.0,python
0.0,same_extension,0.0,fl_control_plane/data_extractor/azure_devops/extractor.py,0.9230769230769231,0.9230769230769231,0.5384615384615384,137,0.0072992700729927005,0.018396846254927726,0.9230769230769231,0.009358288770053475,0.5384615384615384,16,0.0,0,0.0,False,cd2d016f7c7b8481,0.0,github.tools.sap/Lenny/pipeline-fl-control-plane#122,False,0.0,disabled,0.0,,0.0,0,0.0,0.0,0.0,weak_local_llm_assisted_demo,0.0,0.0,5,0.0,1.0,122,https://github.tools.sap/Lenny/pipeline-fl-control-plane/pull/122,0,github.tools.sap/Lenny/pipeline-fl-control-plane,train,True,python_ast,,python,1.0,1.0,python,0.0,python
0.0,same_extension,0.0,fl_control_plane/data_extractor/azure_devops/extractor.py,0.8888888888888888,0.8888888888888888,0.5555555555555556,137,0.0072992700729927005,0.01321003963011889,0.8888888888888888,0.0066844919786096255,0.5555555555555556,16,0.0,0,0.0,False,3ee9858f05443f9f,0.0,github.tools.sap/Lenny/pipeline-fl-control-plane#122,False,0.0,disabled,0.0,,0.0,0,0.0,0.0,0.0,weak_local_llm_assisted_demo,0.0,0.0,3,0.0,1.0,122,https://github.tools.sap/Lenny/pipeline-fl-control-plane/pull/122,0,github.tools.sap/Lenny/pipeline-fl-control-plane,train,True,python_ast,,python,1.0,1.0,python,0.0,python
0.0,same_file,0.0,engineering_agent/Dockerfile,0.42424242424242425,0.42424242424242425,0.42424242424242425,1,1.0,0.5957446808510638,0.42424242424242425,1.0,0.42424242424242425,1,0.0,35,35.0,False,2b161a20579548f7,1.0,github.tools.sap/Lenny/pipeline-fl-control-plane#91,False,0.0,disabled,0.0,,0.0,0,0.0,0.42424242424242425,0.42424242424242425,weak_local_llm_assisted_demo,0.0,0.42424242424242425,16,0.375,1.0,91,https://github.tools.sap/Lenny/pipeline-fl-control-plane/pull/91,82,github.tools.sap/Lenny/pipeline-fl-control-plane,train,False,,no supported local structural parser,,0.0,0.0,dockerfile,0.42424242424242425,dockerfile
1.0,same_file,1.0,fl_control_plane/pipeline_analyzer/gates/wip_gate/wip_detection.py,0.7586206896551724,0.7586206896551724,0.7586206896551724,13,0.15384615384615385,0.20657276995305165,0.7586206896551724,0.11956521739130435,0.7586206896551724,307,1.0,100,100.0,True,a27e9597f4a9fe69,1.0,github.tools.sap/Lenny/pipeline-fl-control-plane#91,False,0.0,disabled,0.0,,0.0,0,0.0,0.7586206896551724,0.7586206896551724,weak_local_llm_assisted_demo,1.0,0.7586206896551724,7,0.5714285714285714,1.0,91,https://github.tools.sap/Lenny/pipeline-fl-control-plane/pull/91,100,github.tools.sap/Lenny/pipeline-fl-control-plane,train,True,python_ast,,python,1.0,1.0,python,0.7586206896551724,python
0.2,neighboring_same_file,0.2,fl_control_plane/temporal/interceptor.py,0.9705882352941176,0.9117647058823529,0.8823529411764706,60,0.08333333333333333,0.20740740740740743,0.7794117647058824,0.11864406779661017,0.8235294117647058,302,0.2,50,50.0,False,3955503109943ea3,1.0,github.tools.sap/Lenny/pipeline-fl-control-plane#91,False,0.0,disabled,0.0,,0.0,0,0.0,1.0,0.9264705882352942,weak_local_llm_assisted_demo,0.2,0.9411764705882353,25,0.56,1.0,91,https://github.tools.sap/Lenny/pipeline-fl-control-plane/pull/91,55,github.tools.sap/Lenny/pipeline-fl-control-plane,train,True,python_ast,,python,1.0,1.0,python,0.8676470588235294,python
0.5,same_file,0.5,fl_control_plane/temporal/persist_inspection_db_activity.py,1.0,1.0,1.0,12,0.3333333333333333,0.6363636363636364,1.0,0.4666666666666667,1.0,297,0.75,85,85.0,False,80b221891ca9140c,1.0,github.tools.sap/Lenny/pipeline-fl-control-plane#91,False,0.0,disabled,0.0,,0.0,0,0.0,1.0,1.0,weak_local_llm_assisted_demo,0.75,1.0,11,1.0,1.0,91,https://github.tools.sap/Lenny/pipeline-fl-control-plane/pull/91,88,github.tools.sap/Lenny/pipeline-fl-control-plane,train,True,python_ast,,python,1.0,1.0,python,1.0,python
1.0,same_file,1.0,fl_control_plane/data_extractor/jenkins/xmake.py,1.0,1.0,1.0,312,0.003205128205128205,0.001072961373390558,1.0,0.0005367686527106817,1.0,43,1.0,100,100.0,True,fa9f06c7275bcf3e,1.0,github.tools.sap/Lenny/pipeline-fl-control-plane#120,False,0.0,disabled,0.0,,0.0,0,0.0,1.0,1.0,weak_local_llm_assisted_demo,1.0,1.0,0,0.0,1.0,120,https://github.tools.sap/Lenny/pipeline-fl-control-plane/pull/120,100,github.tools.sap/Lenny/pipeline-fl-control-plane,train,True,python_ast,,python,1.0,1.0,python,1.0,python
1.0,same_file,1.0,fl_control_plane/data_extractor/jenkins/xmake.py,1.0,1.0,1.0,312,0.00641025641025641,0.005353319057815846,1.0,0.0026838432635534087,1.0,45,1.0,100,100.0,True,71c68b9dedea6319,1.0,github.tools.sap/Lenny/pipeline-fl-control-plane#120,False,0.0,disabled,0.0,,0.0,0,0.0,1.0,1.0,weak_local_llm_assisted_demo,1.0,1.0,2,1.0,1.0,120,https://github.tools.sap/Lenny/pipeline-fl-control-plane/pull/120,100,github.tools.sap/Lenny/pipeline-fl-control-plane,train,False,python_ast,SyntaxError: unmatched ']',python,0.0,0.0,python,1.0,python
0.6666666666666666,same_extension,0.3333333333333333,fl_control_plane/data_extractor/jenkins/xmake.py,1.0,1.0,1.0,312,0.009615384615384616,0.01597444089456869,1.0,0.008051529790660225,1.0,46,0.6666666666666666,50,50.0,False,d3cd82df9aa5e25c,1.0,github.tools.sap/Lenny/pipeline-fl-control-plane#120,False,0.0,disabled,0.0,,0.0,0,0.0,0.8666666666666667,0.8666666666666667,weak_local_llm_assisted_demo,0.6666666666666666,0.8,5,1.0,1.0,120,https://github.tools.sap/Lenny/pipeline-fl-control-plane/pull/120,72,github.tools.sap/Lenny/pipeline-fl-control-plane,train,True,python_ast,,python,1.0,1.0,python,0.8,python
0.0,same_file,0.0,scripts/fl_comparison/run_comparison_batch.py,1.0,1.0,1.0,49,0.02040816326530612,0.05660377358490566,1.0,0.02912621359223301,1.0,51,0.0,100,100.0,False,e5106bffc71fe0ef,1.0,github.tools.sap/Lenny/pipeline-fl-control-plane#125,False,0.0,disabled,0.0,,0.0,0,0.0,1.0,1.0,weak_local_llm_assisted_demo,0.0,1.0,3,1.0,1.0,125,https://github.tools.sap/Lenny/pipeline-fl-control-plane/pull/125,72,github.tools.sap/Lenny/pipeline-fl-control-plane,train,True,python_ast,,python,1.0,1.0,python,1.0,python
0.25,same_file,0.25,scripts/fl_comparison/run_comparison_batch.py,0.9818181818181818,0.9818181818181818,0.9454545454545454,6,0.6666666666666666,0.6753246753246753,0.9454545454545454,0.5252525252525253,0.9454545454545454,51,0.5,39,39.0,False,c43a1546a8e17df4,1.0,github.tools.sap/Lenny/pipeline-fl-control-plane#125,False,0.0,disabled,0.0,,0.0,0,0.0,1.0,0.8909090909090909,weak_local_llm_assisted_demo,0.5,0.9636363636363636,24,0.9166666666666666,1.0,125,https://github.tools.sap/Lenny/pipeline-fl-control-plane/pull/125,55,github.tools.sap/Lenny/pipeline-fl-control-plane,train,True,python_ast,,python,1.0,1.0,python,0.8545454545454545,python
0.0,same_file,0.0,tests/mcp_servers/github_finalizer/test_github_finalizer_settings.py,0.85,0.85,0.85,36,0.027777777777777776,0.1111111111111111,0.85,0.05944055944055944,0.85,17,0.0,0,0.0,False,11c4648428c0c386,1.0,github.tools.sap/Lenny/pipeline-fl-control-plane#123,False,0.0,disabled,0.0,,0.0,0,0.0,0.85,0.85,weak_local_llm_assisted_demo,0.0,0.85,6,1.0,1.0,123,https://github.tools.sap/Lenny/pipeline-fl-control-plane/pull/123,72,github.tools.sap/Lenny/pipeline-fl-control-plane,calibration,True,python_ast,,python,0.8,0.8,python,0.85,python
0.0,same_file,0.0,fl_mcp_servers/github_finalizer/settings.py,1.0,1.0,1.0,20,0.05,0.043668122270742356,1.0,0.022321428571428572,1.0,16,0.0,80,80.0,False,4b99d7c39346d96f,1.0,github.tools.sap/Lenny/pipeline-fl-control-plane#123,False,0.0,disabled,0.0,,0.0,0,0.0,1.0,1.0,weak_local_llm_assisted_demo,0.0,1.0,1,1.0,1.0,123,https://github.tools.sap/Lenny/pipeline-fl-control-plane/pull/123,72,github.tools.sap/Lenny/pipeline-fl-control-plane,calibration,True,python_ast,,python,1.0,1.0,python,1.0,python
0.0,,0.0,,0.0,0.0,0.0,0,0.0,0.0,0.0,0.0,0.0,0,0.0,0,0.0,False,3c0ae1370098fbfe,0.0,github.tools.sap/Lenny/pipeline-fl-control-plane#118,False,0.0,disabled,0.0,,0.0,0,0.0,0.0,0.0,weak_local_llm_assisted_demo,0.0,0.0,0,0.0,1.0,118,https://github.tools.sap/Lenny/pipeline-fl-control-plane/pull/118,0,github.tools.sap/Lenny/pipeline-fl-control-plane,train,False,,no supported local structural parser,,0.0,0.0,yaml,0.0,yaml_like
0.0,anchor_overlap,0.0,fl_control_plane/execution_engine/hdlf_cert_provisioner.py,0.9,0.9,0.6,65,0.015384615384615385,0.021778584392014518,0.9,0.011090573012939002,0.6,1,0.0,0,0.0,False,71c4b1f498409b89,0.0,github.tools.sap/Lenny/pipeline-fl-control-plane#118,False,0.0,disabled,0.0,,0.0,0,0.0,0.0,0.0,weak_local_llm_assisted_demo,0.0,0.0,5,0.4,1.0,118,https://github.tools.sap/Lenny/pipeline-fl-control-plane/pull/118,0,github.tools.sap/Lenny/pipeline-fl-control-plane,train,False,,no supported local structural parser,,0.0,0.0,yaml,0.0,yaml_like
0.0,same_file,0.0,fl_control_plane/metadata_extractor/jenkins.py,0.6,0.6,0.6,1,1.0,0.6666666666666665,0.6,0.75,0.6,45,0.0,80,80.0,False,95ffed536433a4d6,1.0,github.tools.sap/Lenny/pipeline-fl-control-plane#118,False,0.0,disabled,0.0,,0.0,0,0.0,0.6,0.6,weak_local_llm_assisted_demo,0.0,0.6,1,1.0,1.0,118,https://github.tools.sap/Lenny/pipeline-fl-control-plane/pull/118,78,github.tools.sap/Lenny/pipeline-fl-control-plane,train,True,python_ast,,python,1.0,1.0,python,0.6,python
0.75,same_file,0.75,fl_control_plane/handler_orchestrator/orchestrator.py,0.875,0.875,0.875,8,1.0,0.875,0.875,0.875,0.875,27,0.75,85,85.0,False,77efe46a00c47062,1.0,github.tools.sap/Lenny/pipeline-fl-control-plane#115,False,0.0,disabled,0.0,,0.0,0,0.0,1.0,1.0,weak_local_llm_assisted_demo,0.75,1.0,6,1.0,1.0,115,https://github.tools.sap/Lenny/pipeline-fl-control-plane/pull/115,79,github.tools.sap/Lenny/pipeline-fl-control-plane,train,True,python_ast,,python,1.0,1.0,python,1.0,python
0.75,same_file,0.75,fl_control_plane/handler_orchestrator/orchestrator.py,0.875,0.875,0.875,8,1.0,0.875,0.875,0.875,0.875,27,0.75,85,85.0,False,42a10ece27f320b2,1.0,github.tools.sap/Lenny/pipeline-fl-control-plane#115,False,0.0,disabled,0.0,,0.0,0,0.0,1.0,1.0,weak_local_llm_assisted_demo,0.75,1.0,6,1.0,1.0,115,https://github.tools.sap/Lenny/pipeline-fl-control-plane/pull/115,79,github.tools.sap/Lenny/pipeline-fl-control-plane,train,True,python_ast,,python,1.0,1.0,python,1.0,python
0.36363636363636365,same_file,0.18181818181818182,fl_control_plane/handler_orchestrator/orchestrator.py,0.9428571428571428,0.9285714285714286,0.8,61,0.18032786885245902,0.33950617283950624,0.9,0.21653543307086615,0.7857142857142857,27,0.4,47,47.0,False,7b33bafebbe400aa,1.0,github.tools.sap/Lenny/pipeline-fl-control-plane#115,False,0.0,disabled,0.0,,0.0,0,0.0,0.9428571428571428,0.9285714285714286,weak_local_llm_assisted_demo,0.36363636363636365,0.8142857142857143,29,0.6551724137931034,1.0,115,https://github.tools.sap/Lenny/pipeline-fl-control-plane/pull/115,55,github.tools.sap/Lenny/pipeline-fl-control-plane,train,True,python_ast,,python,1.0,1.0,python,0.8,python
1.0,same_file,1.0,tests/handler_orchestrator/test_orchestrator.py,0.7272727272727273,0.7272727272727273,0.0,12,0.08333333333333333,0.0,0.7272727272727273,0.0,0.0,26,1.0,100,100.0,True,34017602ebc8d985,1.0,github.tools.sap/Lenny/pipeline-fl-control-plane#115,False,0.0,disabled,0.0,,0.0,0,0.0,0.7272727272727273,0.7272727272727273,weak_local_llm_assisted_demo,1.0,0.18181818181818182,7,0.0,1.0,115,https://github.tools.sap/Lenny/pipeline-fl-control-plane/pull/115,100,github.tools.sap/Lenny/pipeline-fl-control-plane,train,False,python_ast,SyntaxError: invalid syntax,python,0.0,0.0,python,0.18181818181818182,python
0.0,same_extension,0.0,dashboards/lenny-pipeline-doctor-performance.json,0.8048780487804879,0.8048780487804879,0.8048780487804879,492,0.0020325203252032522,0.042226487523992315,0.7804878048780488,0.021681997371879105,0.8048780487804879,5,0.0,80,80.0,False,50925e1bb1e94cf5,1.0,github.tools.sap/Lenny/pipeline-fl-control-plane#110,False,0.0,disabled,0.0,,0.0,0,0.0,0.8048780487804879,0.8048780487804879,weak_local_llm_assisted_demo,0.0,0.7804878048780488,11,1.0,1.0,110,https://github.tools.sap/Lenny/pipeline-fl-control-plane/pull/110,72,github.tools.sap/Lenny/pipeline-fl-control-plane,calibration,False,,no supported local structural parser,,0.0,0.0,json,0.7804878048780488,json
0.0,same_file,0.0,dashboards/lenny-pipeline-doctor-platform-operations.json,0.7560975609756098,0.7560975609756098,0.7560975609756098,1254,0.0007974481658692185,0.021298522844383376,0.7560975609756098,0.010801393728222997,0.7560975609756098,5,0.0,80,80.0,False,cf60be638884c2cf,1.0,github.tools.sap/Lenny/pipeline-fl-control-plane#110,False,0.0,disabled,0.0,,0.0,0,0.0,0.7560975609756098,0.7560975609756098,weak_local_llm_assisted_demo,0.0,0.7560975609756098,11,1.0,1.0,110,https://github.tools.sap/Lenny/pipeline-fl-control-plane/pull/110,72,github.tools.sap/Lenny/pipeline-fl-control-plane,calibration,False,,no supported local structural parser,,0.0,0.0,json,0.7560975609756098,json
0.0,same_file,0.0,dashboards/lenny-pipeline-doctor-platform-operations.json,0.8076923076923077,0.8076923076923077,0.7692307692307693,1254,0.0007974481658692185,0.02737850787132101,0.8076923076923077,0.013937282229965157,0.7692307692307693,5,0.0,80,80.0,False,d65726bbc88e2f0a,1.0,github.tools.sap/Lenny/pipeline-fl-control-plane#110,False,0.0,disabled,0.0,,0.0,0,0.0,0.8076923076923077,0.8076923076923077,weak_local_llm_assisted_demo,0.0,0.7692307692307693,15,0.8666666666666667,1.0,110,https://github.tools.sap/Lenny/pipeline-fl-control-plane/pull/110,71,github.tools.sap/Lenny/pipeline-fl-control-plane,calibration,False,,no supported local structural parser,,0.0,0.0,json,0.7692307692307693,json
0.0,same_file,0.0,dashboards/lenny-pipeline-doctor-platform-operations.json,0.7777777777777778,0.7777777777777778,0.7272727272727273,1254,0.0007974481658692185,0.048501178848097,0.0,0.025087108013937282,0.7272727272727273,5,0.0,80,80.0,False,2c2e98d2d28c9994,1.0,github.tools.sap/Lenny/pipeline-fl-control-plane#110,False,0.0,disabled,0.0,,0.0,0,0.0,0.7777777777777778,0.7777777777777778,weak_local_llm_assisted_demo,0.0,0.7272727272727273,27,0.8148148148148148,1.0,110,https://github.tools.sap/Lenny/pipeline-fl-control-plane/pull/110,64,github.tools.sap/Lenny/pipeline-fl-control-plane,calibration,False,,no supported local structural parser,,0.0,0.0,json,0.7272727272727273,json
0.0,same_file,0.0,openspec/changes/archive/2026-08-13-lenny-pipeline-doctor-dashboards/tasks.md,1.0,1.0,0.9807692307692307,28,0.03571428571428571,0.13178294573643412,0.9807692307692307,0.07063711911357341,0.9807692307692307,8,0.0,80,80.0,False,d9d8ac55ea3efbbf,1.0,github.tools.sap/Lenny/pipeline-fl-control-plane#110,False,0.0,disabled,0.0,,0.0,0,0.0,1.0,1.0,weak_local_llm_assisted_demo,0.0,0.9807692307692307,20,1.0,1.0,110,https://github.tools.sap/Lenny/pipeline-fl-control-plane/pull/110,72,github.tools.sap/Lenny/pipeline-fl-control-plane,calibration,False,,no supported local structural parser,,0.0,0.0,markdown,0.9807692307692307,markdown
0.0,same_file,0.0,fl_mcp_servers/github_finalizer/server.py,1.0,1.0,1.0,219,0.0091324200913242,0.05377456049638057,1.0,0.02763018065887354,1.0,13,0.0,85,85.0,False,cd99a4ccd6f41d2a,1.0,github.tools.sap/Lenny/pipeline-fl-control-plane#53,False,0.0,disabled,0.0,,0.0,0,0.0,1.0,1.0,weak_local_llm_assisted_demo,0.0,1.0,13,1.0,1.0,53,https://github.tools.sap/Lenny/pipeline-fl-control-plane/pull/53,72,github.tools.sap/Lenny/pipeline-fl-control-plane,train,True,python_ast,,python,1.0,1.0,python,1.0,python
0.5,same_file,0.25,fl_control_plane/execution_engine/hdlf_cert_provisioner.py,1.0,1.0,1.0,37,0.10810810810810811,0.05555555555555556,1.0,0.02857142857142857,1.0,97,0.5,48,48.0,False,99ecc72f2785261f,1.0,github.tools.sap/Lenny/pipeline-fl-control-plane#114,False,0.0,disabled,0.0,,0.0,0,0.0,1.0,1.0,weak_local_llm_assisted_demo,0.5,1.0,1,1.0,1.0,114,https://github.tools.sap/Lenny/pipeline-fl-control-plane/pull/114,55,github.tools.sap/Lenny/pipeline-fl-control-plane,calibration,True,python_ast,,python,1.0,1.0,python,1.0,python
1.0,same_file,0.875,fl_control_plane/temporal/workflow.py,1.0,1.0,1.0,27,0.2962962962962963,0.4129032258064516,1.0,0.2601626016260163,1.0,96,1.0,100,100.0,False,5d96cdeffe1a29d1,1.0,github.tools.sap/Lenny/pipeline-fl-control-plane#114,False,0.0,disabled,0.0,,0.0,0,0.0,1.0,1.0,weak_local_llm_assisted_demo,1.0,1.0,14,1.0,1.0,114,https://github.tools.sap/Lenny/pipeline-fl-control-plane/pull/114,100,github.tools.sap/Lenny/pipeline-fl-control-plane,calibration,True,python_ast,,python,1.0,1.0,python,1.0,python
1.0,same_file,1.0,fl_control_plane/temporal/workflow.py,1.0,1.0,1.0,27,0.037037037037037035,0.09302325581395349,1.0,0.04878048780487805,1.0,96,1.0,100,100.0,True,9ea6a9fa60f9d398,1.0,github.tools.sap/Lenny/pipeline-fl-control-plane#114,False,0.0,disabled,0.0,,0.0,0,0.0,1.0,1.0,weak_local_llm_assisted_demo,1.0,1.0,1,1.0,1.0,114,https://github.tools.sap/Lenny/pipeline-fl-control-plane/pull/114,100,github.tools.sap/Lenny/pipeline-fl-control-plane,calibration,True,python_ast,,python,1.0,1.0,python,1.0,python
0.6666666666666666,same_file,0.6666666666666666,fl_control_plane/temporal/workflow.py,1.0,1.0,1.0,24,0.125,0.2803738317757009,1.0,0.16304347826086957,1.0,96,0.6666666666666666,85,85.0,False,e1770a1b33da3051,1.0,github.tools.sap/Lenny/pipeline-fl-control-plane#114,False,0.0,disabled,0.0,,0.0,0,0.0,1.0,1.0,weak_local_llm_assisted_demo,0.6666666666666666,1.0,6,1.0,1.0,114,https://github.tools.sap/Lenny/pipeline-fl-control-plane/pull/114,88,github.tools.sap/Lenny/pipeline-fl-control-plane,calibration,True,python_ast,,python,1.0,1.0,python,1.0,python
0.6666666666666666,same_file,0.6666666666666666,fl_control_plane/temporal/workflow.py,1.0,1.0,1.0,24,0.125,0.2803738317757009,1.0,0.16304347826086957,1.0,96,0.6666666666666666,85,85.0,False,f0b241261497d617,1.0,github.tools.sap/Lenny/pipeline-fl-control-plane#114,False,0.0,disabled,0.0,,0.0,0,0.0,1.0,1.0,weak_local_llm_assisted_demo,0.6666666666666666,1.0,6,1.0,1.0,114,https://github.tools.sap/Lenny/pipeline-fl-control-plane/pull/114,88,github.tools.sap/Lenny/pipeline-fl-control-plane,calibration,True,python_ast,,python,1.0,1.0,python,1.0,python
0.6666666666666666,same_file,0.3333333333333333,fl_control_plane/execution_engine/hdlf_cert_provisioner.py,0.95,0.95,0.95,60,0.05,0.16170212765957445,0.9,0.08837209302325581,0.95,96,0.6666666666666666,80,80.0,False,022aa699240596da,1.0,github.tools.sap/Lenny/pipeline-fl-control-plane#114,False,0.0,disabled,0.0,,0.0,0,0.0,0.85,0.85,weak_local_llm_assisted_demo,0.6666666666666666,0.85,4,1.0,1.0,114,https://github.tools.sap/Lenny/pipeline-fl-control-plane/pull/114,72,github.tools.sap/Lenny/pipeline-fl-control-plane,calibration,True,python_ast,,python,1.0,1.0,python,0.85,python
0.0,same_file,0.0,scripts/release.sh,1.0,1.0,0.7692307692307693,419,0.00477326968973747,0.012799999999999999,1.0,0.006453694740238786,0.7692307692307693,11,0.0,35,35.0,False,3372495653d6e5de,1.0,github.tools.sap/Lenny/pipeline-fl-control-plane#89,False,0.0,disabled,0.0,,0.0,0,0.0,1.0,1.0,weak_local_llm_assisted_demo,0.0,0.7692307692307693,14,0.6428571428571429,1.0,89,https://github.tools.sap/Lenny/pipeline-fl-control-plane/pull/89,72,github.tools.sap/Lenny/pipeline-fl-control-plane,train,False,,no supported local structural parser,,0.0,0.0,shell,0.7692307692307693,pygments
0.0,same_file,0.0,fl_control_plane/data_extractor/jenkins/stages.py,0.7142857142857143,0.7142857142857143,0.7142857142857143,1,1.0,0.8333333333333333,0.7142857142857143,1.0,0.7142857142857143,15,0.0,100,100.0,False,0a68efb97a28641c,1.0,github.tools.sap/Lenny/pipeline-fl-control-plane#105,False,0.0,disabled,0.0,,0.0,0,0.0,1.0,1.0,weak_local_llm_assisted_demo,0.0,1.0,2,1.0,1.0,105,https://github.tools.sap/Lenny/pipeline-fl-control-plane/pull/105,82,github.tools.sap/Lenny/pipeline-fl-control-plane,train,True,python_ast,,python,1.0,1.0,python,1.0,python
1.0,same_file,1.0,fl_shared/hdlf_client/client.py,1.0,1.0,1.0,67,0.014925373134328358,0.08968609865470852,1.0,0.046948356807511735,1.0,18,1.0,100,100.0,True,031ecec4ad5d2de9,1.0,github.tools.sap/Lenny/pipeline-fl-control-plane#106,False,0.0,disabled,0.0,,0.0,0,0.0,1.0,1.0,weak_local_llm_assisted_demo,1.0,1.0,1,1.0,1.0,106,https://github.tools.sap/Lenny/pipeline-fl-control-plane/pull/106,100,github.tools.sap/Lenny/pipeline-fl-control-plane,train,True,python_ast,,python,1.0,1.0,python,1.0,python
1.0,same_file,1.0,fl_control_plane/execution_engine/hdlf_cert_provisioner.py,0.7,0.7,0.7,73,0.0136986301369863,0.0220125786163522,0.7,0.011182108626198083,0.7,16,1.0,100,100.0,True,99e6218b82e01624,1.0,github.tools.sap/Lenny/pipeline-fl-control-plane#106,False,0.0,disabled,0.0,,0.0,0,0.0,0.7,0.7,weak_local_llm_assisted_demo,1.0,0.7,1,1.0,1.0,106,https://github.tools.sap/Lenny/pipeline-fl-control-plane/pull/106,100,github.tools.sap/Lenny/pipeline-fl-control-plane,train,True,python_ast,,python,1.0,1.0,python,0.7,python
0.8,same_file,0.6,fl_control_plane/execution_engine/hdlf_cert_provisioner.py,0.88,0.88,0.88,73,0.0684931506849315,0.06758832565284179,0.88,0.03514376996805112,0.88,16,0.8,85,85.0,False,1fdc72a79ebc0277,1.0,github.tools.sap/Lenny/pipeline-fl-control-plane#106,False,0.0,disabled,0.0,,0.0,0,0.0,0.88,0.88,weak_local_llm_assisted_demo,0.8,0.88,8,1.0,1.0,106,https://github.tools.sap/Lenny/pipeline-fl-control-plane/pull/106,80,github.tools.sap/Lenny/pipeline-fl-control-plane,train,True,python_ast,,python,1.0,1.0,python,0.88,python
1.0,same_file,1.0,fl_control_plane/execution_engine/hdlf_cert_provisioner.py,1.0,0.8333333333333334,1.0,73,0.0136986301369863,0.01582278481012658,1.0,0.007987220447284345,0.8333333333333334,16,1.0,100,100.0,True,1153816b5ef57bae,1.0,github.tools.sap/Lenny/pipeline-fl-control-plane#106,False,0.0,disabled,0.0,,0.0,0,0.0,1.0,0.8333333333333334,weak_local_llm_assisted_demo,1.0,1.0,3,0.6666666666666666,1.0,106,https://github.tools.sap/Lenny/pipeline-fl-control-plane/pull/106,100,github.tools.sap/Lenny/pipeline-fl-control-plane,train,True,python_ast,,python,1.0,1.0,python,0.8333333333333334,python
1.0,same_file,1.0,fl_control_plane/execution_engine/hdlf_cert_provisioner.py,1.0,0.9230769230769231,1.0,73,0.0136986301369863,0.037558685446009384,1.0,0.019169329073482427,0.9230769230769231,16,1.0,100,100.0,True,1c37b2cda0db2d87,1.0,github.tools.sap/Lenny/pipeline-fl-control-plane#106,False,0.0,disabled,0.0,,0.0,0,0.0,1.0,0.9230769230769231,weak_local_llm_assisted_demo,1.0,1.0,6,0.8333333333333334,1.0,106,https://github.tools.sap/Lenny/pipeline-fl-control-plane/pull/106,100,github.tools.sap/Lenny/pipeline-fl-control-plane,train,True,python_ast,,python,1.0,1.0,python,0.9230769230769231,python
0.0,same_file,0.0,fl_control_plane/handler_orchestrator/applicability.py,0.7777777777777778,0.7777777777777778,0.7777777777777778,1,1.0,0.8750000000000001,0.7777777777777778,1.0,0.7777777777777778,71,0.0,100,100.0,False,f184196a1a2ab26a,1.0,github.tools.sap/Lenny/pipeline-fl-control-plane#104,False,0.0,disabled,0.0,,0.0,0,0.0,1.0,1.0,weak_local_llm_assisted_demo,0.0,1.0,3,1.0,1.0,104,https://github.tools.sap/Lenny/pipeline-fl-control-plane/pull/104,82,github.tools.sap/Lenny/pipeline-fl-control-plane,train,True,python_ast,,python,1.0,1.0,python,1.0,python
0.0,same_file,0.0,fl_control_plane/handler_orchestrator/defaults_resolver.py,0.8666666666666667,0.8666666666666667,0.8666666666666667,1,1.0,0.9285714285714286,0.8666666666666667,1.0,0.8666666666666667,70,0.0,100,100.0,False,4c24eaad10a3d1c9,1.0,github.tools.sap/Lenny/pipeline-fl-control-plane#104,False,0.0,disabled,0.0,,0.0,0,0.0,1.0,1.0,weak_local_llm_assisted_demo,0.0,1.0,6,1.0,1.0,104,https://github.tools.sap/Lenny/pipeline-fl-control-plane/pull/104,82,github.tools.sap/Lenny/pipeline-fl-control-plane,train,True,python_ast,,python,1.0,1.0,python,1.0,python
0.0,same_file,0.0,fl_control_plane/handler_orchestrator/orchestrator.py,0.7142857142857143,0.7142857142857143,0.7142857142857143,1,1.0,0.8333333333333333,0.7142857142857143,1.0,0.7142857142857143,83,0.0,100,100.0,False,c383da4792fe1222,1.0,github.tools.sap/Lenny/pipeline-fl-control-plane#104,False,0.0,disabled,0.0,,0.0,0,0.0,1.0,1.0,weak_local_llm_assisted_demo,0.0,1.0,2,1.0,1.0,104,https://github.tools.sap/Lenny/pipeline-fl-control-plane/pull/104,82,github.tools.sap/Lenny/pipeline-fl-control-plane,train,True,python_ast,,python,1.0,1.0,python,1.0,python
0.0,same_file,0.0,fl_control_plane/handler_orchestrator/orchestrator.py,0.7142857142857143,0.7142857142857143,0.7142857142857143,1,1.0,0.8333333333333333,0.7142857142857143,1.0,0.7142857142857143,83,0.0,100,100.0,False,92deeeb3c6e1cbba,1.0,github.tools.sap/Lenny/pipeline-fl-control-plane#104,False,0.0,disabled,0.0,,0.0,0,0.0,1.0,1.0,weak_local_llm_assisted_demo,0.0,1.0,2,1.0,1.0,104,https://github.tools.sap/Lenny/pipeline-fl-control-plane/pull/104,82,github.tools.sap/Lenny/pipeline-fl-control-plane,train,True,python_ast,,python,1.0,1.0,python,1.0,python
0.6666666666666666,same_file,0.3333333333333333,fl_control_plane/handler_orchestrator/orchestrator.py,1.0,0.9090909090909091,0.8181818181818182,19,0.15789473684210525,0.13223140495867766,0.9090909090909091,0.07272727272727272,0.7272727272727273,83,0.6666666666666666,75,75.0,False,5541c01c69ff7bc2,1.0,github.tools.sap/Lenny/pipeline-fl-control-plane#104,False,0.0,disabled,0.0,,0.0,0,0.0,1.0,0.9090909090909091,weak_local_llm_assisted_demo,0.6666666666666666,0.9090909090909091,4,0.5,1.0,104,https://github.tools.sap/Lenny/pipeline-fl-control-plane/pull/104,80,github.tools.sap/Lenny/pipeline-fl-control-plane,train,True,python_ast,,python,1.0,1.0,python,0.8181818181818182,python
0.0,same_file,0.0,tests/handler_orchestrator/test_orchestrator.py,1.0,1.0,1.0,1,1.0,0.7142857142857143,1.0,0.5555555555555556,1.0,85,0.0,80,80.0,False,5a7d126918013fd8,1.0,github.tools.sap/Lenny/pipeline-fl-control-plane#104,False,0.0,disabled,0.0,,0.0,0,0.0,1.0,1.0,weak_local_llm_assisted_demo,0.0,1.0,3,1.0,1.0,104,https://github.tools.sap/Lenny/pipeline-fl-control-plane/pull/104,82,github.tools.sap/Lenny/pipeline-fl-control-plane,train,False,python_ast,SyntaxError: illegal target for annotation,python,0.0,0.0,python,1.0,python
0.5,same_file,0.5,fl_control_plane/data_extractor/jenkins/capture_plan.py,1.0,1.0,0.7142857142857143,9,0.2222222222222222,0.15625,1.0,0.08771929824561403,0.7142857142857143,15,0.5,0,0.0,False,e132b69170c1e4a4,1.0,github.tools.sap/Lenny/pipeline-fl-control-plane#99,False,0.0,disabled,0.0,,0.0,0,0.0,1.0,1.0,weak_local_llm_assisted_demo,0.5,0.7142857142857143,3,0.3333333333333333,1.0,99,https://github.tools.sap/Lenny/pipeline-fl-control-plane/pull/99,88,github.tools.sap/Lenny/pipeline-fl-control-plane,train,True,python_ast,,python,1.0,1.0,python,0.7142857142857143,python
1.0,same_file,1.0,fl_control_plane/metadata_extractor/jenkins.py,1.0,1.0,1.0,25,0.04,0.2054794520547945,1.0,0.11450381679389313,1.0,14,1.0,100,100.0,True,b432fc4127054e6e,1.0,github.tools.sap/Lenny/pipeline-fl-control-plane#102,False,0.0,disabled,0.0,,0.0,0,0.0,1.0,1.0,weak_local_llm_assisted_demo,1.0,1.0,6,1.0,1.0,102,https://github.tools.sap/Lenny/pipeline-fl-control-plane/pull/102,100,github.tools.sap/Lenny/pipeline-fl-control-plane,calibration,True,python_ast,,python,1.0,1.0,python,1.0,python
0.7777777777777778,same_file,0.5555555555555556,fl_control_plane/execution_engine/hdlf_cert_provisioner.py,0.9375,0.9375,0.9375,11,0.8181818181818182,0.9375,0.9375,0.9375,0.9375,37,1.0,100,100.0,False,5bab9b9af098498f,1.0,github.tools.sap/Lenny/pipeline-fl-control-plane#101,False,0.0,disabled,0.0,,0.0,0,0.0,0.9375,0.9375,weak_local_llm_assisted_demo,1.0,0.9375,8,1.0,1.0,101,https://github.tools.sap/Lenny/pipeline-fl-control-plane/pull/101,100,github.tools.sap/Lenny/pipeline-fl-control-plane,development,True,python_ast,,python,1.0,1.0,python,0.9375,python
1.0,same_file,1.0,scripts/temporal-ui.sh,1.0,1.0,1.0,60,0.016666666666666666,0.14240506329113925,1.0,0.07666098807495741,1.0,1,1.0,100,100.0,True,be53318866c3698b,1.0,github.tools.sap/Lenny/pipeline-fl-control-plane#100,False,0.0,disabled,0.0,,0.0,0,0.0,1.0,1.0,weak_local_llm_assisted_demo,1.0,1.0,9,1.0,1.0,100,https://github.tools.sap/Lenny/pipeline-fl-control-plane/pull/100,100,github.tools.sap/Lenny/pipeline-fl-control-plane,train,False,,no supported local structural parser,,0.0,0.0,shell,1.0,pygments
0.7142857142857143,same_file,0.7142857142857143,scripts/temporal-ui.sh,1.0,1.0,1.0,60,0.11666666666666667,0.15698587127158553,1.0,0.08517887563884156,1.0,1,0.8571428571428571,85,85.0,False,4c429448c78f3c3e,1.0,github.tools.sap/Lenny/pipeline-fl-control-plane#100,False,0.0,disabled,0.0,,0.0,0,0.0,1.0,1.0,weak_local_llm_assisted_demo,0.8571428571428571,1.0,12,1.0,1.0,100,https://github.tools.sap/Lenny/pipeline-fl-control-plane/pull/100,88,github.tools.sap/Lenny/pipeline-fl-control-plane,train,False,,no supported local structural parser,,0.0,0.0,shell,1.0,pygments
0.6666666666666666,same_file,0.3333333333333333,scripts/temporal-ui.sh,1.0,1.0,1.0,60,0.05,0.05950413223140496,1.0,0.030664395229982964,1.0,1,0.6666666666666666,100,100.0,False,8bb42bb584f7d410,1.0,github.tools.sap/Lenny/pipeline-fl-control-plane#100,False,0.0,disabled,0.0,,0.0,0,0.0,1.0,1.0,weak_local_llm_assisted_demo,0.6666666666666666,1.0,6,1.0,1.0,100,https://github.tools.sap/Lenny/pipeline-fl-control-plane/pull/100,72,github.tools.sap/Lenny/pipeline-fl-control-plane,train,False,,no supported local structural parser,,0.0,0.0,shell,1.0,pygments
1.0,same_file,1.0,scripts/temporal-ui.sh,1.0,1.0,1.0,60,0.06666666666666667,0.0972447325769854,1.0,0.05110732538330494,1.0,1,1.0,100,100.0,True,fec444cd0fc72a67,1.0,github.tools.sap/Lenny/pipeline-fl-control-plane#100,False,0.0,disabled,0.0,,0.0,0,0.0,1.0,1.0,weak_local_llm_assisted_demo,1.0,1.0,12,1.0,1.0,100,https://github.tools.sap/Lenny/pipeline-fl-control-plane/pull/100,100,github.tools.sap/Lenny/pipeline-fl-control-plane,train,False,,no supported local structural parser,,0.0,0.0,shell,1.0,pygments
1.0,same_file,1.0,scripts/fl_comparison/build_comparison_bundle.py,1.0,1.0,1.0,335,0.03880597014925373,0.07851072440307567,1.0,0.040859309182813816,1.0,6,1.0,100,100.0,True,3216449c1f1338a1,1.0,github.tools.sap/Lenny/pipeline-fl-control-plane#97,False,0.0,disabled,0.0,,0.0,0,0.0,1.0,1.0,weak_local_llm_assisted_demo,1.0,1.0,38,1.0,1.0,97,https://github.tools.sap/Lenny/pipeline-fl-control-plane/pull/97,100,github.tools.sap/Lenny/pipeline-fl-control-plane,train,True,python_ast,,python,1.0,1.0,python,1.0,python
1.0,same_file,1.0,scripts/fl_comparison/build_comparison_bundle.py,1.0,1.0,1.0,335,0.011940298507462687,0.018363939899833058,1.0,0.009267059814658803,1.0,9,1.0,100,100.0,True,e135857d810cf7f2,1.0,github.tools.sap/Lenny/pipeline-fl-control-plane#97,False,0.0,disabled,0.0,,0.0,0,0.0,1.0,1.0,weak_local_llm_assisted_demo,1.0,1.0,6,1.0,1.0,97,https://github.tools.sap/Lenny/pipeline-fl-control-plane/pull/97,100,github.tools.sap/Lenny/pipeline-fl-control-plane,train,True,python_ast,,python,1.0,1.0,python,1.0,python
0.6666666666666666,same_file,0.3333333333333333,scripts/fl_comparison/common.py,1.0,1.0,1.0,317,0.00946372239747634,0.01682335477486393,1.0,0.008483033932135729,1.0,9,0.6666666666666666,85,85.0,False,44684fae7e81b740,1.0,github.tools.sap/Lenny/pipeline-fl-control-plane#97,False,0.0,disabled,0.0,,0.0,0,0.0,1.0,1.0,weak_local_llm_assisted_demo,0.6666666666666666,1.0,4,1.0,1.0,97,https://github.tools.sap/Lenny/pipeline-fl-control-plane/pull/97,72,github.tools.sap/Lenny/pipeline-fl-control-plane,train,True,python_ast,,python,1.0,1.0,python,1.0,python
0.0,same_file,0.0,tests/test_fl_comparison_common.py,1.0,1.0,0.9655172413793104,101,0.009900990099009901,0.12472160356347436,0.9655172413793104,0.06666666666666667,0.9655172413793104,9,0.0,80,80.0,False,5a11a7f4e746cb73,1.0,github.tools.sap/Lenny/pipeline-fl-control-plane#97,False,0.0,disabled,0.0,,0.0,0,0.0,1.0,1.0,weak_local_llm_assisted_demo,0.0,0.9655172413793104,12,0.9166666666666666,1.0,97,https://github.tools.sap/Lenny/pipeline-fl-control-plane/pull/97,72,github.tools.sap/Lenny/pipeline-fl-control-plane,train,True,python_ast,,python,1.0,1.0,python,0.9655172413793104,python
0.0,same_extension,0.0,fl_control_plane/data_extractor/jenkins/stages.py,0.9444444444444444,0.8888888888888888,0.6666666666666666,8,0.125,0.31884057971014496,0.7777777777777778,0.21568627450980393,0.6111111111111112,8,0.0,0,0.0,False,7f2802b977497fea,1.0,github.tools.sap/Lenny/pipeline-fl-control-plane#90,False,0.0,disabled,0.0,,0.0,0,0.0,0.3888888888888889,0.3333333333333333,weak_local_llm_assisted_demo,0.0,0.2777777777777778,7,0.14285714285714285,1.0,90,https://github.tools.sap/Lenny/pipeline-fl-control-plane/pull/90,0,github.tools.sap/Lenny/pipeline-fl-control-plane,train,True,python_ast,,python,0.8235294117647058,0.8235294117647058,python,0.2222222222222222,python
0.0,same_extension,0.0,fl_control_plane/data_extractor/jenkins/stages.py,0.9444444444444444,0.8888888888888888,0.6666666666666666,8,0.125,0.31884057971014496,0.7777777777777778,0.21568627450980393,0.6111111111111112,8,0.0,0,0.0,False,15c0b3ca729c9de3,0.0,github.tools.sap/Lenny/pipeline-fl-control-plane#90,False,0.0,disabled,0.0,,0.0,0,0.0,0.0,0.0,weak_local_llm_assisted_demo,0.0,0.0,7,0.14285714285714285,1.0,90,https://github.tools.sap/Lenny/pipeline-fl-control-plane/pull/90,0,github.tools.sap/Lenny/pipeline-fl-control-plane,train,True,python_ast,,python,0.8235294117647058,0.8235294117647058,python,0.0,python
1.0,same_file,1.0,fl_control_plane/handler_orchestrator/relevance_evaluator.py,1.0,1.0,1.0,135,0.014814814814814815,0.08139534883720931,1.0,0.04242424242424243,1.0,74,1.0,100,100.0,True,4ce01340b2e21f4f,1.0,github.tools.sap/Lenny/pipeline-fl-control-plane#83,False,0.0,disabled,0.0,,0.0,0,0.0,1.0,1.0,weak_local_llm_assisted_demo,1.0,1.0,12,1.0,1.0,83,https://github.tools.sap/Lenny/pipeline-fl-control-plane/pull/83,100,github.tools.sap/Lenny/pipeline-fl-control-plane,train,True,python_ast,,python,1.0,1.0,python,1.0,python
0.0,same_file,0.0,fl_control_plane/handler_orchestrator/applicability.py,1.0,1.0,0.9333333333333333,11,0.09090909090909091,0.417910447761194,1.0,0.2692307692307692,0.9333333333333333,79,0.0,85,85.0,False,6fb5025fcb384169,1.0,github.tools.sap/Lenny/pipeline-fl-control-plane#83,False,0.0,disabled,0.0,,0.0,0,0.0,1.0,1.0,weak_local_llm_assisted_demo,0.0,0.9333333333333333,5,0.8,1.0,83,https://github.tools.sap/Lenny/pipeline-fl-control-plane/pull/83,72,github.tools.sap/Lenny/pipeline-fl-control-plane,train,True,python_ast,,python,1.0,1.0,python,0.9333333333333333,python
0.125,same_file,0.125,fl_control_plane/handler_orchestrator/orchestrator.py,1.0,1.0,0.6666666666666666,9,0.8888888888888888,0.41379310344827586,0.7777777777777778,0.3,0.6666666666666666,89,0.25,25,25.0,False,13e87294a6fa3c1a,1.0,github.tools.sap/Lenny/pipeline-fl-control-plane#83,False,0.0,disabled,0.0,,0.0,0,0.0,1.0,1.0,weak_local_llm_assisted_demo,0.25,0.8333333333333334,7,0.14285714285714285,1.0,83,https://github.tools.sap/Lenny/pipeline-fl-control-plane/pull/83,55,github.tools.sap/Lenny/pipeline-fl-control-plane,train,True,python_ast,,python,1.0,1.0,python,0.8333333333333334,python
0.5,same_file,0.5,fl_control_plane/data_extractor/jenkins/capture_plan.py,1.0,1.0,1.0,18,0.1111111111111111,0.3870967741935484,1.0,0.24,1.0,12,0.5,50,50.0,False,319a45eb28fa283d,1.0,github.tools.sap/Lenny/pipeline-fl-control-plane#88,False,0.0,disabled,0.0,,0.0,0,0.0,1.0,1.0,weak_local_llm_assisted_demo,0.5,1.0,7,1.0,1.0,88,https://github.tools.sap/Lenny/pipeline-fl-control-plane/pull/88,88,github.tools.sap/Lenny/pipeline-fl-control-plane,calibration,True,python_ast,,python,1.0,1.0,python,1.0,python
0.5,same_file,0.5,fl_control_plane/temporal/persist_inspection_db_activity.py,1.0,1.0,1.0,12,0.16666666666666666,0.32727272727272727,1.0,0.1956521739130435,1.0,12,0.5,50,50.0,False,39a543d25fd0fa31,1.0,github.tools.sap/Lenny/pipeline-fl-control-plane#88,False,0.0,disabled,0.0,,0.0,0,0.0,1.0,1.0,weak_local_llm_assisted_demo,0.5,1.0,7,1.0,1.0,88,https://github.tools.sap/Lenny/pipeline-fl-control-plane/pull/88,88,github.tools.sap/Lenny/pipeline-fl-control-plane,calibration,True,python_ast,,python,1.0,1.0,python,1.0,python
1.0,same_file,1.0,fl_control_plane/data_extractor/jenkins/capture_plan.py,1.0,1.0,1.0,18,0.16666666666666666,0.4210526315789474,1.0,0.26666666666666666,1.0,12,1.0,100,100.0,True,b756ab3d5f9d7df1,1.0,github.tools.sap/Lenny/pipeline-fl-control-plane#88,False,0.0,disabled,0.0,,0.0,0,0.0,1.0,1.0,weak_local_llm_assisted_demo,1.0,1.0,7,1.0,1.0,88,https://github.tools.sap/Lenny/pipeline-fl-control-plane/pull/88,100,github.tools.sap/Lenny/pipeline-fl-control-plane,calibration,True,python_ast,,python,1.0,1.0,python,1.0,python
0.0,same_file,0.0,fl_control_plane/temporal/persist_inspection_db_activity.py,1.0,1.0,1.0,12,0.25,0.3571428571428571,0.95,0.21739130434782608,1.0,12,0.0,100,100.0,False,6f1fb15bc2434972,1.0,github.tools.sap/Lenny/pipeline-fl-control-plane#88,False,0.0,disabled,0.0,,0.0,0,0.0,1.0,1.0,weak_local_llm_assisted_demo,0.0,1.0,7,1.0,1.0,88,https://github.tools.sap/Lenny/pipeline-fl-control-plane/pull/88,82,github.tools.sap/Lenny/pipeline-fl-control-plane,calibration,True,python_ast,,python,1.0,1.0,python,1.0,python
1.0,same_file,1.0,fl_control_plane/data_extractor/jenkins/capture_plan.py,1.0,1.0,1.0,18,0.05555555555555555,0.1927710843373494,1.0,0.10666666666666667,1.0,12,1.0,100,100.0,True,4811b0ab32921c84,1.0,github.tools.sap/Lenny/pipeline-fl-control-plane#88,False,0.0,disabled,0.0,,0.0,0,0.0,1.0,1.0,weak_local_llm_assisted_demo,1.0,1.0,3,1.0,1.0,88,https://github.tools.sap/Lenny/pipeline-fl-control-plane/pull/88,100,github.tools.sap/Lenny/pipeline-fl-control-plane,calibration,True,python_ast,,python,1.0,1.0,python,1.0,python
0.0,same_file,0.0,fl_mcp_servers/generic/pipeline_data_mcp.py,1.0,1.0,1.0,120,0.008333333333333333,0.01950162513542795,1.0,0.009846827133479213,1.0,129,0.0,100,100.0,False,3b4ab7fa4c4301bd,1.0,github.tools.sap/Lenny/pipeline-fl-control-plane#81,False,0.0,disabled,0.0,,0.0,0,0.0,1.0,1.0,weak_local_llm_assisted_demo,0.0,1.0,3,1.0,1.0,81,https://github.tools.sap/Lenny/pipeline-fl-control-plane/pull/81,72,github.tools.sap/Lenny/pipeline-fl-control-plane,train,True,python_ast,,python,1.0,1.0,python,1.0,python
0.5,same_file,0.16666666666666666,fl_mcp_servers/generic/pipeline_data_mcp.py,0.9473684210526315,0.9210526315789473,0.9473684210526315,120,0.05,0.07352941176470588,0.9473684210526315,0.038293216630196934,0.9210526315789473,135,0.5,85,85.0,False,64be0c800d185f15,1.0,github.tools.sap/Lenny/pipeline-fl-control-plane#81,False,0.0,disabled,0.0,,0.0,0,0.0,0.9473684210526315,0.9210526315789473,weak_local_llm_assisted_demo,0.5,0.9473684210526315,13,0.9230769230769231,1.0,81,https://github.tools.sap/Lenny/pipeline-fl-control-plane/pull/81,55,github.tools.sap/Lenny/pipeline-fl-control-plane,train,True,python_ast,,python,0.9428571428571428,0.9428571428571428,python,0.9210526315789473,python
1.0,same_file,1.0,chart/templates/argocd-wait-hook-job.yaml,1.0,1.0,1.0,83,0.37349397590361444,0.6412213740458015,1.0,0.47191011235955055,1.0,6,1.0,100,100.0,True,2f4b9c6ae3b14bb1,1.0,github.tools.sap/Lenny/pipeline-fl-control-plane#63,False,0.0,disabled,0.0,,0.0,0,0.0,1.0,1.0,weak_local_llm_assisted_demo,1.0,1.0,121,1.0,1.0,63,https://github.tools.sap/Lenny/pipeline-fl-control-plane/pull/63,100,github.tools.sap/Lenny/pipeline-fl-control-plane,train,False,,no supported local structural parser,,0.0,0.0,yaml,1.0,yaml_like
1.0,same_file,1.0,chart/templates/argocd-wait-hook-job.yaml,1.0,1.0,1.0,83,0.012048192771084338,0.10060975609756098,1.0,0.052969502407704656,1.0,6,1.0,100,100.0,True,73b7ffc669ae225c,1.0,github.tools.sap/Lenny/pipeline-fl-control-plane#63,False,0.0,disabled,0.0,,0.0,0,0.0,1.0,1.0,weak_local_llm_assisted_demo,1.0,1.0,8,1.0,1.0,63,https://github.tools.sap/Lenny/pipeline-fl-control-plane/pull/63,100,github.tools.sap/Lenny/pipeline-fl-control-plane,train,False,,no supported local structural parser,,0.0,0.0,yaml,1.0,yaml_like
1.0,same_file,1.0,chart/templates/argocd-wait-hook-job.yaml,1.0,1.0,1.0,83,0.012048192771084338,0.07716049382716049,1.0,0.04012841091492777,1.0,6,1.0,100,100.0,True,a47be0d797167d35,1.0,github.tools.sap/Lenny/pipeline-fl-control-plane#63,False,0.0,disabled,0.0,,0.0,0,0.0,1.0,1.0,weak_local_llm_assisted_demo,1.0,1.0,11,1.0,1.0,63,https://github.tools.sap/Lenny/pipeline-fl-control-plane/pull/63,100,github.tools.sap/Lenny/pipeline-fl-control-plane,train,False,,no supported local structural parser,,0.0,0.0,yaml,1.0,yaml_like
1.0,same_file,1.0,chart/templates/argocd-wait-hook-rbac.yaml,1.0,1.0,1.0,52,0.019230769230769232,0.09746588693957114,1.0,0.05122950819672131,1.0,6,1.0,100,100.0,True,2b23b19328b827ba,1.0,github.tools.sap/Lenny/pipeline-fl-control-plane#63,False,0.0,disabled,0.0,,0.0,0,0.0,1.0,1.0,weak_local_llm_assisted_demo,1.0,1.0,11,1.0,1.0,63,https://github.tools.sap/Lenny/pipeline-fl-control-plane/pull/63,100,github.tools.sap/Lenny/pipeline-fl-control-plane,train,False,,no supported local structural parser,,0.0,0.0,yaml,1.0,yaml_like
1.0,same_file,1.0,chart/templates/argocd-wait-hook-rbac.yaml,1.0,1.0,1.0,52,0.019230769230769232,0.09746588693957114,1.0,0.05122950819672131,1.0,6,1.0,100,100.0,True,46b8bca808f89142,1.0,github.tools.sap/Lenny/pipeline-fl-control-plane#63,False,0.0,disabled,0.0,,0.0,0,0.0,1.0,1.0,weak_local_llm_assisted_demo,1.0,1.0,11,1.0,1.0,63,https://github.tools.sap/Lenny/pipeline-fl-control-plane/pull/63,100,github.tools.sap/Lenny/pipeline-fl-control-plane,train,False,,no supported local structural parser,,0.0,0.0,yaml,1.0,yaml_like
1.0,same_file,1.0,chart/templates/argocd-wait-hook-rbac.yaml,1.0,1.0,1.0,52,0.019230769230769232,0.09746588693957114,1.0,0.05122950819672131,1.0,6,1.0,100,100.0,True,f8d77338f7ee33d1,1.0,github.tools.sap/Lenny/pipeline-fl-control-plane#63,False,0.0,disabled,0.0,,0.0,0,0.0,1.0,1.0,weak_local_llm_assisted_demo,1.0,1.0,11,1.0,1.0,63,https://github.tools.sap/Lenny/pipeline-fl-control-plane/pull/63,100,github.tools.sap/Lenny/pipeline-fl-control-plane,train,False,,no supported local structural parser,,0.0,0.0,yaml,1.0,yaml_like
1.0,same_file,1.0,chart/values.yaml,1.0,1.0,1.0,4,1.0,1.0,1.0,1.0,1.0,7,1.0,100,100.0,True,74942f92ff1d98cb,1.0,github.tools.sap/Lenny/pipeline-fl-control-plane#63,False,0.0,disabled,0.0,,0.0,0,0.0,1.0,1.0,weak_local_llm_assisted_demo,1.0,1.0,3,1.0,1.0,63,https://github.tools.sap/Lenny/pipeline-fl-control-plane/pull/63,100,github.tools.sap/Lenny/pipeline-fl-control-plane,train,False,,no supported local structural parser,,0.0,0.0,yaml,1.0,yaml_like
0.0,same_extension,0.0,chart/templates/controller-clusterrole.yaml,1.0,1.0,0.5,3,0.3333333333333333,0.17142857142857143,1.0,0.10344827586206896,0.5,7,0.0,0,0.0,False,ed787a506b3ae332,0.0,github.tools.sap/Lenny/pipeline-fl-control-plane#78,False,0.0,disabled,0.0,,0.0,0,0.0,0.0,0.0,weak_local_llm_assisted_demo,0.0,0.0,3,0.0,1.0,78,https://github.tools.sap/Lenny/pipeline-fl-control-plane/pull/78,0,github.tools.sap/Lenny/pipeline-fl-control-plane,train,False,,no supported local structural parser,,0.0,0.0,yaml,0.0,yaml_like
0.0,same_extension,0.0,chart/crds/faulthandler.yaml,1.0,1.0,0.25,7,0.14285714285714285,0.038461538461538464,1.0,0.020833333333333332,0.25,7,0.0,0,0.0,False,17643cc9e2185699,0.0,github.tools.sap/Lenny/pipeline-fl-control-plane#78,False,0.0,disabled,0.0,,0.0,0,0.0,0.0,0.0,weak_local_llm_assisted_demo,0.0,0.0,3,0.0,1.0,78,https://github.tools.sap/Lenny/pipeline-fl-control-plane/pull/78,0,github.tools.sap/Lenny/pipeline-fl-control-plane,train,False,,no supported local structural parser,,0.0,0.0,yaml,0.0,yaml_like
1.0,same_file,1.0,fl_control_plane/temporal/job_polling.py,1.0,1.0,1.0,128,0.078125,0.146031746031746,1.0,0.07876712328767123,1.0,60,1.0,100,100.0,True,b0ca8c42fae0ebde,1.0,github.tools.sap/Lenny/pipeline-fl-control-plane#77,False,0.0,disabled,0.0,,0.0,0,0.0,1.0,1.0,weak_local_llm_assisted_demo,1.0,1.0,19,1.0,1.0,77,https://github.tools.sap/Lenny/pipeline-fl-control-plane/pull/77,100,github.tools.sap/Lenny/pipeline-fl-control-plane,train,True,python_ast,,python,1.0,1.0,python,1.0,python
0.5,same_extension,0.0,.github/workflows/pipeline-fl-lcm.yaml,0.8947368421052632,0.8947368421052632,0.3684210526315789,8,0.25,0.21538461538461537,0.7894736842105263,0.15217391304347827,0.3684210526315789,6,0.5,50,50.0,False,f41397da1cdb94ed,1.0,github.tools.sap/Lenny/pipeline-fl-control-plane#79,False,0.0,disabled,0.0,,0.0,0,0.0,0.7894736842105263,0.7894736842105263,weak_local_llm_assisted_demo,0.5,0.5789473684210527,11,0.09090909090909091,1.0,79,https://github.tools.sap/Lenny/pipeline-fl-control-plane/pull/79,55,github.tools.sap/Lenny/pipeline-fl-control-plane,train,False,,no supported local structural parser,,0.0,0.0,yaml,0.5789473684210527,yaml_like
1.0,same_file,1.0,.github/workflows/pipeline-fl-lcm.yaml,1.0,1.0,1.0,6,0.16666666666666666,0.25316455696202533,1.0,0.14492753623188406,1.0,7,1.0,100,100.0,True,9bf84c8d63a1c75f,1.0,github.tools.sap/Lenny/pipeline-fl-control-plane#79,False,0.0,disabled,0.0,,0.0,0,0.0,1.0,1.0,weak_local_llm_assisted_demo,1.0,1.0,1,1.0,1.0,79,https://github.tools.sap/Lenny/pipeline-fl-control-plane/pull/79,100,github.tools.sap/Lenny/pipeline-fl-control-plane,train,False,,no supported local structural parser,,0.0,0.0,yaml,1.0,yaml_like
0.0,same_file,0.0,chart/templates/deployment.yaml,0.9354838709677419,0.9354838709677419,0.9032258064516129,3,0.3333333333333333,0.5137614678899083,0.8709677419354839,0.358974358974359,0.9032258064516129,1,0.0,80,80.0,False,0cfb1add02fdf7d9,1.0,github.tools.sap/Lenny/pipeline-fl-control-plane#80,False,0.0,disabled,0.0,,0.0,0,0.0,0.9354838709677419,0.9354838709677419,weak_local_llm_assisted_demo,0.0,0.9032258064516129,9,0.8888888888888888,1.0,80,https://github.tools.sap/Lenny/pipeline-fl-control-plane/pull/80,77,github.tools.sap/Lenny/pipeline-fl-control-plane,train,False,,no supported local structural parser,,0.0,0.0,yaml,0.9032258064516129,yaml_like
0.0,same_extension,0.6666666666666666,db/migrations/versions/0008_update_finalizer_registry.py,1.0,0.875,1.0,113,0.05309734513274336,0.026465028355387523,1.0,0.013435700575815739,0.875,15,0.0,85,85.0,False,fb9d8bdb1265249b,0.0,github.tools.sap/Lenny/pipeline-fl-control-plane#71,False,0.0,disabled,0.0,,0.0,0,0.0,0.0,0.0,weak_local_llm_assisted_demo,0.0,0.0,5,0.8,1.0,71,https://github.tools.sap/Lenny/pipeline-fl-control-plane/pull/71,0,github.tools.sap/Lenny/pipeline-fl-control-plane,calibration,True,python_ast,,python,1.0,1.0,python,0.0,python
0.8333333333333334,same_file,0.6666666666666666,tests/finalizer_dispatcher/test_registry_seed.py,1.0,0.875,1.0,30,0.2,0.09395973154362416,1.0,0.04964539007092199,0.875,15,0.8333333333333334,85,85.0,False,ac6d67e0e9214f37,1.0,github.tools.sap/Lenny/pipeline-fl-control-plane#71,False,0.0,disabled,0.0,,0.0,0,0.0,1.0,0.875,weak_local_llm_assisted_demo,0.8333333333333334,1.0,5,0.8,1.0,71,https://github.tools.sap/Lenny/pipeline-fl-control-plane/pull/71,88,github.tools.sap/Lenny/pipeline-fl-control-plane,calibration,True,python_ast,,python,1.0,1.0,python,0.875,python
1.0,same_file,1.0,fl_control_plane/data_extractor/models.py,1.0,1.0,1.0,4,0.25,0.6349206349206349,1.0,0.46511627906976744,1.0,27,1.0,100,100.0,True,e0d51b775b587295,1.0,github.tools.sap/Lenny/pipeline-fl-control-plane#60,False,0.0,disabled,0.0,,0.0,0,0.0,1.0,1.0,weak_local_llm_assisted_demo,1.0,1.0,8,1.0,1.0,60,https://github.tools.sap/Lenny/pipeline-fl-control-plane/pull/60,100,github.tools.sap/Lenny/pipeline-fl-control-plane,train,True,python_ast,,python,1.0,1.0,python,1.0,python
0.5714285714285714,same_file,0.2857142857142857,.github/workflows/pipeline-fl-lcm.yaml,0.975609756097561,0.975609756097561,0.9024390243902439,22,0.3181818181818182,0.24749163879598668,0.9512195121951219,0.1434108527131783,0.9024390243902439,3,0.5714285714285714,48,48.0,False,6bb2ced74bf0a336,1.0,github.tools.sap/Lenny/pipeline-fl-control-plane#74,False,0.0,disabled,0.0,,0.0,0,0.0,0.975609756097561,0.975609756097561,weak_local_llm_assisted_demo,0.5714285714285714,0.9024390243902439,15,0.8,1.0,74,https://github.tools.sap/Lenny/pipeline-fl-control-plane/pull/74,55,github.tools.sap/Lenny/pipeline-fl-control-plane,train,False,,no supported local structural parser,,0.0,0.0,yaml,0.9024390243902439,yaml_like
0.3684210526315789,neighboring_same_file,0.10526315789473684,.github/workflows/pipeline-fl-lcm.yaml,0.9004739336492891,0.8815165876777251,0.8199052132701422,27,0.7037037037037037,0.6028880866425992,0.6350710900473934,0.4868804664723032,0.7914691943127962,3,0.3684210526315789,40,40.0,False,bbe44b2d20e208e3,1.0,github.tools.sap/Lenny/pipeline-fl-control-plane#74,False,0.0,disabled,0.0,,0.0,0,0.0,0.9004739336492891,0.8815165876777251,weak_local_llm_assisted_demo,0.3684210526315789,0.8199052132701422,67,0.6865671641791045,1.0,74,https://github.tools.sap/Lenny/pipeline-fl-control-plane/pull/74,55,github.tools.sap/Lenny/pipeline-fl-control-plane,train,False,,no supported local structural parser,,0.0,0.0,yaml,0.7914691943127962,yaml_like
0.0,same_file,0.0,.github/workflows/pipeline-fl-lcm.yaml,0.9767441860465116,0.9767441860465116,0.9534883720930233,38,0.02631578947368421,0.11866859623733719,0.9069767441860465,0.06327160493827161,0.9534883720930233,7,0.0,0,0.0,False,1d1e76f83eaf0330,1.0,github.tools.sap/Lenny/pipeline-fl-control-plane#70,False,0.0,disabled,0.0,,0.0,0,0.0,0.9767441860465116,0.9767441860465116,weak_local_llm_assisted_demo,0.0,0.9534883720930233,12,0.9166666666666666,1.0,70,https://github.tools.sap/Lenny/pipeline-fl-control-plane/pull/70,72,github.tools.sap/Lenny/pipeline-fl-control-plane,development,False,,no supported local structural parser,,0.0,0.0,yaml,0.9534883720930233,yaml_like
0.0,same_file,0.0,.github/workflows/pipeline-fl-lcm.yaml,1.0,1.0,1.0,51,0.0196078431372549,0.04878048780487806,1.0,0.025,1.0,7,0.0,0,0.0,False,0c60f33ba180b6bf,1.0,github.tools.sap/Lenny/pipeline-fl-control-plane#70,False,0.0,disabled,0.0,,0.0,0,0.0,1.0,1.0,weak_local_llm_assisted_demo,0.0,1.0,6,1.0,1.0,70,https://github.tools.sap/Lenny/pipeline-fl-control-plane/pull/70,72,github.tools.sap/Lenny/pipeline-fl-control-plane,development,False,,no supported local structural parser,,0.0,0.0,yaml,1.0,yaml_like
1.0,same_file,1.0,.github/workflows/pipeline-fl-lcm.yaml,1.0,1.0,1.0,51,0.0196078431372549,0.04878048780487806,1.0,0.025,1.0,7,1.0,100,100.0,True,7172e54eddc11d06,1.0,github.tools.sap/Lenny/pipeline-fl-control-plane#70,False,0.0,disabled,0.0,,0.0,0,0.0,1.0,1.0,weak_local_llm_assisted_demo,1.0,1.0,6,1.0,1.0,70,https://github.tools.sap/Lenny/pipeline-fl-control-plane/pull/70,100,github.tools.sap/Lenny/pipeline-fl-control-plane,development,False,,no supported local structural parser,,0.0,0.0,yaml,1.0,yaml_like
0.0,same_file,0.0,.github/workflows/pipeline-fl-lcm.yaml,1.0,1.0,1.0,34,0.029411764705882353,0.10784313725490197,1.0,0.05699481865284974,1.0,7,0.0,40,40.0,False,c70fff44064b0bef,1.0,github.tools.sap/Lenny/pipeline-fl-control-plane#70,False,0.0,disabled,0.0,,0.0,0,0.0,1.0,1.0,weak_local_llm_assisted_demo,0.0,1.0,7,1.0,1.0,70,https://github.tools.sap/Lenny/pipeline-fl-control-plane/pull/70,72,github.tools.sap/Lenny/pipeline-fl-control-plane,development,False,,no supported local structural parser,,0.0,0.0,yaml,1.0,yaml_like
0.0,same_file,0.0,scripts/pipeline-fl-lcm.sh,1.0,1.0,1.0,6,0.16666666666666666,0.846153846153846,1.0,0.7333333333333333,1.0,4,0.0,80,80.0,False,696285d7e6fd31f5,1.0,github.tools.sap/Lenny/pipeline-fl-control-plane#70,False,0.0,disabled,0.0,,0.0,0,0.0,1.0,1.0,weak_local_llm_assisted_demo,0.0,1.0,3,1.0,1.0,70,https://github.tools.sap/Lenny/pipeline-fl-control-plane/pull/70,82,github.tools.sap/Lenny/pipeline-fl-control-plane,development,False,,no supported local structural parser,,0.0,0.0,shell,1.0,pygments
0.5,same_extension,0.0,fl_control_plane/data_extractor/downloader.py,1.0,0.96,0.68,196,0.01020408163265306,0.03137254901960784,1.0,0.016080402010050253,0.64,654,0.5,80,80.0,False,dbe9c32b1aa63877,1.0,github.tools.sap/Lenny/pipeline-fl-control-plane#62,False,0.0,disabled,0.0,,0.0,0,0.0,1.0,1.0,weak_local_llm_assisted_demo,0.5,0.92,10,0.1,1.0,62,https://github.tools.sap/Lenny/pipeline-fl-control-plane/pull/62,55,github.tools.sap/Lenny/pipeline-fl-control-plane,train,True,python_ast,,python,1.0,1.0,python,0.92,python
1.0,same_file,1.0,fl_control_plane/temporal/_activity_helpers.py,1.0,1.0,1.0,41,0.17073170731707318,0.3004694835680751,1.0,0.17679558011049723,1.0,646,1.0,100,100.0,True,ad4a74854409d2b6,1.0,github.tools.sap/Lenny/pipeline-fl-control-plane#62,False,0.0,disabled,0.0,,0.0,0,0.0,1.0,1.0,weak_local_llm_assisted_demo,1.0,1.0,11,1.0,1.0,62,https://github.tools.sap/Lenny/pipeline-fl-control-plane/pull/62,100,github.tools.sap/Lenny/pipeline-fl-control-plane,train,True,python_ast,,python,1.0,1.0,python,1.0,python
1.0,same_file,1.0,tests/data_extractor/test_downloader_coverage.py,1.0,1.0,1.0,346,0.02601156069364162,0.04732013520038628,1.0,0.02423343224530168,1.0,646,1.0,100,100.0,True,f27efe531a3a0348,1.0,github.tools.sap/Lenny/pipeline-fl-control-plane#62,False,0.0,disabled,0.0,,0.0,0,0.0,1.0,1.0,weak_local_llm_assisted_demo,1.0,1.0,19,1.0,1.0,62,https://github.tools.sap/Lenny/pipeline-fl-control-plane/pull/62,100,github.tools.sap/Lenny/pipeline-fl-control-plane,train,True,python_ast,,python,1.0,1.0,python,1.0,python
0.5,neighboring_same_file,0.0,fl_control_plane/data_extractor/downloader.py,1.0,0.9807692307692307,0.4230769230769231,73,0.0547945205479452,0.067524115755627,0.9423076923076923,0.03684210526315789,0.40384615384615385,678,0.5,49,49.0,False,14a97789fce5a468,1.0,github.tools.sap/Lenny/pipeline-fl-control-plane#62,False,0.0,disabled,0.0,,0.0,0,0.0,1.0,0.9807692307692307,weak_local_llm_assisted_demo,0.5,0.75,32,0.09375,1.0,62,https://github.tools.sap/Lenny/pipeline-fl-control-plane/pull/62,55,github.tools.sap/Lenny/pipeline-fl-control-plane,train,False,python_ast,SyntaxError: invalid decimal literal,python,0.0,0.0,python,0.7307692307692307,python
0.0,same_extension,0.0,fl_control_plane/data_extractor/downloader.py,0.9767441860465116,0.9302325581395349,0.6511627906976745,196,0.025510204081632654,0.05009633911368015,0.9767441860465116,0.02613065326633166,0.6046511627906976,646,0.0,100,100.0,False,0cec9e0b8cb47970,0.0,github.tools.sap/Lenny/pipeline-fl-control-plane#62,False,0.0,disabled,0.0,,0.0,0,0.0,0.0,0.0,weak_local_llm_assisted_demo,0.0,0.0,18,0.1111111111111111,1.0,62,https://github.tools.sap/Lenny/pipeline-fl-control-plane/pull/62,0,github.tools.sap/Lenny/pipeline-fl-control-plane,train,True,python_ast,,python,0.9736842105263158,0.9736842105263158,python,0.0,python
0.0,same_file,0.0,docs/piper-cicd-secrets-setup.md,1.0,1.0,1.0,109,0.009174311926605505,0.021052631578947368,1.0,0.010638297872340425,1.0,2,0.0,40,40.0,False,56659ad682dd6a0b,1.0,github.tools.sap/Lenny/pipeline-fl-control-plane#68,False,0.0,disabled,0.0,,0.0,0,0.0,1.0,1.0,weak_local_llm_assisted_demo,0.0,1.0,4,1.0,1.0,68,https://github.tools.sap/Lenny/pipeline-fl-control-plane/pull/68,72,github.tools.sap/Lenny/pipeline-fl-control-plane,calibration,False,,no supported local structural parser,,0.0,0.0,markdown,1.0,markdown
0.0,same_file,0.0,docs/piper-cicd-secrets-setup.md,1.0,1.0,1.0,109,0.009174311926605505,0.04166666666666667,1.0,0.02127659574468085,1.0,2,0.0,80,80.0,False,b8e90c4dfa467e26,1.0,github.tools.sap/Lenny/pipeline-fl-control-plane#68,False,0.0,disabled,0.0,,0.0,0,0.0,1.0,1.0,weak_local_llm_assisted_demo,0.0,1.0,9,1.0,1.0,68,https://github.tools.sap/Lenny/pipeline-fl-control-plane/pull/68,72,github.tools.sap/Lenny/pipeline-fl-control-plane,calibration,False,,no supported local structural parser,,0.0,0.0,markdown,1.0,markdown
0.0,same_file,0.0,docs/piper-cicd-secrets-setup.md,1.0,1.0,1.0,109,0.009174311926605505,0.04721435316336166,1.0,0.024177949709864602,1.0,2,0.0,80,80.0,False,6371f804f07096c9,1.0,github.tools.sap/Lenny/pipeline-fl-control-plane#68,False,0.0,disabled,0.0,,0.0,0,0.0,1.0,1.0,weak_local_llm_assisted_demo,0.0,1.0,11,1.0,1.0,68,https://github.tools.sap/Lenny/pipeline-fl-control-plane/pull/68,72,github.tools.sap/Lenny/pipeline-fl-control-plane,calibration,False,,no supported local structural parser,,0.0,0.0,markdown,1.0,markdown
0.0,same_file,0.0,docs/piper-cicd-secrets-setup.md,1.0,1.0,1.0,109,0.009174311926605505,0.03608736942070275,1.0,0.0183752417794971,1.0,2,0.0,80,80.0,False,fd3fcf62cfe33a1a,1.0,github.tools.sap/Lenny/pipeline-fl-control-plane#68,False,0.0,disabled,0.0,,0.0,0,0.0,1.0,1.0,weak_local_llm_assisted_demo,0.0,1.0,7,1.0,1.0,68,https://github.tools.sap/Lenny/pipeline-fl-control-plane/pull/68,72,github.tools.sap/Lenny/pipeline-fl-control-plane,calibration,False,,no supported local structural parser,,0.0,0.0,markdown,1.0,markdown
0.875,same_file,0.75,docs/piper-cicd-secrets-setup.md,1.0,1.0,1.0,109,0.07339449541284404,0.06548175865294668,1.0,0.033849129593810444,1.0,2,1.0,100,100.0,False,84d15a995e67f3e1,1.0,github.tools.sap/Lenny/pipeline-fl-control-plane#68,False,0.0,disabled,0.0,,0.0,0,0.0,1.0,1.0,weak_local_llm_assisted_demo,1.0,1.0,8,1.0,1.0,68,https://github.tools.sap/Lenny/pipeline-fl-control-plane/pull/68,100,github.tools.sap/Lenny/pipeline-fl-control-plane,calibration,False,,no supported local structural parser,,0.0,0.0,markdown,1.0,markdown
0.0,same_file,0.0,docs/piper-cicd-secrets-setup.md,1.0,1.0,1.0,109,0.009174311926605505,0.05639097744360901,1.0,0.029013539651837523,1.0,2,0.0,80,80.0,False,67a8b1ef4cf70d17,1.0,github.tools.sap/Lenny/pipeline-fl-control-plane#68,False,0.0,disabled,0.0,,0.0,0,0.0,1.0,1.0,weak_local_llm_assisted_demo,0.0,1.0,12,1.0,1.0,68,https://github.tools.sap/Lenny/pipeline-fl-control-plane/pull/68,72,github.tools.sap/Lenny/pipeline-fl-control-plane,calibration,False,,no supported local structural parser,,0.0,0.0,markdown,1.0,markdown
0.8,same_file,0.6,docs/piper-cicd-secrets-setup.md,1.0,1.0,1.0,109,0.045871559633027525,0.06909430438842203,0.972972972972973,0.035783365570599614,1.0,2,0.8,85,85.0,False,e5624db28e57c482,1.0,github.tools.sap/Lenny/pipeline-fl-control-plane#68,False,0.0,disabled,0.0,,0.0,0,0.0,1.0,1.0,weak_local_llm_assisted_demo,0.8,1.0,16,1.0,1.0,68,https://github.tools.sap/Lenny/pipeline-fl-control-plane/pull/68,86,github.tools.sap/Lenny/pipeline-fl-control-plane,calibration,False,,no supported local structural parser,,0.0,0.0,markdown,1.0,markdown
0.0,same_file,0.0,docs/piper-cicd-secrets-setup.md,1.0,1.0,1.0,109,0.009174311926605505,0.024832855778414518,1.0,0.012572533849129593,1.0,2,0.0,40,40.0,False,8e2dfad983ac1ed8,1.0,github.tools.sap/Lenny/pipeline-fl-control-plane#68,False,0.0,disabled,0.0,,0.0,0,0.0,1.0,1.0,weak_local_llm_assisted_demo,0.0,1.0,5,1.0,1.0,68,https://github.tools.sap/Lenny/pipeline-fl-control-plane/pull/68,72,github.tools.sap/Lenny/pipeline-fl-control-plane,calibration,False,,no supported local structural parser,,0.0,0.0,markdown,1.0,markdown
0.6363636363636364,same_extension,0.0,.claude/commands/deploy.md,0.9814814814814815,0.9814814814814815,0.8518518518518519,113,0.09734513274336283,0.0997229916897507,0.8425925925925926,0.05303476723629935,0.8333333333333334,25,0.7272727272727273,83,83.0,False,65bfc0de6a702899,1.0,github.tools.sap/Lenny/pipeline-fl-control-plane#64,False,0.0,disabled,0.0,,0.0,0,0.0,0.9722222222222222,0.9722222222222222,weak_local_llm_assisted_demo,0.7272727272727273,0.9259259259259259,39,0.6410256410256411,1.0,64,https://github.tools.sap/Lenny/pipeline-fl-control-plane/pull/64,72,github.tools.sap/Lenny/pipeline-fl-control-plane,development,False,,no supported local structural parser,,0.0,0.0,markdown,0.9259259259259259,markdown
0.26666666666666666,same_extension,0.0,.claude/commands/deploy.md,0.9701492537313433,0.9701492537313433,0.8582089552238806,113,0.13274336283185842,0.12342981977061715,0.8283582089552238,0.06658809664113141,0.8432835820895522,25,0.36363636363636365,75,75.0,False,1d9b5ba9f97ea847,1.0,github.tools.sap/Lenny/pipeline-fl-control-plane#64,False,0.0,disabled,0.0,,0.0,0,0.0,0.9477611940298507,0.9477611940298507,weak_local_llm_assisted_demo,0.26666666666666666,0.8582089552238806,51,0.6862745098039216,1.0,64,https://github.tools.sap/Lenny/pipeline-fl-control-plane/pull/64,55,github.tools.sap/Lenny/pipeline-fl-control-plane,development,False,,no supported local structural parser,,0.0,0.0,markdown,0.8582089552238806,markdown
1.0,same_file,1.0,.claude/commands/council-test.md,1.0,1.0,1.0,11,0.45454545454545453,0.3917525773195876,1.0,0.24358974358974358,1.0,25,1.0,100,100.0,True,01c8f7e9ee59a956,1.0,github.tools.sap/Lenny/pipeline-fl-control-plane#64,False,0.0,disabled,0.0,,0.0,0,0.0,1.0,1.0,weak_local_llm_assisted_demo,1.0,1.0,15,1.0,1.0,64,https://github.tools.sap/Lenny/pipeline-fl-control-plane/pull/64,100,github.tools.sap/Lenny/pipeline-fl-control-plane,development,False,,no supported local structural parser,,0.0,0.0,markdown,1.0,markdown
0.2,neighboring_same_file,0.0,.claude/commands/council-test.md,1.0,1.0,0.7523809523809524,90,0.05555555555555555,0.14976303317535547,0.819047619047619,0.08315789473684211,0.7523809523809524,25,0.2,30,30.0,False,01d7dc528482a6f5,1.0,github.tools.sap/Lenny/pipeline-fl-control-plane#64,False,0.0,disabled,0.0,,0.0,0,0.0,1.0,1.0,weak_local_llm_assisted_demo,0.2,0.9238095238095239,34,0.23529411764705882,1.0,64,https://github.tools.sap/Lenny/pipeline-fl-control-plane/pull/64,55,github.tools.sap/Lenny/pipeline-fl-control-plane,development,False,,no supported local structural parser,,0.0,0.0,markdown,0.9238095238095239,markdown
1.0,same_file,1.0,.claude/commands/deploy.md,1.0,1.0,1.0,113,0.008849557522123894,0.044930875576036866,1.0,0.022981732469063054,1.0,15,1.0,100,100.0,True,7d2135871c58118c,1.0,github.tools.sap/Lenny/pipeline-fl-control-plane#64,False,0.0,disabled,0.0,,0.0,0,0.0,1.0,1.0,weak_local_llm_assisted_demo,1.0,1.0,9,1.0,1.0,64,https://github.tools.sap/Lenny/pipeline-fl-control-plane/pull/64,100,github.tools.sap/Lenny/pipeline-fl-control-plane,development,False,,no supported local structural parser,,0.0,0.0,markdown,1.0,markdown
0.0,same_extension,0.0,chart/templates/aicore-externalsecret.yaml,0.95,0.95,0.8,5,0.2,0.26666666666666666,0.95,0.16,0.8,5,0.0,40,40.0,False,8cea9b0c33f7139a,1.0,github.tools.sap/Lenny/pipeline-fl-control-plane#69,False,0.0,disabled,0.0,,0.0,0,0.0,0.65,0.65,weak_local_llm_assisted_demo,0.0,0.65,9,0.6666666666666666,1.0,69,https://github.tools.sap/Lenny/pipeline-fl-control-plane/pull/69,80,github.tools.sap/Lenny/pipeline-fl-control-plane,development,False,,no supported local structural parser,,0.0,0.0,yaml,0.65,yaml_like
1.0,same_file,1.0,chart/templates/aicore-externalsecret.yaml,1.0,1.0,1.0,5,0.2,0.33333333333333337,1.0,0.2,1.0,5,1.0,100,100.0,True,dc2e849326379a88,1.0,github.tools.sap/Lenny/pipeline-fl-control-plane#69,False,0.0,disabled,0.0,,0.0,0,0.0,1.0,1.0,weak_local_llm_assisted_demo,1.0,1.0,9,1.0,1.0,69,https://github.tools.sap/Lenny/pipeline-fl-control-plane/pull/69,100,github.tools.sap/Lenny/pipeline-fl-control-plane,development,False,,no supported local structural parser,,0.0,0.0,yaml,1.0,yaml_like
0.0,anchor_overlap,0.0,fl_control_plane/temporal/workflow.py,0.7777777777777778,0.6666666666666666,0.5555555555555556,37,0.02702702702702703,0.03571428571428571,0.7777777777777778,0.018604651162790697,0.4444444444444444,6,0.0,0,0.0,False,dc4793a3353a8ccd,0.0,github.tools.sap/Lenny/pipeline-fl-control-plane#45,False,0.0,disabled,0.0,,0.0,0,0.0,0.0,0.0,weak_local_llm_assisted_demo,0.0,0.0,3,0.3333333333333333,1.0,45,https://github.tools.sap/Lenny/pipeline-fl-control-plane/pull/45,0,github.tools.sap/Lenny/pipeline-fl-control-plane,train,False,,no supported local structural parser,,0.0,0.0,toml,0.0,pygments
0.6666666666666666,neighboring_same_file,0.5555555555555556,chart/templates/hdlf/_trust-script.tpl,1.0,1.0,0.95,70,0.12857142857142856,0.18905472636815918,0.9833333333333333,0.10497237569060773,0.95,7,0.875,85,85.0,False,075118cbf5c2ba40,1.0,github.tools.sap/Lenny/pipeline-fl-control-plane#61,False,0.0,disabled,0.0,,0.0,0,0.0,1.0,1.0,weak_local_llm_assisted_demo,0.8888888888888888,0.95,31,0.9032258064516129,1.0,61,https://github.tools.sap/Lenny/pipeline-fl-control-plane/pull/61,89,github.tools.sap/Lenny/pipeline-fl-control-plane,train,False,,no supported local structural parser,,0.0,0.0,text,0.95,pygments
1.0,same_file,1.0,scripts/pipeline-fl-lcm.sh,1.0,1.0,1.0,379,0.005277044854881266,0.02097649186256781,1.0,0.010599415204678362,1.0,1,1.0,100,100.0,True,028c0f05706e6ed2,1.0,github.tools.sap/Lenny/pipeline-fl-control-plane#57,False,0.0,disabled,0.0,,0.0,0,0.0,1.0,1.0,weak_local_llm_assisted_demo,1.0,1.0,6,1.0,1.0,57,https://github.tools.sap/Lenny/pipeline-fl-control-plane/pull/57,100,github.tools.sap/Lenny/pipeline-fl-control-plane,train,False,,no supported local structural parser,,0.0,0.0,shell,1.0,pygments
1.0,same_file,1.0,scripts/pipeline-fl-lcm.sh,1.0,1.0,1.0,379,0.005277044854881266,0.010905125408942203,1.0,0.005482456140350877,1.0,1,1.0,100,100.0,True,2660586568093fc4,1.0,github.tools.sap/Lenny/pipeline-fl-control-plane#57,False,0.0,disabled,0.0,,0.0,0,0.0,1.0,1.0,weak_local_llm_assisted_demo,1.0,1.0,1,1.0,1.0,57,https://github.tools.sap/Lenny/pipeline-fl-control-plane/pull/57,100,github.tools.sap/Lenny/pipeline-fl-control-plane,train,False,,no supported local structural parser,,0.0,0.0,shell,1.0,pygments
1.0,same_file,1.0,scripts/pipeline-fl-lcm.sh,1.0,1.0,1.0,379,0.005277044854881266,0.009457984721716989,1.0,0.004751461988304093,1.0,1,1.0,100,100.0,True,d51cc7f3e71a9453,1.0,github.tools.sap/Lenny/pipeline-fl-control-plane#57,False,0.0,disabled,0.0,,0.0,0,0.0,1.0,1.0,weak_local_llm_assisted_demo,1.0,1.0,0,0.0,1.0,57,https://github.tools.sap/Lenny/pipeline-fl-control-plane/pull/57,100,github.tools.sap/Lenny/pipeline-fl-control-plane,train,False,,no supported local structural parser,,0.0,0.0,shell,1.0,pygments
1.0,same_file,1.0,scripts/pipeline-fl-lcm.sh,1.0,1.0,1.0,379,0.023746701846965697,0.05128205128205127,1.0,0.02631578947368421,1.0,1,1.0,100,100.0,True,3effedf9a0a09928,1.0,github.tools.sap/Lenny/pipeline-fl-control-plane#57,False,0.0,disabled,0.0,,0.0,0,0.0,1.0,1.0,weak_local_llm_assisted_demo,1.0,1.0,16,1.0,1.0,57,https://github.tools.sap/Lenny/pipeline-fl-control-plane/pull/57,100,github.tools.sap/Lenny/pipeline-fl-control-plane,train,False,,no supported local structural parser,,0.0,0.0,shell,1.0,pygments
1.0,same_file,1.0,scripts/pipeline-fl-lcm.sh,1.0,1.0,1.0,379,0.002638522427440633,0.01595358955765047,1.0,0.00804093567251462,1.0,1,1.0,100,100.0,True,e15fbb1419b3a0da,1.0,github.tools.sap/Lenny/pipeline-fl-control-plane#57,False,0.0,disabled,0.0,,0.0,0,0.0,1.0,1.0,weak_local_llm_assisted_demo,1.0,1.0,8,1.0,1.0,57,https://github.tools.sap/Lenny/pipeline-fl-control-plane/pull/57,100,github.tools.sap/Lenny/pipeline-fl-control-plane,train,False,,no supported local structural parser,,0.0,0.0,shell,1.0,pygments
0.5,same_file,0.25,.github/workflows/pipeline-fl-lcm.yaml,1.0,1.0,0.9782608695652174,39,0.10256410256410256,0.1821862348178138,1.0,0.10044642857142858,0.9782608695652174,24,0.75,79,79.0,False,043f78241bead226,1.0,github.tools.sap/Lenny/pipeline-fl-control-plane#57,False,0.0,disabled,0.0,,0.0,0,0.0,1.0,1.0,weak_local_llm_assisted_demo,0.75,0.9782608695652174,20,0.95,1.0,57,https://github.tools.sap/Lenny/pipeline-fl-control-plane/pull/57,88,github.tools.sap/Lenny/pipeline-fl-control-plane,train,False,,no supported local structural parser,,0.0,0.0,yaml,0.9782608695652174,yaml_like
0.0,same_file,0.0,.gitignore,1.0,1.0,1.0,2,0.5,0.6666666666666666,0.6666666666666666,0.5,1.0,5,0.0,0,0.0,False,c517adf359948c90,1.0,github.tools.sap/Lenny/pipeline-fl-control-plane#59,False,0.0,disabled,0.0,,0.0,0,0.0,1.0,1.0,weak_local_llm_assisted_demo,0.0,1.0,1,1.0,1.0,59,https://github.tools.sap/Lenny/pipeline-fl-control-plane/pull/59,80,github.tools.sap/Lenny/pipeline-fl-control-plane,train,False,,no supported local structural parser,,0.0,0.0,text,1.0,regex
1.0,same_file,1.0,fl_control_plane/execution_engine/hdlf_cert_provisioner.py,1.0,1.0,1.0,330,0.0030303030303030303,0.019273535952557454,1.0,0.009730538922155689,1.0,88,1.0,100,100.0,True,69271ffa5dbd80eb,1.0,github.tools.sap/Lenny/pipeline-fl-control-plane#52,False,0.0,disabled,0.0,,0.0,0,0.0,1.0,1.0,weak_local_llm_assisted_demo,1.0,1.0,5,1.0,1.0,52,https://github.tools.sap/Lenny/pipeline-fl-control-plane/pull/52,100,github.tools.sap/Lenny/pipeline-fl-control-plane,development,True,python_ast,,python,1.0,1.0,python,1.0,python
1.0,same_file,1.0,fl_control_plane/execution_engine/hdlf_cert_provisioner.py,1.0,1.0,1.0,330,0.0030303030303030303,0.019273535952557454,1.0,0.009730538922155689,1.0,88,1.0,100,100.0,True,db060d8ab85e3881,1.0,github.tools.sap/Lenny/pipeline-fl-control-plane#52,False,0.0,disabled,0.0,,0.0,0,0.0,1.0,1.0,weak_local_llm_assisted_demo,1.0,1.0,4,1.0,1.0,52,https://github.tools.sap/Lenny/pipeline-fl-control-plane/pull/52,100,github.tools.sap/Lenny/pipeline-fl-control-plane,development,True,python_ast,,python,1.0,1.0,python,1.0,python
1.0,same_file,1.0,fl_control_plane/execution_engine/hdlf_cert_provisioner.py,1.0,1.0,1.0,330,0.0030303030303030303,0.019273535952557454,1.0,0.009730538922155689,1.0,88,1.0,100,100.0,True,fa29c9692318ae00,1.0,github.tools.sap/Lenny/pipeline-fl-control-plane#52,False,0.0,disabled,0.0,,0.0,0,0.0,1.0,1.0,weak_local_llm_assisted_demo,1.0,1.0,5,1.0,1.0,52,https://github.tools.sap/Lenny/pipeline-fl-control-plane/pull/52,100,github.tools.sap/Lenny/pipeline-fl-control-plane,development,True,python_ast,,python,1.0,1.0,python,1.0,python
1.0,same_file,1.0,fl_control_plane/execution_engine/hdlf_cert_provisioner.py,1.0,1.0,1.0,330,0.0030303030303030303,0.019273535952557454,1.0,0.009730538922155689,1.0,88,1.0,100,100.0,True,3d382fbc54e195b9,1.0,github.tools.sap/Lenny/pipeline-fl-control-plane#52,False,0.0,disabled,0.0,,0.0,0,0.0,1.0,1.0,weak_local_llm_assisted_demo,1.0,1.0,4,1.0,1.0,52,https://github.tools.sap/Lenny/pipeline-fl-control-plane/pull/52,100,github.tools.sap/Lenny/pipeline-fl-control-plane,development,True,python_ast,,python,1.0,1.0,python,1.0,python
0.8,neighboring_same_file,0.8,fl_control_plane/temporal/finalize_activity.py,1.0,1.0,0.96,10,0.5,0.6486486486486486,0.88,0.4897959183673469,0.96,89,0.8,79,79.0,False,3aa14b3a7de60845,1.0,github.tools.sap/Lenny/pipeline-fl-control-plane#52,False,0.0,disabled,0.0,,0.0,0,0.0,1.0,1.0,weak_local_llm_assisted_demo,0.8,0.96,10,0.9,1.0,52,https://github.tools.sap/Lenny/pipeline-fl-control-plane/pull/52,80,github.tools.sap/Lenny/pipeline-fl-control-plane,development,True,python_ast,,python,1.0,1.0,python,0.96,python
0.8,same_file,0.4,hdlf_server/dependencies.py,1.0,1.0,1.0,45,0.2222222222222222,0.34951456310679613,0.9814814814814815,0.21176470588235294,1.0,88,0.9,85,85.0,False,84435b09592f3463,1.0,github.tools.sap/Lenny/pipeline-fl-control-plane#52,False,0.0,disabled,0.0,,0.0,0,0.0,1.0,0.9814814814814815,weak_local_llm_assisted_demo,0.9,1.0,21,1.0,1.0,52,https://github.tools.sap/Lenny/pipeline-fl-control-plane/pull/52,90,github.tools.sap/Lenny/pipeline-fl-control-plane,development,True,python_ast,,python,1.0,1.0,python,0.9814814814814815,python
0.8666666666666667,same_file,0.4666666666666667,hdlf_server/dependencies.py,1.0,1.0,1.0,45,0.3333333333333333,0.3548387096774193,0.9818181818181818,0.21568627450980393,1.0,88,0.9333333333333333,85,85.0,False,d2c575e9e651437a,1.0,github.tools.sap/Lenny/pipeline-fl-control-plane#52,False,0.0,disabled,0.0,,0.0,0,0.0,1.0,0.9818181818181818,weak_local_llm_assisted_demo,0.9333333333333333,1.0,21,1.0,1.0,52,https://github.tools.sap/Lenny/pipeline-fl-control-plane/pull/52,93,github.tools.sap/Lenny/pipeline-fl-control-plane,development,True,python_ast,,python,1.0,1.0,python,0.9818181818181818,python
0.6363636363636364,same_file,0.36363636363636365,chart/templates/hdlf/_trust-script.tpl,0.9818181818181818,0.9818181818181818,0.9545454545454546,286,0.038461538461538464,0.07454739084132056,0.0,0.03878832656076838,0.9545454545454546,4,0.8,85,85.0,False,55b3d623a760425d,1.0,github.tools.sap/Lenny/pipeline-fl-control-plane#52,False,0.0,disabled,0.0,,0.0,0,0.0,0.9818181818181818,0.9818181818181818,weak_local_llm_assisted_demo,0.8181818181818182,0.9545454545454546,32,0.90625,1.0,52,https://github.tools.sap/Lenny/pipeline-fl-control-plane/pull/52,72,github.tools.sap/Lenny/pipeline-fl-control-plane,development,False,,no supported local structural parser,,0.0,0.0,text,0.9545454545454546,pygments
1.0,same_file,1.0,chart/templates/deployment.yaml,1.0,1.0,1.0,6,0.16666666666666666,0.6027397260273972,1.0,0.43137254901960786,1.0,26,1.0,100,100.0,True,1714c083587607d2,1.0,github.tools.sap/Lenny/pipeline-fl-control-plane#52,False,0.0,disabled,0.0,,0.0,0,0.0,1.0,1.0,weak_local_llm_assisted_demo,1.0,1.0,10,1.0,1.0,52,https://github.tools.sap/Lenny/pipeline-fl-control-plane/pull/52,100,github.tools.sap/Lenny/pipeline-fl-control-plane,development,False,,no supported local structural parser,,0.0,0.0,yaml,1.0,yaml_like
1.0,same_file,1.0,engineering_agent/app/agent_task_runner.py,1.0,1.0,1.0,5,0.6,0.9148936170212766,1.0,0.8431372549019608,1.0,92,1.0,100,100.0,True,40d010551bc05a07,1.0,github.tools.sap/Lenny/pipeline-fl-control-plane#52,False,0.0,disabled,0.0,,0.0,0,0.0,1.0,1.0,weak_local_llm_assisted_demo,1.0,1.0,16,1.0,1.0,52,https://github.tools.sap/Lenny/pipeline-fl-control-plane/pull/52,100,github.tools.sap/Lenny/pipeline-fl-control-plane,development,True,python_ast,,python,1.0,1.0,python,1.0,python
0.0,same_file,0.0,Dockerfile,0.8508771929824561,0.8508771929824561,0.6754385964912281,17,0.11764705882352941,0.456973293768546,0.7631578947368421,0.3452914798206278,0.6754385964912281,5,0.0,0,0.0,False,c06cec604342c3b4,1.0,github.tools.sap/Lenny/pipeline-fl-control-plane#51,False,0.0,disabled,0.0,,0.0,0,0.0,0.8508771929824561,0.8508771929824561,weak_local_llm_assisted_demo,0.0,0.6754385964912281,42,0.5238095238095238,1.0,51,https://github.tools.sap/Lenny/pipeline-fl-control-plane/pull/51,67,github.tools.sap/Lenny/pipeline-fl-control-plane,train,False,,no supported local structural parser,,0.0,0.0,dockerfile,0.6754385964912281,dockerfile
0.0,same_file,0.0,engineering_agent/Dockerfile,0.8508771929824561,0.8508771929824561,0.6842105263157895,20,0.1,0.39294710327455923,0.7807017543859649,0.2756183745583039,0.6842105263157895,5,0.0,0,0.0,False,c22470ee11abc815,1.0,github.tools.sap/Lenny/pipeline-fl-control-plane#51,False,0.0,disabled,0.0,,0.0,0,0.0,0.8508771929824561,0.8508771929824561,weak_local_llm_assisted_demo,0.0,0.6842105263157895,42,0.5476190476190477,1.0,51,https://github.tools.sap/Lenny/pipeline-fl-control-plane/pull/51,69,github.tools.sap/Lenny/pipeline-fl-control-plane,train,False,,no supported local structural parser,,0.0,0.0,dockerfile,0.6842105263157895,dockerfile
0.3333333333333333,same_file,0.3333333333333333,Dockerfile,0.96875,0.96875,0.953125,17,0.17647058823529413,0.42508710801393723,0.96875,0.273542600896861,0.953125,8,0.3333333333333333,75,75.0,False,6a68025dd21afb99,1.0,github.tools.sap/Lenny/pipeline-fl-control-plane#51,False,0.0,disabled,0.0,,0.0,0,0.0,0.96875,0.96875,weak_local_llm_assisted_demo,0.3333333333333333,0.953125,27,0.9629629629629629,1.0,51,https://github.tools.sap/Lenny/pipeline-fl-control-plane/pull/51,82,github.tools.sap/Lenny/pipeline-fl-control-plane,train,False,,no supported local structural parser,,0.0,0.0,dockerfile,0.953125,dockerfile
0.3333333333333333,same_file,0.3333333333333333,engineering_agent/Dockerfile,0.96875,0.96875,0.953125,20,0.15,0.35158501440922196,0.96875,0.21554770318021202,0.953125,8,0.3333333333333333,75,75.0,False,2b5dda6cc8f7f928,1.0,github.tools.sap/Lenny/pipeline-fl-control-plane#51,False,0.0,disabled,0.0,,0.0,0,0.0,0.96875,0.96875,weak_local_llm_assisted_demo,0.3333333333333333,0.953125,27,0.9629629629629629,1.0,51,https://github.tools.sap/Lenny/pipeline-fl-control-plane/pull/51,82,github.tools.sap/Lenny/pipeline-fl-control-plane,train,False,,no supported local structural parser,,0.0,0.0,dockerfile,0.953125,dockerfile
0.3333333333333333,same_file,0.3333333333333333,fl_mcp_servers/Dockerfile,0.96875,0.96875,0.953125,20,0.15,0.3465909090909091,0.96875,0.21180555555555555,0.953125,8,0.3333333333333333,75,75.0,False,e16e594dbda50c6e,1.0,github.tools.sap/Lenny/pipeline-fl-control-plane#51,False,0.0,disabled,0.0,,0.0,0,0.0,0.96875,0.96875,weak_local_llm_assisted_demo,0.3333333333333333,0.953125,27,0.9629629629629629,1.0,51,https://github.tools.sap/Lenny/pipeline-fl-control-plane/pull/51,82,github.tools.sap/Lenny/pipeline-fl-control-plane,train,False,,no supported local structural parser,,0.0,0.0,dockerfile,0.953125,dockerfile
0.7894736842105263,same_file,0.47368421052631576,.github/workflows/build-and-deploy.yaml,1.0,1.0,0.949238578680203,307,0.06188925081433225,0.11550339715873996,0.0,0.061492929957250905,0.949238578680203,1,0.7894736842105263,85,85.0,False,fecbb15737b78ea5,1.0,github.tools.sap/Lenny/pipeline-fl-control-plane#55,False,0.0,disabled,0.0,,0.0,0,0.0,1.0,1.0,weak_local_llm_assisted_demo,0.7894736842105263,0.949238578680203,58,0.8620689655172413,1.0,55,https://github.tools.sap/Lenny/pipeline-fl-control-plane/pull/55,72,github.tools.sap/Lenny/pipeline-fl-control-plane,calibration,False,,no supported local structural parser,,0.0,0.0,yaml,0.949238578680203,yaml_like
0.5,same_file,0.5,.github/workflows/build-and-deploy.yaml,1.0,1.0,1.0,307,0.006514657980456026,0.02211382113821138,1.0,0.011180532719500164,1.0,1,0.5,50,50.0,False,f1b394c72eaf026b,1.0,github.tools.sap/Lenny/pipeline-fl-control-plane#55,False,0.0,disabled,0.0,,0.0,0,0.0,1.0,1.0,weak_local_llm_assisted_demo,0.5,1.0,9,1.0,1.0,55,https://github.tools.sap/Lenny/pipeline-fl-control-plane/pull/55,88,github.tools.sap/Lenny/pipeline-fl-control-plane,calibration,False,,no supported local structural parser,,0.0,0.0,yaml,1.0,yaml_like
0.7,same_file,0.4,.github/workflows/build-and-deploy.yaml,1.0,1.0,0.9557522123893806,307,0.03257328990228013,0.06848446417247939,0.0,0.03551463334429464,0.9557522123893806,1,0.7,85,85.0,False,5cbf1c668d8efaab,1.0,github.tools.sap/Lenny/pipeline-fl-control-plane#55,False,0.0,disabled,0.0,,0.0,0,0.0,1.0,1.0,weak_local_llm_assisted_demo,0.7,0.9557522123893806,32,0.90625,1.0,55,https://github.tools.sap/Lenny/pipeline-fl-control-plane/pull/55,72,github.tools.sap/Lenny/pipeline-fl-control-plane,calibration,False,,no supported local structural parser,,0.0,0.0,yaml,0.9557522123893806,yaml_like
0.7142857142857143,same_file,0.42857142857142855,.github/workflows/build-and-deploy.yaml,1.0,1.0,1.0,307,0.02280130293159609,0.03616402970616726,1.0,0.018414995067412034,1.0,1,0.7142857142857143,75,75.0,False,5d250f8757a707a2,1.0,github.tools.sap/Lenny/pipeline-fl-control-plane#55,False,0.0,disabled,0.0,,0.0,0,0.0,1.0,1.0,weak_local_llm_assisted_demo,0.7142857142857143,1.0,20,1.0,1.0,55,https://github.tools.sap/Lenny/pipeline-fl-control-plane/pull/55,72,github.tools.sap/Lenny/pipeline-fl-control-plane,calibration,False,,no supported local structural parser,,0.0,0.0,yaml,1.0,yaml_like
0.6,same_file,0.4,.github/workflows/build-and-deploy.yaml,1.0,1.0,0.9661016949152542,307,0.016286644951140065,0.0721747388414055,0.0,0.03748766853008879,0.9661016949152542,1,0.8,78,78.0,False,30e228c77882a254,1.0,github.tools.sap/Lenny/pipeline-fl-control-plane#55,False,0.0,disabled,0.0,,0.0,0,0.0,1.0,1.0,weak_local_llm_assisted_demo,0.8,0.9661016949152542,23,0.8260869565217391,1.0,55,https://github.tools.sap/Lenny/pipeline-fl-control-plane/pull/55,72,github.tools.sap/Lenny/pipeline-fl-control-plane,calibration,False,,no supported local structural parser,,0.0,0.0,yaml,0.9661016949152542,yaml_like
0.3333333333333333,same_file,0.3333333333333333,.github/workflows/build-and-deploy.yaml,1.0,1.0,0.92,307,0.009771986970684038,0.029763830475574248,0.98,0.015126603091088459,0.92,1,0.3333333333333333,50,50.0,False,6d335ddaa5c1edfc,1.0,github.tools.sap/Lenny/pipeline-fl-control-plane#55,False,0.0,disabled,0.0,,0.0,0,0.0,1.0,1.0,weak_local_llm_assisted_demo,0.3333333333333333,0.92,13,0.6923076923076923,1.0,55,https://github.tools.sap/Lenny/pipeline-fl-control-plane/pull/55,72,github.tools.sap/Lenny/pipeline-fl-control-plane,calibration,False,,no supported local structural parser,,0.0,0.0,yaml,0.92,yaml_like
0.0,same_file,0.0,fl_control_plane/execution_engine/job_activity.py,1.0,1.0,0.7142857142857143,36,0.027777777777777776,0.05649717514124294,1.0,0.029411764705882353,0.7142857142857143,105,0.0,0,0.0,True,2f3a32c796b2a4f5,1.0,github.tools.sap/Lenny/pipeline-fl-control-plane#46,False,0.0,disabled,0.0,,0.0,0,0.0,1.0,1.0,weak_local_llm_assisted_demo,0.0,0.8571428571428571,3,0.3333333333333333,1.0,46,https://github.tools.sap/Lenny/pipeline-fl-control-plane/pull/46,100,github.tools.sap/Lenny/pipeline-fl-control-plane,train,True,python_ast,,python,1.0,1.0,python,0.8571428571428571,python
0.0,same_file,0.0,.pipeline/config.yml,0.6666666666666666,0.6666666666666666,0.16666666666666666,1,1.0,0.2,0.6666666666666666,0.25,0.16666666666666666,1,0.0,0,0.0,False,3758c8966ed3d924,1.0,github.tools.sap/Lenny/pipeline-fl-control-plane#46,False,0.0,disabled,0.0,,0.0,0,0.0,0.6666666666666666,0.6666666666666666,weak_local_llm_assisted_demo,0.0,0.16666666666666666,3,0.0,1.0,46,https://github.tools.sap/Lenny/pipeline-fl-control-plane/pull/46,0,github.tools.sap/Lenny/pipeline-fl-control-plane,train,False,,no supported local structural parser,,0.0,0.0,yaml,0.16666666666666666,yaml_like
0.0,same_file,0.0,chart/values.yaml,1.0,1.0,0.5,2,0.5,0.37499999999999994,0.8333333333333334,0.3,0.5,9,0.0,0,0.0,False,40bb560ab40aa615,1.0,github.tools.sap/Lenny/pipeline-fl-control-plane#46,False,0.0,disabled,0.0,,0.0,0,0.0,1.0,1.0,weak_local_llm_assisted_demo,0.0,0.8333333333333334,3,0.0,1.0,46,https://github.tools.sap/Lenny/pipeline-fl-control-plane/pull/46,76,github.tools.sap/Lenny/pipeline-fl-control-plane,train,False,,no supported local structural parser,,0.0,0.0,yaml,0.8333333333333334,yaml_like
0.5,same_file,0.5,fl_control_plane/execution_engine/dispatcher.py,1.0,0.9375,1.0,67,0.029850746268656716,0.05813953488372092,1.0,0.03,0.9375,110,1.0,100,100.0,False,adec60c8ff03ca67,1.0,github.tools.sap/Lenny/pipeline-fl-control-plane#46,False,0.0,disabled,0.0,,0.0,0,0.0,1.0,1.0,weak_local_llm_assisted_demo,1.0,1.0,6,0.8333333333333334,1.0,46,https://github.tools.sap/Lenny/pipeline-fl-control-plane/pull/46,100,github.tools.sap/Lenny/pipeline-fl-control-plane,train,True,python_ast,,python,1.0,1.0,python,1.0,python
1.0,same_file,1.0,engineering_agent/app/client_reporter.py,1.0,0.8461538461538461,1.0,120,0.008333333333333333,0.023182297154899896,1.0,0.011752136752136752,0.8461538461538461,20,1.0,100,100.0,True,0dd294cf3281077e,1.0,github.tools.sap/Lenny/pipeline-fl-control-plane#44,False,0.0,disabled,0.0,,0.0,0,0.0,1.0,0.8461538461538461,weak_local_llm_assisted_demo,1.0,1.0,4,0.5,1.0,44,https://github.tools.sap/Lenny/pipeline-fl-control-plane/pull/44,100,github.tools.sap/Lenny/pipeline-fl-control-plane,train,True,python_ast,,python,1.0,1.0,python,0.8461538461538461,python
1.0,same_file,1.0,engineering_agent/tests/test_client_reporter.py,1.0,1.0,1.0,161,0.006211180124223602,0.023454157782515993,1.0,0.011866235167206042,1.0,20,1.0,100,100.0,True,587dbceb539d8e0c,1.0,github.tools.sap/Lenny/pipeline-fl-control-plane#44,False,0.0,disabled,0.0,,0.0,0,0.0,1.0,1.0,weak_local_llm_assisted_demo,1.0,1.0,4,1.0,1.0,44,https://github.tools.sap/Lenny/pipeline-fl-control-plane/pull/44,100,github.tools.sap/Lenny/pipeline-fl-control-plane,train,True,python_ast,,python,1.0,1.0,python,1.0,python
1.0,same_file,1.0,engineering_agent/tests/test_client_reporter.py,1.0,1.0,1.0,161,0.006211180124223602,0.03184713375796178,1.0,0.016181229773462782,1.0,20,1.0,100,100.0,True,83ca6900e513b5eb,1.0,github.tools.sap/Lenny/pipeline-fl-control-plane#44,False,0.0,disabled,0.0,,0.0,0,0.0,1.0,1.0,weak_local_llm_assisted_demo,1.0,1.0,5,1.0,1.0,44,https://github.tools.sap/Lenny/pipeline-fl-control-plane/pull/44,100,github.tools.sap/Lenny/pipeline-fl-control-plane,train,True,python_ast,,python,1.0,1.0,python,1.0,python
0.5,same_file,0.5,fl_control_plane/pipeline_analyzer/analyzer.py,1.0,1.0,1.0,340,0.0058823529411764705,0.013633265167007498,1.0,0.0068634179821551134,1.0,49,1.0,100,100.0,False,37f93a76375dbcfa,1.0,github.tools.sap/Lenny/pipeline-fl-control-plane#27,False,0.0,disabled,0.0,,0.0,0,0.0,1.0,1.0,weak_local_llm_assisted_demo,1.0,1.0,4,1.0,1.0,27,https://github.tools.sap/Lenny/pipeline-fl-control-plane/pull/27,100,github.tools.sap/Lenny/pipeline-fl-control-plane,calibration,True,python_ast,,python,1.0,1.0,python,1.0,python
0.42857142857142855,same_file,0.42857142857142855,fl_control_plane/ai_hub.py,1.0,1.0,1.0,411,0.0170316301703163,0.028440366972477066,1.0,0.0144253140995812,1.0,47,0.7142857142857143,85,85.0,False,beed0d7e5463e30a,1.0,github.tools.sap/Lenny/pipeline-fl-control-plane#27,False,0.0,disabled,0.0,,0.0,0,0.0,1.0,1.0,weak_local_llm_assisted_demo,0.7142857142857143,1.0,12,1.0,1.0,27,https://github.tools.sap/Lenny/pipeline-fl-control-plane/pull/27,72,github.tools.sap/Lenny/pipeline-fl-control-plane,calibration,True,python_ast,,python,1.0,1.0,python,1.0,python
0.0,same_extension,0.2,fl_control_plane/ai_hub.py,1.0,1.0,0.7931034482758621,411,0.012165450121654502,0.021120293847566574,1.0,0.010702652396463471,0.7931034482758621,47,0.0,0,0.0,False,967398ee80658add,0.0,github.tools.sap/Lenny/pipeline-fl-control-plane#27,False,0.0,disabled,0.0,,0.0,0,0.0,0.0,0.0,weak_local_llm_assisted_demo,0.0,0.0,11,0.45454545454545453,1.0,27,https://github.tools.sap/Lenny/pipeline-fl-control-plane/pull/27,0,github.tools.sap/Lenny/pipeline-fl-control-plane,calibration,True,python_ast,,python,1.0,1.0,python,0.0,python
1.0,same_file,1.0,fl_control_plane/pipeline_analyzer/gates/wip_gate/wip_ai_prompts.py,1.0,1.0,1.0,118,0.05084745762711865,0.12863070539419086,1.0,0.06873614190687362,1.0,47,1.0,100,100.0,True,5047f4a93a3c25fe,1.0,github.tools.sap/Lenny/pipeline-fl-control-plane#27,False,0.0,disabled,0.0,,0.0,0,0.0,1.0,1.0,weak_local_llm_assisted_demo,1.0,1.0,9,1.0,1.0,27,https://github.tools.sap/Lenny/pipeline-fl-control-plane/pull/27,100,github.tools.sap/Lenny/pipeline-fl-control-plane,calibration,True,python_ast,,python,0.92,0.92,python,1.0,python
1.0,same_file,1.0,db/migrations/versions/0002_pipeline_analyzer.py,1.0,1.0,1.0,52,0.09615384615384616,0.07365439093484419,1.0,0.03823529411764706,1.0,47,1.0,100,100.0,True,7acd27bae7190c07,1.0,github.tools.sap/Lenny/pipeline-fl-control-plane#27,False,0.0,disabled,0.0,,0.0,0,0.0,1.0,1.0,weak_local_llm_assisted_demo,1.0,1.0,4,1.0,1.0,27,https://github.tools.sap/Lenny/pipeline-fl-control-plane/pull/27,100,github.tools.sap/Lenny/pipeline-fl-control-plane,calibration,True,python_ast,,python,1.0,1.0,python,1.0,python
1.0,same_file,1.0,db/migrations/versions/0002_pipeline_analyzer.py,1.0,1.0,1.0,52,0.019230769230769232,0.04597701149425288,1.0,0.023529411764705882,1.0,47,1.0,100,100.0,True,f7dcbe3fa6a98b0b,1.0,github.tools.sap/Lenny/pipeline-fl-control-plane#27,False,0.0,disabled,0.0,,0.0,0,0.0,1.0,1.0,weak_local_llm_assisted_demo,1.0,1.0,3,1.0,1.0,27,https://github.tools.sap/Lenny/pipeline-fl-control-plane/pull/27,100,github.tools.sap/Lenny/pipeline-fl-control-plane,calibration,True,python_ast,,python,1.0,1.0,python,1.0,python
0.0,anchor_overlap,0.0,openspec/changes/pipeline-analyzer/proposal.md,1.0,1.0,0.5555555555555556,158,0.006329113924050633,0.00531632110579479,1.0,0.002670940170940171,0.5555555555555556,2,0.0,0,0.0,False,a502c9b7291d53c7,0.0,github.tools.sap/Lenny/pipeline-fl-control-plane#27,False,0.0,disabled,0.0,,0.0,0,0.0,0.0,0.0,weak_local_llm_assisted_demo,0.0,0.0,5,0.4,1.0,27,https://github.tools.sap/Lenny/pipeline-fl-control-plane/pull/27,0,github.tools.sap/Lenny/pipeline-fl-control-plane,calibration,False,,no supported local structural parser,,0.0,0.0,text,0.0,pygments
0.0,same_extension,0.0,fl_control_plane/pipeline_analyzer/analyzer.py,1.0,1.0,0.9090909090909091,340,0.0058823529411764705,0.02704530087897228,0.9545454545454546,0.013726835964310227,0.9090909090909091,47,0.0,0,0.0,False,7809faae9b2a82ad,0.0,github.tools.sap/Lenny/pipeline-fl-control-plane#27,False,0.0,disabled,0.0,,0.0,0,0.0,0.0,0.0,weak_local_llm_assisted_demo,0.0,0.0,7,0.7142857142857143,1.0,27,https://github.tools.sap/Lenny/pipeline-fl-control-plane/pull/27,0,github.tools.sap/Lenny/pipeline-fl-control-plane,calibration,True,python_ast,,python,1.0,1.0,python,0.0,python
1.0,same_file,1.0,.claude/commands/deploy.md,1.0,1.0,1.0,77,0.18181818181818182,0.21197411003236244,1.0,0.11855203619909502,1.0,7,1.0,100,100.0,True,0241e68088ffcaf8,1.0,github.tools.sap/Lenny/pipeline-fl-control-plane#42,False,0.0,disabled,0.0,,0.0,0,0.0,1.0,1.0,weak_local_llm_assisted_demo,1.0,1.0,48,1.0,1.0,42,https://github.tools.sap/Lenny/pipeline-fl-control-plane/pull/42,100,github.tools.sap/Lenny/pipeline-fl-control-plane,calibration,False,,no supported local structural parser,,0.0,0.0,markdown,1.0,markdown
1.0,same_file,1.0,.claude/commands/deploy.md,1.0,1.0,1.0,77,0.012987012987012988,0.054577464788732405,1.0,0.028054298642533938,1.0,7,1.0,100,100.0,True,b49492f805f5b937,1.0,github.tools.sap/Lenny/pipeline-fl-control-plane#42,False,0.0,disabled,0.0,,0.0,0,0.0,1.0,1.0,weak_local_llm_assisted_demo,1.0,1.0,12,1.0,1.0,42,https://github.tools.sap/Lenny/pipeline-fl-control-plane/pull/42,100,github.tools.sap/Lenny/pipeline-fl-control-plane,calibration,False,,no supported local structural parser,,0.0,0.0,markdown,1.0,markdown
0.5714285714285714,same_file,0.42857142857142855,chart/values.yaml,1.0,1.0,1.0,10,0.7,0.6356589147286821,1.0,0.47126436781609193,0.9761904761904762,4,0.7142857142857143,50,50.0,False,7b3a01274417d1cc,1.0,github.tools.sap/Lenny/pipeline-fl-control-plane#42,False,0.0,disabled,0.0,,0.0,0,0.0,1.0,1.0,weak_local_llm_assisted_demo,0.7142857142857143,1.0,18,0.9444444444444444,1.0,42,https://github.tools.sap/Lenny/pipeline-fl-control-plane/pull/42,88,github.tools.sap/Lenny/pipeline-fl-control-plane,calibration,False,,no supported local structural parser,,0.0,0.0,yaml,0.9761904761904762,yaml_like
0.0,anchor_overlap,0.0,chart/templates/argocd-application.yaml,0.631578947368421,0.631578947368421,0.5263157894736842,43,0.16279069767441862,0.16853932584269662,0.631578947368421,0.10033444816053512,0.5263157894736842,2,0.0,0,0.0,False,4acc5cb179410225,0.0,github.tools.sap/Lenny/pipeline-fl-control-plane#42,False,0.0,disabled,0.0,,0.0,0,0.0,0.0,0.0,weak_local_llm_assisted_demo,0.0,0.0,11,0.45454545454545453,1.0,42,https://github.tools.sap/Lenny/pipeline-fl-control-plane/pull/42,0,github.tools.sap/Lenny/pipeline-fl-control-plane,calibration,False,,no supported local structural parser,,0.0,0.0,json,0.0,json
1.0,same_file,1.0,tests/hdlf_server/test_handler_results_router.py,1.0,1.0,1.0,455,0.002197802197802198,0.003188521323236349,1.0,0.0015968063872255488,1.0,132,1.0,100,100.0,True,b027aea1beded653,1.0,github.tools.sap/Lenny/pipeline-fl-control-plane#40,False,0.0,disabled,0.0,,0.0,0,0.0,1.0,1.0,weak_local_llm_assisted_demo,1.0,1.0,2,1.0,1.0,40,https://github.tools.sap/Lenny/pipeline-fl-control-plane/pull/40,100,github.tools.sap/Lenny/pipeline-fl-control-plane,development,True,python_ast,,python,1.0,1.0,python,1.0,python
1.0,same_file,1.0,fl_control_plane/handler_orchestrator/defaults_resolver.py,0.5,0.5,0.2692307692307692,123,0.016260162601626018,0.034999999999999996,0.5,0.01871657754010695,0.2692307692307692,131,1.0,100,100.0,True,5465cf4232987b41,1.0,github.tools.sap/Lenny/pipeline-fl-control-plane#40,False,0.0,disabled,0.0,,0.0,0,0.0,0.5,0.5,weak_local_llm_assisted_demo,1.0,0.2692307692307692,8,0.375,1.0,40,https://github.tools.sap/Lenny/pipeline-fl-control-plane/pull/40,100,github.tools.sap/Lenny/pipeline-fl-control-plane,development,False,python_ast,SyntaxError: invalid syntax,python,0.0,0.0,python,0.2692307692307692,python
1.0,same_file,1.0,hdlf_server/dependencies.py,1.0,1.0,1.0,23,0.043478260869565216,0.2170542635658915,1.0,0.12173913043478261,1.0,132,1.0,100,100.0,True,935b96ff75ebcc5c,1.0,github.tools.sap/Lenny/pipeline-fl-control-plane#40,False,0.0,disabled,0.0,,0.0,0,0.0,1.0,1.0,weak_local_llm_assisted_demo,1.0,1.0,5,1.0,1.0,40,https://github.tools.sap/Lenny/pipeline-fl-control-plane/pull/40,100,github.tools.sap/Lenny/pipeline-fl-control-plane,development,True,python_ast,,python,1.0,1.0,python,1.0,python
0.0,neighboring_same_file,0.0,hdlf_server/handler_results_router.py,0.8,0.8,0.6,2,0.2857142857142857,0.5217391304347826,0.6333333333333333,0.46153846153846156,0.6,8,0.0,0,0.0,False,5c7bcf50690be1de,1.0,github.tools.sap/Lenny/pipeline-fl-control-plane#41,False,0.0,disabled,0.0,,0.0,0,0.0,0.8,0.8,weak_local_llm_assisted_demo,0.0,0.6,13,0.5384615384615384,1.0,41,https://github.tools.sap/Lenny/pipeline-fl-control-plane/pull/41,61,github.tools.sap/Lenny/pipeline-fl-control-plane,development,True,python_ast,,python,0.4074074074074074,0.4074074074074074,python,0.6,python
0.0,same_file,0.0,CLAUDE.md,1.0,1.0,0.8125,7,0.14285714285714285,0.2765957446808511,0.9375,0.16666666666666666,0.8125,1,0.0,85,85.0,False,7b6f39fdbd3f6add,1.0,github.tools.sap/Lenny/pipeline-fl-control-plane#48,False,0.0,disabled,0.0,,0.0,0,0.0,1.0,1.0,weak_local_llm_assisted_demo,0.0,0.8125,29,0.7241379310344828,1.0,48,https://github.tools.sap/Lenny/pipeline-fl-control-plane/pull/48,82,github.tools.sap/Lenny/pipeline-fl-control-plane,train,False,,no supported local structural parser,,0.0,0.0,markdown,0.8125,markdown
0.0,same_file,0.0,docs/design/FL_Architecture_Design.md,1.0,1.0,0.5625,14,0.07142857142857142,0.027190332326283987,0.875,0.01393188854489164,0.5625,102,0.0,80,80.0,False,a7e2e55e827548e8,1.0,github.tools.sap/Lenny/pipeline-fl-control-plane#31,False,0.0,disabled,0.0,,0.0,0,0.0,1.0,1.0,weak_local_llm_assisted_demo,0.0,1.0,8,0.25,1.0,31,https://github.tools.sap/Lenny/pipeline-fl-control-plane/pull/31,0,github.tools.sap/Lenny/pipeline-fl-control-plane,train,False,,no supported local structural parser,,0.0,0.0,markdown,1.0,markdown
1.0,same_file,1.0,docs/design/FL_Architecture_Design.md,1.0,1.0,1.0,2,0.5,0.43750000000000006,1.0,0.28,1.0,102,1.0,100,100.0,True,565a4f1d93ac8656,1.0,github.tools.sap/Lenny/pipeline-fl-control-plane#31,False,0.0,disabled,0.0,,0.0,0,0.0,1.0,1.0,weak_local_llm_assisted_demo,1.0,1.0,16,1.0,1.0,31,https://github.tools.sap/Lenny/pipeline-fl-control-plane/pull/31,100,github.tools.sap/Lenny/pipeline-fl-control-plane,train,False,,no supported local structural parser,,0.0,0.0,markdown,1.0,markdown
1.0,same_file,1.0,docs/design/FL_Architecture_Design.md,1.0,1.0,1.0,11,0.09090909090909091,0.02120141342756184,1.0,0.010714285714285714,1.0,102,1.0,100,100.0,True,d1ae2ff7d6a770ce,1.0,github.tools.sap/Lenny/pipeline-fl-control-plane#31,False,0.0,disabled,0.0,,0.0,0,0.0,1.0,1.0,weak_local_llm_assisted_demo,1.0,1.0,2,1.0,1.0,31,https://github.tools.sap/Lenny/pipeline-fl-control-plane/pull/31,100,github.tools.sap/Lenny/pipeline-fl-control-plane,train,False,,no supported local structural parser,,0.0,0.0,markdown,1.0,markdown
0.0,neighboring_same_file,0.0,docs/design/FL_Architecture_Design.md,1.0,0.9583333333333334,0.5,16,0.0625,0.027672955974842765,1.0,0.014267185473411154,0.4583333333333333,102,0.0,0,0.0,False,208bb11d40a15a9a,1.0,github.tools.sap/Lenny/pipeline-fl-control-plane#31,False,0.0,disabled,0.0,,0.0,0,0.0,1.0,0.9583333333333334,weak_local_llm_assisted_demo,0.0,0.8333333333333334,14,0.14285714285714285,1.0,31,https://github.tools.sap/Lenny/pipeline-fl-control-plane/pull/31,0,github.tools.sap/Lenny/pipeline-fl-control-plane,train,False,,no supported local structural parser,,0.0,0.0,markdown,0.7916666666666666,markdown
0.0,same_file,0.0,fl_control_plane/execution_engine/dispatcher.py,1.0,0.9411764705882353,1.0,16,0.125,0.27350427350427353,0.9705882352941176,0.16,0.9411764705882353,186,0.0,85,85.0,False,3d790c9ce9f5b0cb,1.0,github.tools.sap/Lenny/pipeline-fl-control-plane#37,False,0.0,disabled,0.0,,0.0,0,0.0,1.0,0.8823529411764706,weak_local_llm_assisted_demo,0.0,1.0,14,1.0,1.0,37,https://github.tools.sap/Lenny/pipeline-fl-control-plane/pull/37,82,github.tools.sap/Lenny/pipeline-fl-control-plane,development,True,python_ast,,python,1.0,1.0,python,0.8823529411764706,python
0.0,same_extension,0.0,fl_control_plane/data_extractor/capture_plan.py,1.0,1.0,0.5789473684210527,11,0.09090909090909091,0.14666666666666667,0.8421052631578947,0.08396946564885496,0.5789473684210527,182,0.0,0,0.0,False,fc84bd3b0d7427a5,1.0,github.tools.sap/Lenny/pipeline-fl-control-plane#37,False,0.0,disabled,0.0,,0.0,0,0.0,0.8947368421052632,0.8947368421052632,weak_local_llm_assisted_demo,0.0,0.5789473684210527,6,0.0,1.0,37,https://github.tools.sap/Lenny/pipeline-fl-control-plane/pull/37,0,github.tools.sap/Lenny/pipeline-fl-control-plane,development,True,python_ast,,python,1.0,1.0,python,0.5789473684210527,python
1.0,same_file,1.0,.pipeline/config.yml,1.0,1.0,1.0,1,1.0,1.0,1.0,1.0,1.0,5,1.0,100,100.0,True,f97b1ebc7edea2de,1.0,github.tools.sap/Lenny/pipeline-fl-control-plane#37,False,0.0,disabled,0.0,,0.0,0,0.0,1.0,1.0,weak_local_llm_assisted_demo,1.0,1.0,3,1.0,1.0,37,https://github.tools.sap/Lenny/pipeline-fl-control-plane/pull/37,100,github.tools.sap/Lenny/pipeline-fl-control-plane,development,False,,no supported local structural parser,,0.0,0.0,yaml,1.0,yaml_like
0.0,same_extension,0.07692307692307693,fl_shared/utils/github_client.py,0.9830508474576272,0.9830508474576272,0.6440677966101694,396,0.03282828282828283,0.028106508875739643,0.9661016949152542,0.014366729678638942,0.6440677966101694,21,0.0,0,0.0,False,a73f348566a7301b,0.0,github.tools.sap/Lenny/pipeline-fl-control-plane#30,False,0.0,disabled,0.0,,0.0,0,0.0,0.0,0.0,weak_local_llm_assisted_demo,0.0,0.0,22,0.09090909090909091,1.0,30,https://github.tools.sap/Lenny/pipeline-fl-control-plane/pull/30,0,github.tools.sap/Lenny/pipeline-fl-control-plane,train,True,python_ast,,python,0.9772727272727273,0.9772727272727273,python,0.0,python
0.5,same_file,0.25,fl_control_plane/finalizer_dispatcher/activity.py,0.96875,0.96875,0.90625,51,0.1568627450980392,0.2338709677419355,0.9375,0.13425925925925927,0.90625,22,0.5,44,44.0,False,11fb43381f24dbf8,1.0,github.tools.sap/Lenny/pipeline-fl-control-plane#30,False,0.0,disabled,0.0,,0.0,0,0.0,0.96875,0.96875,weak_local_llm_assisted_demo,0.5,0.90625,10,0.8,1.0,30,https://github.tools.sap/Lenny/pipeline-fl-control-plane/pull/30,55,github.tools.sap/Lenny/pipeline-fl-control-plane,train,True,python_ast,,python,0.967741935483871,0.967741935483871,python,0.90625,python
0.0,same_file,0.0,fl_control_plane/finalizer_dispatcher/activity.py,1.0,1.0,1.0,51,0.0196078431372549,0.08849557522123894,1.0,0.046296296296296294,1.0,21,0.0,80,80.0,False,15c1b0b59796da0e,1.0,github.tools.sap/Lenny/pipeline-fl-control-plane#30,False,0.0,disabled,0.0,,0.0,0,0.0,1.0,1.0,weak_local_llm_assisted_demo,0.0,1.0,5,1.0,1.0,30,https://github.tools.sap/Lenny/pipeline-fl-control-plane/pull/30,72,github.tools.sap/Lenny/pipeline-fl-control-plane,train,True,python_ast,,python,1.0,1.0,python,1.0,python
0.0,same_extension,0.0,fl_control_plane/finalizer_dispatcher/selector.py,0.9473684210526315,0.8947368421052632,0.6842105263157895,83,0.012048192771084338,0.05811138014527845,0.9473684210526315,0.030456852791878174,0.631578947368421,21,0.0,0,0.0,False,3030a31d1c73c404,1.0,github.tools.sap/Lenny/pipeline-fl-control-plane#30,False,0.0,disabled,0.0,,0.0,0,0.0,0.7368421052631579,0.6842105263157895,weak_local_llm_assisted_demo,0.0,0.47368421052631576,6,0.0,1.0,30,https://github.tools.sap/Lenny/pipeline-fl-control-plane/pull/30,0,github.tools.sap/Lenny/pipeline-fl-control-plane,train,True,python_ast,,python,1.0,1.0,python,0.42105263157894735,python
0.0,same_extension,0.0,fl_control_plane/finalizer_dispatcher/selector.py,0.9,0.85,0.65,83,0.012048192771084338,0.05797101449275363,0.9,0.030456852791878174,0.6,21,0.0,0,0.0,False,299ea557f28dac75,1.0,github.tools.sap/Lenny/pipeline-fl-control-plane#30,False,0.0,disabled,0.0,,0.0,0,0.0,0.75,0.7,weak_local_llm_assisted_demo,0.0,0.5,6,0.0,1.0,30,https://github.tools.sap/Lenny/pipeline-fl-control-plane/pull/30,0,github.tools.sap/Lenny/pipeline-fl-control-plane,train,True,python_ast,,python,0.8666666666666667,0.8666666666666667,python,0.45,python
0.0,same_extension,0.0,fl_control_plane/finalizer_dispatcher/selector.py,0.9,0.85,0.65,83,0.012048192771084338,0.05797101449275363,0.9,0.030456852791878174,0.6,21,0.0,0,0.0,False,fe386ba1f05612e6,1.0,github.tools.sap/Lenny/pipeline-fl-control-plane#30,False,0.0,disabled,0.0,,0.0,0,0.0,0.75,0.7,weak_local_llm_assisted_demo,0.0,0.5,6,0.0,1.0,30,https://github.tools.sap/Lenny/pipeline-fl-control-plane/pull/30,0,github.tools.sap/Lenny/pipeline-fl-control-plane,train,True,python_ast,,python,0.8666666666666667,0.8666666666666667,python,0.45,python
0.0,same_file,0.0,fl_control_plane/finalizer_dispatcher/activity.py,1.0,1.0,0.4,51,0.0196078431372549,0.01809954751131222,1.0,0.009259259259259259,0.4,21,0.0,0,0.0,False,0d66f530d93a05a5,1.0,github.tools.sap/Lenny/pipeline-fl-control-plane#30,False,0.0,disabled,0.0,,0.0,0,0.0,1.0,1.0,weak_local_llm_assisted_demo,0.0,0.4,3,0.0,1.0,30,https://github.tools.sap/Lenny/pipeline-fl-control-plane/pull/30,0,github.tools.sap/Lenny/pipeline-fl-control-plane,train,True,python_ast,,python,1.0,1.0,python,0.4,python
1.0,same_file,1.0,fl_mcp_servers/settings.py,1.0,1.0,1.0,70,0.014285714285714285,0.04402515723270441,1.0,0.022508038585209004,1.0,81,1.0,100,100.0,True,84af76253b87c5fb,1.0,github.tools.sap/Lenny/pipeline-fl-control-plane#36,False,0.0,disabled,0.0,,0.0,0,0.0,1.0,1.0,weak_local_llm_assisted_demo,1.0,1.0,2,1.0,1.0,36,https://github.tools.sap/Lenny/pipeline-fl-control-plane/pull/36,100,github.tools.sap/Lenny/pipeline-fl-control-plane,train,True,python_ast,,python,1.0,1.0,python,1.0,python
0.25,same_extension,0.0,fl_control_plane/inspection_results_repository/inspection_results_repository_hdlf.py,1.0,1.0,0.75,332,0.012048192771084338,0.023688663282571912,1.0,0.012034383954154728,0.75,104,0.25,50,50.0,False,93a3be7230776f49,1.0,github.tools.sap/Lenny/pipeline-fl-control-plane#36,False,0.0,disabled,0.0,,0.0,0,0.0,0.9642857142857143,0.9642857142857143,weak_local_llm_assisted_demo,0.25,0.8928571428571429,11,0.36363636363636365,1.0,36,https://github.tools.sap/Lenny/pipeline-fl-control-plane/pull/36,55,github.tools.sap/Lenny/pipeline-fl-control-plane,train,True,python_ast,,python,1.0,1.0,python,0.8928571428571429,python
0.0,anchor_overlap,0.0,docs/testing/handler_controller/DeploymentGuide.md,1.0,1.0,1.0,219,0.0045662100456621,0.005345211581291759,1.0,0.0026797677534613666,1.0,43,0.0,0,0.0,False,adb92b3306c33a5e,1.0,github.tools.sap/Lenny/pipeline-fl-control-plane#25,False,0.0,disabled,0.0,,0.0,0,0.0,1.0,1.0,weak_local_llm_assisted_demo,0.0,0.6666666666666666,3,1.0,1.0,25,https://github.tools.sap/Lenny/pipeline-fl-control-plane/pull/25,72,github.tools.sap/Lenny/pipeline-fl-control-plane,train,False,,no supported local structural parser,,0.0,0.0,yaml,0.6666666666666666,yaml_like
0.0,anchor_overlap,0.0,chart/crds/faulthandler.yaml,0.7692307692307693,0.7692307692307693,0.5384615384615384,264,0.003787878787878788,0.010518407212622089,0.6923076923076923,0.005311077389984826,0.5384615384615384,47,0.0,0,0.0,False,061379cb4f387d33,1.0,github.tools.sap/Lenny/pipeline-fl-control-plane#25,False,0.0,disabled,0.0,,0.0,0,0.0,0.6153846153846154,0.6153846153846154,weak_local_llm_assisted_demo,0.0,0.3076923076923077,1,1.0,1.0,25,https://github.tools.sap/Lenny/pipeline-fl-control-plane/pull/25,72,github.tools.sap/Lenny/pipeline-fl-control-plane,train,True,python_ast,,python,1.0,1.0,python,0.3076923076923077,python
0.3333333333333333,same_extension,0.1111111111111111,handler_controller/reconciler.py,1.0,0.9056603773584906,0.7924528301886793,553,0.0162748643761302,0.023771281721811758,1.0,0.012091503267973857,0.6981132075471698,42,0.3333333333333333,100,100.0,False,35c1cb69b0ac88d4,1.0,github.tools.sap/Lenny/pipeline-fl-control-plane#25,False,0.0,disabled,0.0,,0.0,0,0.0,0.9056603773584906,0.8679245283018868,weak_local_llm_assisted_demo,0.3333333333333333,0.7547169811320755,17,0.17647058823529413,1.0,25,https://github.tools.sap/Lenny/pipeline-fl-control-plane/pull/25,55,github.tools.sap/Lenny/pipeline-fl-control-plane,train,True,python_ast,,python,1.0,1.0,python,0.7169811320754716,python
0.0,same_file,0.0,handler_controller/reconciler.py,1.0,0.9642857142857143,0.8928571428571429,553,0.003616636528028933,0.015544041450777202,1.0,0.00784313725490196,0.8571428571428571,42,0.0,45,45.0,False,e69ac2ae1cdb0772,1.0,github.tools.sap/Lenny/pipeline-fl-control-plane#25,False,0.0,disabled,0.0,,0.0,0,0.0,1.0,0.9642857142857143,weak_local_llm_assisted_demo,0.0,0.8928571428571429,14,0.7142857142857143,1.0,25,https://github.tools.sap/Lenny/pipeline-fl-control-plane/pull/25,72,github.tools.sap/Lenny/pipeline-fl-control-plane,train,True,python_ast,,python,1.0,1.0,python,0.8571428571428571,python
0.0,same_extension,0.2,engineering_agent/app/agent_task_runner.py,1.0,1.0,0.9473684210526315,94,0.05319148936170213,0.07692307692307694,0.8947368421052632,0.0400890868596882,0.9473684210526315,7,0.0,21,21.0,False,9e2e5cbadb741394,0.0,github.tools.sap/Lenny/pipeline-fl-control-plane#22,False,0.0,disabled,0.0,,0.0,0,0.0,0.0,0.0,weak_local_llm_assisted_demo,0.0,0.0,7,0.8571428571428571,1.0,22,https://github.tools.sap/Lenny/pipeline-fl-control-plane/pull/22,0,github.tools.sap/Lenny/pipeline-fl-control-plane,development,True,python_ast,,python,1.0,1.0,python,0.0,python
0.0,same_extension,0.0,engineering_agent/app/agent_task_runner.py,0.9743589743589743,0.9487179487179487,0.7692307692307693,94,0.0425531914893617,0.11885245901639345,0.8717948717948718,0.0645879732739421,0.7435897435897436,7,0.0,0,0.0,False,cc46dd7ba5dda297,0.0,github.tools.sap/Lenny/pipeline-fl-control-plane#22,False,0.0,disabled,0.0,,0.0,0,0.0,0.0,0.0,weak_local_llm_assisted_demo,0.0,0.0,13,0.3076923076923077,1.0,22,https://github.tools.sap/Lenny/pipeline-fl-control-plane/pull/22,0,github.tools.sap/Lenny/pipeline-fl-control-plane,development,True,python_ast,,python,0.9666666666666667,0.9666666666666667,python,0.0,python
0.6,same_file,0.6,engineering_agent/app/models.py,1.0,1.0,0.9428571428571428,82,0.06097560975609756,0.2784810126582279,1.0,0.16336633663366337,0.9428571428571428,8,0.6,82,82.0,False,aba434dc48e60fd7,1.0,github.tools.sap/Lenny/pipeline-fl-control-plane#22,False,0.0,disabled,0.0,,0.0,0,0.0,1.0,1.0,weak_local_llm_assisted_demo,0.6,0.9428571428571428,10,0.8,1.0,22,https://github.tools.sap/Lenny/pipeline-fl-control-plane/pull/22,88,github.tools.sap/Lenny/pipeline-fl-control-plane,development,True,python_ast,,python,1.0,1.0,python,0.9428571428571428,python
0.0,same_extension,0.14285714285714285,engineering_agent/app/agent_task_runner.py,0.9803921568627451,0.9607843137254902,0.9019607843137255,94,0.07446808510638298,0.18,0.9803921568627451,0.10022271714922049,0.8823529411764706,7,0.0,20,20.0,False,a35c44279c5e4e87,0.0,github.tools.sap/Lenny/pipeline-fl-control-plane#22,False,0.0,disabled,0.0,,0.0,0,0.0,0.0,0.0,weak_local_llm_assisted_demo,0.0,0.0,23,0.782608695652174,1.0,22,https://github.tools.sap/Lenny/pipeline-fl-control-plane/pull/22,0,github.tools.sap/Lenny/pipeline-fl-control-plane,development,True,python_ast,,python,1.0,1.0,python,0.0,python
1.0,same_file,1.0,engineering_agent/pyproject.toml,1.0,1.0,1.0,47,0.02127659574468085,0.03562340966921119,1.0,0.018134715025906734,1.0,1,1.0,100,100.0,True,79796e12c350d103,1.0,github.tools.sap/Lenny/pipeline-fl-control-plane#22,False,0.0,disabled,0.0,,0.0,0,0.0,1.0,1.0,weak_local_llm_assisted_demo,1.0,1.0,3,1.0,1.0,22,https://github.tools.sap/Lenny/pipeline-fl-control-plane/pull/22,100,github.tools.sap/Lenny/pipeline-fl-control-plane,development,False,,no supported local structural parser,,0.0,0.0,toml,1.0,pygments
1.0,same_file,1.0,.claude/commands/deploy.md,1.0,1.0,1.0,478,0.010460251046025104,0.02339413164155432,0.0,0.011835506519558676,1.0,4,1.0,100,100.0,True,8b93be38df67daf2,1.0,github.tools.sap/Lenny/pipeline-fl-control-plane#34,False,0.0,disabled,0.0,,0.0,0,0.0,1.0,1.0,weak_local_llm_assisted_demo,1.0,1.0,18,1.0,1.0,34,https://github.tools.sap/Lenny/pipeline-fl-control-plane/pull/34,100,github.tools.sap/Lenny/pipeline-fl-control-plane,train,False,,no supported local structural parser,,0.0,0.0,markdown,1.0,markdown
1.0,same_file,1.0,.claude/commands/deploy.md,1.0,1.0,1.0,478,0.0041841004184100415,0.013944223107569723,1.0,0.007021063189568706,1.0,4,1.0,100,100.0,True,549b2e28bcc48aef,1.0,github.tools.sap/Lenny/pipeline-fl-control-plane#34,False,0.0,disabled,0.0,,0.0,0,0.0,1.0,1.0,weak_local_llm_assisted_demo,1.0,1.0,13,1.0,1.0,34,https://github.tools.sap/Lenny/pipeline-fl-control-plane/pull/34,100,github.tools.sap/Lenny/pipeline-fl-control-plane,train,False,,no supported local structural parser,,0.0,0.0,markdown,1.0,markdown
0.8,same_file,0.4,.claude/commands/deploy.md,1.0,1.0,1.0,478,0.010460251046025104,0.02652414885193983,0.0,0.013440320962888667,1.0,4,0.8,81,81.0,False,31d372ebc5f8ee66,1.0,github.tools.sap/Lenny/pipeline-fl-control-plane#34,False,0.0,disabled,0.0,,0.0,0,0.0,1.0,1.0,weak_local_llm_assisted_demo,0.8,1.0,24,1.0,1.0,34,https://github.tools.sap/Lenny/pipeline-fl-control-plane/pull/34,72,github.tools.sap/Lenny/pipeline-fl-control-plane,train,False,,no supported local structural parser,,0.0,0.0,markdown,1.0,markdown
0.0,same_extension,0.0,fl_control_plane/execution_engine/local_testing/stage_error.txt,1.0,1.0,0.5,981,0.0010193679918450561,0.0005429618569295507,1.0,0.00027162841233192993,0.5,1,0.0,0,0.0,False,cbed4324a4dbb805,0.0,github.tools.sap/Lenny/pipeline-fl-control-plane#11,False,0.0,disabled,0.0,,0.0,0,0.0,0.0,0.0,weak_local_llm_assisted_demo,0.0,0.0,6,0.3333333333333333,1.0,11,https://github.tools.sap/Lenny/pipeline-fl-control-plane/pull/11,0,github.tools.sap/Lenny/pipeline-fl-control-plane,train,False,,no supported local structural parser,,0.0,0.0,text,0.0,regex
0.0,same_extension,0.16666666666666666,fl_control_plane/execution_engine/dispatcher.py,1.0,0.975609756097561,0.8048780487804879,252,0.023809523809523808,0.04289544235924933,0.975609756097561,0.022053756030323914,0.7804878048780488,7,0.0,50,50.0,False,e8c2148265c37a1a,0.0,github.tools.sap/Lenny/pipeline-fl-control-plane#11,False,0.0,disabled,0.0,,0.0,0,0.0,0.0,0.0,weak_local_llm_assisted_demo,0.0,0.0,16,0.5625,1.0,11,https://github.tools.sap/Lenny/pipeline-fl-control-plane/pull/11,0,github.tools.sap/Lenny/pipeline-fl-control-plane,train,True,python_ast,,python,1.0,1.0,python,0.0,python
0.0,same_extension,0.125,fl_control_plane/execution_engine/local_testing/dev.sh,0.9703703703703703,0.9703703703703703,0.7925925925925926,46,0.17391304347826086,0.44398340248962664,0.8222222222222222,0.30835734870317005,0.7925925925925926,2,0.0,75,75.0,False,9acd83a3179af89c,0.0,github.tools.sap/Lenny/pipeline-fl-control-plane#11,False,0.0,disabled,0.0,,0.0,0,0.0,0.0,0.0,weak_local_llm_assisted_demo,0.0,0.0,39,0.4358974358974359,1.0,11,https://github.tools.sap/Lenny/pipeline-fl-control-plane/pull/11,0,github.tools.sap/Lenny/pipeline-fl-control-plane,train,False,,no supported local structural parser,,0.0,0.0,shell,0.0,pygments
0.0,same_extension,0.25,fl_control_plane/execution_engine/local_testing/dev.sh,1.0,1.0,0.9736842105263158,46,0.08695652173913043,0.1922077922077922,1.0,0.10662824207492795,0.9736842105263158,2,0.0,80,80.0,False,ae69170058770e3e,0.0,github.tools.sap/Lenny/pipeline-fl-control-plane#11,False,0.0,disabled,0.0,,0.0,0,0.0,0.0,0.0,weak_local_llm_assisted_demo,0.0,0.0,11,0.9090909090909091,1.0,11,https://github.tools.sap/Lenny/pipeline-fl-control-plane/pull/11,0,github.tools.sap/Lenny/pipeline-fl-control-plane,train,False,,no supported local structural parser,,0.0,0.0,shell,0.0,pygments
0.0,anchor_overlap,0.0,fl_control_plane/execution_engine/local_testing/stage_error.txt,1.0,1.0,0.8125,981,0.0020387359836901123,0.001763668430335097,1.0,0.0008827923400787722,0.8125,4,0.0,0,0.0,False,343d1f0a1d4ba6e0,0.0,github.tools.sap/Lenny/pipeline-fl-control-plane#11,False,0.0,disabled,0.0,,0.0,0,0.0,0.0,0.0,weak_local_llm_assisted_demo,0.0,0.0,5,0.4,1.0,11,https://github.tools.sap/Lenny/pipeline-fl-control-plane/pull/11,0,github.tools.sap/Lenny/pipeline-fl-control-plane,train,False,,no supported local structural parser,,0.0,0.0,toml,0.0,pygments
0.0,same_extension,0.125,tests/execution_engine/test_dispatcher.py,1.0,0.9701492537313433,0.8955223880597015,165,0.048484848484848485,0.08923076923076924,0.9850746268656716,0.047039740470397405,0.8656716417910447,6,0.0,80,80.0,False,cc01474cfd506fc3,0.0,github.tools.sap/Lenny/pipeline-fl-control-plane#11,False,0.0,disabled,0.0,,0.0,0,0.0,0.0,0.0,weak_local_llm_assisted_demo,0.0,0.0,28,0.75,1.0,11,https://github.tools.sap/Lenny/pipeline-fl-control-plane/pull/11,0,github.tools.sap/Lenny/pipeline-fl-control-plane,train,True,python_ast,,python,1.0,1.0,python,0.0,python
0.4782608695652174,same_file,0.17391304347826086,fl_control_plane/handler_orchestrator/models.py,0.984375,0.96875,0.859375,73,0.3150684931506849,0.3450479233226837,0.921875,0.21686746987951808,0.84375,10,0.5652173913043478,75,75.0,False,a7c98d5952d77457,1.0,github.tools.sap/Lenny/pipeline-fl-control-plane#33,False,0.0,disabled,0.0,,0.0,0,0.0,0.984375,0.96875,weak_local_llm_assisted_demo,0.5652173913043478,0.859375,28,0.6785714285714286,1.0,33,https://github.tools.sap/Lenny/pipeline-fl-control-plane/pull/33,55,github.tools.sap/Lenny/pipeline-fl-control-plane,calibration,True,python_ast,,python,0.9655172413793104,0.9655172413793104,python,0.84375,python
0.4594594594594595,same_file,0.3783783783783784,fl_control_plane/handler_orchestrator/orchestrator.py,1.0,1.0,0.9368421052631579,205,0.18048780487804877,0.28434504792332266,0.9263157894736842,0.16760828625235405,0.9368421052631579,10,0.5862068965517241,75,75.0,False,ce43057fa5a331cf,1.0,github.tools.sap/Lenny/pipeline-fl-control-plane#33,False,0.0,disabled,0.0,,0.0,0,0.0,1.0,1.0,weak_local_llm_assisted_demo,0.6486486486486487,0.9368421052631579,82,0.8536585365853658,1.0,33,https://github.tools.sap/Lenny/pipeline-fl-control-plane/pull/33,82,github.tools.sap/Lenny/pipeline-fl-control-plane,calibration,True,python_ast,,python,1.0,1.0,python,0.9368421052631579,python
0.4,same_file,0.4,fl_control_plane/handler_orchestrator/orchestrator.py,1.0,1.0,1.0,205,0.024390243902439025,0.0223463687150838,1.0,0.011299435028248588,1.0,10,0.6,50,50.0,False,6919f9e070f24901,1.0,github.tools.sap/Lenny/pipeline-fl-control-plane#33,False,0.0,disabled,0.0,,0.0,0,0.0,1.0,1.0,weak_local_llm_assisted_demo,0.6,1.0,4,1.0,1.0,33,https://github.tools.sap/Lenny/pipeline-fl-control-plane/pull/33,72,github.tools.sap/Lenny/pipeline-fl-control-plane,calibration,True,python_ast,,python,1.0,1.0,python,1.0,python
0.0,same_extension,0.5357142857142857,fl_shared/hdlf_client/client.py,0.9929577464788732,0.9929577464788732,0.9859154929577465,146,0.1917808219178082,0.4294478527607362,0.9788732394366197,0.27450980392156865,0.9859154929577465,32,0.0,100,100.0,False,8adfeceaeb2c0745,0.0,github.tools.sap/Lenny/pipeline-fl-control-plane#29,False,0.0,disabled,0.0,,0.0,0,0.0,0.0,0.0,weak_local_llm_assisted_demo,0.0,0.0,44,0.9772727272727273,1.0,29,https://github.tools.sap/Lenny/pipeline-fl-control-plane/pull/29,0,github.tools.sap/Lenny/pipeline-fl-control-plane,development,True,python_ast,,python,1.0,1.0,python,0.0,python
0.0,same_extension,1.0,hdlf_server/dependencies.py,1.0,1.0,1.0,66,0.21212121212121213,0.47517730496453897,1.0,0.3116279069767442,1.0,32,0.0,100,100.0,False,f28e825a055f9764,0.0,github.tools.sap/Lenny/pipeline-fl-control-plane#29,False,0.0,disabled,0.0,,0.0,0,0.0,0.0,0.0,weak_local_llm_assisted_demo,0.0,0.0,30,1.0,1.0,29,https://github.tools.sap/Lenny/pipeline-fl-control-plane/pull/29,0,github.tools.sap/Lenny/pipeline-fl-control-plane,development,True,python_ast,,python,1.0,1.0,python,0.0,python
0.0,same_extension,0.42857142857142855,hdlf_server/router.py,1.0,1.0,0.972972972972973,391,0.017902813299232736,0.03997779011660188,1.0,0.02040816326530612,0.972972972972973,32,0.0,85,85.0,False,a5eb85431f39cf72,0.0,github.tools.sap/Lenny/pipeline-fl-control-plane#29,False,0.0,disabled,0.0,,0.0,0,0.0,0.0,0.0,weak_local_llm_assisted_demo,0.0,0.0,14,0.9285714285714286,1.0,29,https://github.tools.sap/Lenny/pipeline-fl-control-plane/pull/29,0,github.tools.sap/Lenny/pipeline-fl-control-plane,development,False,python_ast,SyntaxError: expected an indented block after function definition on line 2,python,0.0,0.0,python,0.0,python
0.0,same_extension,1.0,hdlf_server/router.py,1.0,1.0,1.0,391,0.015345268542199489,0.05082872928176795,1.0,0.026077097505668934,1.0,32,0.0,100,100.0,False,18d40843657bacde,0.0,github.tools.sap/Lenny/pipeline-fl-control-plane#29,False,0.0,disabled,0.0,,0.0,0,0.0,0.0,0.0,weak_local_llm_assisted_demo,0.0,0.0,17,1.0,1.0,29,https://github.tools.sap/Lenny/pipeline-fl-control-plane/pull/29,0,github.tools.sap/Lenny/pipeline-fl-control-plane,development,False,python_ast,SyntaxError: expected an indented block after function definition on line 2,python,0.0,0.0,python,0.0,python
0.0,same_extension,0.0,hdlf_server/__init__.py,1.0,1.0,0.5,41,0.04878048780487805,0.16161616161616163,1.0,0.0963855421686747,0.5,32,0.0,75,75.0,False,60f1080eb9cd452f,0.0,github.tools.sap/Lenny/pipeline-fl-control-plane#29,False,0.0,disabled,0.0,,0.0,0,0.0,0.0,0.0,weak_local_llm_assisted_demo,0.0,0.0,8,0.0,1.0,29,https://github.tools.sap/Lenny/pipeline-fl-control-plane/pull/29,0,github.tools.sap/Lenny/pipeline-fl-control-plane,development,True,python_ast,,python,1.0,1.0,python,0.0,python
0.0,same_extension,0.16666666666666666,hdlf_server/reader.py,1.0,1.0,0.9534883720930233,403,0.01488833746898263,0.04,1.0,0.02042850024912805,0.9534883720930233,32,0.0,75,75.0,False,2c1256077df74d34,0.0,github.tools.sap/Lenny/pipeline-fl-control-plane#29,False,0.0,disabled,0.0,,0.0,0,0.0,0.0,0.0,weak_local_llm_assisted_demo,0.0,0.0,18,0.8888888888888888,1.0,29,https://github.tools.sap/Lenny/pipeline-fl-control-plane/pull/29,0,github.tools.sap/Lenny/pipeline-fl-control-plane,development,True,python_ast,,python,1.0,1.0,python,0.0,python
0.0,same_file,0.0,fl_control_plane/execution_contracts.py,1.0,1.0,0.7692307692307693,61,0.03278688524590164,0.27210884353741494,0.9230769230769231,0.1652892561983471,0.7692307692307693,1,0.0,80,80.0,False,dc3ebf51fa21a70a,1.0,github.tools.sap/Lenny/pipeline-fl-control-plane#35,False,0.0,disabled,0.0,,0.0,0,0.0,1.0,1.0,weak_local_llm_assisted_demo,0.0,0.7692307692307693,12,0.5,1.0,35,https://github.tools.sap/Lenny/pipeline-fl-control-plane/pull/35,72,github.tools.sap/Lenny/pipeline-fl-control-plane,train,True,python_ast,,python,0.9473684210526315,0.9473684210526315,python,0.7692307692307693,python
1.0,same_file,1.0,fl_control_plane/execution_contracts.py,1.0,1.0,1.0,61,0.01639344262295082,0.15267175572519084,1.0,0.08264462809917356,1.0,1,1.0,100,100.0,True,1fa6db9950932879,1.0,github.tools.sap/Lenny/pipeline-fl-control-plane#35,False,0.0,disabled,0.0,,0.0,0,0.0,1.0,1.0,weak_local_llm_assisted_demo,1.0,1.0,5,1.0,1.0,35,https://github.tools.sap/Lenny/pipeline-fl-control-plane/pull/35,100,github.tools.sap/Lenny/pipeline-fl-control-plane,train,True,python_ast,,python,1.0,1.0,python,1.0,python
0.0,same_file,0.0,fl_control_plane/execution_contracts.py,1.0,1.0,0.8,61,0.01639344262295082,0.12213740458015268,1.0,0.06611570247933884,0.8,1,0.0,80,80.0,False,8fd18627fdc24413,1.0,github.tools.sap/Lenny/pipeline-fl-control-plane#35,False,0.0,disabled,0.0,,0.0,0,0.0,1.0,1.0,weak_local_llm_assisted_demo,0.0,0.8,5,0.6,1.0,35,https://github.tools.sap/Lenny/pipeline-fl-control-plane/pull/35,72,github.tools.sap/Lenny/pipeline-fl-control-plane,train,True,python_ast,,python,1.0,1.0,python,0.8,python
0.0,same_file,0.0,fl_control_plane/execution_contracts.py,1.0,1.0,0.8,61,0.03278688524590164,0.2269503546099291,1.0,0.1322314049586777,0.8,1,0.0,80,80.0,False,7fb902d95f6bc56c,1.0,github.tools.sap/Lenny/pipeline-fl-control-plane#35,False,0.0,disabled,0.0,,0.0,0,0.0,1.0,1.0,weak_local_llm_assisted_demo,0.0,0.8,10,0.6,1.0,35,https://github.tools.sap/Lenny/pipeline-fl-control-plane/pull/35,72,github.tools.sap/Lenny/pipeline-fl-control-plane,train,True,python_ast,,python,0.9333333333333333,0.9333333333333333,python,0.8,python
1.0,same_file,1.0,fl_control_plane/metadata_extractor/extractor.py,1.0,1.0,1.0,18,0.05555555555555555,0.10055865921787709,1.0,0.052941176470588235,1.0,40,1.0,100,100.0,True,c028d395204a2520,1.0,github.tools.sap/Lenny/pipeline-fl-control-plane#24,False,0.0,disabled,0.0,,0.0,0,0.0,1.0,1.0,weak_local_llm_assisted_demo,1.0,1.0,3,1.0,1.0,24,https://github.tools.sap/Lenny/pipeline-fl-control-plane/pull/24,100,github.tools.sap/Lenny/pipeline-fl-control-plane,train,True,python_ast,,python,1.0,1.0,python,1.0,python
0.0,same_extension,0.1,fl_control_plane/temporal/interceptor.py,0.9672131147540983,0.9180327868852459,0.5737704918032787,164,0.06097560975609756,0.07729468599033817,0.9344262295081968,0.041720990873533245,0.5245901639344263,40,0.0,0,0.0,False,36224bcb27488d4a,1.0,github.tools.sap/Lenny/pipeline-fl-control-plane#24,False,0.0,disabled,0.0,,0.0,0,0.0,0.9344262295081968,0.8688524590163934,weak_local_llm_assisted_demo,0.0,0.5573770491803278,24,0.041666666666666664,1.0,24,https://github.tools.sap/Lenny/pipeline-fl-control-plane/pull/24,72,github.tools.sap/Lenny/pipeline-fl-control-plane,train,True,python_ast,,python,0.9215686274509803,0.9215686274509803,python,0.4918032786885246,python
0.0,same_extension,0.16666666666666666,fl_control_plane/data_extractor/activity.py,0.9347826086956522,0.8695652173913043,0.5217391304347826,93,0.06451612903225806,0.10268948655256724,0.9347826086956522,0.05785123966942149,0.45652173913043476,40,0.0,0,0.0,False,40dfd85b1bcd04ab,1.0,github.tools.sap/Lenny/pipeline-fl-control-plane#24,False,0.0,disabled,0.0,,0.0,0,0.0,0.9565217391304348,0.8913043478260869,weak_local_llm_assisted_demo,0.0,0.5434782608695652,18,0.0,1.0,24,https://github.tools.sap/Lenny/pipeline-fl-control-plane/pull/24,72,github.tools.sap/Lenny/pipeline-fl-control-plane,train,True,python_ast,,python,0.8125,0.8125,python,0.4782608695652174,python
0.2,same_extension,0.1,fl_control_plane/temporal/interceptor.py,1.0,0.9245283018867925,0.8490566037735849,164,0.06097560975609756,0.1,1.0,0.05345501955671447,0.7735849056603774,39,0.3,50,50.0,False,79c73ebf0f804f32,1.0,github.tools.sap/Lenny/pipeline-fl-control-plane#24,False,0.0,disabled,0.0,,0.0,0,0.0,1.0,0.9245283018867925,weak_local_llm_assisted_demo,0.3,0.8679245283018868,22,0.5454545454545454,1.0,24,https://github.tools.sap/Lenny/pipeline-fl-control-plane/pull/24,55,github.tools.sap/Lenny/pipeline-fl-control-plane,train,True,python_ast,,python,1.0,1.0,python,0.7924528301886793,python
0.75,anchor_overlap,0.0,scripts/deploy-dev.sh,1.0,1.0,0.6551724137931034,315,0.012698412698412698,0.01630901287553648,0.9655172413793104,0.008257279443720122,0.6551724137931034,22,0.75,50,50.0,False,f88a2ee1e9819f85,1.0,github.tools.sap/Lenny/pipeline-fl-control-plane#24,False,0.0,disabled,0.0,,0.0,0,0.0,0.9655172413793104,0.9655172413793104,weak_local_llm_assisted_demo,0.75,0.6551724137931034,17,0.4117647058823529,1.0,24,https://github.tools.sap/Lenny/pipeline-fl-control-plane/pull/24,72,github.tools.sap/Lenny/pipeline-fl-control-plane,train,False,,no supported local structural parser,,0.0,0.0,yaml,0.6551724137931034,yaml_like
0.5,anchor_overlap,0.0,scripts/deploy-dev.sh,1.0,1.0,0.6818181818181818,315,0.006349206349206349,0.012914334911752047,0.9545454545454546,0.00651890482398957,0.6818181818181818,22,0.5,47,47.0,False,e7ebca553e1541d9,1.0,github.tools.sap/Lenny/pipeline-fl-control-plane#24,False,0.0,disabled,0.0,,0.0,0,0.0,0.9545454545454546,0.9545454545454546,weak_local_llm_assisted_demo,0.5,0.5454545454545454,12,0.4166666666666667,1.0,24,https://github.tools.sap/Lenny/pipeline-fl-control-plane/pull/24,55,github.tools.sap/Lenny/pipeline-fl-control-plane,train,False,,no supported local structural parser,,0.0,0.0,yaml,0.5454545454545454,yaml_like
0.0,,0.0,,0.0,0.0,0.0,0,0.0,0.0,0.0,0.0,0.0,0,0.0,0,0.0,False,f03817bfe9dd8f56,0.0,github.tools.sap/Lenny/pipeline-fl-control-plane#24,False,0.0,disabled,0.0,,0.0,0,0.0,0.0,0.0,weak_local_llm_assisted_demo,0.0,0.0,0,0.0,1.0,24,https://github.tools.sap/Lenny/pipeline-fl-control-plane/pull/24,0,github.tools.sap/Lenny/pipeline-fl-control-plane,train,False,,no supported local structural parser,,0.0,0.0,text,0.0,regex
0.0,same_extension,0.0,fl_control_plane/data_extractor/extractor.py,0.8928571428571429,0.8214285714285714,0.5,46,0.043478260869565216,0.05911330049261083,0.8928571428571429,0.031746031746031744,0.42857142857142855,39,0.0,0,0.0,False,d2b7fd6a8f81bc0a,0.0,github.tools.sap/Lenny/pipeline-fl-control-plane#24,False,0.0,disabled,0.0,,0.0,0,0.0,0.0,0.0,weak_local_llm_assisted_demo,0.0,0.0,14,0.07142857142857142,1.0,24,https://github.tools.sap/Lenny/pipeline-fl-control-plane/pull/24,0,github.tools.sap/Lenny/pipeline-fl-control-plane,train,False,python_ast,SyntaxError: invalid character '—' (U+2014),python,0.0,0.0,python,0.0,python
0.0,same_extension,0.2,fl_control_plane/data_extractor/extractor.py,1.0,0.975,0.75,46,0.10869565217391304,0.138755980861244,0.95,0.07671957671957672,0.725,39,0.0,0,0.0,False,3571bb010a6f07fc,0.0,github.tools.sap/Lenny/pipeline-fl-control-plane#24,False,0.0,disabled,0.0,,0.0,0,0.0,0.0,0.0,weak_local_llm_assisted_demo,0.0,0.0,19,0.42105263157894735,1.0,24,https://github.tools.sap/Lenny/pipeline-fl-control-plane/pull/24,0,github.tools.sap/Lenny/pipeline-fl-control-plane,train,True,python_ast,,python,0.9666666666666667,0.9666666666666667,python,0.0,python
0.0,same_extension,0.0,fl_control_plane/data_extractor/activity.py,1.0,0.9,0.7,93,0.010752688172043012,0.032171581769437,1.0,0.01652892561983471,0.6,39,0.0,0,0.0,False,5d5eb278731cbebc,1.0,github.tools.sap/Lenny/pipeline-fl-control-plane#24,False,0.0,disabled,0.0,,0.0,0,0.0,1.0,0.9,weak_local_llm_assisted_demo,0.0,0.7,4,0.0,1.0,24,https://github.tools.sap/Lenny/pipeline-fl-control-plane/pull/24,0,github.tools.sap/Lenny/pipeline-fl-control-plane,train,True,python_ast,,python,1.0,1.0,python,0.6,python
0.0,same_extension,0.0,fl_control_plane/temporal/workflow.py,1.0,0.9285714285714286,0.7142857142857143,95,0.010526315789473684,0.07563025210084034,1.0,0.04017857142857143,0.6428571428571429,39,0.0,0,0.0,False,ad82d6abe12cf8b7,1.0,github.tools.sap/Lenny/pipeline-fl-control-plane#24,False,0.0,disabled,0.0,,0.0,0,0.0,0.7142857142857143,0.6428571428571429,weak_local_llm_assisted_demo,0.0,0.42857142857142855,5,0.0,1.0,24,https://github.tools.sap/Lenny/pipeline-fl-control-plane/pull/24,0,github.tools.sap/Lenny/pipeline-fl-control-plane,train,False,python_ast,SyntaxError: unexpected unindent,python,0.0,0.0,python,0.35714285714285715,python
0.0,same_file,0.0,tests/test_credentials.py,1.0,1.0,0.8260869565217391,24,0.08333333333333333,0.14339622641509436,1.0,0.07851239669421488,0.8260869565217391,39,0.0,40,40.0,False,20e99165f802a3a6,1.0,github.tools.sap/Lenny/pipeline-fl-control-plane#24,False,0.0,disabled,0.0,,0.0,0,0.0,1.0,1.0,weak_local_llm_assisted_demo,0.0,0.8260869565217391,10,0.6,1.0,24,https://github.tools.sap/Lenny/pipeline-fl-control-plane/pull/24,72,github.tools.sap/Lenny/pipeline-fl-control-plane,train,False,python_ast,SyntaxError: expected an indented block after 'with' statement on line 2,python,0.0,0.0,python,0.8260869565217391,python
0.0,same_extension,0.0,fl_control_plane/metadata_extractor/activity.py,1.0,0.7894736842105263,0.8947368421052632,104,0.019230769230769232,0.06132075471698114,1.0,0.03209876543209877,0.6842105263157895,39,0.0,0,0.0,False,f43e7c99273ea092,0.0,github.tools.sap/Lenny/pipeline-fl-control-plane#24,False,0.0,disabled,0.0,,0.0,0,0.0,0.0,0.0,weak_local_llm_assisted_demo,0.0,0.0,8,0.25,1.0,24,https://github.tools.sap/Lenny/pipeline-fl-control-plane/pull/24,0,github.tools.sap/Lenny/pipeline-fl-control-plane,train,True,python_ast,,python,0.9375,0.9375,python,0.0,python
1.0,same_file,1.0,chart/templates/deployment.yaml,1.0,1.0,1.0,78,0.01282051282051282,0.055130168453292494,1.0,0.028346456692913385,1.0,12,1.0,100,100.0,True,18839d9dd01a74a7,1.0,github.tools.sap/Lenny/pipeline-fl-control-plane#28,False,0.0,disabled,0.0,,0.0,0,0.0,1.0,1.0,weak_local_llm_assisted_demo,1.0,1.0,7,1.0,1.0,28,https://github.tools.sap/Lenny/pipeline-fl-control-plane/pull/28,100,github.tools.sap/Lenny/pipeline-fl-control-plane,development,False,,no supported local structural parser,,0.0,0.0,yaml,1.0,yaml_like
0.6666666666666666,same_file,0.6666666666666666,chart/templates/hana-binding.yaml,1.0,1.0,1.0,28,0.21428571428571427,0.3498694516971279,1.0,0.2120253164556962,1.0,13,1.0,100,100.0,False,3912d9656b57350d,1.0,github.tools.sap/Lenny/pipeline-fl-control-plane#28,False,0.0,disabled,0.0,,0.0,0,0.0,1.0,1.0,weak_local_llm_assisted_demo,1.0,1.0,26,1.0,1.0,28,https://github.tools.sap/Lenny/pipeline-fl-control-plane/pull/28,100,github.tools.sap/Lenny/pipeline-fl-control-plane,development,False,,no supported local structural parser,,0.0,0.0,yaml,1.0,yaml_like
0.6,same_file,0.6,chart/templates/hana-binding.yaml,1.0,1.0,1.0,28,0.17857142857142858,0.3711340206185567,1.0,0.22784810126582278,1.0,13,1.0,100,100.0,False,894b52ea84474d5f,1.0,github.tools.sap/Lenny/pipeline-fl-control-plane#28,False,0.0,disabled,0.0,,0.0,0,0.0,1.0,1.0,weak_local_llm_assisted_demo,1.0,1.0,28,1.0,1.0,28,https://github.tools.sap/Lenny/pipeline-fl-control-plane/pull/28,100,github.tools.sap/Lenny/pipeline-fl-control-plane,development,False,,no supported local structural parser,,0.0,0.0,yaml,1.0,yaml_like
0.0,same_extension,0.0,fl_control_plane/config.py,0.8851063829787233,0.8553191489361702,0.574468085106383,47,0.8297872340425532,0.3364485981308411,0.6510638297872341,0.245136186770428,0.5361702127659574,11,0.0,0,0.0,False,59ece7aefacfc969,1.0,github.tools.sap/Lenny/pipeline-fl-control-plane#28,False,0.0,disabled,0.0,,0.0,0,0.0,0.7957446808510639,0.7021276595744681,weak_local_llm_assisted_demo,0.0,0.5191489361702127,106,0.10377358490566038,1.0,28,https://github.tools.sap/Lenny/pipeline-fl-control-plane/pull/28,0,github.tools.sap/Lenny/pipeline-fl-control-plane,development,True,python_ast,,python,0.78,0.78,python,0.425531914893617,python
0.0,anchor_overlap,0.0,docs/pre-commit-hooks.md,0.875,0.725,0.675,125,0.048,0.022813688212927757,0.85,0.011660188784008884,0.525,2,0.0,0,0.0,False,6bcca438e86457e3,1.0,github.tools.sap/Lenny/pipeline-fl-control-plane#20,False,0.0,disabled,0.0,,0.0,0,0.0,0.725,0.65,weak_local_llm_assisted_demo,0.0,0.625,14,0.35714285714285715,1.0,20,https://github.tools.sap/Lenny/pipeline-fl-control-plane/pull/20,0,github.tools.sap/Lenny/pipeline-fl-control-plane,train,False,,no supported local structural parser,,0.0,0.0,yaml,0.45,yaml_like
0.0,anchor_overlap,0.0,docs/pre-commit-hooks.md,0.825,0.65,0.7,125,0.048,0.021727322107550247,0.8,0.01110494169905608,0.5,3,0.0,0,0.0,False,50178ce5e014009e,1.0,github.tools.sap/Lenny/pipeline-fl-control-plane#20,False,0.0,disabled,0.0,,0.0,0,0.0,0.65,0.575,weak_local_llm_assisted_demo,0.0,0.55,13,0.38461538461538464,1.0,20,https://github.tools.sap/Lenny/pipeline-fl-control-plane/pull/20,0,github.tools.sap/Lenny/pipeline-fl-control-plane,train,False,,no supported local structural parser,,0.0,0.0,yaml,0.375,yaml_like
0.0,same_file,0.0,docs/pre-commit-hooks.md,1.0,1.0,0.8888888888888888,125,0.008,0.017592083562396926,1.0,0.008883953359244865,0.8888888888888888,2,0.0,80,80.0,False,8557ba5041f74deb,1.0,github.tools.sap/Lenny/pipeline-fl-control-plane#20,False,0.0,disabled,0.0,,0.0,0,0.0,1.0,1.0,weak_local_llm_assisted_demo,0.0,0.8888888888888888,8,0.75,1.0,20,https://github.tools.sap/Lenny/pipeline-fl-control-plane/pull/20,72,github.tools.sap/Lenny/pipeline-fl-control-plane,train,False,,no supported local structural parser,,0.0,0.0,markdown,0.8888888888888888,markdown
0.0,anchor_overlap,0.0,docs/design/db-architecture.md,1.0,1.0,0.8378378378378378,576,0.008680555555555556,0.012169987241142408,0.0,0.006129510627780524,0.8378378378378378,10,0.0,0,0.0,False,df197089cf18a66c,1.0,github.tools.sap/Lenny/pipeline-fl-control-plane#10,False,0.0,disabled,0.0,,0.0,0,0.0,0.6756756756756757,0.6756756756756757,weak_local_llm_assisted_demo,0.0,0.10810810810810811,36,0.6666666666666666,1.0,10,https://github.tools.sap/Lenny/pipeline-fl-control-plane/pull/10,72,github.tools.sap/Lenny/pipeline-fl-control-plane,train,False,,no supported local structural parser,,0.0,0.0,text,0.10810810810810811,regex
0.0,same_file,0.0,db/schema.sql,1.0,1.0,0.6363636363636364,9,0.1111111111111111,0.2456140350877193,1.0,0.15217391304347827,0.6363636363636364,10,0.0,0,0.0,False,c632c05c90fc8984,1.0,github.tools.sap/Lenny/pipeline-fl-control-plane#10,False,0.0,disabled,0.0,,0.0,0,0.0,1.0,1.0,weak_local_llm_assisted_demo,0.0,0.6363636363636364,6,0.3333333333333333,1.0,10,https://github.tools.sap/Lenny/pipeline-fl-control-plane/pull/10,0,github.tools.sap/Lenny/pipeline-fl-control-plane,train,False,,no supported local structural parser,,0.0,0.0,text,0.6363636363636364,pygments
0.0,anchor_overlap,0.0,docs/design/db-architecture.md,1.0,1.0,0.7192982456140351,576,0.024305555555555556,0.008061344868265829,0.0,0.004053386060306476,0.7192982456140351,10,0.0,0,0.0,False,27848ff21ef27eaf,1.0,github.tools.sap/Lenny/pipeline-fl-control-plane#10,False,0.0,disabled,0.0,,0.0,0,0.0,0.7543859649122807,0.7543859649122807,weak_local_llm_assisted_demo,0.0,0.47368421052631576,24,0.3333333333333333,1.0,10,https://github.tools.sap/Lenny/pipeline-fl-control-plane/pull/10,0,github.tools.sap/Lenny/pipeline-fl-control-plane,train,False,,no supported local structural parser,,0.0,0.0,text,0.47368421052631576,pygments
0.0,same_file,0.0,db/schema.sql,1.0,1.0,0.42105263157894735,9,0.2222222222222222,0.24615384615384617,1.0,0.17391304347826086,0.42105263157894735,10,0.0,0,0.0,False,d200021363a7bc83,1.0,github.tools.sap/Lenny/pipeline-fl-control-plane#10,False,0.0,disabled,0.0,,0.0,0,0.0,1.0,1.0,weak_local_llm_assisted_demo,0.0,0.5789473684210527,12,0.16666666666666666,1.0,10,https://github.tools.sap/Lenny/pipeline-fl-control-plane/pull/10,0,github.tools.sap/Lenny/pipeline-fl-control-plane,train,False,,no supported local structural parser,,0.0,0.0,text,0.5789473684210527,pygments
1.0,same_file,1.0,docs/design/db-architecture.md,1.0,1.0,1.0,576,0.001736111111111111,0.002567140600315956,1.0,0.0012852199703410777,1.0,1,1.0,100,100.0,True,197963e054b43c45,1.0,github.tools.sap/Lenny/pipeline-fl-control-plane#10,False,0.0,disabled,0.0,,0.0,0,0.0,1.0,1.0,weak_local_llm_assisted_demo,1.0,1.0,9,1.0,1.0,10,https://github.tools.sap/Lenny/pipeline-fl-control-plane/pull/10,100,github.tools.sap/Lenny/pipeline-fl-control-plane,train,False,,no supported local structural parser,,0.0,0.0,markdown,1.0,markdown
1.0,same_file,1.0,docs/design/db-architecture.md,1.0,1.0,1.0,576,0.001736111111111111,0.002567140600315956,1.0,0.0012852199703410777,1.0,1,1.0,100,100.0,True,0dbac171fae3b004,1.0,github.tools.sap/Lenny/pipeline-fl-control-plane#10,False,0.0,disabled,0.0,,0.0,0,0.0,1.0,1.0,weak_local_llm_assisted_demo,1.0,1.0,9,1.0,1.0,10,https://github.tools.sap/Lenny/pipeline-fl-control-plane/pull/10,100,github.tools.sap/Lenny/pipeline-fl-control-plane,train,False,,no supported local structural parser,,0.0,0.0,markdown,1.0,markdown
1.0,same_file,1.0,pyproject.toml,1.0,1.0,1.0,39,0.02564102564102564,0.04861111111111111,1.0,0.02491103202846975,1.0,17,1.0,100,100.0,True,9eac56ac24e60034,1.0,github.tools.sap/Lenny/pipeline-fl-control-plane#17,False,0.0,disabled,0.0,,0.0,0,0.0,1.0,1.0,weak_local_llm_assisted_demo,1.0,1.0,2,1.0,1.0,17,https://github.tools.sap/Lenny/pipeline-fl-control-plane/pull/17,100,github.tools.sap/Lenny/pipeline-fl-control-plane,development,False,,no supported local structural parser,,0.0,0.0,toml,1.0,pygments
0.8888888888888888,same_file,0.8888888888888888,fl_control_plane/jwks_client.py,1.0,1.0,1.0,60,0.15,0.3794871794871795,1.0,0.23417721518987342,1.0,21,1.0,100,100.0,False,a3542825e488255d,1.0,github.tools.sap/Lenny/pipeline-fl-control-plane#17,False,0.0,disabled,0.0,,0.0,0,0.0,1.0,1.0,weak_local_llm_assisted_demo,1.0,1.0,20,1.0,1.0,17,https://github.tools.sap/Lenny/pipeline-fl-control-plane/pull/17,100,github.tools.sap/Lenny/pipeline-fl-control-plane,development,True,python_ast,,python,1.0,1.0,python,1.0,python
0.8571428571428571,same_file,0.5714285714285714,fl_control_plane/database.py,1.0,1.0,1.0,464,0.015086206896551725,0.052845528455284556,1.0,0.027139874739039668,1.0,21,0.8333333333333334,85,85.0,False,14aa4385c81c4305,1.0,github.tools.sap/Lenny/pipeline-fl-control-plane#17,False,0.0,disabled,0.0,,0.0,0,0.0,1.0,1.0,weak_local_llm_assisted_demo,0.8571428571428571,1.0,27,1.0,1.0,17,https://github.tools.sap/Lenny/pipeline-fl-control-plane/pull/17,88,github.tools.sap/Lenny/pipeline-fl-control-plane,development,True,python_ast,,python,1.0,1.0,python,1.0,python
0.2,same_extension,0.2,fl_control_plane/ingestion_api/schemas.py,1.0,0.9722222222222222,0.8888888888888888,60,0.08333333333333333,0.2183098591549296,1.0,0.125,0.8611111111111112,22,0.2,27,27.0,False,012ea1f1f7d559e6,1.0,github.tools.sap/Lenny/pipeline-fl-control-plane#17,False,0.0,disabled,0.0,,0.0,0,0.0,0.9166666666666666,0.8888888888888888,weak_local_llm_assisted_demo,0.2,0.6111111111111112,12,0.5833333333333334,1.0,17,https://github.tools.sap/Lenny/pipeline-fl-control-plane/pull/17,55,github.tools.sap/Lenny/pipeline-fl-control-plane,development,True,python_ast,,python,1.0,1.0,python,0.5833333333333334,python
1.0,same_file,1.0,fl_control_plane/ingestion_api/pipeline_url_validators.py,1.0,1.0,1.0,66,0.030303030303030304,0.0944206008583691,1.0,0.04954954954954955,1.0,25,1.0,100,100.0,True,f9606eedd8e73d32,1.0,github.tools.sap/Lenny/pipeline-fl-control-plane#17,False,0.0,disabled,0.0,,0.0,0,0.0,1.0,1.0,weak_local_llm_assisted_demo,1.0,1.0,2,1.0,1.0,17,https://github.tools.sap/Lenny/pipeline-fl-control-plane/pull/17,100,github.tools.sap/Lenny/pipeline-fl-control-plane,development,True,python_ast,,python,1.0,1.0,python,1.0,python
0.0,same_file,0.0,docs/design/FL_Architecture_Design.md,1.0,1.0,0.9622641509433962,41,0.024390243902439025,0.12142857142857143,0.9811320754716981,0.06480304955527319,0.9622641509433962,11,0.0,80,80.0,False,fb71b9fe038ed0a2,1.0,github.tools.sap/Lenny/pipeline-fl-control-plane#15,False,0.0,disabled,0.0,,0.0,0,0.0,1.0,1.0,weak_local_llm_assisted_demo,0.0,0.9811320754716981,29,0.9310344827586207,1.0,15,https://github.tools.sap/Lenny/pipeline-fl-control-plane/pull/15,72,github.tools.sap/Lenny/pipeline-fl-control-plane,train,False,,no supported local structural parser,,0.0,0.0,markdown,0.9811320754716981,markdown
1.0,same_file,1.0,docs/design/FL_Architecture_Design.md,1.0,1.0,1.0,41,0.07317073170731707,0.25884955752212385,1.0,0.14866581956797967,1.0,11,1.0,100,100.0,True,aacfafe6729f0786,1.0,github.tools.sap/Lenny/pipeline-fl-control-plane#15,False,0.0,disabled,0.0,,0.0,0,0.0,1.0,1.0,weak_local_llm_assisted_demo,1.0,1.0,52,1.0,1.0,15,https://github.tools.sap/Lenny/pipeline-fl-control-plane/pull/15,100,github.tools.sap/Lenny/pipeline-fl-control-plane,train,False,,no supported local structural parser,,0.0,0.0,markdown,1.0,markdown
0.0,same_file,0.0,.github/workflows/piper-oss-ppms.yaml,1.0,1.0,1.0,11,0.09090909090909091,0.6262626262626263,1.0,0.45588235294117646,1.0,1,0.0,100,100.0,False,ba90af434cdbbbd8,1.0,github.tools.sap/Lenny/pipeline-fl-control-plane#18,False,0.0,disabled,0.0,,0.0,0,0.0,1.0,1.0,weak_local_llm_assisted_demo,0.0,1.0,14,1.0,1.0,18,https://github.tools.sap/Lenny/pipeline-fl-control-plane/pull/18,72,github.tools.sap/Lenny/pipeline-fl-control-plane,train,False,,no supported local structural parser,,0.0,0.0,yaml,1.0,yaml_like
0.16666666666666666,same_file,0.16666666666666666,.github/workflows/piper-oss-ppms.yaml,0.9807692307692307,0.9807692307692307,0.7307692307692307,11,0.5454545454545454,0.6333333333333334,0.7115384615384616,0.5588235294117647,0.7307692307692307,1,0.16666666666666666,35,35.0,False,4dbf6d31fa65daef,1.0,github.tools.sap/Lenny/pipeline-fl-control-plane#18,False,0.0,disabled,0.0,,0.0,0,0.0,0.9807692307692307,0.9807692307692307,weak_local_llm_assisted_demo,0.16666666666666666,0.7307692307692307,29,0.6206896551724138,1.0,18,https://github.tools.sap/Lenny/pipeline-fl-control-plane/pull/18,55,github.tools.sap/Lenny/pipeline-fl-control-plane,train,False,,no supported local structural parser,,0.0,0.0,yaml,0.7307692307692307,yaml_like
1.0,same_file,1.0,openspec/changes/cluster-automation/specs/cluster-bootstrap/spec.md,1.0,1.0,1.0,28,0.10714285714285714,0.2177858439201452,1.0,0.12219959266802444,1.0,5,1.0,100,100.0,True,a0a7b69ab1eb64ab,1.0,github.tools.sap/Lenny/pipeline-fl-control-plane#16,False,0.0,disabled,0.0,,0.0,0,0.0,1.0,1.0,weak_local_llm_assisted_demo,1.0,1.0,34,1.0,1.0,16,https://github.tools.sap/Lenny/pipeline-fl-control-plane/pull/16,100,github.tools.sap/Lenny/pipeline-fl-control-plane,train,False,,no supported local structural parser,,0.0,0.0,markdown,1.0,markdown
1.0,same_file,1.0,openspec/changes/cluster-automation/specs/cluster-bootstrap/spec.md,1.0,1.0,1.0,28,0.14285714285714285,0.23381294964028776,1.0,0.13238289205702647,1.0,5,1.0,100,100.0,True,d5b5ccb7b0a1fdbf,1.0,github.tools.sap/Lenny/pipeline-fl-control-plane#16,False,0.0,disabled,0.0,,0.0,0,0.0,1.0,1.0,weak_local_llm_assisted_demo,1.0,1.0,40,1.0,1.0,16,https://github.tools.sap/Lenny/pipeline-fl-control-plane/pull/16,100,github.tools.sap/Lenny/pipeline-fl-control-plane,train,False,,no supported local structural parser,,0.0,0.0,markdown,1.0,markdown
1.0,same_file,1.0,openspec/changes/cluster-automation/design.md,1.0,1.0,1.0,64,0.015625,0.09991941982272362,1.0,0.05258693808312129,1.0,5,1.0,100,100.0,True,01c2ea2547abb9c2,1.0,github.tools.sap/Lenny/pipeline-fl-control-plane#16,False,0.0,disabled,0.0,,0.0,0,0.0,1.0,1.0,weak_local_llm_assisted_demo,1.0,1.0,36,1.0,1.0,16,https://github.tools.sap/Lenny/pipeline-fl-control-plane/pull/16,100,github.tools.sap/Lenny/pipeline-fl-control-plane,train,False,,no supported local structural parser,,0.0,0.0,markdown,1.0,markdown
1.0,same_file,1.0,openspec/changes/cluster-automation/proposal.md,1.0,1.0,1.0,21,0.09523809523809523,0.019950124688279298,1.0,0.010075566750629723,1.0,5,1.0,100,100.0,True,04ea4d8dde1371b4,1.0,github.tools.sap/Lenny/pipeline-fl-control-plane#16,False,0.0,disabled,0.0,,0.0,0,0.0,1.0,1.0,weak_local_llm_assisted_demo,1.0,1.0,2,1.0,1.0,16,https://github.tools.sap/Lenny/pipeline-fl-control-plane/pull/16,100,github.tools.sap/Lenny/pipeline-fl-control-plane,train,False,,no supported local structural parser,,0.0,0.0,markdown,1.0,markdown
1.0,same_file,1.0,.pipeline/config.yml,1.0,1.0,1.0,7,0.14285714285714285,0.5252525252525252,1.0,0.3561643835616438,1.0,3,1.0,100,100.0,True,37639e9183f3c7f5,1.0,github.tools.sap/Lenny/pipeline-fl-control-plane#8,False,0.0,disabled,0.0,,0.0,0,0.0,1.0,1.0,weak_local_llm_assisted_demo,1.0,1.0,12,1.0,1.0,8,https://github.tools.sap/Lenny/pipeline-fl-control-plane/pull/8,100,github.tools.sap/Lenny/pipeline-fl-control-plane,train,False,,no supported local structural parser,,0.0,0.0,yaml,1.0,yaml_like
0.0,same_file,0.0,.pipeline/config.yml,1.0,1.0,0.5,13,0.07692307692307693,0.0392156862745098,1.0,0.02127659574468085,0.25,4,0.0,0,0.0,False,b8e151a5e7c9db05,1.0,github.tools.sap/Lenny/pipeline-fl-control-plane#8,False,0.0,disabled,0.0,,0.0,0,0.0,1.0,1.0,weak_local_llm_assisted_demo,0.0,0.5,3,0.0,1.0,8,https://github.tools.sap/Lenny/pipeline-fl-control-plane/pull/8,0,github.tools.sap/Lenny/pipeline-fl-control-plane,train,False,,no supported local structural parser,,0.0,0.0,yaml,0.25,yaml_like
1.0,same_file,1.0,.pipeline/config.yml,1.0,1.0,1.0,7,0.14285714285714285,0.5252525252525252,1.0,0.3561643835616438,1.0,3,1.0,100,100.0,True,bac8c7dc67cd286a,1.0,github.tools.sap/Lenny/pipeline-fl-control-plane#8,False,0.0,disabled,0.0,,0.0,0,0.0,1.0,1.0,weak_local_llm_assisted_demo,1.0,1.0,12,1.0,1.0,8,https://github.tools.sap/Lenny/pipeline-fl-control-plane/pull/8,100,github.tools.sap/Lenny/pipeline-fl-control-plane,train,False,,no supported local structural parser,,0.0,0.0,yaml,1.0,yaml_like
1.0,same_file,1.0,chart/templates/deployment.yaml,1.0,1.0,1.0,27,0.14814814814814814,0.34944237918215615,1.0,0.21171171171171171,1.0,5,1.0,100,100.0,True,2b6af7b5b476e38e,1.0,github.tools.sap/Lenny/pipeline-fl-control-plane#8,False,0.0,disabled,0.0,,0.0,0,0.0,1.0,1.0,weak_local_llm_assisted_demo,1.0,1.0,14,1.0,1.0,8,https://github.tools.sap/Lenny/pipeline-fl-control-plane/pull/8,100,github.tools.sap/Lenny/pipeline-fl-control-plane,train,False,,no supported local structural parser,,0.0,0.0,yaml,1.0,yaml_like
0.0,same_file,0.0,chart/templates/secret.yaml,1.0,1.0,0.9333333333333333,9,0.1111111111111111,0.29166666666666663,1.0,0.1728395061728395,0.9333333333333333,5,0.0,80,80.0,False,a1dbff3f7eff1b14,1.0,github.tools.sap/Lenny/pipeline-fl-control-plane#8,False,0.0,disabled,0.0,,0.0,0,0.0,1.0,1.0,weak_local_llm_assisted_demo,0.0,0.9333333333333333,5,0.8,1.0,8,https://github.tools.sap/Lenny/pipeline-fl-control-plane/pull/8,82,github.tools.sap/Lenny/pipeline-fl-control-plane,train,False,,no supported local structural parser,,0.0,0.0,yaml,0.9333333333333333,yaml_like
1.0,same_file,1.0,CLAUDE.md,1.0,1.0,1.0,104,0.009615384615384616,0.006514657980456026,1.0,0.0032679738562091504,1.0,1,1.0,100,100.0,True,bc2628c5bee1772e,1.0,github.tools.sap/Lenny/pipeline-fl-control-plane#9,False,0.0,disabled,0.0,,0.0,0,0.0,1.0,1.0,weak_local_llm_assisted_demo,1.0,1.0,4,1.0,1.0,9,https://github.tools.sap/Lenny/pipeline-fl-control-plane/pull/9,100,github.tools.sap/Lenny/pipeline-fl-control-plane,train,False,,no supported local structural parser,,0.0,0.0,markdown,1.0,markdown
0.0,same_file,0.0,.gitignore,1.0,1.0,0.75,8,0.125,0.20689655172413793,1.0,0.12,0.75,7,0.0,100,100.0,False,eea2dbb7248bc9cc,1.0,github.tools.sap/Lenny/pipeline-fl-control-plane#7,False,0.0,disabled,0.0,,0.0,0,0.0,1.0,1.0,weak_local_llm_assisted_demo,0.0,0.75,3,0.6666666666666666,1.0,7,https://github.tools.sap/Lenny/pipeline-fl-control-plane/pull/7,82,github.tools.sap/Lenny/pipeline-fl-control-plane,train,False,,no supported local structural parser,,0.0,0.0,text,0.75,regex
0.0,same_file,0.0,.gitignore,1.0,1.0,0.75,8,0.125,0.20689655172413793,1.0,0.12,0.75,7,0.0,100,100.0,False,996b6a496fafaf75,1.0,github.tools.sap/Lenny/pipeline-fl-control-plane#7,False,0.0,disabled,0.0,,0.0,0,0.0,1.0,1.0,weak_local_llm_assisted_demo,0.0,0.75,3,0.6666666666666666,1.0,7,https://github.tools.sap/Lenny/pipeline-fl-control-plane/pull/7,82,github.tools.sap/Lenny/pipeline-fl-control-plane,train,False,,no supported local structural parser,,0.0,0.0,text,0.75,regex
