dataset_source,example_id,emb_codebert_best_cosine,emb_codebert_mean_top3_cosine,emb_codebert_best_second_margin,emb_codebert_candidate_mean_cosine,emb_codebert_landed_centroid_cosine,emb_codebert_same_file_best_cosine,emb_codebert_cross_file_best_cosine,emb_codebert_suggestion_raw_norm,emb_codebert_candidate_raw_norm,emb_codebert_suggestion_chunk_count,emb_codebert_candidate_chunk_count,emb_codebert_fraction_above_60,emb_codebert_fraction_above_70,emb_codebert_fraction_above_80
internal,cd2b0042572e07b5,0.9744513630867004,0.970313549041748,0.005518972873687744,0.9684188961982727,0.9818069934844971,0.9671006798744202,0.9744513630867004,19.205669403076172,19.523160934448242,1,5,1.0,1.0,1.0
internal,d194cf145826059c,0.9425237774848938,0.9359118938446045,0.0047217607498168945,0.8807789733012518,0.9037677645683289,0.0,0.9425237774848938,17.680803298950195,18.44394334157308,1,12,1.0,1.0,1.0
internal,dc9e6a6b54b060f0,0.9425237774848938,0.9359118938446045,0.0047217607498168945,0.8807789733012518,0.9037677645683289,0.0,0.9425237774848938,17.680803298950195,18.44394334157308,1,12,1.0,1.0,1.0
internal,cc66db418d255fc8,0.9424351453781128,0.9229191541671753,0.00982654094696045,0.8858540256818136,0.9110581874847412,0.0,0.9424351453781128,17.92726707458496,18.506132920583088,1,12,1.0,1.0,1.0
internal,403e90a4c2db4136,0.977942943572998,0.9555280208587646,0.028734683990478516,0.8950740893681844,0.9301110506057739,0.977942943572998,0.9492082595825195,17.83856964111328,18.41535997390747,1,12,1.0,1.0,1.0
internal,742ac3b0bb8297a0,0.9487272500991821,0.9454885323842367,0.0001798868179321289,0.8931215206782023,0.9164324998855591,0.0,0.9487272500991821,17.73672103881836,18.44394334157308,1,12,1.0,1.0,1.0
internal,1b748b260d77cd78,0.9487272500991821,0.9454885323842367,0.0001798868179321289,0.8931215206782023,0.9164324998855591,0.0,0.9487272500991821,17.73672103881836,18.44394334157308,1,12,1.0,1.0,1.0
internal,967cd6a03e5b5d19,0.9426071643829346,0.9268019199371338,0.011010229587554932,0.8933080087105433,0.9187242984771729,0.0,0.9426071643829346,18.093284606933594,18.506132920583088,1,12,1.0,1.0,1.0
internal,8f62a0b99cc9c89c,0.9497877955436707,0.9471698800722758,0.000341951847076416,0.8969009667634964,0.9203107357025146,0.0,0.9497877955436707,17.766616821289062,18.44394334157308,1,12,1.0,1.0,1.0
internal,23d104a53d5fc5c4,0.9569008946418762,0.9520951906840006,0.0017567873001098633,0.9096201509237289,0.9333617687225342,0.0,0.9569008946418762,18.104572296142578,18.44394334157308,1,12,1.0,1.0,1.0
internal,de92cd9447f2fa47,0.9590120315551758,0.9524896939595541,0.001268625259399414,0.9234119753042856,0.9496848583221436,0.0,0.9590120315551758,18.464557647705078,18.506132920583088,1,12,1.0,1.0,1.0
internal,d3ab1e351262273a,0.9537121057510376,0.9403127034505209,0.002233266830444336,0.9031835893789927,0.9288809299468994,0.0,0.9537121057510376,18.356229782104492,18.506132920583088,1,12,1.0,1.0,1.0
internal,757368422f2749b4,0.9424351453781128,0.9229191541671753,0.00982654094696045,0.8858540256818136,0.9110581874847412,0.0,0.9424351453781128,17.92726707458496,18.506132920583088,1,12,1.0,1.0,1.0
internal,b658067ad0731da8,0.9424351453781128,0.9229191541671753,0.00982654094696045,0.8858540256818136,0.9110581874847412,0.0,0.9424351453781128,17.92726707458496,18.506132920583088,1,12,1.0,1.0,1.0
internal,3061ff62b29be147,0.9424351453781128,0.9229191541671753,0.00982654094696045,0.8858540256818136,0.9110581874847412,0.0,0.9424351453781128,17.92726707458496,18.506132920583088,1,12,1.0,1.0,1.0
internal,1126cd2fb10d2a29,0.9424351453781128,0.9229191541671753,0.00982654094696045,0.8858540256818136,0.9110581874847412,0.0,0.9424351453781128,17.92726707458496,18.506132920583088,1,12,1.0,1.0,1.0
internal,6cef07e270f1244a,0.9424351453781128,0.9229191541671753,0.00982654094696045,0.8858540256818136,0.9110581874847412,0.0,0.9424351453781128,17.92726707458496,18.506132920583088,1,12,1.0,1.0,1.0
internal,2ab762dd314235a2,0.9424351453781128,0.9229191541671753,0.00982654094696045,0.8858540256818136,0.9110581874847412,0.0,0.9424351453781128,17.92726707458496,18.506132920583088,1,12,1.0,1.0,1.0
internal,cd2d016f7c7b8481,0.9594596028327942,0.9536789258321127,0.0008782148361206055,0.8986889868974686,0.9221452474594116,0.0,0.9594596028327942,18.152318954467773,18.44394334157308,1,12,1.0,1.0,1.0
internal,3ee9858f05443f9f,0.9575913548469543,0.946416954199473,0.002552330493927002,0.9014794578154882,0.9271281957626343,0.0,0.9575913548469543,18.00543975830078,18.506132920583088,1,12,1.0,1.0,1.0
internal,2b161a20579548f7,0.9678342342376709,0.9630812207857767,0.006933927536010742,0.9272956377581546,0.9430025219917297,0.0,0.9678342342376709,19.72943687438965,18.477983374344674,1,19,1.0,1.0,1.0
internal,a27e9597f4a9fe69,0.9828439354896545,0.9811985095342001,0.0015079379081726074,0.9574165225028992,0.973234236240387,0.9732431173324585,0.9828439354896545,19.055702209472656,18.424499130249025,1,10,1.0,1.0,1.0
internal,3955503109943ea3,0.9806896448135376,0.9721261262893677,0.005302071571350098,0.9458321964039522,0.9634618759155273,0.9806896448135376,0.9753875732421875,18.70126724243164,18.266828761381262,1,17,1.0,1.0,1.0
internal,80b221891ca9140c,0.9648364186286926,0.9593231678009033,0.0029867887496948242,0.9261282953349027,0.9448046088218689,0.9618496298789978,0.9648364186286926,18.373611450195312,18.341223630038176,1,11,1.0,1.0,1.0
internal,fa9f06c7275bcf3e,0.7099790573120117,0.7076217929522196,0.0026158690452575684,0.6864152720996312,0.696610152721405,0.7099790573120117,0.7073631882667542,18.225627899169922,18.27684497833252,1,14,1.0,0.21428571428571427,0.0
internal,71c68b9dedea6319,0.9395787715911865,0.9232359727223715,0.022605538368225098,0.8866681286266872,0.9020649194717407,0.8848706483840942,0.9395787715911865,18.93003273010254,18.293604578290665,1,14,1.0,1.0,1.0
internal,d3cd82df9aa5e25c,0.9586076736450195,0.9528497457504272,0.001099228858947754,0.9148673287459782,0.9293801188468933,0.9575084447860718,0.9586076736450195,18.583515167236328,18.352321079799108,1,14,1.0,1.0,1.0
internal,e5106bffc71fe0ef,0.9388346672058105,0.9213251272837321,0.024948596954345703,0.902986745039622,0.9189558029174805,0.9388346672058105,0.0,17.437515258789062,18.42394193013509,1,9,1.0,1.0,1.0
internal,c43a1546a8e17df4,0.9840726256370544,0.9799508055051168,0.0014658570289611816,0.9593700071175894,0.9722743034362793,0.9840726256370544,0.9731730222702026,18.30181884765625,18.344659487406414,1,12,1.0,1.0,1.0
internal,11c4648428c0c386,0.9713786840438843,0.9625422557195028,0.00826030969619751,0.9443781243430244,0.9710940718650818,0.9713786840438843,0.9519944190979004,19.100120544433594,18.38332790798611,1,9,1.0,1.0,1.0
internal,4b99d7c39346d96f,0.9411059021949768,0.9220197200775146,0.01674717664718628,0.8703622884220548,0.8931601047515869,0.9411059021949768,0.9243587255477905,18.343515396118164,18.367388619316948,1,9,1.0,1.0,0.8888888888888888
internal,3c0ae1370098fbfe,0.9566187262535095,0.9461915691693624,0.01232689619064331,0.8980925129010127,0.9163109064102173,0.0,0.9566187262535095,19.248271942138672,18.30924885089581,1,13,1.0,1.0,1.0
internal,71c4b1f498409b89,0.9480270743370056,0.9439968665440878,0.0017674565315246582,0.9173970547589388,0.944699764251709,0.0,0.9480270743370056,18.155385971069336,18.910140644420277,1,11,1.0,1.0,1.0
internal,95ffed536433a4d6,0.9843984842300415,0.956230084101359,0.036261796951293945,0.8855253706375757,0.909498929977417,0.9843984842300415,0.9481366872787476,18.07562828063965,18.250245889027912,1,12,1.0,1.0,1.0
internal,77efe46a00c47062,0.9968956112861633,0.9711676637331644,0.035847485065460205,0.9349080622196198,0.9510470628738403,0.9968956112861633,0.955559253692627,19.081878662109375,18.46745800971985,1,16,1.0,1.0,1.0
internal,42a10ece27f320b2,0.9968956112861633,0.9711676637331644,0.035847485065460205,0.9349080622196198,0.9510470628738403,0.9968956112861633,0.955559253692627,19.081878662109375,18.46745800971985,1,16,1.0,1.0,1.0
internal,7b33bafebbe400aa,0.986503541469574,0.9784226020177206,0.011304736137390137,0.9569193758070469,0.9723475575447083,0.9735654592514038,0.986503541469574,18.49666976928711,18.499781012535095,1,16,1.0,1.0,1.0
internal,34017602ebc8d985,0.972710907459259,0.969509502251943,0.0009109377861022949,0.9162863630514878,0.9402693510055542,0.9717999696731567,0.972710907459259,19.8366641998291,18.655925604013298,1,13,1.0,1.0,1.0
internal,50925e1bb1e94cf5,0.9765118360519409,0.9584779739379883,0.026783466339111328,0.9409119817945693,0.9524096250534058,0.9431524276733398,0.9765118360519409,19.513408660888672,18.521845994172274,1,27,1.0,1.0,1.0
internal,cf60be638884c2cf,0.9700173139572144,0.953129788239797,0.024857699871063232,0.9372292757034302,0.9486820101737976,0.9395198822021484,0.9700173139572144,19.519779205322266,18.521845994172274,1,27,1.0,1.0,1.0
internal,d65726bbc88e2f0a,0.9781019687652588,0.962182859579722,0.023722469806671143,0.9443424608972337,0.9558820724487305,0.9471977949142456,0.9781019687652588,19.554214477539062,18.521845994172274,1,27,1.0,1.0,1.0
internal,2c2e98d2d28c9994,0.9606086611747742,0.9603898723920187,0.00025832653045654297,0.9503445250016672,0.961957573890686,0.9530834555625916,0.9606086611747742,19.159202575683594,18.521845994172274,1,27,1.0,1.0,1.0
internal,d9d8ac55ea3efbbf,0.9765617847442627,0.9574944575627645,0.02739471197128296,0.9304823919578835,0.9418527483940125,0.9765617847442627,0.946754515171051,19.373022079467773,18.521845994172274,1,27,1.0,1.0,1.0
internal,cd99a4ccd6f41d2a,0.9116524457931519,0.905587633450826,0.006731390953063965,0.8651659321039915,0.8735752105712891,0.8904034495353699,0.9116524457931519,19.49668312072754,18.027710735797882,1,32,1.0,1.0,1.0
internal,99ecc72f2785261f,0.9657830595970154,0.9555956125259399,0.006319582462310791,0.9134813696146011,0.9304406642913818,0.9415403008460999,0.9657830595970154,19.698898315429688,18.22629737854004,1,12,1.0,1.0,1.0
internal,5d96cdeffe1a29d1,0.9772832989692688,0.9591479102770487,0.026373088359832764,0.9438617080450058,0.95100998878479,0.9365358352661133,0.9772832989692688,19.026540756225586,18.113104820251465,1,16,1.0,1.0,1.0
internal,9ea6a9fa60f9d398,0.9508042335510254,0.9328627387682596,0.011345088481903076,0.8928185039096408,0.9169573783874512,0.9508042335510254,0.9083248376846313,18.49016761779785,18.59139675564236,1,9,1.0,1.0,1.0
internal,e1770a1b33da3051,0.9740078449249268,0.9663803577423096,0.007772207260131836,0.9337813349870535,0.944395124912262,0.9282864332199097,0.9740078449249268,18.77613067626953,17.980065419123722,1,13,1.0,1.0,1.0
internal,f0b241261497d617,0.9727879762649536,0.966927687327067,0.006770014762878418,0.9344121676224929,0.9450331330299377,0.9245002269744873,0.9727879762649536,18.800865173339844,17.980065419123722,1,13,1.0,1.0,1.0
internal,022aa699240596da,0.9838372468948364,0.9714050889015198,0.008607923984527588,0.9371165384848913,0.9542812705039978,0.9838372468948364,0.9378694295883179,19.196937561035156,18.20770533879598,1,12,1.0,1.0,1.0
internal,3372495653d6e5de,0.9828554391860962,0.9755256573359171,0.0072335004806518555,0.9430042058229446,0.9612770080566406,0.9445208311080933,0.9828554391860962,19.508533477783203,18.70557165145874,1,12,1.0,1.0,1.0
internal,0a68efb97a28641c,0.9773110747337341,0.9458656907081604,0.041517555713653564,0.9115194320678711,0.9473140239715576,0.9773110747337341,0.9357935190200806,18.065649032592773,18.52355251312256,1,10,1.0,1.0,1.0
internal,031ecec4ad5d2de9,0.97147536277771,0.9642748634020487,0.00590282678604126,0.934515404701233,0.964058518409729,0.97147536277771,0.9413949847221375,19.09864616394043,18.559317588806152,1,10,1.0,1.0,1.0
internal,99e6218b82e01624,0.9424409866333008,0.9321436285972595,0.014606118202209473,0.9184946922155527,0.9437189102172852,0.9278348684310913,0.9424409866333008,19.18742561340332,18.391076454749474,1,13,1.0,1.0,1.0
internal,1fdc72a79ebc0277,0.9842455983161926,0.9768340984980265,0.010029435157775879,0.952063289972452,0.9707922339439392,0.9720405340194702,0.9842455983161926,19.228744506835938,18.450511638934795,1,13,1.0,1.0,1.0
internal,1153816b5ef57bae,0.9677637219429016,0.9433922370274862,0.03609436750411987,0.9256459795511686,0.946830153465271,0.9316693544387817,0.9677637219429016,18.841617584228516,18.521694330068733,1,13,1.0,1.0,1.0
internal,1c37b2cda0db2d87,0.9496135711669922,0.9470640818277994,0.002152085304260254,0.9357166015184842,0.956234335899353,0.9399652481079102,0.9496135711669922,19.155176162719727,18.44160402738131,1,13,1.0,1.0,1.0
internal,f184196a1a2ab26a,0.9891841411590576,0.9487054745356241,0.05864834785461426,0.8904109276258029,0.9117381572723389,0.9891841411590576,0.9263964891433716,18.444664001464844,18.36585969191331,1,13,1.0,1.0,1.0
internal,4c24eaad10a3d1c9,0.9925544261932373,0.9225228826204935,0.10484731197357178,0.8684501143602225,0.8840316534042358,0.9925544261932373,0.8877071142196655,17.997404098510742,18.211085539597732,1,13,1.0,1.0,1.0
internal,c383da4792fe1222,0.9949672818183899,0.9715871413548788,0.032018303871154785,0.955538846552372,0.9733175039291382,0.9949672818183899,0.0,18.754194259643555,18.64142942428589,1,8,1.0,1.0,1.0
internal,92deeeb3c6e1cbba,0.9949672818183899,0.9715871413548788,0.032018303871154785,0.955538846552372,0.9733175039291382,0.9949672818183899,0.0,18.754194259643555,18.64142942428589,1,8,1.0,1.0,1.0
internal,5541c01c69ff7bc2,0.9822503328323364,0.9739741086959839,0.006450057029724121,0.9403988935730674,0.9536457061767578,0.9822503328323364,0.9638717174530029,19.201740264892578,18.20477294921875,1,11,1.0,1.0,1.0
internal,5a7d126918013fd8,0.9869076013565063,0.9846624930699667,0.0026932954788208008,0.9515815913677216,0.9733017683029175,0.9869076013565063,0.9176100492477417,18.604108810424805,18.865338706970213,1,10,1.0,1.0,1.0
internal,e132b69170c1e4a4,0.9420638084411621,0.940579334894816,0.0003517270088195801,0.9186329775386386,0.9365741014480591,0.9417120814323425,0.9420638084411621,18.26596450805664,18.96144633822971,1,9,1.0,1.0,1.0
internal,b432fc4127054e6e,0.9535108804702759,0.9505977630615234,0.0030170679092407227,0.917932391166687,0.9446782469749451,0.9535108804702759,0.9504938125610352,18.212139129638672,18.56697883605957,1,10,1.0,1.0,1.0
internal,5bab9b9af098498f,0.996354877948761,0.9885476430257162,0.010355472564697266,0.9625165313482285,0.9909167289733887,0.996354877948761,0.9859994053840637,19.274187088012695,18.967281579971313,1,8,1.0,1.0,1.0
internal,be53318866c3698b,0.9509923458099365,0.9508669078350067,0.00025087594985961914,0.9508669078350067,0.95185387134552,0.9509923458099365,0.0,18.85157012939453,18.29950523376465,1,2,1.0,1.0,1.0
internal,4c429448c78f3c3e,0.9592061638832092,0.9591898024082184,3.272294998168945e-05,0.9591898024082184,0.9601853489875793,0.9592061638832092,0.0,19.29839515686035,18.29950523376465,1,2,1.0,1.0,1.0
internal,8bb42bb584f7d410,0.9399643540382385,0.939210832118988,0.0015070438385009766,0.939210832118988,0.9401856660842896,0.9399643540382385,0.0,19.377283096313477,18.29950523376465,1,2,1.0,1.0,1.0
internal,fec444cd0fc72a67,0.9338514804840088,0.9288137555122375,0.01007544994354248,0.9288137555122375,0.9297778010368347,0.9338514804840088,0.0,19.340988159179688,18.29950523376465,1,2,1.0,1.0,1.0
internal,3216449c1f1338a1,0.972314715385437,0.9722530643145243,3.254413604736328e-05,0.9541288460454633,0.9628158807754517,0.9722821712493896,0.972314715385437,18.504480361938477,18.076963609264745,1,31,1.0,1.0,1.0
internal,e135857d810cf7f2,0.9593271017074585,0.9407141407330831,0.02560257911682129,0.9185917165971571,0.9269551634788513,0.922312319278717,0.9593271017074585,19.086971282958984,18.076963609264745,1,31,1.0,1.0,1.0
internal,44684fae7e81b740,0.9374024868011475,0.9188747008641561,0.027141332626342773,0.8924129374565617,0.9005380272865295,0.9102611541748047,0.9374024868011475,18.62713050842285,18.076963609264745,1,31,1.0,1.0,1.0
internal,5a11a7f4e746cb73,0.9592146873474121,0.9487447539965311,0.01389092206954956,0.9294221023718516,0.938647985458374,0.9453237652778625,0.9592146873474121,19.229520797729492,18.101865641276042,1,30,1.0,1.0,1.0
internal,7f2802b977497fea,0.9772840142250061,0.9760868350664774,0.00011211633682250977,0.9628165513277054,0.985935628414154,0.9399309158325195,0.9772840142250061,18.996070861816406,18.525243759155273,1,8,1.0,1.0,1.0
internal,15c0b3ca729c9de3,0.9773204326629639,0.9764274756113688,0.00011301040649414062,0.9627408981323242,0.9858582019805908,0.0,0.9773204326629639,19.040498733520508,18.525243759155273,1,8,1.0,1.0,1.0
internal,4ce01340b2e21f4f,0.9714357852935791,0.961661676565806,0.005438804626464844,0.9113909125328064,0.9198828339576721,0.9475522637367249,0.9714357852935791,18.96833610534668,18.157189178466798,1,20,1.0,1.0,1.0
internal,6fb5025fcb384169,0.9467660784721375,0.9341577092806498,0.013532102108001709,0.8891817033290863,0.8991479873657227,0.9467660784721375,0.9332339763641357,17.8170166015625,18.116146299574112,1,18,1.0,1.0,1.0
internal,13e87294a6fa3c1a,0.9776499271392822,0.9712959329287211,0.008057177066802979,0.9346948895189497,0.9461046457290649,0.9776499271392822,0.934607982635498,19.432640075683594,18.23827870686849,1,18,1.0,1.0,1.0
internal,319a45eb28fa283d,0.9588736295700073,0.9569841225941976,0.0021340250968933105,0.9409994085629781,0.9551225900650024,0.9425196647644043,0.9588736295700073,19.367889404296875,18.71147240532769,1,9,1.0,1.0,1.0
internal,39a543d25fd0fa31,0.9588736295700073,0.9569841225941976,0.0021340250968933105,0.9409994085629781,0.9551225900650024,0.956739604473114,0.9588736295700073,19.367889404296875,18.71147240532769,1,9,1.0,1.0,1.0
internal,b756ab3d5f9d7df1,0.9611380100250244,0.9569833278656006,0.0033512115478515625,0.9415390226576064,0.9556703567504883,0.942310631275177,0.9611380100250244,19.267181396484375,18.71147240532769,1,9,1.0,1.0,1.0
internal,6f1fb15bc2434972,0.9662269949913025,0.9617172678311666,0.005088984966278076,0.9441963964038425,0.9565757513046265,0.9520251750946045,0.9662269949913025,19.267181396484375,18.709121068318684,1,9,1.0,1.0,1.0
internal,4811b0ab32921c84,0.9099650382995605,0.9034092028935751,0.00261080265045166,0.8771076401074728,0.8902719020843506,0.8929083347320557,0.9099650382995605,18.892898559570312,18.71147240532769,1,9,1.0,1.0,1.0
internal,3b4ab7fa4c4301bd,0.9705597162246704,0.9562113086382548,0.019311070442199707,0.9251238324425437,0.9594849944114685,0.9512486457824707,0.9705597162246704,18.291067123413086,18.24067358537154,1,11,1.0,1.0,1.0
internal,64be0c800d185f15,0.9787003993988037,0.963472326596578,0.0056722164154052734,0.9339313256113153,0.9461731910705566,0.9787003993988037,0.9730281829833984,18.96624755859375,18.285140991210938,1,19,1.0,1.0,1.0
internal,2f4b9c6ae3b14bb1,0.9965907335281372,0.9934062759081522,0.0035945773124694824,0.9524385862880282,0.97061687707901,0.9965907335281372,0.9906319379806519,18.707971572875977,19.223107231987846,1,9,1.0,1.0,1.0
internal,73b7ffc669ae225c,0.976470410823822,0.9750535686810812,0.0011876225471496582,0.958634442753262,0.9769309759140015,0.973407506942749,0.976470410823822,19.588815689086914,19.223107231987846,1,9,1.0,1.0,1.0
internal,a47be0d797167d35,0.9622797966003418,0.9438614646593729,0.024320483207702637,0.9268362522125244,0.9445258378982544,0.9379593133926392,0.9622797966003418,18.679790496826172,19.223107231987846,1,9,1.0,1.0,1.0
internal,2b23b19328b827ba,0.9622797966003418,0.9438614646593729,0.024320483207702637,0.9268362522125244,0.9445258378982544,0.9622797966003418,0.9379593133926392,18.679790496826172,19.223107231987846,1,9,1.0,1.0,1.0
internal,46b8bca808f89142,0.9622797966003418,0.9438614646593729,0.024320483207702637,0.9268362522125244,0.9445258378982544,0.9622797966003418,0.9379593133926392,18.679790496826172,19.223107231987846,1,9,1.0,1.0,1.0
internal,f8d77338f7ee33d1,0.9622797966003418,0.9438614646593729,0.024320483207702637,0.9268362522125244,0.9445258378982544,0.9622797966003418,0.9379593133926392,18.679790496826172,19.223107231987846,1,9,1.0,1.0,1.0
internal,74942f92ff1d98cb,0.9999998807907104,0.9899644653002421,0.01273036003112793,0.9657679597536722,0.984200656414032,0.9999998807907104,0.9826239943504333,20.051603317260742,19.223107231987846,1,9,1.0,1.0,1.0
internal,ed787a506b3ae332,0.9766504764556885,0.9621282815933228,0.011911451816558838,0.8947214484214783,0.9153506755828857,0.0,0.9766504764556885,19.88010597229004,18.275317192077637,1,18,1.0,1.0,1.0
internal,17643cc9e2185699,0.956385612487793,0.9436965584754944,0.017997443675994873,0.8987269455736334,0.9205029010772705,0.0,0.956385612487793,19.071975708007812,18.67518598383123,1,11,1.0,1.0,1.0
internal,b0ca8c42fae0ebde,0.9883953332901001,0.9825705091158549,0.003302276134490967,0.9430183678865433,0.9512324333190918,0.9445279836654663,0.9883953332901001,18.854768753051758,18.2781099319458,1,20,1.0,1.0,1.0
internal,f41397da1cdb94ed,0.969443678855896,0.9659904440244039,0.003990352153778076,0.9544348865747452,0.9683001637458801,0.9475802779197693,0.969443678855896,19.708866119384766,19.402950286865234,1,8,1.0,1.0,1.0
internal,9bf84c8d63a1c75f,0.9653956890106201,0.9603381355603536,0.007087111473083496,0.9530909582972527,0.9686686396598816,0.9583085775375366,0.9653956890106201,18.367698669433594,19.258256196975708,1,8,1.0,1.0,1.0
internal,0cfb1add02fdf7d9,0.9450061321258545,0.9450061321258545,0.9450061321258545,0.9450061321258545,0.9450061321258545,0.9450061321258545,0.0,19.912960052490234,18.961902618408203,1,1,1.0,1.0,1.0
internal,fb9d8bdb1265249b,0.9799243211746216,0.9761593143145243,0.004141688346862793,0.9467505379156633,0.9736747145652771,0.0,0.9799243211746216,19.309324264526367,18.867664857344195,1,11,1.0,1.0,1.0
internal,ac6d67e0e9214f37,0.9799243211746216,0.9761593143145243,0.004141688346862793,0.9467505379156633,0.9736747145652771,0.9258759021759033,0.9799243211746216,19.309324264526367,18.867664857344195,1,11,1.0,1.0,1.0
internal,a74cad3b8dbe74fd,0.0,0.0,0.0,0.0,0.0,0.0,0.0,19.505197525024414,0.0,1,0,0.0,0.0,0.0
internal,e0d51b775b587295,0.9752883911132812,0.9478497902552286,0.027444124221801758,0.8855518479096262,0.8999486565589905,0.9752883911132812,0.9478442668914795,18.812196731567383,18.397178047581722,1,19,1.0,1.0,1.0
internal,6bb2ced74bf0a336,0.9412456750869751,0.9395172595977783,0.0034568309783935547,0.9395172595977783,0.9560174942016602,0.9412456750869751,0.0,18.930831909179688,18.622234344482422,1,2,1.0,1.0,1.0
internal,bbe44b2d20e208e3,0.9967778921127319,0.9636955261230469,0.06616473197937012,0.9636955261230469,0.980620265007019,0.9967778921127319,0.0,18.366039276123047,18.622234344482422,1,2,1.0,1.0,1.0
internal,1d1e76f83eaf0330,0.9808000326156616,0.9676190416018168,0.009138166904449463,0.9481140289987836,0.9592163562774658,0.9716618657112122,0.9808000326156616,19.360992431640625,18.76419448852539,1,7,1.0,1.0,1.0
internal,0c60f33ba180b6bf,0.972786545753479,0.9545139869054159,0.014881432056427002,0.9285991787910461,0.9394729137420654,0.957905113697052,0.972786545753479,19.526365280151367,18.76419448852539,1,7,1.0,1.0,1.0
internal,7172e54eddc11d06,0.9725300669670105,0.95408695936203,0.015584051609039307,0.9280140485082354,0.9388809204101562,0.9569460153579712,0.9725300669670105,19.52197265625,18.76419448852539,1,7,1.0,1.0,1.0
internal,c70fff44064b0bef,0.9750630855560303,0.958422323067983,0.012774527072906494,0.9349651506968907,0.9459133744239807,0.9622885584831238,0.9750630855560303,19.461387634277344,18.76419448852539,1,7,1.0,1.0,1.0
internal,696285d7e6fd31f5,0.9439560770988464,0.9239137371381124,0.028369247913360596,0.9079958541052682,0.9186283349990845,0.9439560770988464,0.9155868291854858,17.99958610534668,18.76419448852539,1,7,1.0,1.0,1.0
internal,dbe9c32b1aa63877,0.9921450018882751,0.9850073456764221,0.005444943904876709,0.9402691662311554,0.9520162343978882,0.9921450018882751,0.9867000579833984,19.955724716186523,18.237189197540282,1,20,1.0,1.0,1.0
internal,ad4a74854409d2b6,0.9942480325698853,0.9645696878433228,0.0437694787979126,0.9451505398750305,0.9539122581481934,0.9478209614753723,0.9942480325698853,18.84043312072754,18.06948844909668,1,25,1.0,1.0,1.0
internal,f27efe531a3a0348,0.9583961963653564,0.9498188098271688,0.00809025764465332,0.9342634636780311,0.9406003952026367,0.9361323118209839,0.9583961963653564,18.37932777404785,18.079021453857422,1,29,1.0,1.0,1.0
internal,14a97789fce5a468,0.9765041470527649,0.9649321436882019,0.008716046810150146,0.9314429097705417,0.9402890801429749,0.9677881002426147,0.9765041470527649,19.054046630859375,18.027550591362846,1,18,1.0,1.0,1.0
internal,0cec9e0b8cb47970,0.9667212963104248,0.9566672046979269,0.010622859001159668,0.9384608815113703,0.9470790028572083,0.0,0.9667212963104248,18.90239143371582,18.104671716690063,1,24,1.0,1.0,1.0
internal,56659ad682dd6a0b,0.9462490081787109,0.9376785159111023,0.011950075626373291,0.9323870042959849,0.9428637623786926,0.9342989325523376,0.9462490081787109,19.09402084350586,18.157959302266438,1,6,1.0,1.0,1.0
internal,b8e90c4dfa467e26,0.9367409944534302,0.9288564920425415,0.009673595428466797,0.9220384756724039,0.9323989748954773,0.9270673990249634,0.9367409944534302,19.824132919311523,18.157959302266438,1,6,1.0,1.0,1.0
internal,6371f804f07096c9,0.930048406124115,0.9223523139953613,0.00986093282699585,0.9153141776720682,0.9255991578102112,0.9201874732971191,0.930048406124115,19.716400146484375,18.157959302266438,1,6,1.0,1.0,1.0
internal,fd3fcf62cfe33a1a,0.9503949880599976,0.9435858130455017,0.008310079574584961,0.9367963373661041,0.9473226070404053,0.9420849084854126,0.9503949880599976,19.440719604492188,18.157959302266438,1,6,1.0,1.0,1.0
internal,84d15a995e67f3e1,0.9362870454788208,0.9308654467264811,0.006209254264831543,0.920596202214559,0.930940568447113,0.9362870454788208,0.9262315034866333,19.586977005004883,18.157959302266438,1,6,1.0,1.0,1.0
internal,67a8b1ef4cf70d17,0.9643142819404602,0.9504936734835306,0.01924377679824829,0.9425384799639384,0.9531293511390686,0.9450705051422119,0.9643142819404602,19.16150665283203,18.157959302266438,1,6,1.0,1.0,1.0
internal,e5624db28e57c482,0.9520552158355713,0.9466722011566162,0.006517648696899414,0.9417845408121744,0.9523670077323914,0.9455375671386719,0.9520552158355713,19.576961517333984,18.157959302266438,1,6,1.0,1.0,1.0
internal,8e2dfad983ac1ed8,0.933734118938446,0.9330909053484598,2.4974346160888672e-05,0.9305133521556854,0.9409691095352173,0.933734118938446,0.9318294525146484,19.550573348999023,18.157959302266438,1,6,1.0,1.0,1.0
internal,65bfc0de6a702899,0.9882314205169678,0.9844492276509603,0.004770874977111816,0.9719322415498587,0.9822486639022827,0.9882314205169678,0.9723783135414124,19.194229125976562,18.549128165611855,1,13,1.0,1.0,1.0
internal,1d9b5ba9f97ea847,0.9961056113243103,0.9879406889279684,0.009373247623443604,0.9726678958305945,0.9829922318458557,0.9961056113243103,0.980984091758728,18.712736129760742,18.549128165611855,1,13,1.0,1.0,1.0
internal,01c8f7e9ee59a956,0.9839503765106201,0.9715768098831177,0.01611924171447754,0.9502621843264654,0.9625229835510254,0.9839503765106201,0.9503582119941711,19.2611026763916,18.520139107337364,1,13,1.0,1.0,1.0
internal,01d7dc528482a6f5,0.9767060279846191,0.9693701068560282,0.007867872714996338,0.9539103645544785,0.9640355110168457,0.9767060279846191,0.9510261416435242,19.37308692932129,18.549128165611855,1,13,1.0,1.0,1.0
internal,7d2135871c58118c,0.9503457546234131,0.9458285371462504,0.0063988566398620605,0.9307669492868277,0.9426952600479126,0.943946897983551,0.9503457546234131,19.193016052246094,18.518970049344578,1,13,1.0,1.0,1.0
internal,8cea9b0c33f7139a,0.9710014462471008,0.969883143901825,0.0003445744514465332,0.940048771245139,0.985206127166748,0.9679911136627197,0.9710014462471008,18.844970703125,18.807117462158203,1,7,1.0,1.0,1.0
internal,dc2e849326379a88,0.9854927062988281,0.9719963073730469,0.01754307746887207,0.9377789412225995,0.982827365398407,0.9625465869903564,0.9854927062988281,19.177946090698242,18.807117462158203,1,7,1.0,1.0,1.0
internal,dc4793a3353a8ccd,0.961793065071106,0.9515505035718282,0.0006802082061767578,0.9120742400487264,0.9265381097793579,0.0,0.961793065071106,18.75064468383789,18.3110710144043,1,15,1.0,1.0,1.0
internal,075118cbf5c2ba40,0.9977006316184998,0.9807601968447367,0.010564923286437988,0.9441452980041504,0.959907054901123,0.9977006316184998,0.9574442505836487,20.14203453063965,18.863196182250977,1,10,1.0,1.0,1.0
internal,028c0f05706e6ed2,0.9709611535072327,0.9655101100603739,0.00022047758102416992,0.9491763363281885,0.9672408103942871,0.944881021976471,0.9709611535072327,19.367473602294922,18.69833739598592,1,12,1.0,1.0,1.0
internal,2660586568093fc4,0.8881317377090454,0.8795299132664999,0.005536317825317383,0.838169182340304,0.8513047695159912,0.8301277160644531,0.8881317377090454,18.150775909423828,18.75663963953654,1,12,1.0,1.0,1.0
internal,d51cc7f3e71a9453,0.884922981262207,0.8773749669392904,0.0091133713722229,0.8436082154512405,0.8567351698875427,0.8390427827835083,0.884922981262207,18.60550880432129,18.714871406555176,1,12,1.0,1.0,1.0
internal,3effedf9a0a09928,0.9791932702064514,0.9787952105204264,3.9637088775634766e-05,0.9653435200452805,0.9837155938148499,0.9611047506332397,0.9791932702064514,18.626541137695312,18.69833739598592,1,12,1.0,1.0,1.0
internal,e15fbb1419b3a0da,0.9781355857849121,0.9778391520182291,0.0003019571304321289,0.9474190870920817,0.9654500484466553,0.9334675073623657,0.9781355857849121,19.429954528808594,18.69833739598592,1,12,1.0,1.0,1.0
internal,043f78241bead226,0.989037036895752,0.9828534722328186,0.006556510925292969,0.9553615699211756,0.9727203249931335,0.989037036895752,0.9405871629714966,19.190065383911133,18.681991895039875,1,12,1.0,1.0,1.0
internal,c517adf359948c90,0.9572027921676636,0.918100118637085,0.020993351936340332,0.851404070854187,0.863860547542572,0.9572027921676636,0.8608881235122681,18.838172912597656,18.316130784841683,1,26,1.0,1.0,1.0
internal,69271ffa5dbd80eb,0.949901282787323,0.9414506157239279,0.009888708591461182,0.9226090439728328,0.9319413900375366,0.9309178590774536,0.949901282787323,18.998027801513672,18.1112574168614,1,28,1.0,1.0,1.0
internal,db060d8ab85e3881,0.9476739168167114,0.9384981989860535,0.006815910339355469,0.9189053806993697,0.9336068630218506,0.925666093826294,0.9476739168167114,18.687030792236328,18.09720770517985,1,18,1.0,1.0,1.0
internal,fa29c9692318ae00,0.9411850571632385,0.9355627099672953,0.00716632604598999,0.9205641512359891,0.9298757910728455,0.927492618560791,0.9411850571632385,18.97115135192871,18.1112574168614,1,28,1.0,1.0,1.0
internal,3d382fbc54e195b9,0.9476739168167114,0.9384981989860535,0.006815910339355469,0.9189053806993697,0.9336068630218506,0.925666093826294,0.9476739168167114,18.687030792236328,18.09720770517985,1,18,1.0,1.0,1.0
internal,3aa14b3a7de60845,0.9957639575004578,0.9950813253720602,0.0008997917175292969,0.9441958315232221,0.959120512008667,0.9957639575004578,0.9946158528327942,19.3403263092041,18.25283218832577,1,17,1.0,1.0,1.0
internal,84435b09592f3463,0.9951769113540649,0.9760065277417501,0.02785390615463257,0.9461759597063064,0.9537836313247681,0.9951769113540649,0.9673230051994324,18.42265510559082,18.128330993652344,1,20,1.0,1.0,1.0
internal,d2c575e9e651437a,0.9980241060256958,0.979798416296641,0.026572048664093018,0.9520836979150772,0.9597387909889221,0.9980241060256958,0.9714520573616028,18.300336837768555,18.128330993652344,1,20,1.0,1.0,1.0
internal,55b3d623a760425d,0.9775540232658386,0.9753634730974833,0.0006528496742248535,0.9598223865032196,0.9699232578277588,0.9691792726516724,0.9775540232658386,19.322368621826172,18.34971787379338,1,26,1.0,1.0,1.0
internal,1714c083587607d2,0.984097957611084,0.9747334718704224,0.012025654315948486,0.9436549276113511,0.9548187255859375,0.984097957611084,0.9720723032951355,18.82504653930664,18.468239498138427,1,20,1.0,1.0,1.0
internal,40d010551bc05a07,0.9940463304519653,0.9651263157526652,0.03137862682342529,0.9094901581605276,0.9211426973342896,0.9940463304519653,0.96266770362854,18.432756423950195,18.15618101755778,1,24,1.0,1.0,1.0
internal,c06cec604342c3b4,0.9445875287055969,0.9442293047904968,0.0003959536552429199,0.9414410652785465,0.9434471130371094,0.9343094229698181,0.9445875287055969,18.74444007873535,17.930051737818225,1,29,1.0,1.0,1.0
internal,c22470ee11abc815,0.9470459818840027,0.9452750285466512,0.0024584531784057617,0.9418802569652426,0.9436730742454529,0.9470459818840027,0.9445875287055969,18.74444007873535,17.916009771412817,1,29,1.0,1.0,1.0
internal,6a68025dd21afb99,0.9749667644500732,0.9593173464139303,0.023437082767486572,0.9414883337237618,0.9525945782661438,0.9418941736221313,0.9749667644500732,19.152753829956055,18.182580080899324,1,22,1.0,1.0,1.0
internal,2b5dda6cc8f7f928,0.9749667644500732,0.9593173464139303,0.023437082767486572,0.9414883337237618,0.9525946378707886,0.9514555931091309,0.9749667644500732,19.152753829956055,18.182580080899324,1,22,1.0,1.0,1.0
internal,e16e594dbda50c6e,0.9749667644500732,0.9593173464139303,0.023437082767486572,0.9414883337237618,0.9525945782661438,0.9749667644500732,0.9514555931091309,19.152753829956055,18.182580080899324,1,22,1.0,1.0,1.0
internal,fecbb15737b78ea5,0.9897685647010803,0.9838923017183939,0.008763492107391357,0.9829000383615494,0.9853435158729553,0.9897685647010803,0.0,18.255983352661133,18.368122100830078,1,4,1.0,1.0,1.0
internal,f1b394c72eaf026b,0.9458282589912415,0.9445897340774536,0.0015104413032531738,0.9439248144626617,0.9462713599205017,0.9458282589912415,0.0,19.018842697143555,18.368122100830078,1,4,1.0,1.0,1.0
internal,5cbf1c668d8efaab,0.9604880809783936,0.959459920724233,0.0006789565086364746,0.9583769291639328,0.9607594609260559,0.9604880809783936,0.0,18.996543884277344,18.368122100830078,1,4,1.0,1.0,1.0
internal,5d250f8757a707a2,0.9539973735809326,0.9527740478515625,0.00044929981231689453,0.95038703083992,0.9527497291564941,0.9539973735809326,0.0,19.57651138305664,18.368122100830078,1,4,1.0,1.0,1.0
internal,30e228c77882a254,0.957567036151886,0.9538058638572693,0.0048850178718566895,0.9509593099355698,0.9533233642578125,0.957567036151886,0.0,19.37746238708496,18.368122100830078,1,4,1.0,1.0,1.0
internal,6d335ddaa5c1edfc,0.9448246955871582,0.9428976774215698,0.0008399486541748047,0.9415473192930222,0.9438880681991577,0.9448246955871582,0.0,19.368541717529297,18.368122100830078,1,4,1.0,1.0,1.0
internal,2f3a32c796b2a4f5,0.9266560673713684,0.9055861234664917,0.02181464433670044,0.8712908652695742,0.877777099609375,0.9266560673713684,0.904841423034668,19.004636764526367,18.24248660694469,1,22,1.0,1.0,1.0
internal,3758c8966ed3d924,0.9488382339477539,0.934403121471405,0.009075045585632324,0.901832103729248,0.9169905185699463,0.9397631883621216,0.9488382339477539,19.248271942138672,18.33502904106589,1,17,1.0,1.0,1.0
internal,40bb560ab40aa615,0.9703200459480286,0.9516314665476481,0.009112536907196045,0.8958431827394586,0.9111458659172058,0.9703200459480286,0.9233668446540833,19.88010597229004,18.329986873425934,1,19,1.0,1.0,1.0
internal,adec60c8ff03ca67,0.9517000913619995,0.9410427808761597,0.010363340377807617,0.8995240791277452,0.9095481634140015,0.9240173697471619,0.9517000913619995,18.45503807067871,18.33692082491788,1,22,1.0,1.0,1.0
internal,0dd294cf3281077e,0.9652120471000671,0.9636954466501871,0.0007551312446594238,0.9277346096932888,0.9434658288955688,0.9328630566596985,0.9652120471000671,18.709054946899414,18.2833034992218,1,16,1.0,1.0,1.0
internal,587dbceb539d8e0c,0.9292283058166504,0.9227463006973267,0.0026252269744873047,0.8767690704419062,0.8974769711494446,0.8704828023910522,0.9292283058166504,18.43760108947754,18.434807704045223,1,13,1.0,1.0,1.0
internal,83ca6900e513b5eb,0.9299769401550293,0.9242612918217977,0.0033267736434936523,0.8808345336180466,0.9015005826950073,0.873144268989563,0.9299769401550293,18.39824676513672,18.45741389347957,1,13,1.0,1.0,1.0
internal,37f93a76375dbcfa,0.9428586959838867,0.9395886262257894,0.0023921728134155273,0.9044515703405652,0.91295325756073,0.9013054370880127,0.9428586959838867,18.53891944885254,18.028422832489014,1,28,1.0,1.0,1.0
internal,beed0d7e5463e30a,0.9796398282051086,0.9698999325434366,0.0011872649192810059,0.9420418952192579,0.9494950175285339,0.9503018856048584,0.9796398282051086,18.34747886657715,17.99976328441075,1,28,1.0,1.0,1.0
internal,967398ee80658add,0.9630276560783386,0.9428085684776306,0.02926856279373169,0.9259256031364202,0.9329965114593506,0.0,0.9630276560783386,18.72621726989746,18.067448556423187,1,32,1.0,1.0,1.0
internal,5047f4a93a3c25fe,0.9709327816963196,0.9502021074295044,0.03008335828781128,0.9328615407148997,0.9407573938369751,0.9709327816963196,0.9408494234085083,19.441368103027344,18.089869181315105,1,30,1.0,1.0,1.0
internal,7acd27bae7190c07,0.9742986559867859,0.955329418182373,0.028447628021240234,0.9345995247364044,0.9412807822227478,0.9742986559867859,0.9458510279655457,19.556188583374023,18.0168940226237,1,30,1.0,1.0,1.0
internal,f7dcbe3fa6a98b0b,0.9693818092346191,0.9432379802068075,0.03916376829147339,0.924390063683192,0.9309983849525452,0.9693818092346191,0.9302180409431458,19.607601165771484,18.0168940226237,1,30,1.0,1.0,1.0
internal,a502c9b7291d53c7,0.9404090046882629,0.939972976843516,0.0001564621925354004,0.9313983507454395,0.9377501010894775,0.0,0.9404090046882629,19.71431541442871,18.074792742729187,1,32,1.0,1.0,1.0
internal,7809faae9b2a82ad,0.9039700031280518,0.8880448738733927,0.01758575439453125,0.8533031653474878,0.8599271774291992,0.0,0.9039700031280518,18.079437255859375,18.012301904183847,1,27,1.0,1.0,1.0
internal,0241e68088ffcaf8,0.983744740486145,0.9826692740122477,0.000897526741027832,0.9739732791980108,0.9907525777816772,0.9828472137451172,0.983744740486145,19.30730438232422,18.73641061782837,1,12,1.0,1.0,1.0
internal,b49492f805f5b937,0.9729799032211304,0.9694760839144388,0.004943132400512695,0.9512289017438889,0.9692215323448181,0.9600073099136353,0.9729799032211304,19.39925765991211,18.806862354278564,1,12,1.0,1.0,1.0
internal,7b3a01274417d1cc,0.9833742380142212,0.9792152643203735,0.0057662129402160645,0.9473527570565542,0.9632630944252014,0.9833742380142212,0.9776080250740051,19.837604522705078,18.767231464385986,1,12,1.0,1.0,1.0
internal,4acc5cb179410225,0.964645504951477,0.9634940226872762,0.0013426542282104492,0.9392167528470358,0.9577330350875854,0.0,0.964645504951477,19.525344848632812,18.702354113260906,1,12,1.0,1.0,1.0
internal,b027aea1beded653,0.8700393438339233,0.8546344041824341,0.020881175994873047,0.8271464884281159,0.8323960304260254,0.828047513961792,0.8700393438339233,18.550485610961914,18.16321954727173,1,20,1.0,1.0,0.95
internal,5465cf4232987b41,0.9810740947723389,0.9772491455078125,0.005289912223815918,0.9430671393871307,0.9513913989067078,0.0,0.9810740947723389,19.59729766845703,18.313471603393555,1,20,1.0,1.0,1.0
internal,935b96ff75ebcc5c,0.8635181784629822,0.8529576460520426,0.010995090007781982,0.8080670267343522,0.8147990107536316,0.8635181784629822,0.8525230884552002,17.9697208404541,18.218303871154784,1,20,1.0,1.0,0.45
internal,5c7bcf50690be1de,0.9643049240112305,0.939517617225647,0.02187901735305786,0.9189774791399637,0.9529101252555847,0.9643049240112305,0.9118220210075378,18.3817138671875,19.048689206441242,1,6,1.0,1.0,1.0
internal,7b6f39fdbd3f6add,0.9600422382354736,0.9600422382354736,0.9600422382354736,0.9600422382354736,0.9600422382354736,0.9600422382354736,0.0,19.08641242980957,18.558494567871094,1,1,1.0,1.0,1.0
internal,a7e2e55e827548e8,0.9990199208259583,0.9762136340141296,0.034034013748168945,0.946164588133494,0.9593017101287842,0.9990199208259583,0.0,19.44590187072754,18.79580518934462,1,9,1.0,1.0,1.0
internal,565a4f1d93ac8656,0.9836775660514832,0.9791277249654134,0.0017856955528259277,0.9570605158805847,0.9678018689155579,0.9836775660514832,0.0,19.39897346496582,18.87342707316081,1,9,1.0,1.0,1.0
internal,d1ae2ff7d6a770ce,0.9296491146087646,0.9252626498540243,0.005975127220153809,0.9140848716100057,0.9233509302139282,0.9296491146087646,0.0,18.019489288330078,18.896591398451065,1,9,1.0,1.0,1.0
internal,208bb11d40a15a9a,0.9785950183868408,0.9759446779886881,0.0018616318702697754,0.9590745502048068,0.9713536500930786,0.9785950183868408,0.0,19.45760154724121,19.04409344991048,1,9,1.0,1.0,1.0
internal,3d790c9ce9f5b0cb,0.9513450860977173,0.9460877577463785,0.0061386823654174805,0.9210356644221714,0.9361733198165894,0.9513450860977173,0.9452064037322998,18.491390228271484,18.426116398402623,1,14,1.0,1.0,1.0
internal,fc84bd3b0d7427a5,0.9570730924606323,0.9526243607203165,0.004547119140625,0.9057983027564155,0.9187393188476562,0.9570730924606323,0.9525259733200073,18.9266357421875,18.44483428531223,1,18,1.0,1.0,1.0
internal,f97b1ebc7edea2de,1.0,0.9771878918011984,0.03111332654953003,0.9254799593578685,0.9482038021087646,1.0,0.962677001953125,19.248271942138672,18.79504533247514,1,11,1.0,1.0,1.0
internal,a73f348566a7301b,0.98785400390625,0.9746715426445007,0.018755674362182617,0.957544977014715,0.9700443148612976,0.0,0.98785400390625,18.784032821655273,18.12246695431796,1,22,1.0,1.0,1.0
internal,11fb43381f24dbf8,0.975145697593689,0.9622852802276611,0.010631799697875977,0.9292106678088506,0.9419173002243042,0.9258787035942078,0.975145697593689,19.377931594848633,18.1452153523763,1,24,1.0,1.0,1.0
internal,15c1b0b59796da0e,0.9159579277038574,0.9006807605425516,0.01014488935470581,0.8368402926818185,0.8482133150100708,0.8380869030952454,0.9159579277038574,18.228498458862305,18.12656485516092,1,23,1.0,1.0,0.9565217391304348
internal,3030a31d1c73c404,0.9696160554885864,0.9603991905848185,0.002428114414215088,0.9349691033363342,0.9498299956321716,0.9337158203125,0.9696160554885864,18.77587890625,18.20382308959961,1,25,1.0,1.0,1.0
internal,299ea557f28dac75,0.9673174023628235,0.957272986570994,0.008143365383148193,0.9349272513389587,0.9497983455657959,0.934047281742096,0.9673174023628235,18.829307556152344,18.147798309326173,1,25,1.0,1.0,1.0
internal,fe386ba1f05612e6,0.9685283303260803,0.9577423334121704,0.009531915187835693,0.9352236199378967,0.9500994086265564,0.9348238706588745,0.9685283303260803,18.961772918701172,18.147798309326173,1,25,1.0,1.0,1.0
internal,0d66f530d93a05a5,0.9594589471817017,0.9380443692207336,0.031405508518218994,0.9165519139041072,0.9290082454681396,0.9137733578681946,0.9594589471817017,18.612674713134766,18.12656485516092,1,23,1.0,1.0,1.0
internal,84af76253b87c5fb,0.9431864619255066,0.917499840259552,0.037256062030792236,0.8788048510368054,0.8883136510848999,0.8828684687614441,0.9431864619255066,19.11844253540039,18.09132774059589,1,26,1.0,1.0,1.0
internal,93a3be7230776f49,0.9784735441207886,0.9726909200350443,0.004669487476348877,0.9247917048633099,0.9401033520698547,0.9784735441207886,0.9158082008361816,18.59177017211914,18.221354484558105,1,16,1.0,1.0,1.0
internal,adb92b3306c33a5e,0.9567285180091858,0.9494115710258484,0.006674528121948242,0.9186280965805054,0.932554304599762,0.9567285180091858,0.9500539898872375,18.886327743530273,18.590140342712402,1,14,1.0,1.0,1.0
internal,061379cb4f387d33,0.9695416688919067,0.9519733587900797,0.012094378471374512,0.9152146299680074,0.9253448247909546,0.0,0.9695416688919067,18.027538299560547,18.232716242472332,1,30,1.0,1.0,1.0
internal,35c1cb69b0ac88d4,0.9748053550720215,0.9607888658841451,0.02013915777206421,0.9446273170984708,0.9499632120132446,0.9748053550720215,0.9546661972999573,19.36747932434082,18.220100842989407,1,26,1.0,1.0,1.0
internal,e69ac2ae1cdb0772,0.9186346530914307,0.9163155555725098,0.0005745887756347656,0.8958182763308287,0.9008044004440308,0.9066047668457031,0.9186346530914307,18.774850845336914,18.07587367296219,1,32,1.0,1.0,1.0
internal,9e2e5cbadb741394,0.9664109945297241,0.9648890097935995,0.0005252361297607422,0.9422766923904419,0.9550284743309021,0.0,0.9664109945297241,19.043258666992188,18.36356391906738,1,20,1.0,1.0,1.0
internal,cc46dd7ba5dda297,0.9532695412635803,0.9438860019048055,0.012493550777435303,0.9169822096824646,0.9293917417526245,0.0,0.9532695412635803,18.778337478637695,18.36356391906738,1,20,1.0,1.0,1.0
internal,aba434dc48e60fd7,0.969938337802887,0.9673523108164469,0.003131270408630371,0.9332756542024159,0.9471012949943542,0.9668070673942566,0.969938337802887,18.792818069458008,18.40265364873977,1,21,1.0,1.0,1.0
internal,a35c44279c5e4e87,0.9650365710258484,0.9609329501787821,0.0014750361442565918,0.936428216099739,0.9488311409950256,0.0,0.9650365710258484,18.94426727294922,18.345306968688966,1,20,1.0,1.0,1.0
internal,79796e12c350d103,0.9395193457603455,0.9219769239425659,0.016564786434173584,0.8773559100098081,0.8907846212387085,0.9395193457603455,0.9229545593261719,18.67399024963379,18.360012902153862,1,18,1.0,1.0,1.0
internal,8b93be38df67daf2,0.9582384824752808,0.9560264547665914,0.0030237436294555664,0.9500099942088127,0.954066812992096,0.9582384824752808,0.9552147388458252,19.143659591674805,18.38733685016632,1,16,1.0,1.0,1.0
internal,549b2e28bcc48aef,0.946175754070282,0.9429724415143331,0.004241526126861572,0.9377697333693504,0.9417741894721985,0.946175754070282,0.9419342279434204,19.305315017700195,18.38733685016632,1,16,1.0,1.0,1.0
internal,31d372ebc5f8ee66,0.9614575505256653,0.959480901559194,0.0027083754539489746,0.95453841984272,0.9586144685745239,0.9614575505256653,0.9582359790802002,19.344316482543945,18.38733685016632,1,16,1.0,1.0,1.0
internal,cbed4324a4dbb805,0.9078187942504883,0.8889078895250956,0.016804218292236328,0.8238735437393189,0.8381267786026001,0.0,0.9078187942504883,19.554641723632812,18.162129211425782,1,20,1.0,1.0,0.65
internal,e8c2148265c37a1a,0.949611246585846,0.9374978343645731,0.008327305316925049,0.9089558124542236,0.9229641556739807,0.0,0.949611246585846,19.082073211669922,18.133557728358678,1,21,1.0,1.0,1.0
internal,9acd83a3179af89c,0.9805580973625183,0.9772770404815674,0.0014099478721618652,0.9556529550325303,0.9703810214996338,0.0,0.9805580973625183,18.908815383911133,18.133557728358678,1,21,1.0,1.0,1.0
internal,ae69170058770e3e,0.9646732807159424,0.9581039150555929,0.00879126787185669,0.9305054992437363,0.946603536605835,0.0,0.9646732807159424,19.41797637939453,18.162129211425782,1,20,1.0,1.0,1.0
internal,343d1f0a1d4ba6e0,0.9465460777282715,0.9337190190951029,0.010033965110778809,0.8944928497076035,0.9099680185317993,0.0,0.9465460777282715,18.994163513183594,18.162129211425782,1,20,1.0,1.0,1.0
internal,cc01474cfd506fc3,0.9776477813720703,0.9700134992599487,0.00299072265625,0.9503612489927382,0.9650077223777771,0.0,0.9776477813720703,18.50592041015625,18.133557728358678,1,21,1.0,1.0,1.0
internal,a7c98d5952d77457,0.9956141114234924,0.9890973965326945,0.009742140769958496,0.9747000169754029,0.9849598407745361,0.9956141114234924,0.9858061075210571,18.365015029907227,18.179538345336915,1,25,1.0,1.0,1.0
internal,ce43057fa5a331cf,0.9946327805519104,0.9935712814331055,0.0010855793952941895,0.9812266612052918,0.9915553331375122,0.9946327805519104,0.9935472011566162,18.019521713256836,18.179538345336915,1,25,1.0,1.0,1.0
internal,6919f9e070f24901,0.9448144435882568,0.9326615929603577,0.017048001289367676,0.9108358740806579,0.9204235076904297,0.9139629006385803,0.9448144435882568,19.20827865600586,18.179538345336915,1,25,1.0,1.0,1.0
internal,8adfeceaeb2c0745,0.992201030254364,0.9904144803682963,0.002301514148712158,0.9807196943848221,0.9884219765663147,0.0,0.992201030254364,18.759496688842773,18.21197940685131,1,27,1.0,1.0,1.0
internal,f28e825a055f9764,0.9882361888885498,0.9748496015866598,0.015638649463653564,0.9551067595128659,0.9626079201698303,0.0,0.9882361888885498,18.634798049926758,18.21197940685131,1,27,1.0,1.0,1.0
internal,a5eb85431f39cf72,0.9434173107147217,0.9380865891774496,0.0021866559982299805,0.9147876562743351,0.9220125675201416,0.0,0.9434173107147217,18.250911712646484,18.219444603755555,1,29,1.0,1.0,1.0
internal,18d40843657bacde,0.9488838911056519,0.9390587011973063,0.011243224143981934,0.9166139487562508,0.9238534569740295,0.0,0.9488838911056519,17.848587036132812,18.219444603755555,1,29,1.0,1.0,1.0
internal,60f1080eb9cd452f,0.9418509006500244,0.9311961134274801,0.015405774116516113,0.9073608467976252,0.9145492911338806,0.0,0.9418509006500244,18.706722259521484,18.17149035135905,1,24,1.0,1.0,1.0
internal,2c1256077df74d34,0.955058753490448,0.9396474957466125,0.02242344617843628,0.9132218162218729,0.9203939437866211,0.0,0.955058753490448,18.18573570251465,18.21197940685131,1,27,1.0,1.0,1.0
internal,dc3ebf51fa21a70a,0.8466873168945312,0.8301386833190918,0.033097267150878906,0.8301386833190918,0.8347944021224976,0.8466873168945312,0.0,18.049013137817383,18.706026077270508,1,2,1.0,1.0,1.0
internal,1fa6db9950932879,0.9564516544342041,0.9425084590911865,0.027886390686035156,0.9425084590911865,0.9477943181991577,0.9564516544342041,0.0,19.23833465576172,18.706026077270508,1,2,1.0,1.0,1.0
internal,8fd18627fdc24413,0.903213381767273,0.885318785905838,0.03578919172286987,0.885318785905838,0.8902839422225952,0.903213381767273,0.0,18.88011360168457,18.706026077270508,1,2,1.0,1.0,1.0
internal,7fb902d95f6bc56c,0.8606287837028503,0.8417689502239227,0.037719666957855225,0.8417689502239227,0.8464898467063904,0.8606287837028503,0.0,18.614633560180664,18.706026077270508,1,2,1.0,1.0,1.0
internal,c028d395204a2520,0.939890444278717,0.9235102335611979,0.01676476001739502,0.8849658993157473,0.8948147296905518,0.8951174020767212,0.939890444278717,18.57459259033203,18.139741984280672,1,22,1.0,1.0,1.0
internal,36224bcb27488d4a,0.9778999090194702,0.9739892880121866,0.002103567123413086,0.9507689882408489,0.9617218971252441,0.9539105892181396,0.9778999090194702,18.751113891601562,18.168256066062234,1,22,1.0,1.0,1.0
internal,40dfd85b1bcd04ab,0.969500720500946,0.9623493552207947,0.008468270301818848,0.9425142515789379,0.953003466129303,0.9444661736488342,0.969500720500946,18.850902557373047,18.139741984280672,1,22,1.0,1.0,1.0
internal,79c73ebf0f804f32,0.9774714708328247,0.9715537428855896,0.00595855712890625,0.9504669146104292,0.9614163637161255,0.9586548805236816,0.9774714708328247,19.359586715698242,18.168256066062234,1,22,1.0,1.0,1.0
internal,f88a2ee1e9819f85,0.9842572212219238,0.9652313590049744,0.019021332263946533,0.9286513646443685,0.9393018484115601,0.9842572212219238,0.9652358889579773,19.66506004333496,18.563706080118816,1,15,1.0,1.0,1.0
internal,e7ebca553e1541d9,0.9747031331062317,0.9552897810935974,0.020886659622192383,0.9183149814605713,0.928847074508667,0.9747031331062317,0.9538164734840393,19.250503540039062,18.563706080118816,1,15,1.0,1.0,1.0
internal,f03817bfe9dd8f56,0.9213190078735352,0.9013479948043823,0.01011359691619873,0.8617969639599323,0.8752450942993164,0.0,0.9213190078735352,18.75554847717285,18.43818485736847,1,16,1.0,1.0,1.0
internal,d2b7fd6a8f81bc0a,0.9718701839447021,0.9630629022916158,0.012251079082489014,0.9327858520878686,0.9463739395141602,0.0,0.9718701839447021,19.385862350463867,18.41510083940294,1,18,1.0,1.0,1.0
internal,3571bb010a6f07fc,0.9675268530845642,0.9480900367101034,0.02055180072784424,0.9160050834928241,0.925355851650238,0.0,0.9675268530845642,19.260080337524414,18.2186222076416,1,21,1.0,1.0,1.0
internal,5d5eb278731cbebc,0.9793457388877869,0.9752447605133057,0.002657175064086914,0.9348099451316031,0.9511299729347229,0.9793457388877869,0.9766885638237,19.3750057220459,18.33975561041581,1,19,1.0,1.0,1.0
internal,ad82d6abe12cf8b7,0.943677544593811,0.9405062596003214,0.0010176897048950195,0.920645980834961,0.9305720925331116,0.0,0.943677544593811,18.735183715820312,18.179579391479493,1,25,1.0,1.0,1.0
internal,20e99165f802a3a6,0.977913498878479,0.9733467499415079,0.0009686946868896484,0.944824603470889,0.9582621455192566,0.977913498878479,0.9769448041915894,18.532991409301758,18.210589842362836,1,22,1.0,1.0,1.0
internal,f43e7c99273ea092,0.978164792060852,0.9591080943743387,0.026791810989379883,0.930855367494666,0.9421239495277405,0.0,0.978164792060852,19.634706497192383,18.151756286621094,1,23,1.0,1.0,1.0
internal,18839d9dd01a74a7,0.9805529117584229,0.978526751200358,0.0027910470962524414,0.9500838409770619,0.9650622010231018,0.9406493306159973,0.9805529117584229,18.9825439453125,18.52988711270419,1,11,1.0,1.0,1.0
internal,3912d9656b57350d,0.9934050440788269,0.9806799292564392,0.0029761195182800293,0.9565936028957367,0.9686628580093384,0.9576431512832642,0.9934050440788269,19.39268684387207,18.39514748255412,1,12,1.0,1.0,1.0
internal,894b52ea84474d5f,0.9937025308609009,0.9802315433820089,0.004368185997009277,0.9564581761757532,0.968525767326355,0.9576577544212341,0.9937025308609009,19.216110229492188,18.39514748255412,1,12,1.0,1.0,1.0
internal,87e6828b031ebe6c,0.0,0.0,0.0,0.0,0.0,0.0,0.0,19.02061653137207,0.0,1,0,0.0,0.0,0.0
internal,59ece7aefacfc969,0.9905668497085571,0.9888198375701904,0.0007169246673583984,0.979775282052847,0.9867190718650818,0.9898499250411987,0.9905668497085571,18.65118408203125,18.18804931640625,2,13,1.0,1.0,1.0
internal,6bcca438e86457e3,0.9813634157180786,0.9578630129496256,0.033042073249816895,0.9403047507459467,0.9609674215316772,0.9427148103713989,0.9813634157180786,19.231760025024414,18.58257363059304,1,11,1.0,1.0,1.0
internal,50178ce5e014009e,0.9825263023376465,0.9565123716990153,0.038339853286743164,0.9403619603677229,0.9610257148742676,0.9428243637084961,0.9825263023376465,19.048643112182617,18.58257363059304,1,11,1.0,1.0,1.0
internal,8557ba5041f74deb,0.9543861150741577,0.9490928451220194,0.001794278621673584,0.9345190145752647,0.955054521560669,0.9403005838394165,0.9543861150741577,18.47957992553711,18.58257363059304,1,11,1.0,1.0,1.0
internal,df197089cf18a66c,0.9871720671653748,0.9765503207842509,0.007238626480102539,0.9471775835210626,0.9637742638587952,0.9871720671653748,0.9569195508956909,19.58919334411621,18.871445742520418,1,11,1.0,1.0,1.0
internal,c632c05c90fc8984,0.9915704727172852,0.9820201595624288,0.013496100902557373,0.9561590173027732,0.9738349318504333,0.9915704727172852,0.9647678136825562,19.82151985168457,18.948329058560457,1,11,1.0,1.0,1.0
internal,27848ff21ef27eaf,0.9879457950592041,0.9832221666971842,0.004845023155212402,0.9652809175578031,0.9816795587539673,0.9879457950592041,0.9786199331283569,19.427671432495117,18.77782526883212,1,11,1.0,1.0,1.0
internal,d200021363a7bc83,0.9816868901252747,0.9773788650830587,0.0030354857444763184,0.9482251893390309,0.9648401141166687,0.9816868901252747,0.9552506804466248,19.671239852905273,18.871445742520418,1,11,1.0,1.0,1.0
internal,197963e054b43c45,0.9583248496055603,0.9555713136990865,0.0002511143684387207,0.9368448853492737,0.9517092704772949,0.9318872094154358,0.9583248496055603,18.957977294921875,18.828077142888848,1,11,1.0,1.0,1.0
internal,0dbac171fae3b004,0.9583248496055603,0.9555713136990865,0.0002511143684387207,0.9368448853492737,0.9517092704772949,0.9318872094154358,0.9583248496055603,18.957977294921875,18.828077142888848,1,11,1.0,1.0,1.0
internal,9eac56ac24e60034,0.9289839863777161,0.9232831796010336,0.007650315761566162,0.9056670020023981,0.9148180484771729,0.9179441928863525,0.9289839863777161,19.564205169677734,18.05869960784912,1,12,1.0,1.0,1.0
internal,a3542825e488255d,0.9882620573043823,0.9786852995554606,0.006893277168273926,0.9595918966376263,0.9679710268974304,0.9664250612258911,0.9882620573043823,18.567251205444336,18.091639145560887,1,23,1.0,1.0,1.0
internal,14aa4385c81c4305,0.9799608588218689,0.9725520014762878,0.005805552005767822,0.9464839450244246,0.9581805467605591,0.9532853960990906,0.9799608588218689,18.543872833251953,18.11075421037345,1,29,1.0,1.0,1.0
internal,012ea1f1f7d559e6,0.9758526086807251,0.9617152214050293,0.004576683044433594,0.9327661991119385,0.9414030909538269,0.9712759256362915,0.9758526086807251,18.733617782592773,18.126952216738747,1,21,1.0,1.0,1.0
internal,f9606eedd8e73d32,0.9519898295402527,0.9313032428423563,0.02816849946975708,0.8985710172426133,0.9068913459777832,0.9159817695617676,0.9519898295402527,19.453359603881836,18.126952216738747,1,21,1.0,1.0,1.0
internal,fb71b9fe038ed0a2,0.9890355467796326,0.9877133766810099,0.0008601546287536621,0.9638783401913114,0.9792391061782837,0.9890355467796326,0.0,19.60593605041504,18.99951108296712,1,9,1.0,1.0,1.0
internal,aacfafe6729f0786,0.9882715344429016,0.9850000739097595,0.002462923526763916,0.9726044999228584,0.9881042838096619,0.9882715344429016,0.0,19.640052795410156,18.99951108296712,1,9,1.0,1.0,1.0
internal,ba90af434cdbbbd8,0.9799391031265259,0.9799391031265259,0.9799391031265259,0.9799391031265259,0.9799391031265259,0.9799391031265259,0.0,19.378950119018555,19.615222930908203,1,1,1.0,1.0,1.0
internal,4dbf6d31fa65daef,0.9940063953399658,0.9940063953399658,0.9940063953399658,0.9940063953399658,0.9940063953399658,0.9940063953399658,0.0,19.804731369018555,19.615222930908203,1,1,1.0,1.0,1.0
internal,a0a7b69ab1eb64ab,0.9895855188369751,0.9818189144134521,0.01120448112487793,0.9631467048938458,0.9821129441261292,0.9895855188369751,0.9783810377120972,19.393342971801758,18.71988164461576,1,13,1.0,1.0,1.0
internal,d5b5ccb7b0a1fdbf,0.9921168088912964,0.9819565812746683,0.011791884899139404,0.9591492185225854,0.9780368208885193,0.9921168088912964,0.980324923992157,19.716835021972656,18.71988164461576,1,13,1.0,1.0,1.0
internal,01c2ea2547abb9c2,0.9865596294403076,0.9793019890785217,0.005364954471588135,0.9573372327364408,0.9761890769004822,0.9701516628265381,0.9865596294403076,19.81789779663086,18.71988164461576,1,13,1.0,1.0,1.0
internal,04ea4d8dde1371b4,0.9432076811790466,0.9325179060300192,0.015416979789733887,0.9088245492715102,0.9267211556434631,0.9432076811790466,0.9277907013893127,19.658462524414062,18.71988164461576,1,13,1.0,1.0,1.0
internal,37639e9183f3c7f5,0.979398250579834,0.9703747232755026,0.010635793209075928,0.9300362542271614,0.9674522876739502,0.979398250579834,0.9687624573707581,19.636037826538086,19.08510398864746,1,8,1.0,1.0,0.875
internal,b8e151a5e7c9db05,0.9196217060089111,0.9141913652420044,0.005356192588806152,0.8943042382597923,0.9302828311920166,0.8773362040519714,0.9196217060089111,18.25196075439453,19.08510398864746,1,8,1.0,1.0,1.0
internal,bac8c7dc67cd286a,0.979398250579834,0.9703747232755026,0.010635793209075928,0.9300362542271614,0.9674522876739502,0.979398250579834,0.9687624573707581,19.636037826538086,19.08510398864746,1,8,1.0,1.0,0.875
internal,2b6af7b5b476e38e,0.9901278614997864,0.9816343386967977,0.009595692157745361,0.9463579133152962,0.9844306707382202,0.9594367742538452,0.9901278614997864,19.363391876220703,19.08510398864746,1,8,1.0,1.0,0.875
internal,a1dbff3f7eff1b14,0.980826199054718,0.9704754948616028,0.011412322521209717,0.9417511969804764,0.9796386957168579,0.980826199054718,0.9694138765335083,19.204809188842773,19.08510398864746,1,8,1.0,1.0,1.0
internal,bc2628c5bee1772e,0.9414094686508179,0.9394870400428772,0.0018848776817321777,0.938763901591301,0.9410125017166138,0.9414094686508179,0.0,19.59743309020996,18.505383491516113,1,4,1.0,1.0,1.0
internal,eea2dbb7248bc9cc,0.9435639381408691,0.922750194867452,0.02984750270843506,0.8861083296629099,0.8948006629943848,0.9109702110290527,0.9435639381408691,19.097305297851562,18.44910291525034,1,26,1.0,1.0,1.0
internal,996b6a496fafaf75,0.9435639381408691,0.922750194867452,0.02984750270843506,0.8861083296629099,0.8948006629943848,0.9109702110290527,0.9435639381408691,19.097305297851562,18.44910291525034,1,26,1.0,1.0,1.0
hf_github_codereview,4cd17d7210f1d44c,1.0,1.0,1.0,1.0,1.0,1.0,0.0,18.430513381958008,18.430513381958008,1,1,1.0,1.0,1.0
hf_github_codereview,df8df776d03104b9,1.0,1.0,1.0,1.0,1.0,1.0,0.0,18.877105712890625,18.877105712890625,1,1,1.0,1.0,1.0
hf_github_codereview,7186e02bba1d1f02,0.9771296977996826,0.9627527594566345,0.02875387668609619,0.9627527594566345,0.9806637763977051,0.9771296977996826,0.0,18.81070327758789,18.944010734558105,1,2,1.0,1.0,1.0
hf_github_codereview,f134b46dced33312,1.0,1.0,1.0,1.0,1.0,1.0,0.0,18.90752601623535,18.90752601623535,1,1,1.0,1.0,1.0
hf_github_codereview,b69cfae6585cc713,0.9902875423431396,0.9831948280334473,0.014185428619384766,0.9831948280334473,0.9929699897766113,0.9902875423431396,0.0,19.678539276123047,19.489298820495605,1,2,1.0,1.0,1.0
hf_github_codereview,5410d52810a5c331,0.9758739471435547,0.9682860374450684,0.015175819396972656,0.9682860374450684,0.9796019792556763,0.9758739471435547,0.0,19.202566146850586,19.201866149902344,1,2,1.0,1.0,1.0
hf_github_codereview,389f75d5e99249e8,0.9848633408546448,0.9848633408546448,0.9848633408546448,0.9848633408546448,0.9848634004592896,0.9848633408546448,0.0,18.2497501373291,19.1737060546875,1,1,1.0,1.0,1.0
hf_github_codereview,e8d9a574d827f4d3,0.9857360124588013,0.9857360124588013,0.9857360124588013,0.9857360124588013,0.9857361316680908,0.9857360124588013,0.0,19.40900421142578,19.3253231048584,1,1,1.0,1.0,1.0
hf_github_codereview,14c45213ad94ded9,0.9653778672218323,0.9605204164981842,0.009714901447296143,0.9605204164981842,0.9696493148803711,0.9653778672218323,0.0,18.934823989868164,19.250889778137207,1,2,1.0,1.0,1.0
hf_github_codereview,d437bedd31d52014,0.9903071522712708,0.9465393722057343,0.087535560131073,0.9465393722057343,0.9701539278030396,0.9903071522712708,0.0,19.59378433227539,18.83124542236328,1,2,1.0,1.0,1.0
hf_github_codereview,3c25abfe8f27780e,0.8787782192230225,0.8787782192230225,0.8787782192230225,0.8787782192230225,0.8787782192230225,0.8787782192230225,0.0,18.601856231689453,18.251258850097656,1,1,1.0,1.0,1.0
hf_github_codereview,6afa2e5143c51be9,0.9687279462814331,0.9540828168392181,0.02929025888442993,0.9540828168392181,0.9594974517822266,0.9687279462814331,0.0,19.72760581970215,19.29073715209961,1,2,1.0,1.0,1.0
hf_github_codereview,ec153757a9d407af,0.9790102243423462,0.9626895984013876,0.006957650184631348,0.9626895984013876,0.975734531879425,0.9790102243423462,0.0,19.129941940307617,19.19098472595215,1,3,1.0,1.0,1.0
hf_github_codereview,df33327eca448d47,1.0,1.0,1.0,1.0,1.0,1.0,0.0,18.958782196044922,18.958782196044922,1,1,1.0,1.0,1.0
hf_github_codereview,cd8a4b62c7fca75d,0.9881150722503662,0.9881150722503662,0.9881150722503662,0.9881150722503662,0.9881151914596558,0.9881150722503662,0.0,18.638608932495117,18.688243865966797,1,1,1.0,1.0,1.0
hf_github_codereview,d1a6976fcd1926e1,0.9709177017211914,0.9709177017211914,0.9709177017211914,0.9709177017211914,0.9709177017211914,0.9709177017211914,0.0,19.11349105834961,19.000032424926758,1,1,1.0,1.0,1.0
hf_github_codereview,c078a94cd8edef43,0.9408953189849854,0.9408953189849854,0.9408953189849854,0.9408953189849854,0.9408953189849854,0.9408953189849854,0.0,18.687437057495117,18.42179298400879,1,1,1.0,1.0,1.0
hf_github_codereview,4b7fb01d5a55b031,0.9528855085372925,0.9312949776649475,0.04318106174468994,0.9312949776649475,0.9377249479293823,0.9528855085372925,0.0,18.619342803955078,18.886347770690918,1,2,1.0,1.0,1.0
hf_github_codereview,c9cbceb64d919140,0.9932436943054199,0.9932436943054199,0.9932436943054199,0.9932436943054199,0.9932436943054199,0.9932436943054199,0.0,19.226932525634766,19.198013305664062,1,1,1.0,1.0,1.0
hf_github_codereview,b20bee588840dabf,0.9622300863265991,0.9622300863265991,0.9622300863265991,0.9622300863265991,0.9622300863265991,0.9622300863265991,0.0,18.6429500579834,19.198013305664062,1,1,1.0,1.0,1.0
hf_github_codereview,8961069ac4abf068,0.9835091829299927,0.9777436852455139,0.01153099536895752,0.9777436852455139,0.9796192646026611,0.9835091829299927,0.0,19.031871795654297,19.361153602600098,1,2,1.0,1.0,1.0
hf_github_codereview,3d7574a43b9ff863,1.0,1.0,1.0,1.0,1.0,1.0,0.0,18.873783111572266,18.873783111572266,1,1,1.0,1.0,1.0
hf_github_codereview,3fe50f8d257172d3,0.9932492971420288,0.9932492971420288,0.9932492971420288,0.9932492971420288,0.9932492971420288,0.9932492971420288,0.0,18.873783111572266,19.21769905090332,1,1,1.0,1.0,1.0
hf_github_codereview,d39b00a13ed904a1,0.9999998807907104,0.9999998807907104,0.9999998807907104,0.9999998807907104,0.9999998807907104,0.9999998807907104,0.0,18.609737396240234,18.609737396240234,1,1,1.0,1.0,1.0
hf_github_codereview,4737c34cfe47495e,0.9880324602127075,0.9765176475048065,0.023029625415802002,0.9765176475048065,0.9859092235565186,0.9880324602127075,0.0,18.588661193847656,18.714282035827637,1,2,1.0,1.0,1.0
hf_github_codereview,b154923e6fcfd101,0.8801931738853455,0.8801931738853455,0.8801931738853455,0.8801931738853455,0.8801931738853455,0.8801931738853455,0.0,19.13106346130371,18.734596252441406,1,1,1.0,1.0,1.0
hf_github_codereview,dbb493267fe87e05,0.9737453460693359,0.9737453460693359,0.9737453460693359,0.9737453460693359,0.9737453460693359,0.9737453460693359,0.0,19.156761169433594,19.177522659301758,1,1,1.0,1.0,1.0
hf_github_codereview,60fa7ba71fcd1fd2,1.0,1.0,1.0,1.0,1.0,1.0,0.0,19.24854278564453,19.24854278564453,1,1,1.0,1.0,1.0
hf_github_codereview,4702e4776e462412,0.9292590022087097,0.9292590022087097,0.9292590022087097,0.9292590022087097,0.9292588233947754,0.9292590022087097,0.0,18.739171981811523,18.946516036987305,1,1,1.0,1.0,1.0
hf_github_codereview,45422b1207b4e89d,0.9855441451072693,0.9855441451072693,0.9855441451072693,0.9855441451072693,0.9855441451072693,0.9855441451072693,0.0,19.848684310913086,19.1822509765625,1,1,1.0,1.0,1.0
hf_github_codereview,8fe2e2675934ad33,0.9797377586364746,0.9282825589179993,0.10291039943695068,0.9282825589179993,0.9582498073577881,0.9797377586364746,0.0,19.293567657470703,18.3737735748291,1,2,1.0,1.0,1.0
hf_github_codereview,6cf332abbff94fb3,0.942118763923645,0.942118763923645,0.942118763923645,0.942118763923645,0.942118763923645,0.942118763923645,0.0,19.667919158935547,18.27935791015625,1,1,1.0,1.0,1.0
hf_github_codereview,d9f01f80c689cbbe,0.9691949486732483,0.9521909554799398,0.023030102252960205,0.9521909554799398,0.9686158895492554,0.9691949486732483,0.0,19.41189956665039,18.520979563395183,1,3,1.0,1.0,1.0
hf_github_codereview,732a5235577856a0,0.9999997615814209,0.9999997615814209,0.9999997615814209,0.9999997615814209,0.9999998807907104,0.9999997615814209,0.0,19.725854873657227,19.725854873657227,1,1,1.0,1.0,1.0
hf_github_codereview,84f5d213955e16c5,0.9972779750823975,0.9955112338066101,0.003533482551574707,0.9955112338066101,0.9965004920959473,0.9972779750823975,0.0,19.42741584777832,19.616578102111816,1,2,1.0,1.0,1.0
hf_github_codereview,7b0f1884ae0c71ac,1.0,1.0,1.0,1.0,1.0,1.0,0.0,19.48958396911621,19.48958396911621,1,1,1.0,1.0,1.0
hf_github_codereview,e130331cd4717104,1.0,1.0,1.0,1.0,1.0,1.0,0.0,19.48958396911621,19.48958396911621,1,1,1.0,1.0,1.0
hf_github_codereview,bf166ea291ceea14,1.0,1.0,1.0,1.0,1.0,1.0,0.0,18.187273025512695,18.187273025512695,1,1,1.0,1.0,1.0
hf_github_codereview,ceb5acdf30f767c8,1.0,0.9467403491338094,0.05274230241775513,0.9467403491338094,0.9797348976135254,1.0,0.0,18.959623336791992,18.61101468404134,1,3,1.0,1.0,1.0
hf_github_codereview,5364d16aaefa972f,0.9999998807907104,0.9999998807907104,0.9999998807907104,0.9999998807907104,0.9999998807907104,0.9999998807907104,0.0,18.949766159057617,18.949766159057617,1,1,1.0,1.0,1.0
hf_github_codereview,8847de6cfa50e361,0.9958015084266663,0.9958015084266663,0.9958015084266663,0.9958015084266663,0.9958015084266663,0.9958015084266663,0.0,18.84709358215332,18.839374542236328,1,1,1.0,1.0,1.0
hf_github_codereview,b037adb45fd6bc1e,0.9983577728271484,0.9983577728271484,0.9983577728271484,0.9983577728271484,0.9983577728271484,0.9983577728271484,0.0,19.840656280517578,19.845325469970703,1,1,1.0,1.0,1.0
hf_github_codereview,d41057d1700e298d,0.9994262456893921,0.9994262456893921,0.9994262456893921,0.9994262456893921,0.9994263052940369,0.9994262456893921,0.0,18.610647201538086,18.553298950195312,1,1,1.0,1.0,1.0
hf_github_codereview,7ec15053fc500ee1,0.9999998211860657,0.9999998211860657,0.9999998211860657,0.9999998211860657,0.9999999403953552,0.9999998211860657,0.0,19.296560287475586,19.296560287475586,1,1,1.0,1.0,1.0
hf_github_codereview,49c96b8ff4cc0265,0.9999998211860657,0.9999998211860657,0.9999998211860657,0.9999998211860657,0.9999998807907104,0.9999998211860657,0.0,18.93377113342285,18.93377113342285,1,1,1.0,1.0,1.0
hf_github_codereview,959d73bf17213d0f,0.9836432933807373,0.9836432933807373,0.9836432933807373,0.9836432933807373,0.9836434721946716,0.9836432933807373,0.0,18.860624313354492,18.936546325683594,1,1,1.0,1.0,1.0
hf_github_codereview,64a26779f906dd47,1.0,1.0,1.0,1.0,1.0,1.0,0.0,19.008190155029297,19.008190155029297,1,1,1.0,1.0,1.0
hf_github_codereview,0e32b8caadf9bc43,1.0,1.0,1.0,1.0,1.0,1.0,0.0,19.008190155029297,19.008190155029297,1,1,1.0,1.0,1.0
hf_github_codereview,5612ccd651443f80,0.9999998211860657,0.9999998211860657,0.9999998211860657,0.9999998211860657,1.0,0.9999998211860657,0.0,18.746135711669922,18.746135711669922,1,1,1.0,1.0,1.0
hf_github_codereview,184dddbc0750c6a4,0.9643930196762085,0.9643930196762085,0.9643930196762085,0.9643930196762085,0.9643930196762085,0.9643930196762085,0.0,19.312280654907227,19.432907104492188,1,1,1.0,1.0,1.0
hf_github_codereview,5d6825f45ebf20dd,0.9817762970924377,0.9633339842160543,0.026826679706573486,0.9633339842160543,0.9705434441566467,0.9817762970924377,0.0,19.255756378173828,19.26867421468099,1,3,1.0,1.0,1.0
hf_github_codereview,fc95be84637a7c7a,0.9681581258773804,0.9503204623858134,0.02607858180999756,0.9503204623858134,0.9572307467460632,0.9681581258773804,0.0,19.488788604736328,19.271174748738606,1,3,1.0,1.0,1.0
hf_github_codereview,3b374c4dfeacefc9,0.9796632528305054,0.9764323830604553,0.006461739540100098,0.9764323830604553,0.9785218834877014,0.9796632528305054,0.0,19.530372619628906,19.31783676147461,1,2,1.0,1.0,1.0
hf_github_codereview,6c5fa40f9d6baa5e,0.9999999403953552,0.9999999403953552,0.9999999403953552,0.9999999403953552,1.0,0.9999999403953552,0.0,18.392356872558594,18.392356872558594,1,1,1.0,1.0,1.0
hf_github_codereview,808448b88dbb88db,0.9957295656204224,0.9957295656204224,0.9957295656204224,0.9957295656204224,0.9957294464111328,0.9957295656204224,0.0,18.89980125427246,18.72709846496582,1,1,1.0,1.0,1.0
hf_github_codereview,29d58a5698e55fdc,0.9956403374671936,0.9956403374671936,0.9956403374671936,0.9956403374671936,0.9956403374671936,0.9956403374671936,0.0,18.786060333251953,18.707307815551758,1,1,1.0,1.0,1.0
hf_github_codereview,0b201f517dfa9fab,0.9773532748222351,0.9743604362010956,0.005985677242279053,0.9743604362010956,0.9783433675765991,0.9773532748222351,0.0,18.723947525024414,18.843215942382812,1,2,1.0,1.0,1.0
hf_github_codereview,c328ff71b3af6bf4,1.0,1.0,1.0,1.0,1.0,1.0,0.0,18.919504165649414,18.919504165649414,1,1,1.0,1.0,1.0
hf_github_codereview,04f8511321a14249,0.9631771445274353,0.9472977221012115,0.03175884485244751,0.9472977221012115,0.9619437456130981,0.9631771445274353,0.0,18.468881607055664,18.646320343017578,1,2,1.0,1.0,1.0
hf_github_codereview,5b612e4b586589b5,0.9512513279914856,0.9337463974952698,0.03500986099243164,0.9337463974952698,0.9486902356147766,0.9512513279914856,0.0,19.209209442138672,18.63717555999756,1,2,1.0,1.0,1.0
hf_github_codereview,a14332921a1b8585,0.9747238159179688,0.954392284154892,0.040663063526153564,0.954392284154892,0.9653646945953369,0.9747238159179688,0.0,18.765657424926758,19.04695987701416,1,2,1.0,1.0,1.0
hf_github_codereview,61d9829dd9b5b5bf,0.9902745485305786,0.976976603269577,0.026595890522003174,0.976976603269577,0.9841537475585938,0.9902745485305786,0.0,19.003171920776367,19.14483642578125,1,2,1.0,1.0,1.0
hf_github_codereview,61d3d6becfa2be62,0.9840527772903442,0.9840527772903442,0.9840527772903442,0.9840527772903442,0.9840527772903442,0.9840527772903442,0.0,19.764076232910156,19.483028411865234,1,1,1.0,1.0,1.0
hf_github_codereview,54467dca4c9c4016,0.9973868727684021,0.9904314279556274,0.008228540420532227,0.9904314279556274,0.9939733147621155,0.9973868727684021,0.0,18.647855758666992,19.13225746154785,1,3,1.0,1.0,1.0
hf_github_codereview,1cef3b6a90d89d8e,0.9946699738502502,0.9913523197174072,0.0017714500427246094,0.9900670200586319,0.9935033321380615,0.9946699738502502,0.0,19.078266143798828,19.003334999084473,1,4,1.0,1.0,1.0
hf_github_codereview,cd3b6261dd89d4c2,0.9895821809768677,0.986367921034495,0.0024205446243286133,0.9852883070707321,0.9887079000473022,0.9895821809768677,0.0,19.565990447998047,19.003334999084473,1,4,1.0,1.0,1.0
hf_github_codereview,026588fd2c91f73c,0.9925009608268738,0.9893936117490133,0.004392445087432861,0.9889242202043533,0.992356538772583,0.9925009608268738,0.0,18.91547966003418,19.003334999084473,1,4,1.0,1.0,1.0
hf_github_codereview,85cc77b7401ac27f,0.993484616279602,0.9567899107933044,0.07338941097259521,0.9567899107933044,0.9751402735710144,0.993484616279602,0.0,19.588972091674805,19.179295539855957,1,2,1.0,1.0,1.0
hf_github_codereview,439f6615759bad97,0.9906121492385864,0.9906121492385864,0.9906121492385864,0.9906121492385864,0.9906120896339417,0.9906121492385864,0.0,19.730445861816406,19.404651641845703,1,1,1.0,1.0,1.0
hf_github_codereview,fb0a6f5cb5ff5c0e,0.9627895355224609,0.9627895355224609,0.9627895355224609,0.9627895355224609,0.9627894163131714,0.9627895355224609,0.0,18.929182052612305,19.404651641845703,1,1,1.0,1.0,1.0
hf_github_codereview,b254fff997e200c8,1.0,0.9736015200614929,0.014502942562103271,0.9736015200614929,0.9877157211303711,1.0,0.0,18.794883728027344,19.22091293334961,1,3,1.0,1.0,1.0
hf_github_codereview,33fe1ece98fda613,0.9763425588607788,0.9763425588607788,0.9763425588607788,0.9763425588607788,0.9763424396514893,0.9763425588607788,0.0,18.66719627380371,18.970964431762695,1,1,1.0,1.0,1.0
hf_github_codereview,41c9729a1a617ef2,0.9748806953430176,0.9748806953430176,0.9748806953430176,0.9748806953430176,0.9748806953430176,0.9748806953430176,0.0,18.24425506591797,19.334463119506836,1,1,1.0,1.0,1.0
hf_github_codereview,29ddac2c1df04fd6,0.9897381067276001,0.9897381067276001,0.9897381067276001,0.9897381067276001,0.9897382259368896,0.9897381067276001,0.0,19.290908813476562,18.850587844848633,1,1,1.0,1.0,1.0
hf_github_codereview,7f586f319bca7992,0.9659351110458374,0.9659351110458374,0.9659351110458374,0.9659351110458374,0.9659351110458374,0.9659351110458374,0.0,19.987455368041992,18.98545265197754,1,1,1.0,1.0,1.0
hf_github_codereview,dfa7bbff3f82e76c,0.9990708827972412,0.9185341000556946,0.16107356548309326,0.9185341000556946,0.9598497152328491,0.9990708827972412,0.0,19.158491134643555,18.312217712402344,1,2,1.0,1.0,1.0
hf_github_codereview,fa41c33cd449e41c,0.9739653468132019,0.9739653468132019,0.9739653468132019,0.9739653468132019,0.9739652276039124,0.9739653468132019,0.0,19.373437881469727,19.796091079711914,1,1,1.0,1.0,1.0
hf_github_codereview,fc926b5a2fe7b0ca,0.9276899099349976,0.9276272356510162,0.00012534856796264648,0.9276272356510162,0.9317364692687988,0.9276899099349976,0.0,18.856151580810547,18.74338436126709,1,2,1.0,1.0,1.0
hf_github_codereview,807c7c29790b94c1,0.9406970143318176,0.9112652540206909,0.05886352062225342,0.9112652540206909,0.9291902780532837,0.9406970143318176,0.0,18.8347110748291,19.178078651428223,1,2,1.0,1.0,1.0
hf_github_codereview,aeee0b6b686fa23b,0.9808499217033386,0.9724742770195007,0.01675128936767578,0.9724742770195007,0.9861588478088379,0.9808499217033386,0.0,19.74561309814453,19.394990921020508,1,2,1.0,1.0,1.0
hf_github_codereview,07f0c1e6b5f06040,1.0,0.9883095622062683,0.02338087558746338,0.9883095622062683,0.9941375851631165,1.0,0.0,19.059146881103516,19.25395393371582,1,2,1.0,1.0,1.0
hf_github_codereview,a546681c5937122f,0.9340570569038391,0.9185896515846252,0.022932350635528564,0.9163569360971451,0.9214341640472412,0.9340570569038391,0.0,19.086076736450195,18.504773139953613,1,4,1.0,1.0,1.0
hf_github_codereview,670a31f427196bba,0.9305658340454102,0.9305658340454102,0.9305658340454102,0.9305658340454102,0.9305659532546997,0.9305658340454102,0.0,18.7314510345459,18.781415939331055,1,1,1.0,1.0,1.0
hf_github_codereview,87ca11d35a7d55ac,0.999309778213501,0.9847452342510223,0.029129087924957275,0.9847452342510223,0.9926052093505859,0.999309778213501,0.0,19.024250030517578,19.228134155273438,1,2,1.0,1.0,1.0
hf_github_codereview,b445b1af0f1bcea2,0.9588627815246582,0.9227531254291534,0.07221931219100952,0.9227531254291534,0.9449703097343445,0.9588627815246582,0.0,19.525333404541016,18.50698184967041,1,2,1.0,1.0,1.0
hf_github_codereview,aa568bf59d4fa1eb,0.9877361059188843,0.9877361059188843,0.9877361059188843,0.9877361059188843,0.9877361059188843,0.9877361059188843,0.0,19.236541748046875,19.60508155822754,1,1,1.0,1.0,1.0
hf_github_codereview,6ec97cdc2abeeafc,0.9869782328605652,0.980839341878891,0.012277781963348389,0.980839341878891,0.9852607250213623,0.9869782328605652,0.0,19.525108337402344,19.397419929504395,1,2,1.0,1.0,1.0
hf_github_codereview,701b41e3e9dafee0,0.981045126914978,0.981045126914978,0.981045126914978,0.981045126914978,0.9810451865196228,0.981045126914978,0.0,19.502870559692383,19.54849624633789,1,1,1.0,1.0,1.0
hf_github_codereview,b4e03ea343462902,0.961808979511261,0.961808979511261,0.961808979511261,0.961808979511261,0.961808979511261,0.961808979511261,0.0,19.179786682128906,19.571807861328125,1,1,1.0,1.0,1.0
hf_github_codereview,c8035bea579a4de6,0.9625715017318726,0.954161524772644,0.01681995391845703,0.954161524772644,0.9753423929214478,0.9625715017318726,0.0,18.958250045776367,19.066542625427246,1,2,1.0,1.0,1.0
hf_github_codereview,95c8b23cf3f2de15,0.973564624786377,0.973564624786377,0.973564624786377,0.973564624786377,0.973564624786377,0.973564624786377,0.0,19.44771385192871,19.539350509643555,1,1,1.0,1.0,1.0
hf_github_codereview,376c9caa92681781,0.9132720232009888,0.9064648151397705,0.013614416122436523,0.9064648151397705,0.9338281750679016,0.9132720232009888,0.0,18.617656707763672,18.894713401794434,1,2,1.0,1.0,1.0
hf_github_codereview,b40abcc167008c98,0.9544194340705872,0.9500229358673096,0.008792996406555176,0.9500229358673096,0.9619961977005005,0.9544194340705872,0.0,18.93552017211914,19.258111000061035,1,2,1.0,1.0,1.0
hf_github_codereview,a517a58250a032ed,0.9813600778579712,0.9813600778579712,0.9813600778579712,0.9813600778579712,0.9813599586486816,0.9813600778579712,0.0,19.57132911682129,19.012989044189453,1,1,1.0,1.0,1.0
hf_github_codereview,cdf9fcd70e3e7d31,1.0,1.0,1.0,1.0,1.0,1.0,0.0,18.87415885925293,18.87415885925293,1,1,1.0,1.0,1.0
hf_github_codereview,b7f9123846c24470,1.0,0.9872552752494812,0.025489449501037598,0.9872552752494812,0.9936071634292603,1.0,0.0,18.87415885925293,19.21562957763672,1,2,1.0,1.0,1.0
hf_github_codereview,c7b7a7faec42a330,1.0,0.9872552752494812,0.025489449501037598,0.9872552752494812,0.993607223033905,1.0,0.0,19.557100296020508,19.21562957763672,1,2,1.0,1.0,1.0
hf_github_codereview,6073f74990a1437b,1.0,1.0,1.0,1.0,1.0,1.0,0.0,18.41425895690918,18.41425895690918,1,1,1.0,1.0,1.0
hf_github_codereview,0788fb19ea70a119,0.9852265119552612,0.974917471408844,0.020618081092834473,0.974917471408844,0.9803081750869751,0.9852265119552612,0.0,18.485177993774414,18.646638870239258,1,2,1.0,1.0,1.0
hf_github_codereview,f51f881d184dd122,0.9999998807907104,0.9999998807907104,0.9999998807907104,0.9999998807907104,0.9999999403953552,0.9999998807907104,0.0,19.289392471313477,19.289392471313477,1,1,1.0,1.0,1.0
hf_github_codereview,2dd9e4467237bfe5,1.0,1.0,1.0,1.0,1.0,1.0,0.0,19.2032470703125,19.2032470703125,1,1,1.0,1.0,1.0
hf_github_codereview,0f0b6fc6daa8fbea,1.0,1.0,1.0,1.0,1.0,1.0,0.0,19.2032470703125,19.2032470703125,1,1,1.0,1.0,1.0
hf_github_codereview,c443341734fec35e,0.9867054224014282,0.9867054224014282,0.9867054224014282,0.9867054224014282,0.9867054224014282,0.9867054224014282,0.0,19.21769142150879,19.536142349243164,1,1,1.0,1.0,1.0
hf_github_codereview,14c034f70c19d763,1.0,1.0,1.0,1.0,1.0,1.0,0.0,19.613971710205078,19.613971710205078,1,1,1.0,1.0,1.0
hf_github_codereview,0a8696f0f1a1b801,1.0,1.0,1.0,1.0,1.0,1.0,0.0,19.50628089904785,19.50628089904785,1,1,1.0,1.0,1.0
hf_github_codereview,384163525d7ae765,0.9981366991996765,0.9674878418445587,0.061297714710235596,0.9674878418445587,0.9816942811012268,0.9981366991996765,0.0,18.9576358795166,18.885560035705566,1,2,1.0,1.0,1.0
hf_github_codereview,d3930dc8390e5b16,0.9781715869903564,0.9676912426948547,0.020960688591003418,0.9676912426948547,0.973185658454895,0.9781715869903564,0.0,19.417022705078125,19.15023899078369,1,2,1.0,1.0,1.0
hf_github_codereview,36f4c32cac9b3848,0.9586527347564697,0.9586527347564697,0.9586527347564697,0.9586527347564697,0.9586527347564697,0.9586527347564697,0.0,19.410354614257812,18.28099250793457,1,1,1.0,1.0,1.0
hf_github_codereview,86b33787f2cb364f,0.908780574798584,0.908780574798584,0.908780574798584,0.908780574798584,0.9087807536125183,0.908780574798584,0.0,18.05585479736328,18.121728897094727,1,1,1.0,1.0,1.0
hf_github_codereview,797c4ecd49be3e03,0.9568332433700562,0.9466521143913269,0.020362257957458496,0.9466521143913269,0.9560149908065796,0.9568332433700562,0.0,18.7312068939209,19.128369331359863,1,2,1.0,1.0,1.0
hf_github_codereview,3a0c291f80f8a628,0.9735730290412903,0.9735730290412903,0.9735730290412903,0.9735730290412903,0.9735730290412903,0.9735730290412903,0.0,19.489103317260742,19.045066833496094,1,1,1.0,1.0,1.0
hf_github_codereview,0a9de208fd0ae201,0.9575299024581909,0.9575299024581909,0.9575299024581909,0.9575299024581909,0.9575299024581909,0.9575299024581909,0.0,18.76449203491211,18.962739944458008,1,1,1.0,1.0,1.0
hf_github_codereview,3763b0f60752dfd4,1.0,1.0,1.0,1.0,1.0,1.0,0.0,18.637161254882812,18.637161254882812,1,1,1.0,1.0,1.0
hf_github_codereview,1da1ec130ce63c67,0.9999998211860657,0.9999998211860657,0.9999998211860657,0.9999998211860657,1.0,0.9999998211860657,0.0,18.14678382873535,18.14678382873535,1,1,1.0,1.0,1.0
hf_github_codereview,556cd9453b9d1bc1,0.9999999403953552,0.9413470327854156,0.11730581521987915,0.9413470327854156,0.9702304601669312,0.9999999403953552,0.0,18.7624568939209,19.077284812927246,1,2,1.0,1.0,1.0
hf_github_codereview,ac9f9e9c3b5d4975,0.9918893575668335,0.9918893575668335,0.9918893575668335,0.9918893575668335,0.991889476776123,0.9918893575668335,0.0,18.940876007080078,19.114212036132812,1,1,1.0,1.0,1.0
hf_github_codereview,89aa3564c476c90d,0.9999999403953552,0.9999999403953552,0.9999999403953552,0.9999999403953552,1.0,0.9999999403953552,0.0,18.32044792175293,18.32044792175293,1,1,1.0,1.0,1.0
hf_github_codereview,f3371d86a0aa9eef,0.9999998211860657,0.9999998211860657,0.9999998211860657,0.9999998211860657,0.9999999403953552,0.9999998211860657,0.0,19.14126205444336,19.14126205444336,1,1,1.0,1.0,1.0
hf_github_codereview,982b3882aa2fd385,0.988455057144165,0.9667290151119232,0.04345208406448364,0.9667290151119232,0.9738529324531555,0.988455057144165,0.0,18.82961082458496,19.06457233428955,1,2,1.0,1.0,1.0
hf_github_codereview,f0559989db4b5654,0.9093366861343384,0.9093366861343384,0.9093366861343384,0.9093366861343384,0.9093366265296936,0.9093366861343384,0.0,19.36189079284668,19.464323043823242,1,1,1.0,1.0,1.0
hf_github_codereview,ea3b2f9fe4712ce8,0.9608266949653625,0.9600596129894257,0.0015341639518737793,0.9600596129894257,0.9806298017501831,0.9608266949653625,0.0,19.494274139404297,19.095256805419922,1,2,1.0,1.0,1.0
hf_github_codereview,bddfd164865ddddb,0.9778885841369629,0.9778885841369629,0.9778885841369629,0.9778885841369629,0.9778886437416077,0.9778885841369629,0.0,18.895252227783203,19.489276885986328,1,1,1.0,1.0,1.0
hf_github_codereview,cba5a2afd1d01553,0.9999997615814209,0.9999997615814209,0.9999997615814209,0.9999997615814209,0.9999998807907104,0.9999997615814209,0.0,18.932024002075195,18.932024002075195,1,1,1.0,1.0,1.0
hf_github_codereview,d859929c7d66bc81,0.9999997615814209,0.9999997615814209,0.9999997615814209,0.9999997615814209,0.9999998807907104,0.9999997615814209,0.0,20.011898040771484,20.011898040771484,1,1,1.0,1.0,1.0
hf_github_codereview,36f03706235bdca8,1.0,1.0,1.0,1.0,1.0,1.0,0.0,19.12038803100586,19.12038803100586,1,1,1.0,1.0,1.0
hf_github_codereview,8e07e2979418ef34,1.0,1.0,1.0,1.0,1.0,1.0,0.0,18.620567321777344,18.620567321777344,1,1,1.0,1.0,1.0
hf_github_codereview,dafb38dc8d2004b9,0.9929962158203125,0.9807040393352509,0.02458435297012329,0.9807040393352509,0.9908820986747742,0.9929962158203125,0.0,19.438234329223633,19.11158561706543,1,2,1.0,1.0,1.0
hf_github_codereview,f2a543399a927dfa,0.9737632274627686,0.9737632274627686,0.9737632274627686,0.9737632274627686,0.9737632274627686,0.9737632274627686,0.0,18.809389114379883,19.245698928833008,1,1,1.0,1.0,1.0
hf_github_codereview,9e2daed8d5f16608,0.9849119782447815,0.9727254807949066,0.024372994899749756,0.9727254807949066,0.9873192310333252,0.9849119782447815,0.0,19.534658432006836,19.51259708404541,1,2,1.0,1.0,1.0
hf_github_codereview,029739864ef85065,0.9849119782447815,0.972823441028595,0.024177074432373047,0.972823441028595,0.9848345518112183,0.9849119782447815,0.0,19.534658432006836,19.41831111907959,1,2,1.0,1.0,1.0
hf_github_codereview,1c574e37d37dced8,0.9802581667900085,0.9752865135669708,0.00994330644607544,0.9752865135669708,0.9789626598358154,0.9802581667900085,0.0,18.75969696044922,19.44376564025879,1,2,1.0,1.0,1.0
hf_github_codereview,bb7a7beb4459f7c1,0.967877209186554,0.9345709085464478,0.0666126012802124,0.9345709085464478,0.9525489211082458,0.967877209186554,0.0,19.473718643188477,18.551380157470703,1,2,1.0,1.0,1.0
hf_github_codereview,285bec4194625d3b,0.9792560338973999,0.9314539730548859,0.09560412168502808,0.9314539730548859,0.9573410749435425,0.9792560338973999,0.0,18.531291961669922,18.551471710205078,1,2,1.0,1.0,1.0
hf_github_codereview,0bf6ca9327c17876,1.0,0.9768544137477875,0.04629117250442505,0.9768544137477875,0.9883595108985901,1.0,0.0,18.6832275390625,18.442325592041016,1,2,1.0,1.0,1.0
hf_github_codereview,0d957a9d6200075f,1.0,0.9768544137477875,0.04629117250442505,0.9768544137477875,0.9883594512939453,1.0,0.0,18.20142364501953,18.442325592041016,1,2,1.0,1.0,1.0
hf_github_codereview,3fcb63d95b5f3189,0.9943927526473999,0.9596619606018066,0.06946158409118652,0.9596619606018066,0.9775185585021973,0.9943927526473999,0.0,19.137054443359375,19.14637851715088,1,2,1.0,1.0,1.0
hf_github_codereview,a42f23a902db423a,0.9729553461074829,0.9675580660502116,0.006852269172668457,0.9675580660502116,0.9856076240539551,0.9729553461074829,0.0,19.52722930908203,19.376850763956707,1,3,1.0,1.0,1.0
hf_github_codereview,38ec44bbe983fb0e,1.0,1.0,1.0,1.0,1.0,1.0,0.0,19.287981033325195,19.287981033325195,1,1,1.0,1.0,1.0
hf_github_codereview,c0689572c2aa635c,0.915860652923584,0.9139968951543173,0.0019892454147338867,0.9126394391059875,0.9152345061302185,0.915860652923584,0.0,18.796628952026367,18.387648105621338,1,4,1.0,1.0,1.0
hf_github_codereview,917f8e357a2a88bb,0.9168268442153931,0.9147062301635742,0.0005420446395874023,0.9130764156579971,0.9156668186187744,0.9168268442153931,0.0,18.861631393432617,18.395455837249756,1,4,1.0,1.0,1.0
hf_github_codereview,5c304baf268ea446,1.0,1.0,1.0,1.0,1.0,1.0,0.0,19.32589340209961,19.32589340209961,1,1,1.0,1.0,1.0
hf_github_codereview,1758c6fd5e2b39d4,1.0,1.0,1.0,1.0,1.0,1.0,0.0,19.32589340209961,19.32589340209961,1,1,1.0,1.0,1.0
hf_github_codereview,968e882a79911a77,0.9478713274002075,0.9478713274002075,0.9478713274002075,0.9478713274002075,0.9478713274002075,0.9478713274002075,0.0,19.67021942138672,18.444910049438477,1,1,1.0,1.0,1.0
hf_github_codereview,6fd9be60cb2947c3,1.0,1.0,1.0,1.0,1.0,1.0,0.0,18.102733612060547,18.102733612060547,1,1,1.0,1.0,1.0
hf_github_codereview,1fc7f9c70b05e362,0.9999997615814209,0.9850702881813049,0.029858946800231934,0.9850702881813049,0.9925069808959961,0.9999997615814209,0.0,18.900676727294922,19.056652069091797,1,2,1.0,1.0,1.0
hf_github_codereview,752f2a62c51b5cd1,1.0,0.998947540918986,0.001558542251586914,0.9909009337425232,0.9976673126220703,1.0,0.0,19.012479782104492,19.136383533477783,1,4,1.0,1.0,1.0
hf_github_codereview,f6403ae5e414e64f,0.9990057349205017,0.9987747967243195,0.00046187639236450195,0.9987747967243195,0.9991642832756042,0.9990057349205017,0.0,18.85679054260254,18.998746871948242,1,2,1.0,1.0,1.0
hf_github_codereview,a9a857ef6c4900a6,0.9999998807907104,0.9999998807907104,0.9999998807907104,0.9999998807907104,0.9999998807907104,0.9999998807907104,0.0,18.680418014526367,18.680418014526367,1,1,1.0,1.0,1.0
hf_github_codereview,1226c3d61b990646,0.9824453592300415,0.9824453592300415,0.9824453592300415,0.9824453592300415,0.9824453592300415,0.9824453592300415,0.0,18.79416275024414,19.17348289489746,1,1,1.0,1.0,1.0
hf_github_codereview,952fd50ff411d79d,0.9933201670646667,0.9892891645431519,0.008062005043029785,0.9892891645431519,0.9925059080123901,0.9933201670646667,0.0,19.912321090698242,19.700247764587402,1,2,1.0,1.0,1.0
hf_github_codereview,795e78f4e2262434,1.0,1.0,1.0,1.0,1.0,1.0,0.0,18.311569213867188,18.311569213867188,1,1,1.0,1.0,1.0
hf_github_codereview,2af5663f8b2005a0,1.0,1.0,1.0,1.0,1.0,1.0,0.0,19.399431228637695,19.399431228637695,1,1,1.0,1.0,1.0
hf_github_codereview,9bf065d12c499655,0.9748015999794006,0.9748015999794006,0.9748015999794006,0.9748015999794006,0.9748015999794006,0.9748015999794006,0.0,18.462675094604492,18.160642623901367,1,1,1.0,1.0,1.0
hf_github_codereview,0b00ab447a6ff107,0.9836047887802124,0.9836047887802124,0.9836047887802124,0.9836047887802124,0.9836047887802124,0.9836047887802124,0.0,18.783071517944336,18.160642623901367,1,1,1.0,1.0,1.0
hf_github_codereview,10539540a4dd7c7d,0.9999997615814209,0.9999997615814209,0.9999997615814209,0.9999997615814209,0.9999999403953552,0.9999997615814209,0.0,19.391084671020508,19.391084671020508,1,1,1.0,1.0,1.0
hf_github_codereview,ce1606a583b8c9ad,0.9999999403953552,0.9787340760231018,0.042531728744506836,0.9787340760231018,0.9893097877502441,0.9999999403953552,0.0,19.69489288330078,19.408863067626953,1,2,1.0,1.0,1.0
hf_github_codereview,a92c996a7aeb0e23,0.9886552691459656,0.9814363121986389,0.01443791389465332,0.9814363121986389,0.9876341819763184,0.9886552691459656,0.0,19.240447998046875,19.135231018066406,1,2,1.0,1.0,1.0
hf_github_codereview,e953026e3f88ec0b,0.9990496635437012,0.9933068156242371,0.011485695838928223,0.9933068156242371,0.9966310262680054,0.9990496635437012,0.0,18.840147018432617,18.818846702575684,1,2,1.0,1.0,1.0
hf_github_codereview,9d6b6b7c080b4d66,0.9681748747825623,0.9681748747825623,0.9681748747825623,0.9681748747825623,0.9681750535964966,0.9681748747825623,0.0,18.823902130126953,18.59511375427246,1,1,1.0,1.0,1.0
hf_github_codereview,0b2654877ca58686,0.980057954788208,0.980057954788208,0.980057954788208,0.980057954788208,0.980057954788208,0.980057954788208,0.0,19.015962600708008,18.640262603759766,1,1,1.0,1.0,1.0
hf_github_codereview,0659f552a13c3207,0.9999998807907104,0.9659748872121176,0.04474186897277832,0.959933340549469,0.9710606336593628,0.9999998807907104,0.0,19.072715759277344,18.579834461212158,1,4,1.0,1.0,1.0
hf_github_codereview,86b259de90c8fe84,0.9357776045799255,0.9357776045799255,0.9357776045799255,0.9357776045799255,0.9357775449752808,0.9357776045799255,0.0,19.072715759277344,18.257051467895508,1,1,1.0,1.0,1.0
hf_github_codereview,f4b13b9adb24873b,0.9493563175201416,0.9493563175201416,0.9493563175201416,0.9493563175201416,0.9493563175201416,0.9493563175201416,0.0,19.277976989746094,18.590316772460938,1,1,1.0,1.0,1.0
hf_github_codereview,e3148169ebffe624,0.9713692665100098,0.9686239957809448,0.005490541458129883,0.9686239957809448,0.9740616083145142,0.9713692665100098,0.0,18.911235809326172,19.907668113708496,1,2,1.0,1.0,1.0
hf_github_codereview,cbd9508fa9f19a0c,0.9703986644744873,0.965520997842153,0.0026094913482666016,0.965520997842153,0.977176308631897,0.9703986644744873,0.0,19.075759887695312,19.45584233601888,1,3,1.0,1.0,1.0
hf_github_codereview,d8701e9e3e440b0e,0.9724222421646118,0.9724222421646118,0.9724222421646118,0.9724222421646118,0.9724222421646118,0.9724222421646118,0.0,19.317710876464844,19.503324508666992,1,1,1.0,1.0,1.0
hf_github_codereview,a15386ea399477c7,0.9948334693908691,0.9691534638404846,0.05136001110076904,0.9691534638404846,0.9812791347503662,0.9948334693908691,0.0,18.978750228881836,18.890042304992676,1,2,1.0,1.0,1.0
hf_github_codereview,bca92c7429790ab9,0.9947160482406616,0.986581563949585,0.01626896858215332,0.986581563949585,0.9931817054748535,0.9947160482406616,0.0,18.80029296875,18.961769104003906,1,2,1.0,1.0,1.0
hf_github_codereview,d56150cfb6715ec2,0.9936820268630981,0.9583436250686646,0.07067680358886719,0.9583436250686646,0.9754944443702698,0.9936820268630981,0.0,19.00227165222168,18.61528205871582,1,2,1.0,1.0,1.0
hf_github_codereview,960b40bcf4102806,0.9905688166618347,0.9777658879756927,0.025605857372283936,0.9777658879756927,0.9882335662841797,0.9905688166618347,0.0,19.048084259033203,19.175439834594727,1,2,1.0,1.0,1.0
hf_github_codereview,24d57ba728066d39,0.8584803342819214,0.8584803342819214,0.8584803342819214,0.8584803342819214,0.8584803342819214,0.8584803342819214,0.0,18.213960647583008,18.70402717590332,1,1,1.0,1.0,1.0
hf_github_codereview,ab16fbe93bb0af4a,0.9849637746810913,0.9849637746810913,0.9849637746810913,0.9849637746810913,0.9849637746810913,0.9849637746810913,0.0,18.92353630065918,18.70402717590332,1,1,1.0,1.0,1.0
hf_github_codereview,e6a0d0289daaac72,0.9906491041183472,0.9906491041183472,0.9906491041183472,0.9906491041183472,0.9906489849090576,0.9906491041183472,0.0,18.539203643798828,18.554752349853516,1,1,1.0,1.0,1.0
hf_github_codereview,b1779d8ce2264abf,0.9379673600196838,0.9379673600196838,0.9379673600196838,0.9379673600196838,0.9379673600196838,0.9379673600196838,0.0,18.811105728149414,19.120838165283203,1,1,1.0,1.0,1.0
hf_github_codereview,431a4e6dca9dc6f2,0.9977546334266663,0.9977546334266663,0.9977546334266663,0.9977546334266663,0.9977546334266663,0.9977546334266663,0.0,18.8203182220459,19.120838165283203,1,1,1.0,1.0,1.0
hf_github_codereview,3f4734fcb8631611,0.9929450750350952,0.9929450750350952,0.9929450750350952,0.9929450750350952,0.9929448962211609,0.9929450750350952,0.0,19.05039405822754,19.284944534301758,1,1,1.0,1.0,1.0
hf_github_codereview,eb52fef4935505bb,1.0,0.9822876254717509,0.003197968006134033,0.9822876254717509,0.9931923151016235,1.0,0.0,19.306657791137695,18.931616465250652,1,3,1.0,1.0,1.0
hf_github_codereview,58d0598de8ea798f,0.9912028312683105,0.970429519812266,0.0043381452560424805,0.970429519812266,0.9898052215576172,0.9912028312683105,0.0,19.5605411529541,19.11768849690755,1,3,1.0,1.0,1.0
hf_github_codereview,bfcf3a69cfa10fb6,0.9906033277511597,0.9844984412193298,0.012209773063659668,0.9844984412193298,0.9872112274169922,0.9906033277511597,0.0,19.20118522644043,19.454193115234375,1,2,1.0,1.0,1.0
hf_github_codereview,2db16f0aef453bd3,0.9942082762718201,0.9824104905128479,0.023595571517944336,0.9824104905128479,0.9886549711227417,0.9942082762718201,0.0,19.263629913330078,19.24760341644287,1,2,1.0,1.0,1.0
hf_github_codereview,19617e3e7e6e2b5a,1.0,1.0,1.0,1.0,1.0,1.0,0.0,18.466588973999023,18.466588973999023,1,1,1.0,1.0,1.0
hf_github_codereview,cfb0fc9502b49ad1,0.9999998807907104,0.9999998807907104,0.9999998807907104,0.9999998807907104,0.9999999403953552,0.9999998807907104,0.0,18.667743682861328,18.667743682861328,1,1,1.0,1.0,1.0
hf_github_codereview,3c78e97f2d98ee3d,0.9836593270301819,0.9755760431289673,0.0042528510093688965,0.9755760431289673,0.9870826005935669,0.9836593270301819,0.0,19.446609497070312,19.26904360453288,1,3,1.0,1.0,1.0
hf_github_codereview,55b29b9d739459df,0.8747100830078125,0.8747100830078125,0.8747100830078125,0.8747100830078125,0.8747100830078125,0.8747100830078125,0.0,19.404951095581055,17.759056091308594,1,1,1.0,1.0,1.0
hf_github_codereview,01017cf1c58767f2,0.9413762092590332,0.9413762092590332,0.9413762092590332,0.9413762092590332,0.9413762092590332,0.9413762092590332,0.0,18.44765281677246,18.771221160888672,1,1,1.0,1.0,1.0
hf_github_codereview,f962f63b25121669,0.9413762092590332,0.9413762092590332,0.9413762092590332,0.9413762092590332,0.9413762092590332,0.9413762092590332,0.0,18.44765281677246,18.771221160888672,1,1,1.0,1.0,1.0
hf_github_codereview,a090b7cbe1e07617,0.9871325492858887,0.9871325492858887,0.9871325492858887,0.9871325492858887,0.9871324896812439,0.9871325492858887,0.0,19.08366584777832,18.644983291625977,1,1,1.0,1.0,1.0
hf_github_codereview,d6c749aebcb19f9a,0.9743256568908691,0.9743256568908691,0.9743256568908691,0.9743256568908691,0.9743256568908691,0.9743256568908691,0.0,19.127132415771484,19.205659866333008,1,1,1.0,1.0,1.0
hf_github_codereview,9aed09c8e557fd0c,0.9746277332305908,0.9746277332305908,0.9746277332305908,0.9746277332305908,0.9746277332305908,0.9746277332305908,0.0,18.73222541809082,19.205659866333008,1,1,1.0,1.0,1.0
hf_github_codereview,574dd307a08c16c3,0.9464983940124512,0.9464983940124512,0.9464983940124512,0.9464983940124512,0.9464983940124512,0.9464983940124512,0.0,18.65293312072754,18.89342498779297,1,1,1.0,1.0,1.0
hf_github_codereview,5837d61bf4f4be11,0.9204611778259277,0.9204611778259277,0.9204611778259277,0.9204611778259277,0.9204611778259277,0.9204611778259277,0.0,19.428382873535156,18.216684341430664,1,1,1.0,1.0,1.0
hf_github_codereview,c65cdda764108332,0.9759962558746338,0.9759962558746338,0.9759962558746338,0.9759962558746338,0.9759962558746338,0.9759962558746338,0.0,18.063568115234375,17.618549346923828,1,1,1.0,1.0,1.0
hf_github_codereview,f7d8a936eee6925c,0.9263004660606384,0.9263004660606384,0.9263004660606384,0.9263004660606384,0.9263005256652832,0.9263004660606384,0.0,19.301841735839844,17.618549346923828,1,1,1.0,1.0,1.0
hf_github_codereview,42bd0f698be07a66,0.9907523393630981,0.9907523393630981,0.9907523393630981,0.9907523393630981,0.9907524585723877,0.9907523393630981,0.0,18.82480812072754,18.80853271484375,1,1,1.0,1.0,1.0
hf_github_codereview,e659611f8565d046,0.9714048504829407,0.9395896196365356,0.06363046169281006,0.9395896196365356,0.9505588412284851,0.9714048504829407,0.0,19.29617691040039,18.804192543029785,1,2,1.0,1.0,1.0
hf_github_codereview,2b3306530ac9006c,0.9837290048599243,0.9837290048599243,0.9837290048599243,0.9837290048599243,0.9837290048599243,0.9837290048599243,0.0,19.51112174987793,19.566598892211914,1,1,1.0,1.0,1.0
hf_github_codereview,69db091ac28c5901,0.9512773752212524,0.9457024931907654,0.011149764060974121,0.9457024931907654,0.9572365283966064,0.9512773752212524,0.0,19.468759536743164,18.524678230285645,1,2,1.0,1.0,1.0
hf_github_codereview,d76afa3447281f67,0.9529638290405273,0.9477214217185974,0.010484814643859863,0.9477214217185974,0.9581656455993652,0.9529638290405273,0.0,19.858598709106445,18.45034408569336,1,2,1.0,1.0,1.0
hf_github_codereview,965e3d1e74f6073e,0.9538927674293518,0.9482821226119995,0.01122128963470459,0.9482821226119995,0.9598475694656372,0.9538927674293518,0.0,19.326757431030273,18.524678230285645,1,2,1.0,1.0,1.0
hf_github_codereview,300971631faf2b30,0.9819550514221191,0.9715400139490763,0.008125245571136475,0.9715400139490763,0.9820905923843384,0.9819550514221191,0.0,19.260337829589844,19.30288314819336,1,3,1.0,1.0,1.0
hf_github_codereview,7c98bf045800b625,0.9733690023422241,0.9462273518244425,0.006316661834716797,0.9462273518244425,0.9802665114402771,0.9733690023422241,0.0,19.271865844726562,19.03327242533366,1,3,1.0,1.0,1.0
hf_github_codereview,ad2d1db42c1adea5,0.9837294220924377,0.9183184504508972,0.0014892220497131348,0.9183184504508972,0.9734444618225098,0.9837294220924377,0.0,18.791696548461914,18.658100763956707,1,3,1.0,1.0,0.6666666666666666
hf_github_codereview,9b711ef9234b931e,0.7998654246330261,0.7998654246330261,0.7998654246330261,0.7998654246330261,0.7998654246330261,0.7998654246330261,0.0,19.294462203979492,17.376144409179688,1,1,1.0,1.0,0.0
hf_github_codereview,ef55e91958f77a10,1.0,0.9771570563316345,0.04568588733673096,0.9771570563316345,0.988512396812439,1.0,0.0,18.963464736938477,18.75135040283203,1,2,1.0,1.0,1.0
hf_github_codereview,aafc00dc89b9c294,0.9613097310066223,0.9560797214508057,0.0104600191116333,0.9560797214508057,0.9752093553543091,0.9613097310066223,0.0,19.685749053955078,19.155789375305176,1,2,1.0,1.0,1.0
hf_github_codereview,43b92ef4ccdab57b,0.9861844182014465,0.9861844182014465,0.9861844182014465,0.9861844182014465,0.9861844182014465,0.9861844182014465,0.0,19.228784561157227,19.293140411376953,1,1,1.0,1.0,1.0
hf_github_codereview,108f56c8d2068ec7,1.0,1.0,1.0,1.0,1.0,1.0,0.0,19.316017150878906,19.316017150878906,1,1,1.0,1.0,1.0
hf_github_codereview,30678bcb66d06cdb,0.9301801919937134,0.9301801919937134,0.9301801919937134,0.9301801919937134,0.9301802515983582,0.9301801919937134,0.0,19.35218620300293,18.283735275268555,1,1,1.0,1.0,1.0
hf_github_codereview,17fb71cd798fed03,0.9925092458724976,0.9874950647354126,0.010028362274169922,0.9874950647354126,0.9905614852905273,0.9925092458724976,0.0,18.685197830200195,18.797659873962402,1,2,1.0,1.0,1.0
hf_github_codereview,3cb7a7cee756e70b,0.9184949994087219,0.9184949994087219,0.9184949994087219,0.9184949994087219,0.9184949994087219,0.9184949994087219,0.0,18.768341064453125,18.763629913330078,1,1,1.0,1.0,1.0
hf_github_codereview,fa0204ab7b17931b,0.9152709245681763,0.9152709245681763,0.9152709245681763,0.9152709245681763,0.9152709245681763,0.9152709245681763,0.0,19.070974349975586,18.111644744873047,1,1,1.0,1.0,1.0
hf_github_codereview,132599a4300bd28a,0.9818794131278992,0.9818794131278992,0.9818794131278992,0.9818794131278992,0.9818795919418335,0.9818794131278992,0.0,19.568012237548828,19.338577270507812,1,1,1.0,1.0,1.0
hf_github_codereview,fcb73e9bdbfd5aa2,0.988650381565094,0.988650381565094,0.988650381565094,0.988650381565094,0.988650381565094,0.988650381565094,0.0,19.13962745666504,19.657323837280273,1,1,1.0,1.0,1.0
hf_github_codereview,38c0860d20006fde,0.9824354648590088,0.9731890857219696,0.01849275827407837,0.9731890857219696,0.990385115146637,0.9824354648590088,0.0,19.002084732055664,18.9521484375,1,2,1.0,1.0,1.0
hf_github_codereview,c5a1a6b869700f40,0.9647051095962524,0.9591185649236044,0.0002472996711730957,0.9591185649236044,0.9744297862052917,0.9647051095962524,0.0,19.233257293701172,19.284708658854168,1,3,1.0,1.0,1.0
hf_github_codereview,566e2d062bc8c0d1,0.9901210069656372,0.9679468274116516,0.04434835910797119,0.9679468274116516,0.9806813597679138,0.9901210069656372,0.0,18.957069396972656,18.775585174560547,1,2,1.0,1.0,1.0
hf_github_codereview,be5edf7ab627587c,0.8283007144927979,0.8283007144927979,0.8283007144927979,0.8283007144927979,0.8283005952835083,0.8283007144927979,0.0,19.614652633666992,17.828266143798828,1,1,1.0,1.0,1.0
hf_github_codereview,c506b15b76d25868,0.9843140840530396,0.9843140840530396,0.9843140840530396,0.9843140840530396,0.98431396484375,0.9843140840530396,0.0,18.867191314697266,19.259841918945312,1,1,1.0,1.0,1.0
hf_github_codereview,7784530e507963e8,0.9555212259292603,0.9555212259292603,0.9555212259292603,0.9555212259292603,0.9555209875106812,0.9555212259292603,0.0,19.5847110748291,19.259841918945312,1,1,1.0,1.0,1.0
hf_github_codereview,7765ef4474fece71,0.9571290612220764,0.9571290612220764,0.9571290612220764,0.9571290612220764,0.9571289420127869,0.9571290612220764,0.0,18.998788833618164,18.39141845703125,1,1,1.0,1.0,1.0
hf_github_codereview,09217d5bc576ac0f,1.0,0.9639763832092285,0.07204723358154297,0.9639763832092285,0.9818230271339417,1.0,0.0,17.775564193725586,18.647069931030273,1,2,1.0,1.0,1.0
hf_github_codereview,2edfd3817813f46d,0.9901502132415771,0.9716838896274567,0.03693264722824097,0.9716838896274567,0.9863070249557495,0.9901502132415771,0.0,19.2231502532959,19.11630916595459,1,2,1.0,1.0,1.0
hf_github_codereview,f49855cc9140cc4b,0.9775698781013489,0.9775698781013489,0.9775698781013489,0.9775698781013489,0.9775698781013489,0.9775698781013489,0.0,19.211376190185547,18.46407699584961,1,1,1.0,1.0,1.0
hf_github_codereview,992e1aefbbf73056,0.9737744927406311,0.9737744927406311,0.9737744927406311,0.9737744927406311,0.9737744927406311,0.9737744927406311,0.0,18.319746017456055,18.50275230407715,1,1,1.0,1.0,1.0
hf_github_codereview,a9ff6cc5213e57cd,0.9990183115005493,0.9990183115005493,0.9990183115005493,0.9990183115005493,0.9990183115005493,0.9990183115005493,0.0,18.830530166625977,18.85260581970215,1,1,1.0,1.0,1.0
hf_github_codereview,83a83fbe3da9a6b0,0.9637629985809326,0.9241220951080322,0.04147982597351074,0.9241220951080322,0.9500438570976257,0.9637629985809326,0.0,18.88170623779297,19.084906895955402,1,3,1.0,1.0,1.0
hf_github_codereview,f2b90b3b0bcc75cf,0.9995375871658325,0.9995375871658325,0.9995375871658325,0.9995375871658325,0.9995375871658325,0.9995375871658325,0.0,19.384765625,19.455909729003906,1,1,1.0,1.0,1.0
hf_github_codereview,2c1ef2a3166a8e0d,0.9758960008621216,0.9528537193934122,0.031977713108062744,0.9448624402284622,0.9713084697723389,0.9758960008621216,0.0,19.691024780273438,19.184964179992676,1,4,1.0,1.0,1.0
hf_github_codereview,9631738e5f984e61,0.9683108329772949,0.9683108329772949,0.9683108329772949,0.9683108329772949,0.9683106541633606,0.9683108329772949,0.0,19.049528121948242,19.049678802490234,1,1,1.0,1.0,1.0
hf_github_codereview,f8f23a183740a943,0.9774186015129089,0.9774186015129089,0.9774186015129089,0.9774186015129089,0.9774186015129089,0.9774186015129089,0.0,19.538501739501953,19.461956024169922,1,1,1.0,1.0,1.0
hf_github_codereview,7a946b6861e9ead0,0.9912940263748169,0.9912940263748169,0.9912940263748169,0.9912940263748169,0.9912940263748169,0.9912940263748169,0.0,19.18421745300293,19.09157943725586,1,1,1.0,1.0,1.0
hf_github_codereview,824b252ecdefae6c,1.0,1.0,1.0,1.0,1.0,1.0,0.0,19.0888729095459,19.0888729095459,1,1,1.0,1.0,1.0
hf_github_codereview,3aeb2ef27fe4e950,0.9900757074356079,0.9545097549756368,0.029597342014312744,0.9545097549756368,0.9693545699119568,0.9900757074356079,0.0,19.878231048583984,19.513837178548176,1,3,1.0,1.0,1.0
hf_github_codereview,9456e4927ef97139,0.9485747218132019,0.9341377317905426,0.028873980045318604,0.9341377317905426,0.9494179487228394,0.9485747218132019,0.0,19.120059967041016,18.702336311340332,1,2,1.0,1.0,1.0
hf_github_codereview,369fdfb11695b3fe,0.9760406613349915,0.9721694191296896,0.0022930502891540527,0.9721694191296896,0.9832117557525635,0.9760406613349915,0.0,19.212568283081055,18.98946698506673,1,3,1.0,1.0,1.0
hf_github_codereview,e293645dd9847c4a,0.9856377840042114,0.9703841606775919,0.011890172958374023,0.9703841606775919,0.9885330200195312,0.9856377840042114,0.0,19.212568283081055,19.08785120646159,1,3,1.0,1.0,1.0
hf_github_codereview,caf4ed920acd6855,0.9866242408752441,0.9834470748901367,0.006354331970214844,0.9834470748901367,0.9890512228012085,0.9866242408752441,0.0,19.673358917236328,19.566829681396484,1,2,1.0,1.0,1.0
hf_github_codereview,b452378ae1f631d6,0.9251225590705872,0.9251225590705872,0.9251225590705872,0.9251225590705872,0.9251224398612976,0.9251225590705872,0.0,20.019203186035156,18.789396286010742,1,1,1.0,1.0,1.0
hf_github_codereview,18ff6bf61238e683,0.9143610596656799,0.8899858593940735,0.04875040054321289,0.8899858593940735,0.9143204689025879,0.9143610596656799,0.0,19.30182647705078,18.685989379882812,1,2,1.0,1.0,1.0
hf_github_codereview,858bbc77b77c8b81,0.9346197843551636,0.9346197843551636,0.9346197843551636,0.9346197843551636,0.9346197843551636,0.9346197843551636,0.0,18.756942749023438,18.102771759033203,1,1,1.0,1.0,1.0
hf_github_codereview,288a6ba45e530a7f,1.0,1.0,1.0,1.0,1.0,1.0,0.0,18.44561004638672,18.44561004638672,1,1,1.0,1.0,1.0
hf_github_codereview,6709e91a46a41a04,0.9999998807907104,0.9999998807907104,0.9999998807907104,0.9999998807907104,0.9999998807907104,0.9999998807907104,0.0,18.49619483947754,18.49619483947754,1,1,1.0,1.0,1.0
hf_github_codereview,3f67bd16f7934917,0.9694383144378662,0.9658646583557129,0.007147312164306641,0.9658646583557129,0.9678622484207153,0.9694383144378662,0.0,19.65941047668457,19.732314109802246,1,2,1.0,1.0,1.0
hf_github_codereview,37af0abadcb66bef,0.9563091993331909,0.9563091993331909,0.9563091993331909,0.9563091993331909,0.9563091993331909,0.9563091993331909,0.0,19.42766761779785,18.6236629486084,1,1,1.0,1.0,1.0
hf_github_codereview,d5f7bb99dc97882d,1.0,1.0,1.0,1.0,1.0,1.0,0.0,18.6236629486084,18.6236629486084,1,1,1.0,1.0,1.0
hf_github_codereview,559a2d88ab883ad7,0.9999999403953552,0.9999999403953552,0.9999999403953552,0.9999999403953552,1.0,0.9999999403953552,0.0,19.157825469970703,19.157825469970703,1,1,1.0,1.0,1.0
hf_github_codereview,c326d38c326c7aae,0.9281775951385498,0.9281775951385498,0.9281775951385498,0.9281775951385498,0.9281775951385498,0.9281775951385498,0.0,18.83786392211914,19.601755142211914,1,1,1.0,1.0,1.0
hf_github_codereview,90eddde2d4ec6a5c,0.94775390625,0.94775390625,0.94775390625,0.94775390625,0.94775390625,0.94775390625,0.0,19.092267990112305,20.261629104614258,1,1,1.0,1.0,1.0
hf_github_codereview,3bab5bca8b658694,0.9918037056922913,0.9918037056922913,0.9918037056922913,0.9918037056922913,0.9918037056922913,0.9918037056922913,0.0,19.074907302856445,19.39264488220215,1,1,1.0,1.0,1.0
hf_github_codereview,12166cc85d9b89f7,1.0,1.0,1.0,1.0,1.0,1.0,0.0,19.25763511657715,19.25763511657715,1,1,1.0,1.0,1.0
hf_github_codereview,88a7114cd3f019d7,0.9449998736381531,0.9422100484371185,0.005579650402069092,0.9422100484371185,0.966525137424469,0.9449998736381531,0.0,19.458581924438477,18.488195419311523,1,2,1.0,1.0,1.0
hf_github_codereview,0f77c03d7fb622be,0.9742918014526367,0.9742918014526367,0.9742918014526367,0.9742918014526367,0.9742919206619263,0.9742918014526367,0.0,19.178543090820312,18.59678840637207,1,1,1.0,1.0,1.0
hf_github_codereview,3e23db91af7f0627,0.9973318576812744,0.9973318576812744,0.9973318576812744,0.9973318576812744,0.997331976890564,0.9973318576812744,0.0,19.350744247436523,19.51898765563965,1,1,1.0,1.0,1.0
hf_github_codereview,f1b176cd9e901ee4,0.970901608467102,0.970901608467102,0.970901608467102,0.970901608467102,0.9709017872810364,0.970901608467102,0.0,19.691970825195312,19.41004753112793,1,1,1.0,1.0,1.0
hf_github_codereview,40d9f3a2f0470764,0.971713662147522,0.971713662147522,0.971713662147522,0.971713662147522,0.971713662147522,0.971713662147522,0.0,19.308155059814453,19.391340255737305,1,1,1.0,1.0,1.0
hf_github_codereview,31eaae11b21485de,0.9735233783721924,0.9735233783721924,0.9735233783721924,0.9735233783721924,0.9735233783721924,0.9735233783721924,0.0,19.266340255737305,19.391340255737305,1,1,1.0,1.0,1.0
hf_github_codereview,18c515bbe4a152b2,0.9999998807907104,0.988384743531545,0.01619499921798706,0.9833679646253586,0.9926502108573914,0.9999998807907104,0.0,19.128732681274414,19.556185245513916,1,4,1.0,1.0,1.0
hf_github_codereview,95bf21682731ac52,0.9732623100280762,0.9586808681488037,0.029162883758544922,0.9586808681488037,0.9756920337677002,0.9732623100280762,0.0,19.21653175354004,19.098679542541504,1,2,1.0,1.0,1.0
hf_github_codereview,60dfcc1b3cd696ee,0.9963274002075195,0.9963274002075195,0.9963274002075195,0.9963274002075195,0.9963274002075195,0.9963274002075195,0.0,19.222253799438477,18.971586227416992,1,1,1.0,1.0,1.0
hf_github_codereview,7df52a73827c83e3,1.0,1.0,1.0,1.0,1.0,1.0,0.0,19.46507453918457,19.46507453918457,1,1,1.0,1.0,1.0
hf_github_codereview,eb947e491586f3ce,1.0,1.0,1.0,1.0,1.0,1.0,0.0,18.93321418762207,18.93321418762207,1,1,1.0,1.0,1.0
hf_github_codereview,fd6d0e37201028d4,1.0,1.0,1.0,1.0,1.0,1.0,0.0,18.9046688079834,18.9046688079834,1,1,1.0,1.0,1.0
hf_github_codereview,de097d5bf586edc2,1.0,1.0,1.0,1.0,1.0,1.0,0.0,18.7670841217041,18.7670841217041,1,1,1.0,1.0,1.0
hf_github_codereview,bd9c5f91add701f0,0.8912160992622375,0.8912160992622375,0.8912160992622375,0.8912160992622375,0.8912160992622375,0.8912160992622375,0.0,19.327909469604492,19.57579231262207,1,1,1.0,1.0,1.0
hf_github_codereview,701f47d0d22d6768,0.9811397790908813,0.9581835865974426,0.04591238498687744,0.9581835865974426,0.9691354036331177,0.9811397790908813,0.0,19.002513885498047,19.478933334350586,1,2,1.0,1.0,1.0
hf_github_codereview,23fde59519d4298b,0.9228801727294922,0.9228801727294922,0.9228801727294922,0.9228801727294922,0.9228802919387817,0.9228801727294922,0.0,19.57330894470215,18.29080581665039,1,1,1.0,1.0,1.0
hf_github_codereview,4f564eaf7e37f6c8,0.9605852365493774,0.9605852365493774,0.9605852365493774,0.9605852365493774,0.9605852365493774,0.9605852365493774,0.0,19.086837768554688,18.826555252075195,1,1,1.0,1.0,1.0
hf_github_codereview,0f2bbd92830df629,1.0,1.0,1.0,1.0,1.0,1.0,0.0,18.516315460205078,18.516315460205078,1,1,1.0,1.0,1.0
hf_github_codereview,88c8321d58d58b11,0.7484105825424194,0.7484105825424194,0.7484105825424194,0.7484105825424194,0.7484106421470642,0.7484105825424194,0.0,17.376144409179688,18.880535125732422,1,1,1.0,1.0,0.0
hf_github_codereview,a955a5e3f72ea713,0.9643495678901672,0.9016738732655843,0.06790709495544434,0.9016738732655843,0.963258683681488,0.9643495678901672,0.0,18.75675392150879,18.783999760945637,1,3,1.0,1.0,1.0
hf_github_codereview,36c49bc018099c35,0.99666428565979,0.99666428565979,0.99666428565979,0.99666428565979,0.9966644644737244,0.99666428565979,0.0,19.269277572631836,19.189937591552734,1,1,1.0,1.0,1.0
hf_github_codereview,5584728d3e74ba7f,0.9866969585418701,0.9542763233184814,0.06484127044677734,0.9542763233184814,0.9780499339103699,0.9866969585418701,0.0,19.1464786529541,18.791950225830078,1,2,1.0,1.0,1.0
hf_github_codereview,7562ca7c36484e05,0.9999999403953552,0.9999999403953552,0.9999999403953552,0.9999999403953552,1.0,0.9999999403953552,0.0,18.220977783203125,18.220977783203125,1,1,1.0,1.0,1.0
hf_github_codereview,b17fef04cada9fbb,1.0,1.0,1.0,1.0,1.0,1.0,0.0,18.840171813964844,18.840171813964844,1,1,1.0,1.0,1.0
hf_github_codereview,6887c9597905894d,1.0,1.0,1.0,1.0,1.0,1.0,0.0,18.156408309936523,18.156408309936523,1,1,1.0,1.0,1.0
hf_github_codereview,3e6546e6a038494e,1.0,1.0,1.0,1.0,1.0,1.0,0.0,19.579490661621094,19.579490661621094,1,1,1.0,1.0,1.0
hf_github_codereview,2ab55890d3312683,0.9999996423721313,0.9999996423721313,0.9999996423721313,0.9999996423721313,0.9999999403953552,0.9999996423721313,0.0,20.09351348876953,20.09351348876953,1,1,1.0,1.0,1.0
hf_github_codereview,30588209c826e28a,0.9999996423721313,0.9999996423721313,0.9999996423721313,0.9999996423721313,0.9999999403953552,0.9999996423721313,0.0,20.09351348876953,20.09351348876953,1,1,1.0,1.0,1.0
hf_github_codereview,3bc1096ebc036d3a,1.0,1.0,1.0,1.0,1.0,1.0,0.0,18.51347541809082,18.51347541809082,1,1,1.0,1.0,1.0
hf_github_codereview,bb4e6ab3e22836aa,0.9126757979393005,0.9126757979393005,0.9126757979393005,0.9126757979393005,0.9126757979393005,0.9126757979393005,0.0,18.859073638916016,18.280855178833008,1,1,1.0,1.0,1.0
hf_github_codereview,38d1931e7b15ce91,0.8491289615631104,0.8491289615631104,0.8491289615631104,0.8491289615631104,0.8491289615631104,0.8491289615631104,0.0,18.761749267578125,18.60744857788086,1,1,1.0,1.0,1.0
hf_github_codereview,c84172e7fd42d39a,0.9999997615814209,0.9999997615814209,0.9999997615814209,0.9999997615814209,0.9999998807907104,0.9999997615814209,0.0,20.029865264892578,20.029865264892578,1,1,1.0,1.0,1.0
hf_github_codereview,e89ce6634e67dec0,0.9753628373146057,0.9661558568477631,0.018413960933685303,0.9661558568477631,0.9728957414627075,0.9753628373146057,0.0,19.03628921508789,19.004324913024902,1,2,1.0,1.0,1.0
hf_github_codereview,7f24e719084a3b0c,0.9953339099884033,0.9953339099884033,0.9953339099884033,0.9953339099884033,0.9953338503837585,0.9953339099884033,0.0,19.158838272094727,19.27936363220215,1,1,1.0,1.0,1.0
hf_github_codereview,34f5ba998b54c8ed,1.0,1.0,1.0,1.0,1.0,1.0,0.0,19.590879440307617,19.590879440307617,1,1,1.0,1.0,1.0
hf_github_codereview,ca068eeef872e700,0.9646362662315369,0.9506670832633972,0.027938365936279297,0.9506670832633972,0.9714435338973999,0.9646362662315369,0.0,19.570093154907227,19.212127685546875,1,2,1.0,1.0,1.0
hf_github_codereview,a2e34e9471749e8c,0.9834928512573242,0.9681647419929504,0.03065621852874756,0.9681647419929504,0.9756186008453369,0.9834928512573242,0.0,19.31032943725586,19.591504096984863,1,2,1.0,1.0,1.0
hf_github_codereview,115002cabe230dec,0.9881480932235718,0.9881480932235718,0.9881480932235718,0.9881480932235718,0.9881482124328613,0.9881480932235718,0.0,19.63268280029297,20.02275848388672,1,1,1.0,1.0,1.0
hf_github_codereview,c29fc541a1b6adb0,0.9235345721244812,0.9209415316581726,0.0051860809326171875,0.9209415316581726,0.9367643594741821,0.9235345721244812,0.0,19.09027862548828,19.21242618560791,1,2,1.0,1.0,1.0
hf_github_codereview,cb3e10095e2243bd,0.9556525349617004,0.9556525349617004,0.9556525349617004,0.9556525349617004,0.9556525349617004,0.9556525349617004,0.0,18.503171920776367,19.000192642211914,1,1,1.0,1.0,1.0
hf_github_codereview,7b6cf8e35920afc8,0.965186357498169,0.951498955488205,0.02737480401992798,0.951498955488205,0.9673767685890198,0.965186357498169,0.0,18.618473052978516,18.289456367492676,1,2,1.0,1.0,1.0
hf_github_codereview,bf250ee4c9ee8ebb,0.9805628061294556,0.8498590588569641,0.2614074945449829,0.8498590588569641,0.9092243909835815,0.9805628061294556,0.0,18.661775588989258,18.12610626220703,1,2,1.0,1.0,0.5
hf_github_codereview,5d2c8ab658abf528,0.9755429029464722,0.9485842784245809,0.01851046085357666,0.9485842784245809,0.9658336639404297,0.9755429029464722,0.0,19.050504684448242,18.975392659505207,1,3,1.0,1.0,1.0
hf_github_codereview,f5a7e16360d2bf81,0.9730591773986816,0.9701113303502401,0.001658618450164795,0.9701113303502401,0.9848904013633728,0.9730591773986816,0.0,19.141347885131836,19.242245356241863,1,3,1.0,1.0,1.0
hf_github_codereview,8458fb28932ade2b,0.9558138251304626,0.9558138251304626,0.9558138251304626,0.9558138251304626,0.9558138251304626,0.9558138251304626,0.0,20.066537857055664,19.106107711791992,1,1,1.0,1.0,1.0
hf_github_codereview,f762bcbc9073335e,0.9158273935317993,0.9158273935317993,0.9158273935317993,0.9158273935317993,0.9158273935317993,0.9158273935317993,0.0,19.137149810791016,18.3709774017334,1,1,1.0,1.0,1.0
hf_github_codereview,89ec34d3bd422d27,0.9996030926704407,0.9996030926704407,0.9996030926704407,0.9996030926704407,0.9996031522750854,0.9996030926704407,0.0,19.60504722595215,19.54002571105957,1,1,1.0,1.0,1.0
hf_github_codereview,af16aebc42cf536d,0.9664024114608765,0.9664024114608765,0.9664024114608765,0.9664024114608765,0.966402530670166,0.9664024114608765,0.0,19.545076370239258,19.731576919555664,1,1,1.0,1.0,1.0
hf_github_codereview,4e75a800869a6ec4,1.0,0.9714323878288269,0.05713522434234619,0.9714323878288269,0.9856125712394714,1.0,0.0,18.90646743774414,18.89773178100586,1,2,1.0,1.0,1.0
hf_github_codereview,6be36df067ae0caf,0.9706021547317505,0.9600206613540649,0.021162986755371094,0.9600206613540649,0.973174512386322,0.9706021547317505,0.0,19.136415481567383,19.319621086120605,1,2,1.0,1.0,1.0
hf_github_codereview,dfde8d56d13b9dd0,0.9999997615814209,0.9616506695747375,0.0766981840133667,0.9616506695747375,0.9806378483772278,0.9999997615814209,0.0,19.128520965576172,18.808777809143066,1,2,1.0,1.0,1.0
hf_github_codereview,7b24b2e8d655edf8,0.97226881980896,0.97226881980896,0.97226881980896,0.97226881980896,0.9722689390182495,0.97226881980896,0.0,19.145517349243164,19.562152862548828,1,1,1.0,1.0,1.0
hf_github_codereview,9332437894751407,0.9874624013900757,0.9770270586013794,0.020870685577392578,0.9770270586013794,0.9921945333480835,0.9874624013900757,0.0,18.940387725830078,18.997817039489746,1,2,1.0,1.0,1.0
hf_github_codereview,f71376566cb700e2,0.9901970028877258,0.9714579880237579,0.03747802972793579,0.9714579880237579,0.9865388870239258,0.9901970028877258,0.0,18.626829147338867,18.997817039489746,1,2,1.0,1.0,1.0
hf_github_codereview,4540c2fdad90e55a,0.9064390063285828,0.9064390063285828,0.9064390063285828,0.9064390063285828,0.9064390063285828,0.9064390063285828,0.0,18.35818862915039,19.162675857543945,1,1,1.0,1.0,1.0
hf_github_codereview,fdacb5bda9bf1b7e,0.7952990531921387,0.7952990531921387,0.7952990531921387,0.7952990531921387,0.7952991724014282,0.7952990531921387,0.0,18.35818862915039,18.495281219482422,1,1,1.0,1.0,0.0
hf_github_codereview,f43d426148954df2,0.9311766624450684,0.9311766624450684,0.9311766624450684,0.9311766624450684,0.9311766624450684,0.9311766624450684,0.0,19.032102584838867,18.317163467407227,1,1,1.0,1.0,1.0
hf_github_codereview,eb54e6ef81332cb4,0.9967613220214844,0.9967613220214844,0.9967613220214844,0.9967613220214844,0.9967614412307739,0.9967613220214844,0.0,19.157062530517578,19.258596420288086,1,1,1.0,1.0,1.0
hf_github_codereview,7a8f12466ae5f89c,0.9017844200134277,0.9017844200134277,0.9017844200134277,0.9017844200134277,0.9017844200134277,0.9017844200134277,0.0,19.65229606628418,18.070842742919922,1,1,1.0,1.0,1.0
hf_github_codereview,eb91bb51d24fd71d,0.9823181629180908,0.9823181629180908,0.9823181629180908,0.9823181629180908,0.9823181629180908,0.9823181629180908,0.0,19.043737411499023,18.917016983032227,1,1,1.0,1.0,1.0
hf_github_codereview,e26ea6b7ab2dff12,0.961295485496521,0.961295485496521,0.961295485496521,0.961295485496521,0.961295485496521,0.961295485496521,0.0,18.953580856323242,19.4825439453125,1,1,1.0,1.0,1.0
hf_github_codereview,3290cd78c2107352,0.9999998211860657,0.9999998211860657,0.9999998211860657,0.9999998211860657,0.9999999403953552,0.9999998211860657,0.0,19.318437576293945,19.318437576293945,1,1,1.0,1.0,1.0
hf_github_codereview,64e1a1014b16cd90,0.9999998807907104,0.9999998807907104,0.9999998807907104,0.9999998807907104,1.0,0.9999998807907104,0.0,18.594449996948242,18.594449996948242,1,1,1.0,1.0,1.0
hf_github_codereview,2fd56e49449b3981,0.9853617548942566,0.9853617548942566,0.9853617548942566,0.9853617548942566,0.9853617548942566,0.9853617548942566,0.0,18.46282196044922,18.756235122680664,1,1,1.0,1.0,1.0
hf_github_codereview,e4ee92a239241071,0.9551777243614197,0.9551777243614197,0.9551777243614197,0.9551777243614197,0.9551777243614197,0.9551777243614197,0.0,18.893888473510742,18.756235122680664,1,1,1.0,1.0,1.0
hf_github_codereview,a011d0f8cf2a093b,0.9999998211860657,0.9999998211860657,0.9999998211860657,0.9999998211860657,1.0,0.9999998211860657,0.0,18.768537521362305,18.768537521362305,1,1,1.0,1.0,1.0
hf_github_codereview,7b641f145a078211,0.9097015857696533,0.9097015857696533,0.9097015857696533,0.9097015857696533,0.9097017645835876,0.9097015857696533,0.0,19.671031951904297,18.554412841796875,1,1,1.0,1.0,1.0
hf_github_codereview,456bf29fc9205e69,0.9588621854782104,0.9358973900477091,0.03215169906616211,0.9358973900477091,0.9571096897125244,0.9588621854782104,0.0,18.50592803955078,18.95286814371745,1,3,1.0,1.0,1.0
hf_github_codereview,feacc0ae3d5b5249,0.9513427019119263,0.9498611986637115,0.0029630064964294434,0.9498611986637115,0.9661439657211304,0.9513427019119263,0.0,19.048696517944336,19.213367462158203,1,2,1.0,1.0,1.0
hf_github_codereview,a355d88401a0a9c9,0.8599662184715271,0.8599662184715271,0.8599662184715271,0.8599662184715271,0.8599662184715271,0.8599662184715271,0.0,18.576274871826172,19.32963752746582,1,1,1.0,1.0,1.0
hf_github_codereview,68f8f60eb651cdf8,0.9115564823150635,0.9115564823150635,0.9115564823150635,0.9115564823150635,0.9115564823150635,0.9115564823150635,0.0,18.804765701293945,19.32963752746582,1,1,1.0,1.0,1.0
hf_github_codereview,efff0295ad3770b2,0.9056732654571533,0.9056732654571533,0.9056732654571533,0.9056732654571533,0.9056732654571533,0.9056732654571533,0.0,18.58232879638672,19.32963752746582,1,1,1.0,1.0,1.0
hf_github_codereview,b81e7c6f165df36c,0.9947366118431091,0.9947366118431091,0.9947366118431091,0.9947366118431091,0.9947366118431091,0.9947366118431091,0.0,18.958209991455078,19.04212188720703,1,1,1.0,1.0,1.0
hf_github_codereview,e6e39734ce7c581f,0.9859979152679443,0.9859979152679443,0.9859979152679443,0.9859979152679443,0.9859980344772339,0.9859979152679443,0.0,19.553939819335938,19.573238372802734,1,1,1.0,1.0,1.0
hf_github_codereview,e1358aa74e27326b,1.0,1.0,1.0,1.0,1.0,1.0,0.0,19.422040939331055,19.422040939331055,1,1,1.0,1.0,1.0
hf_github_codereview,9ffe167919e1187a,0.9759671688079834,0.9759671688079834,0.9759671688079834,0.9759671688079834,0.9759672284126282,0.9759671688079834,0.0,19.22213363647461,19.573238372802734,1,1,1.0,1.0,1.0
hf_github_codereview,ed9683f2898fc402,1.0,1.0,1.0,1.0,1.0,1.0,0.0,18.9719295501709,18.9719295501709,1,1,1.0,1.0,1.0
hf_github_codereview,14c3bd9db2ebc5ee,0.9188897609710693,0.9188897609710693,0.9188897609710693,0.9188897609710693,0.9188898205757141,0.9188897609710693,0.0,18.877336502075195,18.365062713623047,1,1,1.0,1.0,1.0
hf_github_codereview,abbd848eadd5b7a0,0.8828449845314026,0.8828449845314026,0.8828449845314026,0.8828449845314026,0.8828449845314026,0.8828449845314026,0.0,19.069490432739258,18.299606323242188,1,1,1.0,1.0,1.0
hf_github_codereview,63a56886aa29910f,1.0,1.0,1.0,1.0,1.0,1.0,0.0,18.876432418823242,18.876432418823242,1,1,1.0,1.0,1.0
hf_github_codereview,6dd2070278a6b86b,1.0,0.998522937297821,0.00295412540435791,0.998522937297821,0.9992612600326538,1.0,0.0,18.841440200805664,18.828149795532227,1,2,1.0,1.0,1.0
hf_github_codereview,53f6525ae56d26a2,1.0,0.998522937297821,0.00295412540435791,0.998522937297821,0.9992611408233643,1.0,0.0,18.81485939025879,18.828149795532227,1,2,1.0,1.0,1.0
hf_github_codereview,4cd0ef33cc742ef7,0.976438581943512,0.9647638499736786,0.023349463939666748,0.9647638499736786,0.9758797287940979,0.976438581943512,0.0,19.291841506958008,19.173441886901855,1,2,1.0,1.0,1.0
hf_github_codereview,3a525721ed0179b1,0.9999997615814209,0.9589000344276428,0.08219945430755615,0.9589000344276428,0.9792343378067017,0.9999997615814209,0.0,19.419780731201172,18.84559440612793,1,2,1.0,1.0,1.0
hf_github_codereview,9dfcba9b4de0ecdc,0.9513070583343506,0.9513070583343506,0.9513070583343506,0.9513070583343506,0.9513071775436401,0.9513070583343506,0.0,19.33340835571289,19.111740112304688,1,1,1.0,1.0,1.0
hf_github_codereview,ccd54adcf2c487ac,0.9773296117782593,0.9773296117782593,0.9773296117782593,0.9773296117782593,0.9773297309875488,0.9773296117782593,0.0,19.33340835571289,19.30193519592285,1,1,1.0,1.0,1.0
hf_github_codereview,eb1e22c841a6277a,0.9652250409126282,0.952554722627004,0.01656550168991089,0.9469906836748123,0.9641623497009277,0.9652250409126282,0.0,19.911409378051758,19.062829971313477,1,4,1.0,1.0,1.0
hf_github_codereview,cd5463f0a3a791a1,0.878345787525177,0.878345787525177,0.878345787525177,0.878345787525177,0.878345787525177,0.878345787525177,0.0,18.876258850097656,18.88738250732422,1,1,1.0,1.0,1.0
hf_github_codereview,5c1d69a1f26d9ee8,0.948128342628479,0.948128342628479,0.948128342628479,0.948128342628479,0.9481284022331238,0.948128342628479,0.0,19.33340835571289,19.054067611694336,1,1,1.0,1.0,1.0
hf_github_codereview,16f03302b6770fdc,0.9457831382751465,0.9335913956165314,0.024383485317230225,0.9335913956165314,0.9504145383834839,0.9457831382751465,0.0,18.1313533782959,19.347455978393555,1,2,1.0,1.0,1.0
hf_github_codereview,d51616cc3aa85eb3,0.9925805926322937,0.9833488762378693,0.018463432788848877,0.9833488762378693,0.9877417087554932,0.9925805926322937,0.0,19.58838653564453,19.382840156555176,1,2,1.0,1.0,1.0
hf_github_codereview,842156a216fc29f8,0.970451295375824,0.9644258618354797,0.007333338260650635,0.9629981070756912,0.97108393907547,0.970451295375824,0.0,19.002412796020508,19.60730218887329,1,4,1.0,1.0,1.0
hf_github_codereview,b031e1f6ed00d8c3,0.9586406946182251,0.9317151308059692,0.00703740119934082,0.9317151308059692,0.9420648813247681,0.9586406946182251,0.0,18.963279724121094,19.645118713378906,1,3,1.0,1.0,1.0
hf_github_codereview,357ba3b40aab2e80,0.9377419352531433,0.9372087319691976,0.0005369782447814941,0.9372087319691976,0.9476194977760315,0.9377419352531433,0.0,18.699369430541992,19.645118713378906,1,3,1.0,1.0,1.0
hf_github_codereview,55c71d7c6a29686c,0.9999996423721313,0.9812081158161163,0.03758305311203003,0.9812081158161163,0.9905595183372498,0.9999996423721313,0.0,19.56541633605957,19.188528060913086,1,2,1.0,1.0,1.0
hf_github_codereview,37ab5403a9fa5c35,0.9425704479217529,0.9425704479217529,0.9425704479217529,0.9425704479217529,0.9425704479217529,0.9425704479217529,0.0,19.12936782836914,19.642242431640625,1,1,1.0,1.0,1.0
hf_github_codereview,d9495d372a82be6f,0.918178379535675,0.918178379535675,0.918178379535675,0.918178379535675,0.9181784987449646,0.918178379535675,0.0,18.511320114135742,18.192371368408203,1,1,1.0,1.0,1.0
hf_github_codereview,22481a30a3cc075f,0.9591777324676514,0.9591777324676514,0.9591777324676514,0.9591777324676514,0.9591777324676514,0.9591777324676514,0.0,19.178543090820312,18.1890869140625,1,1,1.0,1.0,1.0
hf_github_codereview,932e1fbdcb03abef,0.9786268472671509,0.9779160618782043,0.0014215707778930664,0.9779160618782043,0.9810460209846497,0.9786268472671509,0.0,19.261079788208008,19.447542190551758,1,2,1.0,1.0,1.0
hf_github_codereview,d9c491a6f51aa0b9,0.9535614252090454,0.9353564381599426,0.036409974098205566,0.9353564381599426,0.9450089931488037,0.9535614252090454,0.0,19.283727645874023,19.016905784606934,1,2,1.0,1.0,1.0
hf_github_codereview,16117283dc87b1ea,0.9828513860702515,0.9828513860702515,0.9828513860702515,0.9828513860702515,0.9828513860702515,0.9828513860702515,0.0,18.951343536376953,19.19808578491211,1,1,1.0,1.0,1.0
hf_github_codereview,8cc9a3e52be59d56,0.9918864965438843,0.9300195376078287,0.08777153491973877,0.9086799025535583,0.941677451133728,0.9918864965438843,0.0,19.245851516723633,18.17452049255371,1,5,1.0,1.0,1.0
hf_github_codereview,0108aec3d1f1f993,0.9780691862106323,0.9687873125076294,0.01856374740600586,0.9687873125076294,0.97902911901474,0.9780691862106323,0.0,19.31822967529297,18.83589744567871,1,2,1.0,1.0,1.0
hf_github_codereview,31b327600eebb7dd,0.0,0.0,0.0,0.0,0.0,0.0,0.0,18.854637145996094,0.0,1,0,0.0,0.0,0.0
hf_github_codereview,53ce9bd1c4878310,0.9849786162376404,0.9849786162376404,0.9849786162376404,0.9849786162376404,0.9849786758422852,0.9849786162376404,0.0,19.231470108032227,19.717208862304688,1,1,1.0,1.0,1.0
hf_github_codereview,f62dafaef17dbf39,0.9875465631484985,0.9757929742336273,0.02350717782974243,0.9757929742336273,0.987289547920227,0.9875465631484985,0.0,19.265052795410156,19.040873527526855,1,2,1.0,1.0,1.0
hf_github_codereview,96101782beecee67,0.9713679552078247,0.9675407012303671,0.004354000091552734,0.9675407012303671,0.9832081198692322,0.9713679552078247,0.0,19.179662704467773,19.185161590576172,1,3,1.0,1.0,1.0
hf_github_codereview,46b9ec6fb7dfe681,0.9725519418716431,0.9544440507888794,0.036215782165527344,0.9544440507888794,0.9667541980743408,0.9725519418716431,0.0,18.85491180419922,18.988981246948242,1,2,1.0,1.0,1.0
hf_github_codereview,63ef422328dd8cea,0.8916070461273193,0.8916070461273193,0.8916070461273193,0.8916070461273193,0.8916071057319641,0.8916070461273193,0.0,19.902652740478516,19.150423049926758,1,1,1.0,1.0,1.0
hf_github_codereview,3b0351145e2042f5,0.9709292054176331,0.9706419408321381,0.0005745291709899902,0.9706419408321381,0.9832339882850647,0.9709292054176331,0.0,18.82796287536621,19.040257453918457,1,2,1.0,1.0,1.0
hf_github_codereview,de15f0ef6663d4a3,0.9686594009399414,0.9510120749473572,0.004485368728637695,0.9510120749473572,0.9630973935127258,0.9686594009399414,0.0,19.23878288269043,19.150353113810223,1,3,1.0,1.0,1.0
hf_github_codereview,a46fc20734528231,0.9898116588592529,0.9743404686450958,0.03094238042831421,0.9743404686450958,0.9858201146125793,0.9898116588592529,0.0,19.161550521850586,19.040873527526855,1,2,1.0,1.0,1.0
hf_github_codereview,f0c50fbe009f4468,0.9080429673194885,0.9080429673194885,0.9080429673194885,0.9080429673194885,0.9080429673194885,0.9080429673194885,0.0,18.45709991455078,18.687618255615234,1,1,1.0,1.0,1.0
hf_github_codereview,1dcd357279624ccf,0.953680157661438,0.953680157661438,0.953680157661438,0.953680157661438,0.953680157661438,0.953680157661438,0.0,19.05439567565918,18.460363388061523,1,1,1.0,1.0,1.0
hf_github_codereview,a6c603f23ba6a152,0.9999999403953552,0.9999999403953552,0.9999999403953552,0.9999999403953552,1.0,0.9999999403953552,0.0,19.851036071777344,19.851036071777344,1,1,1.0,1.0,1.0
hf_github_codereview,96d4e649e584d957,0.9999999403953552,0.9999999403953552,0.9999999403953552,0.9999999403953552,1.0,0.9999999403953552,0.0,19.851036071777344,19.851036071777344,1,1,1.0,1.0,1.0
hf_github_codereview,c3a8ad2f1e5b8db6,0.9617136120796204,0.9617136120796204,0.9617136120796204,0.9617136120796204,0.9617136120796204,0.9617136120796204,0.0,19.4862060546875,18.98230743408203,1,1,1.0,1.0,1.0
hf_github_codereview,0185388223614dc2,0.991484522819519,0.991484522819519,0.991484522819519,0.991484522819519,0.9914846420288086,0.991484522819519,0.0,19.02503776550293,19.50632095336914,1,1,1.0,1.0,1.0
hf_github_codereview,0eec40d97d21c94e,0.9940171241760254,0.9788161814212799,0.030401885509490967,0.9788161814212799,0.985183835029602,0.9940171241760254,0.0,19.188278198242188,19.353703498840332,1,2,1.0,1.0,1.0
hf_github_codereview,f9cd0609386664dc,0.9803385734558105,0.9799972772598267,0.0006825923919677734,0.9799972772598267,0.9886319041252136,0.9803385734558105,0.0,19.330509185791016,19.680270195007324,1,2,1.0,1.0,1.0
hf_github_codereview,0d56302131818af5,0.9983818531036377,0.9762073755264282,0.044348955154418945,0.9762073755264282,0.9870266914367676,0.9983818531036377,0.0,19.308589935302734,18.946067810058594,1,2,1.0,1.0,1.0
hf_github_codereview,9e217213ed71fc1f,0.950355052947998,0.950355052947998,0.950355052947998,0.950355052947998,0.9503551721572876,0.950355052947998,0.0,19.33439826965332,18.91162109375,1,1,1.0,1.0,1.0
hf_github_codereview,305febacbf69f3a5,0.9744312763214111,0.9744312763214111,0.9744312763214111,0.9744312763214111,0.9744312763214111,0.9744312763214111,0.0,19.252342224121094,19.5805721282959,1,1,1.0,1.0,1.0
hf_github_codereview,dcd4dfa2cf1a86ae,1.0,1.0,1.0,1.0,1.0,1.0,0.0,19.252342224121094,19.252342224121094,1,1,1.0,1.0,1.0
hf_github_codereview,b960608c15a3c680,0.9769858717918396,0.9769190847873688,0.0001335740089416504,0.9769190847873688,0.9794374108314514,0.9769858717918396,0.0,19.332162857055664,18.934020042419434,1,2,1.0,1.0,1.0
hf_github_codereview,b7751ed3cbdd5e82,0.9819551110267639,0.9702793757120768,0.017008543014526367,0.9702793757120768,0.9817565083503723,0.9819551110267639,0.0,19.2657413482666,19.381242116292317,1,3,1.0,1.0,1.0
hf_github_codereview,0541a8b1ff98c44d,0.963821291923523,0.9584646821022034,0.01071321964263916,0.9584646821022034,0.971480131149292,0.963821291923523,0.0,18.604476928710938,18.837889671325684,1,2,1.0,1.0,1.0
hf_github_codereview,157c4bc1b46032e4,0.9758883714675903,0.9758883714675903,0.9758883714675903,0.9758883714675903,0.9758883714675903,0.9758883714675903,0.0,18.847553253173828,19.053794860839844,1,1,1.0,1.0,1.0
hf_github_codereview,48a24c72a663d821,0.9654961228370667,0.9654961228370667,0.9654961228370667,0.9654961228370667,0.9654961228370667,0.9654961228370667,0.0,18.8935546875,19.053794860839844,1,1,1.0,1.0,1.0
hf_github_codereview,6eabaadc49d6e4f4,0.9955114126205444,0.9955114126205444,0.9955114126205444,0.9955114126205444,0.9955114126205444,0.9955114126205444,0.0,19.147071838378906,19.053794860839844,1,1,1.0,1.0,1.0
hf_github_codereview,fcce64c09c8d410c,0.9576932787895203,0.9576932787895203,0.9576932787895203,0.9576932787895203,0.9576932191848755,0.9576932787895203,0.0,19.022876739501953,18.929494857788086,1,1,1.0,1.0,1.0
hf_github_codereview,9c1009ab1634b817,0.9987369179725647,0.9987369179725647,0.9987369179725647,0.9987369179725647,0.9987369179725647,0.9987369179725647,0.0,18.488452911376953,18.421749114990234,1,1,1.0,1.0,1.0
hf_github_codereview,2468950c713f5e88,0.9898456335067749,0.9898456335067749,0.9898456335067749,0.9898456335067749,0.9898455142974854,0.9898456335067749,0.0,19.071136474609375,18.97784996032715,1,1,1.0,1.0,1.0
hf_github_codereview,9e1132854edc14d1,0.9125984907150269,0.8800170421600342,0.06516289710998535,0.8800170421600342,0.8882091045379639,0.9125984907150269,0.0,18.989473342895508,19.0486478805542,1,2,1.0,1.0,1.0
hf_github_codereview,3e8fe05f8b5d83a7,0.9897599220275879,0.9897599220275879,0.9897599220275879,0.9897599220275879,0.989760160446167,0.9897599220275879,0.0,19.169761657714844,18.83026885986328,1,1,1.0,1.0,1.0
hf_github_codereview,3b47ee72d1f7cc92,0.9882266521453857,0.9882266521453857,0.9882266521453857,0.9882266521453857,0.9882266521453857,0.9882266521453857,0.0,19.16156768798828,18.896617889404297,1,1,1.0,1.0,1.0
hf_github_codereview,572bc908ad945b21,0.9884113073348999,0.9870905876159668,0.002641439437866211,0.9870905876159668,0.9924964904785156,0.9884113073348999,0.0,19.196165084838867,18.976545333862305,1,2,1.0,1.0,1.0
hf_github_codereview,16f6d9bce0f6295e,0.9999996423721313,0.9999996423721313,0.9999996423721313,0.9999996423721313,0.9999998807907104,0.9999996423721313,0.0,18.83026885986328,18.83026885986328,1,1,1.0,1.0,1.0
hf_github_codereview,ca122353a5125b59,0.9999997019767761,0.9771373569965363,0.045724689960479736,0.9771373569965363,0.988502562046051,0.9999997019767761,0.0,18.785789489746094,18.93784523010254,1,2,1.0,1.0,1.0
hf_github_codereview,4e3b75f54c0ccfb5,1.0,1.0,1.0,1.0,1.0,1.0,0.0,18.896617889404297,18.896617889404297,1,1,1.0,1.0,1.0
hf_github_codereview,c8891e57c1bf54ff,1.0,1.0,1.0,1.0,1.0,1.0,0.0,18.816755294799805,18.816755294799805,1,1,1.0,1.0,1.0
hf_github_codereview,5379d4c473877599,0.9999998807907104,0.9941445589065552,0.011710643768310547,0.9941445589065552,0.9970679879188538,0.9999998807907104,0.0,18.864486694335938,18.84397029876709,1,2,1.0,1.0,1.0
hf_github_codereview,5aa498a9bfba3bbf,1.0,0.9941446185112,0.011710762977600098,0.9941446185112,0.9970680475234985,1.0,0.0,18.823453903198242,18.84397029876709,1,2,1.0,1.0,1.0
hf_github_codereview,77397327a7b06817,0.9474332928657532,0.9223475456237793,0.050171494483947754,0.9223475456237793,0.9346036314964294,0.9474332928657532,0.0,19.764755249023438,19.346728324890137,1,2,1.0,1.0,1.0
hf_github_codereview,9e26c77611e17d94,0.9639657735824585,0.9639657735824585,0.9639657735824585,0.9639657735824585,0.9639657735824585,0.9639657735824585,0.0,18.813846588134766,18.98011016845703,1,1,1.0,1.0,1.0
hf_github_codereview,e6456ebe86e8e21a,0.9892767667770386,0.9892767667770386,0.9892767667770386,0.9892767667770386,0.989276647567749,0.9892767667770386,0.0,18.656503677368164,19.04128646850586,1,1,1.0,1.0,1.0
hf_github_codereview,63d046012ca0cb47,0.9677350521087646,0.9613947868347168,0.012680530548095703,0.9613947868347168,0.9777721762657166,0.9677350521087646,0.0,19.50346565246582,19.166446685791016,1,2,1.0,1.0,1.0
hf_github_codereview,935483c82aa669d6,0.9759213328361511,0.9759213328361511,0.9759213328361511,0.9759213328361511,0.9759212732315063,0.9759213328361511,0.0,19.257062911987305,18.592208862304688,1,1,1.0,1.0,1.0
hf_github_codereview,329c69e20733f55a,0.9446203112602234,0.9446203112602234,0.9446203112602234,0.9446203112602234,0.9446203112602234,0.9446203112602234,0.0,18.573951721191406,19.000091552734375,1,1,1.0,1.0,1.0
hf_github_codereview,ff86e387c8120690,1.0,1.0,1.0,1.0,1.0,1.0,0.0,18.80429458618164,18.80429458618164,1,1,1.0,1.0,1.0
hf_github_codereview,9b3e5b363e5009e7,0.9999997615814209,0.9999997615814209,0.9999997615814209,0.9999997615814209,0.9999998807907104,0.9999997615814209,0.0,19.68479347229004,19.68479347229004,1,1,1.0,1.0,1.0
hf_github_codereview,b76e54ef1178f2a0,0.9999999403953552,0.9999999403953552,0.9999999403953552,0.9999999403953552,1.0,0.9999999403953552,0.0,18.30270767211914,18.30270767211914,1,1,1.0,1.0,1.0
hf_github_codereview,7a2e3bd845c8ccae,0.9555978775024414,0.94243985414505,0.026316046714782715,0.94243985414505,0.9603447914123535,0.9555978775024414,0.0,19.300334930419922,18.62601089477539,1,2,1.0,1.0,1.0
hf_github_codereview,d69bd4dd54ef5bdb,0.9214308261871338,0.9214308261871338,0.9214308261871338,0.9214308261871338,0.9214308261871338,0.9214308261871338,0.0,18.493724822998047,19.562971115112305,1,1,1.0,1.0,1.0
hf_github_codereview,e739a4eb059a01e2,1.0,1.0,1.0,1.0,1.0,1.0,0.0,19.338932037353516,19.338932037353516,1,1,1.0,1.0,1.0
hf_github_codereview,cc61939ac9a1075f,0.9504702091217041,0.9504702091217041,0.9504702091217041,0.9504702091217041,0.9504703283309937,0.9504702091217041,0.0,18.80206298828125,18.963998794555664,1,1,1.0,1.0,1.0
hf_github_codereview,3215956dea3cb036,0.9999998807907104,0.9999998807907104,0.9999998807907104,0.9999998807907104,0.9999999403953552,0.9999998807907104,0.0,18.82203483581543,18.82203483581543,1,1,1.0,1.0,1.0
hf_github_codereview,164ee541e389eb5e,0.9999997615814209,0.9999997615814209,0.9999997615814209,0.9999997615814209,0.9999998807907104,0.9999997615814209,0.0,18.878108978271484,18.878108978271484,1,1,1.0,1.0,1.0
hf_github_codereview,b44cdd3c632bebfb,0.9778892397880554,0.9778892397880554,0.9778892397880554,0.9778892397880554,0.9778892397880554,0.9778892397880554,0.0,19.567424774169922,19.357919692993164,1,1,1.0,1.0,1.0
hf_github_codereview,396c39957a071d6e,1.0,1.0,1.0,1.0,1.0,1.0,0.0,19.374740600585938,19.374740600585938,1,1,1.0,1.0,1.0
hf_github_codereview,86eed574f608d946,0.9939985275268555,0.9843984842300415,0.01920008659362793,0.9843984842300415,0.9912386536598206,0.9939985275268555,0.0,19.63819694519043,19.578246116638184,1,2,1.0,1.0,1.0
hf_github_codereview,9806a0a715a18cfc,0.9573184251785278,0.9573184251785278,0.9573184251785278,0.9573184251785278,0.9573184251785278,0.9573184251785278,0.0,19.474184036254883,18.976194381713867,1,1,1.0,1.0,1.0
hf_github_codereview,96563c74f9d8eed2,0.9698623418807983,0.9571660161018372,0.025392651557922363,0.9571660161018372,0.9797539114952087,0.9698623418807983,0.0,19.05240249633789,18.742432594299316,1,2,1.0,1.0,1.0
hf_github_codereview,1e08f583f69e03fa,0.970589816570282,0.9668834408124288,0.002369821071624756,0.9668834408124288,0.9819509387016296,0.970589816570282,0.0,19.36240005493164,19.36703364054362,1,3,1.0,1.0,1.0
hf_github_codereview,05c7a0dec7587072,0.9244438409805298,0.9244438409805298,0.9244438409805298,0.9244438409805298,0.9244437217712402,0.9244438409805298,0.0,18.7037353515625,19.86749839782715,1,1,1.0,1.0,1.0
hf_github_codereview,2017e5edf16b3ebf,0.9244438409805298,0.9244438409805298,0.9244438409805298,0.9244438409805298,0.9244437217712402,0.9244438409805298,0.0,18.7037353515625,19.86749839782715,1,1,1.0,1.0,1.0
hf_github_codereview,f29be5c82bf50cec,0.9243022203445435,0.9243022203445435,0.9243022203445435,0.9243022203445435,0.9243021011352539,0.9243022203445435,0.0,18.730255126953125,19.86749839782715,1,1,1.0,1.0,1.0
hf_github_codereview,b287569ccd0b559c,0.9845669269561768,0.9617536664009094,0.04562652111053467,0.9617536664009094,0.971081554889679,0.9845669269561768,0.0,18.89756965637207,19.172648429870605,1,2,1.0,1.0,1.0
hf_github_codereview,0d7b732cfdc9d7bb,0.9842044115066528,0.9699223637580872,0.028564095497131348,0.9699223637580872,0.979977548122406,0.9842044115066528,0.0,18.980255126953125,19.28563404083252,1,2,1.0,1.0,1.0
hf_github_codereview,7818793b22d3cb83,0.9861048460006714,0.9808492064476013,0.010511279106140137,0.9808492064476013,0.9846979379653931,0.9861048460006714,0.0,18.964506149291992,19.293004035949707,1,2,1.0,1.0,1.0
hf_github_codereview,bad6962d54d76719,1.0,1.0,1.0,1.0,1.0,1.0,0.0,19.29302978515625,19.29302978515625,1,1,1.0,1.0,1.0
hf_github_codereview,1fdb293367721117,1.0,1.0,1.0,1.0,1.0,1.0,0.0,19.147510528564453,19.147510528564453,1,1,1.0,1.0,1.0
hf_github_codereview,d0fc482423f99ed4,0.9788064956665039,0.9788064956665039,0.9788064956665039,0.9788064956665039,0.9788064956665039,0.9788064956665039,0.0,19.42782211303711,18.85264778137207,1,1,1.0,1.0,1.0
hf_github_codereview,4c768b846a945f58,0.9652069211006165,0.959052711725235,0.01230841875076294,0.959052711725235,0.9751250743865967,0.9652069211006165,0.0,18.935321807861328,18.705208778381348,1,2,1.0,1.0,1.0
hf_github_codereview,401e16eb7f653d5c,0.971656084060669,0.971656084060669,0.971656084060669,0.971656084060669,0.9716562032699585,0.971656084060669,0.0,19.306371688842773,19.56650733947754,1,1,1.0,1.0,1.0
hf_github_codereview,64c9904fe73a479f,0.95679771900177,0.95679771900177,0.95679771900177,0.95679771900177,0.9567975997924805,0.95679771900177,0.0,19.140830993652344,19.506824493408203,1,1,1.0,1.0,1.0
hf_github_codereview,9ba6a415fdc7fb8b,0.9369531273841858,0.9369531273841858,0.9369531273841858,0.9369531273841858,0.9369531273841858,0.9369531273841858,0.0,20.542240142822266,19.902271270751953,1,1,1.0,1.0,1.0
hf_github_codereview,e4bee5dbcef75f1a,0.9900984168052673,0.9900984168052673,0.9900984168052673,0.9900984168052673,0.9900984168052673,0.9900984168052673,0.0,19.397920608520508,19.250080108642578,1,1,1.0,1.0,1.0
hf_github_codereview,8644c5883d43c36b,0.9999998807907104,0.9999998807907104,0.9999998807907104,0.9999998807907104,1.0,0.9999998807907104,0.0,18.920194625854492,18.920194625854492,1,1,1.0,1.0,1.0
hf_github_codereview,d9f4bfb4634bcb45,0.9736363887786865,0.958636999130249,0.029998779296875,0.958636999130249,0.9715312719345093,0.9736363887786865,0.0,19.310283660888672,19.369626998901367,1,2,1.0,1.0,1.0
hf_github_codereview,82b47923b8b3e5cb,0.9999999403953552,0.9999999403953552,0.9999999403953552,0.9999999403953552,1.0,0.9999999403953552,0.0,18.43754768371582,18.43754768371582,1,1,1.0,1.0,1.0
hf_github_codereview,a3813db715d0bdaa,0.9398110508918762,0.9398110508918762,0.9398110508918762,0.9398110508918762,0.9398110508918762,0.9398110508918762,0.0,19.070337295532227,18.538991928100586,1,1,1.0,1.0,1.0
hf_github_codereview,dba398e8c5d49cd4,0.9863240718841553,0.9863240718841553,0.9863240718841553,0.9863240718841553,0.9863243103027344,0.9863240718841553,0.0,18.43197250366211,18.952838897705078,1,1,1.0,1.0,1.0
hf_github_codereview,c38faf85a8c6dfcc,0.9857925772666931,0.9857925772666931,0.9857925772666931,0.9857925772666931,0.9857923984527588,0.9857925772666931,0.0,18.358001708984375,18.957490921020508,1,1,1.0,1.0,1.0
hf_github_codereview,1d8552b392994451,1.0,1.0,1.0,1.0,1.0,1.0,0.0,18.673404693603516,18.673404693603516,1,1,1.0,1.0,1.0
hf_github_codereview,3d22b57721d2f6b8,1.0,0.9665363430976868,0.06692731380462646,0.9665363430976868,0.9831257462501526,1.0,0.0,19.530006408691406,19.32809352874756,1,2,1.0,1.0,1.0
hf_github_codereview,5419b29df53d1159,0.9181994199752808,0.9181994199752808,0.9181994199752808,0.9181994199752808,0.9181994199752808,0.9181994199752808,0.0,18.968862533569336,18.173126220703125,1,1,1.0,1.0,1.0
hf_github_codereview,9a7da997cc094edb,0.9865725636482239,0.9692031343777975,0.008010327816009521,0.9692031343777975,0.9842267632484436,0.9865725636482239,0.0,19.46334457397461,19.47869618733724,1,3,1.0,1.0,1.0
hf_github_codereview,7ea810f73dacb446,0.9119406938552856,0.9119406938552856,0.9119406938552856,0.9119406938552856,0.9119408130645752,0.9119406938552856,0.0,19.46334457397461,18.586469650268555,1,1,1.0,1.0,1.0
hf_github_codereview,4ce9e9e3cc841546,0.9706653356552124,0.9670116106669108,0.0031881332397460938,0.9447881698608398,0.9809869527816772,0.9706653356552124,0.0,19.506938934326172,18.980341339111327,1,5,1.0,1.0,1.0
hf_github_codereview,1f252bca09cc5b84,0.9380691051483154,0.8765018582344055,0.12313449382781982,0.8765018582344055,0.9367892742156982,0.9380691051483154,0.0,19.297483444213867,18.35728645324707,1,2,1.0,1.0,1.0
hf_github_codereview,282534fc954e552c,0.9918468594551086,0.8694662749767303,0.2447611689567566,0.8694662749767303,0.9292698502540588,0.9918468594551086,0.0,19.333398818969727,18.35728645324707,1,2,1.0,1.0,0.5
hf_github_codereview,b95688bfc91d73f3,0.9993922710418701,0.9782068431377411,0.04237085580825806,0.9782068431377411,0.990241289138794,0.9993922710418701,0.0,19.324459075927734,19.223770141601562,1,2,1.0,1.0,1.0
hf_github_codereview,817040a0b6504a2d,0.7969115972518921,0.7969115972518921,0.7969115972518921,0.7969115972518921,0.7969115972518921,0.7969115972518921,0.0,19.441274642944336,17.376144409179688,1,1,1.0,1.0,0.0
hf_github_codereview,d1955d6c143852f0,0.9590282440185547,0.9590282440185547,0.9590282440185547,0.9590282440185547,0.9590282440185547,0.9590282440185547,0.0,19.1904296875,19.32763671875,1,1,1.0,1.0,1.0
hf_github_codereview,61a7afef4d1d64f9,1.0,1.0,1.0,1.0,1.0,1.0,0.0,19.400278091430664,19.400278091430664,1,1,1.0,1.0,1.0
hf_github_codereview,bd90db1d6b508756,0.9855594038963318,0.9723633229732513,0.02639216184616089,0.9723633229732513,0.9808400869369507,0.9855594038963318,0.0,19.21634292602539,18.94678783416748,1,2,1.0,1.0,1.0
hf_github_codereview,380feea6c0ac6173,0.9883103966712952,0.9883103966712952,0.9883103966712952,0.9883103966712952,0.9883104562759399,0.9883103966712952,0.0,19.201831817626953,19.203018188476562,1,1,1.0,1.0,1.0
hf_github_codereview,bf0d08e11dacdd0c,0.9631562232971191,0.9631562232971191,0.9631562232971191,0.9631562232971191,0.9631562829017639,0.9631562232971191,0.0,19.216468811035156,18.738039016723633,1,1,1.0,1.0,1.0
hf_github_codereview,d8ef3362061e6a54,0.9866842031478882,0.9617810249328613,0.00544130802154541,0.9617810249328613,0.9884251952171326,0.9866842031478882,0.0,18.989564895629883,19.302241643269856,1,3,1.0,1.0,1.0
hf_github_codereview,f38c9656d7b9cd58,0.9964486360549927,0.9678653081258138,0.03132891654968262,0.9678653081258138,0.9872125387191772,0.9964486360549927,0.0,19.12032699584961,18.930418650309246,1,3,1.0,1.0,1.0
hf_github_codereview,304bd8f7c5a7c128,0.999618411064148,0.999618411064148,0.999618411064148,0.999618411064148,0.999618411064148,0.999618411064148,0.0,19.03588104248047,19.069677352905273,1,1,1.0,1.0,1.0
hf_github_codereview,f870141e1fff849a,0.9638596773147583,0.9638596773147583,0.9638596773147583,0.9638596773147583,0.9638597369194031,0.9638596773147583,0.0,19.291852951049805,19.089876174926758,1,1,1.0,1.0,1.0
hf_github_codereview,110623123b86d909,0.9999999403953552,0.9999999403953552,0.9999999403953552,0.9999999403953552,1.0,0.9999999403953552,0.0,18.677785873413086,18.677785873413086,1,1,1.0,1.0,1.0
hf_github_codereview,67c5dd7ec1799b7d,0.9999999403953552,0.9999999403953552,0.9999999403953552,0.9999999403953552,1.0,0.9999999403953552,0.0,18.133928298950195,18.133928298950195,1,1,1.0,1.0,1.0
hf_github_codereview,d809368bdbc31646,0.9899904131889343,0.9899904131889343,0.9899904131889343,0.9899904131889343,0.9899905920028687,0.9899904131889343,0.0,19.492918014526367,19.266935348510742,1,1,1.0,1.0,1.0
hf_github_codereview,f985f70bced736b7,1.0,1.0,1.0,1.0,1.0,1.0,0.0,18.356685638427734,18.356685638427734,1,1,1.0,1.0,1.0
hf_github_codereview,6c78103b3f235f67,0.9838818907737732,0.9644946753978729,0.03877443075180054,0.9644946753978729,0.9814151525497437,0.9838818907737732,0.0,18.32056427001953,18.58601474761963,1,2,1.0,1.0,1.0
hf_github_codereview,b0a0d1ec0c6aa946,0.997015118598938,0.997015118598938,0.997015118598938,0.997015118598938,0.9970152378082275,0.997015118598938,0.0,19.954833984375,19.732160568237305,1,1,1.0,1.0,1.0
hf_github_codereview,7b8ed6f390bf5895,1.0,1.0,1.0,1.0,1.0,1.0,0.0,19.047269821166992,19.047269821166992,1,1,1.0,1.0,1.0
hf_github_codereview,48413a925fda59f4,1.0,0.8945782780647278,0.21084344387054443,0.8945782780647278,0.9458214640617371,1.0,0.0,18.029394149780273,17.70276927947998,1,2,1.0,1.0,0.5
hf_github_codereview,90e9874f8143217f,0.9872525930404663,0.9770168662071228,0.02047145366668701,0.9770168662071228,0.9868939518928528,0.9872525930404663,0.0,18.635847091674805,18.832658767700195,1,2,1.0,1.0,1.0
hf_github_codereview,e842dc6d8c4ab6e0,0.9934543371200562,0.9373441735903422,0.07117640972137451,0.9373441735903422,0.9585232734680176,0.9934543371200562,0.0,18.342208862304688,18.964256922403973,1,3,1.0,1.0,1.0
hf_github_codereview,cd234ec0bf7a2d66,0.9514938592910767,0.8374054431915283,0.1524064540863037,0.8374054431915283,0.8559061288833618,0.9514938592910767,0.0,18.79732322692871,18.880377451578777,1,3,1.0,1.0,0.3333333333333333
hf_github_codereview,a1654018cf141242,0.9875370264053345,0.9875370264053345,0.9875370264053345,0.9875370264053345,0.9875370264053345,0.9875370264053345,0.0,19.685840606689453,19.763347625732422,1,1,1.0,1.0,1.0
hf_github_codereview,8dd0ebe51a833e56,1.0,1.0,1.0,1.0,1.0,1.0,0.0,18.384031295776367,18.384031295776367,1,1,1.0,1.0,1.0
hf_github_codereview,b2ecc1e90e05f6c7,0.9360256195068359,0.9293652772903442,0.013320684432983398,0.9293652772903442,0.9379982948303223,0.9360256195068359,0.0,18.811845779418945,19.39052104949951,1,2,1.0,1.0,1.0
hf_github_codereview,0c58f011e0bc5c9e,0.9889598488807678,0.9830527603626251,0.0118141770362854,0.9830527603626251,0.9926378726959229,0.9889598488807678,0.0,18.983373641967773,19.188681602478027,1,2,1.0,1.0,1.0
hf_github_codereview,611c70552afa05e2,0.9605373740196228,0.9451156854629517,0.030843377113342285,0.9451156854629517,0.9603255987167358,0.9605373740196228,0.0,18.577072143554688,19.10411548614502,1,2,1.0,1.0,1.0
hf_github_codereview,2dd4d88493e0ea97,0.9695238471031189,0.9695238471031189,0.9695238471031189,0.9695238471031189,0.9695239663124084,0.9695238471031189,0.0,18.12733777364095,19.384632110595703,3,1,1.0,1.0,1.0
hf_github_codereview,edc5ecec6dba9cfc,1.0,1.0,1.0,1.0,1.0,1.0,0.0,18.955806732177734,18.955806732177734,1,1,1.0,1.0,1.0
hf_github_codereview,2afcab5b58089283,0.974806547164917,0.9695292711257935,0.01055455207824707,0.9695292711257935,0.9754393100738525,0.974806547164917,0.0,18.754085540771484,19.021279335021973,1,2,1.0,1.0,1.0
hf_github_codereview,d1ad18b4f02b8158,0.9983181953430176,0.9632890224456787,0.07005834579467773,0.9632890224456787,0.9791997671127319,0.9983181953430176,0.0,18.480464935302734,18.856670379638672,1,2,1.0,1.0,1.0
hf_github_codereview,b3ceeb93f5feb006,0.9829409718513489,0.9611429274082184,0.043596088886260986,0.9611429274082184,0.978168249130249,0.9829409718513489,0.0,18.667020797729492,18.699480056762695,1,2,1.0,1.0,1.0
hf_github_codereview,60087d7d6962bdc5,1.0,0.9732199112574259,0.038514018058776855,0.9629552364349365,0.9858193397521973,1.0,0.0,19.514406204223633,19.035990715026855,1,4,1.0,1.0,1.0
hf_github_codereview,52c52b42e69d46ff,0.9759541749954224,0.9759541749954224,0.9759541749954224,0.9759541749954224,0.9759542346000671,0.9759541749954224,0.0,19.01038932800293,19.138824462890625,1,1,1.0,1.0,1.0
hf_github_codereview,9e7d6dfcb06ce72b,0.9467455148696899,0.9404997825622559,0.012491464614868164,0.9404997825622559,0.9687957167625427,0.9467455148696899,0.0,19.083786010742188,18.926921844482422,1,2,1.0,1.0,1.0
hf_github_codereview,c2a3131cfdce4aeb,0.9948962926864624,0.9792421162128448,0.03130835294723511,0.9792421162128448,0.9863937497138977,0.9948962926864624,0.0,18.524873733520508,19.140748977661133,1,2,1.0,1.0,1.0
hf_github_codereview,fc2f94e84fe747ea,0.959638774394989,0.9541828632354736,0.010911822319030762,0.9541828632354736,0.9746612310409546,0.959638774394989,0.0,19.71471405029297,19.418248176574707,1,2,1.0,1.0,1.0
hf_github_codereview,0c1ea8d596eb448a,1.0,1.0,1.0,1.0,1.0,1.0,0.0,19.186983108520508,19.186983108520508,1,1,1.0,1.0,1.0
hf_github_codereview,270ccf7ae7f462df,0.9887490272521973,0.9546130299568176,0.06827199459075928,0.9546130299568176,0.9772768020629883,0.9887490272521973,0.0,17.846776962280273,18.7684383392334,1,2,1.0,1.0,1.0
hf_github_codereview,562bd2599205ad06,0.9444284439086914,0.9444284439086914,0.9444284439086914,0.9444284439086914,0.944428563117981,0.9444284439086914,0.0,19.099454879760742,18.902973175048828,1,1,1.0,1.0,1.0
hf_github_codereview,fea3b4701d78dc57,0.9995558261871338,0.9995558261871338,0.9995558261871338,0.9995558261871338,0.9995558261871338,0.9995558261871338,0.0,18.273080825805664,18.297971725463867,1,1,1.0,1.0,1.0
hf_github_codereview,1aa8b99b7a3bc9df,0.9989581108093262,0.9697264432907104,0.03230702877044678,0.9697264432907104,0.9900869131088257,0.9989581108093262,0.0,19.195293426513672,19.031731923421223,1,3,1.0,1.0,1.0
hf_github_codereview,ed1f466088eb0056,0.9880111813545227,0.9830873608589172,0.009847640991210938,0.9830873608589172,0.9848775863647461,0.9880111813545227,0.0,19.493106842041016,18.99064540863037,1,2,1.0,1.0,1.0
hf_github_codereview,1802da79b1e88b42,0.9880990982055664,0.9778650999069214,0.02046799659729004,0.9778650999069214,0.9838435649871826,0.9880990982055664,0.0,19.517871856689453,19.036189079284668,1,2,1.0,1.0,1.0
hf_github_codereview,887c8abbb300c060,1.0,1.0,1.0,1.0,1.0,1.0,0.0,19.09046173095703,19.09046173095703,1,1,1.0,1.0,1.0
hf_github_codereview,c53be16063547a0c,1.0,1.0,1.0,1.0,1.0,1.0,0.0,18.902935028076172,18.902935028076172,1,1,1.0,1.0,1.0
hf_github_codereview,50f75e50bee6431b,0.9975423812866211,0.9733473062515259,0.04839015007019043,0.9733473062515259,0.9851937294006348,0.9975423812866211,0.0,18.472352981567383,18.739866256713867,1,2,1.0,1.0,1.0
hf_github_codereview,619f53faa164a9ae,1.0,0.9487520257631937,0.07388687133789062,0.9487520257631937,0.9687491059303284,1.0,0.0,18.485836029052734,18.87146059672038,1,3,1.0,1.0,1.0
hf_github_codereview,51195615da6c4164,1.0,1.0,1.0,1.0,1.0,1.0,0.0,18.90332794189453,18.90332794189453,1,1,1.0,1.0,1.0
hf_github_codereview,b7e07d71ee9774f7,0.986312747001648,0.9582217633724213,0.05618196725845337,0.9582217633724213,0.9836278557777405,0.986312747001648,0.0,19.297903060913086,18.961833000183105,1,2,1.0,1.0,1.0
hf_github_codereview,9ae27226c5db9335,0.9794533252716064,0.9794533252716064,0.9794533252716064,0.9794533252716064,0.9794535636901855,0.9794533252716064,0.0,19.162628173828125,19.510761260986328,1,1,1.0,1.0,1.0
hf_github_codereview,479b4fe5125b26a6,0.991856575012207,0.991856575012207,0.991856575012207,0.991856575012207,0.9918565154075623,0.991856575012207,0.0,18.202495574951172,18.348608016967773,1,1,1.0,1.0,1.0
hf_github_codereview,1b81b9dc5541bdc4,0.9348382353782654,0.9348382353782654,0.9348382353782654,0.9348382353782654,0.9348382949829102,0.9348382353782654,0.0,17.865827560424805,19.510761260986328,1,1,1.0,1.0,1.0
hf_github_codereview,1b8a9b628578588a,0.9940742254257202,0.9940742254257202,0.9940742254257202,0.9940742254257202,0.9940742254257202,0.9940742254257202,0.0,18.671380043029785,18.355756759643555,2,1,1.0,1.0,1.0
hf_github_codereview,46de483d3a497f79,0.9656997919082642,0.9656997919082642,0.9656997919082642,0.9656997919082642,0.9656997919082642,0.9656997919082642,0.0,19.23634147644043,18.582317352294922,1,1,1.0,1.0,1.0
hf_github_codereview,9a0c1952129f9850,0.9859373569488525,0.9731784065564474,0.01652836799621582,0.9701709300279617,0.9841976165771484,0.9859373569488525,0.0,19.04254722595215,19.608564376831055,1,4,1.0,1.0,1.0
hf_github_codereview,0145d6f21fdca8c6,0.9666907787322998,0.9666907787322998,0.9666907787322998,0.9666907787322998,0.9666907787322998,0.9666907787322998,0.0,18.95644760131836,19.60127830505371,1,1,1.0,1.0,1.0
hf_github_codereview,385e34c4f27a90d7,0.0,0.0,0.0,0.0,0.0,0.0,0.0,18.408422470092773,0.0,1,0,0.0,0.0,0.0
hf_github_codereview,e933ce9aff7067d9,1.0,1.0,1.0,1.0,1.0,1.0,0.0,18.66847801208496,18.66847801208496,1,1,1.0,1.0,1.0
hf_github_codereview,a0f95e14d4d2360c,1.0,1.0,1.0,1.0,1.0,1.0,0.0,19.44856834411621,19.44856834411621,1,1,1.0,1.0,1.0
hf_github_codereview,9a4e62da43a92f64,0.9975481033325195,0.9975481033325195,0.9975481033325195,0.9975481033325195,0.9975481033325195,0.9975481033325195,0.0,19.390647888183594,19.42151641845703,1,1,1.0,1.0,1.0
hf_github_codereview,8fc6dcb346aa3e4a,0.9894006252288818,0.9894006252288818,0.9894006252288818,0.9894006252288818,0.9894006252288818,0.9894006252288818,0.0,18.68459701538086,18.912260055541992,1,1,1.0,1.0,1.0
hf_github_codereview,bcfdd13c6a0f5340,0.8810687065124512,0.8810687065124512,0.8810687065124512,0.8810687065124512,0.8810687065124512,0.8810687065124512,0.0,18.109844207763672,19.368301391601562,1,1,1.0,1.0,1.0
hf_github_codereview,fb06a87db4afb33b,0.9654244780540466,0.9654244780540466,0.9654244780540466,0.9654244780540466,0.9654244780540466,0.9654244780540466,0.0,18.795080184936523,18.912260055541992,1,1,1.0,1.0,1.0
hf_github_codereview,4e38bbb69adba3d6,0.9700989723205566,0.9700989723205566,0.9700989723205566,0.9700989723205566,0.9700989723205566,0.9700989723205566,0.0,19.299394607543945,19.58418846130371,1,1,1.0,1.0,1.0
hf_github_codereview,fe50e2c0d5c3babb,0.9648048877716064,0.9648048877716064,0.9648048877716064,0.9648048877716064,0.9648048877716064,0.9648048877716064,0.0,19.762657165527344,19.009876251220703,1,1,1.0,1.0,1.0
hf_github_codereview,eb062612e04e0808,0.9461729526519775,0.9461729526519775,0.9461729526519775,0.9461729526519775,0.9461730718612671,0.9461729526519775,0.0,18.46379280090332,18.071796417236328,1,1,1.0,1.0,1.0
hf_github_codereview,4da08a30004e29de,0.9771006107330322,0.9771006107330322,0.9771006107330322,0.9771006107330322,0.9771007895469666,0.9771006107330322,0.0,19.39241600036621,19.48072052001953,1,1,1.0,1.0,1.0
hf_github_codereview,9d2a02038f580ca6,1.0,1.0,1.0,1.0,1.0,1.0,0.0,18.990734100341797,18.990734100341797,1,1,1.0,1.0,1.0
hf_github_codereview,ee11dafda38c8694,1.0,1.0,1.0,1.0,1.0,1.0,0.0,19.109786987304688,19.109786987304688,1,1,1.0,1.0,1.0
hf_github_codereview,31893ff431e3a7ff,0.989823579788208,0.989823579788208,0.989823579788208,0.989823579788208,0.9898234605789185,0.989823579788208,0.0,19.157772064208984,19.109786987304688,1,1,1.0,1.0,1.0
hf_github_codereview,b8bf98457554b370,0.9733494520187378,0.9733494520187378,0.9733494520187378,0.9733494520187378,0.9733493328094482,0.9733494520187378,0.0,19.765886306762695,19.1593074798584,1,1,1.0,1.0,1.0
hf_github_codereview,e5736b2295d6b51d,0.9854262471199036,0.9786550402641296,0.013542413711547852,0.9786550402641296,0.986087441444397,0.9854262471199036,0.0,19.518957138061523,19.373355865478516,1,2,1.0,1.0,1.0
hf_github_codereview,af6b1cdbedbddcce,0.9950820207595825,0.9950820207595825,0.9950820207595825,0.9950820207595825,0.9950821399688721,0.9950820207595825,0.0,19.036319732666016,19.13751792907715,1,1,1.0,1.0,1.0
hf_github_codereview,5667db04ba8c46e6,0.9667226672172546,0.9667226672172546,0.9667226672172546,0.9667226672172546,0.9667226672172546,0.9667226672172546,0.0,19.553205490112305,19.706777572631836,1,1,1.0,1.0,1.0
hf_github_codereview,b68a9655bbf58bed,0.9635133147239685,0.9635133147239685,0.9635133147239685,0.9635133147239685,0.9635133147239685,0.9635133147239685,0.0,19.553205490112305,19.517581939697266,1,1,1.0,1.0,1.0
hf_github_codereview,28b316c4f0d03fd7,0.9383179545402527,0.9314351975917816,0.013765513896942139,0.9314351975917816,0.9364529252052307,0.9383179545402527,0.0,18.549863815307617,19.138888359069824,1,2,1.0,1.0,1.0
hf_github_codereview,df9c03f3b342d653,0.9948127269744873,0.9948127269744873,0.9948127269744873,0.9948127269744873,0.9948126077651978,0.9948127269744873,0.0,18.961713790893555,18.735958099365234,1,1,1.0,1.0,1.0
hf_github_codereview,44aa44b88fb7e2d8,0.9999998807907104,0.9505788683891296,0.09884202480316162,0.9505788683891296,0.9749763011932373,0.9999998807907104,0.0,19.254709243774414,18.726360321044922,1,2,1.0,1.0,1.0
hf_github_codereview,553c586acc78b114,0.9999998211860657,0.982519656419754,0.03496032953262329,0.982519656419754,0.9912211894989014,0.9999998211860657,0.0,19.492462158203125,19.561447143554688,1,2,1.0,1.0,1.0
hf_github_codereview,a9f1bbd5fa7df595,0.9494550824165344,0.9494550824165344,0.9494550824165344,0.9494550824165344,0.9494550824165344,0.9494550824165344,0.0,19.876699447631836,18.98114776611328,1,1,1.0,1.0,1.0
hf_github_codereview,d9148550343b01db,0.9532793164253235,0.9532793164253235,0.9532793164253235,0.9532793164253235,0.9532793164253235,0.9532793164253235,0.0,19.45242691040039,18.98114776611328,1,1,1.0,1.0,1.0
hf_github_codereview,17bbe87523876f7d,1.0,1.0,1.0,1.0,1.0,1.0,0.0,19.54332733154297,19.54332733154297,1,1,1.0,1.0,1.0
hf_github_codereview,b7daa9b7667f5297,1.0,1.0,1.0,1.0,1.0,1.0,0.0,18.387859344482422,18.387859344482422,1,1,1.0,1.0,1.0
hf_github_codereview,29e043c01081a6be,1.0,1.0,1.0,1.0,1.0,1.0,0.0,19.234249114990234,19.234249114990234,1,1,1.0,1.0,1.0
hf_github_codereview,d0ee2f5a9126f6c3,1.0,1.0,1.0,1.0,1.0,1.0,0.0,18.978185653686523,18.978185653686523,1,1,1.0,1.0,1.0
hf_github_codereview,7291edaf1f4d9e95,0.9798697233200073,0.974569171667099,0.01060110330581665,0.974569171667099,0.9812071323394775,0.9798697233200073,0.0,19.36740493774414,19.29720115661621,1,2,1.0,1.0,1.0
hf_github_codereview,6483d26d2a3fdebc,0.989849328994751,0.989849328994751,0.989849328994751,0.989849328994751,0.989849328994751,0.989849328994751,0.0,19.0523738861084,19.22965431213379,1,1,1.0,1.0,1.0
hf_github_codereview,51da48a32707a68f,0.9915059208869934,0.9915059208869934,0.9915059208869934,0.9915059208869934,0.9915059804916382,0.9915059208869934,0.0,19.61155128479004,19.196786880493164,1,1,1.0,1.0,1.0
hf_github_codereview,99e168f736f4940f,0.9793310761451721,0.9657961428165436,0.02706986665725708,0.9657961428165436,0.9833037853240967,0.9793310761451721,0.0,18.88123321533203,18.615490913391113,1,2,1.0,1.0,1.0
hf_github_codereview,f5d4883c31cdee8f,0.9888736605644226,0.9758926828702291,0.004626810550689697,0.9758926828702291,0.9908022880554199,0.9888736605644226,0.0,18.832630157470703,18.819245020548504,1,3,1.0,1.0,1.0
hf_github_codereview,fc966a84bbb7cf2c,0.997733473777771,0.9883773028850555,0.018712341785430908,0.9883773028850555,0.9939936995506287,0.997733473777771,0.0,18.714946746826172,18.259116172790527,2,2,1.0,1.0,1.0
hf_github_codereview,81073400e81dd34c,0.9775820970535278,0.9483932455380758,0.03336995840072632,0.9483932455380758,0.9779940843582153,0.9775820970535278,0.0,19.370502471923828,18.90658696492513,1,3,1.0,1.0,1.0
hf_github_codereview,b358928a6165278d,0.9492822885513306,0.9348018169403076,0.0289609432220459,0.9348018169403076,0.9641202092170715,0.9492822885513306,0.0,17.88850975036621,18.65293312072754,1,2,1.0,1.0,1.0
hf_github_codereview,50c20c9466340396,0.9712674617767334,0.951104740301768,0.016828536987304688,0.9215996712446213,0.9465354681015015,0.9712674617767334,0.0,19.636402130126953,18.964159965515137,1,4,1.0,1.0,1.0
hf_github_codereview,88eedf008a5b0639,0.9844352006912231,0.9614033897717794,0.020228207111358643,0.9614033897717794,0.9781491756439209,0.9844352006912231,0.0,19.08484649658203,18.406688054402668,1,3,1.0,1.0,1.0
hf_github_codereview,78b32ffe9fa3ad62,0.9447816014289856,0.9447816014289856,0.9447816014289856,0.9447816014289856,0.9447816014289856,0.9447816014289856,0.0,19.59474754333496,18.114768981933594,1,1,1.0,1.0,1.0
hf_github_codereview,df46cb2037aa5e66,0.9699283838272095,0.9627240896224976,0.014408588409423828,0.9627240896224976,0.9680802822113037,0.9699283838272095,0.0,19.39644432067871,19.00607681274414,1,2,1.0,1.0,1.0
hf_github_codereview,8e690d940f19a6c6,0.9346436858177185,0.9346436858177185,0.9346436858177185,0.9346436858177185,0.9346436858177185,0.9346436858177185,0.0,19.0048770904541,18.068410873413086,1,1,1.0,1.0,1.0
hf_github_codereview,abd759c9895a0dd0,0.9853800535202026,0.975890189409256,0.01897972822189331,0.975890189409256,0.9829761981964111,0.9853800535202026,0.0,19.387882232666016,18.465147018432617,1,2,1.0,1.0,1.0
hf_github_codereview,ba50eaf74cd37795,0.9879028797149658,0.9660756289958954,0.04365450143814087,0.9660756289958954,0.9852885603904724,0.9879028797149658,0.0,18.630897521972656,18.763676643371582,1,2,1.0,1.0,1.0
hf_github_codereview,f5f99554ed1ee01c,0.9688869118690491,0.9664267599582672,0.004920303821563721,0.9664267599582672,0.9827409386634827,0.9688869118690491,0.0,19.333341598510742,18.615609169006348,1,2,1.0,1.0,1.0
hf_github_codereview,230607d6ecb7ba74,1.0,1.0,1.0,1.0,1.0,1.0,0.0,19.44923973083496,19.44923973083496,1,1,1.0,1.0,1.0
hf_github_codereview,41ceb79c8278a9b6,0.9999998211860657,0.975304385026296,0.022335469722747803,0.975304385026296,0.9890576601028442,0.9999998211860657,0.0,18.553056716918945,18.83033561706543,1,3,1.0,1.0,1.0
hf_github_codereview,83d5158456c06f2b,0.9949969053268433,0.9822107553482056,0.010921835899353027,0.9822107553482056,0.9922995567321777,0.9949969053268433,0.0,18.85444450378418,18.944230397542317,1,3,1.0,1.0,1.0
hf_github_codereview,bb4478ebc2e796eb,0.9749444723129272,0.9471058249473572,0.05567729473114014,0.9471058249473572,0.9657756686210632,0.9749444723129272,0.0,18.553056716918945,18.43980121612549,1,2,1.0,1.0,1.0
hf_github_codereview,0434eabb79edcdca,0.9861902594566345,0.9693897366523743,0.03360104560852051,0.9693897366523743,0.9864842295646667,0.9861902594566345,0.0,18.85444450378418,18.831616401672363,1,2,1.0,1.0,1.0
hf_github_codereview,19e692af86a493b9,0.9999998807907104,0.9789699912071228,0.04205977916717529,0.9789699912071228,0.9894291162490845,0.9999998807907104,0.0,19.282855987548828,19.287744522094727,1,2,1.0,1.0,1.0
hf_github_codereview,774c60a3681809d3,0.9983605146408081,0.9389567375183105,0.11880755424499512,0.9389567375183105,0.9709732532501221,0.9983605146408081,0.0,19.282855987548828,18.61985206604004,1,2,1.0,1.0,1.0
hf_github_codereview,c0af4a0eaaf3aecf,0.9760146141052246,0.966084361076355,0.019860506057739258,0.966084361076355,0.9735456705093384,0.9760146141052246,0.0,19.4683895111084,19.12764835357666,1,2,1.0,1.0,1.0
hf_github_codereview,e1266cf572d597e1,0.9895493984222412,0.9756515622138977,0.02779567241668701,0.9756515622138977,0.9877623319625854,0.9895493984222412,0.0,18.581157684326172,19.04843807220459,1,2,1.0,1.0,1.0
hf_github_codereview,7e448b3885f52b1f,0.9346626400947571,0.925470232963562,0.018384814262390137,0.925470232963562,0.9355511665344238,0.9346626400947571,0.0,19.506980895996094,18.570043563842773,1,2,1.0,1.0,1.0
hf_github_codereview,8e9a4908a948c914,0.9727439880371094,0.9704148471355438,0.0046582818031311035,0.9704148471355438,0.9818171858787537,0.9727439880371094,0.0,18.978498458862305,18.54902935028076,1,2,1.0,1.0,1.0
hf_github_codereview,a9e5c43f5f31a724,0.9841356873512268,0.9425976574420929,0.08307605981826782,0.9425976574420929,0.9691140651702881,0.9841356873512268,0.0,19.58682632446289,18.856135368347168,1,2,1.0,1.0,1.0
hf_github_codereview,04a79917dc3151df,0.9579383134841919,0.9290262758731842,0.05782407522201538,0.9290262758731842,0.9550259113311768,0.9579383134841919,0.0,19.348814010620117,18.58749008178711,1,2,1.0,1.0,1.0
hf_github_codereview,3962c9df86ee5356,0.9500176310539246,0.9500176310539246,0.9500176310539246,0.9500176310539246,0.9500176310539246,0.9500176310539246,0.0,19.0318546295166,18.197479248046875,1,1,1.0,1.0,1.0
hf_github_codereview,29b68f5ea579891f,0.9974657893180847,0.9709045688311259,0.028485476970672607,0.9709045688311259,0.9883127212524414,0.9974657893180847,0.0,19.074031829833984,18.823513666788738,1,3,1.0,1.0,1.0
hf_github_codereview,20cc852d7a284ee4,0.9999997019767761,0.9811848600705465,0.026770293712615967,0.9811848600705465,0.9906394481658936,0.9999997019767761,0.0,19.151050567626953,18.98151969909668,1,3,1.0,1.0,1.0
hf_github_codereview,975945d463148a55,1.0,1.0,1.0,1.0,1.0,1.0,0.0,18.73283576965332,18.73283576965332,1,1,1.0,1.0,1.0
hf_github_codereview,c55f822b2c7550a3,0.9999998807907104,0.9439904689788818,0.029719769954681396,0.9439904689788818,0.9768885970115662,0.9999998807907104,0.0,19.773571014404297,18.975594838460285,1,3,1.0,1.0,1.0
hf_github_codereview,85df53d5d6d4a2dc,0.9772629141807556,0.8971688747406006,0.16018807888031006,0.8971688747406006,0.9307591915130615,0.9772629141807556,0.0,18.86591148376465,18.443382263183594,1,2,1.0,1.0,1.0
hf_github_codereview,9eda0e100d34f5ac,0.8888416290283203,0.8888416290283203,0.8888416290283203,0.8888416290283203,0.8888416886329651,0.8888416290283203,0.0,17.55153465270996,18.301406860351562,1,1,1.0,1.0,1.0
hf_github_codereview,c0b1b2be4b67f022,0.9975578784942627,0.9975578784942627,0.9975578784942627,0.9975578784942627,0.9975576996803284,0.9975578784942627,0.0,18.337629318237305,18.42740821838379,1,1,1.0,1.0,1.0
hf_github_codereview,6c8f46f233ae87b6,0.9936169385910034,0.9936169385910034,0.9936169385910034,0.9936169385910034,0.9936169385910034,0.9936169385910034,0.0,19.440587997436523,19.135480880737305,1,1,1.0,1.0,1.0
hf_github_codereview,8384a9d2f1ca2aa7,0.9999998807907104,0.9623208045959473,0.07535815238952637,0.9623208045959473,0.9809795618057251,0.9999998807907104,0.0,19.449569702148438,18.891590118408203,1,2,1.0,1.0,1.0
hf_github_codereview,2011a6a2f47191b6,0.9863778352737427,0.9658370614051819,0.04108154773712158,0.9658370614051819,0.9755221605300903,0.9863778352737427,0.0,19.55523681640625,19.052181243896484,1,2,1.0,1.0,1.0
hf_github_codereview,80554a32989161ee,0.9999999403953552,0.9999999403953552,0.9999999403953552,0.9999999403953552,1.0,0.9999999403953552,0.0,19.297616958618164,19.297616958618164,1,1,1.0,1.0,1.0
hf_github_codereview,166842db2ce63c5f,1.0,1.0,1.0,1.0,1.0,1.0,0.0,19.336761474609375,19.336761474609375,1,1,1.0,1.0,1.0
hf_github_codereview,d92a25b57233a4d6,0.9573184847831726,0.9547932545344034,0.0035851001739501953,0.9547932545344034,0.9729236960411072,0.9573184847831726,0.0,19.72498321533203,19.398162841796875,1,3,1.0,1.0,1.0
hf_github_codereview,d224abad23c537f8,0.9865429401397705,0.9398603836695353,0.06698411703109741,0.9398603836695353,0.957707405090332,0.9865429401397705,0.0,19.046669006347656,19.398162841796875,1,3,1.0,1.0,1.0
hf_github_codereview,a458136540621383,0.9983608722686768,0.9983608722686768,0.9983608722686768,0.9983608722686768,0.9983608722686768,0.9983608722686768,0.0,19.273090362548828,19.19620704650879,1,1,1.0,1.0,1.0
hf_github_codereview,7b9194c0bace41b2,0.9999998807907104,0.9999998807907104,0.9999998807907104,0.9999998807907104,1.0,0.9999998807907104,0.0,18.58387565612793,18.58387565612793,1,1,1.0,1.0,1.0
hf_github_codereview,2ea5b216bc0ae20b,1.0,0.9732345640659332,0.053530871868133545,0.9732345640659332,0.9865264892578125,1.0,0.0,18.57952117919922,19.055431365966797,1,2,1.0,1.0,1.0
hf_github_codereview,fab87977b7feb201,1.0,0.9753991961479187,0.0492016077041626,0.9753991961479187,0.9876230955123901,1.0,0.0,18.709749221801758,19.23390293121338,1,2,1.0,1.0,1.0
hf_github_codereview,e5183a177f410598,0.9568473100662231,0.9395489692687988,0.03459668159484863,0.9395489692687988,0.9513236284255981,0.9568473100662231,0.0,19.838842391967773,19.23390293121338,1,2,1.0,1.0,1.0
hf_github_codereview,456a8c7422a90016,0.9999998807907104,0.9690859913825989,0.061827778816223145,0.9690859913825989,0.9844216108322144,0.9999998807907104,0.0,19.204700469970703,18.95722484588623,1,2,1.0,1.0,1.0
hf_github_codereview,2bfc74fb2a553464,1.0,0.9870645999908447,0.025870800018310547,0.9870645999908447,0.9935113191604614,1.0,0.0,19.356706619262695,19.077661514282227,1,2,1.0,1.0,1.0
hf_github_codereview,155ef5ae861c7f5a,0.9920858144760132,0.9920858144760132,0.9920858144760132,0.9920858144760132,0.9920858144760132,0.9920858144760132,0.0,19.08916664123535,19.304719924926758,1,1,1.0,1.0,1.0
hf_github_codereview,fd855a9eaf904e9c,0.9986854791641235,0.976407527923584,0.0445559024810791,0.976407527923584,0.9886439442634583,0.9986854791641235,0.0,19.547441482543945,19.23390293121338,1,2,1.0,1.0,1.0
hf_github_codereview,843f9750cd8e792d,0.9929932355880737,0.9663650989532471,0.05325627326965332,0.9663650989532471,0.9809342622756958,0.9929932355880737,0.0,18.54659080505371,18.765823364257812,1,2,1.0,1.0,1.0
hf_github_codereview,f73c199cae54a010,0.8404660224914551,0.8404660224914551,0.8404660224914551,0.8404660224914551,0.8404661417007446,0.8404660224914551,0.0,19.400596618652344,19.402584075927734,1,1,1.0,1.0,1.0
hf_github_codereview,2316af738fd8b3e5,0.9953528046607971,0.9953528046607971,0.9953528046607971,0.9953528046607971,0.9953527450561523,0.9953528046607971,0.0,19.356243133544922,19.68461799621582,1,1,1.0,1.0,1.0
hf_github_codereview,e51ed1b7afc675c8,0.9576781988143921,0.9576781988143921,0.9576781988143921,0.9576781988143921,0.9576783180236816,0.9576781988143921,0.0,18.509836196899414,17.882923126220703,1,1,1.0,1.0,1.0
hf_github_codereview,ed56c1a47ddc542c,0.9921026229858398,0.9794764717419943,0.005344986915588379,0.9794764717419943,0.9929683804512024,0.9921026229858398,0.0,18.367490768432617,18.598007837931316,1,3,1.0,1.0,1.0
hf_github_codereview,5c72a44c9b4b522e,0.978022038936615,0.920813649892807,0.11441677808761597,0.920813649892807,0.9608718156814575,0.978022038936615,0.0,18.469257354736328,17.858529090881348,1,2,1.0,1.0,1.0
hf_github_codereview,7c3f7c62ceb0806c,0.9300365447998047,0.9116338491439819,0.03680539131164551,0.9116338491439819,0.9512926340103149,0.9300365447998047,0.0,18.52362060546875,17.858529090881348,1,2,1.0,1.0,1.0
hf_github_codereview,034f617cffdcda23,0.9766315221786499,0.9313039183616638,0.09065520763397217,0.9313039183616638,0.9718185663223267,0.9766315221786499,0.0,18.15353012084961,17.858529090881348,1,2,1.0,1.0,1.0
hf_github_codereview,a06d325abf4bc036,0.959379255771637,0.94175985455513,0.035238802433013916,0.94175985455513,0.9476110935211182,0.959379255771637,0.0,19.05636978149414,19.20479965209961,1,2,1.0,1.0,1.0
hf_github_codereview,38257d0765714f03,0.9275540709495544,0.9159053862094879,0.023297369480133057,0.9159053862094879,0.9215959906578064,0.9275540709495544,0.0,18.370132446289062,19.20479965209961,1,2,1.0,1.0,1.0
hf_github_codereview,bf6d67ef63ba3ff2,0.9428955912590027,0.9332529306411743,0.01928532123565674,0.9332529306411743,0.9623056054115295,0.9428955912590027,0.0,19.471099853515625,18.815680503845215,1,2,1.0,1.0,1.0
hf_github_codereview,dd8317fba53186c0,0.9841009378433228,0.9841009378433228,0.9841009378433228,0.9841009378433228,0.9841009378433228,0.9841009378433228,0.0,18.88494110107422,18.56999969482422,1,1,1.0,1.0,1.0
hf_github_codereview,8def8a1425dd372c,0.9903787970542908,0.949110597372055,0.08253639936447144,0.949110597372055,0.9631274938583374,0.9903787970542908,0.0,18.508386611938477,18.973074913024902,1,2,1.0,1.0,1.0
hf_github_codereview,124b5053765d0f49,0.9563260078430176,0.9563260078430176,0.9563260078430176,0.9563260078430176,0.9563260078430176,0.9563260078430176,0.0,18.734357833862305,19.394550323486328,1,1,1.0,1.0,1.0
hf_github_codereview,babb59c8f892bcce,0.9673449397087097,0.9488201439380646,0.03704959154129028,0.9488201439380646,0.9717618823051453,0.9673449397087097,0.0,19.671911239624023,18.606614112854004,1,2,1.0,1.0,1.0
hf_github_codereview,68722d7ef1f22b12,0.9581533670425415,0.9541544914245605,0.007997751235961914,0.9541544914245605,0.9772252440452576,0.9581533670425415,0.0,19.142425537109375,18.606614112854004,1,2,1.0,1.0,1.0
hf_github_codereview,8d7f1d9374be591c,0.979006290435791,0.979006290435791,0.979006290435791,0.979006290435791,0.979006290435791,0.979006290435791,0.0,19.071170806884766,19.249143600463867,1,1,1.0,1.0,1.0
hf_github_codereview,62b5041fc2d91055,0.9796304702758789,0.9796304702758789,0.9796304702758789,0.9796304702758789,0.9796304702758789,0.9796304702758789,0.0,19.56497573852539,19.249143600463867,1,1,1.0,1.0,1.0
hf_github_codereview,620d5eec076e11f6,0.9857642650604248,0.9857642650604248,0.9857642650604248,0.9857642650604248,0.9857642650604248,0.9857642650604248,0.0,19.409942626953125,19.403715133666992,1,1,1.0,1.0,1.0
hf_github_codereview,1096218ab7dfe3d6,0.9553238749504089,0.9553238749504089,0.9553238749504089,0.9553238749504089,0.9553239345550537,0.9553238749504089,0.0,18.334455490112305,19.067028045654297,1,1,1.0,1.0,1.0
hf_github_codereview,df9481e21bb20d22,1.0,0.9939838846524557,0.008584260940551758,0.9865738898515701,0.9944268465042114,1.0,0.0,19.4720401763916,19.471635818481445,1,4,1.0,1.0,1.0
hf_github_codereview,59ee262061f2b175,0.9999998807907104,0.957256555557251,0.0053920745849609375,0.957256555557251,0.9845404028892517,0.9999998807907104,0.0,19.35523796081543,18.864173889160156,1,3,1.0,1.0,1.0
hf_github_codereview,c0aa836dede9c2a6,0.9999999403953552,0.992552638053894,0.005392134189605713,0.9667373597621918,0.9895286560058594,0.9999999403953552,0.0,19.417236328125,19.248541355133057,1,4,1.0,1.0,1.0
hf_github_codereview,d05c0fce8c1372af,1.0,0.9914886355400085,0.008584260940551758,0.9855211526155472,0.9937541484832764,1.0,0.0,19.68450355529785,19.456891536712646,1,4,1.0,1.0,1.0
hf_github_codereview,fe8559a8b5c84857,1.0,0.9916598200798035,0.016680359840393066,0.9916598200798035,0.9958212375640869,1.0,0.0,19.440507888793945,19.36319351196289,1,2,1.0,1.0,1.0
hf_github_codereview,78f10844c4473f3b,0.9982577562332153,0.9982577562332153,0.9982577562332153,0.9982577562332153,0.9982578754425049,0.9982577562332153,0.0,19.124351501464844,19.067028045654297,1,1,1.0,1.0,1.0
hf_github_codereview,dad952a76336c009,0.9798009395599365,0.9798009395599365,0.9798009395599365,0.9798009395599365,0.9798009395599365,0.9798009395599365,0.0,19.05967140197754,18.728973388671875,1,1,1.0,1.0,1.0
hf_github_codereview,67876322470e6de4,0.9634791016578674,0.9634791016578674,0.9634791016578674,0.9634791016578674,0.9634792804718018,0.9634791016578674,0.0,19.57489776611328,18.851314544677734,1,1,1.0,1.0,1.0
hf_github_codereview,275a41efc5eda16e,0.9638983011245728,0.9596954186757406,0.0016188621520996094,0.9596954186757406,0.9661433100700378,0.9638983011245728,0.0,18.285045623779297,18.87652015686035,1,3,1.0,1.0,1.0
hf_github_codereview,386ba9d75f9cf8e4,0.9865047335624695,0.9598404765129089,0.013021290302276611,0.9598404765129089,0.9729410409927368,0.9865047335624695,0.0,18.42939567565918,18.494558334350586,1,3,1.0,1.0,1.0
hf_github_codereview,150062aa87451e86,0.9750811457633972,0.9750811457633972,0.9750811457633972,0.9750811457633972,0.9750811457633972,0.9750811457633972,0.0,19.71419906616211,18.899789810180664,1,1,1.0,1.0,1.0
hf_github_codereview,fca80dc2729f2c60,0.9890897274017334,0.983072817325592,0.012033820152282715,0.983072817325592,0.9940669536590576,0.9890897274017334,0.0,19.729568481445312,19.48900318145752,1,2,1.0,1.0,1.0
hf_github_codereview,30ea40352c284c0d,0.9840092658996582,0.9765658974647522,0.014886736869812012,0.9765658974647522,0.9798654317855835,0.9840092658996582,0.0,19.784727096557617,19.081124305725098,1,2,1.0,1.0,1.0
hf_github_codereview,953402302bb908c1,0.9838913083076477,0.9744583070278168,0.018866002559661865,0.9744583070278168,0.9771462678909302,0.9838913083076477,0.0,20.078216552734375,19.24286651611328,1,2,1.0,1.0,1.0
hf_github_codereview,bf35ea37b7ca7d1f,0.9915313720703125,0.9876254399617513,0.00529247522354126,0.9876254399617513,0.9912866353988647,0.9915313720703125,0.0,19.96245574951172,19.581157684326172,1,3,1.0,1.0,1.0
hf_github_codereview,26aef64659926ed2,0.9915313720703125,0.9878754019737244,0.0073119401931762695,0.9878754019737244,0.9958125352859497,0.9915313720703125,0.0,19.911684036254883,19.557287216186523,1,2,1.0,1.0,1.0
hf_github_codereview,70f19dc88286a92d,0.985490620136261,0.985490620136261,0.985490620136261,0.985490620136261,0.9854906797409058,0.985490620136261,0.0,19.859743118286133,19.152118682861328,1,1,1.0,1.0,1.0
hf_github_codereview,fbdf8a013515ae0c,1.0,0.9963656663894653,0.007268667221069336,0.9963656663894653,0.9981812238693237,1.0,0.0,19.46826171875,19.50460433959961,1,2,1.0,1.0,1.0
hf_github_codereview,d532a1e60d8dcb82,1.0,0.9963656663894653,0.007268667221069336,0.9963656663894653,0.9981813430786133,1.0,0.0,19.54094696044922,19.50460433959961,1,2,1.0,1.0,1.0
hf_github_codereview,6a6290cecd02774b,1.0,0.9500669638315836,0.04761892557144165,0.9500669638315836,0.9813339710235596,1.0,0.0,19.27937126159668,18.675017674763996,1,3,1.0,1.0,1.0
hf_github_codereview,a59586eade069c88,0.9999999403953552,0.9999999403953552,0.9999999403953552,0.9999999403953552,1.0,0.9999999403953552,0.0,18.548568725585938,18.548568725585938,1,1,1.0,1.0,1.0
hf_github_codereview,13eebcc02095e1b9,1.0,1.0,1.0,1.0,1.0,1.0,0.0,19.13849639892578,19.13849639892578,1,1,1.0,1.0,1.0
hf_github_codereview,6ad61172cef50af7,1.0,1.0,1.0,1.0,1.0,1.0,0.0,18.754446029663086,18.754446029663086,1,1,1.0,1.0,1.0
hf_github_codereview,7c02fe581c804c37,0.9627057313919067,0.9627057313919067,0.9627057313919067,0.9627057313919067,0.9627057909965515,0.9627057313919067,0.0,18.57286262512207,19.248798370361328,1,1,1.0,1.0,1.0
hf_github_codereview,33e8bd10c46230b2,0.9934422969818115,0.9934422969818115,0.9934422969818115,0.9934422969818115,0.9934423565864563,0.9934422969818115,0.0,18.945018768310547,19.248798370361328,1,1,1.0,1.0,1.0
hf_github_codereview,ae19e634e255e94a,0.9928866624832153,0.9928866624832153,0.9928866624832153,0.9928866624832153,0.9928867816925049,0.9928866624832153,0.0,18.945018768310547,19.21173667907715,1,1,1.0,1.0,1.0
hf_github_codereview,d038c5d2edfefdbb,0.9934422969818115,0.9934422969818115,0.9934422969818115,0.9934422969818115,0.9934423565864563,0.9934422969818115,0.0,18.945018768310547,19.248798370361328,1,1,1.0,1.0,1.0
hf_github_codereview,a4058b7c3d022e87,0.9930784106254578,0.9930784106254578,0.9930784106254578,0.9930784106254578,0.9930784106254578,0.9930784106254578,0.0,18.945018768310547,19.31842613220215,1,1,1.0,1.0,1.0
hf_github_codereview,61097ec3e6bd5350,0.9908938407897949,0.9908938407897949,0.9908938407897949,0.9908938407897949,0.9908936023712158,0.9908938407897949,0.0,18.945018768310547,19.202110290527344,1,1,1.0,1.0,1.0
hf_github_codereview,a191d918570224f9,0.9930784106254578,0.9930784106254578,0.9930784106254578,0.9930784106254578,0.9930784106254578,0.9930784106254578,0.0,18.945018768310547,19.31842613220215,1,1,1.0,1.0,1.0
hf_github_codereview,2a586fd7ac9ed87c,1.0,1.0,1.0,1.0,1.0,1.0,0.0,18.583337783813477,18.583337783813477,1,1,1.0,1.0,1.0
hf_github_codereview,9e74ccf72fd8ed61,0.9952433705329895,0.9952433705329895,0.9952433705329895,0.9952433705329895,0.9952432513237,0.9952433705329895,0.0,19.797481536865234,20.250158309936523,1,1,1.0,1.0,1.0
hf_github_codereview,5fdd5b80f88cba84,0.9609986543655396,0.9609986543655396,0.9609986543655396,0.9609986543655396,0.9609986543655396,0.9609986543655396,0.0,18.64906120300293,18.25298309326172,1,1,1.0,1.0,1.0
hf_github_codereview,c0c359b0b73e33e1,0.9599406719207764,0.9389903545379639,0.041900634765625,0.9389903545379639,0.9470453262329102,0.9599406719207764,0.0,19.084123611450195,18.532224655151367,1,2,1.0,1.0,1.0
hf_github_codereview,85345284a403e31e,0.9935382604598999,0.9805457890033722,0.02598494291305542,0.9805457890033722,0.9906432032585144,0.9935382604598999,0.0,18.242963790893555,18.368316650390625,1,2,1.0,1.0,1.0
hf_github_codereview,34f2dedfbda3febc,0.9999998807907104,0.9999998807907104,0.9999998807907104,0.9999998807907104,0.9999999403953552,0.9999998807907104,0.0,18.59955406188965,18.59955406188965,1,1,1.0,1.0,1.0
hf_github_codereview,28013a9b4798a1d7,0.9986657500267029,0.9986657500267029,0.9986657500267029,0.9986657500267029,0.9986656308174133,0.9986657500267029,0.0,19.523590087890625,19.402528762817383,1,1,1.0,1.0,1.0
hf_github_codereview,77b3341cadffcde9,0.9986657500267029,0.9659719169139862,0.06538766622543335,0.9659719169139862,0.9815818667411804,0.9986657500267029,0.0,19.523590087890625,19.35829448699951,1,2,1.0,1.0,1.0
hf_github_codereview,ec712678547da933,0.9986657500267029,0.9750475585460663,0.04723638296127319,0.9750475585460663,0.9865080118179321,0.9986657500267029,0.0,19.523590087890625,19.202414512634277,1,2,1.0,1.0,1.0
hf_github_codereview,cb710a7b7f65a094,0.9986657500267029,0.9828004539012909,0.031730592250823975,0.9828004539012909,0.9905732870101929,0.9986657500267029,0.0,19.523590087890625,19.04372787475586,1,2,1.0,1.0,1.0
hf_github_codereview,ad6d25c93f65ee2d,0.9986657500267029,0.9355760514736176,0.12617939710617065,0.9355760514736176,0.9667515158653259,0.9986657500267029,0.0,19.523590087890625,18.314271926879883,1,2,1.0,1.0,1.0
hf_github_codereview,0aa02f8c8e67cf49,0.9986657500267029,0.9913269877433777,0.01467752456665039,0.9913269877433777,0.994924783706665,0.9986657500267029,0.0,19.523590087890625,19.119540214538574,1,2,1.0,1.0,1.0
hf_github_codereview,c6f315a009ffff46,0.9986657500267029,0.9914895296096802,0.01435244083404541,0.9914895296096802,0.9950841069221497,0.9986657500267029,0.0,19.523590087890625,19.185720443725586,1,2,1.0,1.0,1.0
hf_github_codereview,9a1ed05d29ae6df2,0.9986657500267029,0.9738382399082184,0.049655020236968994,0.9738382399082184,0.9863194227218628,0.9986657500267029,0.0,19.523590087890625,18.67357635498047,1,2,1.0,1.0,1.0
hf_github_codereview,4af11a809892437b,0.9986657500267029,0.9759602844715118,0.04541093111038208,0.9759602844715118,0.9872647523880005,0.9986657500267029,0.0,19.523590087890625,18.810636520385742,1,2,1.0,1.0,1.0
hf_github_codereview,8e56e28654bfad33,0.9986657500267029,0.9584350883960724,0.08046132326126099,0.9584350883960724,0.9786325693130493,0.9986657500267029,0.0,19.523590087890625,18.275519371032715,1,2,1.0,1.0,1.0
hf_github_codereview,2fe5c69870b49af0,0.9986657500267029,0.9597341120243073,0.07786327600479126,0.9597341120243073,0.9792767763137817,0.9986657500267029,0.0,19.523590087890625,18.26882266998291,1,2,1.0,1.0,1.0
hf_github_codereview,1895d62911d380e1,0.9986657500267029,0.9632284045219421,0.07087469100952148,0.9632284045219421,0.981062650680542,0.9986657500267029,0.0,19.523590087890625,18.251713752746582,1,2,1.0,1.0,1.0
hf_github_codereview,818c5218d83248b4,0.99705570936203,0.9693903028964996,0.05533081293106079,0.9693903028964996,0.9831039905548096,0.99705570936203,0.0,19.523590087890625,18.6108455657959,1,2,1.0,1.0,1.0
hf_github_codereview,42e70d5dedd1316f,0.90773606300354,0.90773606300354,0.90773606300354,0.90773606300354,0.9077359437942505,0.90773606300354,0.0,19.815303802490234,17.388538360595703,1,1,1.0,1.0,1.0
hf_github_codereview,6847622f8fbba870,0.9986657500267029,0.9986657500267029,0.9986657500267029,0.9986657500267029,0.9986656308174133,0.9986657500267029,0.0,19.523590087890625,19.402528762817383,1,1,1.0,1.0,1.0
hf_github_codereview,98024169d9853a78,0.9986657500267029,0.959244042634964,0.07884341478347778,0.959244042634964,0.9782209396362305,0.9986657500267029,0.0,19.523590087890625,19.289623260498047,1,2,1.0,1.0,1.0
hf_github_codereview,d46f15b6dcaeaaf9,0.9986657500267029,0.9477437138557434,0.10184407234191895,0.9477437138557434,0.9725523591041565,0.9986657500267029,0.0,19.523590087890625,19.11348056793213,1,2,1.0,1.0,1.0
hf_github_codereview,309646b453d6d8d6,0.9986657500267029,0.9456517994403839,0.10602790117263794,0.9456517994403839,0.9718866348266602,0.9986657500267029,0.0,19.523590087890625,18.887185096740723,1,2,1.0,1.0,1.0
hf_github_codereview,86d9a617d38610f6,0.9986657500267029,0.9355760514736176,0.12617939710617065,0.9355760514736176,0.9667515158653259,0.9986657500267029,0.0,19.523590087890625,18.314271926879883,1,2,1.0,1.0,1.0
hf_github_codereview,edfa3a2161e5cfc9,0.9986657500267029,0.939088374376297,0.11915475130081177,0.939088374376297,0.9687469601631165,0.9986657500267029,0.0,19.523590087890625,18.74859619140625,1,2,1.0,1.0,1.0
hf_github_codereview,034254df5a77d301,0.9986657500267029,0.9398927986621857,0.11754590272903442,0.9398927986621857,0.9690423011779785,0.9986657500267029,0.0,19.523590087890625,18.761963844299316,1,2,1.0,1.0,1.0
hf_github_codereview,3ba8a2a57e7b7a20,0.9986657500267029,0.9636563956737518,0.0700187087059021,0.9636563956737518,0.9814069271087646,0.9986657500267029,0.0,19.523590087890625,18.564376831054688,1,2,1.0,1.0,1.0
hf_github_codereview,2ec981572feb8089,0.9986657500267029,0.9765751659870148,0.04418116807937622,0.9765751659870148,0.9876822829246521,0.9986657500267029,0.0,19.523590087890625,18.702616691589355,1,2,1.0,1.0,1.0
hf_github_codereview,79df9a7ed3521bd9,0.9986657500267029,0.9584350883960724,0.08046132326126099,0.9584350883960724,0.9786325693130493,0.9986657500267029,0.0,19.523590087890625,18.275519371032715,1,2,1.0,1.0,1.0
hf_github_codereview,a1073969bdec1151,0.9986657500267029,0.9597341120243073,0.07786327600479126,0.9597341120243073,0.9792767763137817,0.9986657500267029,0.0,19.523590087890625,18.26882266998291,1,2,1.0,1.0,1.0
hf_github_codereview,06ef33204c0ec783,0.9986657500267029,0.9498995840549469,0.09753233194351196,0.9498995840549469,0.9741959571838379,0.9986657500267029,0.0,19.523590087890625,18.34183120727539,1,2,1.0,1.0,1.0
hf_github_codereview,1dbd3e08e7be8890,0.99705570936203,0.9222015738487244,0.14970827102661133,0.9222015738487244,0.9566627740859985,0.99705570936203,0.0,19.523590087890625,18.40144634246826,1,2,1.0,1.0,1.0
hf_github_codereview,4a9ca163d8887f05,0.9375995397567749,0.9375995397567749,0.9375995397567749,0.9375995397567749,0.9375996589660645,0.9375995397567749,0.0,19.28569984436035,18.27824592590332,1,1,1.0,1.0,1.0
hf_github_codereview,f002a3c9f43b7880,0.9383443593978882,0.9383443593978882,0.9383443593978882,0.9383443593978882,0.938344419002533,0.9383443593978882,0.0,19.136611938476562,18.27824592590332,1,1,1.0,1.0,1.0
hf_github_codereview,05241b60977e3769,0.9216365814208984,0.8898634910583496,0.06354618072509766,0.8898634910583496,0.8981886506080627,0.9216365814208984,0.0,19.061725616455078,18.71065902709961,1,2,1.0,1.0,1.0
hf_github_codereview,dd35aa8f0c982f65,0.9872668385505676,0.9722515046596527,0.030030667781829834,0.9722515046596527,0.9839311242103577,0.9872668385505676,0.0,18.439132690429688,18.61092472076416,1,2,1.0,1.0,1.0
hf_github_codereview,98bd88bdaae39782,0.9917706251144409,0.9917706251144409,0.9917706251144409,0.9917706251144409,0.9917706251144409,0.9917706251144409,0.0,18.980056762695312,18.99517822265625,1,1,1.0,1.0,1.0
hf_github_codereview,81f4452f41dd7e09,0.9935738444328308,0.9935738444328308,0.9935738444328308,0.9935738444328308,0.9935738444328308,0.9935738444328308,0.0,18.721879959106445,18.99517822265625,1,1,1.0,1.0,1.0
hf_github_codereview,0b2467e4fe43b4f9,1.0,1.0,1.0,1.0,1.0,1.0,0.0,17.735916137695312,17.735916137695312,1,1,1.0,1.0,1.0
hf_github_codereview,fd3a083099b6c8d8,1.0,1.0,1.0,1.0,1.0,1.0,0.0,17.735916137695312,17.735916137695312,1,1,1.0,1.0,1.0
hf_github_codereview,8c270a7007df237b,0.9688675999641418,0.9661201536655426,0.005494892597198486,0.9661201536655426,0.9840555191040039,0.9688675999641418,0.0,19.25635528564453,18.906963348388672,1,2,1.0,1.0,1.0
hf_github_codereview,cb14624181f93ba2,1.0,1.0,1.0,1.0,1.0,1.0,0.0,19.434814453125,19.434814453125,1,1,1.0,1.0,1.0
hf_github_codereview,1575387036a5a23c,1.0,1.0,1.0,1.0,1.0,1.0,0.0,18.721439361572266,18.721439361572266,1,1,1.0,1.0,1.0
hf_github_codereview,e256e8352f90644e,0.9999997615814209,0.9999997615814209,0.9999997615814209,0.9999997615814209,0.9999998807907104,0.9999997615814209,0.0,19.027742385864258,19.027742385864258,1,1,1.0,1.0,1.0
hf_github_codereview,27db8572241915d6,0.9686962962150574,0.9237975776195526,0.08979743719100952,0.9237975776195526,0.9433660507202148,0.9686962962150574,0.0,18.346393585205078,18.710867881774902,1,2,1.0,1.0,1.0
hf_github_codereview,9c2f5c7b207f4df7,0.966018557548523,0.9621703426043192,0.0012487173080444336,0.9621703426043192,0.9855069518089294,0.966018557548523,0.0,19.14236831665039,19.065298080444336,1,3,1.0,1.0,1.0
hf_github_codereview,535a54c3ee3cdad6,0.9661535620689392,0.9611372947692871,0.0009679198265075684,0.9611372947692871,0.9844488501548767,0.9661535620689392,0.0,19.19675064086914,19.065298080444336,1,3,1.0,1.0,1.0
hf_github_codereview,5ddaebe4e87040a9,0.9650741219520569,0.9625944495201111,0.003559410572052002,0.9625944495201111,0.9859412908554077,0.9650741219520569,0.0,19.186460494995117,19.065298080444336,1,3,1.0,1.0,1.0
hf_github_codereview,48913c3df46e8146,0.9838141202926636,0.9559157490730286,0.011445224285125732,0.9559157490730286,0.9791006445884705,0.9838141202926636,0.0,19.651947021484375,19.065298080444336,1,3,1.0,1.0,1.0
hf_github_codereview,81136c9e69835199,0.9682050347328186,0.917633444070816,0.10114318132400513,0.917633444070816,0.9412714242935181,0.9682050347328186,0.0,19.650806427001953,18.944310188293457,1,2,1.0,1.0,1.0
hf_github_codereview,27d6a636986e1c5a,0.9842135906219482,0.941307783126831,0.08581161499023438,0.941307783126831,0.965555727481842,0.9842135906219482,0.0,19.016891479492188,18.944310188293457,1,2,1.0,1.0,1.0
hf_github_codereview,13d0d6c6003dc8e2,0.9897367358207703,0.9352476596832275,0.10897815227508545,0.9352476596832275,0.959339439868927,0.9897367358207703,0.0,19.94540023803711,18.944310188293457,1,2,1.0,1.0,1.0
hf_github_codereview,0fed37e138b268e0,1.0,1.0,1.0,1.0,1.0,1.0,0.0,19.17478370666504,19.17478370666504,1,1,1.0,1.0,1.0
hf_github_codereview,c88b7d5e75559079,1.0,1.0,1.0,1.0,1.0,1.0,0.0,19.022422790527344,19.022422790527344,1,1,1.0,1.0,1.0
hf_github_codereview,29a287d24459f9c9,0.9773160219192505,0.9773160219192505,0.9773160219192505,0.9773160219192505,0.9773159027099609,0.9773160219192505,0.0,19.42564582824707,19.447786331176758,1,1,1.0,1.0,1.0
hf_github_codereview,054c8ddd46d71c41,0.9851810932159424,0.9851810932159424,0.9851810932159424,0.9851810932159424,0.9851809740066528,0.9851810932159424,0.0,18.940475463867188,19.447786331176758,1,1,1.0,1.0,1.0
hf_github_codereview,ce778ab8d6e58142,0.9722500443458557,0.9722500443458557,0.9722500443458557,0.9722500443458557,0.9722498655319214,0.9722500443458557,0.0,19.45304298400879,19.447786331176758,1,1,1.0,1.0,1.0
hf_github_codereview,625e9ae2a69d79db,0.9633614420890808,0.9633614420890808,0.9633614420890808,0.9633614420890808,0.963361382484436,0.9633614420890808,0.0,18.41982650756836,19.447786331176758,1,1,1.0,1.0,1.0
hf_github_codereview,6289148133db5cd7,0.9706565141677856,0.9706565141677856,0.9706565141677856,0.9706565141677856,0.9706563949584961,0.9706565141677856,0.0,19.165969848632812,19.447786331176758,1,1,1.0,1.0,1.0
hf_github_codereview,d3a4d2b20c399512,1.0,1.0,1.0,1.0,1.0,1.0,0.0,19.083444595336914,19.083444595336914,1,1,1.0,1.0,1.0
hf_github_codereview,d524f97c40900179,0.9999997019767761,0.9999997019767761,0.9999997019767761,0.9999997019767761,0.9999998807907104,0.9999997019767761,0.0,18.940370559692383,18.940370559692383,1,1,1.0,1.0,1.0
hf_github_codereview,cf94aa53834baeb4,0.9893094301223755,0.9893094301223755,0.9893094301223755,0.9893094301223755,0.989309549331665,0.9893094301223755,0.0,19.347347259521484,19.37805938720703,1,1,1.0,1.0,1.0
hf_github_codereview,957120388ef0710b,0.9614922404289246,0.9614922404289246,0.9614922404289246,0.9614922404289246,0.9614923000335693,0.9614922404289246,0.0,18.689697265625,19.37805938720703,1,1,1.0,1.0,1.0
hf_github_codereview,8abbc680b3adae7f,0.9852992296218872,0.9852992296218872,0.9852992296218872,0.9852992296218872,0.9852993488311768,0.9852992296218872,0.0,18.07883071899414,18.111865997314453,1,1,1.0,1.0,1.0
hf_github_codereview,9339b1ddded4c177,0.9787437319755554,0.9787437319755554,0.9787437319755554,0.9787437319755554,0.9787437915802002,0.9787437319755554,0.0,19.29474449157715,19.539451599121094,1,1,1.0,1.0,1.0
hf_github_codereview,073d68181d950158,0.995174765586853,0.995174765586853,0.995174765586853,0.995174765586853,0.9951748251914978,0.995174765586853,0.0,19.239517211914062,19.539451599121094,1,1,1.0,1.0,1.0
hf_github_codereview,3ad1207218506cff,1.0,0.9674619138240814,0.06507617235183716,0.9674619138240814,0.9835965037345886,1.0,0.0,19.554311752319336,18.888818740844727,1,2,1.0,1.0,1.0
hf_github_codereview,3e40f33c242f574a,0.9999998211860657,0.9512763321399689,0.0974469780921936,0.9512763321399689,0.9753340482711792,0.9999998211860657,0.0,19.124595642089844,18.337337493896484,1,2,1.0,1.0,1.0
hf_github_codereview,aa4e00e5464373e6,0.9367100596427917,0.9350488483905792,0.003322422504425049,0.9350488483905792,0.9471189379692078,0.9367100596427917,0.0,18.88593864440918,17.71690273284912,1,2,1.0,1.0,1.0
hf_github_codereview,6b8d0b6b525cc25f,0.9558605551719666,0.9416171014308929,0.028486907482147217,0.9416171014308929,0.9600549936294556,0.9558605551719666,0.0,18.5130558013916,17.797518730163574,1,2,1.0,1.0,1.0
hf_github_codereview,434b571cd798ed97,0.9649760127067566,0.9512443244457245,0.02746337652206421,0.9512443244457245,0.9687092304229736,0.9649760127067566,0.0,18.856632232666016,18.077245712280273,1,2,1.0,1.0,1.0
hf_github_codereview,ed7a46d5590d192b,0.9760421514511108,0.9587238430976868,0.034636616706848145,0.9587238430976868,0.9755393266677856,0.9760421514511108,0.0,18.910961151123047,18.175861358642578,1,2,1.0,1.0,1.0
hf_github_codereview,f07af26a48ed1b6c,0.979423999786377,0.960831880569458,0.03718423843383789,0.960831880569458,0.9822719693183899,0.979423999786377,0.0,18.895191192626953,18.299838066101074,1,2,1.0,1.0,1.0
hf_github_codereview,94b30e08b4deed25,0.9919135570526123,0.9544320404529572,0.0749630331993103,0.9544320404529572,0.9737164974212646,0.9919135570526123,0.0,17.258941650390625,17.465547561645508,1,2,1.0,1.0,1.0
hf_github_codereview,6cea53472dfeb298,0.9701423645019531,0.9701423645019531,0.9701423645019531,0.9701423645019531,0.9701423645019531,0.9701423645019531,0.0,18.979116439819336,18.011585235595703,1,1,1.0,1.0,1.0
hf_github_codereview,b351f01489c5c264,0.9628654718399048,0.921355128288269,0.08302068710327148,0.921355128288269,0.9404737949371338,0.9628654718399048,0.0,17.394458770751953,17.691153526306152,1,2,1.0,1.0,1.0
hf_github_codereview,36b195b6a4dd71cb,0.9833570718765259,0.9716669321060181,0.023380279541015625,0.9716669321060181,0.9825020432472229,0.9833570718765259,0.0,18.276308059692383,18.491511344909668,1,2,1.0,1.0,1.0
hf_github_codereview,d35d9446f5c321c7,0.983161211013794,0.983161211013794,0.983161211013794,0.983161211013794,0.983161211013794,0.983161211013794,0.0,19.175832748413086,19.97999382019043,1,1,1.0,1.0,1.0
hf_github_codereview,243e3c61f586485c,0.9104601740837097,0.9104601740837097,0.9104601740837097,0.9104601740837097,0.9104601740837097,0.9104601740837097,0.0,18.998428344726562,19.97999382019043,1,1,1.0,1.0,1.0
hf_github_codereview,194f45490514583f,0.9851120710372925,0.9851120710372925,0.9851120710372925,0.9851120710372925,0.9851120710372925,0.9851120710372925,0.0,19.484230041503906,19.97999382019043,1,1,1.0,1.0,1.0
hf_github_codereview,8961200ca0b517f8,0.863865315914154,0.863865315914154,0.863865315914154,0.863865315914154,0.8638653755187988,0.863865315914154,0.0,18.702375411987305,19.07381248474121,1,1,1.0,1.0,1.0
hf_github_codereview,27eca3e9916fbffa,0.9544431567192078,0.9544431567192078,0.9544431567192078,0.9544431567192078,0.9544433355331421,0.9544431567192078,0.0,19.454418182373047,19.07381248474121,1,1,1.0,1.0,1.0
hf_github_codereview,27d275f8d6c3855a,0.9728605151176453,0.9728605151176453,0.9728605151176453,0.9728605151176453,0.9728606343269348,0.9728605151176453,0.0,19.6361083984375,19.07381248474121,1,1,1.0,1.0,1.0
hf_github_codereview,165be65d8e4d90bd,0.9783831238746643,0.9783831238746643,0.9783831238746643,0.9783831238746643,0.9783833026885986,0.9783831238746643,0.0,19.31538200378418,19.601818084716797,1,1,1.0,1.0,1.0
hf_github_codereview,8815caaa38d74491,0.9736555814743042,0.9736555814743042,0.9736555814743042,0.9736555814743042,0.9736557006835938,0.9736555814743042,0.0,18.660743713378906,19.601818084716797,1,1,1.0,1.0,1.0
hf_github_codereview,df62771b78a87548,0.9779241681098938,0.9779241681098938,0.9779241681098938,0.9779241681098938,0.9779242277145386,0.9779241681098938,0.0,19.474266052246094,19.601818084716797,1,1,1.0,1.0,1.0
hf_github_codereview,ad945cd3b65f5f15,0.9690874814987183,0.9690874814987183,0.9690874814987183,0.9690874814987183,0.9690874814987183,0.9690874814987183,0.0,19.545944213867188,20.053184509277344,1,1,1.0,1.0,1.0
hf_github_codereview,28c89103791ac3e1,0.9526054859161377,0.9526054859161377,0.9526054859161377,0.9526054859161377,0.9526054859161377,0.9526054859161377,0.0,19.097631454467773,20.053184509277344,1,1,1.0,1.0,1.0
hf_github_codereview,503ddff9dab1024b,0.9879101514816284,0.9879101514816284,0.9879101514816284,0.9879101514816284,0.9879101514816284,0.9879101514816284,0.0,20.591062545776367,20.053184509277344,1,1,1.0,1.0,1.0
hf_github_codereview,afd78560dd1ce236,0.9278163313865662,0.9278163313865662,0.9278163313865662,0.9278163313865662,0.9278163909912109,0.9278163313865662,0.0,19.565595626831055,18.0450439453125,1,1,1.0,1.0,1.0
hf_github_codereview,5deaa18b0aa8c55a,0.9365081191062927,0.9365081191062927,0.9365081191062927,0.9365081191062927,0.9365081191062927,0.9365081191062927,0.0,19.03816795349121,18.84280776977539,1,1,1.0,1.0,1.0
hf_github_codereview,3ae6c04193b52e7b,0.9614441394805908,0.9614441394805908,0.9614441394805908,0.9614441394805908,0.9614442586898804,0.9614441394805908,0.0,18.67704200744629,19.45779800415039,1,1,1.0,1.0,1.0
hf_github_codereview,626a075dd5a9df97,0.9926638603210449,0.9926638603210449,0.9926638603210449,0.9926638603210449,0.9926639795303345,0.9926638603210449,0.0,19.379606246948242,19.45779800415039,1,1,1.0,1.0,1.0
hf_github_codereview,6f1a6b298b485545,0.9260004162788391,0.9260004162788391,0.9260004162788391,0.9260004162788391,0.9260004758834839,0.9260004162788391,0.0,19.484752655029297,18.067176818847656,1,1,1.0,1.0,1.0
hf_github_codereview,0b4847c602e9e59b,0.9877861738204956,0.9877861738204956,0.9877861738204956,0.9877861738204956,0.9877862930297852,0.9877861738204956,0.0,19.401826858520508,19.69437599182129,1,1,1.0,1.0,1.0
hf_github_codereview,38408ae16c39f4df,0.9796639680862427,0.9796639680862427,0.9796639680862427,0.9796639680862427,0.9796640872955322,0.9796639680862427,0.0,19.281784057617188,19.69437599182129,1,1,1.0,1.0,1.0
hf_github_codereview,c46fe470b3726e21,0.9825520515441895,0.9825520515441895,0.9825520515441895,0.9825520515441895,0.9825520515441895,0.9825520515441895,0.0,18.57243537902832,18.492881774902344,1,1,1.0,1.0,1.0
hf_github_codereview,d407a9990abd5a57,0.9399863481521606,0.9198565483093262,0.01658761501312256,0.9198565483093262,0.9288350343704224,0.9399863481521606,0.0,18.93571662902832,18.860862731933594,1,3,1.0,1.0,1.0
hf_github_codereview,b2ff6a2d48eeb87e,0.9406209588050842,0.9380094707012177,0.005222976207733154,0.9380094707012177,0.9423995018005371,0.9406209588050842,0.0,18.696388244628906,19.022883415222168,1,2,1.0,1.0,1.0
hf_github_codereview,995f4eb5bb6d9b51,0.9729633331298828,0.9729633331298828,0.9729633331298828,0.9729633331298828,0.9729633331298828,0.9729633331298828,0.0,18.62211036682129,18.465471267700195,1,1,1.0,1.0,1.0
hf_github_codereview,8a463ba8b8f31638,0.0,0.0,0.0,0.0,0.0,0.0,0.0,18.783931732177734,0.0,1,0,0.0,0.0,0.0
hf_github_codereview,9c6f1e060d065861,0.9670736193656921,0.9670736193656921,0.9670736193656921,0.9670736193656921,0.9670736193656921,0.9670736193656921,0.0,19.438751220703125,19.025653839111328,1,1,1.0,1.0,1.0
hf_github_codereview,72197a444f7617b0,0.9428762793540955,0.9428762793540955,0.9428762793540955,0.9428762793540955,0.9428762793540955,0.9428762793540955,0.0,19.513090133666992,19.025653839111328,1,1,1.0,1.0,1.0
hf_github_codereview,7d45c3d93d79bebe,0.9733759760856628,0.9733759760856628,0.9733759760856628,0.9733759760856628,0.9733759760856628,0.9733759760856628,0.0,18.679004669189453,19.025653839111328,1,1,1.0,1.0,1.0
hf_github_codereview,cefd4c0a38a256d5,0.9678634405136108,0.9678634405136108,0.9678634405136108,0.9678634405136108,0.9678632020950317,0.9678634405136108,0.0,19.448442459106445,19.03671646118164,1,1,1.0,1.0,1.0
hf_github_codereview,6e4b6ad566301c77,0.973862886428833,0.973862886428833,0.973862886428833,0.973862886428833,0.9738627672195435,0.973862886428833,0.0,18.679004669189453,19.03671646118164,1,1,1.0,1.0,1.0
hf_github_codereview,072407734ce9cb28,0.8552038073539734,0.8552038073539734,0.8552038073539734,0.8552038073539734,0.8552038073539734,0.8552038073539734,0.0,18.973756790161133,19.025653839111328,1,1,1.0,1.0,1.0
hf_github_codereview,e7cb4f5b3d42e44d,0.9577168226242065,0.9577168226242065,0.9577168226242065,0.9577168226242065,0.9577167630195618,0.9577168226242065,0.0,18.679004669189453,18.867759704589844,1,1,1.0,1.0,1.0
hf_github_codereview,d4d4c4ef63b919d6,0.8576616048812866,0.8576616048812866,0.8576616048812866,0.8576616048812866,0.8576615452766418,0.8576616048812866,0.0,18.973756790161133,18.867759704589844,1,1,1.0,1.0,1.0
hf_github_codereview,3bf64ff464ccd79d,0.9319979548454285,0.9319979548454285,0.9319979548454285,0.9319979548454285,0.9319980144500732,0.9319979548454285,0.0,19.468442916870117,18.045076370239258,1,1,1.0,1.0,1.0
hf_github_codereview,4b4da12b20ae7260,0.9447940587997437,0.9340019524097443,0.02158421277999878,0.9340019524097443,0.9431213736534119,0.9447940587997437,0.0,19.834888458251953,18.771122932434082,1,2,1.0,1.0,1.0
hf_github_codereview,e80c266c36e6f4e0,0.9254260063171387,0.9254260063171387,0.9254260063171387,0.9254260063171387,0.9254258871078491,0.9254260063171387,0.0,19.10012435913086,18.867759704589844,1,1,1.0,1.0,1.0
hf_github_codereview,1421276bc057ee5c,0.9410200119018555,0.9410200119018555,0.9410200119018555,0.9410200119018555,0.9410199522972107,0.9410200119018555,0.0,19.23571014404297,18.867759704589844,1,1,1.0,1.0,1.0
hf_github_codereview,3f13b108d3b58a52,0.9189234972000122,0.9189234972000122,0.9189234972000122,0.9189234972000122,0.9189233779907227,0.9189234972000122,0.0,18.334646224975586,18.867759704589844,1,1,1.0,1.0,1.0
hf_github_codereview,4ecdffdfd96346fc,0.9658902287483215,0.9658902287483215,0.9658902287483215,0.9658902287483215,0.9658900499343872,0.9658902287483215,0.0,18.737285614013672,18.867759704589844,1,1,1.0,1.0,1.0
hf_github_codereview,8f0d1071f61da592,0.9249105453491211,0.9249105453491211,0.9249105453491211,0.9249105453491211,0.9249104261398315,0.9249105453491211,0.0,19.671295166015625,19.03671646118164,1,1,1.0,1.0,1.0
hf_github_codereview,05a20b9441094bf6,0.9775754809379578,0.9775754809379578,0.9775754809379578,0.9775754809379578,0.9775754809379578,0.9775754809379578,0.0,18.679004669189453,18.983856201171875,1,1,1.0,1.0,1.0
hf_github_codereview,a3888b8e94ed3242,0.917870283126831,0.917870283126831,0.917870283126831,0.917870283126831,0.917870283126831,0.917870283126831,0.0,19.35604476928711,18.983856201171875,1,1,1.0,1.0,1.0
hf_github_codereview,e873c22bcc1df083,0.8468747138977051,0.8468747138977051,0.8468747138977051,0.8468747138977051,0.8468747138977051,0.8468747138977051,0.0,18.973756790161133,18.983856201171875,1,1,1.0,1.0,1.0
hf_github_codereview,e97ce1eda047591d,0.9651790857315063,0.9651790857315063,0.9651790857315063,0.9651790857315063,0.9651790857315063,0.9651790857315063,0.0,19.458480834960938,18.983856201171875,1,1,1.0,1.0,1.0
hf_github_codereview,17086e8d001e983b,0.9899927377700806,0.9871395230293274,0.005706429481506348,0.9871395230293274,0.9910926818847656,0.9899927377700806,0.0,19.051633834838867,18.839552879333496,1,2,1.0,1.0,1.0
hf_github_codereview,b81a45f8bedc01cd,0.9956651329994202,0.9864567915598551,0.0056723952293396,0.9864567915598551,0.9931497573852539,0.9956651329994202,0.0,19.051633834838867,18.830414454142254,1,3,1.0,1.0,1.0
hf_github_codereview,c275c65473af2d1d,0.96733158826828,0.9625719785690308,0.009519219398498535,0.9625719785690308,0.9664570093154907,0.96733158826828,0.0,18.77039909362793,19.23703098297119,1,2,1.0,1.0,1.0
hf_github_codereview,6573fb383a849bec,0.9515625238418579,0.9349581201871237,0.024217605590820312,0.9235967755317688,0.9404934048652649,0.9515625238418579,0.0,18.964086532592773,18.3318603515625,1,5,1.0,1.0,1.0
hf_github_codereview,65b8670224a9764e,0.9355893731117249,0.8909763693809509,0.0663902759552002,0.8685656070709229,0.8844555616378784,0.9355893731117249,0.0,18.47245979309082,18.3318603515625,1,5,1.0,1.0,1.0
hf_github_codereview,e18ea43e0e0e6f5a,0.9885720014572144,0.9885720014572144,0.9885720014572144,0.9885720014572144,0.9885721206665039,0.9885720014572144,0.0,18.440961837768555,18.660030364990234,1,1,1.0,1.0,1.0
hf_github_codereview,6f0f6df2bcd26b5c,0.984390377998352,0.984390377998352,0.984390377998352,0.984390377998352,0.984390377998352,0.984390377998352,0.0,19.212799072265625,18.935373306274414,1,1,1.0,1.0,1.0
hf_github_codereview,6af8bf8b8686cbb8,1.0,1.0,1.0,1.0,1.0,1.0,0.0,19.600404739379883,19.600404739379883,1,1,1.0,1.0,1.0
hf_github_codereview,75c268a39a019c57,1.0,1.0,1.0,1.0,1.0,1.0,0.0,18.266429901123047,18.266429901123047,1,1,1.0,1.0,1.0
hf_github_codereview,b975538b50ab708d,1.0,1.0,1.0,1.0,1.0,1.0,0.0,18.518051147460938,18.518051147460938,1,1,1.0,1.0,1.0
hf_github_codereview,4587e8b9b3220c79,0.9804704785346985,0.9804704785346985,0.9804704785346985,0.9804704785346985,0.9804704785346985,0.9804704785346985,0.0,18.475379943847656,17.92814826965332,1,1,1.0,1.0,1.0
hf_github_codereview,961bfd98c7d57ad1,0.9714155197143555,0.9714155197143555,0.9714155197143555,0.9714155197143555,0.9714155197143555,0.9714155197143555,0.0,18.22891616821289,17.92814826965332,1,1,1.0,1.0,1.0
hf_github_codereview,fc0116133c54dbb9,0.9860532283782959,0.9860532283782959,0.9860532283782959,0.9860532283782959,0.9860532283782959,0.9860532283782959,0.0,18.680431365966797,17.92814826965332,1,1,1.0,1.0,1.0
hf_github_codereview,6abe9ac280e7f42a,1.0,1.0,1.0,1.0,1.0,1.0,0.0,19.694908142089844,19.694908142089844,1,1,1.0,1.0,1.0
hf_github_codereview,2905cab50d7581af,1.0,1.0,1.0,1.0,1.0,1.0,0.0,19.694908142089844,19.694908142089844,1,1,1.0,1.0,1.0
hf_github_codereview,018fae8539472d04,1.0,1.0,1.0,1.0,1.0,1.0,0.0,19.504783630371094,19.504783630371094,1,1,1.0,1.0,1.0
hf_github_codereview,55c613436f5578bf,0.9816548824310303,0.9816548824310303,0.9816548824310303,0.9816548824310303,0.9816550016403198,0.9816548824310303,0.0,18.475379943847656,18.0180721282959,1,1,1.0,1.0,1.0
hf_github_codereview,2df40a0621c49730,0.9722736477851868,0.9722736477851868,0.9722736477851868,0.9722736477851868,0.9722737669944763,0.9722736477851868,0.0,18.22891616821289,18.0180721282959,1,1,1.0,1.0,1.0
hf_github_codereview,96d282e567feadda,0.9844991564750671,0.9844991564750671,0.9844991564750671,0.9844991564750671,0.9844992160797119,0.9844991564750671,0.0,18.87933921813965,18.0180721282959,1,1,1.0,1.0,1.0
hf_github_codereview,59ad625093701c99,1.0,1.0,1.0,1.0,1.0,1.0,0.0,19.694908142089844,19.694908142089844,1,1,1.0,1.0,1.0
hf_github_codereview,7d7ed3f6fb452a6d,1.0,1.0,1.0,1.0,1.0,1.0,0.0,19.694908142089844,19.694908142089844,1,1,1.0,1.0,1.0
hf_github_codereview,7e9db8c198dbb7d3,0.9680984616279602,0.9680984616279602,0.9680984616279602,0.9680984616279602,0.9680984616279602,0.9680984616279602,0.0,18.545238494873047,18.016864776611328,1,1,1.0,1.0,1.0
hf_github_codereview,1ae6cc3b427d2445,0.9778043031692505,0.9778043031692505,0.9778043031692505,0.9778043031692505,0.9778043031692505,0.9778043031692505,0.0,19.015766143798828,18.016864776611328,1,1,1.0,1.0,1.0
hf_github_codereview,c92aa50df4d573c0,0.9613169431686401,0.9613169431686401,0.9613169431686401,0.9613169431686401,0.9613169431686401,0.9613169431686401,0.0,19.20363426208496,18.016864776611328,1,1,1.0,1.0,1.0
hf_github_codereview,4ae733359bef2a09,0.9999998807907104,0.9999998807907104,0.9999998807907104,0.9999998807907104,1.0,0.9999998807907104,0.0,18.027145385742188,18.027145385742188,1,1,1.0,1.0,1.0
hf_github_codereview,cafe86eed1f817ac,0.9999998807907104,0.9999998807907104,0.9999998807907104,0.9999998807907104,1.0,0.9999998807907104,0.0,18.027145385742188,18.027145385742188,1,1,1.0,1.0,1.0
hf_github_codereview,51cf24112f375fc8,0.9999998807907104,0.9999998807907104,0.9999998807907104,0.9999998807907104,1.0,0.9999998807907104,0.0,18.027145385742188,18.027145385742188,1,1,1.0,1.0,1.0
hf_github_codereview,ea15bca905207377,0.9999998807907104,0.9999998807907104,0.9999998807907104,0.9999998807907104,1.0,0.9999998807907104,0.0,18.027145385742188,18.027145385742188,1,1,1.0,1.0,1.0
hf_github_codereview,fb35cd7611f6091c,0.9999998807907104,0.9951679706573486,0.009663820266723633,0.9951679706573486,0.9975810647010803,0.9999998807907104,0.0,18.027145385742188,17.904651641845703,1,2,1.0,1.0,1.0
hf_github_codereview,81c67b2ceab6a981,1.0,0.9951680302619934,0.009663939476013184,0.9951680302619934,0.9975812435150146,1.0,0.0,17.78215789794922,17.904651641845703,1,2,1.0,1.0,1.0
hf_github_codereview,346c3446829f8c5d,0.9999998807907104,0.9951679706573486,0.009663820266723633,0.9951679706573486,0.9975810647010803,0.9999998807907104,0.0,18.027145385742188,17.904651641845703,1,2,1.0,1.0,1.0
hf_github_codereview,71319192e339083d,0.9999998807907104,0.9999998807907104,0.9999998807907104,0.9999998807907104,1.0,0.9999998807907104,0.0,18.027145385742188,18.027145385742188,1,1,1.0,1.0,1.0
hf_github_codereview,7c52c9a29bb6e782,1.0,1.0,1.0,1.0,1.0,1.0,0.0,19.275320053100586,19.275320053100586,1,1,1.0,1.0,1.0
hf_github_codereview,9180627dc7ec3b3d,1.0,1.0,1.0,1.0,1.0,1.0,0.0,18.841161727905273,18.841161727905273,1,1,1.0,1.0,1.0
hf_github_codereview,2c4adfcb58f7c5f9,0.9907671809196472,0.9907671809196472,0.9907671809196472,0.9907671809196472,0.9907673597335815,0.9907671809196472,0.0,19.41183090209961,19.0875244140625,1,1,1.0,1.0,1.0
hf_github_codereview,e994896c413c18d0,0.992161214351654,0.992161214351654,0.992161214351654,0.992161214351654,0.9921613931655884,0.992161214351654,0.0,19.20530128479004,19.0875244140625,1,1,1.0,1.0,1.0
hf_github_codereview,d4d1bf4e8f394d2a,1.0,1.0,1.0,1.0,1.0,1.0,0.0,18.8459415435791,18.8459415435791,1,1,1.0,1.0,1.0
hf_github_codereview,cf771957c7802490,0.9999998807907104,0.9999998807907104,0.9999998807907104,0.9999998807907104,1.0,0.9999998807907104,0.0,18.949382781982422,18.949382781982422,1,1,1.0,1.0,1.0
hf_github_codereview,b0e8c9fcbf2444c3,1.0,0.9825972318649292,0.0348055362701416,0.9825972318649292,0.9912605285644531,1.0,0.0,18.49538803100586,18.635465621948242,1,2,1.0,1.0,1.0
hf_github_codereview,802a44949919a2d7,1.0,0.9825972318649292,0.0348055362701416,0.9825972318649292,0.9912604093551636,1.0,0.0,18.775543212890625,18.635465621948242,1,2,1.0,1.0,1.0
hf_github_codereview,4c2e83a8d974410a,1.0,1.0,1.0,1.0,1.0,1.0,0.0,18.8459415435791,18.8459415435791,1,1,1.0,1.0,1.0
hf_github_codereview,6257a0d237cf3cef,0.9999999403953552,0.9999999403953552,0.9999999403953552,0.9999999403953552,1.0,0.9999999403953552,0.0,19.363819122314453,19.363819122314453,1,1,1.0,1.0,1.0
hf_github_codereview,7784ff0f281c482e,0.9882874488830566,0.9882874488830566,0.9882874488830566,0.9882874488830566,0.9882874488830566,0.9882874488830566,0.0,18.854631423950195,19.265987396240234,1,1,1.0,1.0,1.0
hf_github_codereview,947e891daa76f571,0.9920220375061035,0.9920220375061035,0.9920220375061035,0.9920220375061035,0.9920220375061035,0.9920220375061035,0.0,19.004812240600586,19.265987396240234,1,1,1.0,1.0,1.0
hf_github_codereview,2fe681574bfa9b9e,0.9999998807907104,0.9999998807907104,0.9999998807907104,0.9999998807907104,1.0,0.9999998807907104,0.0,18.436031341552734,18.436031341552734,1,1,1.0,1.0,1.0
hf_github_codereview,90ba96f301bf2547,0.9768887758255005,0.9768887758255005,0.9768887758255005,0.9768887758255005,0.97688889503479,0.9768887758255005,0.0,18.49650764465332,19.321802139282227,1,1,1.0,1.0,1.0
hf_github_codereview,da970b357608749b,0.9564577341079712,0.9564577341079712,0.9564577341079712,0.9564577341079712,0.9564578533172607,0.9564577341079712,0.0,19.18645668029785,19.321802139282227,1,1,1.0,1.0,1.0
hf_github_codereview,c93ccf8df70df3b1,0.9974861741065979,0.9564498364925385,0.0820726752281189,0.9564498364925385,0.9773164987564087,0.9974861741065979,0.0,19.99202537536621,19.486953735351562,1,2,1.0,1.0,1.0
hf_github_codereview,0e4f30f408670ecf,0.9676707983016968,0.9676707983016968,0.9676707983016968,0.9676707983016968,0.9676705598831177,0.9676707983016968,0.0,18.641857147216797,18.4312686920166,1,1,1.0,1.0,1.0
hf_github_codereview,76b1f29c0c7e2506,0.9559532403945923,0.9510911703109741,0.009724140167236328,0.9510911703109741,0.9750455021858215,0.9559532403945923,0.0,19.098913192749023,18.912626266479492,1,2,1.0,1.0,1.0
hf_github_codereview,1ced9b7dcb6e25e3,1.0,1.0,1.0,1.0,1.0,1.0,0.0,18.357627868652344,18.357627868652344,1,1,1.0,1.0,1.0
hf_github_codereview,31a34f5c79534ce8,0.9948376417160034,0.9948376417160034,0.9948376417160034,0.9948376417160034,0.9948376417160034,0.9948376417160034,0.0,19.37278938293457,19.432167053222656,1,1,1.0,1.0,1.0
hf_github_codereview,02670390033d6a9d,1.0,0.9656321108341217,0.06873577833175659,0.9656321108341217,0.9826658368110657,1.0,0.0,19.776145935058594,19.152586936950684,1,2,1.0,1.0,1.0
hf_github_codereview,e0c0701c892e2b6e,0.9999999403953552,0.9999999403953552,0.9999999403953552,0.9999999403953552,1.0,0.9999999403953552,0.0,18.966524124145508,18.966524124145508,1,1,1.0,1.0,1.0
hf_github_codereview,51ae98736e2de9ec,0.9844326376914978,0.9799603223800659,0.00894463062286377,0.9799603223800659,0.9837935566902161,0.9844326376914978,0.0,19.45323944091797,19.673043251037598,1,2,1.0,1.0,1.0
hf_github_codereview,266e974f90ae86cb,0.9268438816070557,0.9268438816070557,0.9268438816070557,0.9268438816070557,0.9268440008163452,0.9268438816070557,0.0,18.82234764099121,18.716228485107422,1,1,1.0,1.0,1.0
hf_github_codereview,2ed45129776c306b,0.9389746785163879,0.9389746785163879,0.9389746785163879,0.9389746785163879,0.9389746785163879,0.9389746785163879,0.0,19.304765701293945,19.545265197753906,1,1,1.0,1.0,1.0
hf_github_codereview,d4f8826df30265f1,0.941195547580719,0.941195547580719,0.941195547580719,0.941195547580719,0.941195547580719,0.941195547580719,0.0,19.668947219848633,19.454988479614258,1,1,1.0,1.0,1.0
hf_github_codereview,6a8dd893fc6c50ce,0.9518783092498779,0.9236533939838409,0.056449830532073975,0.9236533939838409,0.9421068429946899,0.9518783092498779,0.0,19.48497200012207,19.032740592956543,1,2,1.0,1.0,1.0
hf_github_codereview,56e88079459655ff,0.9653899073600769,0.961665540933609,0.007448732852935791,0.961665540933609,0.9669687747955322,0.9653899073600769,0.0,19.165220260620117,19.36722183227539,1,2,1.0,1.0,1.0
hf_github_codereview,10fd0bc33c74608d,0.9648313522338867,0.9621866345405579,0.005289435386657715,0.9621866345405579,0.9656714200973511,0.9648313522338867,0.0,18.53716468811035,19.46538257598877,1,2,1.0,1.0,1.0
hf_github_codereview,aba20873f034996d,0.9999998211860657,0.9704922835032145,0.028866827487945557,0.9704922835032145,0.9836549758911133,0.9999998211860657,0.0,18.82713508605957,19.320130666097004,1,3,1.0,1.0,1.0
hf_github_codereview,e49bb2f44f9f990d,0.9819049835205078,0.9706664681434631,0.011987388134002686,0.9659416526556015,0.9844355583190918,0.9819049835205078,0.0,19.52964973449707,19.32756233215332,1,4,1.0,1.0,1.0
hf_github_codereview,2f12cf53d58c85ab,0.9736648797988892,0.9657754699389139,0.0051538944244384766,0.9657754699389139,0.9793342351913452,0.9736648797988892,0.0,19.43321990966797,19.468371709187824,1,3,1.0,1.0,1.0
hf_github_codereview,9bf8d408a7e7010d,0.9798970818519592,0.9760167300701141,0.0077607035636901855,0.9760167300701141,0.9787448644638062,0.9798970818519592,0.0,18.979846954345703,19.808570861816406,1,2,1.0,1.0,1.0
hf_github_codereview,a2e7d7302bc0b5ad,0.9664472341537476,0.9463745951652527,0.040145277976989746,0.9463745951652527,0.9532241821289062,0.9664472341537476,0.0,19.25922203063965,19.50105571746826,1,2,1.0,1.0,1.0
hf_github_codereview,a626afeed345e1f5,0.9829967021942139,0.9643847346305847,0.005892336368560791,0.9643847346305847,0.9833939075469971,0.9829967021942139,0.0,18.99138069152832,19.073240915934246,1,3,1.0,1.0,1.0
hf_github_codereview,38cd90a887272561,0.9548933506011963,0.9360868732134501,0.01323080062866211,0.9360868732134501,0.9575309157371521,0.9548933506011963,0.0,17.96525001525879,19.142340342203777,1,3,1.0,1.0,1.0
hf_github_codereview,e277291d063d1a1d,1.0,0.9654191335042318,0.020600080490112305,0.9654191335042318,0.9845501184463501,1.0,0.0,18.277109146118164,19.05636215209961,1,3,1.0,1.0,1.0
hf_github_codereview,1edc8ed394cdfadc,1.0,0.9584287405014038,0.08314251899719238,0.9584287405014038,0.978993833065033,1.0,0.0,19.57313346862793,18.925121307373047,1,2,1.0,1.0,1.0
hf_github_codereview,812522b480a0bb85,0.9666495323181152,0.9608010848363241,0.00679391622543335,0.9608010848363241,0.9675306081771851,0.9666495323181152,0.0,19.23685646057129,19.2812016805013,1,3,1.0,1.0,1.0
hf_github_codereview,a5eff9fa3f97b806,0.9648495316505432,0.9532144467035929,0.01565372943878174,0.9532144467035929,0.9600273966789246,0.9648495316505432,0.0,18.71849822998047,19.26068623860677,1,3,1.0,1.0,1.0
hf_github_codereview,a0082d53581b7dd6,0.9377607107162476,0.9322237372398376,0.004097580909729004,0.9322237372398376,0.9388865828514099,0.9377607107162476,0.0,19.213754653930664,19.26068623860677,1,3,1.0,1.0,1.0
hf_github_codereview,b6f4e792dee2666c,0.9302330613136292,0.9207250873247782,0.011676609516143799,0.9207250873247782,0.9278141260147095,0.9302330613136292,0.0,18.075096130371094,19.200730005900066,1,3,1.0,1.0,1.0
hf_github_codereview,58225eb5644a583b,0.9480687975883484,0.9433946410814921,0.004121601581573486,0.9433946410814921,0.9511595964431763,0.9480687975883484,0.0,19.356557846069336,19.256218592325848,1,3,1.0,1.0,1.0
hf_github_codereview,ae947f753d2b4a26,0.9799870252609253,0.9729466835657755,0.008992791175842285,0.9729466835657755,0.9809548854827881,0.9799870252609253,0.0,19.259780883789062,19.256218592325848,1,3,1.0,1.0,1.0
hf_github_codereview,c018adc1569a6144,1.0,0.9829065004984537,0.024923741817474365,0.9799631237983704,0.9921572804450989,1.0,0.0,19.05061149597168,19.300689220428467,1,4,1.0,1.0,1.0
hf_github_codereview,ddfd297c25e17c50,0.9750746488571167,0.9719939033190409,0.0015004277229309082,0.9688287824392319,0.9826582670211792,0.9750746488571167,0.0,19.116010665893555,19.378321647644043,1,4,1.0,1.0,1.0
hf_github_codereview,d100e38b09031274,0.9575362205505371,0.9419203599294027,0.02152538299560547,0.9419203599294027,0.9552192687988281,0.9575362205505371,0.0,19.268230438232422,19.502875645955402,1,3,1.0,1.0,1.0
hf_github_codereview,5c8d2c92ec1770c3,0.9599437117576599,0.9419231216112772,0.024538695812225342,0.9419231216112772,0.9552100896835327,0.9599437117576599,0.0,19.289833068847656,19.520853678385418,1,3,1.0,1.0,1.0
hf_github_codereview,c55433e483a1a1f7,0.9257873296737671,0.9216486215591431,0.008277416229248047,0.9216486215591431,0.9234995245933533,0.9257873296737671,0.0,19.349857330322266,19.86771297454834,1,2,1.0,1.0,1.0
hf_github_codereview,eca553c7be38328b,0.9999997615814209,0.9999997615814209,0.9999997615814209,0.9999997615814209,1.0,0.9999997615814209,0.0,19.149139404296875,19.149139404296875,1,1,1.0,1.0,1.0
hf_github_codereview,42a1913641c2db2e,0.9917117357254028,0.9917117357254028,0.9917117357254028,0.9917117357254028,0.9917117357254028,0.9917117357254028,0.0,19.466623306274414,19.67699432373047,1,1,1.0,1.0,1.0
hf_github_codereview,81953824faf86ba4,0.9858118891716003,0.9858118891716003,0.9858118891716003,0.9858118891716003,0.9858118891716003,0.9858118891716003,0.0,19.466623306274414,19.297956466674805,1,1,1.0,1.0,1.0
hf_github_codereview,71cd4da993aa4559,0.9999997019767761,0.9647359251976013,0.07052755355834961,0.9647359251976013,0.9822096824645996,0.9999997019767761,0.0,19.1608829498291,18.823436737060547,1,2,1.0,1.0,1.0
hf_github_codereview,9dc22ca80f6583ee,1.0,1.0,1.0,1.0,1.0,1.0,0.0,18.914371490478516,18.914371490478516,1,1,1.0,1.0,1.0
hf_github_codereview,c55e14f972ec4aec,1.0,1.0,1.0,1.0,1.0,1.0,0.0,18.2531681060791,18.2531681060791,1,1,1.0,1.0,1.0
hf_github_codereview,d0c6637aff4a1357,0.977679967880249,0.977679967880249,0.977679967880249,0.977679967880249,0.977679967880249,0.977679967880249,0.0,18.741392135620117,19.070207595825195,1,1,1.0,1.0,1.0
hf_github_codereview,c77601078f5eed6f,1.0,0.973777562379837,0.05244487524032593,0.973777562379837,0.9868016839027405,1.0,0.0,19.297590255737305,19.183045387268066,1,2,1.0,1.0,1.0
hf_github_codereview,d2fde005038083f1,1.0,0.9602082967758179,0.05244487524032593,0.9602082967758179,0.9771747589111328,1.0,0.0,19.068500518798828,19.349526087443035,1,3,1.0,1.0,1.0
hf_github_codereview,a378a349c969fc4d,0.9723910093307495,0.9723910093307495,0.9723910093307495,0.9723910093307495,0.9723908305168152,0.9723910093307495,0.0,19.119047164916992,18.51765251159668,1,1,1.0,1.0,1.0
hf_github_codereview,d7b0b207585652e4,0.8763160705566406,0.8763160705566406,0.8763160705566406,0.8763160705566406,0.8763161897659302,0.8763160705566406,0.0,18.77876853942871,17.81389617919922,1,1,1.0,1.0,1.0
hf_github_codereview,31b730fdc39b2f24,0.9811283349990845,0.9811283349990845,0.9811283349990845,0.9811283349990845,0.9811283349990845,0.9811283349990845,0.0,18.165733337402344,18.865779876708984,1,1,1.0,1.0,1.0
hf_github_codereview,10a99bf850ac3925,0.9719418883323669,0.9719418883323669,0.9719418883323669,0.9719418883323669,0.9719417095184326,0.9719418883323669,0.0,19.39454460144043,19.76171112060547,1,1,1.0,1.0,1.0
hf_github_codereview,ba07630231e95b61,1.0,0.9499370455741882,0.10012590885162354,0.9499370455741882,0.9746471643447876,1.0,0.0,18.407726287841797,18.444793701171875,1,2,1.0,1.0,1.0
hf_github_codereview,e5c72b0a49684430,0.9702866077423096,0.961659848690033,0.017253518104553223,0.961659848690033,0.9753335118293762,0.9702866077423096,0.0,18.668176651000977,18.902008056640625,1,2,1.0,1.0,1.0
hf_github_codereview,2bd56f41e2ca8e85,0.9058849811553955,0.9058849811553955,0.9058849811553955,0.9058849811553955,0.9058851003646851,0.9058849811553955,0.0,18.73297882080078,18.20100212097168,1,1,1.0,1.0,1.0
hf_github_codereview,9a323eb63e598993,0.9481536149978638,0.9459642469882965,0.0043787360191345215,0.9459642469882965,0.9496108293533325,0.9481536149978638,0.0,19.070446014404297,18.62166404724121,1,2,1.0,1.0,1.0
hf_github_codereview,93e49d83e398e68a,0.9758312702178955,0.9700863361358643,0.0114898681640625,0.9700863361358643,0.9742909669876099,0.9758312702178955,0.0,18.690536499023438,18.38463020324707,1,2,1.0,1.0,1.0
hf_github_codereview,74a7bf326b3dfe77,1.0,1.0,1.0,1.0,1.0,1.0,0.0,16.717761993408203,16.717761993408203,1,1,1.0,1.0,1.0
hf_github_codereview,c6d7be045e1498bd,1.0,1.0,1.0,1.0,1.0,1.0,0.0,18.085458755493164,18.085458755493164,1,1,1.0,1.0,1.0
hf_github_codereview,92e91542d15884b0,0.9480209350585938,0.9348311424255371,0.02637958526611328,0.9348311424255371,0.9433214068412781,0.9480209350585938,0.0,19.00616455078125,18.76538848876953,1,2,1.0,1.0,1.0
hf_github_codereview,92af49d30e810798,1.0,1.0,1.0,1.0,1.0,1.0,0.0,19.381980895996094,19.381980895996094,1,1,1.0,1.0,1.0
hf_github_codereview,28e3cfd94d593cc9,0.9809448719024658,0.9809448719024658,0.9809448719024658,0.9809448719024658,0.9809448719024658,0.9809448719024658,0.0,17.758621215820312,18.228172302246094,1,1,1.0,1.0,1.0
hf_github_codereview,14bda8f1a59c0fb4,0.915513813495636,0.915513813495636,0.915513813495636,0.915513813495636,0.915513813495636,0.915513813495636,0.0,18.990880966186523,18.228172302246094,1,1,1.0,1.0,1.0
hf_github_codereview,0fdd3f228bfb0859,0.9742931127548218,0.9742931127548218,0.9742931127548218,0.9742931127548218,0.9742931127548218,0.9742931127548218,0.0,17.811864852905273,18.228172302246094,1,1,1.0,1.0,1.0
hf_github_codereview,0251c6982d3ec58c,0.9999997615814209,0.943744957447052,0.11250960826873779,0.943744957447052,0.9714654088020325,0.9999997615814209,0.0,18.018783569335938,18.2595853805542,1,2,1.0,1.0,1.0
hf_github_codereview,e98022a7706d791d,1.0,1.0,1.0,1.0,1.0,1.0,0.0,18.952905654907227,18.952905654907227,1,1,1.0,1.0,1.0
hf_github_codereview,7f26275adf18ec81,0.9785977602005005,0.9785977602005005,0.9785977602005005,0.9785977602005005,0.97859787940979,0.9785977602005005,0.0,17.683542251586914,17.669445037841797,1,1,1.0,1.0,1.0
hf_github_codereview,0d6ab0d93bc4000b,0.9668071269989014,0.9645302295684814,0.004553794860839844,0.9645302295684814,0.9796256422996521,0.9668071269989014,0.0,19.00589942932129,18.611233711242676,1,2,1.0,1.0,1.0
hf_github_codereview,0ef4b24222426646,0.9123352766036987,0.8787855505943298,0.06709945201873779,0.8787855505943298,0.8851344585418701,0.9123352766036987,0.0,18.257455825805664,18.123477935791016,1,2,1.0,1.0,1.0
hf_github_codereview,24f142df878f8f7b,0.9121524095535278,0.8654688596725464,0.09336709976196289,0.8654688596725464,0.9307913184165955,0.9121524095535278,0.0,18.176359176635742,18.215907096862793,1,2,1.0,1.0,1.0
hf_github_codereview,95423be330054edb,0.9590229988098145,0.9590229988098145,0.9590229988098145,0.9590229988098145,0.9590229988098145,0.9590229988098145,0.0,18.846460342407227,18.952905654907227,1,1,1.0,1.0,1.0
hf_github_codereview,d71b9f11471c9e35,0.9773586988449097,0.9751406311988831,0.004436135292053223,0.9751406311988831,0.9814733266830444,0.9773586988449097,0.0,18.426172256469727,18.707880973815918,1,2,1.0,1.0,1.0
hf_github_codereview,65f7a896309b3301,0.9040725827217102,0.9040725827217102,0.9040725827217102,0.9040725827217102,0.9040725827217102,0.9040725827217102,0.0,18.27674102783203,18.382526397705078,1,1,1.0,1.0,1.0
hf_github_codereview,d1141984f0668287,0.9874969720840454,0.946571409702301,0.08185112476348877,0.946571409702301,0.9755317568778992,0.9874969720840454,0.0,19.229642868041992,18.802178382873535,1,2,1.0,1.0,1.0
hf_github_codereview,4e477643b504f9eb,0.9999997615814209,0.9999997615814209,0.9999997615814209,0.9999997615814209,0.9999999403953552,0.9999997615814209,0.0,18.763086318969727,18.763086318969727,1,1,1.0,1.0,1.0
hf_github_codereview,b55a593369c32c95,0.9999998211860657,0.9999998211860657,0.9999998211860657,0.9999998211860657,0.9999999403953552,0.9999998211860657,0.0,19.446094512939453,19.446094512939453,1,1,1.0,1.0,1.0
hf_github_codereview,bf927b08753b7aa2,0.9999997615814209,0.9999997615814209,0.9999997615814209,0.9999997615814209,0.9999999403953552,0.9999997615814209,0.0,18.763086318969727,18.763086318969727,1,1,1.0,1.0,1.0
hf_github_codereview,c508a48ed9284845,0.9746730923652649,0.9746730923652649,0.9746730923652649,0.9746730923652649,0.9746729135513306,0.9746730923652649,0.0,18.356943130493164,18.74214744567871,1,1,1.0,1.0,1.0
hf_github_codereview,45e0502b5fcc5f05,0.9799504280090332,0.9187060594558716,0.12248873710632324,0.9187060594558716,0.9693838357925415,0.9799504280090332,0.0,18.538597106933594,18.46845531463623,1,2,1.0,1.0,1.0
hf_github_codereview,be2bc626a39a466a,0.9753215312957764,0.9753215312957764,0.9753215312957764,0.9753215312957764,0.9753214120864868,0.9753215312957764,0.0,18.502120971679688,18.74214744567871,1,1,1.0,1.0,1.0
hf_github_codereview,371517c44e89f968,0.9794423580169678,0.9793287515640259,0.00022721290588378906,0.9793287515640259,0.9866678714752197,0.9794423580169678,0.0,18.732418060302734,18.464094161987305,1,2,1.0,1.0,1.0
hf_github_codereview,b4db2bf99ffe5bc7,0.995307207107544,0.995307207107544,0.995307207107544,0.995307207107544,0.995307207107544,0.995307207107544,0.0,19.310606002807617,19.388242721557617,1,1,1.0,1.0,1.0
hf_github_codereview,b6d1d55fafca87be,0.9948657751083374,0.9948657751083374,0.9948657751083374,0.9948657751083374,0.9948659539222717,0.9948657751083374,0.0,18.722917556762695,19.266010284423828,1,1,1.0,1.0,1.0
hf_github_codereview,a713007891f6ef51,0.9996077418327332,0.9996077418327332,0.9996077418327332,0.9996077418327332,0.9996079802513123,0.9996077418327332,0.0,19.216508865356445,19.266010284423828,1,1,1.0,1.0,1.0
hf_github_codereview,64494fe4bdd8b4f8,0.9733232855796814,0.9277778267860413,0.09109091758728027,0.9277778267860413,0.9491862058639526,0.9733232855796814,0.0,19.14411163330078,18.592585563659668,1,2,1.0,1.0,1.0
hf_github_codereview,eada7ef30ff0a27d,0.9999998211860657,0.9999998211860657,0.9999998211860657,0.9999998211860657,0.9999998807907104,0.9999998211860657,0.0,18.225627899169922,18.225627899169922,1,1,1.0,1.0,1.0
hf_github_codereview,3905e8b98117e3b2,0.9868427515029907,0.9868427515029907,0.9868427515029907,0.9868427515029907,0.9868428707122803,0.9868427515029907,0.0,18.602346420288086,18.7287654876709,1,1,1.0,1.0,1.0
hf_github_codereview,f0e6f199b78978b5,0.9868150353431702,0.9868150353431702,0.9868150353431702,0.9868150353431702,0.9868152141571045,0.9868150353431702,0.0,18.825420379638672,18.7287654876709,1,1,1.0,1.0,1.0
hf_github_codereview,62c4cacc24155f3d,0.9891067743301392,0.9701464176177979,0.03792071342468262,0.9701464176177979,0.9856210947036743,0.9891067743301392,0.0,18.965662002563477,19.264472007751465,1,2,1.0,1.0,1.0
hf_github_codereview,ce75c3aa70603fc6,0.9994074106216431,0.9994074106216431,0.9994074106216431,0.9994074106216431,0.9994074106216431,0.9994074106216431,0.0,18.804542541503906,18.866918563842773,1,1,1.0,1.0,1.0
hf_github_codereview,0579e5228718a9b8,0.9674707651138306,0.9674707651138306,0.9674707651138306,0.9674707651138306,0.9674707651138306,0.9674707651138306,0.0,19.453704833984375,19.143014907836914,1,1,1.0,1.0,1.0
hf_github_codereview,3888bc2d40fb1b91,0.9999999403953552,0.9821155369281769,0.03576880693435669,0.9821155369281769,0.9910174608230591,0.9999999403953552,0.0,17.97281837463379,18.29433536529541,1,2,1.0,1.0,1.0
hf_github_codereview,b5289da2a008b4ca,0.9999997615814209,0.9821154475212097,0.03576862812042236,0.9821154475212097,0.9910174012184143,0.9999997615814209,0.0,18.61585235595703,18.29433536529541,1,2,1.0,1.0,1.0
hf_github_codereview,2f751deffa44665c,0.96669602394104,0.9618368148803711,0.00971841812133789,0.9618368148803711,0.9702844619750977,0.96669602394104,0.0,18.670623779296875,18.620254516601562,1,2,1.0,1.0,1.0
hf_github_codereview,550a24bf9816320f,0.9741566181182861,0.9741566181182861,0.9741566181182861,0.9741566181182861,0.9741566181182861,0.9741566181182861,0.0,18.607547760009766,19.213098526000977,1,1,1.0,1.0,1.0
hf_github_codereview,0baffd74a142fcbc,0.9682345390319824,0.9682345390319824,0.9682345390319824,0.9682345390319824,0.9682345390319824,0.9682345390319824,0.0,19.00787925720215,19.213098526000977,1,1,1.0,1.0,1.0
hf_github_codereview,e40b4763129d634b,0.9650909900665283,0.9650909900665283,0.9650909900665283,0.9650909900665283,0.9650910496711731,0.9650909900665283,0.0,18.588293075561523,18.901187896728516,1,1,1.0,1.0,1.0
hf_github_codereview,846b4ab48984b353,0.9634079933166504,0.9614986479282379,0.003818690776824951,0.9614986479282379,0.973172664642334,0.9634079933166504,0.0,19.011255264282227,19.080190658569336,1,2,1.0,1.0,1.0
hf_github_codereview,2eaf9af091aad0ae,0.9597341418266296,0.9597341418266296,0.9597341418266296,0.9597341418266296,0.9597339630126953,0.9597341418266296,0.0,19.52593421936035,19.83543586730957,1,1,1.0,1.0,1.0
hf_github_codereview,f6b74317b67ccbe7,0.9956549406051636,0.9956549406051636,0.9956549406051636,0.9956549406051636,0.9956549406051636,0.9956549406051636,0.0,19.281787872314453,19.09521484375,1,1,1.0,1.0,1.0
hf_github_codereview,1dab8f6fc6b000ed,0.8959271311759949,0.8879668116569519,0.015920639038085938,0.8879668116569519,0.8898499011993408,0.8959271311759949,0.0,19.107927322387695,18.076237678527832,1,2,1.0,1.0,1.0
hf_github_codereview,51e05b6234fbea41,1.0,1.0,1.0,1.0,1.0,1.0,0.0,19.176952362060547,19.176952362060547,1,1,1.0,1.0,1.0
hf_github_codereview,4fa406908107a901,1.0,1.0,1.0,1.0,1.0,1.0,0.0,19.220754623413086,19.220754623413086,1,1,1.0,1.0,1.0
hf_github_codereview,623872437a4e229f,1.0,1.0,1.0,1.0,1.0,1.0,0.0,19.2294979095459,19.2294979095459,1,1,1.0,1.0,1.0
hf_github_codereview,eb526b16c12db93c,1.0,1.0,1.0,1.0,1.0,1.0,0.0,19.2294979095459,19.2294979095459,1,1,1.0,1.0,1.0
hf_github_codereview,e454b956cfe921f6,1.0,1.0,1.0,1.0,1.0,1.0,0.0,19.2294979095459,19.2294979095459,1,1,1.0,1.0,1.0
hf_github_codereview,1b42827b0d4d471a,1.0,1.0,1.0,1.0,1.0,1.0,0.0,19.2294979095459,19.2294979095459,1,1,1.0,1.0,1.0
hf_github_codereview,5782972cb1992046,1.0,1.0,1.0,1.0,1.0,1.0,0.0,19.2294979095459,19.2294979095459,1,1,1.0,1.0,1.0
hf_github_codereview,8f7c420d8f69830f,1.0,1.0,1.0,1.0,1.0,1.0,0.0,19.2294979095459,19.2294979095459,1,1,1.0,1.0,1.0
hf_github_codereview,3bc56892b995eca2,1.0,1.0,1.0,1.0,1.0,1.0,0.0,19.2294979095459,19.2294979095459,1,1,1.0,1.0,1.0
hf_github_codereview,5977c4e3de7de98f,1.0,1.0,1.0,1.0,1.0,1.0,0.0,19.2294979095459,19.2294979095459,1,1,1.0,1.0,1.0
hf_github_codereview,59ff29fe225ef86c,1.0,1.0,1.0,1.0,1.0,1.0,0.0,19.2294979095459,19.2294979095459,1,1,1.0,1.0,1.0
hf_github_codereview,0aa133d668c110ad,1.0,1.0,1.0,1.0,1.0,1.0,0.0,19.2294979095459,19.2294979095459,1,1,1.0,1.0,1.0
hf_github_codereview,ed9347abad319069,1.0,1.0,1.0,1.0,1.0,1.0,0.0,19.2294979095459,19.2294979095459,1,1,1.0,1.0,1.0
hf_github_codereview,44483e5a0ed5b621,1.0,1.0,1.0,1.0,1.0,1.0,0.0,19.2294979095459,19.2294979095459,1,1,1.0,1.0,1.0
hf_github_codereview,8d278119fc357d35,1.0,1.0,1.0,1.0,1.0,1.0,0.0,19.115537643432617,19.115537643432617,1,1,1.0,1.0,1.0
hf_github_codereview,6bf4fdc41f3626b9,0.9887257814407349,0.9887257814407349,0.9887257814407349,0.9887257814407349,0.9887256622314453,0.9887257814407349,0.0,19.497037887573242,19.504770278930664,1,1,1.0,1.0,1.0
hf_github_codereview,a866772d57f9fefc,0.9739715456962585,0.9739715456962585,0.9739715456962585,0.9739715456962585,0.973971426486969,0.9739715456962585,0.0,19.52596092224121,19.504770278930664,1,1,1.0,1.0,1.0
hf_github_codereview,dc90eee385582567,0.9874100685119629,0.9874100685119629,0.9874100685119629,0.9874100685119629,0.9874100089073181,0.9874100685119629,0.0,19.1961727142334,19.504770278930664,1,1,1.0,1.0,1.0
hf_github_codereview,dbb77593da163357,0.9780305624008179,0.9780305624008179,0.9780305624008179,0.9780305624008179,0.9780303835868835,0.9780305624008179,0.0,19.3384952545166,19.504770278930664,1,1,1.0,1.0,1.0
hf_github_codereview,b478b0114b7b717b,0.986323356628418,0.986323356628418,0.986323356628418,0.986323356628418,0.986323356628418,0.986323356628418,0.0,19.476318359375,19.356491088867188,1,1,1.0,1.0,1.0
hf_github_codereview,830ccdef2a8b69dc,0.9947963356971741,0.9947963356971741,0.9947963356971741,0.9947963356971741,0.9947963953018188,0.9947963356971741,0.0,19.1961727142334,19.577289581298828,1,1,1.0,1.0,1.0
hf_github_codereview,11b90bc72b804db0,0.9821061491966248,0.9821061491966248,0.9821061491966248,0.9821061491966248,0.9821061491966248,0.9821061491966248,0.0,19.1961727142334,19.356491088867188,1,1,1.0,1.0,1.0
hf_github_codereview,b2335d0978cbd91d,0.9741829037666321,0.9741829037666321,0.9741829037666321,0.9741829037666321,0.9741829037666321,0.9741829037666321,0.0,19.52596092224121,19.356491088867188,1,1,1.0,1.0,1.0
hf_github_codereview,a54e386feb16181c,0.9865441918373108,0.9865441918373108,0.9865441918373108,0.9865441918373108,0.9865443110466003,0.9865441918373108,0.0,19.52596092224121,19.577289581298828,1,1,1.0,1.0,1.0
hf_github_codereview,05ba26bb49e11e71,0.9999996423721313,0.9999996423721313,0.9999996423721313,0.9999996423721313,0.9999998211860657,0.9999996423721313,0.0,18.605688095092773,18.605688095092773,1,1,1.0,1.0,1.0
hf_github_codereview,c380562766d7d5b0,1.0,1.0,1.0,1.0,1.0,1.0,0.0,18.570878982543945,18.570878982543945,1,1,1.0,1.0,1.0
hf_github_codereview,5cb486a390dd0539,0.9999999403953552,0.9999999403953552,0.9999999403953552,0.9999999403953552,1.0,0.9999999403953552,0.0,19.139944076538086,19.139944076538086,1,1,1.0,1.0,1.0
hf_github_codereview,eb2aff6c652f7dc8,0.9700703620910645,0.9666756093502045,0.006789505481719971,0.9666756093502045,0.9763574600219727,0.9700703620910645,0.0,18.58469009399414,19.114303588867188,1,2,1.0,1.0,1.0
hf_github_codereview,fa424fdd3b169ea1,0.9999998211860657,0.9999998211860657,0.9999998211860657,0.9999998211860657,1.0,0.9999998211860657,0.0,18.69716453552246,18.69716453552246,1,1,1.0,1.0,1.0
hf_github_codereview,78ae847b6016675b,0.9999998807907104,0.9999998807907104,0.9999998807907104,0.9999998807907104,1.0,0.9999998807907104,0.0,19.081541061401367,19.081541061401367,1,1,1.0,1.0,1.0
hf_github_codereview,9c9ed28d5a3be23c,0.9080518484115601,0.9080518484115601,0.9080518484115601,0.9080518484115601,0.9080518484115601,0.9080518484115601,0.0,19.370847702026367,19.00103187561035,1,1,1.0,1.0,1.0
hf_github_codereview,d698b5323c524d8a,1.0,0.9784232676029205,0.043153464794158936,0.9784232676029205,0.9891527891159058,1.0,0.0,18.46326446533203,18.85801601409912,1,2,1.0,1.0,1.0
hf_github_codereview,50438859f75d4a51,0.9732676148414612,0.9732676148414612,0.9732676148414612,0.9732676148414612,0.9732677936553955,0.9732676148414612,0.0,19.194612503051758,19.45157241821289,1,1,1.0,1.0,1.0
hf_github_codereview,88b933d51c80ba08,0.9985920786857605,0.9985920786857605,0.9985920786857605,0.9985920786857605,0.9985920786857605,0.9985920786857605,0.0,19.809450149536133,19.706897735595703,1,1,1.0,1.0,1.0
hf_github_codereview,e1dfed92000927c8,0.9999997615814209,0.9999997615814209,0.9999997615814209,0.9999997615814209,0.9999997615814209,0.9999997615814209,0.0,19.056699752807617,19.056699752807617,1,1,1.0,1.0,1.0
hf_github_codereview,fdfa3d8a0d5b16de,0.9910851120948792,0.9818198084831238,0.007816612720489502,0.9818198084831238,0.9924306869506836,0.9910851120948792,0.0,19.253164291381836,19.13869794209798,1,3,1.0,1.0,1.0
hf_github_codereview,adc978da92e8bafc,1.0,1.0,1.0,1.0,1.0,1.0,0.0,18.92637825012207,18.92637825012207,1,1,1.0,1.0,1.0
hf_github_codereview,50e622f07ba65551,0.9616020917892456,0.9616020917892456,0.9616020917892456,0.9616020917892456,0.9616022109985352,0.9616020917892456,0.0,18.671363830566406,18.723011016845703,1,1,1.0,1.0,1.0
hf_github_codereview,db021ba9e6e9cdec,0.9558684825897217,0.9558684825897217,0.9558684825897217,0.9558684825897217,0.9558684825897217,0.9558684825897217,0.0,19.278215408325195,18.818490982055664,1,1,1.0,1.0,1.0
hf_github_codereview,ba96684ae0cd14b3,0.9999997615814209,0.9804041683673859,0.03919118642807007,0.9804041683673859,0.9901536703109741,0.9999997615814209,0.0,18.66997718811035,18.636441230773926,1,2,1.0,1.0,1.0
hf_github_codereview,0fba7fe81be12fd2,1.0,0.9793520569801331,0.04129588603973389,0.9793520569801331,0.9896222352981567,1.0,0.0,18.72988510131836,19.379762649536133,1,2,1.0,1.0,1.0
hf_github_codereview,c348b51c89e4b252,0.9864249229431152,0.9837497174739838,0.0053504109382629395,0.9837497174739838,0.9900389909744263,0.9864249229431152,0.0,19.652843475341797,19.316861152648926,1,2,1.0,1.0,1.0
hf_github_codereview,479c1d9c9b5843d2,0.9999998211860657,0.9999998211860657,0.9999998211860657,0.9999998211860657,1.0,0.9999998211860657,0.0,18.982215881347656,18.982215881347656,1,1,1.0,1.0,1.0
hf_github_codereview,4a615fad9ebfe9f7,0.9853090047836304,0.9853090047836304,0.9853090047836304,0.9853090047836304,0.9853091239929199,0.9853090047836304,0.0,19.340147018432617,19.420045852661133,1,1,1.0,1.0,1.0
hf_github_codereview,37599b494b6a40cd,1.0,1.0,1.0,1.0,1.0,1.0,0.0,19.312389373779297,19.312389373779297,1,1,1.0,1.0,1.0
hf_github_codereview,e778bcb450cfb3c5,0.9706868529319763,0.9706868529319763,0.9706868529319763,0.9706868529319763,0.9706869721412659,0.9706868529319763,0.0,18.740461349487305,19.42782211303711,1,1,1.0,1.0,1.0
hf_github_codereview,21599aa7049e8f9a,0.9704954028129578,0.9704954028129578,0.9704954028129578,0.9704954028129578,0.9704954624176025,0.9704954028129578,0.0,18.857423782348633,19.42782211303711,1,1,1.0,1.0,1.0
hf_github_codereview,67b05fe93e9b5ff5,0.9837256669998169,0.9837256669998169,0.9837256669998169,0.9837256669998169,0.9837256669998169,0.9837256669998169,0.0,18.700279235839844,18.750667572021484,1,1,1.0,1.0,1.0
hf_github_codereview,8ad66a4c4af442e3,0.9862163066864014,0.9862163066864014,0.9862163066864014,0.9862163066864014,0.9862163662910461,0.9862163066864014,0.0,18.96683692932129,19.42782211303711,1,1,1.0,1.0,1.0
hf_github_codereview,69315ddc9eef0d8b,0.9626502990722656,0.9626502990722656,0.9626502990722656,0.9626502990722656,0.9626504182815552,0.9626502990722656,0.0,19.018760681152344,19.38062286376953,1,1,1.0,1.0,1.0
hf_github_codereview,97a5cc4ecd525a63,0.9917445182800293,0.9917445182800293,0.9917445182800293,0.9917445182800293,0.9917445182800293,0.9917445182800293,0.0,19.67754364013672,19.73441505432129,1,1,1.0,1.0,1.0
hf_github_codereview,102c7e9c48bc1ba8,1.0,1.0,1.0,1.0,1.0,1.0,0.0,18.771474838256836,18.771474838256836,1,1,1.0,1.0,1.0
hf_github_codereview,9bc7850418e2a338,0.9878802299499512,0.9438725908597311,0.048693180084228516,0.9438725908597311,0.9761985540390015,0.9878802299499512,0.0,19.34217071533203,18.93774350484212,1,3,1.0,1.0,1.0
hf_github_codereview,174e9e9f96df07a4,1.0,1.0,1.0,1.0,1.0,1.0,0.0,18.757850646972656,18.757850646972656,1,1,1.0,1.0,1.0
hf_github_codereview,eb8760ce8ccec3fc,0.9827992916107178,0.973588615655899,0.01842135190963745,0.973588615655899,0.9921784400939941,0.9827992916107178,0.0,19.142738342285156,19.131620407104492,1,2,1.0,1.0,1.0
hf_github_codereview,1139f05c331c9ca3,0.9068019986152649,0.9068019986152649,0.9068019986152649,0.9068019986152649,0.9068019986152649,0.9068019986152649,0.0,19.182645797729492,18.078609466552734,1,1,1.0,1.0,1.0
hf_github_codereview,5a6def6d4b2db1aa,0.9111269116401672,0.9111269116401672,0.9111269116401672,0.9111269116401672,0.9111269116401672,0.9111269116401672,0.0,18.936052322387695,18.379417419433594,1,1,1.0,1.0,1.0
hf_github_codereview,c56b40bc80015693,0.8923978805541992,0.8923978805541992,0.8923978805541992,0.8923978805541992,0.8923977613449097,0.8923978805541992,0.0,20.39078140258789,18.094362258911133,1,1,1.0,1.0,1.0
hf_github_codereview,37b4751e92b63ebc,0.9640942215919495,0.9625482261180878,0.0030919909477233887,0.9625482261180878,0.9694598913192749,0.9640942215919495,0.0,19.00966453552246,18.786664962768555,1,2,1.0,1.0,1.0
hf_github_codereview,1dfe8ef727cd861c,0.9999998211860657,0.9999998211860657,0.9999998211860657,0.9999998211860657,0.9999999403953552,0.9999998211860657,0.0,18.651569366455078,18.651569366455078,1,1,1.0,1.0,1.0
hf_github_codereview,234f2ea0d1a6b0d6,1.0,1.0,1.0,1.0,1.0,1.0,0.0,18.157487869262695,18.157487869262695,1,1,1.0,1.0,1.0
hf_github_codereview,f9ea9ec2424bca43,1.0,0.9830175638198853,0.03396487236022949,0.9830175638198853,0.9914724826812744,1.0,0.0,18.157487869262695,18.216421127319336,1,2,1.0,1.0,1.0
hf_github_codereview,476b92009d3c79d0,1.0,0.9830175638198853,0.03396487236022949,0.9830175638198853,0.9914724826812744,1.0,0.0,18.157487869262695,18.216421127319336,1,2,1.0,1.0,1.0
hf_github_codereview,018b6fd6c3a3e536,0.9999999403953552,0.9824611941973368,0.01865142583847046,0.9824611941973368,0.9899417757987976,0.9999999403953552,0.0,18.275354385375977,18.29202143351237,1,3,1.0,1.0,1.0
hf_github_codereview,abb87cbbd3aa30e2,1.0,0.9905428290367126,0.013235986232757568,0.9844159036874771,0.9935065507888794,1.0,0.0,18.157487869262695,18.284587860107422,1,4,1.0,1.0,1.0
hf_github_codereview,8e950b82392693cf,1.0,0.9887376626332601,0.015135526657104492,0.9859437793493271,0.9965888261795044,1.0,0.0,18.443222045898438,18.26614236831665,1,4,1.0,1.0,1.0
hf_github_codereview,36c4f0365188fd5d,1.0,0.9781301816304525,0.022437870502471924,0.9781301816304525,0.9906541705131531,1.0,0.0,18.188505172729492,18.441904703776043,1,3,1.0,1.0,1.0
hf_github_codereview,9413d72738e65f96,0.9776977300643921,0.9550480246543884,0.045299410820007324,0.9550480246543884,0.9771494269371033,0.9776977300643921,0.0,18.80803871154785,18.736207962036133,1,2,1.0,1.0,1.0
hf_github_codereview,c1aae4512e698818,0.8975502848625183,0.8975502848625183,0.8975502848625183,0.8975502848625183,0.8975502848625183,0.8975502848625183,0.0,18.640317916870117,18.213167190551758,1,1,1.0,1.0,1.0
hf_github_codereview,db49a2a3721cb927,0.9128946661949158,0.880418986082077,0.06495136022567749,0.880418986082077,0.8901447057723999,0.9128946661949158,0.0,19.57624053955078,18.346269607543945,1,2,1.0,1.0,1.0
hf_github_codereview,51043698622deead,0.9845049381256104,0.9387633800506592,0.09148311614990234,0.9387633800506592,0.9567960500717163,0.9845049381256104,0.0,18.574329376220703,18.777124404907227,1,2,1.0,1.0,1.0
hf_github_codereview,9805d86cb25a60e8,0.9007042646408081,0.9007042646408081,0.9007042646408081,0.9007042646408081,0.9007042646408081,0.9007042646408081,0.0,19.44905662536621,17.50189781188965,1,1,1.0,1.0,1.0
hf_github_codereview,1403ab485cbf5f7e,0.9478664398193359,0.9045377572377523,0.06134694814682007,0.9045377572377523,0.9276029467582703,0.9478664398193359,0.0,18.94831085205078,18.56281089782715,1,3,1.0,1.0,1.0
hf_github_codereview,f4f9d14eb1ffa38c,0.922027051448822,0.922027051448822,0.922027051448822,0.922027051448822,0.922027051448822,0.922027051448822,0.0,19.128908157348633,18.292861938476562,1,1,1.0,1.0,1.0
hf_github_codereview,f6965662bb2d9dbf,0.9099738001823425,0.9099738001823425,0.9099738001823425,0.9099738001823425,0.9099738597869873,0.9099738001823425,0.0,18.484716415405273,18.2470645904541,1,1,1.0,1.0,1.0
hf_github_codereview,05096db7f29dd19a,0.9110288619995117,0.9110288619995117,0.9110288619995117,0.9110288619995117,0.9110287427902222,0.9110288619995117,0.0,19.220613479614258,19.0598201751709,1,1,1.0,1.0,1.0
hf_github_codereview,99642a20c30fbe04,0.9881080389022827,0.9881080389022827,0.9881080389022827,0.9881080389022827,0.9881080389022827,0.9881080389022827,0.0,18.33653450012207,18.646137237548828,1,1,1.0,1.0,1.0
hf_github_codereview,6cbfa83dff367302,0.9695547819137573,0.9509467780590057,0.037216007709503174,0.9509467780590057,0.9638774394989014,0.9695547819137573,0.0,18.69083023071289,19.028034210205078,1,2,1.0,1.0,1.0
hf_github_codereview,1de5ea5fe25c5b4b,1.0,1.0,1.0,1.0,1.0,1.0,0.0,19.431045532226562,19.431045532226562,1,1,1.0,1.0,1.0
hf_github_codereview,f61701b2831ed0a5,1.0,1.0,1.0,1.0,1.0,1.0,0.0,19.038129806518555,19.038129806518555,1,1,1.0,1.0,1.0
hf_github_codereview,e4b15abff8320f5c,0.9999999403953552,0.9565859436988831,0.08682799339294434,0.9565859436988831,0.9780521392822266,0.9999999403953552,0.0,19.1035099029541,18.965128898620605,1,2,1.0,1.0,1.0
hf_github_codereview,17692fccbe41edc4,0.919387698173523,0.9109818935394287,0.016811609268188477,0.9109818935394287,0.9199360013008118,0.919387698173523,0.0,18.3535099029541,19.065072059631348,1,2,1.0,1.0,1.0
hf_github_codereview,743573fcc07abef1,0.9756123423576355,0.9665979941685995,0.0017800331115722656,0.9665979941685995,0.9782212972640991,0.9756123423576355,0.0,18.985431671142578,19.197946548461914,1,3,1.0,1.0,1.0
hf_github_codereview,457dffc1dd1e8ba2,0.9917432069778442,0.9457550644874573,0.09197628498077393,0.9457550644874573,0.9698777198791504,0.9917432069778442,0.0,19.527050018310547,19.16409683227539,1,2,1.0,1.0,1.0
hf_github_codereview,06541eab45e2fd73,0.9802885055541992,0.9780626098314921,0.0011944770812988281,0.9780626098314921,0.9791134595870972,0.9802885055541992,0.0,19.210750579833984,19.136802037556965,1,3,1.0,1.0,1.0
hf_github_codereview,a2846ef378d61964,0.9055479168891907,0.8635616600513458,0.0839725136756897,0.8635616600513458,0.8762367963790894,0.9055479168891907,0.0,18.40947723388672,18.46034526824951,1,2,1.0,1.0,1.0
hf_github_codereview,5da612541b8e21ec,0.9821339845657349,0.9821339845657349,0.9821339845657349,0.9821339845657349,0.9821339845657349,0.9821339845657349,0.0,18.91096305847168,18.835979461669922,1,1,1.0,1.0,1.0
hf_github_codereview,a84307a83e3ac7df,0.9397983551025391,0.9397983551025391,0.9397983551025391,0.9397983551025391,0.9397983551025391,0.9397983551025391,0.0,18.516376495361328,17.589689254760742,1,1,1.0,1.0,1.0
hf_github_codereview,10efb1d1e549d1b3,1.0,0.9869993627071381,0.026001274585723877,0.9869993627071381,0.9934784770011902,1.0,0.0,18.761157989501953,18.92704677581787,1,2,1.0,1.0,1.0
hf_github_codereview,97780c370a78ee1b,0.9384745359420776,0.9371557235717773,0.002637624740600586,0.9371557235717773,0.9593551158905029,0.9384745359420776,0.0,18.440460205078125,18.666107177734375,1,2,1.0,1.0,1.0
hf_github_codereview,0c1ad064e3fb75f1,0.8075923919677734,0.8075923919677734,0.8075923919677734,0.8075923919677734,0.8075923919677734,0.8075923919677734,0.0,18.438180923461914,18.962284088134766,1,1,1.0,1.0,1.0
hf_github_codereview,77fb322905da062e,0.9874352812767029,0.9649411837259928,0.008117139339447021,0.9649411837259928,0.9858816266059875,0.9874352812767029,0.0,18.631072998046875,18.62665557861328,1,3,1.0,1.0,1.0
hf_github_codereview,b8c146b62ce19407,0.9874352812767029,0.9645547866821289,0.008117139339447021,0.9645547866821289,0.9888505339622498,0.9874352812767029,0.0,18.631072998046875,18.987873713175457,1,3,1.0,1.0,1.0
hf_github_codereview,8a314d842f36353e,0.9855145215988159,0.9737271865208944,0.011275529861450195,0.9737271865208944,0.9891380667686462,0.9855145215988159,0.0,18.850872039794922,18.80101776123047,1,3,1.0,1.0,1.0
hf_github_codereview,ef97f6591aaef97b,0.9999998807907104,0.99012690782547,0.019745945930480957,0.99012690782547,0.9950511455535889,0.9999998807907104,0.0,18.835979461669922,18.854904174804688,1,2,1.0,1.0,1.0
hf_github_codereview,36834a4612114958,0.9902036190032959,0.9902036190032959,0.9902036190032959,0.9902036190032959,0.9902036190032959,0.9902036190032959,0.0,18.746906280517578,18.97927474975586,1,1,1.0,1.0,1.0
hf_github_codereview,51116923dc9d4fd5,1.0,0.9827819665273031,0.011843204498291016,0.9827819665273031,0.9922137260437012,1.0,0.0,18.518550872802734,19.110581080118816,1,3,1.0,1.0,1.0
hf_github_codereview,f0e1f19c748bb2e4,0.96054607629776,0.9522383014361063,0.008867800235748291,0.9522383014361063,0.961014449596405,0.96054607629776,0.0,18.49933433532715,18.842154184977215,1,3,1.0,1.0,1.0
hf_github_codereview,3ffa2aedbd23710b,0.9999998807907104,0.9635767936706543,0.0728461742401123,0.9635767936706543,0.9816194772720337,0.9999998807907104,0.0,18.570106506347656,18.17081069946289,1,2,1.0,1.0,1.0
hf_github_codereview,2c21bb0f9b656968,0.9999998807907104,0.9999998807907104,0.9999998807907104,0.9999998807907104,0.9999999403953552,0.9999998807907104,0.0,18.31096839904785,18.31096839904785,1,1,1.0,1.0,1.0
hf_github_codereview,c4bbd337f11698cc,0.9274215698242188,0.9274215698242188,0.9274215698242188,0.9274215698242188,0.9274215698242188,0.9274215698242188,0.0,20.0093994140625,18.567140579223633,1,1,1.0,1.0,1.0
hf_github_codereview,12d52bfe9cb0d749,1.0,1.0,1.0,1.0,1.0,1.0,0.0,17.959171295166016,17.959171295166016,1,1,1.0,1.0,1.0
hf_github_codereview,b4028cf033fee766,0.9885929226875305,0.980607807636261,0.015970230102539062,0.980607807636261,0.9884328842163086,0.9885929226875305,0.0,19.01569938659668,19.055277824401855,1,2,1.0,1.0,1.0
hf_github_codereview,8f98d02ab53e52de,0.9973515272140503,0.9801798164844513,0.034343421459198,0.9801798164844513,0.9880017042160034,0.9973515272140503,0.0,19.167722702026367,19.055277824401855,1,2,1.0,1.0,1.0
hf_github_codereview,f97316fa0a230ce1,0.9748786687850952,0.9648475646972656,0.02006220817565918,0.9648475646972656,0.9735190868377686,0.9748786687850952,0.0,19.081510543823242,18.8654842376709,1,2,1.0,1.0,1.0
hf_github_codereview,dcc9a7bd3146d7d3,0.988651692867279,0.9307255148887634,0.11585235595703125,0.9307255148887634,0.9548345804214478,0.988651692867279,0.0,18.51129722595215,19.263800621032715,1,2,1.0,1.0,1.0
hf_github_codereview,c816db505e6033ff,0.9749459624290466,0.9613837599754333,0.027124404907226562,0.9613837599754333,0.9799846410751343,0.9749459624290466,0.0,18.708547592163086,18.73641014099121,1,2,1.0,1.0,1.0
hf_github_codereview,a224b7073e8efa91,0.9999997615814209,0.9999997615814209,0.9999997615814209,0.9999997615814209,0.9999998807907104,0.9999997615814209,0.0,19.089160919189453,19.089160919189453,1,1,1.0,1.0,1.0
hf_github_codereview,38b3c67a94d56ed9,1.0,1.0,1.0,1.0,1.0,1.0,0.0,19.518585205078125,19.518585205078125,1,1,1.0,1.0,1.0
hf_github_codereview,5183c38449f63e56,1.0,1.0,1.0,1.0,1.0,1.0,0.0,19.542882919311523,19.542882919311523,1,1,1.0,1.0,1.0
hf_github_codereview,6394afd91e3b0e9a,0.9999998807907104,0.9999998807907104,0.9999998807907104,0.9999998807907104,0.9999999403953552,0.9999998807907104,0.0,19.213346481323242,19.213346481323242,1,1,1.0,1.0,1.0
hf_github_codereview,255f40293948ac73,0.912685751914978,0.9110392928123474,0.0032929182052612305,0.9110392928123474,0.9187636375427246,0.912685751914978,0.0,18.680055618286133,19.236937522888184,1,2,1.0,1.0,1.0
hf_github_codereview,14a08dad6e4bc4f3,0.9419891834259033,0.9361645579338074,0.011649250984191895,0.9361645579338074,0.9453893899917603,0.9419891834259033,0.0,18.302623748779297,19.195327758789062,1,2,1.0,1.0,1.0
hf_github_codereview,217564a08f087349,0.9938098788261414,0.9938098788261414,0.9938098788261414,0.9938098788261414,0.9938099980354309,0.9938098788261414,0.0,19.154041290283203,19.419052124023438,1,1,1.0,1.0,1.0
hf_github_codereview,abb0a03cb66230e2,0.9876798987388611,0.9803312718868256,0.014697253704071045,0.9803312718868256,0.9897445440292358,0.9876798987388611,0.0,19.116281509399414,18.96469783782959,1,2,1.0,1.0,1.0
hf_github_codereview,ed8c7714231bb98d,0.9996157884597778,0.9996157884597778,0.9996157884597778,0.9996157884597778,0.9996159076690674,0.9996157884597778,0.0,18.783344268798828,18.802936553955078,1,1,1.0,1.0,1.0
hf_github_codereview,6e859c8e697ac95a,0.9402077794075012,0.9397185444831848,0.0009784698486328125,0.9397185444831848,0.9681640267372131,0.9402077794075012,0.0,18.534116744995117,18.558448791503906,1,2,1.0,1.0,1.0
hf_github_codereview,514aae8fcfa529da,0.9529464840888977,0.9529464840888977,0.9529464840888977,0.9529464840888977,0.9529464840888977,0.9529464840888977,0.0,19.69565773010254,19.778474807739258,1,1,1.0,1.0,1.0
hf_github_codereview,bfa5a4c0f26a5452,1.0,1.0,1.0,1.0,1.0,1.0,0.0,19.034805297851562,19.034805297851562,1,1,1.0,1.0,1.0
hf_github_codereview,f5913a492fc528a7,0.9632756114006042,0.9632756114006042,0.9632756114006042,0.9632756114006042,0.9632756114006042,0.9632756114006042,0.0,19.770061492919922,19.4925594329834,1,1,1.0,1.0,1.0
hf_github_codereview,c19ec4c0c9b63008,0.9632756114006042,0.9632756114006042,0.9632756114006042,0.9632756114006042,0.9632756114006042,0.9632756114006042,0.0,19.770061492919922,19.4925594329834,1,1,1.0,1.0,1.0
hf_github_codereview,2a6b131390727ae9,0.9568800926208496,0.9400765895843506,0.03360700607299805,0.9400765895843506,0.9520518183708191,0.9568800926208496,0.0,19.159873962402344,19.16595458984375,1,2,1.0,1.0,1.0
hf_github_codereview,6c591b9753aa709d,0.8531464338302612,0.8531464338302612,0.8531464338302612,0.8531464338302612,0.8531464338302612,0.8531464338302612,0.0,17.982770919799805,18.26679039001465,1,1,1.0,1.0,1.0
hf_github_codereview,7eadf3fa1c5ccd5f,0.9082372188568115,0.9082372188568115,0.9082372188568115,0.9082372188568115,0.9082372784614563,0.9082372188568115,0.0,19.214418411254883,18.167268753051758,1,1,1.0,1.0,1.0
hf_github_codereview,8b310aa981054587,0.910483717918396,0.8860862553119659,0.04879492521286011,0.8860862553119659,0.8948502540588379,0.910483717918396,0.0,19.047883987426758,18.433476448059082,1,2,1.0,1.0,1.0
hf_github_codereview,f3dd826155219a48,0.9966013431549072,0.9802620013554891,0.008116960525512695,0.9802620013554891,0.9915654063224792,0.9966013431549072,0.0,18.690933227539062,18.95825131734212,1,3,1.0,1.0,1.0
hf_github_codereview,43733e227d47148e,1.0,0.9711529910564423,0.05769401788711548,0.9711529910564423,0.9854710102081299,1.0,0.0,18.503969192504883,18.74864959716797,1,2,1.0,1.0,1.0
hf_github_codereview,2da0c28cb5dd0803,1.0,1.0,1.0,1.0,1.0,1.0,0.0,19.379356384277344,19.379356384277344,1,1,1.0,1.0,1.0
hf_github_codereview,fb579daf70112138,0.9938066601753235,0.9938066601753235,0.9938066601753235,0.9938066601753235,0.9938067197799683,0.9938066601753235,0.0,18.802949905395508,18.747745513916016,1,1,1.0,1.0,1.0
hf_github_codereview,9758e1bb823c479b,0.9779659509658813,0.9779659509658813,0.9779659509658813,0.9779659509658813,0.9779660701751709,0.9779659509658813,0.0,18.76609992980957,18.883331298828125,1,1,1.0,1.0,1.0
hf_github_codereview,9ad0ae780c07c9e4,0.9725781679153442,0.9725781679153442,0.9725781679153442,0.9725781679153442,0.972578227519989,0.9725781679153442,0.0,19.08092498779297,18.883331298828125,1,1,1.0,1.0,1.0
hf_github_codereview,000554a49a94343b,0.9529056549072266,0.9529056549072266,0.9529056549072266,0.9529056549072266,0.9529056549072266,0.9529056549072266,0.0,19.267507553100586,18.288387298583984,1,1,1.0,1.0,1.0
hf_github_codereview,188a28d8c02a7ec5,1.0,0.9956057965755463,0.00878840684890747,0.9956057965755463,0.9978004693984985,1.0,0.0,19.249727249145508,19.22703266143799,1,2,1.0,1.0,1.0
hf_github_codereview,3d041991b31fca82,0.9963347315788269,0.995465487241745,0.0017384886741638184,0.995465487241745,0.9976599216461182,0.9963347315788269,0.0,19.23659896850586,19.22703266143799,1,2,1.0,1.0,1.0
hf_github_codereview,280d789c323ff6da,1.0,1.0,1.0,1.0,1.0,1.0,0.0,19.249727249145508,19.249727249145508,1,1,1.0,1.0,1.0
hf_github_codereview,e05c44cbeca8824e,0.9863235950469971,0.949252704779307,0.05368852615356445,0.949252704779307,0.9582286477088928,0.9863235950469971,0.0,18.652324676513672,18.293521245320637,1,3,1.0,1.0,1.0
hf_github_codereview,c6162aae7238cbbb,0.9577459096908569,0.9577459096908569,0.9577459096908569,0.9577459096908569,0.9577459096908569,0.9577459096908569,0.0,18.820037841796875,18.405916213989258,1,1,1.0,1.0,1.0
hf_github_codereview,4e14496d5c9dfd5f,0.9559588432312012,0.9361750185489655,0.039567649364471436,0.9361750185489655,0.9494589567184448,0.9559588432312012,0.0,19.214956283569336,18.97989273071289,1,2,1.0,1.0,1.0
hf_github_codereview,103fa7b37105938b,0.9969225525856018,0.958211362361908,0.03687995672225952,0.958211362361908,0.9822748899459839,0.9969225525856018,0.0,19.0625057220459,18.716124216715496,1,3,1.0,1.0,1.0
hf_github_codereview,c4e2efcd2b14555e,1.0,0.9777750968933105,0.044449806213378906,0.9777750968933105,0.988825261592865,1.0,0.0,18.53965950012207,18.544111251831055,1,2,1.0,1.0,1.0
hf_github_codereview,0ab37c3bbc571200,0.9264393448829651,0.8988904356956482,0.05509781837463379,0.8988904356956482,0.9242575168609619,0.9264393448829651,0.0,18.603242874145508,18.662827491760254,1,2,1.0,1.0,1.0
hf_github_codereview,4f3a616f71ade3db,0.9648973941802979,0.9606368243694305,0.00852113962173462,0.9606368243694305,0.9752798676490784,0.9648973941802979,0.0,18.473493576049805,19.128721237182617,1,2,1.0,1.0,1.0
hf_github_codereview,7c0dfb92bff1782b,0.9445496797561646,0.9445496797561646,0.9445496797561646,0.9445496797561646,0.9445496797561646,0.9445496797561646,0.0,18.79616928100586,19.45649528503418,1,1,1.0,1.0,1.0
hf_github_codereview,d6b11f5bef1abb2c,0.9996199607849121,0.9996199607849121,0.9996199607849121,0.9996199607849121,0.9996199607849121,0.9996199607849121,0.0,18.918973922729492,18.98737907409668,1,1,1.0,1.0,1.0
hf_github_codereview,bbfdbd636fe901ed,0.907218337059021,0.907218337059021,0.907218337059021,0.907218337059021,0.907218337059021,0.907218337059021,0.0,18.791332244873047,18.98737907409668,1,1,1.0,1.0,1.0
hf_github_codereview,1b81a8986c3eadfe,0.9112693071365356,0.9112693071365356,0.9112693071365356,0.9112693071365356,0.9112694263458252,0.9112693071365356,0.0,19.676136016845703,17.889005661010742,1,1,1.0,1.0,1.0
hf_github_codereview,30786d01d65ff932,0.9066498875617981,0.9066498875617981,0.9066498875617981,0.9066498875617981,0.9066498875617981,0.9066498875617981,0.0,19.676136016845703,17.894678115844727,1,1,1.0,1.0,1.0
hf_github_codereview,e11029693b000304,0.9653162956237793,0.9653162956237793,0.9653162956237793,0.9653162956237793,0.9653164148330688,0.9653162956237793,0.0,19.278011322021484,19.517683029174805,1,1,1.0,1.0,1.0
hf_github_codereview,ffcf395dac0c35e0,0.9934359192848206,0.9934359192848206,0.9934359192848206,0.9934359192848206,0.9934359192848206,0.9934359192848206,0.0,19.742923736572266,19.90679168701172,1,1,1.0,1.0,1.0
hf_github_codereview,4aba7b8c0d74dba1,0.9712799787521362,0.9482510983943939,0.04605776071548462,0.9482510983943939,0.9558832049369812,0.9712799787521362,0.0,19.504459381103516,18.9069242477417,1,2,1.0,1.0,1.0
hf_github_codereview,8abdc533a573218e,0.9943822622299194,0.9943822622299194,0.9943822622299194,0.9943822622299194,0.9943821430206299,0.9943822622299194,0.0,20.22551155090332,20.177841186523438,1,1,1.0,1.0,1.0
hf_github_codereview,1e8019877e457813,0.9907107949256897,0.9816682934761047,0.007871687412261963,0.9816682934761047,0.9877579212188721,0.9907107949256897,0.0,19.627229690551758,19.324970881144207,1,3,1.0,1.0,1.0
hf_github_codereview,eb4a5baf3b952281,0.9763312339782715,0.9657905101776123,0.02108144760131836,0.9657905101776123,0.9780086278915405,0.9763312339782715,0.0,18.99928855895996,19.328068733215332,1,2,1.0,1.0,1.0
hf_github_codereview,74662f3e39d9fca3,0.9700304865837097,0.9515796899795532,0.03690159320831299,0.9515796899795532,0.9811996221542358,0.9700304865837097,0.0,19.395753860473633,18.68989658355713,1,2,1.0,1.0,1.0
hf_github_codereview,2f0b899a8ce2a984,0.9660033583641052,0.9479643702507019,0.03607797622680664,0.9479643702507019,0.9774717688560486,0.9660033583641052,0.0,18.99928855895996,18.68989658355713,1,2,1.0,1.0,1.0
hf_github_codereview,1807e27b63ae1a9b,0.9793453812599182,0.9722075760364532,0.014275610446929932,0.9722075760364532,0.9845068454742432,0.9793453812599182,0.0,19.395753860473633,19.328068733215332,1,2,1.0,1.0,1.0
hf_github_codereview,f834b78296bbd7a2,0.9435451626777649,0.9377262592315674,0.01163780689239502,0.9377262592315674,0.9460543394088745,0.9435451626777649,0.0,19.481693267822266,19.462621688842773,1,2,1.0,1.0,1.0
hf_github_codereview,5c7f48ea96c899a5,0.9794691801071167,0.8704898655414581,0.21795862913131714,0.8704898655414581,0.9315990209579468,0.9794691801071167,0.0,19.572324752807617,18.373032569885254,1,2,1.0,1.0,0.5
hf_github_codereview,7a8c377647138c55,0.9837818145751953,0.9837818145751953,0.9837818145751953,0.9837818145751953,0.9837818145751953,0.9837818145751953,0.0,19.572324752807617,19.468273162841797,1,1,1.0,1.0,1.0
hf_github_codereview,f89033731dd40557,0.9676116108894348,0.9676116108894348,0.9676116108894348,0.9676116108894348,0.9676116704940796,0.9676116108894348,0.0,19.17975425720215,19.304407119750977,1,1,1.0,1.0,1.0
hf_github_codereview,318c5929620a64f7,0.9572679400444031,0.9572679400444031,0.9572679400444031,0.9572679400444031,0.9572680592536926,0.9572679400444031,0.0,19.97738265991211,18.28990936279297,1,1,1.0,1.0,1.0
hf_github_codereview,a6e1d0d5a30bb211,0.9943796396255493,0.983718991279602,0.02132129669189453,0.983718991279602,0.9916010499000549,0.9943796396255493,0.0,19.463672637939453,19.650521278381348,1,2,1.0,1.0,1.0
hf_github_codereview,d17bd0754aa7dc66,0.9804447293281555,0.9804447293281555,0.9804447293281555,0.9804447293281555,0.9804447293281555,0.9804447293281555,0.0,19.750410079956055,19.541982650756836,1,1,1.0,1.0,1.0
hf_github_codereview,a1ebbe2f91bf134d,0.9825460910797119,0.9664771358172098,0.005393862724304199,0.9664771358172098,0.9871658682823181,0.9825460910797119,0.0,19.4139404296875,19.102521260579426,1,3,1.0,1.0,1.0
hf_github_codereview,a987b27bfc3f7ac4,0.9449754953384399,0.8977749049663544,0.09440118074417114,0.8977749049663544,0.9150656461715698,0.9449754953384399,0.0,19.055818557739258,19.381685256958008,1,2,1.0,1.0,1.0
hf_github_codereview,afa24ad297d19b8b,1.0,1.0,1.0,1.0,1.0,1.0,0.0,19.314035415649414,19.314035415649414,1,1,1.0,1.0,1.0
hf_github_codereview,7081598878cfea42,0.9649652242660522,0.9649652242660522,0.9649652242660522,0.9649652242660522,0.9649652242660522,0.9649652242660522,0.0,18.767221450805664,18.78740692138672,1,1,1.0,1.0,1.0
hf_github_codereview,338221fb7780396c,0.9826820492744446,0.9741279184818268,0.017108261585235596,0.9741279184818268,0.983967125415802,0.9826820492744446,0.0,19.721630096435547,19.18109893798828,1,2,1.0,1.0,1.0
hf_github_codereview,31d3c30399fce3f4,0.9920771718025208,0.9816116392612457,0.02093106508255005,0.9816116392612457,0.9875710606575012,0.9920771718025208,0.0,18.366092681884766,18.469707489013672,1,2,1.0,1.0,1.0
hf_github_codereview,74f3a68edf2d7546,0.9595453143119812,0.9493936002254486,0.020303428173065186,0.9493936002254486,0.9551572799682617,0.9595453143119812,0.0,18.702762603759766,18.469707489013672,1,2,1.0,1.0,1.0
hf_github_codereview,bd97995a0a35af31,0.9741313457489014,0.9741313457489014,0.9741313457489014,0.9741313457489014,0.9741313457489014,0.9741313457489014,0.0,18.120433807373047,18.54202651977539,1,1,1.0,1.0,1.0
hf_github_codereview,d832bd6b2ac565d6,0.9849348664283752,0.9849348664283752,0.9849348664283752,0.9849348664283752,0.9849348664283752,0.9849348664283752,0.0,19.053804397583008,18.54202651977539,1,1,1.0,1.0,1.0
hf_github_codereview,e8f87fbaa685f7e7,0.9685893058776855,0.9685893058776855,0.9685893058776855,0.9685893058776855,0.9685893654823303,0.9685893058776855,0.0,19.279468536376953,19.378578186035156,1,1,1.0,1.0,1.0
hf_github_codereview,365187bde43df51c,0.9912093877792358,0.9845977425575256,0.01322329044342041,0.9845977425575256,0.9921622276306152,0.9912093877792358,0.0,19.938982009887695,19.584720611572266,1,2,1.0,1.0,1.0
hf_github_codereview,1a32e296f9ba60c4,0.9787557721138,0.9695312976837158,0.0030808448791503906,0.9695312976837158,0.98676598072052,0.9787557721138,0.0,19.21307945251465,18.968673706054688,1,3,1.0,1.0,1.0
hf_github_codereview,9abda997f47b2a1f,0.9787557721138,0.9695312976837158,0.0030808448791503906,0.9695312976837158,0.98676598072052,0.9787557721138,0.0,19.21307945251465,18.968673706054688,1,3,1.0,1.0,1.0
hf_github_codereview,fff4e815a50146de,1.0,1.0,1.0,1.0,1.0,1.0,0.0,19.627460479736328,19.627460479736328,1,1,1.0,1.0,1.0
hf_github_codereview,462c219537cdf024,1.0,1.0,1.0,1.0,1.0,1.0,0.0,19.624120712280273,19.624120712280273,1,1,1.0,1.0,1.0
hf_github_codereview,a90f2ff7d7a712c5,1.0,1.0,1.0,1.0,1.0,1.0,0.0,19.602087020874023,19.602087020874023,1,1,1.0,1.0,1.0
hf_github_codereview,11a8a4291c7bba9a,0.9765896797180176,0.9188251495361328,0.11552906036376953,0.9188251495361328,0.9702990651130676,0.9765896797180176,0.0,19.256397247314453,18.229084968566895,1,2,1.0,1.0,1.0
hf_github_codereview,0c1799b2d3537207,0.9999997019767761,0.966206818819046,0.0675857663154602,0.966206818819046,0.9829583168029785,0.9999997019767761,0.0,18.253488540649414,18.852739334106445,1,2,1.0,1.0,1.0
hf_github_codereview,bb453b6e5f0e5d52,1.0,0.976459413766861,0.047081172466278076,0.976459413766861,0.9881595373153687,1.0,0.0,19.135847091674805,19.42307949066162,1,2,1.0,1.0,1.0
hf_github_codereview,7b8496c0ae41bb14,1.0,1.0,1.0,1.0,1.0,1.0,0.0,19.168933868408203,19.168933868408203,1,1,1.0,1.0,1.0
hf_github_codereview,63608038fec6e84d,0.9999997019767761,0.9999997019767761,0.9999997019767761,0.9999997019767761,0.9999998807907104,0.9999997019767761,0.0,18.253488540649414,18.253488540649414,1,1,1.0,1.0,1.0
hf_github_codereview,edb591eecadf108b,0.9999997019767761,0.9999997019767761,0.9999997019767761,0.9999997019767761,0.9999998807907104,0.9999997019767761,0.0,18.253488540649414,18.253488540649414,1,1,1.0,1.0,1.0
hf_github_codereview,b3b066b724ce7905,0.9999996423721313,0.9792211949825287,0.04155689477920532,0.9792211949825287,0.989556074142456,0.9999996423721313,0.0,19.18129539489746,18.84724998474121,1,2,1.0,1.0,1.0
hf_github_codereview,f3b41f5b0de3b039,0.9999997019767761,0.9725099802017212,0.0409122109413147,0.9725099802017212,0.9816774725914001,0.9999997019767761,0.0,18.51320457458496,18.942975362141926,1,3,1.0,1.0,1.0
hf_github_codereview,5c676c631210c075,0.9999998807907104,0.9795436859130859,0.04091238975524902,0.9795436859130859,0.9897190928459167,0.9999998807907104,0.0,19.13442611694336,18.82381534576416,1,2,1.0,1.0,1.0
hf_github_codereview,543901c5e7844404,1.0,1.0,1.0,1.0,1.0,1.0,0.0,20.07292938232422,20.07292938232422,1,1,1.0,1.0,1.0
hf_github_codereview,74f730920bb97603,0.974261999130249,0.974261999130249,0.974261999130249,0.974261999130249,0.974261999130249,0.974261999130249,0.0,18.98740005493164,19.212207794189453,1,1,1.0,1.0,1.0
hf_github_codereview,bd82c8edb036c521,0.9813582897186279,0.972671627998352,0.017373323440551758,0.972671627998352,0.9825093746185303,0.9813582897186279,0.0,19.55040168762207,19.445613861083984,1,2,1.0,1.0,1.0
hf_github_codereview,cf9dd3c4a2064169,0.9983029961585999,0.9768159687519073,0.04297405481338501,0.9768159687519073,0.9873793125152588,0.9983029961585999,0.0,19.094928741455078,19.493728637695312,1,2,1.0,1.0,1.0
hf_github_codereview,28b435502e9be932,0.9988828897476196,0.9765390555063883,0.03189218044281006,0.9765390555063883,0.9884753823280334,0.9988828897476196,0.0,19.339462280273438,19.25470225016276,1,3,1.0,1.0,1.0
hf_github_codereview,01c099e68db32f69,1.0,0.9507519602775574,0.09849607944488525,0.9507519602775574,0.9750651121139526,1.0,0.0,17.9423770904541,18.771770477294922,1,2,1.0,1.0,1.0
hf_github_codereview,64e2ead756d052a2,0.97728431224823,0.97728431224823,0.97728431224823,0.97728431224823,0.97728431224823,0.97728431224823,0.0,19.952457427978516,19.464384078979492,1,1,1.0,1.0,1.0
hf_github_codereview,0a8465736ab96d28,0.9991715550422668,0.9903519451618195,0.017639219760894775,0.9903519451618195,0.9951069355010986,0.9991715550422668,0.0,19.395828247070312,19.38459873199463,1,2,1.0,1.0,1.0
hf_github_codereview,7cbea71e5939de92,0.9949628114700317,0.9949628114700317,0.9949628114700317,0.9949628114700317,0.9949628710746765,0.9949628114700317,0.0,19.306838989257812,19.374746322631836,1,1,1.0,1.0,1.0
hf_github_codereview,d2b85f607ed31b0f,0.9792602062225342,0.9792602062225342,0.9792602062225342,0.9792602062225342,0.9792603254318237,0.9792602062225342,0.0,18.37948226928711,19.18174171447754,1,1,1.0,1.0,1.0
hf_github_codereview,eda17a6b86a26708,0.9828423261642456,0.9828423261642456,0.9828423261642456,0.9828423261642456,0.9828424453735352,0.9828423261642456,0.0,18.784332275390625,18.586597442626953,1,1,1.0,1.0,1.0
hf_github_codereview,f20b4e0d6302b09f,0.9896558523178101,0.9896558523178101,0.9896558523178101,0.9896558523178101,0.9896559715270996,0.9896558523178101,0.0,19.65045738220215,19.78469467163086,1,1,1.0,1.0,1.0
hf_github_codereview,20b87ca028f4b32a,0.9951186776161194,0.9881153702735901,0.014006614685058594,0.9881153702735901,0.9939964413642883,0.9951186776161194,0.0,19.250511169433594,19.412392616271973,1,2,1.0,1.0,1.0
hf_github_codereview,e2c68428de084a8f,0.9999998807907104,0.9999998807907104,0.9999998807907104,0.9999998807907104,1.0,0.9999998807907104,0.0,18.955907821655273,18.955907821655273,1,1,1.0,1.0,1.0
hf_github_codereview,865a324977c27716,0.9899962544441223,0.9899962544441223,0.9899962544441223,0.9899962544441223,0.989996075630188,0.9899962544441223,0.0,19.510387420654297,19.42226791381836,1,1,1.0,1.0,1.0
hf_github_codereview,78e9983514c4c3c6,0.9818953275680542,0.9688581228256226,0.02607440948486328,0.9688581228256226,0.9819855093955994,0.9818953275680542,0.0,19.5300350189209,19.6437406539917,1,2,1.0,1.0,1.0
hf_github_codereview,898122cba217b53d,0.9703023433685303,0.9703023433685303,0.9703023433685303,0.9703023433685303,0.9703024625778198,0.9703023433685303,0.0,19.110013961791992,19.378969192504883,1,1,1.0,1.0,1.0
hf_github_codereview,d07970e7d6c7bf49,0.9941151142120361,0.9941151142120361,0.9941151142120361,0.9941151142120361,0.9941151738166809,0.9941151142120361,0.0,19.066930770874023,19.378969192504883,1,1,1.0,1.0,1.0
hf_github_codereview,b4088f46444213fb,0.9853248596191406,0.9746447503566742,0.02136021852493286,0.9746447503566742,0.9821056127548218,0.9853248596191406,0.0,19.0487060546875,19.58469295501709,1,2,1.0,1.0,1.0
hf_github_codereview,d4f3a98bae90d434,0.9999998211860657,0.9999998211860657,0.9999998211860657,0.9999998211860657,0.9999999403953552,0.9999998211860657,0.0,18.128822326660156,18.128822326660156,1,1,1.0,1.0,1.0
hf_github_codereview,430c01ab3b1b2cc2,0.9458813667297363,0.9458813667297363,0.9458813667297363,0.9458813667297363,0.9458813667297363,0.9458813667297363,0.0,18.057130813598633,19.04852867126465,1,1,1.0,1.0,1.0
hf_github_codereview,e7397d8b413cc39b,0.9929051399230957,0.9676395654678345,0.05053114891052246,0.9676395654678345,0.9810031652450562,0.9929051399230957,0.0,18.113248825073242,18.55282974243164,1,2,1.0,1.0,1.0
hf_github_codereview,26858dd8aa70f7ca,0.9458813667297363,0.9451241493225098,0.001514434814453125,0.9451241493225098,0.954433798789978,0.9458813667297363,0.0,18.057130813598633,19.426756858825684,1,2,1.0,1.0,1.0
hf_github_codereview,fcd8fd683165f744,0.9929051399230957,0.958793560663859,0.05053114891052246,0.958793560663859,0.9750249981880188,0.9929051399230957,0.0,18.113248825073242,18.97021484375,1,3,1.0,1.0,1.0
hf_github_codereview,0e30ab103c6a75e1,1.0,0.9803141355514526,0.007094860076904297,0.9713273346424103,0.9863989353179932,1.0,0.0,18.057130813598633,18.85395383834839,1,4,1.0,1.0,1.0
hf_github_codereview,3e1dd7a5c8329562,0.9929051399230957,0.970583955446879,0.015159964561462402,0.970583955446879,0.9857460260391235,0.9929051399230957,0.0,18.113248825073242,18.896329243977863,1,3,1.0,1.0,1.0
hf_github_codereview,a64a10f572fd8f22,1.0,0.9898166259129842,0.007094860076904297,0.978454202413559,0.9925501942634583,1.0,0.0,18.057130813598633,18.70055913925171,1,4,1.0,1.0,1.0
hf_github_codereview,e57a5c0e79478e29,0.9929051399230957,0.970583955446879,0.015159964561462402,0.970583955446879,0.9857460260391235,0.9929051399230957,0.0,18.113248825073242,18.896329243977863,1,3,1.0,1.0,1.0
hf_github_codereview,6a940f93f8ebd031,0.9792855978012085,0.9786543846130371,0.0002548694610595703,0.9786543846130371,0.9844473600387573,0.9792855978012085,0.0,18.89639663696289,18.332417170206707,1,3,1.0,1.0,1.0
hf_github_codereview,0c6169ee101c56b8,0.9999998807907104,0.9905022978782654,0.018995165824890137,0.9905022978782654,0.9952397346496582,0.9999998807907104,0.0,19.32750129699707,19.21317958831787,1,2,1.0,1.0,1.0
hf_github_codereview,572bb7fba8bed1a2,0.9999998807907104,0.9897343814373016,0.020530998706817627,0.9897343814373016,0.9948539733886719,0.9999998807907104,0.0,19.75261116027832,19.602538108825684,1,2,1.0,1.0,1.0
hf_github_codereview,e320824a9d889e49,0.9689326286315918,0.9689326286315918,0.9689326286315918,0.9689326286315918,0.9689326882362366,0.9689326286315918,0.0,20.02077865600586,19.888290405273438,1,1,1.0,1.0,1.0
hf_github_codereview,73f7dcf0ffb21ba4,0.9999999403953552,0.9696309765179952,0.041152894496917725,0.9696309765179952,0.9832803010940552,0.9999999403953552,0.0,18.72016716003418,19.15829340616862,1,3,1.0,1.0,1.0
hf_github_codereview,6a1497ed3d7ff784,0.9949623346328735,0.9488789141178131,0.09216684103012085,0.9488789141178131,0.972000002861023,0.9949623346328735,0.0,18.780250549316406,18.899290084838867,1,2,1.0,1.0,1.0
hf_github_codereview,889111b0868a365d,0.9884607791900635,0.9884607791900635,0.9884607791900635,0.9884607791900635,0.988460898399353,0.9884607791900635,0.0,19.608640670776367,19.235013961791992,1,1,1.0,1.0,1.0
hf_github_codereview,24c8565f2123b5e6,0.9910838603973389,0.9910838603973389,0.9910838603973389,0.9910838603973389,0.9910839796066284,0.9910838603973389,0.0,19.328994750976562,19.235013961791992,1,1,1.0,1.0,1.0
hf_github_codereview,8d14bd483254ef91,0.9838035106658936,0.9838035106658936,0.9838035106658936,0.9838035106658936,0.983803391456604,0.9838035106658936,0.0,19.379776000976562,19.52115249633789,1,1,1.0,1.0,1.0
hf_github_codereview,3fc48a633a3aaaf0,1.0,1.0,1.0,1.0,1.0,1.0,0.0,19.69411849975586,19.69411849975586,1,1,1.0,1.0,1.0
hf_github_codereview,a292ef691e87ea34,0.9691362380981445,0.962838888168335,0.01259469985961914,0.962838888168335,0.970482587814331,0.9691362380981445,0.0,19.081159591674805,19.242467880249023,1,2,1.0,1.0,1.0
hf_github_codereview,f2a69e1ed18d680b,0.9736078977584839,0.9489203294118246,0.020251870155334473,0.9489203294118246,0.9781227111816406,0.9736078977584839,0.0,18.9188232421875,19.09003512064616,1,3,1.0,1.0,1.0
hf_github_codereview,d5a8c66614ba02fa,0.9566367864608765,0.9160428047180176,0.08118796348571777,0.9160428047180176,0.9383334517478943,0.9566367864608765,0.0,19.020414352416992,19.189090728759766,1,2,1.0,1.0,1.0
hf_github_codereview,969c940781d87eae,0.9949147701263428,0.9949147701263428,0.9949147701263428,0.9949147701263428,0.9949148893356323,0.9949147701263428,0.0,19.208471298217773,18.98641014099121,1,1,1.0,1.0,1.0
hf_github_codereview,1a6cc6a42d18d540,1.0,1.0,1.0,1.0,1.0,1.0,0.0,19.497121810913086,19.497121810913086,1,1,1.0,1.0,1.0
hf_github_codereview,c0ded574dffe88e0,0.9999999403953552,0.9797860682010651,0.04042774438858032,0.9797860682010651,0.9898415207862854,0.9999999403953552,0.0,19.120145797729492,19.340657234191895,1,2,1.0,1.0,1.0
hf_github_codereview,06e995c76a75e09c,0.9999998211860657,0.9999998211860657,0.9999998211860657,0.9999998211860657,0.9999998807907104,0.9999998211860657,0.0,19.186737060546875,19.186737060546875,1,1,1.0,1.0,1.0
hf_github_codereview,b755201cc77900cd,0.9361433982849121,0.9361433982849121,0.9361433982849121,0.9361433982849121,0.9361434578895569,0.9361433982849121,0.0,19.297611236572266,19.23614501953125,1,1,1.0,1.0,1.0
hf_github_codereview,a6235e6e02364f31,0.9966428279876709,0.9966428279876709,0.9966428279876709,0.9966428279876709,0.9966429471969604,0.9966428279876709,0.0,19.147676467895508,19.23614501953125,1,1,1.0,1.0,1.0
hf_github_codereview,4ab0b6350326b2e9,0.9999997615814209,0.984751969575882,0.03049558401107788,0.984751969575882,0.9923466444015503,0.9999997615814209,0.0,18.98584747314453,18.815202713012695,1,2,1.0,1.0,1.0
hf_github_codereview,591be84057c61c7d,0.9516480565071106,0.9458986222743988,0.011498868465423584,0.9458986222743988,0.9680017828941345,0.9516480565071106,0.0,18.817840576171875,18.823420524597168,1,2,1.0,1.0,1.0
hf_github_codereview,a4af5fa9f9968626,0.9906765222549438,0.9849027097225189,0.011547625064849854,0.9849027097225189,0.9874204397201538,0.9906765222549438,0.0,19.285274505615234,19.354246139526367,1,2,1.0,1.0,1.0
hf_github_codereview,082c6378d74f6c0e,1.0,0.9793754816055298,0.04124903678894043,0.9793754816055298,0.9896340370178223,1.0,0.0,19.16464614868164,19.128714561462402,1,2,1.0,1.0,1.0
hf_github_codereview,39eb4ae51c8b6446,0.9514214992523193,0.936469038327535,0.012490987777709961,0.936469038327535,0.9443273544311523,0.9514214992523193,0.0,18.48236656188965,19.374338785807293,1,3,1.0,1.0,1.0
hf_github_codereview,025793c1f685caec,1.0,1.0,1.0,1.0,1.0,1.0,0.0,19.35953140258789,19.35953140258789,1,1,1.0,1.0,1.0
hf_github_codereview,1892998f4ef74f64,0.9848645329475403,0.9587969183921814,0.05213522911071777,0.9587969183921814,0.9733869433403015,0.9848645329475403,0.0,19.021623611450195,18.97525119781494,1,2,1.0,1.0,1.0
hf_github_codereview,e6affb33e9320e59,0.9813420176506042,0.9281401336193085,0.10640376806259155,0.9281401336193085,0.9513305425643921,0.9813420176506042,0.0,19.906993865966797,19.091055870056152,1,2,1.0,1.0,1.0
hf_github_codereview,f1fd695308c308dc,0.9755511283874512,0.9755511283874512,0.9755511283874512,0.9755511283874512,0.9755512475967407,0.9755511283874512,0.0,19.555824279785156,19.260435104370117,1,1,1.0,1.0,1.0
hf_github_codereview,daf0b1e1ea6686ec,1.0,1.0,1.0,1.0,1.0,1.0,0.0,19.310745239257812,19.310745239257812,1,1,1.0,1.0,1.0
hf_github_codereview,5356ca3297fe72b9,0.948829174041748,0.948829174041748,0.948829174041748,0.948829174041748,0.9488292932510376,0.948829174041748,0.0,20.060104370117188,18.959514617919922,1,1,1.0,1.0,1.0
hf_github_codereview,36480b87dfbfea8e,0.8863525390625,0.8863525390625,0.8863525390625,0.8863525390625,0.8863525390625,0.8863525390625,0.0,19.676008224487305,18.389175415039062,1,1,1.0,1.0,1.0
hf_github_codereview,a4a796424094011b,0.9042726755142212,0.9042726755142212,0.9042726755142212,0.9042726755142212,0.9042726755142212,0.9042726755142212,0.0,19.11901092529297,18.827287673950195,1,1,1.0,1.0,1.0
hf_github_codereview,e4e308c775b78a9a,0.9235139489173889,0.9235139489173889,0.9235139489173889,0.9235139489173889,0.9235140085220337,0.9235139489173889,0.0,19.853952407836914,18.585670471191406,1,1,1.0,1.0,1.0
hf_github_codereview,7b43cb05ce269840,0.9180077314376831,0.9180077314376831,0.9180077314376831,0.9180077314376831,0.9180079102516174,0.9180077314376831,0.0,19.030447006225586,18.322185516357422,1,1,1.0,1.0,1.0
hf_github_codereview,4d754648dadcf6e6,0.9219290018081665,0.9197000861167908,0.004457831382751465,0.9197000861167908,0.9565733671188354,0.9219290018081665,0.0,19.185367584228516,17.98172378540039,1,2,1.0,1.0,1.0
hf_github_codereview,b349d04b9ce4da00,0.8852433562278748,0.8852433562278748,0.8852433562278748,0.8852433562278748,0.8852434158325195,0.8852433562278748,0.0,18.898630142211914,18.848119735717773,1,1,1.0,1.0,1.0
hf_github_codereview,02784f37500df148,0.9917169809341431,0.9917169809341431,0.9917169809341431,0.9917169809341431,0.9917169809341431,0.9917169809341431,0.0,19.167142868041992,18.97522735595703,1,1,1.0,1.0,1.0
hf_github_codereview,5b0427dc2acd1d82,0.9594388604164124,0.9500518838564554,0.006880044937133789,0.9500518838564554,0.9690309762954712,0.9594388604164124,0.0,19.405378341674805,19.514251708984375,1,3,1.0,1.0,1.0
hf_github_codereview,94ac0565a1b004c3,1.0,1.0,1.0,1.0,1.0,1.0,0.0,19.11428451538086,19.11428451538086,1,1,1.0,1.0,1.0
hf_github_codereview,93cd398b8b65c20c,0.9618933796882629,0.8755933344364166,0.17260009050369263,0.8755933344364166,0.9280122518539429,0.9618933796882629,0.0,18.508153915405273,17.92191505432129,1,2,1.0,1.0,0.5
hf_github_codereview,0a29732b7b152f66,0.9741383790969849,0.9741383790969849,0.9741383790969849,0.9741383790969849,0.9741383790969849,0.9741383790969849,0.0,18.54596710205078,18.292566299438477,1,1,1.0,1.0,1.0
hf_github_codereview,2c34cdf5f5eb9972,0.8996847867965698,0.8996847867965698,0.8996847867965698,0.8996847867965698,0.8996847867965698,0.8996847867965698,0.0,19.32571792602539,18.886077880859375,1,1,1.0,1.0,1.0
hf_github_codereview,e4ec764bd8e68d85,0.895031213760376,0.895031213760376,0.895031213760376,0.895031213760376,0.8950310945510864,0.895031213760376,0.0,19.394512176513672,18.651662826538086,1,1,1.0,1.0,1.0
hf_github_codereview,8aca661034a8c428,0.9772796630859375,0.9664550423622131,0.02164924144744873,0.9664550423622131,0.9756878614425659,0.9772796630859375,0.0,18.790306091308594,19.06124973297119,1,2,1.0,1.0,1.0
hf_github_codereview,4b5985a85f6102c9,0.9889134168624878,0.9889134168624878,0.9889134168624878,0.9889134168624878,0.9889134168624878,0.9889134168624878,0.0,19.816492080688477,19.15593719482422,1,1,1.0,1.0,1.0
hf_github_codereview,de52bfc67ed4f590,0.9573187828063965,0.9573187828063965,0.9573187828063965,0.9573187828063965,0.9573187828063965,0.9573187828063965,0.0,19.905832290649414,18.734848022460938,1,1,1.0,1.0,1.0
hf_github_codereview,a498be6cf84fa11d,0.9612404108047485,0.9612404108047485,0.9612404108047485,0.9612404108047485,0.9612404108047485,0.9612404108047485,0.0,19.136592864990234,18.734848022460938,1,1,1.0,1.0,1.0
hf_github_codereview,4effd34ecf35a365,0.9763808250427246,0.9763808250427246,0.9763808250427246,0.9763808250427246,0.9763808250427246,0.9763808250427246,0.0,18.965816497802734,18.734848022460938,1,1,1.0,1.0,1.0
hf_github_codereview,044aeeb953df9a23,0.9598501324653625,0.9598501324653625,0.9598501324653625,0.9598501324653625,0.9598501324653625,0.9598501324653625,0.0,19.788711547851562,18.98540687561035,1,1,1.0,1.0,1.0
hf_github_codereview,5f0be0da6f91feda,0.9791978001594543,0.9759430587291718,0.0065094828605651855,0.9759430587291718,0.9874429702758789,0.9791978001594543,0.0,19.925033569335938,19.493677139282227,1,2,1.0,1.0,1.0
hf_github_codereview,28edd1c1f3ad8308,0.9999999403953552,0.9370270172754923,0.0788959264755249,0.9370270172754923,0.9673425555229187,0.9999999403953552,0.0,18.339786529541016,18.887784957885742,1,3,1.0,1.0,1.0
hf_github_codereview,b016f5ed964fab44,0.8676341772079468,0.8430001537005106,0.0365108847618103,0.8430001537005106,0.8529926538467407,0.8676341772079468,0.0,18.277515411376953,19.289492925008137,1,3,1.0,1.0,1.0
hf_github_codereview,a4f9c4a45c95c73e,0.9782638549804688,0.9766505360603333,0.003226637840270996,0.9766505360603333,0.9855046272277832,0.9782638549804688,0.0,19.180389404296875,19.369230270385742,1,2,1.0,1.0,1.0
hf_github_codereview,5021664c661a5346,0.9199596643447876,0.9199596643447876,0.9199596643447876,0.9199596643447876,0.9199596643447876,0.9199596643447876,0.0,19.100690841674805,19.695571899414062,1,1,1.0,1.0,1.0
hf_github_codereview,fb60a32d388f18bf,0.9822453260421753,0.9764808714389801,0.01152890920639038,0.9764808714389801,0.9785739183425903,0.9822453260421753,0.0,19.385894775390625,19.24415874481201,1,2,1.0,1.0,1.0
hf_github_codereview,7c73ccbbc790fb4d,0.9590959548950195,0.9590959548950195,0.9590959548950195,0.9590959548950195,0.9590960144996643,0.9590959548950195,0.0,18.50478744506836,18.990964889526367,1,1,1.0,1.0,1.0
hf_github_codereview,ed00d9c768a24e0e,0.9997011423110962,0.9178481101989746,0.16370606422424316,0.9178481101989746,0.9567559957504272,0.9997011423110962,0.0,19.1690616607666,19.006091117858887,1,2,1.0,1.0,1.0
hf_github_codereview,347ea9971f745ee8,0.9727073907852173,0.9727073907852173,0.9727073907852173,0.9727073907852173,0.9727073907852173,0.9727073907852173,0.0,19.03976821899414,18.781600952148438,1,1,1.0,1.0,1.0
hf_github_codereview,d48438cdfcbdd8a7,0.99440598487854,0.99440598487854,0.99440598487854,0.99440598487854,0.9944058656692505,0.99440598487854,0.0,19.396918296813965,18.476198196411133,2,1,1.0,1.0,1.0
hf_github_codereview,6b3f248fd259c059,0.9224228858947754,0.9224228858947754,0.9224228858947754,0.9224228858947754,0.9224229454994202,0.9224228858947754,0.0,18.515605926513672,18.700559616088867,1,1,1.0,1.0,1.0
hf_github_codereview,50949ee77f45a682,0.9490641951560974,0.939809262752533,0.018509864807128906,0.939809262752533,0.9456878900527954,0.9490641951560974,0.0,18.466787338256836,19.108033180236816,1,2,1.0,1.0,1.0
hf_github_codereview,32930277d41bc4d1,0.9589492678642273,0.9589492678642273,0.9589492678642273,0.9589492678642273,0.9589492678642273,0.9589492678642273,0.0,18.529052734375,18.51093101501465,1,1,1.0,1.0,1.0
hf_github_codereview,c17aee101cedbb21,0.9318046569824219,0.9318046569824219,0.9318046569824219,0.9318046569824219,0.9318046569824219,0.9318046569824219,0.0,19.36770248413086,18.777854919433594,1,1,1.0,1.0,1.0
hf_github_codereview,dc9c79b63665592c,0.9017176628112793,0.9017176628112793,0.9017176628112793,0.9017176628112793,0.9017176628112793,0.9017176628112793,0.0,19.053325653076172,18.596126556396484,1,1,1.0,1.0,1.0
hf_github_codereview,b8e515a7e7c6fa3b,0.9498759508132935,0.9498759508132935,0.9498759508132935,0.9498759508132935,0.9498760104179382,0.9498759508132935,0.0,19.335023880004883,18.584014892578125,1,1,1.0,1.0,1.0
hf_github_codereview,c91258301b33c9fc,0.9267377257347107,0.9267377257347107,0.9267377257347107,0.9267377257347107,0.9267377257347107,0.9267377257347107,0.0,19.294858932495117,18.573007583618164,1,1,1.0,1.0,1.0
hf_github_codereview,8b1859351cf8b350,0.990266740322113,0.990266740322113,0.990266740322113,0.990266740322113,0.9902668595314026,0.990266740322113,0.0,19.405834197998047,19.249034881591797,1,1,1.0,1.0,1.0
hf_github_codereview,23cf01b419a6efa9,0.9349066019058228,0.9349066019058228,0.9349066019058228,0.9349066019058228,0.9349066615104675,0.9349066019058228,0.0,19.729412078857422,18.7085018157959,1,1,1.0,1.0,1.0
hf_github_codereview,9e69ac616269fff8,0.9105368852615356,0.9105368852615356,0.9105368852615356,0.9105368852615356,0.9105368852615356,0.9105368852615356,0.0,18.518211364746094,18.71372413635254,1,1,1.0,1.0,1.0
hf_github_codereview,26e9f970d0ae9f8e,0.949835479259491,0.9335371454556783,0.013173401355743408,0.9335371454556783,0.9594465494155884,0.949835479259491,0.0,19.362585067749023,18.53149159749349,1,3,1.0,1.0,1.0
hf_github_codereview,9c719925bcbdddb8,0.9986116886138916,0.9986116886138916,0.9986116886138916,0.9986116886138916,0.9986116886138916,0.9986116886138916,0.0,18.97521209716797,18.922433853149414,1,1,1.0,1.0,1.0
hf_github_codereview,52b9984d6f1adcc1,1.0,0.9129905700683594,0.12188220024108887,0.8862201809883118,0.9112929105758667,1.0,0.0,19.171058654785156,18.43281478881836,1,5,1.0,1.0,1.0
hf_github_codereview,86ca6f13be4456de,0.9782554507255554,0.9782554507255554,0.9782554507255554,0.9782554507255554,0.9782553911209106,0.9782554507255554,0.0,19.896617889404297,19.792877197265625,1,1,1.0,1.0,1.0
hf_github_codereview,32803674906e73a4,0.992682933807373,0.992682933807373,0.992682933807373,0.992682933807373,0.9926828145980835,0.992682933807373,0.0,19.450645446777344,19.792877197265625,1,1,1.0,1.0,1.0
hf_github_codereview,cb47bd3901444b43,0.9212952852249146,0.9162513812383016,0.0016425848007202148,0.8701308044520292,0.8892917633056641,0.9212952852249146,0.0,19.28624725341797,18.84971844066273,1,11,1.0,1.0,1.0
hf_github_codereview,d08e6edffecc4261,0.9359122514724731,0.9359122514724731,0.9359122514724731,0.9359122514724731,0.9359123706817627,0.9359122514724731,0.0,18.81321144104004,19.15452766418457,1,1,1.0,1.0,1.0
hf_github_codereview,685ff7d490d7e6ca,0.8531569838523865,0.8531569838523865,0.8531569838523865,0.8531569838523865,0.8531569838523865,0.8531569838523865,0.0,19.347063064575195,18.52587890625,1,1,1.0,1.0,1.0
hf_github_codereview,c1d9befc75bcf827,0.9204851388931274,0.9201455116271973,0.0006792545318603516,0.9201455116271973,0.9583334922790527,0.9204851388931274,0.0,18.41183853149414,18.766918182373047,1,2,1.0,1.0,1.0
hf_github_codereview,79f289cf5b660f61,0.9000676870346069,0.9000676870346069,0.9000676870346069,0.9000676870346069,0.9000675678253174,0.9000676870346069,0.0,18.60340118408203,18.64422607421875,1,1,1.0,1.0,1.0
hf_github_codereview,bddbd4a2ab339948,0.9735113978385925,0.9674737453460693,0.012075304985046387,0.9674737453460693,0.9779447317123413,0.9735113978385925,0.0,19.0714111328125,19.02052879333496,1,2,1.0,1.0,1.0
hf_github_codereview,9293b1a8e6bcc94b,0.8644673824310303,0.8644673824310303,0.8644673824310303,0.8644673824310303,0.8644675016403198,0.8644673824310303,0.0,18.892536163330078,18.605905532836914,1,1,1.0,1.0,1.0
hf_github_codereview,6f8e3496518ea0fa,1.0,0.976892352104187,0.04621529579162598,0.976892352104187,0.9883787631988525,1.0,0.0,18.431032180786133,18.668684005737305,1,2,1.0,1.0,1.0
hf_github_codereview,302b8788bb60cf90,0.9425814151763916,0.9425814151763916,0.9425814151763916,0.9425814151763916,0.9425814151763916,0.9425814151763916,0.0,18.74477767944336,18.84578514099121,1,1,1.0,1.0,1.0
hf_github_codereview,64f2f9a4ecff7add,0.8450198173522949,0.8450198173522949,0.8450198173522949,0.8450198173522949,0.8450198173522949,0.8450198173522949,0.0,17.941377639770508,18.60076904296875,1,1,1.0,1.0,1.0
hf_github_codereview,e6bc982f46fee053,0.8712812066078186,0.8712812066078186,0.8712812066078186,0.8712812066078186,0.8712812662124634,0.8712812066078186,0.0,19.551204681396484,18.488468170166016,1,1,1.0,1.0,1.0
hf_github_codereview,59f8660b19ac2917,0.8498743772506714,0.8498743772506714,0.8498743772506714,0.8498743772506714,0.8498743772506714,0.8498743772506714,0.0,18.906335830688477,18.347898483276367,1,1,1.0,1.0,1.0
hf_github_codereview,646d147f2414dfe5,0.9485951066017151,0.9485951066017151,0.9485951066017151,0.9485951066017151,0.9485952258110046,0.9485951066017151,0.0,19.145029067993164,18.803359985351562,1,1,1.0,1.0,1.0
hf_github_codereview,20a5dfc93e01cc71,0.8853169679641724,0.8853169679641724,0.8853169679641724,0.8853169679641724,0.8853168487548828,0.8853169679641724,0.0,18.526063919067383,18.569860458374023,1,1,1.0,1.0,1.0
hf_github_codereview,c60151fd356a1253,0.9481794238090515,0.9481794238090515,0.9481794238090515,0.9481794238090515,0.9481794238090515,0.9481794238090515,0.0,18.626096725463867,18.766613006591797,1,1,1.0,1.0,1.0
hf_github_codereview,467da3305e0a21b6,0.8947384357452393,0.8613828420639038,0.0667111873626709,0.8613828420639038,0.8740657567977905,0.8947384357452393,0.0,18.828777313232422,18.970550537109375,1,2,1.0,1.0,1.0
hf_github_codereview,1e6fa1530cf6ffff,0.9769721031188965,0.9769721031188965,0.9769721031188965,0.9769721031188965,0.9769721031188965,0.9769721031188965,0.0,18.60549545288086,18.82249641418457,1,1,1.0,1.0,1.0
hf_github_codereview,65abd85d6f0552d6,0.9840662479400635,0.9668360948562622,7.87973403930664e-05,0.9668360948562622,0.9835198521614075,0.9840662479400635,0.0,19.369661331176758,19.50313886006673,1,3,1.0,1.0,1.0
hf_github_codereview,c59bd4df79c0e1fd,0.9961915016174316,0.9557760953903198,0.05581820011138916,0.9557760953903198,0.9734575748443604,0.9961915016174316,0.0,19.48276710510254,19.407000223795574,1,3,1.0,1.0,1.0
hf_github_codereview,6aa3adf70b864881,0.9002684950828552,0.8964824974536896,0.007571995258331299,0.8964824974536896,0.9042015075683594,0.9002684950828552,0.0,18.600975036621094,19.38984966278076,1,2,1.0,1.0,1.0
hf_github_codereview,cc308b7c93e66065,1.0,1.0,1.0,1.0,1.0,1.0,0.0,19.301328659057617,19.301328659057617,1,1,1.0,1.0,1.0
hf_github_codereview,6aba0901cb9ce3d3,0.9695413112640381,0.9695413112640381,0.9695413112640381,0.9695413112640381,0.9695413112640381,0.9695413112640381,0.0,19.229167938232422,18.960311889648438,1,1,1.0,1.0,1.0
hf_github_codereview,1f9e18baaaaf249a,0.9616644978523254,0.961094468832016,0.0011400580406188965,0.961094468832016,0.9658838510513306,0.9616644978523254,0.0,19.829238891601562,19.31034755706787,1,2,1.0,1.0,1.0
hf_github_codereview,dccf005649b0c74d,0.9859628677368164,0.9859628677368164,0.9859628677368164,0.9859628677368164,0.985962986946106,0.9859628677368164,0.0,19.363698959350586,19.305984497070312,1,1,1.0,1.0,1.0
hf_github_codereview,19e5b45e3eda87d8,0.947482168674469,0.947482168674469,0.947482168674469,0.947482168674469,0.947482168674469,0.947482168674469,0.0,19.00630760192871,18.653465270996094,1,1,1.0,1.0,1.0
hf_github_codereview,fce5b82e523e0b51,0.9783672094345093,0.9717710018157959,0.0036246776580810547,0.9717710018157959,0.9830067753791809,0.9783672094345093,0.0,19.23339080810547,19.474864959716797,1,3,1.0,1.0,1.0
hf_github_codereview,1d30252709a05732,0.9302310943603516,0.9184800982475281,0.023501992225646973,0.9184800982475281,0.9319709539413452,0.9302310943603516,0.0,18.926780700683594,19.178241729736328,1,2,1.0,1.0,1.0
hf_github_codereview,977fda72097bd159,0.9516233205795288,0.942082405090332,0.007230520248413086,0.942082405090332,0.9550244808197021,0.9516233205795288,0.0,18.926780700683594,19.59520149230957,1,3,1.0,1.0,1.0
hf_github_codereview,fb2bfc053460f6cb,0.954230546951294,0.9146836400032043,0.0790938138961792,0.9146836400032043,0.9292161464691162,0.954230546951294,0.0,18.926780700683594,19.148059844970703,1,2,1.0,1.0,1.0
hf_github_codereview,689d1381a126ed8d,0.9977402687072754,0.9977402687072754,0.9977402687072754,0.9977402687072754,0.9977403283119202,0.9977402687072754,0.0,19.185775756835938,19.344615936279297,1,1,1.0,1.0,1.0
hf_github_codereview,7cbb8a4217bb4232,0.9545475244522095,0.9545475244522095,0.9545475244522095,0.9545475244522095,0.9545475244522095,0.9545475244522095,0.0,19.53400421142578,19.156417846679688,1,1,1.0,1.0,1.0
hf_github_codereview,a30fd22bb2fd83bc,0.9449546337127686,0.9449546337127686,0.9449546337127686,0.9449546337127686,0.9449547529220581,0.9449546337127686,0.0,18.44271469116211,18.732654571533203,1,1,1.0,1.0,1.0
hf_github_codereview,03d97b650f4cd6aa,0.9037632942199707,0.9037632942199707,0.9037632942199707,0.9037632942199707,0.9037632942199707,0.9037632942199707,0.0,18.536540985107422,18.20474624633789,1,1,1.0,1.0,1.0
hf_github_codereview,3eb037a62a6fbcb7,0.975782573223114,0.9667220910390218,0.013320684432983398,0.9630778431892395,0.9686206579208374,0.975782573223114,0.0,18.88538932800293,19.296210479736327,1,5,1.0,1.0,1.0
hf_github_codereview,3ed7d1c34f3f2a08,0.9999999403953552,0.9613772034645081,0.07724547386169434,0.9613772034645081,0.9804984927177429,0.9999999403953552,0.0,18.768049240112305,18.85886001586914,1,2,1.0,1.0,1.0
hf_github_codereview,25cfac26296e77c8,0.9796158671379089,0.9724679887294769,0.014295756816864014,0.9724679887294769,0.976063072681427,0.9796158671379089,0.0,18.951711654663086,18.81973361968994,1,2,1.0,1.0,1.0
hf_github_codereview,c0c27328934e8a52,0.875111997127533,0.875111997127533,0.875111997127533,0.875111997127533,0.875111997127533,0.875111997127533,0.0,18.803667068481445,18.82099151611328,1,1,1.0,1.0,1.0
hf_github_codereview,32825eef8e5962d9,1.0,0.9815903504689535,0.0244143009185791,0.9815903504689535,0.9922193288803101,1.0,0.0,19.576496124267578,19.45555051167806,1,3,1.0,1.0,1.0
hf_github_codereview,d3e4f61f316d87f4,0.9719104766845703,0.9719104766845703,0.9719104766845703,0.9719104766845703,0.9719104766845703,0.9719104766845703,0.0,19.78382682800293,18.713109970092773,1,1,1.0,1.0,1.0
hf_github_codereview,6915ec2c08f87f37,0.8923378586769104,0.8923378586769104,0.8923378586769104,0.8923378586769104,0.8923378586769104,0.8923378586769104,0.0,18.968555450439453,18.82099151611328,1,1,1.0,1.0,1.0
hf_github_codereview,5a452962096f2031,0.9518398642539978,0.91414013504982,0.07539945840835571,0.91414013504982,0.9445432424545288,0.9518398642539978,0.0,19.43737030029297,18.752269744873047,1,2,1.0,1.0,1.0
hf_github_codereview,7a5bb1d257b0e2ce,0.9701178669929504,0.9346142411231995,0.07100725173950195,0.9346142411231995,0.9522771835327148,0.9701178669929504,0.0,19.45806312561035,18.770845413208008,1,2,1.0,1.0,1.0
hf_github_codereview,d9a2f6189f97aa69,0.9819744825363159,0.9619035720825195,0.04014182090759277,0.9619035720825195,0.9756244421005249,0.9819744825363159,0.0,18.7123441696167,18.79254150390625,2,2,1.0,1.0,1.0
hf_github_codereview,bd063944c5821863,0.9604334831237793,0.8590116500854492,0.20284366607666016,0.8590116500854492,0.9125825762748718,0.9604334831237793,0.0,19.677927017211914,18.237252235412598,1,2,1.0,1.0,0.5
hf_github_codereview,a27e1bfa66dd3536,1.0,0.9515917897224426,0.09681642055511475,0.9515917897224426,0.9754956364631653,1.0,0.0,17.990148544311523,18.28766918182373,1,2,1.0,1.0,1.0
hf_github_codereview,970901b3878eb825,0.9999998211860657,0.9772572219371796,0.04548519849777222,0.9772572219371796,0.9885631799697876,0.9999998211860657,0.0,18.363943099975586,19.03158187866211,1,2,1.0,1.0,1.0
hf_github_codereview,431e7cab8e3a45fc,0.9948925971984863,0.9892944991588593,0.01119619607925415,0.9892944991588593,0.9944887757301331,0.9948925971984863,0.0,19.74003791809082,19.451069831848145,1,2,1.0,1.0,1.0
hf_github_codereview,3dc53652414cf195,0.9945966005325317,0.9611923495928446,0.02672863006591797,0.9611923495928446,0.9806618690490723,0.9945966005325317,0.0,19.244447708129883,19.459081013997395,1,3,1.0,1.0,1.0
hf_github_codereview,90120efad8df4664,0.9732769131660461,0.9689053595066071,0.008743107318878174,0.9689053595066071,0.9700139164924622,0.9732769131660461,0.0,19.213600158691406,19.83659076690674,1,2,1.0,1.0,1.0
hf_github_codereview,428481838ec941e9,0.9697507619857788,0.9697507619857788,0.9697507619857788,0.9697507619857788,0.9697507619857788,0.9697507619857788,0.0,19.744857788085938,19.01337242126465,1,1,1.0,1.0,1.0
hf_github_codereview,9b20ba4958b6e8dd,0.9708640575408936,0.9351169168949127,0.07149428129196167,0.9351169168949127,0.9522676467895508,0.9708640575408936,0.0,19.45193862915039,19.08513069152832,1,2,1.0,1.0,1.0
hf_github_codereview,1dd22b3e3bb31c60,0.9922983646392822,0.9922983646392822,0.9922983646392822,0.9922983646392822,0.9922983646392822,0.9922983646392822,0.0,18.839277267456055,18.552350997924805,1,1,1.0,1.0,1.0
hf_github_codereview,78ea06031a4bfedf,0.9447720646858215,0.9447720646858215,0.9447720646858215,0.9447720646858215,0.9447720050811768,0.9447720646858215,0.0,18.856956481933594,18.56510353088379,1,1,1.0,1.0,1.0
hf_github_codereview,017fdd96cbc9ac9d,0.96371990442276,0.96371990442276,0.96371990442276,0.96371990442276,0.9637197852134705,0.96371990442276,0.0,18.78306770324707,19.548677444458008,1,1,1.0,1.0,1.0
hf_github_codereview,24e379054c2a0cc7,0.983674943447113,0.983674943447113,0.983674943447113,0.983674943447113,0.983674943447113,0.983674943447113,0.0,18.614151000976562,18.810670852661133,1,1,1.0,1.0,1.0
hf_github_codereview,0d9f94557b79489b,0.9602199792861938,0.9424088597297668,0.035622239112854004,0.9424088597297668,0.9561436176300049,0.9602199792861938,0.0,18.267641067504883,18.5826997756958,1,2,1.0,1.0,1.0
hf_github_codereview,904a74379fb81119,0.999506950378418,0.999506950378418,0.999506950378418,0.999506950378418,0.999506950378418,0.999506950378418,0.0,18.938060760498047,19.009368896484375,1,1,1.0,1.0,1.0
hf_github_codereview,fac881a56b93d614,0.9427866339683533,0.9359108805656433,0.013751506805419922,0.9359108805656433,0.9625777006149292,0.9427866339683533,0.0,18.594942092895508,18.469799995422363,1,2,1.0,1.0,1.0
hf_github_codereview,b78f0aefc2b5c185,0.9385236501693726,0.912257730960846,0.05253183841705322,0.912257730960846,0.9435474872589111,0.9385236501693726,0.0,19.109973907470703,18.751209259033203,1,2,1.0,1.0,1.0
hf_github_codereview,4b24c3639d012351,0.9602199792861938,0.9424088597297668,0.035622239112854004,0.9424088597297668,0.9561436176300049,0.9602199792861938,0.0,18.267641067504883,18.5826997756958,1,2,1.0,1.0,1.0
hf_github_codereview,8dd3e96de631df98,0.9427866339683533,0.9359108805656433,0.013751506805419922,0.9359108805656433,0.9625777006149292,0.9427866339683533,0.0,18.594942092895508,18.469799995422363,1,2,1.0,1.0,1.0
hf_github_codereview,7de93449ff185c45,0.9385236501693726,0.912257730960846,0.05253183841705322,0.912257730960846,0.9435474872589111,0.9385236501693726,0.0,19.109973907470703,18.751209259033203,1,2,1.0,1.0,1.0
hf_github_codereview,13acb38f2c65a5ef,0.999506950378418,0.999506950378418,0.999506950378418,0.999506950378418,0.999506950378418,0.999506950378418,0.0,18.938060760498047,19.009368896484375,1,1,1.0,1.0,1.0
hf_github_codereview,a1f5594e1963c743,0.9990414977073669,0.9990414977073669,0.9990414977073669,0.9990414977073669,0.9990414977073669,0.9990414977073669,0.0,19.682567596435547,19.73584747314453,1,1,1.0,1.0,1.0
hf_github_codereview,0ae9e475b9c8d604,0.930317759513855,0.9242123663425446,0.01221078634262085,0.9242123663425446,0.927457332611084,0.930317759513855,0.0,18.938060760498047,17.977015495300293,1,2,1.0,1.0,1.0
hf_github_codereview,38aa4005fb04095b,0.930317759513855,0.9242123663425446,0.01221078634262085,0.9242123663425446,0.927457332611084,0.930317759513855,0.0,18.938060760498047,17.977015495300293,1,2,1.0,1.0,1.0
hf_github_codereview,47d2fd04afdc3198,0.9045171737670898,0.8981766402721405,0.012681066989898682,0.8981766402721405,0.9038612842559814,0.9045171737670898,0.0,18.627338409423828,18.04512882232666,1,2,1.0,1.0,1.0
hf_github_codereview,c36d4014c314ab7a,0.9681234359741211,0.9323838949203491,0.07147908210754395,0.9323838949203491,0.9462367296218872,0.9681234359741211,0.0,19.539640426635742,18.440455436706543,1,2,1.0,1.0,1.0
hf_github_codereview,9e5559a9492d4e66,0.9106794595718384,0.9106794595718384,0.9106794595718384,0.9106794595718384,0.9106794595718384,0.9106794595718384,0.0,19.391136169433594,17.983619689941406,1,1,1.0,1.0,1.0
hf_github_codereview,ccf28a898be800b2,0.9006209969520569,0.8908003866672516,0.019641220569610596,0.8908003866672516,0.8933150768280029,0.9006209969520569,0.0,18.627338409423828,17.975666046142578,1,2,1.0,1.0,1.0
hf_github_codereview,f742315e7f927617,0.9715611934661865,0.9366720616817474,0.06977826356887817,0.9366720616817474,0.9505886435508728,0.9715611934661865,0.0,19.38759422302246,18.440455436706543,1,2,1.0,1.0,1.0
hf_github_codereview,19b03c6bcd051832,0.9333677291870117,0.9333677291870117,0.9333677291870117,0.9333677291870117,0.9333678483963013,0.9333677291870117,0.0,18.999521255493164,17.983619689941406,1,1,1.0,1.0,1.0
hf_github_codereview,d4f4bc0e30ba0cd3,0.9006209969520569,0.8908003866672516,0.019641220569610596,0.8908003866672516,0.8933150768280029,0.9006209969520569,0.0,18.627338409423828,17.975666046142578,1,2,1.0,1.0,1.0
hf_github_codereview,04f3bbbe9af3d94d,0.9995722770690918,0.9681688547134399,0.06280684471130371,0.9681688547134399,0.9855451583862305,0.9995722770690918,0.0,19.612884521484375,19.63064956665039,1,2,1.0,1.0,1.0
hf_github_codereview,d9f6cc6ac6783fcc,0.8812756538391113,0.8812756538391113,0.8812756538391113,0.8812756538391113,0.8812757730484009,0.8812756538391113,0.0,18.19022560119629,18.707597732543945,1,1,1.0,1.0,1.0
hf_github_codereview,7e1a2f55ad6df83b,0.8812756538391113,0.8812756538391113,0.8812756538391113,0.8812756538391113,0.8812757730484009,0.8812756538391113,0.0,18.19022560119629,18.707597732543945,1,1,1.0,1.0,1.0
hf_github_codereview,53d72d325aa26872,0.9999386072158813,0.9064868092536926,0.18690359592437744,0.9064868092536926,0.9527287483215332,0.9999386072158813,0.0,18.242759704589844,18.49631977081299,1,2,1.0,1.0,1.0
hf_github_codereview,b7863940c37ed838,0.912079930305481,0.912079930305481,0.912079930305481,0.912079930305481,0.912079930305481,0.912079930305481,0.0,18.594942092895508,18.01258659362793,1,1,1.0,1.0,1.0
hf_github_codereview,9414036457a5bb5f,0.9171992540359497,0.8690277338027954,0.0963430404663086,0.8690277338027954,0.9360628128051758,0.9171992540359497,0.0,18.266857147216797,17.748014450073242,1,2,1.0,1.0,1.0
hf_github_codereview,cf9366d03e411e71,0.912079930305481,0.912079930305481,0.912079930305481,0.912079930305481,0.912079930305481,0.912079930305481,0.0,18.594942092895508,18.01258659362793,1,1,1.0,1.0,1.0
hf_github_codereview,1b7deeb64ecbc83e,0.9671128988265991,0.925660103559494,0.0829055905342102,0.925660103559494,0.9728801250457764,0.9671128988265991,0.0,18.03805923461914,18.49631977081299,1,2,1.0,1.0,1.0
hf_github_codereview,4445e26bef480347,0.9735007286071777,0.9685454368591309,0.00991058349609375,0.9685454368591309,0.9774218797683716,0.9735007286071777,0.0,18.86661720275879,18.829036712646484,1,2,1.0,1.0,1.0
hf_github_codereview,ab245d8ea3277230,0.8522182703018188,0.8522182703018188,0.8522182703018188,0.8522182703018188,0.8522183895111084,0.8522182703018188,0.0,19.056650161743164,18.362239837646484,1,1,1.0,1.0,1.0
hf_github_codereview,86dccdf3eadd0876,0.9932905435562134,0.9932905435562134,0.9932905435562134,0.9932905435562134,0.9932905435562134,0.9932905435562134,0.0,18.768123626708984,18.838972091674805,1,1,1.0,1.0,1.0
hf_github_codereview,238da0ccaa2a8dd6,0.948200523853302,0.9278842508792877,0.040632545948028564,0.9278842508792877,0.954625129699707,0.948200523853302,0.0,18.62285804748535,18.410259246826172,1,2,1.0,1.0,1.0
hf_github_codereview,dfaef8f5ec365c49,0.9999999403953552,0.9999999403953552,0.9999999403953552,0.9999999403953552,1.0,0.9999999403953552,0.0,19.773334503173828,19.773334503173828,1,1,1.0,1.0,1.0
hf_github_codereview,ff576e62961ab111,0.9863637685775757,0.9863637685775757,0.9863637685775757,0.9863637685775757,0.9863637685775757,0.9863637685775757,0.0,18.62285804748535,18.301992416381836,1,1,1.0,1.0,1.0
hf_github_codereview,a19580e2afc30afa,0.9891528487205505,0.9813170234362284,0.00381547212600708,0.9813170234362284,0.9901789426803589,0.9891528487205505,0.0,19.10976219177246,19.027366002400715,1,3,1.0,1.0,1.0
hf_github_codereview,9262039fbf1a0a15,0.9795711040496826,0.9790784120559692,0.0009853839874267578,0.9790784120559692,0.9799856543540955,0.9795711040496826,0.0,19.333032608032227,19.36575698852539,1,2,1.0,1.0,1.0
hf_github_codereview,02360cbf1f46c80c,0.9956169128417969,0.9793848991394043,0.032464027404785156,0.9793848991394043,0.9883009195327759,0.9956169128417969,0.0,19.17119598388672,19.10635471343994,1,2,1.0,1.0,1.0
hf_github_codereview,29ac72c69bc5bbf7,0.968651294708252,0.9633646309375763,0.010573327541351318,0.9633646309375763,0.9772590398788452,0.968651294708252,0.0,18.606082916259766,18.86846160888672,1,2,1.0,1.0,1.0
hf_github_codereview,f102c03435139bb3,0.9278274178504944,0.9278274178504944,0.9278274178504944,0.9278274178504944,0.9278274178504944,0.9278274178504944,0.0,19.338546752929688,18.265657424926758,1,1,1.0,1.0,1.0
hf_github_codereview,b2d97f6a5fc1e123,0.9568250179290771,0.9568250179290771,0.9568250179290771,0.9568250179290771,0.9568250179290771,0.9568250179290771,0.0,18.84731101989746,18.30434226989746,1,1,1.0,1.0,1.0
hf_github_codereview,abc18d77c801a5cf,0.933265209197998,0.933265209197998,0.933265209197998,0.933265209197998,0.933265209197998,0.933265209197998,0.0,19.308626174926758,18.265657424926758,1,1,1.0,1.0,1.0
hf_github_codereview,d819b48fc61a9c08,0.9551070928573608,0.9551070928573608,0.9551070928573608,0.9551070928573608,0.9551071524620056,0.9551070928573608,0.0,18.810546875,18.30434226989746,1,1,1.0,1.0,1.0
hf_github_codereview,930e021d8be01d4c,0.9654715657234192,0.9438348710536957,0.04327338933944702,0.9438348710536957,0.9561220407485962,0.9654715657234192,0.0,18.80628204345703,18.887319564819336,1,2,1.0,1.0,1.0
hf_github_codereview,09505ab32d23c5b0,0.9038940668106079,0.9038940668106079,0.9038940668106079,0.9038940668106079,0.9038940668106079,0.9038940668106079,0.0,18.889333724975586,18.158788681030273,1,1,1.0,1.0,1.0
hf_github_codereview,bfc9e32dcc93b061,0.9285815358161926,0.9163450300693512,0.02447301149368286,0.9163450300693512,0.9321310520172119,0.9285815358161926,0.0,18.28772735595703,18.844470977783203,1,2,1.0,1.0,1.0
hf_github_codereview,034c30ae5dfb581d,0.970634937286377,0.9404122829437256,0.060445308685302734,0.9404122829437256,0.9549636244773865,0.970634937286377,0.0,18.703859329223633,18.68407154083252,1,2,1.0,1.0,1.0
hf_github_codereview,5066edd420794c30,0.9842277765274048,0.8397119343280792,0.2890316843986511,0.8397119343280792,0.9000171422958374,0.9842277765274048,0.0,18.02496910095215,19.0520601272583,1,2,1.0,0.5,0.5
hf_github_codereview,0455586ab55328c9,0.9285815358161926,0.9163450300693512,0.02447301149368286,0.9163450300693512,0.9321310520172119,0.9285815358161926,0.0,18.28772735595703,18.844470977783203,1,2,1.0,1.0,1.0
hf_github_codereview,9d4ec173471e1ea8,0.7550266981124878,0.7550266981124878,0.7550266981124878,0.7550266981124878,0.7550266981124878,0.7550266981124878,0.0,19.659809112548828,18.153383255004883,1,1,1.0,1.0,0.0
hf_github_codereview,05b2d2d3fae42347,0.7550266981124878,0.7550266981124878,0.7550266981124878,0.7550266981124878,0.7550266981124878,0.7550266981124878,0.0,19.659809112548828,18.153383255004883,1,1,1.0,1.0,0.0
hf_github_codereview,1c9e6f0cdecded42,0.9267082214355469,0.9123403131961823,0.028735816478729248,0.9123403131961823,0.921506404876709,0.9267082214355469,0.0,19.516952514648438,18.53900146484375,1,2,1.0,1.0,1.0
hf_github_codereview,27e5d72ff344c21b,0.9200792908668518,0.9200792908668518,0.9200792908668518,0.9200792908668518,0.9200792908668518,0.9200792908668518,0.0,19.585285186767578,18.473295211791992,1,1,1.0,1.0,1.0
hf_github_codereview,e8568b596717802c,0.9997330904006958,0.9997330904006958,0.9997330904006958,0.9997330904006958,0.9997331500053406,0.9997330904006958,0.0,19.409801483154297,19.40378761291504,1,1,1.0,1.0,1.0
hf_github_codereview,6a4deb44214e2497,0.9786967635154724,0.9786967635154724,0.9786967635154724,0.9786967635154724,0.9786967635154724,0.9786967635154724,0.0,19.661928176879883,19.113693237304688,1,1,1.0,1.0,1.0
hf_github_codereview,78db22535a359612,0.9945034384727478,0.9945034384727478,0.9945034384727478,0.9945034384727478,0.9945034980773926,0.9945034384727478,0.0,18.869773864746094,19.21063804626465,1,1,1.0,1.0,1.0
hf_github_codereview,766ea0349d757726,0.9903805255889893,0.9903805255889893,0.9903805255889893,0.9903805255889893,0.9903805255889893,0.9903805255889893,0.0,20.14190673828125,19.898778915405273,1,1,1.0,1.0,1.0
hf_github_codereview,bd0d0dff2b0f09c9,0.9342387318611145,0.9283543527126312,0.011768758296966553,0.9283543527126312,0.9396417737007141,0.9342387318611145,0.0,18.00804328918457,18.704110145568848,1,2,1.0,1.0,1.0
hf_github_codereview,361ceaffa1e066a4,0.9711956977844238,0.9711956977844238,0.9711956977844238,0.9711956977844238,0.9711955785751343,0.9711956977844238,0.0,18.737838745117188,18.5004825592041,1,1,1.0,1.0,1.0
hf_github_codereview,43a420d88ccb2c5e,0.9958857893943787,0.9958857893943787,0.9958857893943787,0.9958857893943787,0.9958859086036682,0.9958857893943787,0.0,18.634851455688477,18.912017822265625,1,1,1.0,1.0,1.0
hf_github_codereview,32a5aba744c0b35e,0.9727512001991272,0.9695457518100739,0.0064108967781066895,0.9695457518100739,0.978399395942688,0.9727512001991272,0.0,19.037254333496094,19.267744064331055,1,2,1.0,1.0,1.0
hf_github_codereview,72080c17b61267ad,0.9998697638511658,0.9731319844722748,0.05347555875778198,0.9731319844722748,0.9865725040435791,0.9998697638511658,0.0,18.971668243408203,18.901968002319336,1,2,1.0,1.0,1.0
hf_github_codereview,496d8c97584506c0,0.9627209901809692,0.9445140957832336,0.03641378879547119,0.9445140957832336,0.9612782001495361,0.9627209901809692,0.0,18.693201065063477,18.674652099609375,1,2,1.0,1.0,1.0
hf_github_codereview,7b8378ef117a0e0a,0.9998697638511658,0.9731319844722748,0.05347555875778198,0.9731319844722748,0.9865725040435791,0.9998697638511658,0.0,18.971668243408203,18.901968002319336,1,2,1.0,1.0,1.0
hf_github_codereview,f16445a25ec07da7,0.9942349791526794,0.9832230508327484,0.02202385663986206,0.9832230508327484,0.9922014474868774,0.9942349791526794,0.0,19.034555435180664,19.267744064331055,1,2,1.0,1.0,1.0
hf_github_codereview,0a086431cfa04731,0.9958857893943787,0.9958857893943787,0.9958857893943787,0.9958857893943787,0.9958859086036682,0.9958857893943787,0.0,18.634851455688477,18.912017822265625,1,1,1.0,1.0,1.0
hf_github_codereview,41ef7c19f51da305,0.9627209901809692,0.9445140957832336,0.03641378879547119,0.9445140957832336,0.9612782001495361,0.9627209901809692,0.0,18.693201065063477,18.674652099609375,1,2,1.0,1.0,1.0
hf_github_codereview,64e1e89cfcf6068a,0.9647833704948425,0.9214987456798553,0.08656924962997437,0.9214987456798553,0.9534860849380493,0.9647833704948425,0.0,18.894956588745117,18.581530570983887,1,2,1.0,1.0,1.0
hf_github_codereview,bd43c9090a09a888,1.0,0.9729387164115906,0.05412256717681885,0.9729387164115906,0.9863766431808472,1.0,0.0,18.97195053100586,18.901968002319336,1,2,1.0,1.0,1.0
hf_github_codereview,1bb1df659ff20889,0.9775205254554749,0.968680202960968,0.017680644989013672,0.968680202960968,0.9743150472640991,0.9775205254554749,0.0,19.335779190063477,18.80150604248047,1,2,1.0,1.0,1.0
hf_github_codereview,b70cbc7709677de5,0.9381476640701294,0.9381476640701294,0.9381476640701294,0.9381476640701294,0.938147783279419,0.9381476640701294,0.0,19.377105712890625,17.695119857788086,1,1,1.0,1.0,1.0
hf_github_codereview,5ce0ff3d3cbb2a72,0.9601081609725952,0.9601081609725952,0.9601081609725952,0.9601081609725952,0.9601081609725952,0.9601081609725952,0.0,19.422746658325195,18.10841941833496,1,1,1.0,1.0,1.0
hf_github_codereview,3702e15001ca9f1e,0.983931303024292,0.983931303024292,0.983931303024292,0.983931303024292,0.9839314222335815,0.983931303024292,0.0,19.181373596191406,18.877708435058594,1,1,1.0,1.0,1.0
hf_github_codereview,7f042799cb8334d1,0.9861575365066528,0.9784073829650879,0.015500307083129883,0.9784073829650879,0.9865129590034485,0.9861575365066528,0.0,18.19090461730957,18.92709255218506,1,2,1.0,1.0,1.0
hf_github_codereview,61d8bababeb70be2,0.9672235250473022,0.9672235250473022,0.9672235250473022,0.9672235250473022,0.9672233462333679,0.9672235250473022,0.0,18.331865310668945,19.128347396850586,1,1,1.0,1.0,1.0
hf_github_codereview,b0567348c10f9daf,0.9562304615974426,0.9311286509037018,0.05020362138748169,0.9311286509037018,0.9367853999137878,0.9562304615974426,0.0,18.081409454345703,19.233288764953613,1,2,1.0,1.0,1.0
hf_github_codereview,2a6061f3512555f3,0.9288291335105896,0.9288291335105896,0.9288291335105896,0.9288291335105896,0.9288291335105896,0.9288291335105896,0.0,19.165205001831055,18.451934814453125,1,1,1.0,1.0,1.0
hf_github_codereview,6a41e737d47513c5,0.9904121160507202,0.9904121160507202,0.9904121160507202,0.9904121160507202,0.9904121160507202,0.9904121160507202,0.0,18.799911499023438,18.451934814453125,1,1,1.0,1.0,1.0
hf_github_codereview,3e9b811af560dfde,0.9172412157058716,0.9172412157058716,0.9172412157058716,0.9172412157058716,0.9172412753105164,0.9172412157058716,0.0,19.145898818969727,18.121633529663086,1,1,1.0,1.0,1.0
hf_github_codereview,cdac19559fc8077c,0.9654160141944885,0.9654160141944885,0.9654160141944885,0.9654160141944885,0.965415894985199,0.9654160141944885,0.0,18.905410766601562,19.128347396850586,1,1,1.0,1.0,1.0
hf_github_codereview,6fa9f1202234cb18,0.9692937731742859,0.9692937731742859,0.9692937731742859,0.9692937731742859,0.9692937135696411,0.9692937731742859,0.0,19.672039031982422,19.128347396850586,1,1,1.0,1.0,1.0
hf_github_codereview,48b9b5cd49a77fc7,0.9475534558296204,0.9303629398345947,0.03438103199005127,0.9303629398345947,0.9465216398239136,0.9475534558296204,0.0,19.672039031982422,18.483510971069336,1,2,1.0,1.0,1.0
hf_github_codereview,71a2dc8850af2632,0.8603649139404297,0.8603649139404297,0.8603649139404297,0.8603649139404297,0.8603649139404297,0.8603649139404297,0.0,18.52581024169922,17.638826370239258,1,1,1.0,1.0,1.0
hf_github_codereview,a28993bc858f7522,0.8603649139404297,0.8603649139404297,0.8603649139404297,0.8603649139404297,0.8603649139404297,0.8603649139404297,0.0,18.52581024169922,17.638826370239258,1,1,1.0,1.0,1.0
hf_github_codereview,aa65d851ab14c807,1.0,0.9880789816379547,0.023842036724090576,0.9880789816379547,0.9940215349197388,1.0,0.0,18.78191375732422,18.69594669342041,1,2,1.0,1.0,1.0
hf_github_codereview,d3f9850a21868c68,1.0,0.9880789816379547,0.023842036724090576,0.9880789816379547,0.9940215349197388,1.0,0.0,18.78191375732422,18.69594669342041,1,2,1.0,1.0,1.0
hf_github_codereview,203bfcd395821e94,0.9843542575836182,0.9784252047538757,0.011858105659484863,0.9784252047538757,0.9846673607826233,0.9843542575836182,0.0,18.020713806152344,18.63194465637207,1,2,1.0,1.0,1.0
hf_github_codereview,ddeae3ecf9780311,0.9699479937553406,0.9524365961551666,0.0350227952003479,0.9524365961551666,0.9616895914077759,0.9699479937553406,0.0,19.493196487426758,18.345949172973633,1,2,1.0,1.0,1.0
hf_github_codereview,36bf95187da939bb,0.9888059496879578,0.9888059496879578,0.9888059496879578,0.9888059496879578,0.9888060688972473,0.9888059496879578,0.0,18.322795867919922,18.448848724365234,1,1,1.0,1.0,1.0
hf_github_codereview,b60ba22cbee71929,0.9815760254859924,0.9815760254859924,0.9815760254859924,0.9815760254859924,0.9815760850906372,0.9815760254859924,0.0,17.985013961791992,18.448848724365234,1,1,1.0,1.0,1.0
hf_github_codereview,7c3babe4b4e64785,0.9648841023445129,0.9648841023445129,0.9648841023445129,0.9648841023445129,0.9648841023445129,0.9648841023445129,0.0,18.99140739440918,18.631038665771484,1,1,1.0,1.0,1.0
hf_github_codereview,5dbc37734a854c17,0.9834803938865662,0.9834803938865662,0.9834803938865662,0.9834803938865662,0.9834804534912109,0.9834803938865662,0.0,18.87034034729004,18.448848724365234,1,1,1.0,1.0,1.0
hf_github_codereview,f15b806d84faa2c0,0.9536020159721375,0.9536020159721375,0.9536020159721375,0.9536020159721375,0.9536020159721375,0.9536020159721375,0.0,18.72210121154785,18.432199478149414,1,1,1.0,1.0,1.0
hf_github_codereview,8b633fce232803fc,0.9771372079849243,0.9771372079849243,0.9771372079849243,0.9771372079849243,0.97713702917099,0.9771372079849243,0.0,18.875587463378906,19.118988037109375,1,1,1.0,1.0,1.0
hf_github_codereview,e566ce2eb6ac041b,0.9685407876968384,0.9685407876968384,0.9685407876968384,0.9685407876968384,0.9685406684875488,0.9685407876968384,0.0,18.35131072998047,18.817102432250977,1,1,1.0,1.0,1.0
hf_github_codereview,5a47d4100b0c1cc1,0.9741572141647339,0.9741572141647339,0.9741572141647339,0.9741572141647339,0.9741570949554443,0.9741572141647339,0.0,19.038278579711914,18.817102432250977,1,1,1.0,1.0,1.0
hf_github_codereview,0b4f8a6a93230b37,0.9874231815338135,0.9874231815338135,0.9874231815338135,0.9874231815338135,0.9874230623245239,0.9874231815338135,0.0,18.656661987304688,18.817102432250977,1,1,1.0,1.0,1.0
hf_github_codereview,3e5d0b7ed2a1fa81,0.9846133589744568,0.9846133589744568,0.9846133589744568,0.9846133589744568,0.9846131801605225,0.9846133589744568,0.0,18.566944122314453,18.817102432250977,1,1,1.0,1.0,1.0
hf_github_codereview,6e7b2dbafb3035c9,0.9415357112884521,0.9415357112884521,0.9415357112884521,0.9415357112884521,0.9415357112884521,0.9415357112884521,0.0,18.807878494262695,18.814180374145508,1,1,1.0,1.0,1.0
hf_github_codereview,f717354c3cfc166f,0.9463337063789368,0.9463337063789368,0.9463337063789368,0.9463337063789368,0.9463337063789368,0.9463337063789368,0.0,18.693998336791992,18.814180374145508,1,1,1.0,1.0,1.0
hf_github_codereview,7cf810ca88f1705a,0.9645953178405762,0.9645953178405762,0.9645953178405762,0.9645953178405762,0.9645954966545105,0.9645953178405762,0.0,18.82825469970703,18.19394302368164,1,1,1.0,1.0,1.0
hf_github_codereview,42ac4f80e75d9d76,0.9686884880065918,0.9495592713356018,0.03825843334197998,0.9495592713356018,0.9547947645187378,0.9686884880065918,0.0,19.600479125976562,18.923498153686523,1,2,1.0,1.0,1.0
hf_github_codereview,1bf33753504d60f3,0.9737024903297424,0.9737024903297424,0.9737024903297424,0.9737024903297424,0.9737023711204529,0.9737024903297424,0.0,18.96302032470703,18.657407760620117,1,1,1.0,1.0,1.0
hf_github_codereview,b7e9df0eb804c2b5,0.9431366920471191,0.9423865973949432,0.0015001893043518066,0.9423865973949432,0.9537213444709778,0.9431366920471191,0.0,18.007415771484375,18.851497650146484,1,2,1.0,1.0,1.0
hf_github_codereview,e2081f7652401c3b,0.9761161804199219,0.9761161804199219,0.9761161804199219,0.9761161804199219,0.9761161804199219,0.9761161804199219,0.0,18.810749053955078,18.106685638427734,1,1,1.0,1.0,1.0
hf_github_codereview,b5694b542c2cf39b,0.9902838468551636,0.9414209524790446,0.06984424591064453,0.9414209524790446,0.9648884534835815,0.9902838468551636,0.0,19.06092071533203,18.99996058146159,1,3,1.0,1.0,1.0
hf_github_codereview,1aa7644d368ea43b,0.9510946869850159,0.9049639701843262,0.053119540214538574,0.9049639701843262,0.9427167177200317,0.9510946869850159,0.0,18.67925453186035,18.871458689371746,1,3,1.0,1.0,1.0
hf_github_codereview,c2d89d0281ff1506,0.9350078105926514,0.8793431123097738,0.021985292434692383,0.8793431123097738,0.9413348436355591,0.9350078105926514,0.0,18.307655334472656,18.645980834960938,1,3,1.0,1.0,0.6666666666666666
hf_github_codereview,4bd5d68679a88b1b,0.9872734546661377,0.9439238508542379,0.06022685766220093,0.9439238508542379,0.9674537181854248,0.9872734546661377,0.0,18.895505905151367,18.99996058146159,1,3,1.0,1.0,1.0
hf_github_codereview,407860575f31504a,0.9639396071434021,0.9639396071434021,0.9639396071434021,0.9639396071434021,0.9639396071434021,0.9639396071434021,0.0,19.52417755126953,18.991029739379883,1,1,1.0,1.0,1.0
hf_github_codereview,bcba4ef5c338c8c5,0.9384154081344604,0.9384154081344604,0.9384154081344604,0.9384154081344604,0.9384154081344604,0.9384154081344604,0.0,18.284770965576172,19.45087432861328,1,1,1.0,1.0,1.0
hf_github_codereview,b1534e5cacb3f4bb,0.9384154081344604,0.9384154081344604,0.9384154081344604,0.9384154081344604,0.9384154081344604,0.9384154081344604,0.0,18.284770965576172,19.45087432861328,1,1,1.0,1.0,1.0
hf_github_codereview,85a2e03f6c2bd261,0.9384154081344604,0.9384154081344604,0.9384154081344604,0.9384154081344604,0.9384154081344604,0.9384154081344604,0.0,18.284770965576172,19.45087432861328,1,1,1.0,1.0,1.0
hf_github_codereview,575911eeef17810e,0.9522970914840698,0.9522970914840698,0.9522970914840698,0.9522970914840698,0.9522970914840698,0.9522970914840698,0.0,18.284770965576172,19.484638214111328,1,1,1.0,1.0,1.0
hf_github_codereview,0dd64e53e5f2605c,0.9522970914840698,0.9522970914840698,0.9522970914840698,0.9522970914840698,0.9522970914840698,0.9522970914840698,0.0,18.284770965576172,19.484638214111328,1,1,1.0,1.0,1.0
hf_github_codereview,3afeedba6ed6b618,0.9384154081344604,0.9384154081344604,0.9384154081344604,0.9384154081344604,0.9384154081344604,0.9384154081344604,0.0,18.284770965576172,19.45087432861328,1,1,1.0,1.0,1.0
hf_github_codereview,7ad35a967c0fd604,0.9384154081344604,0.9384154081344604,0.9384154081344604,0.9384154081344604,0.9384154081344604,0.9384154081344604,0.0,18.284770965576172,19.45087432861328,1,1,1.0,1.0,1.0
hf_github_codereview,0e8e395a595db16f,0.9384154081344604,0.9384154081344604,0.9384154081344604,0.9384154081344604,0.9384154081344604,0.9384154081344604,0.0,18.284770965576172,19.45087432861328,1,1,1.0,1.0,1.0
hf_github_codereview,e7808c47ef20744b,0.9384154081344604,0.9384154081344604,0.9384154081344604,0.9384154081344604,0.9384154081344604,0.9384154081344604,0.0,18.284770965576172,19.45087432861328,1,1,1.0,1.0,1.0
hf_github_codereview,9bbc639a896c0b47,0.978525698184967,0.9694726169109344,0.018106162548065186,0.9694726169109344,0.9732570648193359,0.978525698184967,0.0,19.331954956054688,19.23044776916504,1,2,1.0,1.0,1.0
hf_github_codereview,177b74498e724742,0.978525698184967,0.9694726169109344,0.018106162548065186,0.9694726169109344,0.9732570648193359,0.978525698184967,0.0,19.331954956054688,19.23044776916504,1,2,1.0,1.0,1.0
hf_github_codereview,717777da5938da55,0.9602720737457275,0.9429739117622375,0.03459632396697998,0.9429739117622375,0.9649753570556641,0.9602720737457275,0.0,19.331954956054688,18.696928024291992,1,2,1.0,1.0,1.0
hf_github_codereview,1ed73cf75130bf6e,0.9915957450866699,0.9851054251194,0.012980639934539795,0.9851054251194,0.9889508485794067,0.9915957450866699,0.0,19.451692581176758,19.23044776916504,1,2,1.0,1.0,1.0
hf_github_codereview,20ebdb67c878e60f,0.9915957450866699,0.9851054251194,0.012980639934539795,0.9851054251194,0.9889508485794067,0.9915957450866699,0.0,19.451692581176758,19.23044776916504,1,2,1.0,1.0,1.0
hf_github_codereview,a4ee76e13190e819,0.9915957450866699,0.9851054251194,0.012980639934539795,0.9851054251194,0.9889508485794067,0.9915957450866699,0.0,19.451692581176758,19.23044776916504,1,2,1.0,1.0,1.0
hf_github_codereview,cefecc1f7b8a52b0,0.9915957450866699,0.983722597360611,0.01574629545211792,0.983722597360611,0.9880287051200867,0.9915957450866699,0.0,19.451692581176758,19.20263671875,1,2,1.0,1.0,1.0
hf_github_codereview,ca0b7740a0802c03,0.978525698184967,0.9694726169109344,0.018106162548065186,0.9694726169109344,0.9732570648193359,0.978525698184967,0.0,19.331954956054688,19.23044776916504,1,2,1.0,1.0,1.0
hf_github_codereview,70262ac75a3fe651,0.978525698184967,0.9694726169109344,0.018106162548065186,0.9694726169109344,0.9732570648193359,0.978525698184967,0.0,19.331954956054688,19.23044776916504,1,2,1.0,1.0,1.0
hf_github_codereview,e2a12d1485e45a08,0.978525698184967,0.9684934914112091,0.02006441354751587,0.9684934914112091,0.9727329015731812,0.978525698184967,0.0,19.331954956054688,19.20263671875,1,2,1.0,1.0,1.0
hf_github_codereview,e0c973ba44cf06dd,0.9915957450866699,0.9851054251194,0.012980639934539795,0.9851054251194,0.9889508485794067,0.9915957450866699,0.0,19.451692581176758,19.23044776916504,1,2,1.0,1.0,1.0
hf_github_codereview,507bf16cbf087b93,0.9915957450866699,0.9851054251194,0.012980639934539795,0.9851054251194,0.9889508485794067,0.9915957450866699,0.0,19.451692581176758,19.23044776916504,1,2,1.0,1.0,1.0
hf_github_codereview,9f7878be8911ee0f,0.9915957450866699,0.983722597360611,0.01574629545211792,0.983722597360611,0.9880287051200867,0.9915957450866699,0.0,19.451692581176758,19.20263671875,1,2,1.0,1.0,1.0
hf_github_codereview,fc1f6fee46c2e3b0,0.9915957450866699,0.9851054251194,0.012980639934539795,0.9851054251194,0.9889508485794067,0.9915957450866699,0.0,19.451692581176758,19.23044776916504,1,2,1.0,1.0,1.0
hf_github_codereview,229ae8490649c5cf,0.9915957450866699,0.9851054251194,0.012980639934539795,0.9851054251194,0.9889508485794067,0.9915957450866699,0.0,19.451692581176758,19.23044776916504,1,2,1.0,1.0,1.0
hf_github_codereview,f84e44345c91c823,0.9915957450866699,0.9851054251194,0.012980639934539795,0.9851054251194,0.9889508485794067,0.9915957450866699,0.0,19.451692581176758,19.23044776916504,1,2,1.0,1.0,1.0
hf_github_codereview,cd44c32d9c61f320,0.9824275970458984,0.9708863496780396,0.023082494735717773,0.9708863496780396,0.9794214963912964,0.9824275970458984,0.0,19.489253997802734,19.218923568725586,1,2,1.0,1.0,1.0
hf_github_codereview,fec34497e39f7c7a,0.9902550578117371,0.9902550578117371,0.9902550578117371,0.9902550578117371,0.9902550578117371,0.9902550578117371,0.0,18.14925193786621,18.14720916748047,1,1,1.0,1.0,1.0
hf_github_codereview,eb6a55cee7ab1dc7,0.9020563364028931,0.9020563364028931,0.9020563364028931,0.9020563364028931,0.9020563960075378,0.9020563364028931,0.0,19.057897567749023,18.152950286865234,1,1,1.0,1.0,1.0
hf_github_codereview,b4e4de2346f59ce0,0.9151419401168823,0.9151419401168823,0.9151419401168823,0.9151419401168823,0.9151419401168823,0.9151419401168823,0.0,19.480730056762695,18.40979766845703,1,1,1.0,1.0,1.0
hf_github_codereview,1bba226e8bbc20e7,0.9235810041427612,0.9235810041427612,0.9235810041427612,0.9235810041427612,0.9235810041427612,0.9235810041427612,0.0,18.816802978515625,18.14720916748047,1,1,1.0,1.0,1.0
hf_github_codereview,61b0034bbdd501f3,0.9836412072181702,0.9800865352153778,0.007109344005584717,0.9800865352153778,0.9921993017196655,0.9836412072181702,0.0,18.72723960876465,18.596468925476074,1,2,1.0,1.0,1.0
hf_github_codereview,68b00bd5edf968af,0.9847317337989807,0.9570590257644653,0.05534541606903076,0.9570590257644653,0.9713267087936401,0.9847317337989807,0.0,19.292213439941406,18.488526344299316,1,2,1.0,1.0,1.0
hf_github_codereview,5c6224e80a34c43d,0.9077526926994324,0.9077526926994324,0.9077526926994324,0.9077526926994324,0.9077528119087219,0.9077526926994324,0.0,19.877683639526367,18.270151138305664,1,1,1.0,1.0,1.0
hf_github_codereview,3c6cbfb703c6f5d8,0.9233933687210083,0.9233933687210083,0.9233933687210083,0.9233933687210083,0.9233933687210083,0.9233933687210083,0.0,19.349365234375,18.407535552978516,1,1,1.0,1.0,1.0
hf_github_codereview,1c243745d93ca966,0.9066203832626343,0.9066203832626343,0.9066203832626343,0.9066203832626343,0.9066203832626343,0.9066203832626343,0.0,18.67744255065918,18.21204376220703,1,1,1.0,1.0,1.0
hf_github_codereview,e7136967b714a8f3,0.8945351839065552,0.8945351839065552,0.8945351839065552,0.8945351839065552,0.8945351839065552,0.8945351839065552,0.0,19.50929069519043,18.407535552978516,1,1,1.0,1.0,1.0
hf_github_codereview,2cefd0643049618c,0.819446325302124,0.819446325302124,0.819446325302124,0.819446325302124,0.8194463849067688,0.819446325302124,0.0,18.157400131225586,18.34527015686035,1,1,1.0,1.0,1.0
hf_github_codereview,93dfb22d330e3784,0.9744746088981628,0.9470916390419006,0.054765939712524414,0.9470916390419006,0.965930700302124,0.9744746088981628,0.0,19.48093605041504,18.746161460876465,1,2,1.0,1.0,1.0
hf_github_codereview,c785f028d97275c1,0.8416060209274292,0.8416060209274292,0.8416060209274292,0.8416060209274292,0.8416060209274292,0.8416060209274292,0.0,19.281999588012695,18.313373565673828,1,1,1.0,1.0,1.0
hf_github_codereview,a36082081b0d2964,0.9409211277961731,0.9365376830101013,0.008766889572143555,0.9365376830101013,0.9527391195297241,0.9409211277961731,0.0,17.905241012573242,18.766051292419434,1,2,1.0,1.0,1.0
hf_github_codereview,c093655c2decf19c,0.9363700151443481,0.9363700151443481,0.9363700151443481,0.9363700151443481,0.9363701343536377,0.9363700151443481,0.0,18.631553649902344,18.292654037475586,1,1,1.0,1.0,1.0
hf_github_codereview,8fa59776700922c9,0.9744746088981628,0.9470916390419006,0.054765939712524414,0.9470916390419006,0.965930700302124,0.9744746088981628,0.0,19.48093605041504,18.746161460876465,1,2,1.0,1.0,1.0
hf_github_codereview,6e3ea37044e21a86,0.9285226464271545,0.9285226464271545,0.9285226464271545,0.9285226464271545,0.9285227060317993,0.9285226464271545,0.0,18.114887237548828,18.238746643066406,1,1,1.0,1.0,1.0
hf_github_codereview,43df5fd09cbf72ed,0.9763846397399902,0.9261534214019775,0.10046243667602539,0.9261534214019775,0.9459371566772461,0.9763846397399902,0.0,19.681344985961914,18.83267593383789,1,2,1.0,1.0,1.0
hf_github_codereview,9f808acb6ed7b78d,0.8930368423461914,0.8930368423461914,0.8930368423461914,0.8930368423461914,0.8930368423461914,0.8930368423461914,0.0,19.012815475463867,18.165626525878906,1,1,1.0,1.0,1.0
hf_github_codereview,93f2bf04321b2c5a,0.9757506847381592,0.961775153875351,0.027951061725616455,0.961775153875351,0.9663440585136414,0.9757506847381592,0.0,18.899816513061523,18.967602729797363,1,2,1.0,1.0,1.0
hf_github_codereview,c43970bdba3a8b10,0.9724583625793457,0.9619614481925964,0.020993828773498535,0.9619614481925964,0.9665311574935913,0.9724583625793457,0.0,19.016666412353516,18.967602729797363,1,2,1.0,1.0,1.0
hf_github_codereview,e9badacac460e361,0.9519879817962646,0.9493061900138855,0.005363583564758301,0.9493061900138855,0.9645701050758362,0.9519879817962646,0.0,18.482946395874023,18.797029495239258,1,2,1.0,1.0,1.0
hf_github_codereview,dcf7e1e6cd7e782f,0.9628756046295166,0.9264047344525655,0.0524258017539978,0.9264047344525655,0.9453822374343872,0.9628756046295166,0.0,19.185367584228516,19.19506899515788,1,3,1.0,1.0,1.0
hf_github_codereview,c77139686fe3e28f,0.902747392654419,0.902747392654419,0.902747392654419,0.902747392654419,0.902747392654419,0.902747392654419,0.0,18.72542381286621,19.22408103942871,1,1,1.0,1.0,1.0
hf_github_codereview,e9edb587cf33d925,0.902747392654419,0.902747392654419,0.902747392654419,0.902747392654419,0.902747392654419,0.902747392654419,0.0,18.72542381286621,19.22408103942871,1,1,1.0,1.0,1.0
hf_github_codereview,4c764d745456a93b,0.902747392654419,0.902747392654419,0.902747392654419,0.902747392654419,0.902747392654419,0.902747392654419,0.0,18.72542381286621,19.22408103942871,1,1,1.0,1.0,1.0
hf_github_codereview,f30351832c746359,0.9235954284667969,0.9235954284667969,0.9235954284667969,0.9235954284667969,0.9235954284667969,0.9235954284667969,0.0,19.106096267700195,18.500537872314453,1,1,1.0,1.0,1.0
hf_github_codereview,c0cbb9002cae8f8d,0.9885782599449158,0.9731659591197968,0.030824601650238037,0.9731659591197968,0.9857329726219177,0.9885782599449158,0.0,18.871740341186523,18.58155632019043,1,2,1.0,1.0,1.0
hf_github_codereview,117ca4f1191bc8d4,1.0,1.0,1.0,1.0,1.0,1.0,0.0,19.36542510986328,19.36542510986328,1,1,1.0,1.0,1.0
hf_github_codereview,1b61ddec8b08d113,1.0,1.0,1.0,1.0,1.0,1.0,0.0,19.36542510986328,19.36542510986328,1,1,1.0,1.0,1.0
hf_github_codereview,b1dec6ca49a8f598,1.0,0.9723161458969116,0.05536770820617676,0.9723161458969116,0.9860609769821167,1.0,0.0,19.36542510986328,19.51804542541504,1,2,1.0,1.0,1.0
hf_github_codereview,872b4b783a1ba546,0.9888070821762085,0.9497690796852112,0.07807600498199463,0.9497690796852112,0.9701412916183472,0.9888070821762085,0.0,18.980424880981445,18.759203910827637,1,2,1.0,1.0,1.0
hf_github_codereview,bac04b363bbd82bd,0.9738126993179321,0.9373286962509155,0.0729680061340332,0.9373286962509155,0.953465461730957,0.9738126993179321,0.0,18.989164352416992,18.441113471984863,1,2,1.0,1.0,1.0
hf_github_codereview,f5af143ffa805707,0.9601505994796753,0.9406169652938843,0.03906726837158203,0.9406169652938843,0.9542751312255859,0.9601505994796753,0.0,19.069236755371094,18.962180137634277,1,2,1.0,1.0,1.0
hf_github_codereview,89859dd96e32a605,0.9582736492156982,0.9352206587791443,0.04610598087310791,0.9352206587791443,0.9607312679290771,0.9582736492156982,0.0,19.013368606567383,18.80758762359619,1,2,1.0,1.0,1.0
hf_github_codereview,232ded299a378f74,0.9580211639404297,0.955843985080719,0.004354357719421387,0.955843985080719,0.970420241355896,0.9580211639404297,0.0,19.1199893951416,18.908406257629395,1,2,1.0,1.0,1.0
hf_github_codereview,fd86d3f1a6821c76,0.9839937686920166,0.9570308029651642,0.053925931453704834,0.9570308029651642,0.9775587320327759,0.9839937686920166,0.0,18.716108322143555,18.759203910827637,1,2,1.0,1.0,1.0
hf_github_codereview,f959e052c5338a8d,0.9393153190612793,0.9282878041267395,0.02205502986907959,0.9282878041267395,0.9332399368286133,0.9393153190612793,0.0,19.092388153076172,18.81840419769287,1,2,1.0,1.0,1.0
hf_github_codereview,8f4c7c48303ee5c6,0.9702799320220947,0.942058652639389,0.05644255876541138,0.942058652639389,0.9622654914855957,0.9702799320220947,0.0,19.338212966918945,18.759203910827637,1,2,1.0,1.0,1.0
hf_github_codereview,19d65fefa59c01b3,0.9674067497253418,0.9640206098556519,0.006772279739379883,0.9640206098556519,0.975143313407898,0.9674067497253418,0.0,19.050003051757812,18.999133110046387,1,2,1.0,1.0,1.0
hf_github_codereview,5cd8952eb5442632,0.8601248860359192,0.8441271781921387,0.031995415687561035,0.8441271781921387,0.8689928650856018,0.8601248860359192,0.0,18.912151336669922,18.785785675048828,1,2,1.0,1.0,1.0
hf_github_codereview,7a90b96afe7dcd03,0.8941278457641602,0.8941278457641602,0.8941278457641602,0.8941278457641602,0.8941278457641602,0.8941278457641602,0.0,18.77130889892578,19.36542510986328,1,1,1.0,1.0,1.0
hf_github_codereview,4fa12d050eb5a215,0.938292920589447,0.9132798314094543,0.05002617835998535,0.9132798314094543,0.9265412092208862,0.938292920589447,0.0,18.46644401550293,18.962180137634277,1,2,1.0,1.0,1.0
hf_github_codereview,57a195e1c8cdd5f9,0.875810444355011,0.875810444355011,0.875810444355011,0.875810444355011,0.875810444355011,0.875810444355011,0.0,18.80950927734375,19.36542510986328,1,1,1.0,1.0,1.0
hf_github_codereview,5feca67ce87ea986,0.9453014731407166,0.9105559587478638,0.06949102878570557,0.9105559587478638,0.9234277606010437,0.9453014731407166,0.0,18.80950927734375,19.51804542541504,1,2,1.0,1.0,1.0
hf_github_codereview,837a32dab868dc33,0.9339671730995178,0.8953616321086884,0.07721108198165894,0.8953616321086884,0.9080185294151306,0.9339671730995178,0.0,19.147510528564453,19.51804542541504,1,2,1.0,1.0,1.0
hf_github_codereview,25cc71e85890f6f2,0.8956279158592224,0.8956279158592224,0.8956279158592224,0.8956279158592224,0.8956279158592224,0.8956279158592224,0.0,18.788768768310547,19.36542510986328,1,1,1.0,1.0,1.0
hf_github_codereview,fa53c87748ac5f89,0.9393153190612793,0.9282878041267395,0.02205502986907959,0.9282878041267395,0.9332399368286133,0.9393153190612793,0.0,19.092388153076172,18.81840419769287,1,2,1.0,1.0,1.0
hf_github_codereview,d77c713c0c1c1adc,0.8809815645217896,0.8809815645217896,0.8809815645217896,0.8809815645217896,0.8809815645217896,0.8809815645217896,0.0,19.208580017089844,19.36542510986328,1,1,1.0,1.0,1.0
hf_github_codereview,db6be60a46829f83,0.9517562389373779,0.9187696278095245,0.06597322225570679,0.9187696278095245,0.9317574501037598,0.9517562389373779,0.0,18.87505531311035,19.51804542541504,1,2,1.0,1.0,1.0
hf_github_codereview,44970955bc60bcb5,0.875810444355011,0.875810444355011,0.875810444355011,0.875810444355011,0.875810444355011,0.875810444355011,0.0,18.80950927734375,19.36542510986328,1,1,1.0,1.0,1.0
hf_github_codereview,62d7a02598d0ef20,0.958801805973053,0.9184595346450806,0.08068454265594482,0.9184595346450806,0.9390199780464172,0.958801805973053,0.0,18.931373596191406,19.109339714050293,1,2,1.0,1.0,1.0
hf_github_codereview,e0bbceaeadf55f5c,0.970590353012085,0.9323888123035431,0.07640308141708374,0.9323888123035431,0.948440432548523,0.970590353012085,0.0,19.103002548217773,18.441113471984863,1,2,1.0,1.0,1.0
hf_github_codereview,ad1a3d266e8519dc,0.9582048654556274,0.9477443695068359,0.020920991897583008,0.9477443695068359,0.9733733534812927,0.9582048654556274,0.0,19.043201446533203,18.647306442260742,1,2,1.0,1.0,1.0
hf_github_codereview,9ded18abb70c2aef,0.9687209129333496,0.9226268529891968,0.09218811988830566,0.9226268529891968,0.9468127489089966,0.9687209129333496,0.0,18.568809509277344,18.402814865112305,1,2,1.0,1.0,1.0
hf_github_codereview,6315c34a3f6d081e,0.9368939995765686,0.9368939995765686,0.9368939995765686,0.9368939995765686,0.9368939399719238,0.9368939995765686,0.0,18.94401741027832,18.547008514404297,1,1,1.0,1.0,1.0
hf_github_codereview,fe6d153ebc5db522,0.9240838289260864,0.9240838289260864,0.9240838289260864,0.9240838289260864,0.9240838289260864,0.9240838289260864,0.0,18.536102294921875,17.765981674194336,1,1,1.0,1.0,1.0
hf_github_codereview,80ea6806b5c52eea,0.9368939995765686,0.9368939995765686,0.9368939995765686,0.9368939995765686,0.9368939399719238,0.9368939995765686,0.0,18.94401741027832,18.547008514404297,1,1,1.0,1.0,1.0
hf_github_codereview,cdfe083a8ab3d326,0.9096929430961609,0.9096929430961609,0.9096929430961609,0.9096929430961609,0.9096930027008057,0.9096929430961609,0.0,19.315593719482422,18.62950325012207,1,1,1.0,1.0,1.0
hf_github_codereview,46b7e31da7864733,0.9240051507949829,0.9240051507949829,0.9240051507949829,0.9240051507949829,0.9240051507949829,0.9240051507949829,0.0,18.589815139770508,17.765981674194336,1,1,1.0,1.0,1.0
hf_github_codereview,6a422ea79b99dcf1,0.9585939645767212,0.9559364914894104,0.005314946174621582,0.9559364914894104,0.9610116481781006,0.9585939645767212,0.0,18.33220100402832,18.949939727783203,1,2,1.0,1.0,1.0
hf_github_codereview,741eb44917c96f4c,0.9671013355255127,0.9671013355255127,0.9671013355255127,0.9671013355255127,0.9671012163162231,0.9671013355255127,0.0,18.707717895507812,18.483856201171875,1,1,1.0,1.0,1.0
hf_github_codereview,261ff110d53a8196,0.9689750075340271,0.9689750075340271,0.9689750075340271,0.9689750075340271,0.9689749479293823,0.9689750075340271,0.0,19.100730895996094,18.483856201171875,1,1,1.0,1.0,1.0
hf_github_codereview,539a64538d72da68,0.9927705526351929,0.983065664768219,0.019409775733947754,0.983065664768219,0.9927678108215332,0.9927705526351929,0.0,18.42027473449707,18.289073944091797,1,2,1.0,1.0,1.0
hf_github_codereview,6fb58e85b60fae5e,0.9903839230537415,0.9903839230537415,0.9903839230537415,0.9903839230537415,0.9903839230537415,0.9903839230537415,0.0,17.915138244628906,17.433692932128906,1,1,1.0,1.0,1.0
hf_github_codereview,f670a96639f1bf7b,0.9903839230537415,0.9903839230537415,0.9903839230537415,0.9903839230537415,0.9903839230537415,0.9903839230537415,0.0,17.915138244628906,17.433692932128906,1,1,1.0,1.0,1.0
hf_github_codereview,23361acb2d88f392,0.9927705526351929,0.983065664768219,0.019409775733947754,0.983065664768219,0.9927678108215332,0.9927705526351929,0.0,18.42027473449707,18.289073944091797,1,2,1.0,1.0,1.0
hf_github_codereview,6084190de7100735,0.9417452812194824,0.9296581745147705,0.024174213409423828,0.9296581745147705,0.9353057146072388,0.9417452812194824,0.0,19.219642639160156,18.315110206604004,1,2,1.0,1.0,1.0
hf_github_codereview,4e94c32146d9513f,0.9442691802978516,0.936629980802536,0.015278398990631104,0.936629980802536,0.945288896560669,0.9442691802978516,0.0,19.219642639160156,18.515708923339844,1,2,1.0,1.0,1.0
hf_github_codereview,78ece8c6a0df736d,0.9933339953422546,0.9933339953422546,0.9933339953422546,0.9933339953422546,0.9933340549468994,0.9933339953422546,0.0,18.18640899658203,17.886804580688477,1,1,1.0,1.0,1.0
hf_github_codereview,b6091b9327c7695e,0.9933339953422546,0.9933339953422546,0.9933339953422546,0.9933339953422546,0.9933340549468994,0.9933339953422546,0.0,18.18640899658203,17.886804580688477,1,1,1.0,1.0,1.0
hf_github_codereview,a1f6a1cce1a84b13,0.9933339953422546,0.9933339953422546,0.9933339953422546,0.9933339953422546,0.9933340549468994,0.9933339953422546,0.0,18.18640899658203,17.886804580688477,1,1,1.0,1.0,1.0
hf_github_codereview,b57368401bceff1e,0.9933339953422546,0.9933339953422546,0.9933339953422546,0.9933339953422546,0.9933340549468994,0.9933339953422546,0.0,18.18640899658203,17.886804580688477,1,1,1.0,1.0,1.0
hf_github_codereview,b62dfeb06ed31da8,0.9933339953422546,0.9933339953422546,0.9933339953422546,0.9933339953422546,0.9933340549468994,0.9933339953422546,0.0,18.18640899658203,17.886804580688477,1,1,1.0,1.0,1.0
hf_github_codereview,878eaa6f434beeac,0.9933339953422546,0.9933339953422546,0.9933339953422546,0.9933339953422546,0.9933340549468994,0.9933339953422546,0.0,18.18640899658203,17.886804580688477,1,1,1.0,1.0,1.0
hf_github_codereview,87de9ef3dc1f3f6f,0.9967944025993347,0.9967944025993347,0.9967944025993347,0.9967944025993347,0.9967943429946899,0.9967944025993347,0.0,18.7359561920166,18.86738395690918,1,1,1.0,1.0,1.0
hf_github_codereview,2998ea48a689814d,0.9637410640716553,0.9236146807670593,0.0802527666091919,0.9236146807670593,0.9506983160972595,0.9637410640716553,0.0,18.155715942382812,18.571155548095703,1,2,1.0,1.0,1.0
hf_github_codereview,d1a228ef4b0a08e7,0.9845945835113525,0.9845945835113525,0.9845945835113525,0.9845945835113525,0.9845945835113525,0.9845945835113525,0.0,18.390989303588867,18.86738395690918,1,1,1.0,1.0,1.0
hf_github_codereview,df91264810c03221,0.9967944025993347,0.9967944025993347,0.9967944025993347,0.9967944025993347,0.9967943429946899,0.9967944025993347,0.0,18.7359561920166,18.86738395690918,1,1,1.0,1.0,1.0
hf_github_codereview,a0d44312538a8316,0.9967944025993347,0.9575132926305135,0.04462331533432007,0.9575132926305135,0.985774040222168,0.9967944025993347,0.0,18.7359561920166,19.066539764404297,1,3,1.0,1.0,1.0
hf_github_codereview,661500d0c05e9023,0.9845945835113525,0.9705415070056915,0.02810615301132202,0.9705415070056915,0.9800989031791687,0.9845945835113525,0.0,18.390989303588867,18.65495204925537,1,2,1.0,1.0,1.0
hf_github_codereview,899942407a7e7435,0.9967944025993347,0.964987725019455,0.06361335515975952,0.964987725019455,0.9817681312561035,0.9967944025993347,0.0,18.7359561920166,18.77128505706787,1,2,1.0,1.0,1.0
hf_github_codereview,2d3ed4d19c8d9a6f,0.9967944025993347,0.9576996862888336,0.0781894326210022,0.9576996862888336,0.9809675812721252,0.9967944025993347,0.0,18.7359561920166,18.656156539916992,1,2,1.0,1.0,1.0
hf_github_codereview,5fa5f5913ff98d09,0.9967944025993347,0.9856462180614471,0.022296369075775146,0.9856462180614471,0.9920244812965393,0.9967944025993347,0.0,18.7359561920166,18.81884479522705,1,2,1.0,1.0,1.0
hf_github_codereview,39202a12db0018d9,0.9967944025993347,0.9927714765071869,0.008045852184295654,0.9927714765071869,0.9943044185638428,0.9967944025993347,0.0,18.7359561920166,19.04227066040039,1,2,1.0,1.0,1.0
hf_github_codereview,5a76ef5ccb350cad,0.9967944025993347,0.9716348350048065,0.050319135189056396,0.9716348350048065,0.9869981408119202,0.9967944025993347,0.0,18.7359561920166,18.936250686645508,1,2,1.0,1.0,1.0
hf_github_codereview,813f0a866e4b4c6a,0.9836389422416687,0.9701600968837738,0.026957690715789795,0.9701600968837738,0.9751095175743103,0.9836389422416687,0.0,19.18490219116211,19.54851722717285,1,2,1.0,1.0,1.0
hf_github_codereview,4c39f41a6aed253f,0.9434438943862915,0.9221378167470297,0.006888866424560547,0.9221378167470297,0.9411479234695435,0.9434438943862915,0.0,19.665956497192383,18.33816655476888,1,3,1.0,1.0,1.0
hf_github_codereview,29060718fa82ae36,0.94010329246521,0.9395240545272827,0.0011584758758544922,0.9395240545272827,0.9491127133369446,0.94010329246521,0.0,18.18640899658203,18.295167922973633,1,2,1.0,1.0,1.0
hf_github_codereview,1c651ff2b767a54c,0.94010329246521,0.9395240545272827,0.0011584758758544922,0.9395240545272827,0.9491127133369446,0.94010329246521,0.0,18.18640899658203,18.295167922973633,1,2,1.0,1.0,1.0
hf_github_codereview,81ed81e616834ea0,0.94010329246521,0.94010329246521,0.94010329246521,0.94010329246521,0.94010329246521,0.94010329246521,0.0,18.18640899658203,18.346553802490234,1,1,1.0,1.0,1.0
hf_github_codereview,0b33de3f1aa097e3,0.94010329246521,0.9306515753269196,0.01890343427658081,0.9306515753269196,0.9383618831634521,0.94010329246521,0.0,18.18640899658203,18.56070327758789,1,2,1.0,1.0,1.0
hf_github_codereview,74d91e006982d72b,0.95278400182724,0.9476745426654816,0.010218918323516846,0.9476745426654816,0.9614034295082092,0.95278400182724,0.0,18.152185440063477,18.640719413757324,1,2,1.0,1.0,1.0
hf_github_codereview,aea8336e0b449093,0.94010329246521,0.9231998920440674,0.033806800842285156,0.9231998920440674,0.9362236261367798,0.94010329246521,0.0,18.18640899658203,18.760744094848633,1,2,1.0,1.0,1.0
hf_github_codereview,e1b429d6d109c2f1,0.9994538426399231,0.9994538426399231,0.9994538426399231,0.9994538426399231,0.9994536638259888,0.9994538426399231,0.0,19.40501594543457,19.30653953552246,1,1,1.0,1.0,1.0
hf_github_codereview,248b332987f5c156,0.9854175448417664,0.9700943827629089,0.030646324157714844,0.9700943827629089,0.9823732376098633,0.9854175448417664,0.0,18.351743698120117,18.7938814163208,1,2,1.0,1.0,1.0
hf_github_codereview,4835eea0275ebe98,0.9595898389816284,0.9595898389816284,0.9595898389816284,0.9595898389816284,0.9595900177955627,0.9595898389816284,0.0,19.570222854614258,18.694429397583008,1,1,1.0,1.0,1.0
hf_github_codereview,00f3016b8c544657,0.9791067242622375,0.9762865602970123,0.0056403279304504395,0.9762865602970123,0.988817572593689,0.9791067242622375,0.0,18.650344848632812,18.426156044006348,1,2,1.0,1.0,1.0
hf_github_codereview,a67251f8c89cf639,0.9222525358200073,0.9204734265804291,0.003558218479156494,0.9204734265804291,0.9246631860733032,0.9222525358200073,0.0,18.650861740112305,18.526796340942383,1,2,1.0,1.0,1.0
hf_github_codereview,8b8352db6a0dc703,0.9769287705421448,0.9552024801572164,0.02302771806716919,0.9552024801572164,0.968172550201416,0.9769287705421448,0.0,18.694210052490234,18.657517115275066,1,3,1.0,1.0,1.0
hf_github_codereview,8b5a21ddbf02cead,0.9808304309844971,0.9808304309844971,0.9808304309844971,0.9808304309844971,0.9808305501937866,0.9808304309844971,0.0,18.973979949951172,18.641496658325195,1,1,1.0,1.0,1.0
hf_github_codereview,990331ccd75a4717,0.9562643766403198,0.9562643766403198,0.9562643766403198,0.9562643766403198,0.9562643766403198,0.9562643766403198,0.0,19.645153045654297,18.671180725097656,1,1,1.0,1.0,1.0
hf_github_codereview,68a25167e9785fe6,0.9696578979492188,0.9696578979492188,0.9696578979492188,0.9696578979492188,0.9696579575538635,0.9696578979492188,0.0,19.314252853393555,19.503171920776367,1,1,1.0,1.0,1.0
hf_github_codereview,a68c42850787b869,0.9683395624160767,0.9503352244695028,0.025715351104736328,0.9503352244695028,0.9640834331512451,0.9683395624160767,0.0,19.02333641052246,18.620015462239582,1,3,1.0,1.0,1.0
hf_github_codereview,54764a496dca4ad3,0.9505786895751953,0.9505786895751953,0.9505786895751953,0.9505786895751953,0.9505786895751953,0.9505786895751953,0.0,18.988243103027344,18.752622604370117,1,1,1.0,1.0,1.0
hf_github_codereview,9084ffa29dcbd67b,0.9493024945259094,0.9467935264110565,0.0050179362297058105,0.9467935264110565,0.9507094621658325,0.9493024945259094,0.0,18.694210052490234,18.517953872680664,1,2,1.0,1.0,1.0
hf_github_codereview,5940d9bbadfd4b77,0.9468986392021179,0.9366895854473114,0.020418107509613037,0.9366895854473114,0.9466519951820374,0.9468986392021179,0.0,19.686920166015625,18.927383422851562,1,2,1.0,1.0,1.0
hf_github_codereview,398b6c0aecd5e562,0.8531348705291748,0.8484327793121338,0.009404182434082031,0.8484327793121338,0.8549094200134277,0.8531348705291748,0.0,18.318889617919922,19.07865810394287,1,2,1.0,1.0,1.0
hf_github_codereview,6979f73fc6492bc3,0.8998379707336426,0.8998379707336426,0.8998379707336426,0.8998379707336426,0.8998379707336426,0.8998379707336426,0.0,19.034727096557617,17.867212295532227,1,1,1.0,1.0,1.0
hf_github_codereview,aa16090dadff6953,0.9727157354354858,0.9727157354354858,0.9727157354354858,0.9727157354354858,0.9727157354354858,0.9727157354354858,0.0,19.11951446533203,18.254619598388672,1,1,1.0,1.0,1.0
hf_github_codereview,450db6340de3afd4,0.9862043857574463,0.9748952090740204,0.022618353366851807,0.9748952090740204,0.980664074420929,0.9862043857574463,0.0,19.389144897460938,19.037376403808594,1,2,1.0,1.0,1.0
hf_github_codereview,4474890e339eddc4,0.9652523994445801,0.907498300075531,0.11550819873809814,0.907498300075531,0.9289301037788391,0.9652523994445801,0.0,19.431564331054688,18.45712184906006,1,2,1.0,1.0,1.0
hf_github_codereview,0553bf584d95b2a5,0.9845871925354004,0.9759915769100189,0.01719123125076294,0.9759915769100189,0.9833006858825684,0.9845871925354004,0.0,19.537813186645508,18.96457862854004,1,2,1.0,1.0,1.0
hf_github_codereview,40d366f6faa21c43,0.9754087924957275,0.9754087924957275,0.9754087924957275,0.9754087924957275,0.9754089117050171,0.9754087924957275,0.0,19.345582962036133,18.427696228027344,1,1,1.0,1.0,1.0
hf_github_codereview,cc0a90c48d979a30,0.9826829433441162,0.9711841344833374,0.022997617721557617,0.9711841344833374,0.9769311547279358,0.9826829433441162,0.0,19.57352066040039,19.037376403808594,1,2,1.0,1.0,1.0
hf_github_codereview,05d7def79c23c328,0.9981099367141724,0.9690781633059183,0.03903704881668091,0.9690781633059183,0.980781614780426,0.9981099367141724,0.0,19.5086727142334,19.050142923990887,1,3,1.0,1.0,1.0
hf_github_codereview,6396daf4d3c24f25,0.9926842451095581,0.9926842451095581,0.9926842451095581,0.9926842451095581,0.9926842451095581,0.9926842451095581,0.0,17.99842071533203,18.104206085205078,1,1,1.0,1.0,1.0
hf_github_codereview,0bcf7fe0c65f9bea,0.9360795021057129,0.9277135729789734,0.016731858253479004,0.9277135729789734,0.9635113477706909,0.9360795021057129,0.0,18.96685218811035,18.526443481445312,1,2,1.0,1.0,1.0
hf_github_codereview,188058a6d7bc649d,0.9760241508483887,0.9760241508483887,0.9760241508483887,0.9760241508483887,0.9760241508483887,0.9760241508483887,0.0,17.86822509765625,17.763723373413086,1,1,1.0,1.0,1.0
hf_github_codereview,5c066c426edbca12,0.974685549736023,0.974685549736023,0.974685549736023,0.974685549736023,0.974685549736023,0.974685549736023,0.0,17.65464973449707,17.763723373413086,1,1,1.0,1.0,1.0
hf_github_codereview,61e053a7a297cda3,0.9701597690582275,0.9510191679000854,0.002848505973815918,0.9510191679000854,0.9716809988021851,0.9701597690582275,0.0,19.4957218170166,18.53247324625651,1,3,1.0,1.0,1.0
hf_github_codereview,0889381c1c0197c0,0.9360795021057129,0.9277135729789734,0.016731858253479004,0.9277135729789734,0.9635113477706909,0.9360795021057129,0.0,18.96685218811035,18.526443481445312,1,2,1.0,1.0,1.0
hf_github_codereview,ee7fdeaa6e30f4c9,0.9846985340118408,0.9758622646331787,0.01767253875732422,0.9758622646331787,0.9863611459732056,0.9846985340118408,0.0,19.47885513305664,18.90290641784668,1,2,1.0,1.0,1.0
hf_github_codereview,88831df5f0c5ebfc,0.98926842212677,0.98926842212677,0.98926842212677,0.98926842212677,0.98926842212677,0.98926842212677,0.0,18.80152702331543,18.84523582458496,1,1,1.0,1.0,1.0
hf_github_codereview,7aed9bdee0e02459,0.9864516258239746,0.9864516258239746,0.9864516258239746,0.9864516258239746,0.9864516258239746,0.9864516258239746,0.0,19.177766799926758,18.84523582458496,1,1,1.0,1.0,1.0
hf_github_codereview,f791d5660a85f21a,0.9714800119400024,0.9315640926361084,0.07983183860778809,0.9315640926361084,0.9490899443626404,0.9714800119400024,0.0,18.80152702331543,18.796744346618652,1,2,1.0,1.0,1.0
hf_github_codereview,c325ee0acb08e0f4,0.99708491563797,0.99708491563797,0.99708491563797,0.99708491563797,0.99708491563797,0.99708491563797,0.0,19.165281295776367,19.066537857055664,1,1,1.0,1.0,1.0
hf_github_codereview,ca15b92b5f3e495b,0.9490671753883362,0.9264192283153534,0.045295894145965576,0.9264192283153534,0.9321384429931641,0.9490671753883362,0.0,18.336580276489258,18.639166831970215,1,2,1.0,1.0,1.0
hf_github_codereview,9fa4e4ebd3dceab5,0.8934183716773987,0.8934183716773987,0.8934183716773987,0.8934183716773987,0.8934184908866882,0.8934183716773987,0.0,18.569843292236328,18.039487838745117,1,1,1.0,1.0,1.0
hf_github_codereview,a60af311e3c7660d,0.9607195854187012,0.9607195854187012,0.9607195854187012,0.9607195854187012,0.9607194662094116,0.9607195854187012,0.0,18.259113311767578,19.125282287597656,1,1,1.0,1.0,1.0
hf_github_codereview,4d85e48a9897770c,0.9607195854187012,0.9607195854187012,0.9607195854187012,0.9607195854187012,0.9607194662094116,0.9607195854187012,0.0,18.259113311767578,19.125282287597656,1,1,1.0,1.0,1.0
hf_github_codereview,d9febd6a71f6783e,0.999894917011261,0.999894917011261,0.999894917011261,0.999894917011261,0.999894917011261,0.999894917011261,0.0,18.259113311767578,18.2756404876709,1,1,1.0,1.0,1.0
hf_github_codereview,a18b22b8ba16602f,1.0,0.9767901301383972,0.046419739723205566,0.9767901301383972,0.9883270859718323,1.0,0.0,18.284259796142578,18.67680835723877,1,2,1.0,1.0,1.0
hf_github_codereview,4a2271d7aa80a4fc,1.0,0.9624772071838379,0.05543243885040283,0.9624772071838379,0.9792249202728271,1.0,0.0,18.88836669921875,19.055107752482098,1,3,1.0,1.0,1.0
hf_github_codereview,b01e042e5ce73d70,1.0,0.9740495681762695,0.031026840209960938,0.9740495681762695,0.9873003959655762,1.0,0.0,18.259113311767578,18.560487111409504,1,3,1.0,1.0,1.0
hf_github_codereview,3d717386367a9b3a,0.974024772644043,0.9507259130477905,0.04659771919250488,0.9507259130477905,0.9645203948020935,0.974024772644043,0.0,19.238698959350586,19.0719575881958,1,2,1.0,1.0,1.0
hf_github_codereview,bc96d5c7da17380b,0.9747845530509949,0.9682359099388123,0.013097286224365234,0.9682359099388123,0.9728057980537415,0.9747845530509949,0.0,18.82890510559082,19.239569664001465,1,2,1.0,1.0,1.0
hf_github_codereview,fa4ba4c7091e8f29,0.994819164276123,0.994819164276123,0.994819164276123,0.994819164276123,0.994819164276123,0.994819164276123,0.0,19.07436180114746,19.074670791625977,1,1,1.0,1.0,1.0
hf_github_codereview,95d986d406d56dd5,0.97821044921875,0.97821044921875,0.97821044921875,0.97821044921875,0.9782106280326843,0.97821044921875,0.0,18.388099670410156,17.819902420043945,1,1,1.0,1.0,1.0
hf_github_codereview,a592a41f72386e70,0.9999997615814209,0.9999997615814209,0.9999997615814209,0.9999997615814209,0.9999999403953552,0.9999997615814209,0.0,17.819902420043945,17.819902420043945,1,1,1.0,1.0,1.0
hf_github_codereview,45d302563620774f,0.9731699228286743,0.9720619320869446,0.0022159814834594727,0.9720619320869446,0.979029655456543,0.9731699228286743,0.0,18.571048736572266,18.933074951171875,1,2,1.0,1.0,1.0
hf_github_codereview,7f7b1eeb62b2f2ed,0.9508534669876099,0.9426577687263489,0.016391396522521973,0.9426577687263489,0.9502022862434387,0.9508534669876099,0.0,20.20328140258789,19.066407203674316,1,2,1.0,1.0,1.0
hf_github_codereview,0b1dcdd8e3cecab3,0.9932934045791626,0.986908495426178,0.012769818305969238,0.986908495426178,0.99141526222229,0.9932934045791626,0.0,18.878978729248047,19.005895614624023,1,2,1.0,1.0,1.0
hf_github_codereview,06de37e6e00c4bf3,0.9427248239517212,0.9420682489871979,0.0013131499290466309,0.9420682489871979,0.9463841319084167,0.9427248239517212,0.0,18.170475006103516,18.871386528015137,1,2,1.0,1.0,1.0
hf_github_codereview,99c198614853dbc3,0.9778592586517334,0.9663510719935099,0.015595793724060059,0.9663510719935099,0.9828300476074219,0.9778592586517334,0.0,18.833356857299805,19.07301966349284,1,3,1.0,1.0,1.0
hf_github_codereview,22f8b32a55f83a9c,0.9400843977928162,0.9388710260391235,0.002426743507385254,0.9388710260391235,0.9459735155105591,0.9400843977928162,0.0,18.217252731323242,19.17551898956299,1,2,1.0,1.0,1.0
hf_github_codereview,b5f8471925e96076,0.9778592586517334,0.9663510719935099,0.015595793724060059,0.9663510719935099,0.9828300476074219,0.9778592586517334,0.0,18.833356857299805,19.07301966349284,1,3,1.0,1.0,1.0
hf_github_codereview,6fdec11db65fef9c,0.972096860408783,0.9684827327728271,0.007228255271911621,0.9684827327728271,0.976974368095398,0.972096860408783,0.0,18.226877212524414,18.703332901000977,1,2,1.0,1.0,1.0
hf_github_codereview,acecc80b6ee254a2,0.9791420698165894,0.9760614037513733,0.006161332130432129,0.9760614037513733,0.9816480875015259,0.9791420698165894,0.0,18.67726707458496,18.7576847076416,1,2,1.0,1.0,1.0
hf_github_codereview,87c7bbe472a3cac2,0.989256739616394,0.984138290087382,0.004967808723449707,0.984138290087382,0.9901166558265686,0.989256739616394,0.0,18.8577938079834,18.8292973836263,1,3,1.0,1.0,1.0
hf_github_codereview,8be4431e156fc2be,0.988505482673645,0.9807835022608439,0.0034695863723754883,0.9807835022608439,0.9878793954849243,0.988505482673645,0.0,18.9680233001709,18.861984252929688,1,3,1.0,1.0,1.0
hf_github_codereview,f14f6f4229e4654b,0.983837366104126,0.982156495253245,0.0019915103912353516,0.982156495253245,0.9875184297561646,0.983837366104126,0.0,18.569416046142578,18.824922561645508,1,3,1.0,1.0,1.0
hf_github_codereview,6007cc6f70feae6b,1.0,1.0,1.0,1.0,1.0,1.0,0.0,18.226877212524414,18.226877212524414,1,1,1.0,1.0,1.0
hf_github_codereview,e0b76d41b1e058da,0.9575859904289246,0.9575859904289246,0.9575859904289246,0.9575859904289246,0.9575860500335693,0.9575859904289246,0.0,18.49631690979004,18.7049617767334,1,1,1.0,1.0,1.0
hf_github_codereview,303afeaa8d1da3f7,0.9999999403953552,0.9999999403953552,0.9999999403953552,0.9999999403953552,1.0,0.9999999403953552,0.0,18.7049617767334,18.7049617767334,1,1,1.0,1.0,1.0
hf_github_codereview,98d5956fea219dcc,0.9911951422691345,0.9911951422691345,0.9911951422691345,0.9911951422691345,0.9911951422691345,0.9911951422691345,0.0,18.927663803100586,18.386608123779297,1,1,1.0,1.0,1.0
hf_github_codereview,39a806386cee5af9,0.9890847206115723,0.9890847206115723,0.9890847206115723,0.9890847206115723,0.9890847206115723,0.9890847206115723,0.0,18.898645401000977,18.386608123779297,1,1,1.0,1.0,1.0
hf_github_codereview,6e762cfe7da30219,0.9933751225471497,0.9933751225471497,0.9933751225471497,0.9933751225471497,0.993375301361084,0.9933751225471497,0.0,18.77398109436035,19.222755432128906,1,1,1.0,1.0,1.0
hf_github_codereview,74631c3af7b4a105,1.0,0.9637373387813568,0.07252532243728638,0.9637373387813568,0.9817013740539551,1.0,0.0,19.020387649536133,19.114407539367676,1,2,1.0,1.0,1.0
hf_github_codereview,33cea56ba8be5055,0.9573181867599487,0.9573181867599487,0.9573181867599487,0.9573181867599487,0.9573183059692383,0.9573181867599487,0.0,18.955181121826172,18.375730514526367,1,1,1.0,1.0,1.0
hf_github_codereview,69dde7976e01a566,0.9876067638397217,0.9876067638397217,0.9876067638397217,0.9876067638397217,0.9876067638397217,0.9876067638397217,0.0,18.620973587036133,18.49810791015625,1,1,1.0,1.0,1.0
hf_github_codereview,7823b5cd8ec3c3b8,0.9556896686553955,0.9556896686553955,0.9556896686553955,0.9556896686553955,0.9556896686553955,0.9556896686553955,0.0,18.9185848236084,19.385753631591797,1,1,1.0,1.0,1.0
hf_github_codereview,942be3531e3819ec,0.9881342649459839,0.9881342649459839,0.9881342649459839,0.9881342649459839,0.9881341457366943,0.9881342649459839,0.0,19.034706115722656,18.84650993347168,1,1,1.0,1.0,1.0
hf_github_codereview,f37789de9af6ee55,0.9345813393592834,0.9130988121032715,0.024128735065460205,0.9074170589447021,0.9193166494369507,0.9345813393592834,0.0,19.124366760253906,18.03555154800415,1,4,1.0,1.0,1.0
hf_github_codereview,46ca61ce6319c7bd,0.9896165132522583,0.9715579152107239,0.03611719608306885,0.9715579152107239,0.9871267676353455,0.9896165132522583,0.0,19.072925567626953,18.6087589263916,1,2,1.0,1.0,1.0
hf_github_codereview,4cef26f52a015862,0.9703353643417358,0.9678772687911987,0.004916191101074219,0.9678772687911987,0.9838796854019165,0.9703353643417358,0.0,19.072925567626953,18.495125770568848,1,2,1.0,1.0,1.0
hf_github_codereview,83c666cf0491f884,0.8589398264884949,0.8589398264884949,0.8589398264884949,0.8589398264884949,0.858940064907074,0.8589398264884949,0.0,19.7679500579834,18.235015869140625,1,1,1.0,1.0,1.0
hf_github_codereview,05d4967ce3e1efe3,0.9290699362754822,0.8879633247852325,0.08221322298049927,0.8879633247852325,0.9035188555717468,0.9290699362754822,0.0,19.580976486206055,18.153833389282227,1,2,1.0,1.0,1.0
hf_github_codereview,684f84a5119bee4e,0.9777109622955322,0.9777109622955322,0.9777109622955322,0.9777109622955322,0.9777109622955322,0.9777109622955322,0.0,19.114755630493164,18.897581100463867,1,1,1.0,1.0,1.0
hf_github_codereview,692c44cb25915b15,1.0,0.933341920375824,0.13331615924835205,0.933341920375824,0.9660963416099548,1.0,0.0,18.306039810180664,18.59312629699707,1,2,1.0,1.0,1.0
hf_github_codereview,18ac2171d9de3a58,0.9389485120773315,0.9389485120773315,0.9389485120773315,0.9389485120773315,0.9389485120773315,0.9389485120773315,0.0,18.420984268188477,18.67343521118164,1,1,1.0,1.0,1.0
hf_github_codereview,de6716a211048d24,0.9966640472412109,0.9966640472412109,0.9966640472412109,0.9966640472412109,0.9966640472412109,0.9966640472412109,0.0,19.034440994262695,19.062578201293945,1,1,1.0,1.0,1.0
hf_github_codereview,2049f1d7c2859099,0.9969857931137085,0.9969857931137085,0.9969857931137085,0.9969857931137085,0.9969857931137085,0.9969857931137085,0.0,19.823225021362305,19.83622169494629,1,1,1.0,1.0,1.0
hf_github_codereview,fe5631f5a2ff2a80,0.9999997615814209,0.9679527878761292,0.0640939474105835,0.9679527878761292,0.9838459491729736,0.9999997615814209,0.0,18.845417022705078,18.773695945739746,1,2,1.0,1.0,1.0
hf_github_codereview,b2a04dc0b192a9fa,0.9868508577346802,0.9868508577346802,0.9868508577346802,0.9868508577346802,0.9868508577346802,0.9868508577346802,0.0,19.036550521850586,18.981595993041992,1,1,1.0,1.0,1.0
hf_github_codereview,7cb1405605b1502b,0.988160252571106,0.988160252571106,0.988160252571106,0.988160252571106,0.988160252571106,0.988160252571106,0.0,19.573070526123047,18.981595993041992,1,1,1.0,1.0,1.0
hf_github_codereview,28a94cfac787a6c1,0.9760414361953735,0.9043666124343872,0.14334964752197266,0.9043666124343872,0.9615786075592041,0.9760414361953735,0.0,18.494943618774414,18.75206184387207,1,2,1.0,1.0,1.0
hf_github_codereview,8b8e750a3750c6dd,0.9516129493713379,0.9516129493713379,0.9516129493713379,0.9516129493713379,0.9516130685806274,0.9516129493713379,0.0,18.42900276184082,19.060791015625,1,1,1.0,1.0,1.0
hf_github_codereview,fdee318446c7a126,0.9790545701980591,0.9562359750270844,0.04563719034194946,0.9562359750270844,0.9760714769363403,0.9790545701980591,0.0,19.22917938232422,19.028404235839844,1,2,1.0,1.0,1.0
hf_github_codereview,0066017fd6b6ccd6,1.0,1.0,1.0,1.0,1.0,1.0,0.0,18.939350128173828,18.939350128173828,1,1,1.0,1.0,1.0
hf_github_codereview,681be551b982b693,1.0,1.0,1.0,1.0,1.0,1.0,0.0,18.939350128173828,18.939350128173828,1,1,1.0,1.0,1.0
hf_github_codereview,9f858ff0e7734120,0.9704700708389282,0.9704700708389282,0.9704700708389282,0.9704700708389282,0.9704702496528625,0.9704700708389282,0.0,19.08750343322754,18.518783569335938,1,1,1.0,1.0,1.0
hf_github_codereview,151ef755b53d9277,0.9493693113327026,0.9493693113327026,0.9493693113327026,0.9493693113327026,0.949369490146637,0.9493693113327026,0.0,17.950058460235596,18.662105560302734,8,1,1.0,1.0,1.0
hf_github_codereview,980c079d71cce9dc,1.0,0.9938541054725647,0.012291789054870605,0.9938541054725647,0.9969223737716675,1.0,0.0,19.225385665893555,19.107510566711426,1,2,1.0,1.0,1.0
hf_github_codereview,277850b8479bb585,0.9999999403953552,0.9938540756702423,0.01229172945022583,0.9938540756702423,0.9969221353530884,0.9999999403953552,0.0,18.989635467529297,19.107510566711426,1,2,1.0,1.0,1.0
hf_github_codereview,fc855cad3382b0b5,0.9820006489753723,0.9816925227642059,0.0006162524223327637,0.9816925227642059,0.9861778020858765,0.9820006489753723,0.0,19.246984481811523,19.239648818969727,1,2,1.0,1.0,1.0
hf_github_codereview,2e5b9d32a5cd772e,0.9623483419418335,0.9178864359855652,0.0651659369468689,0.9178864359855652,0.934730589389801,0.9623483419418335,0.0,19.090787887573242,18.171597162882488,1,3,1.0,1.0,1.0
hf_github_codereview,92ff76fc1b7a916e,0.9027190804481506,0.9026944935321808,4.9173831939697266e-05,0.9026944935321808,0.9109248518943787,0.9027190804481506,0.0,17.434070587158203,19.399794578552246,1,2,1.0,1.0,1.0
hf_github_codereview,61e94e1553e35e91,0.9983859062194824,0.9861953556537628,0.02438110113143921,0.9861953556537628,0.9919857978820801,0.9983859062194824,0.0,18.359317779541016,18.629469871520996,1,2,1.0,1.0,1.0
hf_github_codereview,4b4d53bde89878b0,0.9758502840995789,0.9671910405158997,0.004273772239685059,0.9671910405158997,0.9786777496337891,0.9758502840995789,0.0,19.1024169921875,18.828280766805012,1,3,1.0,1.0,1.0
hf_github_codereview,12af4ed7c73fc98b,0.8779590725898743,0.8779590725898743,0.8779590725898743,0.8779590725898743,0.877959132194519,0.8779590725898743,0.0,19.094568252563477,18.526094436645508,1,1,1.0,1.0,1.0
hf_github_codereview,0fff1ec1596f6ddb,0.9459354281425476,0.9031467835108439,0.012170076370239258,0.9031467835108439,0.9228163957595825,0.9459354281425476,0.0,18.07533836364746,18.9453919728597,1,3,1.0,1.0,1.0
hf_github_codereview,1425e9c621908ffc,0.9805243611335754,0.9670973420143127,0.02685403823852539,0.9670973420143127,0.9754241704940796,0.9805243611335754,0.0,19.777952194213867,18.932103157043457,1,2,1.0,1.0,1.0
hf_github_codereview,059da6f90bd942e6,0.9413243532180786,0.9413243532180786,0.9413243532180786,0.9413243532180786,0.9413243532180786,0.9413243532180786,0.0,18.516128540039062,18.895490646362305,1,1,1.0,1.0,1.0
hf_github_codereview,fd595e176f02c5ee,0.9827209711074829,0.9827209711074829,0.9827209711074829,0.9827209711074829,0.9827209711074829,0.9827209711074829,0.0,19.314645767211914,18.895490646362305,1,1,1.0,1.0,1.0
hf_github_codereview,a18e692cd83f7d9c,0.9593193531036377,0.9593193531036377,0.9593193531036377,0.9593193531036377,0.9593194723129272,0.9593193531036377,0.0,18.612092971801758,19.614900588989258,1,1,1.0,1.0,1.0
hf_github_codereview,98a0cf3da8786fdc,0.9633139967918396,0.9528300762176514,0.020967841148376465,0.9528300762176514,0.9716817140579224,0.9633139967918396,0.0,18.8582706451416,18.596588134765625,1,2,1.0,1.0,1.0
hf_github_codereview,62767e9bc1bc6095,0.9807437062263489,0.9742366969585419,0.013014018535614014,0.9742366969585419,0.9835442304611206,0.9807437062263489,0.0,19.02423667907715,18.49313259124756,1,2,1.0,1.0,1.0
hf_github_codereview,2f87ddd39808b7c0,0.9532995820045471,0.9532995820045471,0.9532995820045471,0.9532995820045471,0.9532995820045471,0.9532995820045471,0.0,18.066585540771484,19.258066177368164,7,1,1.0,1.0,1.0
hf_github_codereview,84636400de78b37b,0.9361478090286255,0.9067450761795044,0.03967452049255371,0.9067450761795044,0.9137823581695557,0.9361478090286255,0.0,19.162479400634766,18.859752019246418,1,3,1.0,1.0,1.0
hf_github_codereview,9b9c245a53afbbb2,0.980589747428894,0.980589747428894,0.980589747428894,0.980589747428894,0.9805899262428284,0.980589747428894,0.0,18.40050506591797,19.214502334594727,1,1,1.0,1.0,1.0
hf_github_codereview,66877ebc15ca4486,1.0,1.0,1.0,1.0,1.0,1.0,0.0,19.494958877563477,19.494958877563477,1,1,1.0,1.0,1.0
hf_github_codereview,8555873f1a819d1c,0.9736922383308411,0.9479033052921295,0.051577866077423096,0.9479033052921295,0.9705103635787964,0.9736922383308411,0.0,19.435443878173828,18.45626449584961,1,2,1.0,1.0,1.0
hf_github_codereview,be6e5e39ddebd194,0.9284213781356812,0.9211468398571014,0.014549076557159424,0.9211468398571014,0.9398937225341797,0.9284213781356812,0.0,19.2673282623291,19.042439460754395,1,2,1.0,1.0,1.0
hf_github_codereview,ef6b8d4b74c23ce3,0.96976238489151,0.96976238489151,0.96976238489151,0.96976238489151,0.96976238489151,0.96976238489151,0.0,19.03005599975586,18.605560302734375,1,1,1.0,1.0,1.0
hf_github_codereview,5aabddc2743a63a9,0.941267728805542,0.9373663663864136,0.007802724838256836,0.9373663663864136,0.9596940875053406,0.941267728805542,0.0,18.3984375,18.443793296813965,1,2,1.0,1.0,1.0
hf_github_codereview,84e309057fcf9a92,0.9596351981163025,0.9568959772586823,0.0054784417152404785,0.9568959772586823,0.982865571975708,0.9596351981163025,0.0,18.679292678833008,18.272547721862793,1,2,1.0,1.0,1.0
hf_github_codereview,b5025da3ee7af5ec,0.8982543349266052,0.8982543349266052,0.8982543349266052,0.8982543349266052,0.8982542753219604,0.8982543349266052,0.0,19.262527465820312,18.386241912841797,1,1,1.0,1.0,1.0
hf_github_codereview,f43d28e852b8d263,0.9765916466712952,0.9765916466712952,0.9765916466712952,0.9765916466712952,0.9765916466712952,0.9765916466712952,0.0,18.73943519592285,18.0194149017334,1,1,1.0,1.0,1.0
hf_github_codereview,c38d97f07c88a4cc,0.9202685356140137,0.9202685356140137,0.9202685356140137,0.9202685356140137,0.9202686548233032,0.9202685356140137,0.0,19.06673240661621,17.835233688354492,1,1,1.0,1.0,1.0
hf_github_codereview,4f496bcc62409e31,0.8891477584838867,0.8891477584838867,0.8891477584838867,0.8891477584838867,0.8891476392745972,0.8891477584838867,0.0,18.209936141967773,17.896202087402344,1,1,1.0,1.0,1.0
hf_github_codereview,3b49d360f39592b7,0.9509801864624023,0.9437160789966583,0.014528214931488037,0.9437160789966583,0.9467558860778809,0.9509801864624023,0.0,19.36309242248535,18.21122169494629,1,2,1.0,1.0,1.0
hf_github_codereview,4b465e1b4b837c61,0.9674026966094971,0.9513105154037476,0.03218436241149902,0.9513105154037476,0.9621660709381104,0.9674026966094971,0.0,18.837541580200195,18.50589084625244,1,2,1.0,1.0,1.0
hf_github_codereview,58a329856ec361b6,0.9440813064575195,0.9440813064575195,0.9440813064575195,0.9440813064575195,0.9440813660621643,0.9440813064575195,0.0,18.823266983032227,18.371469497680664,1,1,1.0,1.0,1.0
hf_github_codereview,05828790aa942c17,0.9725027084350586,0.9288536906242371,0.08729803562164307,0.9288536906242371,0.9591663479804993,0.9725027084350586,0.0,19.6456298828125,18.719922065734863,1,2,1.0,1.0,1.0
hf_github_codereview,e59ca36ee65359f1,0.9629988670349121,0.9017960429191589,0.12240564823150635,0.9017960429191589,0.9411635398864746,0.9629988670349121,0.0,19.523784637451172,18.82020854949951,1,2,1.0,1.0,1.0
hf_github_codereview,46424284980e527e,0.9560245275497437,0.9560245275497437,0.9560245275497437,0.9560245275497437,0.9560245871543884,0.9560245275497437,0.0,19.216283798217773,18.080095291137695,1,1,1.0,1.0,1.0
hf_github_codereview,4860b7247c91dd29,0.8893150687217712,0.886615663766861,0.005398809909820557,0.886615663766861,0.9111812114715576,0.8893150687217712,0.0,18.835124969482422,18.641279220581055,1,2,1.0,1.0,1.0
hf_github_codereview,698595ce83941467,0.9458502531051636,0.9313669800758362,0.028966546058654785,0.9313669800758362,0.9430178999900818,0.9458502531051636,0.0,18.950050354003906,18.614750862121582,1,2,1.0,1.0,1.0
hf_github_codereview,30cb2eb934952428,0.9384820461273193,0.9178653955459595,0.04123330116271973,0.9178653955459595,0.9276664853096008,0.9384820461273193,0.0,19.418231964111328,18.58987522125244,1,2,1.0,1.0,1.0
hf_github_codereview,d8622f446c54a1a0,0.9099855422973633,0.8869540691375732,0.04606294631958008,0.8869540691375732,0.8995951414108276,0.9099855422973633,0.0,18.869958877563477,18.578279495239258,1,2,1.0,1.0,1.0
hf_github_codereview,387481301b16c133,0.9449748992919922,0.9449748992919922,0.9449748992919922,0.9449748992919922,0.9449750185012817,0.9449748992919922,0.0,18.410669326782227,18.024429321289062,1,1,1.0,1.0,1.0
hf_github_codereview,86e58e7a1c353a30,0.9910409450531006,0.9863750636577606,0.009331762790679932,0.9863750636577606,0.9940881133079529,0.9910409450531006,0.0,19.6114559173584,19.484721183776855,1,2,1.0,1.0,1.0
hf_github_codereview,8e20bedcd86200ad,0.944064199924469,0.944064199924469,0.944064199924469,0.944064199924469,0.944064199924469,0.944064199924469,0.0,18.588586807250977,17.952194213867188,1,1,1.0,1.0,1.0
hf_github_codereview,64d79d10410341bc,0.9821771383285522,0.9821771383285522,0.9821771383285522,0.9821771383285522,0.9821773171424866,0.9821771383285522,0.0,19.69579315185547,19.55694580078125,1,1,1.0,1.0,1.0
hf_github_codereview,737136f4f18f0f68,0.9980024695396423,0.9823368489742279,0.03133124113082886,0.9823368489742279,0.9916819930076599,0.9980024695396423,0.0,19.152603149414062,19.255252838134766,1,2,1.0,1.0,1.0
hf_github_codereview,5e86333a4bc9250d,1.0,1.0,1.0,1.0,1.0,1.0,0.0,18.842575073242188,18.842575073242188,1,1,1.0,1.0,1.0
hf_github_codereview,aa8fd83883ec60f5,1.0,0.9796252548694611,0.04074949026107788,0.9796252548694611,0.9897602796554565,1.0,0.0,18.408079147338867,18.73989486694336,1,2,1.0,1.0,1.0
hf_github_codereview,cbdb1572b57e1ed3,0.9583102464675903,0.9522942900657654,0.012031912803649902,0.9522942900657654,0.9593545794487,0.9583102464675903,0.0,19.497119903564453,19.293957710266113,1,2,1.0,1.0,1.0
hf_github_codereview,0f228241175e1e08,0.9913332462310791,0.9835197329521179,0.015627026557922363,0.9835197329521179,0.9896029829978943,0.9913332462310791,0.0,19.24342918395996,19.338729858398438,1,2,1.0,1.0,1.0
hf_github_codereview,cf9323d531b93716,0.9383577704429626,0.916793018579483,0.04312950372695923,0.916793018579483,0.9208515882492065,0.9383577704429626,0.0,18.715721130371094,18.11701774597168,1,2,1.0,1.0,1.0
hf_github_codereview,749772776986d94a,0.9920636415481567,0.9748691320419312,0.03438901901245117,0.9748691320419312,0.9858231544494629,0.9920636415481567,0.0,19.258098602294922,19.615458488464355,1,2,1.0,1.0,1.0
hf_github_codereview,c280ce9761603ec4,0.9852330684661865,0.9811546206474304,0.008156895637512207,0.9811546206474304,0.9884167909622192,0.9852330684661865,0.0,19.64289093017578,19.021628379821777,1,2,1.0,1.0,1.0
hf_github_codereview,d9709be84e8c9d7b,0.8800666332244873,0.8800666332244873,0.8800666332244873,0.8800666332244873,0.8800666332244873,0.8800666332244873,0.0,19.41476058959961,18.3426570892334,1,1,1.0,1.0,1.0
hf_github_codereview,eef170114411f0c2,0.9803404211997986,0.9711042642593384,0.01847231388092041,0.9711042642593384,0.988436758518219,0.9803404211997986,0.0,19.091800689697266,19.030156135559082,1,2,1.0,1.0,1.0
hf_github_codereview,3b052ea11b20e24e,0.9018627405166626,0.8585656881332397,0.0865941047668457,0.8585656881332397,0.866749107837677,0.9018627405166626,0.0,18.951801300048828,19.158596992492676,1,2,1.0,1.0,1.0
hf_github_codereview,f82174d3a5646908,0.9978563189506531,0.9552204310894012,0.08527177572250366,0.9552204310894012,0.9781022071838379,0.9978563189506531,0.0,18.779621124267578,18.614001274108887,1,2,1.0,1.0,1.0
hf_github_codereview,9728aaeaf96ec5ed,0.9895278215408325,0.9895278215408325,0.9895278215408325,0.9895278215408325,0.9895277619361877,0.9895278215408325,0.0,19.03913688659668,19.43441390991211,1,1,1.0,1.0,1.0
hf_github_codereview,143f8d15ec488dd0,0.9426503777503967,0.9382042288780212,0.005390048027038574,0.9372638016939163,0.9529247879981995,0.9426503777503967,0.0,19.00049591064453,18.62431573867798,1,4,1.0,1.0,1.0
hf_github_codereview,01afab29e05672d8,0.9862374067306519,0.9862374067306519,0.9862374067306519,0.9862374067306519,0.9862374663352966,0.9862374067306519,0.0,18.950546264648438,18.98440170288086,1,1,1.0,1.0,1.0
hf_github_codereview,7091333cf2b04e4c,0.9999999403953552,0.9400530457496643,0.07193249464035034,0.9400530457496643,0.9654886722564697,0.9999999403953552,0.0,19.452415466308594,19.051354090372723,1,3,1.0,1.0,1.0
hf_github_codereview,cf6e590043a142c7,0.975875735282898,0.975875735282898,0.975875735282898,0.975875735282898,0.975875735282898,0.975875735282898,0.0,18.213027954101562,17.66922950744629,1,1,1.0,1.0,1.0
hf_github_codereview,fa3719ad4301f39a,0.967246413230896,0.967246413230896,0.967246413230896,0.967246413230896,0.967246413230896,0.967246413230896,0.0,18.65523910522461,17.873394012451172,1,1,1.0,1.0,1.0
hf_github_codereview,d2ec8d09b32b6425,0.9823721051216125,0.9823721051216125,0.9823721051216125,0.9823721051216125,0.9823721647262573,0.9823721051216125,0.0,18.700870513916016,19.204919815063477,1,1,1.0,1.0,1.0
hf_github_codereview,746f96d35f5032b0,0.965273916721344,0.965273916721344,0.965273916721344,0.965273916721344,0.9652740359306335,0.965273916721344,0.0,18.91440200805664,19.204919815063477,1,1,1.0,1.0,1.0
hf_github_codereview,bcdb0270621f75c4,0.9485034942626953,0.9485034942626953,0.9485034942626953,0.9485034942626953,0.9485034942626953,0.9485034942626953,0.0,18.714244842529297,18.44196319580078,1,1,1.0,1.0,1.0
hf_github_codereview,28eadf02da9c26ac,0.9033774137496948,0.9033774137496948,0.9033774137496948,0.9033774137496948,0.9033774137496948,0.9033774137496948,0.0,18.824783325195312,18.364858627319336,1,1,1.0,1.0,1.0
hf_github_codereview,dfbebfa9931c866a,0.9330816864967346,0.93125781416893,0.003647744655609131,0.93125781416893,0.9641985893249512,0.9330816864967346,0.0,19.179452896118164,18.075565338134766,1,2,1.0,1.0,1.0
hf_github_codereview,cdba7a353bc95fdd,0.9329599142074585,0.9329599142074585,0.9329599142074585,0.9329599142074585,0.932959794998169,0.9329599142074585,0.0,19.155588150024414,18.151086807250977,1,1,1.0,1.0,1.0
hf_github_codereview,afe9c798a4475bae,0.9668994545936584,0.9668994545936584,0.9668994545936584,0.9668994545936584,0.9668996334075928,0.9668994545936584,0.0,18.749217987060547,18.20417022705078,1,1,1.0,1.0,1.0
hf_github_codereview,33d1ffdda94cfdf8,0.9625830054283142,0.9429332315921783,0.03929954767227173,0.9429332315921783,0.9739959836006165,0.9625830054283142,0.0,19.057687759399414,18.298095703125,1,2,1.0,1.0,1.0
hf_github_codereview,fe3603067c4e7003,0.969743549823761,0.9618676602840424,0.015751779079437256,0.9618676602840424,0.9736279845237732,0.969743549823761,0.0,19.55118179321289,18.9498872756958,1,2,1.0,1.0,1.0
hf_github_codereview,73adc5c9b15a8575,0.9411358833312988,0.9388620257377625,0.004547715187072754,0.9388620257377625,0.9620808362960815,0.9411358833312988,0.0,18.640581130981445,18.62260913848877,1,2,1.0,1.0,1.0
hf_github_codereview,43bc75d7ce297414,0.8549553751945496,0.8485883275667826,0.006728708744049072,0.8470739871263504,0.8519694805145264,0.8549553751945496,0.0,19.653711318969727,18.020026683807373,1,4,1.0,1.0,1.0
hf_github_codereview,e2f8afffb6bd97f1,0.8549553751945496,0.8494539459546407,0.006728708744049072,0.847723200917244,0.8525501489639282,0.8549553751945496,0.0,19.653711318969727,18.028696537017822,1,4,1.0,1.0,1.0
hf_github_codereview,359c5007ffa74dda,0.9999999403953552,0.9999999403953552,0.9999999403953552,0.9999999403953552,1.0,0.9999999403953552,0.0,19.649499893188477,19.649499893188477,1,1,1.0,1.0,1.0
hf_github_codereview,23e2dd2e3101ee69,0.968049168586731,0.9672980606555939,0.00150221586227417,0.9672980606555939,0.9691223502159119,0.968049168586731,0.0,19.11612892150879,19.02823829650879,1,2,1.0,1.0,1.0
hf_github_codereview,31f06cc0534d9d3d,0.9943783283233643,0.9768311977386475,0.024787187576293945,0.9768311977386475,0.9885653257369995,0.9943783283233643,0.0,18.860383987426758,19.29144287109375,1,3,1.0,1.0,1.0
hf_github_codereview,c8688aa759ab4417,1.0,0.9835343758265177,0.020299315452575684,0.9835343758265177,0.9906531572341919,1.0,0.0,18.877986907958984,19.130610783894856,1,3,1.0,1.0,1.0
hf_github_codereview,24c19e071100de54,0.8917510509490967,0.8737648129463196,0.0359724760055542,0.8737648129463196,0.8903995752334595,0.8917510509490967,0.0,19.796871185302734,18.56914234161377,1,2,1.0,1.0,1.0
hf_github_codereview,ceaccf86d90bd792,0.9658127427101135,0.965343713760376,0.0009380578994750977,0.965343713760376,0.9745302200317383,0.9658127427101135,0.0,19.049924850463867,19.106820106506348,1,2,1.0,1.0,1.0
hf_github_codereview,a1001a2d61c45e56,0.9614256620407104,0.8886411786079407,0.14556896686553955,0.8886411786079407,0.9464447498321533,0.9614256620407104,0.0,19.153501510620117,17.957000732421875,1,2,1.0,1.0,1.0
hf_github_codereview,253674389cbdcb1d,0.9717699289321899,0.9717699289321899,0.9717699289321899,0.9717699289321899,0.9717699289321899,0.9717699289321899,0.0,19.0867977142334,18.73052215576172,1,1,1.0,1.0,1.0
hf_github_codereview,607d628004d82007,0.9999999403953552,0.9458930492401123,0.10821378231048584,0.9458930492401123,0.9725703001022339,0.9999999403953552,0.0,18.887895584106445,19.24131202697754,1,2,1.0,1.0,1.0
hf_github_codereview,a01e858c0426f761,0.9641047120094299,0.9641047120094299,0.9641047120094299,0.9641047120094299,0.9641047120094299,0.9641047120094299,0.0,19.29539680480957,18.513816833496094,1,1,1.0,1.0,1.0
hf_github_codereview,1f70931eee41b95c,0.9775879383087158,0.8842846751213074,0.1866065263748169,0.8842846751213074,0.9418047666549683,0.9775879383087158,0.0,19.17491912841797,17.957000732421875,1,2,1.0,1.0,0.5
hf_github_codereview,e2839e0667a242b6,0.9966598153114319,0.9757687250773112,0.017586827278137207,0.9757687250773112,0.9860616326332092,0.9966598153114319,0.0,19.935955047607422,19.382542928059895,1,3,1.0,1.0,1.0
hf_github_codereview,593a67a969de6673,0.9999999403953552,0.972101241350174,0.05579739809036255,0.972101241350174,0.9859519600868225,0.9999999403953552,0.0,18.930400848388672,18.94925022125244,1,2,1.0,1.0,1.0
hf_github_codereview,c21c24d2906ce4da,0.9684149026870728,0.9684149026870728,0.9684149026870728,0.9684149026870728,0.9684147834777832,0.9684149026870728,0.0,18.85938262939453,19.13262176513672,1,1,1.0,1.0,1.0
hf_github_codereview,8f042e7c55fdcbff,0.9539675116539001,0.9539675116539001,0.9539675116539001,0.9539675116539001,0.9539675712585449,0.9539675116539001,0.0,18.333576202392578,18.979360580444336,1,1,1.0,1.0,1.0
hf_github_codereview,06582e91e8cd938d,0.9991101026535034,0.9991101026535034,0.9991101026535034,0.9991101026535034,0.999110221862793,0.9991101026535034,0.0,19.052553176879883,19.135982513427734,1,1,1.0,1.0,1.0
hf_github_codereview,a87b6a7871e56246,0.9709757566452026,0.9390238523483276,0.06390380859375,0.9390238523483276,0.9603755474090576,0.9709757566452026,0.0,18.450761795043945,18.799752235412598,1,2,1.0,1.0,1.0
hf_github_codereview,0c342c8a436fda14,0.9469931125640869,0.9469931125640869,0.9469931125640869,0.9469931125640869,0.9469932317733765,0.9469931125640869,0.0,18.910953521728516,18.238134384155273,1,1,1.0,1.0,1.0
hf_github_codereview,23b80a10ecc034e1,0.994590163230896,0.9513598084449768,0.08646070957183838,0.9513598084449768,0.972991943359375,0.994590163230896,0.0,19.10329818725586,18.799752235412598,1,2,1.0,1.0,1.0
hf_github_codereview,63617f3c111c1617,0.9427065849304199,0.9427065849304199,0.9427065849304199,0.9427065849304199,0.9427067041397095,0.9427065849304199,0.0,18.60951042175293,18.38335609436035,1,1,1.0,1.0,1.0
hf_github_codereview,47ffcc3bb5942bc5,0.9531656503677368,0.9378983974456787,0.03053450584411621,0.9378983974456787,0.9460313320159912,0.9531656503677368,0.0,18.868274688720703,18.620261192321777,1,2,1.0,1.0,1.0
hf_github_codereview,5f8aed8b54d16756,0.9964517951011658,0.9964517951011658,0.9964517951011658,0.9964517951011658,0.9964517951011658,0.9964517951011658,0.0,19.50874900817871,19.230093002319336,1,1,1.0,1.0,1.0
hf_github_codereview,6910406abd44fb33,0.9440515041351318,0.9440515041351318,0.9440515041351318,0.9440515041351318,0.9440515041351318,0.9440515041351318,0.0,19.020401000976562,18.402179718017578,1,1,1.0,1.0,1.0
hf_github_codereview,0c1e6a4d15f17c83,0.9565007090568542,0.9565007090568542,0.9565007090568542,0.9565007090568542,0.956500768661499,0.9565007090568542,0.0,19.167295455932617,18.23381996154785,1,1,1.0,1.0,1.0
hf_github_codereview,e6520f9b94cd0551,0.9519694447517395,0.9126273095607758,0.07868427038192749,0.9126273095607758,0.9332186579704285,0.9519694447517395,0.0,17.88136100769043,18.88675308227539,1,2,1.0,1.0,1.0
hf_github_codereview,72be889868bc787a,0.9827768206596375,0.9684112370014191,0.028731167316436768,0.9684112370014191,0.982085108757019,0.9827768206596375,0.0,19.054821014404297,18.980995178222656,1,2,1.0,1.0,1.0
hf_github_codereview,17f4c12a5ed8cf86,0.9999997615814209,0.9999997615814209,0.9999997615814209,0.9999997615814209,0.9999998807907104,0.9999997615814209,0.0,18.9398193359375,18.9398193359375,1,1,1.0,1.0,1.0
hf_github_codereview,819e229e1a420c7f,0.9477980136871338,0.9415580630302429,0.0005898475646972656,0.9415580630302429,0.9474788308143616,0.9477980136871338,0.0,18.596311569213867,19.12072690327962,1,3,1.0,1.0,1.0
hf_github_codereview,750ea19fc99e7a85,0.9999998807907104,0.9999998807907104,0.9999998807907104,0.9999998807907104,1.0,0.9999998807907104,0.0,18.305118560791016,18.305118560791016,1,1,1.0,1.0,1.0
hf_github_codereview,7fbcfe24256ac214,0.9668723344802856,0.9668723344802856,0.9668723344802856,0.9668723344802856,0.9668724536895752,0.9668723344802856,0.0,18.74707794189453,19.119802474975586,1,1,1.0,1.0,1.0
hf_github_codereview,687787ac002e7525,0.9819835424423218,0.9819835424423218,0.9819835424423218,0.9819835424423218,0.9819837212562561,0.9819835424423218,0.0,19.424474716186523,19.119802474975586,1,1,1.0,1.0,1.0
hf_github_codereview,1a788b033fc3698b,0.9999998211860657,0.9999998211860657,0.9999998211860657,0.9999998211860657,1.0,0.9999998211860657,0.0,19.173540115356445,19.173540115356445,1,1,1.0,1.0,1.0
hf_github_codereview,32de6653e9397cd4,0.9999998807907104,0.9999998807907104,0.9999998807907104,0.9999998807907104,0.9999999403953552,0.9999998807907104,0.0,19.17583465576172,19.17583465576172,1,1,1.0,1.0,1.0
hf_github_codereview,2864a9b8e0baae18,0.9999998807907104,0.9999998807907104,0.9999998807907104,0.9999998807907104,0.9999998807907104,0.9999998807907104,0.0,19.58342742919922,19.58342742919922,1,1,1.0,1.0,1.0
hf_github_codereview,43e93dd37e928d11,0.9862148761749268,0.9530214269955953,0.0465356707572937,0.9436447620391846,0.9704529047012329,0.9862148761749268,0.0,19.194007873535156,18.32912254333496,1,4,1.0,1.0,1.0
hf_github_codereview,ed3e9297ca039fd9,0.9963350296020508,0.9963350296020508,0.9963350296020508,0.9963350296020508,0.9963350296020508,0.9963350296020508,0.0,19.666297912597656,19.327075958251953,1,1,1.0,1.0,1.0
hf_github_codereview,b5d94f292de7dc9b,0.9823302030563354,0.9626674652099609,0.03932547569274902,0.9626674652099609,0.9792121648788452,0.9823302030563354,0.0,19.01712417602539,18.97584056854248,1,2,1.0,1.0,1.0
hf_github_codereview,2dda5944fa98d39a,0.9863275289535522,0.9863275289535522,0.9863275289535522,0.9863275289535522,0.9863275289535522,0.9863275289535522,0.0,19.206985473632812,19.309377670288086,1,1,1.0,1.0,1.0
hf_github_codereview,5d660dd78d7a73b3,0.9845141172409058,0.9845141172409058,0.9845141172409058,0.9845141172409058,0.9845141172409058,0.9845141172409058,0.0,18.766794204711914,19.309377670288086,1,1,1.0,1.0,1.0
hf_github_codereview,62c2b5e5a5bf7953,0.9487578868865967,0.9284686744213104,0.04057842493057251,0.9284686744213104,0.9418859481811523,0.9487578868865967,0.0,18.664148330688477,18.573017120361328,1,2,1.0,1.0,1.0
hf_github_codereview,f9e0b03843020200,0.9484383463859558,0.9465347826480865,0.0038071274757385254,0.9465347826480865,0.9648680686950684,0.9484383463859558,0.0,18.255722045898438,18.238819122314453,1,2,1.0,1.0,1.0
hf_github_codereview,b6d897d8ef8b8098,0.9887316226959229,0.9887316226959229,0.9887316226959229,0.9887316226959229,0.9887316226959229,0.9887316226959229,0.0,19.307209014892578,19.128217697143555,1,1,1.0,1.0,1.0
hf_github_codereview,14542939668c8a1c,0.9690365195274353,0.9520703256130219,0.033932387828826904,0.9520703256130219,0.9605898857116699,0.9690365195274353,0.0,19.5999813079834,19.21393394470215,1,2,1.0,1.0,1.0
hf_github_codereview,e2e569e4ce74bcdf,0.8868868350982666,0.8592690825462341,0.05523550510406494,0.8592690825462341,0.8669582009315491,0.8868868350982666,0.0,18.033906936645508,19.21393394470215,1,2,1.0,1.0,1.0
hf_github_codereview,acdb51b7870347ec,0.984372615814209,0.984372615814209,0.984372615814209,0.984372615814209,0.984372615814209,0.984372615814209,0.0,19.4400634765625,19.38612937927246,1,1,1.0,1.0,1.0
hf_github_codereview,1abf4a0508d59d63,0.9999997019767761,0.9999997019767761,0.9999997019767761,0.9999997019767761,0.9999998807907104,0.9999997019767761,0.0,18.729394912719727,18.729394912719727,1,1,1.0,1.0,1.0
hf_github_codereview,cee1ddb79c3127c5,0.9163326621055603,0.9163326621055603,0.9163326621055603,0.9163326621055603,0.9163327217102051,0.9163326621055603,0.0,19.59866714477539,18.820093154907227,1,1,1.0,1.0,1.0
hf_github_codereview,46b820ffddec1ba4,0.9839761853218079,0.9839761853218079,0.9839761853218079,0.9839761853218079,0.9839761853218079,0.9839761853218079,0.0,18.718917846679688,18.590192794799805,1,1,1.0,1.0,1.0
hf_github_codereview,84c6f3ad43aec73b,0.9876540899276733,0.9709545373916626,0.033399105072021484,0.9709545373916626,0.985261857509613,0.9876540899276733,0.0,19.30547332763672,19.168258666992188,1,2,1.0,1.0,1.0
hf_github_codereview,7e0371225e3cf2f8,0.9078083038330078,0.9027871092160543,0.0047760009765625,0.8996029794216156,0.9061906933784485,0.9078083038330078,0.0,18.930400848388672,18.00019359588623,1,4,1.0,1.0,1.0
hf_github_codereview,12828ebab3b3b18e,0.9787886738777161,0.9767981767654419,0.00398099422454834,0.9767981767654419,0.983097493648529,0.9787886738777161,0.0,18.84116554260254,18.987107276916504,1,2,1.0,1.0,1.0
hf_github_codereview,a41c5dcad1a3f80a,0.992588460445404,0.9744460880756378,0.03628474473953247,0.9744460880756378,0.9869000315666199,0.992588460445404,0.0,19.215618133544922,18.96812152862549,1,2,1.0,1.0,1.0
hf_github_codereview,0f97d6ecbbff4ad0,1.0,0.9865742921829224,0.026851415634155273,0.9865742921829224,0.9932644367218018,1.0,0.0,18.97944450378418,19.18817710876465,1,2,1.0,1.0,1.0
hf_github_codereview,3a1b26ab5d80804e,1.0,0.9865742921829224,0.026851415634155273,0.9865742921829224,0.9932645559310913,1.0,0.0,19.396909713745117,19.18817710876465,1,2,1.0,1.0,1.0
hf_github_codereview,5c08358b76aab175,0.9582053422927856,0.9321186244487762,0.0521734356880188,0.9321186244487762,0.9417818784713745,0.9582053422927856,0.0,18.886314392089844,18.59230327606201,1,2,1.0,1.0,1.0
hf_github_codereview,66d891bb0f061402,0.9663344621658325,0.9651740193367004,0.00232088565826416,0.9651740193367004,0.9708003997802734,0.9663344621658325,0.0,19.363632202148438,18.879103660583496,1,2,1.0,1.0,1.0
hf_github_codereview,be4a779ac30c05b0,1.0,1.0,1.0,1.0,1.0,1.0,0.0,19.548948287963867,19.548948287963867,1,1,1.0,1.0,1.0
hf_github_codereview,92e645e2b00165ce,1.0,1.0,1.0,1.0,1.0,1.0,0.0,19.49276351928711,19.49276351928711,1,1,1.0,1.0,1.0
hf_github_codereview,8ac5211ec3d5132c,0.9976310729980469,0.9976310729980469,0.9976310729980469,0.9976310729980469,0.9976310729980469,0.9976310729980469,0.0,19.291065216064453,19.277315139770508,1,1,1.0,1.0,1.0
hf_github_codereview,d7cc747018e0cec9,0.9894448518753052,0.9894448518753052,0.9894448518753052,0.9894448518753052,0.98944491147995,0.9894448518753052,0.0,18.915496826171875,19.057361602783203,1,1,1.0,1.0,1.0
hf_github_codereview,3c8228d193c2ee84,0.9964707493782043,0.9964707493782043,0.9964707493782043,0.9964707493782043,0.9964708089828491,0.9964707493782043,0.0,19.129926681518555,18.85563087463379,1,1,1.0,1.0,1.0
hf_github_codereview,c8f394e80f183a13,1.0,0.990979015827179,0.01804196834564209,0.990979015827179,0.9954793453216553,1.0,0.0,19.14593505859375,19.012191772460938,1,2,1.0,1.0,1.0
hf_github_codereview,af9b1172c8b734db,0.9889246821403503,0.886600136756897,0.20464909076690674,0.886600136756897,0.9278283715248108,0.9889246821403503,0.0,19.06661033630371,18.492734909057617,1,2,1.0,1.0,0.5
hf_github_codereview,9d06418914489661,1.0,1.0,1.0,1.0,1.0,1.0,0.0,19.49818229675293,19.49818229675293,1,1,1.0,1.0,1.0
hf_github_codereview,f1652cdab186c625,0.9909254908561707,0.9835546612739563,0.014741659164428711,0.9835546612739563,0.9916186928749084,0.9909254908561707,0.0,19.56110382080078,19.24574565887451,1,2,1.0,1.0,1.0
hf_github_codereview,1810c23cf8b82c88,1.0,1.0,1.0,1.0,1.0,1.0,0.0,18.726451873779297,18.726451873779297,1,1,1.0,1.0,1.0
hf_github_codereview,19da64afe91e6313,1.0,1.0,1.0,1.0,1.0,1.0,0.0,18.811925888061523,18.811925888061523,1,1,1.0,1.0,1.0
hf_github_codereview,f84f3b54f36acaa9,0.986464262008667,0.9781201481819153,0.016688227653503418,0.9781201481819153,0.9866390228271484,0.986464262008667,0.0,18.616621017456055,19.05224895477295,1,2,1.0,1.0,1.0
hf_github_codereview,0deadeca30be05b6,0.9914407134056091,0.9914407134056091,0.9914407134056091,0.9914407134056091,0.9914407134056091,0.9914407134056091,0.0,19.232091903686523,19.026405334472656,1,1,1.0,1.0,1.0
hf_github_codereview,f625bc0ce20c8ce8,0.9392105340957642,0.9373230934143066,0.003774881362915039,0.9373230934143066,0.9376486539840698,0.9392105340957642,0.0,18.78363800048828,18.72811985015869,1,2,1.0,1.0,1.0
hf_github_codereview,414fc448ab8297e1,0.9788062572479248,0.9785437285900116,0.000525057315826416,0.9785437285900116,0.9788836240768433,0.9788062572479248,0.0,18.436908721923828,18.72811985015869,1,2,1.0,1.0,1.0
hf_github_codereview,c85ffae7ef667a73,0.9804455041885376,0.8704931139945984,0.21990478038787842,0.8704931139945984,0.941423773765564,0.9804455041885376,0.0,18.611051559448242,18.003437042236328,1,2,1.0,1.0,0.5
hf_github_codereview,e4039895e97a2972,0.9559038877487183,0.9401829242706299,0.03144192695617676,0.9401829242706299,0.943850040435791,0.9559038877487183,0.0,19.030656814575195,18.929922103881836,1,2,1.0,1.0,1.0
hf_github_codereview,8c38524a677040b0,0.9652135968208313,0.945328950881958,0.03976929187774658,0.945328950881958,0.9590998291969299,0.9652135968208313,0.0,19.17205238342285,18.624401092529297,1,2,1.0,1.0,1.0
hf_github_codereview,7830843d595942b8,0.9604869484901428,0.9604869484901428,0.9604869484901428,0.9604869484901428,0.9604870080947876,0.9604869484901428,0.0,19.006685256958008,18.525741577148438,1,1,1.0,1.0,1.0
hf_github_codereview,0f20d9dbdafa4970,0.9224679470062256,0.9224679470062256,0.9224679470062256,0.9224679470062256,0.9224680662155151,0.9224679470062256,0.0,19.582136154174805,18.3258056640625,1,1,1.0,1.0,1.0
hf_github_codereview,c7c10bfaea3f2143,0.9173777103424072,0.9173777103424072,0.9173777103424072,0.9173777103424072,0.917377769947052,0.9173777103424072,0.0,19.433853149414062,18.3258056640625,1,1,1.0,1.0,1.0
hf_github_codereview,592a0f2eed1dd3c5,0.9323081374168396,0.9323081374168396,0.9323081374168396,0.9323081374168396,0.9323081374168396,0.9323081374168396,0.0,19.69495391845703,18.25149917602539,1,1,1.0,1.0,1.0
hf_github_codereview,86f820d4f8220dad,1.0,1.0,1.0,1.0,1.0,1.0,0.0,19.536054611206055,19.536054611206055,1,1,1.0,1.0,1.0
hf_github_codereview,4debd2da792ee011,1.0,1.0,1.0,1.0,1.0,1.0,0.0,19.43947410583496,19.43947410583496,1,1,1.0,1.0,1.0
hf_github_codereview,2277d21722804e93,1.0,1.0,1.0,1.0,1.0,1.0,0.0,19.079132080078125,19.079132080078125,1,1,1.0,1.0,1.0
hf_github_codereview,5f44660c2e3f1bde,0.9779230356216431,0.9779230356216431,0.9779230356216431,0.9779230356216431,0.9779230356216431,0.9779230356216431,0.0,18.70506477355957,19.079132080078125,1,1,1.0,1.0,1.0
hf_github_codereview,3ba54217462c9748,0.9686696529388428,0.9686696529388428,0.9686696529388428,0.9686696529388428,0.9686695337295532,0.9686696529388428,0.0,18.389204025268555,18.903722763061523,2,1,1.0,1.0,1.0
hf_github_codereview,dd0603b8d8634d2f,0.9987487196922302,0.9987487196922302,0.9987487196922302,0.9987487196922302,0.9987487196922302,0.9987487196922302,0.0,19.337993621826172,19.451696395874023,1,1,1.0,1.0,1.0
hf_github_codereview,52576e67029741a4,0.9823836088180542,0.9823836088180542,0.9823836088180542,0.9823836088180542,0.9823834300041199,0.9823836088180542,0.0,19.72458267211914,19.543777465820312,1,1,1.0,1.0,1.0
hf_github_codereview,eee3c247fdfc6354,0.975144624710083,0.9631776809692383,0.0013488531112670898,0.9631776809692383,0.9810173511505127,0.975144624710083,0.0,19.960891723632812,19.054847717285156,1,3,1.0,1.0,1.0
hf_github_codereview,aea5adcf3a122961,0.9241725206375122,0.9241725206375122,0.9241725206375122,0.9241725206375122,0.9241725206375122,0.9241725206375122,0.0,18.787546157836914,19.361663818359375,1,1,1.0,1.0,1.0
hf_github_codereview,51cc2f0fee2f2ab1,1.0,0.9951484501361847,0.009703099727630615,0.9951484501361847,0.9975712299346924,1.0,0.0,19.241300582885742,19.30148220062256,1,2,1.0,1.0,1.0
hf_github_codereview,6227a5b0743ab632,0.9763123393058777,0.9652640521526337,0.022096574306488037,0.9652640521526337,0.9702116250991821,0.9763123393058777,0.0,18.50151824951172,18.559529304504395,1,2,1.0,1.0,1.0
hf_github_codereview,d1a06652c76ea003,0.9506649971008301,0.9459898173809052,0.009350359439849854,0.9459898173809052,0.9494628310203552,0.9506649971008301,0.0,18.28816795349121,18.764615058898926,1,2,1.0,1.0,1.0
hf_github_codereview,4fd792e3641f55b0,0.9910981059074402,0.9910981059074402,0.9910981059074402,0.9910981059074402,0.991098165512085,0.9910981059074402,0.0,18.728450775146484,18.841917037963867,1,1,1.0,1.0,1.0
hf_github_codereview,253c3267a645286d,1.0,1.0,1.0,1.0,1.0,1.0,0.0,19.446271896362305,19.446271896362305,1,1,1.0,1.0,1.0
hf_github_codereview,8167aed99f6b07e3,0.9999999403953552,0.9999999403953552,0.9999999403953552,0.9999999403953552,1.0,0.9999999403953552,0.0,18.89745330810547,18.89745330810547,1,1,1.0,1.0,1.0
hf_github_codereview,44a0540f47bf7703,0.9759670495986938,0.860354483127594,0.2312251329421997,0.860354483127594,0.9282505512237549,0.9759670495986938,0.0,18.27471160888672,17.832738876342773,1,2,1.0,1.0,0.5
hf_github_codereview,3c7a80dec2c9209e,0.981766939163208,0.981766939163208,0.981766939163208,0.981766939163208,0.981766939163208,0.981766939163208,0.0,18.821182250976562,18.62127113342285,1,1,1.0,1.0,1.0
hf_github_codereview,cdc17dbb969889cf,0.9846389889717102,0.9846389889717102,0.9846389889717102,0.9846389889717102,0.9846391081809998,0.9846389889717102,0.0,19.142993927001953,18.578540802001953,1,1,1.0,1.0,1.0
hf_github_codereview,ae61b991ddd40a6c,0.9786416888237,0.857705146074295,0.24187308549880981,0.857705146074295,0.9031023979187012,0.9786416888237,0.0,19.238121032714844,18.344426155090332,1,2,1.0,1.0,0.5
hf_github_codereview,06b8597782868b57,0.9999999403953552,0.9832979440689087,0.033403992652893066,0.9832979440689087,0.9916137456893921,0.9999999403953552,0.0,18.908287048339844,18.984329223632812,1,2,1.0,1.0,1.0
hf_github_codereview,862a8d2b7c0d28a3,0.9911661744117737,0.9883846342563629,0.005563080310821533,0.9883846342563629,0.9917809963226318,0.9911661744117737,0.0,18.890228271484375,19.28681182861328,1,2,1.0,1.0,1.0
hf_github_codereview,1b36dff450b3444a,0.9999998807907104,0.9933665990829468,0.013266563415527344,0.9933665990829468,0.9966777563095093,0.9999998807907104,0.0,19.163476943969727,19.219792366027832,1,2,1.0,1.0,1.0
hf_github_codereview,a1702545d5644118,0.996985673904419,0.996985673904419,0.996985673904419,0.996985673904419,0.9969855546951294,0.996985673904419,0.0,19.20616340637207,18.993268966674805,1,1,1.0,1.0,1.0
hf_github_codereview,f3e551c87d4d64b0,0.9667243361473083,0.9488812983036041,0.03568607568740845,0.9488812983036041,0.9557809829711914,0.9667243361473083,0.0,18.88571548461914,19.15017318725586,1,2,1.0,1.0,1.0
hf_github_codereview,ee6af9db0d553457,0.9466763734817505,0.9466763734817505,0.9466763734817505,0.9466763734817505,0.94667649269104,0.9466763734817505,0.0,19.19167137145996,19.105026245117188,1,1,1.0,1.0,1.0
hf_github_codereview,fc64f0b93b0ed00f,0.9617334604263306,0.9617334604263306,0.9617334604263306,0.9617334604263306,0.9617335200309753,0.9617334604263306,0.0,19.984045028686523,18.96107292175293,1,1,1.0,1.0,1.0
hf_github_codereview,204f9ec08934fd8c,0.9344469904899597,0.9344469904899597,0.9344469904899597,0.9344469904899597,0.9344469904899597,0.9344469904899597,0.0,19.29778289794922,18.388416290283203,1,1,1.0,1.0,1.0
hf_github_codereview,9875d2c770b3c113,0.9474492073059082,0.9474492073059082,0.9474492073059082,0.9474492073059082,0.9474494457244873,0.9474492073059082,0.0,18.407623291015625,18.523176193237305,1,1,1.0,1.0,1.0
hf_github_codereview,ac576795e676ed6f,0.9878119826316833,0.9870179295539856,0.0015881061553955078,0.9870179295539856,0.9895870685577393,0.9878119826316833,0.0,18.748737335205078,18.98034381866455,1,2,1.0,1.0,1.0
hf_github_codereview,109ee77b4001b462,1.0,0.9746369123458862,0.05072617530822754,0.9746369123458862,0.9872370362281799,1.0,0.0,18.682180404663086,18.77042579650879,1,2,1.0,1.0,1.0
hf_github_codereview,0110cb357a377fbc,0.9902431964874268,0.964027980963389,0.024962127208709717,0.964027980963389,0.9815728068351746,0.9902431964874268,0.0,18.849245071411133,18.85938326517741,1,3,1.0,1.0,1.0
hf_github_codereview,54af596b6755d749,0.9803563952445984,0.9534999132156372,0.05371296405792236,0.9534999132156372,0.9618847370147705,0.9803563952445984,0.0,19.608367919921875,18.939207077026367,1,2,1.0,1.0,1.0
hf_github_codereview,f827ae2a9d865e10,0.9296220541000366,0.9274104833602905,0.0044231414794921875,0.9274104833602905,0.9317607879638672,0.9296220541000366,0.0,18.440753936767578,19.18690776824951,1,2,1.0,1.0,1.0
hf_github_codereview,b3fa9e066a898cdc,0.9964731335639954,0.981256753206253,0.03043276071548462,0.981256753206253,0.9901050925254822,0.9964731335639954,0.0,18.768218994140625,18.664555549621582,1,2,1.0,1.0,1.0
hf_github_codereview,d63cda192c149ae8,0.9966276288032532,0.9966276288032532,0.9966276288032532,0.9966276288032532,0.9966274499893188,0.9966276288032532,0.0,19.31569480895996,19.451337814331055,1,1,1.0,1.0,1.0
hf_github_codereview,b8c60a23fd00a010,0.9856098294258118,0.9615311026573181,0.02800595760345459,0.9615311026573181,0.9811122417449951,0.9856098294258118,0.0,19.081518173217773,18.677409489949543,1,3,1.0,1.0,1.0
hf_github_codereview,8e90ef99dd3d5cc3,0.9999998807907104,0.9759647250175476,0.048070311546325684,0.9759647250175476,0.987909197807312,0.9999998807907104,0.0,18.55887794494629,18.753302574157715,1,2,1.0,1.0,1.0
hf_github_codereview,1e3b1b56d0d35837,0.9999999403953552,0.9999999403953552,0.9999999403953552,0.9999999403953552,1.0,0.9999999403953552,0.0,18.68317985534668,18.68317985534668,1,1,1.0,1.0,1.0
hf_github_codereview,0d024a5b46a456d7,1.0,1.0,1.0,1.0,1.0,1.0,0.0,19.095260620117188,19.095260620117188,1,1,1.0,1.0,1.0
hf_github_codereview,50290f3a766748e1,0.9521101713180542,0.9521101713180542,0.9521101713180542,0.9521101713180542,0.9521101713180542,0.9521101713180542,0.0,19.42677116394043,19.343534469604492,1,1,1.0,1.0,1.0
hf_github_codereview,d3950f620d297ae1,0.938988208770752,0.938988208770752,0.938988208770752,0.938988208770752,0.9389883279800415,0.938988208770752,0.0,19.048900604248047,19.33903694152832,1,1,1.0,1.0,1.0
hf_github_codereview,6d65483cb1b6171f,1.0,0.9786065220832825,0.04278695583343506,0.9786065220832825,0.9892455339431763,1.0,0.0,19.05369758605957,19.04913902282715,1,2,1.0,1.0,1.0
hf_github_codereview,0ee1efe1423baccd,0.9954938888549805,0.9690351486206055,0.02134263515472412,0.9690351486206055,0.9815304279327393,0.9954938888549805,0.0,19.248615264892578,19.295708974202473,1,3,1.0,1.0,1.0
hf_github_codereview,a7508a4ea7f306f4,0.9999998211860657,0.9999998211860657,0.9999998211860657,0.9999998211860657,0.9999999403953552,0.9999998211860657,0.0,19.903305053710938,19.903305053710938,1,1,1.0,1.0,1.0
hf_github_codereview,9d27d638f9daaf4e,0.9999998807907104,0.9999998807907104,0.9999998807907104,0.9999998807907104,0.9999999403953552,0.9999998807907104,0.0,19.565406799316406,19.565406799316406,1,1,1.0,1.0,1.0
hf_github_codereview,4e8c76358cd5833f,1.0,1.0,1.0,1.0,1.0,1.0,0.0,19.81479835510254,19.81479835510254,1,1,1.0,1.0,1.0
hf_github_codereview,bbdf9109a717ba5f,0.9835256934165955,0.9835256934165955,0.9835256934165955,0.9835256934165955,0.9835256934165955,0.9835256934165955,0.0,19.361270904541016,19.362619400024414,1,1,1.0,1.0,1.0
hf_github_codereview,1e4c995ee9dab04d,0.9732046127319336,0.9732046127319336,0.9732046127319336,0.9732046127319336,0.9732046127319336,0.9732046127319336,0.0,19.42673683166504,19.362619400024414,1,1,1.0,1.0,1.0
hf_github_codereview,e148f9184f064783,1.0,0.9546282291412354,0.06397664546966553,0.9546282291412354,0.9705862998962402,1.0,0.0,18.4478702545166,18.825873692830402,1,3,1.0,1.0,1.0
hf_github_codereview,f5414541de4c1f3c,0.9980746507644653,0.9980746507644653,0.9980746507644653,0.9980746507644653,0.9980746507644653,0.9980746507644653,0.0,18.731098175048828,18.5716609954834,1,1,1.0,1.0,1.0
hf_github_codereview,ad26656038244880,0.990605354309082,0.9819310903549194,0.0005889534950256348,0.934169739484787,0.9787265062332153,0.990605354309082,0.0,19.391681671142578,19.009385585784912,1,4,1.0,1.0,0.75
hf_github_codereview,e1fb2baf54ac7697,0.9428626298904419,0.9378620982170105,0.005489230155944824,0.9318065345287323,0.9483896493911743,0.9428626298904419,0.0,18.29358673095703,19.289016723632812,1,4,1.0,1.0,1.0
hf_github_codereview,b6c956b85e57a2f8,0.9999999403953552,0.978911966085434,0.04217594861984253,0.978911966085434,0.9893999099731445,0.9999999403953552,0.0,19.727771759033203,19.48080062866211,1,2,1.0,1.0,1.0
hf_github_codereview,7e7e4d8ebeb23557,0.9156087636947632,0.9138583739598592,0.0014227032661437988,0.9126773774623871,0.9160424470901489,0.9156087636947632,0.0,19.164295196533203,18.226868152618408,1,4,1.0,1.0,1.0
hf_github_codereview,ebebf8e29cb9490a,1.0,1.0,1.0,1.0,1.0,1.0,0.0,19.847597122192383,19.847597122192383,1,1,1.0,1.0,1.0
hf_github_codereview,64b93e587d4e03c3,0.9834752678871155,0.9791033864021301,0.008743762969970703,0.9791033864021301,0.9821823835372925,0.9834752678871155,0.0,18.852867126464844,19.04368305206299,1,2,1.0,1.0,1.0
hf_github_codereview,de5f3661977c4e99,1.0,0.8825818598270416,0.23483628034591675,0.8825818598270416,0.9394583702087402,1.0,0.0,19.831905364990234,18.60402488708496,1,2,1.0,1.0,0.5
hf_github_codereview,e15d831b4fce9d4a,0.8928516507148743,0.8928516507148743,0.8928516507148743,0.8928516507148743,0.8928516507148743,0.8928516507148743,0.0,17.774641036987305,19.48021125793457,1,1,1.0,1.0,1.0
hf_github_codereview,f86b0514edf88f78,0.9964202642440796,0.9877826571464539,0.017275214195251465,0.9877826571464539,0.9961044788360596,0.9964202642440796,0.0,18.954179763793945,18.673710823059082,1,2,1.0,1.0,1.0
hf_github_codereview,b11751af5a4fd401,0.9932668209075928,0.9724405407905579,0.041652560234069824,0.9724405407905579,0.982357382774353,0.9932668209075928,0.0,18.82502555847168,18.849987030029297,1,2,1.0,1.0,1.0
hf_github_codereview,41e3a936df4c6bd2,0.9873019456863403,0.9504190385341644,0.0737658143043518,0.9504190385341644,0.9682319164276123,0.9873019456863403,0.0,19.6046085357666,18.45398235321045,1,2,1.0,1.0,1.0
hf_github_codereview,44d2e1f329b39102,0.9283151030540466,0.9283151030540466,0.9283151030540466,0.9283151030540466,0.9283152222633362,0.9283151030540466,0.0,19.065937042236328,18.35262107849121,1,1,1.0,1.0,1.0
hf_github_codereview,70c3b0473c6fe31d,0.9338371753692627,0.9338371753692627,0.9338371753692627,0.9338371753692627,0.9338371753692627,0.9338371753692627,0.0,19.096195220947266,18.410951614379883,1,1,1.0,1.0,1.0
hf_github_codereview,f28993e10f279868,0.9594048857688904,0.9594048857688904,0.9594048857688904,0.9594048857688904,0.9594048857688904,0.9594048857688904,0.0,18.980974197387695,18.87862777709961,1,1,1.0,1.0,1.0
hf_github_codereview,559fc3c616a75b05,0.9159749746322632,0.9153521060943604,0.001245737075805664,0.9153521060943604,0.9194453954696655,0.9159749746322632,0.0,18.912675857543945,18.50170135498047,1,2,1.0,1.0,1.0
hf_github_codereview,6964bf0d26546a37,1.0,1.0,1.0,1.0,1.0,1.0,0.0,19.534963607788086,19.534963607788086,1,1,1.0,1.0,1.0
hf_github_codereview,3b6be3c750c025a9,1.0,1.0,1.0,1.0,1.0,1.0,0.0,19.670391082763672,19.670391082763672,1,1,1.0,1.0,1.0
hf_github_codereview,a25d9f8f6fb195b7,1.0,1.0,1.0,1.0,1.0,1.0,0.0,19.199710845947266,19.199710845947266,1,1,1.0,1.0,1.0
hf_github_codereview,7baf60d6f2a29c28,1.0,0.9826321005821228,0.034735798835754395,0.9826321005821228,0.9912781715393066,1.0,0.0,18.769447326660156,19.052181243896484,1,2,1.0,1.0,1.0
hf_github_codereview,33cd8b6030a14f4d,1.0,0.9799872636795044,0.04002547264099121,0.9799872636795044,0.9899430274963379,1.0,0.0,19.074573516845703,19.311809539794922,1,2,1.0,1.0,1.0
hf_github_codereview,d7fd6c2f1d01fdac,1.0,0.9799872636795044,0.04002547264099121,0.9799872636795044,0.9899429082870483,1.0,0.0,19.54904556274414,19.311809539794922,1,2,1.0,1.0,1.0
hf_github_codereview,dc81b93411acb3c1,1.0,0.9921572804450989,0.015685439109802246,0.9921572804450989,0.9960708618164062,1.0,0.0,19.71575927734375,19.83994770050049,1,2,1.0,1.0,1.0
hf_github_codereview,8321888b52643202,0.9401633739471436,0.9401633739471436,0.9401633739471436,0.9401633739471436,0.9401633739471436,0.9401633739471436,0.0,19.535736083984375,18.818082809448242,1,1,1.0,1.0,1.0
hf_github_codereview,699dee3d33d13add,1.0,1.0,1.0,1.0,1.0,1.0,0.0,18.664012908935547,18.664012908935547,1,1,1.0,1.0,1.0
hf_github_codereview,f9bf0a8922e563cc,1.0,1.0,1.0,1.0,1.0,1.0,0.0,19.109386444091797,19.109386444091797,1,1,1.0,1.0,1.0
hf_github_codereview,43f6844429f00bc8,0.9434732794761658,0.9297496378421783,0.027447283267974854,0.9297496378421783,0.9350169897079468,0.9434732794761658,0.0,19.347599029541016,18.69544219970703,1,2,1.0,1.0,1.0
hf_github_codereview,36c7b4c6277c4b77,0.9999999403953552,0.9999999403953552,0.9999999403953552,0.9999999403953552,1.0,0.9999999403953552,0.0,19.13301658630371,19.13301658630371,1,1,1.0,1.0,1.0
hf_github_codereview,f7801e0728e72167,0.9999998807907104,0.9999998807907104,0.9999998807907104,0.9999998807907104,1.0,0.9999998807907104,0.0,19.31450843811035,19.31450843811035,1,1,1.0,1.0,1.0
hf_github_codereview,5a4e5bf5b2cf275a,1.0,1.0,1.0,1.0,1.0,1.0,0.0,19.742162704467773,19.742162704467773,1,1,1.0,1.0,1.0
hf_github_codereview,2f5cd430e974094f,0.9757504463195801,0.9484662711620331,0.054568350315093994,0.9484662711620331,0.9782158732414246,0.9757504463195801,0.0,19.198490142822266,19.031489372253418,1,2,1.0,1.0,1.0
hf_github_codereview,1d9b28d602202512,1.0,1.0,1.0,1.0,1.0,1.0,0.0,19.3718318939209,19.3718318939209,1,1,1.0,1.0,1.0
hf_github_codereview,6e7f8c99f0e61d57,0.9999998807907104,0.9999998807907104,0.9999998807907104,0.9999998807907104,1.0,0.9999998807907104,0.0,19.622947692871094,19.622947692871094,1,1,1.0,1.0,1.0
hf_github_codereview,4460b64c81b70a2c,0.9707295894622803,0.9707295894622803,0.9707295894622803,0.9707295894622803,0.9707295894622803,0.9707295894622803,0.0,18.861785888671875,18.945960998535156,1,1,1.0,1.0,1.0
hf_github_codereview,651855e73c625cb1,1.0,1.0,1.0,1.0,1.0,1.0,0.0,19.279104232788086,19.279104232788086,1,1,1.0,1.0,1.0
hf_github_codereview,a1374d2c7f78a390,0.9999997615814209,0.9999997615814209,0.9999997615814209,0.9999997615814209,0.9999998807907104,0.9999997615814209,0.0,19.30864143371582,19.30864143371582,1,1,1.0,1.0,1.0
hf_github_codereview,e07b42d8e345f215,1.0,1.0,1.0,1.0,1.0,1.0,0.0,19.780710220336914,19.780710220336914,1,1,1.0,1.0,1.0
hf_github_codereview,902a9055fddd70a8,0.9999997615814209,0.9679520726203918,0.0640953779220581,0.9679520726203918,0.9838454723358154,0.9999997615814209,0.0,18.8297176361084,19.015962600708008,1,2,1.0,1.0,1.0
hf_github_codereview,07f83bbb4accd460,1.0,1.0,1.0,1.0,1.0,1.0,0.0,19.21931266784668,19.21931266784668,1,1,1.0,1.0,1.0
hf_github_codereview,9eb12f6e52419630,1.0,1.0,1.0,1.0,1.0,1.0,0.0,19.773883819580078,19.773883819580078,1,1,1.0,1.0,1.0
hf_github_codereview,067ee6d49cf6d578,0.9678648710250854,0.9629250764846802,0.009879589080810547,0.9629250764846802,0.9696429371833801,0.9678648710250854,0.0,19.040409088134766,19.284981727600098,1,2,1.0,1.0,1.0
hf_github_codereview,64357ec84e6cae30,1.0,1.0,1.0,1.0,1.0,1.0,0.0,18.63371467590332,18.63371467590332,1,1,1.0,1.0,1.0
hf_github_codereview,82399b385e79d3e7,1.0,1.0,1.0,1.0,1.0,1.0,0.0,19.093563079833984,19.093563079833984,1,1,1.0,1.0,1.0
hf_github_codereview,bc96634fe5ea1503,0.937464714050293,0.937464714050293,0.937464714050293,0.937464714050293,0.9374645948410034,0.937464714050293,0.0,18.390642166137695,19.17101287841797,1,1,1.0,1.0,1.0
hf_github_codereview,69c043da4e689bf0,0.9504796266555786,0.9504796266555786,0.9504796266555786,0.9504796266555786,0.9504797458648682,0.9504796266555786,0.0,18.688718795776367,19.085487365722656,1,1,1.0,1.0,1.0
hf_github_codereview,fabff04978af02fe,1.0,1.0,1.0,1.0,1.0,1.0,0.0,18.960763931274414,18.960763931274414,1,1,1.0,1.0,1.0
hf_github_codereview,9ee8fdf02c19d786,0.908941924571991,0.908941924571991,0.908941924571991,0.908941924571991,0.908941924571991,0.908941924571991,0.0,19.43747901916504,18.055889129638672,1,1,1.0,1.0,1.0
hf_github_codereview,ea3b61aeac13d8c4,0.9999999403953552,0.9999999403953552,0.9999999403953552,0.9999999403953552,1.0,0.9999999403953552,0.0,19.272321701049805,19.272321701049805,1,1,1.0,1.0,1.0
hf_github_codereview,60fb0b3570780212,0.9844054579734802,0.9844054579734802,0.9844054579734802,0.9844054579734802,0.9844056367874146,0.9844054579734802,0.0,19.345815658569336,19.081647872924805,1,1,1.0,1.0,1.0
hf_github_codereview,aff478a7b42538c1,0.9999997615814209,0.9999997615814209,0.9999997615814209,0.9999997615814209,0.9999998807907104,0.9999997615814209,0.0,19.505571365356445,19.505571365356445,1,1,1.0,1.0,1.0
hf_github_codereview,02be8de52d7fc64a,0.9999999403953552,0.9762237966060638,0.047552287578582764,0.9762237966060638,0.9880403280258179,0.9999999403953552,0.0,19.48511505126953,19.404455184936523,1,2,1.0,1.0,1.0
hf_github_codereview,77904f1f10d1ca56,0.9980482459068298,0.9980482459068298,0.9980482459068298,0.9980482459068298,0.9980484247207642,0.9980482459068298,0.0,18.914674758911133,18.993562698364258,1,1,1.0,1.0,1.0
hf_github_codereview,35ab322afedab4a7,0.9594523310661316,0.9468161761760712,0.02527230978012085,0.9468161761760712,0.9717068076133728,0.9594523310661316,0.0,19.491117477416992,18.73823356628418,1,2,1.0,1.0,1.0
hf_github_codereview,cf4b58437e5d80e4,1.0,0.9588325619697571,0.08233487606048584,0.9588325619697571,0.9791999459266663,1.0,0.0,19.358963012695312,18.81106472015381,1,2,1.0,1.0,1.0
hf_github_codereview,a79650d06d11aa25,0.9999999403953552,0.9990294873714447,0.001940906047821045,0.9990294873714447,0.9995145797729492,0.9999999403953552,0.0,19.9108829498291,19.959959983825684,1,2,1.0,1.0,1.0
hf_github_codereview,e78ed3346d62dbab,1.0,0.9990295171737671,0.0019409656524658203,0.9990295171737671,0.9995148181915283,1.0,0.0,20.009037017822266,19.959959983825684,1,2,1.0,1.0,1.0
hf_github_codereview,ec68eaf45cb8b6f7,0.9482868313789368,0.9482868313789368,0.9482868313789368,0.9482868313789368,0.9482868313789368,0.9482868313789368,0.0,19.57672691345215,18.617687225341797,1,1,1.0,1.0,1.0
hf_github_codereview,0c49a00b78652cab,1.0,0.983600914478302,0.032798171043395996,0.983600914478302,0.991766631603241,1.0,0.0,19.645248413085938,19.34291648864746,1,2,1.0,1.0,1.0
hf_github_codereview,64a54756173bfcb8,1.0,1.0,1.0,1.0,1.0,1.0,0.0,19.412837982177734,19.412837982177734,1,1,1.0,1.0,1.0
hf_github_codereview,fd42c84164126b7e,0.9999998211860657,0.9999998211860657,0.9999998211860657,0.9999998211860657,0.9999998807907104,0.9999998211860657,0.0,19.539077758789062,19.539077758789062,1,1,1.0,1.0,1.0
hf_github_codereview,78f862e9d9d065b8,1.0,1.0,1.0,1.0,1.0,1.0,0.0,19.451995849609375,19.451995849609375,1,1,1.0,1.0,1.0
hf_github_codereview,09a6993bcbcd6119,0.9964810609817505,0.9797416925430298,0.033478736877441406,0.9797416925430298,0.9903057217597961,0.9964810609817505,0.0,19.48821258544922,18.83071804046631,1,2,1.0,1.0,1.0
hf_github_codereview,a98bf1398b9267eb,0.9999999403953552,0.9999999403953552,0.9999999403953552,0.9999999403953552,1.0,0.9999999403953552,0.0,19.504854202270508,19.504854202270508,1,1,1.0,1.0,1.0
hf_github_codereview,3f04dcee78996dc5,0.9951282739639282,0.9799987971782684,0.03025895357131958,0.9799987971782684,0.9880865812301636,0.9951282739639282,0.0,18.807966232299805,19.035295486450195,1,2,1.0,1.0,1.0
hf_github_codereview,91142a6b91331456,1.0,0.9597957134246826,0.08040857315063477,0.9597957134246826,0.9796916246414185,1.0,0.0,19.357933044433594,19.19655132293701,1,2,1.0,1.0,1.0
hf_github_codereview,6c46fe2ee287b479,0.9700673222541809,0.963434487581253,0.013265669345855713,0.963434487581253,0.9688050746917725,0.9700673222541809,0.0,19.34649085998535,19.08482837677002,1,2,1.0,1.0,1.0
hf_github_codereview,f0c1edc80ebfe010,0.9963195323944092,0.9963195323944092,0.9963195323944092,0.9963195323944092,0.9963195323944092,0.9963195323944092,0.0,19.276159286499023,19.136791229248047,1,1,1.0,1.0,1.0
hf_github_codereview,a5cc3c54216fadd2,0.9742351770401001,0.9742351770401001,0.9742351770401001,0.9742351770401001,0.9742353558540344,0.9742351770401001,0.0,19.283262252807617,18.81220245361328,1,1,1.0,1.0,1.0
hf_github_codereview,ff9753610d6cb240,0.9950794577598572,0.9950794577598572,0.9950794577598572,0.9950794577598572,0.995079517364502,0.9950794577598572,0.0,18.987424850463867,18.81220245361328,1,1,1.0,1.0,1.0
hf_github_codereview,301f16781c55b892,0.9800301194190979,0.9800301194190979,0.9800301194190979,0.9800301194190979,0.9800301790237427,0.9800301194190979,0.0,18.950027465820312,18.81220245361328,1,1,1.0,1.0,1.0
hf_github_codereview,bbf297ec4eae1974,0.9999999403953552,0.9999999403953552,0.9999999403953552,0.9999999403953552,1.0,0.9999999403953552,0.0,19.320613861083984,19.320613861083984,1,1,1.0,1.0,1.0
hf_github_codereview,89546e253b383cda,0.983748197555542,0.9700448513031006,0.0009126663208007812,0.9700448513031006,0.9893163442611694,0.983748197555542,0.0,19.368282318115234,19.330220540364582,1,3,1.0,1.0,1.0
hf_github_codereview,17021de8cfa2d95c,0.977484941482544,0.9721775650978088,0.0064141154289245605,0.9721775650978088,0.9800182580947876,0.977484941482544,0.0,19.37895393371582,18.97402826944987,1,3,1.0,1.0,1.0
hf_github_codereview,4b584016fc237c10,0.9679895639419556,0.9679895639419556,0.9679895639419556,0.9679895639419556,0.9679895639419556,0.9679895639419556,0.0,19.424367904663086,19.076078414916992,1,1,1.0,1.0,1.0
hf_github_codereview,de8e29b6dbadc895,0.9764576554298401,0.9764576554298401,0.9764576554298401,0.9764576554298401,0.9764576554298401,0.9764576554298401,0.0,19.20709228515625,18.998516082763672,1,1,1.0,1.0,1.0
hf_github_codereview,6c5a8771fe776f6d,0.971324622631073,0.971324622631073,0.971324622631073,0.971324622631073,0.9713246822357178,0.971324622631073,0.0,18.824796676635742,18.86450958251953,1,1,1.0,1.0,1.0
hf_github_codereview,65f93a0be948055b,0.9998437762260437,0.9998437762260437,0.9998437762260437,0.9998437762260437,0.9998437762260437,0.9998437762260437,0.0,19.063615798950195,19.05815887451172,1,1,1.0,1.0,1.0
hf_github_codereview,cd5c34a7ab803a11,0.9536459445953369,0.9536459445953369,0.9536459445953369,0.9536459445953369,0.9536459445953369,0.9536459445953369,0.0,19.7364501953125,18.62891387939453,1,1,1.0,1.0,1.0
hf_github_codereview,ea07366ba1cee4d5,0.9639844298362732,0.9556943476200104,0.016580164432525635,0.9556943476200104,0.9627380967140198,0.9639844298362732,0.0,19.467975616455078,19.246487617492676,1,2,1.0,1.0,1.0
hf_github_codereview,262dcef57a2faf52,0.9654930233955383,0.9654930233955383,0.9654930233955383,0.9654930233955383,0.9654932022094727,0.9654930233955383,0.0,19.645893096923828,18.855621337890625,1,1,1.0,1.0,1.0
hf_github_codereview,d8f8c21d3636d6dd,1.0,0.9901624321937561,0.019675135612487793,0.9901624321937561,0.995069146156311,1.0,0.0,19.028785705566406,18.920761108398438,1,2,1.0,1.0,1.0
hf_github_codereview,a1231b11490a324d,0.9999999403953552,0.9999999403953552,0.9999999403953552,0.9999999403953552,1.0,0.9999999403953552,0.0,19.36496353149414,19.36496353149414,1,1,1.0,1.0,1.0
hf_github_codereview,9294ff20a8b69d40,0.9688253402709961,0.9654430747032166,0.006764531135559082,0.9654430747032166,0.9753170013427734,0.9688253402709961,0.0,18.98522186279297,19.198240280151367,1,2,1.0,1.0,1.0
hf_github_codereview,4c9546302bf1777f,0.9793834686279297,0.9770116806030273,0.0047435760498046875,0.9770116806030273,0.9824046492576599,0.9793834686279297,0.0,19.516828536987305,19.31053066253662,1,2,1.0,1.0,1.0
hf_github_codereview,7e0dbd814e822851,1.0,1.0,1.0,1.0,1.0,1.0,0.0,19.070388793945312,19.070388793945312,1,1,1.0,1.0,1.0
hf_github_codereview,6dc0bb95928d573f,0.9932198524475098,0.9932198524475098,0.9932198524475098,0.9932198524475098,0.9932198524475098,0.9932198524475098,0.0,18.904945373535156,19.468524932861328,1,1,1.0,1.0,1.0
hf_github_codereview,bb5729e38b2e3737,0.8720982074737549,0.8720982074737549,0.8720982074737549,0.8720982074737549,0.8720982074737549,0.8720982074737549,0.0,18.138845443725586,18.534893035888672,1,1,1.0,1.0,1.0
hf_github_codereview,c8ee5fd7b9c4b6cd,1.0,0.9625601371129354,0.04118704795837402,0.9625601371129354,0.9837920069694519,1.0,0.0,19.27964973449707,19.41128412882487,1,3,1.0,1.0,1.0
hf_github_codereview,b604927724aa41cf,0.9877138733863831,0.9697559773921967,0.0359157919883728,0.9697559773921967,0.9768673181533813,0.9877138733863831,0.0,19.68519401550293,19.620524406433105,1,2,1.0,1.0,1.0
hf_github_codereview,de1ffa52eb0fbf32,0.9141923189163208,0.9141923189163208,0.9141923189163208,0.9141923189163208,0.9141923189163208,0.9141923189163208,0.0,19.603199005126953,18.588146209716797,1,1,1.0,1.0,1.0
hf_github_codereview,84cd8aa15311bcd9,0.956845760345459,0.956845760345459,0.956845760345459,0.956845760345459,0.956845760345459,0.956845760345459,0.0,19.494192123413086,18.971649169921875,1,1,1.0,1.0,1.0
hf_github_codereview,80774ca46dc93772,0.989586591720581,0.9586167335510254,0.06193971633911133,0.9586167335510254,0.9764308929443359,0.989586591720581,0.0,19.169994354248047,18.549134254455566,1,2,1.0,1.0,1.0
hf_github_codereview,84037264c9bd26f6,1.0,0.9822969734668732,0.03540605306625366,0.9822969734668732,0.9911088943481445,1.0,0.0,19.26417350769043,19.181952476501465,1,2,1.0,1.0,1.0
hf_github_codereview,779366faa72864fd,0.9999999403953552,0.886311799287796,0.2273762822151184,0.886311799287796,0.9414414167404175,0.9999999403953552,0.0,19.154401779174805,18.265273094177246,1,2,1.0,1.0,0.5
hf_github_codereview,a59e5e88dd892b09,0.9886427521705627,0.9886427521705627,0.9886427521705627,0.9886427521705627,0.9886427521705627,0.9886427521705627,0.0,19.521015167236328,19.494672775268555,1,1,1.0,1.0,1.0
hf_github_codereview,7c78fbd484378d56,0.9878106117248535,0.9350319802761078,0.10555726289749146,0.9350319802761078,0.9642325639724731,0.9878106117248535,0.0,19.206634521484375,19.1875581741333,1,2,1.0,1.0,1.0
hf_github_codereview,13b676122f2b3086,0.9441032409667969,0.9441032409667969,0.9441032409667969,0.9441032409667969,0.9441032409667969,0.9441032409667969,0.0,19.021379470825195,17.400184631347656,1,1,1.0,1.0,1.0
hf_github_codereview,191884de2722277b,0.9460029602050781,0.9460029602050781,0.9460029602050781,0.9460029602050781,0.9460029602050781,0.9460029602050781,0.0,18.76146125793457,19.633569717407227,1,1,1.0,1.0,1.0
hf_github_codereview,effbed3fc524fdb6,0.9999998807907104,0.9999998807907104,0.9999998807907104,0.9999998807907104,0.9999999403953552,0.9999998807907104,0.0,18.602949142456055,18.602949142456055,1,1,1.0,1.0,1.0
hf_github_codereview,063169b106628f45,0.9999997615814209,0.9999997615814209,0.9999997615814209,0.9999997615814209,0.9999998807907104,0.9999997615814209,0.0,20.12518882751465,20.12518882751465,1,1,1.0,1.0,1.0
hf_github_codereview,6bdc362f543d8c52,0.9800056219100952,0.9800056219100952,0.9800056219100952,0.9800056219100952,0.9800056219100952,0.9800056219100952,0.0,19.228918075561523,19.849864959716797,1,1,1.0,1.0,1.0
hf_github_codereview,39181e95b63ed2fc,0.9782724380493164,0.9662097990512848,0.024125277996063232,0.9662097990512848,0.975538432598114,0.9782724380493164,0.0,19.986618041992188,19.32155704498291,1,2,1.0,1.0,1.0
hf_github_codereview,65a666a68d6a1ebd,0.9991339445114136,0.9991339445114136,0.9991339445114136,0.9991339445114136,0.999133825302124,0.9991339445114136,0.0,19.469646453857422,19.441816329956055,1,1,1.0,1.0,1.0
hf_github_codereview,79917549fec3d905,0.9999997615814209,0.9999997615814209,0.9999997615814209,0.9999997615814209,0.9999999403953552,0.9999997615814209,0.0,19.243398666381836,19.243398666381836,1,1,1.0,1.0,1.0
hf_github_codereview,3cd5828ad878ec51,0.9769458770751953,0.9769458770751953,0.9769458770751953,0.9769458770751953,0.9769458770751953,0.9769458770751953,0.0,19.637619018554688,19.235279083251953,1,1,1.0,1.0,1.0
hf_github_codereview,ee7504ab99730602,0.9884387254714966,0.973974883556366,0.009098470211029053,0.973974883556366,0.9877599477767944,0.9884387254714966,0.0,19.53293228149414,19.33989079793294,1,3,1.0,1.0,1.0
hf_github_codereview,bb4eb80986d7bdd4,0.942529559135437,0.9425165057182312,2.6106834411621094e-05,0.9425165057182312,0.9510389566421509,0.942529559135437,0.0,19.606616973876953,19.09353256225586,1,2,1.0,1.0,1.0
hf_github_codereview,1af5ce7e3e2618c5,1.0,1.0,1.0,1.0,1.0,1.0,0.0,18.66567039489746,18.66567039489746,1,1,1.0,1.0,1.0
hf_github_codereview,12169bb446846dc0,0.9121334552764893,0.9069413542747498,0.003688216209411621,0.9069413542747498,0.9145748615264893,0.9121334552764893,0.0,18.895751953125,19.25490125020345,1,3,1.0,1.0,1.0
hf_github_codereview,0c7dfdbdb95dc9a0,0.933917760848999,0.933917760848999,0.933917760848999,0.933917760848999,0.933917760848999,0.933917760848999,0.0,19.795351028442383,18.555259704589844,1,1,1.0,1.0,1.0
hf_github_codereview,9a0abc00b01767df,0.9367614984512329,0.9367614984512329,0.9367614984512329,0.9367614984512329,0.9367614984512329,0.9367614984512329,0.0,19.564369201660156,18.555259704589844,1,1,1.0,1.0,1.0
hf_github_codereview,1a66f505207cb24d,0.961247980594635,0.961247980594635,0.961247980594635,0.961247980594635,0.961247980594635,0.961247980594635,0.0,19.704450607299805,19.083101272583008,1,1,1.0,1.0,1.0
hf_github_codereview,14237c6999cac035,1.0,1.0,1.0,1.0,1.0,1.0,0.0,19.307952880859375,19.307952880859375,1,1,1.0,1.0,1.0
hf_github_codereview,441b852f4683f6fa,0.9310184121131897,0.9310184121131897,0.9310184121131897,0.9310184121131897,0.9310184121131897,0.9310184121131897,0.0,19.905197143554688,18.960098266601562,1,1,1.0,1.0,1.0
hf_github_codereview,a2eb51e42eac7ce0,0.9825003743171692,0.9428777396678925,0.07924526929855347,0.9428777396678925,0.9609874486923218,0.9825003743171692,0.0,19.387222290039062,19.50918674468994,1,2,1.0,1.0,1.0
hf_github_codereview,3aeaedce6de8d95e,0.9447383880615234,0.9447383880615234,0.9447383880615234,0.9447383880615234,0.944738507270813,0.9447383880615234,0.0,19.011186599731445,18.76410675048828,1,1,1.0,1.0,1.0
hf_github_codereview,5da37c5617872b58,1.0,1.0,1.0,1.0,1.0,1.0,0.0,18.935596466064453,18.935596466064453,1,1,1.0,1.0,1.0
hf_github_codereview,0fe426f033ffd157,0.9545927047729492,0.8859488666057587,0.1372876763343811,0.8859488666057587,0.9309961795806885,0.9545927047729492,0.0,18.981231689453125,18.92058277130127,1,2,1.0,1.0,1.0
hf_github_codereview,bc6dd90790763eff,0.988976001739502,0.988976001739502,0.988976001739502,0.988976001739502,0.988976001739502,0.988976001739502,0.0,19.092208862304688,19.593847274780273,1,1,1.0,1.0,1.0
hf_github_codereview,c2f0952c881a30ad,0.9240634441375732,0.9240634441375732,0.9240634441375732,0.9240634441375732,0.9240634441375732,0.9240634441375732,0.0,18.281455993652344,19.864322662353516,1,1,1.0,1.0,1.0
hf_github_codereview,aa08742bd1dd9903,0.9545234441757202,0.9545234441757202,0.9545234441757202,0.9545234441757202,0.9545235633850098,0.9545234441757202,0.0,18.93097496032715,19.187807083129883,1,1,1.0,1.0,1.0
hf_github_codereview,d077058d4a3a593c,0.9349169135093689,0.9349169135093689,0.9349169135093689,0.9349169135093689,0.9349168539047241,0.9349169135093689,0.0,18.59940528869629,19.126344680786133,1,1,1.0,1.0,1.0
hf_github_codereview,707757cced87f80f,0.9456363916397095,0.9456363916397095,0.9456363916397095,0.9456363916397095,0.9456363916397095,0.9456363916397095,0.0,19.22632598876953,19.46221351623535,1,1,1.0,1.0,1.0
hf_github_codereview,c679882c23e46d21,0.9135497808456421,0.9135497808456421,0.9135497808456421,0.9135497808456421,0.9135497808456421,0.9135497808456421,0.0,20.253643035888672,18.378820419311523,1,1,1.0,1.0,1.0
hf_github_codereview,2f5b6952d3d391e6,0.9881585836410522,0.9881585836410522,0.9881585836410522,0.9881585836410522,0.9881585836410522,0.9881585836410522,0.0,19.197267532348633,18.738080978393555,1,1,1.0,1.0,1.0
hf_github_codereview,026ea3393f67c18c,0.9999998807907104,0.9999998807907104,0.9999998807907104,0.9999998807907104,1.0,0.9999998807907104,0.0,20.11406898498535,20.11406898498535,1,1,1.0,1.0,1.0
hf_github_codereview,0ded5817bcc95459,0.971596360206604,0.96741583943367,0.00836104154586792,0.96741583943367,0.9838985204696655,0.971596360206604,0.0,19.869951248168945,19.355146408081055,1,2,1.0,1.0,1.0
hf_github_codereview,86503a57850fa63b,0.9559078216552734,0.9559078216552734,0.9559078216552734,0.9559078216552734,0.9559077024459839,0.9559078216552734,0.0,19.07341957092285,18.92925453186035,1,1,1.0,1.0,1.0
hf_github_codereview,d1748edb0300f1ae,0.95182204246521,0.95182204246521,0.95182204246521,0.95182204246521,0.9518219828605652,0.95182204246521,0.0,19.48013687133789,18.92925453186035,1,1,1.0,1.0,1.0
hf_github_codereview,adbc3eca13bd3299,0.9347386360168457,0.9347386360168457,0.9347386360168457,0.9347386360168457,0.9347386360168457,0.9347386360168457,0.0,19.28000831604004,18.617633819580078,1,1,1.0,1.0,1.0
hf_github_codereview,ce7e1681fecdc4f8,0.9999997615814209,0.9999997615814209,0.9999997615814209,0.9999997615814209,0.9999998807907104,0.9999997615814209,0.0,18.51751708984375,18.51751708984375,1,1,1.0,1.0,1.0
hf_github_codereview,62bdf6e976966903,1.0,1.0,1.0,1.0,1.0,1.0,0.0,18.963926315307617,18.963926315307617,1,1,1.0,1.0,1.0
hf_github_codereview,5af9395c2381786a,0.9849427938461304,0.9555460214614868,0.05879354476928711,0.9555460214614868,0.9686155319213867,0.9849427938461304,0.0,19.36018180847168,18.850449562072754,1,2,1.0,1.0,1.0
hf_github_codereview,ce4a5158c2d76ef2,0.9405426979064941,0.9405426979064941,0.9405426979064941,0.9405426979064941,0.9405427575111389,0.9405426979064941,0.0,19.36078643798828,18.545181274414062,1,1,1.0,1.0,1.0
hf_github_codereview,a43ec4db4161989e,0.9664193987846375,0.9335725903511047,0.06569361686706543,0.9335725903511047,0.9526453018188477,0.9664193987846375,0.0,19.304834365844727,18.680596351623535,1,2,1.0,1.0,1.0
hf_github_codereview,7007d7df5d0fa3ee,0.9441419243812561,0.9245319366455078,0.03921997547149658,0.9245319366455078,0.9320765733718872,0.9441419243812561,0.0,19.304834365844727,18.594244956970215,1,2,1.0,1.0,1.0
hf_github_codereview,ba231fd42f9198de,0.969464123249054,0.9445001184940338,0.04992800951004028,0.9445001184940338,0.9525023698806763,0.969464123249054,0.0,19.304834365844727,18.85831928253174,1,2,1.0,1.0,1.0
hf_github_codereview,b7fbc4f4ef22a438,0.9534904956817627,0.9348642826080322,0.03725242614746094,0.9348642826080322,0.9463135004043579,0.9534904956817627,0.0,19.304834365844727,18.898472785949707,1,2,1.0,1.0,1.0
hf_github_codereview,97c0d951449ac6a3,0.9733433723449707,0.9545200765132904,0.037646591663360596,0.9545200765132904,0.961491584777832,0.9733433723449707,0.0,19.823448181152344,18.74839210510254,1,2,1.0,1.0,1.0
hf_github_codereview,d3030505c115deda,0.9689266681671143,0.9493895173072815,0.03907430171966553,0.9493895173072815,0.9563235640525818,0.9689266681671143,0.0,19.976276397705078,18.74839210510254,1,2,1.0,1.0,1.0
hf_github_codereview,b3ae132bf589077b,0.9250140190124512,0.9250140190124512,0.9250140190124512,0.9250140190124512,0.9250137805938721,0.9250140190124512,0.0,19.859739303588867,18.25568199157715,1,1,1.0,1.0,1.0
hf_github_codereview,3db278bcf94bbcc0,0.9737809300422668,0.9568248391151428,0.03391218185424805,0.9568248391151428,0.968136191368103,0.9737809300422668,0.0,19.8798885345459,18.626705169677734,1,2,1.0,1.0,1.0
hf_github_codereview,17394834bf981e79,0.9758390188217163,0.9535036087036133,0.044670820236206055,0.9535036087036133,0.9624860286712646,0.9758390188217163,0.0,19.618547439575195,18.933738708496094,1,2,1.0,1.0,1.0
hf_github_codereview,0bf6d7e911f779f1,0.9250915050506592,0.9250915050506592,0.9250915050506592,0.9250915050506592,0.925091564655304,0.9250915050506592,0.0,18.686721801757812,18.404232025146484,1,1,1.0,1.0,1.0
hf_github_codereview,536a50cd03f58ec4,0.930569589138031,0.930569589138031,0.930569589138031,0.930569589138031,0.9305696487426758,0.930569589138031,0.0,19.103124618530273,18.404232025146484,1,1,1.0,1.0,1.0
hf_github_codereview,7d26d09a53c3fdac,0.9995706081390381,0.9995706081390381,0.9995706081390381,0.9995706081390381,0.9995707273483276,0.9995706081390381,0.0,19.11669158935547,19.17041778564453,1,1,1.0,1.0,1.0
hf_github_codereview,2ef257c19964d5dc,0.9999996423721313,0.9999996423721313,0.9999996423721313,0.9999996423721313,0.9999998211860657,0.9999996423721313,0.0,19.227380752563477,19.227380752563477,1,1,1.0,1.0,1.0
hf_github_codereview,30c27fc2f8cdae78,0.973592221736908,0.973592221736908,0.973592221736908,0.973592221736908,0.9735922813415527,0.973592221736908,0.0,19.174070358276367,18.72447395324707,1,1,1.0,1.0,1.0
hf_github_codereview,765701fbffa3ad72,0.9920726418495178,0.9756108323733012,0.020736992359161377,0.9756108323733012,0.9831423759460449,0.9920726418495178,0.0,19.08578109741211,19.16748110453288,1,3,1.0,1.0,1.0
hf_github_codereview,70472df111bd0537,1.0,0.9504204094409943,0.09915918111801147,0.9504204094409943,0.9748950004577637,1.0,0.0,18.884267807006836,18.96418571472168,1,2,1.0,1.0,1.0
hf_github_codereview,72cd769218160212,0.977314293384552,0.9578694403171539,0.03888970613479614,0.9578694403171539,0.9690022468566895,0.977314293384552,0.0,19.582618713378906,19.1121883392334,1,2,1.0,1.0,1.0
hf_github_codereview,1fa70855903210c0,1.0,0.9832067489624023,0.014261960983276367,0.9832067489624023,0.9917604923248291,1.0,0.0,19.527969360351562,19.4512144724528,1,3,1.0,1.0,1.0
hf_github_codereview,acd869560ac3af04,0.9895712733268738,0.9757334391276041,0.016597211360931396,0.9757334391276041,0.9833930730819702,0.9895712733268738,0.0,19.262908935546875,19.503271102905273,1,3,1.0,1.0,1.0
hf_github_codereview,77dc25cc8e734c78,0.9926236271858215,0.982219914595286,0.011261224746704102,0.9794856309890747,0.9897184371948242,0.9926236271858215,0.0,19.245824813842773,19.46026039123535,1,4,1.0,1.0,1.0
hf_github_codereview,9f869e84bd618cec,0.9999557733535767,0.9999557733535767,0.9999557733535767,0.9999557733535767,0.9999558925628662,0.9999557733535767,0.0,19.877954483032227,19.872285842895508,1,1,1.0,1.0,1.0
hf_github_codereview,3684913a17c0e9fc,0.9999998807907104,0.9999998807907104,0.9999998807907104,0.9999998807907104,1.0,0.9999998807907104,0.0,18.569807052612305,18.569807052612305,1,1,1.0,1.0,1.0
hf_github_codereview,8938d54d48b19003,0.9548107981681824,0.9548107981681824,0.9548107981681824,0.9548107981681824,0.9548107981681824,0.9548107981681824,0.0,19.02506446838379,18.52849578857422,1,1,1.0,1.0,1.0
hf_github_codereview,2e1436327e95a3dd,0.9973535537719727,0.9973535537719727,0.9973535537719727,0.9973535537719727,0.9973535537719727,0.9973535537719727,0.0,18.300199508666992,18.52849578857422,1,1,1.0,1.0,1.0
hf_github_codereview,0a63032667c105ab,0.9915500283241272,0.9915500283241272,0.9915500283241272,0.9915500283241272,0.9915498495101929,0.9915500283241272,0.0,19.13672637939453,18.896589279174805,1,1,1.0,1.0,1.0
hf_github_codereview,0be098bfa45c2a1b,0.9985707402229309,0.9797656238079071,0.03761023283004761,0.9797656238079071,0.988929271697998,0.9985707402229309,0.0,19.592819213867188,19.120092391967773,1,2,1.0,1.0,1.0
hf_github_codereview,470caf5924141a13,1.0,0.9808214902877808,0.03835701942443848,0.9808214902877808,0.9903643727302551,1.0,0.0,19.200666427612305,19.006099700927734,1,2,1.0,1.0,1.0
hf_github_codereview,1e3582b141dd39b2,0.9937323331832886,0.97264564037323,0.025802910327911377,0.97264564037323,0.9824732542037964,0.9937323331832886,0.0,19.417707443237305,19.359392166137695,1,3,1.0,1.0,1.0
hf_github_codereview,b00120e68aab59c4,0.9891754388809204,0.9891754388809204,0.9891754388809204,0.9891754388809204,0.98917555809021,0.9891754388809204,0.0,19.7772216796875,19.410659790039062,1,1,1.0,1.0,1.0
hf_github_codereview,d6f63a0d782b0ade,0.9962083101272583,0.9962083101272583,0.9962083101272583,0.9962083101272583,0.9962084293365479,0.9962083101272583,0.0,19.685075759887695,19.410659790039062,1,1,1.0,1.0,1.0
hf_github_codereview,9d4d71f70991ed1a,0.9999358057975769,0.9999358057975769,0.9999358057975769,0.9999358057975769,0.9999359846115112,0.9999358057975769,0.0,19.399017333984375,19.410659790039062,1,1,1.0,1.0,1.0
hf_github_codereview,6487222432e41ffa,1.0,1.0,1.0,1.0,1.0,1.0,0.0,19.616233825683594,19.616233825683594,1,1,1.0,1.0,1.0
hf_github_codereview,3b7c6c1e01c517fd,0.9999998807907104,0.9829409718513489,0.034117817878723145,0.9829409718513489,0.99143385887146,0.9999998807907104,0.0,19.605735778808594,19.36487579345703,1,2,1.0,1.0,1.0
hf_github_codereview,d1175c8bfc92faaa,0.9999997615814209,0.9999997615814209,0.9999997615814209,0.9999997615814209,0.9999999403953552,0.9999997615814209,0.0,19.739469528198242,19.739469528198242,1,1,1.0,1.0,1.0
hf_github_codereview,57adf090e83c585f,0.9823448061943054,0.9680931270122528,0.028503358364105225,0.9680931270122528,0.9789713025093079,0.9823448061943054,0.0,19.728517532348633,19.217056274414062,1,2,1.0,1.0,1.0
hf_github_codereview,39a95516dbfa6569,0.9850455522537231,0.9689873456954956,0.03211641311645508,0.9689873456954956,0.9798755645751953,0.9850455522537231,0.0,19.33204460144043,19.217056274414062,1,2,1.0,1.0,1.0
hf_github_codereview,db2f2b617629a635,0.9824321269989014,0.9780600070953369,0.0061304569244384766,0.9780600070953369,0.9888021945953369,0.9824321269989014,0.0,19.50766372680664,19.13770039876302,1,3,1.0,1.0,1.0
hf_github_codereview,88ee56cee69839ac,0.9932001829147339,0.9815458059310913,0.023308753967285156,0.9815458059310913,0.9894812107086182,0.9932001829147339,0.0,18.54987907409668,18.93300151824951,1,2,1.0,1.0,1.0
hf_github_codereview,7a730993e21ff21d,0.9758672714233398,0.9738577008247375,0.00401914119720459,0.9738577008247375,0.9753038883209229,0.9758672714233398,0.0,18.72385025024414,19.14247417449951,1,2,1.0,1.0,1.0
hf_github_codereview,dac4283bf67d589a,0.9879401922225952,0.9778593480587006,0.020161688327789307,0.9778593480587006,0.9806903600692749,0.9879401922225952,0.0,18.850942611694336,19.015172004699707,1,2,1.0,1.0,1.0
hf_github_codereview,3eed07cf2b339743,0.7578887939453125,0.75785031914711,7.69495964050293e-05,0.75785031914711,0.7584524154663086,0.7578887939453125,0.0,17.72936248779297,19.485597610473633,1,2,1.0,1.0,0.0
hf_github_codereview,57dfb94002a70a76,0.9642750024795532,0.9624076187610626,0.003734767436981201,0.9624076187610626,0.9637076258659363,0.9642750024795532,0.0,18.99915313720703,19.499463081359863,1,2,1.0,1.0,1.0
hf_github_codereview,5a71185cf00bba8c,0.9999999403953552,0.9746309320131937,0.037800610065460205,0.9746309320131937,0.9843048453330994,0.9999999403953552,0.0,19.051450729370117,19.357371012369793,1,3,1.0,1.0,1.0
hf_github_codereview,386a9102acfe57d8,1.0,1.0,1.0,1.0,1.0,1.0,0.0,19.50263023376465,19.50263023376465,1,1,1.0,1.0,1.0
hf_github_codereview,56a34352e94d52fd,0.9977034330368042,0.9812029600143433,0.033000946044921875,0.9812029600143433,0.9891362190246582,0.9977034330368042,0.0,19.517669677734375,19.436379432678223,1,2,1.0,1.0,1.0
hf_github_codereview,db4433f3d95fd826,0.996680498123169,0.996680498123169,0.996680498123169,0.996680498123169,0.996680498123169,0.996680498123169,0.0,19.38270378112793,19.629152297973633,1,1,1.0,1.0,1.0
hf_github_codereview,f392f43e84e6a87f,0.9840923547744751,0.9840923547744751,0.9840923547744751,0.9840923547744751,0.9840923547744751,0.9840923547744751,0.0,19.362043380737305,19.629152297973633,1,1,1.0,1.0,1.0
hf_github_codereview,f0ed5fa729dc8600,0.0,0.0,0.0,0.0,0.0,0.0,0.0,19.291719436645508,0.0,1,0,0.0,0.0,0.0
hf_github_codereview,ef23ae628dc5dea9,0.9640536308288574,0.9333941042423248,0.061319053173065186,0.9333941042423248,0.9623782634735107,0.9640536308288574,0.0,19.097156524658203,18.714736938476562,1,2,1.0,1.0,1.0
hf_github_codereview,51d0665dcd5c261d,0.9551489949226379,0.9290470778942108,0.05220383405685425,0.9290470778942108,0.9549142718315125,0.9551489949226379,0.0,18.59117317199707,18.83183479309082,1,2,1.0,1.0,1.0
hf_github_codereview,d59015313803f96e,0.9686917066574097,0.9686917066574097,0.9686917066574097,0.9686917066574097,0.9686917066574097,0.9686917066574097,0.0,19.555152893066406,19.236360549926758,1,1,1.0,1.0,1.0
hf_github_codereview,232889a1d4af7ad5,0.9669672846794128,0.9413030942281088,0.0145607590675354,0.9413030942281088,0.9561710357666016,0.9669672846794128,0.0,19.846717834472656,19.023461023966473,1,3,1.0,1.0,1.0
hf_github_codereview,5d064a1588419b8b,0.9999998807907104,0.9999998807907104,0.9999998807907104,0.9999998807907104,0.9999999403953552,0.9999998807907104,0.0,19.341033935546875,19.341033935546875,1,1,1.0,1.0,1.0
hf_github_codereview,9ce7246fe729f56b,0.9594888091087341,0.939885139465332,0.0392073392868042,0.939885139465332,0.9488272070884705,0.9594888091087341,0.0,19.113550186157227,19.353428840637207,1,2,1.0,1.0,1.0
hf_github_codereview,48acb91d867cc848,0.9705204963684082,0.9592912793159485,0.022458434104919434,0.9592912793159485,0.97169029712677,0.9705204963684082,0.0,19.65835189819336,19.334577560424805,1,2,1.0,1.0,1.0
hf_github_codereview,171485fd5c35fddb,0.9452334046363831,0.9176727930704752,0.019238173961639404,0.9176727930704752,0.9414488077163696,0.9452334046363831,0.0,19.105270385742188,19.028121948242188,1,3,1.0,1.0,1.0
hf_github_codereview,aca00c17486b5953,0.9790521264076233,0.9696467717488607,0.013278007507324219,0.9696467717488607,0.9844349026679993,0.9790521264076233,0.0,19.275880813598633,19.386767705281574,1,3,1.0,1.0,1.0
hf_github_codereview,fc1d44a8fff6c735,0.9979149103164673,0.9593857328097025,0.04515904188156128,0.9593857328097025,0.9864909052848816,0.9979149103164673,0.0,18.900224685668945,18.750795364379883,1,3,1.0,1.0,1.0
hf_github_codereview,e5df795190d68904,0.9889371991157532,0.9889371991157532,0.9889371991157532,0.9889371991157532,0.9889371991157532,0.9889371991157532,0.0,19.41098976135254,19.447628021240234,1,1,1.0,1.0,1.0
hf_github_codereview,df39d6cb06de2786,0.9389626979827881,0.9193310737609863,0.039263248443603516,0.9193310737609863,0.9303487539291382,0.9389626979827881,0.0,19.469221115112305,18.983819007873535,1,2,1.0,1.0,1.0
hf_github_codereview,d2ad8e31aaa30040,0.9966824054718018,0.9966824054718018,0.9966824054718018,0.9966824054718018,0.9966824054718018,0.9966824054718018,0.0,19.816436767578125,19.57431983947754,1,1,1.0,1.0,1.0
hf_github_codereview,161437c2e5f63e75,0.9440855383872986,0.9342098832130432,0.019751310348510742,0.9342098832130432,0.9396551847457886,0.9440855383872986,0.0,19.243289947509766,18.354655265808105,1,2,1.0,1.0,1.0
hf_github_codereview,76229b81ad306110,0.9588501453399658,0.9578172564506531,0.0020657777786254883,0.9578172564506531,0.9609934091567993,0.9588501453399658,0.0,19.02400779724121,19.505560874938965,1,2,1.0,1.0,1.0
hf_github_codereview,c1aa44ce4573c5a9,0.9048365354537964,0.9048365354537964,0.9048365354537964,0.9048365354537964,0.9048365354537964,0.9048365354537964,0.0,19.22173309326172,18.198444366455078,1,1,1.0,1.0,1.0
hf_github_codereview,5fc97c8658b65001,0.9466286897659302,0.9466286897659302,0.9466286897659302,0.9466286897659302,0.9466288089752197,0.9466286897659302,0.0,19.41267967224121,18.75946617126465,1,1,1.0,1.0,1.0
hf_github_codereview,40e409176396440b,0.9688484072685242,0.9537465771039327,0.010200321674346924,0.9537465771039327,0.9602742195129395,0.9688484072685242,0.0,19.49967384338379,19.012510299682617,1,3,1.0,1.0,1.0
hf_github_codereview,6c8914caf7b78c9e,0.9735079407691956,0.9653434157371521,0.016329050064086914,0.9653434157371521,0.972078263759613,0.9735079407691956,0.0,19.85039520263672,19.83983325958252,1,2,1.0,1.0,1.0
hf_github_codereview,d5997dd53dffca03,0.0,0.0,0.0,0.0,0.0,0.0,0.0,19.590246200561523,0.0,1,0,0.0,0.0,0.0
hf_github_codereview,452950bdd810f229,0.9401839375495911,0.9401839375495911,0.9401839375495911,0.9401839375495911,0.9401839375495911,0.9401839375495911,0.0,19.474149703979492,18.737735748291016,1,1,1.0,1.0,1.0
hf_github_codereview,4160c1322f4de799,0.8994674682617188,0.8889674246311188,0.02100008726119995,0.8889674246311188,0.8949527740478516,0.8994674682617188,0.0,18.28489112854004,18.667553901672363,1,2,1.0,1.0,1.0
hf_github_codereview,2c5efe72e38bc645,0.9990150332450867,0.9778209129969279,0.01122218370437622,0.9778209129969279,0.9904816150665283,0.9990150332450867,0.0,19.569477081298828,19.41184679667155,1,3,1.0,1.0,1.0
hf_github_codereview,756a83d005136102,0.9941055774688721,0.9676804741223654,0.022186636924743652,0.9676804741223654,0.983966588973999,0.9941055774688721,0.0,19.139196395874023,19.36941655476888,1,3,1.0,1.0,1.0
hf_github_codereview,ccee16c8ea207a02,0.9849077463150024,0.9849077463150024,0.9849077463150024,0.9849077463150024,0.9849077463150024,0.9849077463150024,0.0,18.92637825012207,18.72844696044922,1,1,1.0,1.0,1.0
hf_github_codereview,914e6a6de755ad49,0.9510300159454346,0.9510300159454346,0.9510300159454346,0.9510300159454346,0.9510300159454346,0.9510300159454346,0.0,19.547786712646484,18.743839263916016,1,1,1.0,1.0,1.0
hf_github_codereview,f6253a5bfd6281b5,0.9749218225479126,0.9617408215999603,0.02636200189590454,0.9617408215999603,0.9716885089874268,0.9749218225479126,0.0,19.212072372436523,19.72700309753418,1,2,1.0,1.0,1.0
hf_github_codereview,db68d46701b6e65a,1.0,0.9631890952587128,0.07362180948257446,0.9631890952587128,0.9814220666885376,1.0,0.0,18.679119110107422,18.592172622680664,1,2,1.0,1.0,1.0
hf_github_codereview,a6d2a700ad830053,1.0,1.0,1.0,1.0,1.0,1.0,0.0,19.197799682617188,19.197799682617188,1,1,1.0,1.0,1.0
hf_github_codereview,2ccc01718f92793c,0.9999999403953552,0.9631890654563904,0.07362174987792969,0.9631890654563904,0.9814218878746033,0.9999999403953552,0.0,18.505226135253906,18.592172622680664,1,2,1.0,1.0,1.0
hf_github_codereview,0e62f626483bd5ec,0.9365755915641785,0.9365755915641785,0.9365755915641785,0.9365755915641785,0.9365755915641785,0.9365755915641785,0.0,19.58650779724121,18.53130531311035,1,1,1.0,1.0,1.0
hf_github_codereview,2f19b7ccfccddafe,0.894992470741272,0.894992470741272,0.894992470741272,0.894992470741272,0.8949923515319824,0.894992470741272,0.0,18.79924774169922,18.53130531311035,1,1,1.0,1.0,1.0
hf_github_codereview,dae69b7fe300ef01,0.8854848146438599,0.8854848146438599,0.8854848146438599,0.8854848146438599,0.8854846954345703,0.8854848146438599,0.0,18.850357055664062,18.53130531311035,1,1,1.0,1.0,1.0
hf_github_codereview,8cf5190bef0c6f93,0.9238624572753906,0.9238624572753906,0.9238624572753906,0.9238624572753906,0.9238623380661011,0.9238624572753906,0.0,19.67756462097168,18.53130531311035,1,1,1.0,1.0,1.0
hf_github_codereview,42a9cec4efd6dd0c,0.9999999403953552,0.9999999403953552,0.9999999403953552,0.9999999403953552,1.0,0.9999999403953552,0.0,19.173583984375,19.173583984375,1,1,1.0,1.0,1.0
hf_github_codereview,8c69bf8ace53e3ec,1.0,1.0,1.0,1.0,1.0,1.0,0.0,18.21255874633789,18.21255874633789,1,1,1.0,1.0,1.0
hf_github_codereview,54d153512c5706c9,1.0,1.0,1.0,1.0,1.0,1.0,0.0,18.21255874633789,18.21255874633789,1,1,1.0,1.0,1.0
hf_github_codereview,a209790cd28d0767,1.0,0.985026478767395,0.02994704246520996,0.985026478767395,0.9924849271774292,1.0,0.0,19.11549949645996,19.420037269592285,1,2,1.0,1.0,1.0
hf_github_codereview,942ee296af0f29ef,0.9997484683990479,0.9839579860369364,0.01596522331237793,0.9839579860369364,0.9934353828430176,0.9997484683990479,0.0,19.917768478393555,19.734137217203777,1,3,1.0,1.0,1.0
hf_github_codereview,3866f11fa70f8871,0.9959614276885986,0.9848716855049133,0.022179484367370605,0.9848716855049133,0.9901893138885498,0.9959614276885986,0.0,19.33319854736328,19.495671272277832,1,2,1.0,1.0,1.0
hf_github_codereview,d70f6a755aad41af,0.9983109831809998,0.9983109831809998,0.9983109831809998,0.9983109831809998,0.9983108043670654,0.9983109831809998,0.0,19.29124641418457,19.433502197265625,1,1,1.0,1.0,1.0
hf_github_codereview,f9c8a90427f64bfd,0.9866896867752075,0.9866896867752075,0.9866896867752075,0.9866896867752075,0.9866896271705627,0.9866896867752075,0.0,19.509490966796875,19.433502197265625,1,1,1.0,1.0,1.0
hf_github_codereview,a946dfd93f0541de,1.0,1.0,1.0,1.0,1.0,1.0,0.0,19.703937530517578,19.703937530517578,1,1,1.0,1.0,1.0
hf_github_codereview,1324be94afaa249f,0.9626678824424744,0.9626678824424744,0.9626678824424744,0.9626678824424744,0.9626679420471191,0.9626678824424744,0.0,19.158042907714844,19.735130310058594,1,1,1.0,1.0,1.0
hf_github_codereview,dd0b1580e9fbad97,0.9759693145751953,0.942525307337443,0.0010914206504821777,0.942525307337443,0.9618695974349976,0.9759693145751953,0.0,19.012226104736328,19.37790807088216,1,3,1.0,1.0,1.0
hf_github_codereview,0975ac9352a13aa7,0.9804795980453491,0.9804795980453491,0.9804795980453491,0.9804795980453491,0.9804795980453491,0.9804795980453491,0.0,19.5079402923584,19.069669723510742,1,1,1.0,1.0,1.0
hf_github_codereview,6afefde0fa2bf283,0.9761205911636353,0.9512749314308167,0.04969131946563721,0.9512749314308167,0.9614931344985962,0.9761205911636353,0.0,19.368511199951172,19.113253593444824,1,2,1.0,1.0,1.0
hf_github_codereview,659aef27dfd5c5da,0.9788330793380737,0.9513281285762787,0.05500990152359009,0.9513281285762787,0.9641708135604858,0.9788330793380737,0.0,19.574188232421875,19.044116973876953,1,2,1.0,1.0,1.0
hf_github_codereview,0029e8d573da3eed,0.9782496690750122,0.9521547853946686,0.052189767360687256,0.9521547853946686,0.9650086760520935,0.9782496690750122,0.0,19.499732971191406,19.044116973876953,1,2,1.0,1.0,1.0
hf_github_codereview,f08581e2cd11fe80,0.9745582938194275,0.9514404535293579,0.04623568058013916,0.9514404535293579,0.9685145616531372,0.9745582938194275,0.0,19.499732971191406,19.19487476348877,1,2,1.0,1.0,1.0
hf_github_codereview,c706ec9abf6b2638,0.9772276282310486,0.9535576105117798,0.0473400354385376,0.9535576105117798,0.9706696271896362,0.9772276282310486,0.0,19.269630432128906,19.19487476348877,1,2,1.0,1.0,1.0
hf_github_codereview,c7e6b21c10b4ce8e,0.9849501848220825,0.9610221982002258,0.04785597324371338,0.9610221982002258,0.9748646020889282,0.9849501848220825,0.0,19.491334915161133,19.013835906982422,1,2,1.0,1.0,1.0
hf_github_codereview,ba5791d4a27dcc1f,0.9999998807907104,0.9777754545211792,0.0444488525390625,0.9777754545211792,0.9888254404067993,0.9999998807907104,0.0,19.116003036499023,19.10248565673828,1,2,1.0,1.0,1.0
hf_github_codereview,ab4971f5557f0835,0.9074840545654297,0.9074840545654297,0.9074840545654297,0.9074840545654297,0.9074840545654297,0.9074840545654297,0.0,19.02784538269043,19.092588424682617,1,1,1.0,1.0,1.0
hf_github_codereview,c032d7840b663f4e,0.9951200485229492,0.9951200485229492,0.9951200485229492,0.9951200485229492,0.9951200485229492,0.9951200485229492,0.0,19.234508514404297,19.222841262817383,1,1,1.0,1.0,1.0
hf_github_codereview,b7d320ac042d30e5,0.9906724691390991,0.9902748465538025,0.0007952451705932617,0.9902748465538025,0.9960809946060181,0.9906724691390991,0.0,19.037141799926758,19.223237991333008,1,2,1.0,1.0,1.0
hf_github_codereview,1b8fa199fd47b8a8,0.9965677261352539,0.9833157658576965,0.026503920555114746,0.9833157658576965,0.9890810251235962,0.9965677261352539,0.0,19.326480865478516,19.223237991333008,1,2,1.0,1.0,1.0
hf_github_codereview,d53f5d49f0749231,0.9838296175003052,0.9459331035614014,0.07579302787780762,0.9459331035614014,0.974886417388916,0.9838296175003052,0.0,19.34552574157715,18.52530288696289,1,2,1.0,1.0,1.0
hf_github_codereview,ca8d05fda49467df,0.8552862405776978,0.8552862405776978,0.8552862405776978,0.8552862405776978,0.8552862405776978,0.8552862405776978,0.0,19.127731323242188,18.49748420715332,1,1,1.0,1.0,1.0
hf_github_codereview,d83f7790d434b411,0.8669654130935669,0.8669654130935669,0.8669654130935669,0.8669654130935669,0.8669654130935669,0.8669654130935669,0.0,18.637779235839844,18.49748420715332,1,1,1.0,1.0,1.0
hf_github_codereview,20fe0b97cbb5c83b,0.981188178062439,0.9679514765739441,0.026473402976989746,0.9679514765739441,0.9761131405830383,0.981188178062439,0.0,19.05838966369629,19.129536628723145,1,2,1.0,1.0,1.0
hf_github_codereview,3c4cf8deea2df99e,0.9550769329071045,0.9443581700325012,0.021437525749206543,0.9443581700325012,0.95232093334198,0.9550769329071045,0.0,19.12411880493164,19.129536628723145,1,2,1.0,1.0,1.0
hf_github_codereview,e4f0c481f156bd0c,0.9890351295471191,0.9760730266571045,0.025924205780029297,0.9760730266571045,0.9843032360076904,0.9890351295471191,0.0,19.677745819091797,19.129536628723145,1,2,1.0,1.0,1.0
hf_github_codereview,5405b542ae1d2417,0.9995377063751221,0.9893732964992523,0.020328819751739502,0.9893732964992523,0.9942076206207275,0.9995377063751221,0.0,19.070402145385742,19.340810775756836,1,2,1.0,1.0,1.0
hf_github_codereview,f6eaad6c95c61527,0.9865317940711975,0.9850597083568573,0.00294417142868042,0.9850597083568573,0.9871200919151306,0.9865317940711975,0.0,19.54729652404785,19.815423011779785,1,2,1.0,1.0,1.0
hf_github_codereview,5c1050dbfed662a8,0.9903851747512817,0.9829972386360168,0.014775872230529785,0.9829972386360168,0.9873597621917725,0.9903851747512817,0.0,19.546600341796875,19.347909927368164,1,2,1.0,1.0,1.0
hf_github_codereview,ab959442328cea1f,1.0,1.0,1.0,1.0,1.0,1.0,0.0,19.037723541259766,19.037723541259766,1,1,1.0,1.0,1.0
hf_github_codereview,3b2faea381f8b730,0.9553759694099426,0.9553759694099426,0.9553759694099426,0.9553759694099426,0.9553760290145874,0.9553759694099426,0.0,19.595661163330078,18.845510482788086,1,1,1.0,1.0,1.0
hf_github_codereview,1af3d30721091372,0.9854788184165955,0.9620837271213531,0.04679018259048462,0.9620837271213531,0.970555305480957,0.9854788184165955,0.0,18.37653160095215,19.497100830078125,1,2,1.0,1.0,1.0
hf_github_codereview,a46b4f7c80a98702,0.9997387528419495,0.9997387528419495,0.9997387528419495,0.9997387528419495,0.999738872051239,0.9997387528419495,0.0,19.631898880004883,19.607818603515625,1,1,1.0,1.0,1.0
hf_github_codereview,2618148555e8967c,0.9756511449813843,0.9756511449813843,0.9756511449813843,0.9756511449813843,0.9756511449813843,0.9756511449813843,0.0,19.3287353515625,18.87651252746582,1,1,1.0,1.0,1.0
hf_github_codereview,9bfee1831fbea476,0.9871307611465454,0.9560382664203644,0.06218498945236206,0.9560382664203644,0.9712089896202087,0.9871307611465454,0.0,19.731035232543945,18.812546730041504,1,2,1.0,1.0,1.0
hf_github_codereview,996dc32bc9eb58ab,0.984279453754425,0.9706944227218628,0.02717006206512451,0.9706944227218628,0.9744503498077393,0.984279453754425,0.0,19.778499603271484,19.068876266479492,1,2,1.0,1.0,1.0
hf_github_codereview,c7a65cf8d59bf7d6,0.9849005341529846,0.9833774566650391,0.0030461549758911133,0.9833774566650391,0.9871824383735657,0.9849005341529846,0.0,18.426029205322266,19.068876266479492,1,2,1.0,1.0,1.0
hf_github_codereview,bced614e9aff0bce,0.9907390475273132,0.9866065084934235,0.008265078067779541,0.9866065084934235,0.9904239177703857,0.9907390475273132,0.0,19.319000244140625,19.068876266479492,1,2,1.0,1.0,1.0
hf_github_codereview,6af25ca7475e6513,0.9874429106712341,0.9747131764888763,0.025459468364715576,0.9747131764888763,0.978484570980072,0.9874429106712341,0.0,18.59786605834961,19.068876266479492,1,2,1.0,1.0,1.0
hf_github_codereview,485153ed592c0426,0.9771115183830261,0.9771115183830261,0.9771115183830261,0.9771115183830261,0.9771116375923157,0.9771115183830261,0.0,19.047693252563477,19.407442092895508,1,1,1.0,1.0,1.0
hf_github_codereview,49f4d95daa1ca438,0.9805556535720825,0.9805556535720825,0.9805556535720825,0.9805556535720825,0.9805556535720825,0.9805556535720825,0.0,19.875198364257812,19.407442092895508,1,1,1.0,1.0,1.0
hf_github_codereview,46ca582a2a83e17a,0.9557161927223206,0.9524995386600494,0.006433308124542236,0.9524995386600494,0.9571486711502075,0.9557161927223206,0.0,19.315271377563477,19.494961738586426,1,2,1.0,1.0,1.0
hf_github_codereview,2b799b4701506b3f,0.9823497533798218,0.9736362099647522,0.01742708683013916,0.9736362099647522,0.9807997941970825,0.9823497533798218,0.0,19.403079986572266,19.14751625061035,1,2,1.0,1.0,1.0
hf_github_codereview,6377291add2169b8,0.9855474233627319,0.9725712239742279,0.025952398777008057,0.9725712239742279,0.9797269701957703,0.9855474233627319,0.0,19.601272583007812,19.14751625061035,1,2,1.0,1.0,1.0
hf_github_codereview,0e5f05c6909f38b0,0.9858726263046265,0.9745841920375824,0.022576868534088135,0.9745841920375824,0.9817548394203186,0.9858726263046265,0.0,19.49419403076172,19.14751625061035,1,2,1.0,1.0,1.0
hf_github_codereview,8c9bc0d94e9017fe,0.6857683062553406,0.6770387291908264,0.01745915412902832,0.6770387291908264,0.6825128793716431,0.6857683062553406,0.0,18.352739334106445,19.030912399291992,1,2,1.0,0.0,0.0
hf_github_codereview,0082a3271bac4b16,0.9774109721183777,0.9709702134132385,0.01288151741027832,0.9709702134132385,0.9757906198501587,0.9774109721183777,0.0,19.047693252563477,19.47747802734375,1,2,1.0,1.0,1.0
hf_github_codereview,113928e854e4ce28,0.9771562814712524,0.9639444351196289,0.02642369270324707,0.9639444351196289,0.9753556251525879,0.9771562814712524,0.0,19.58493995666504,19.050790786743164,1,2,1.0,1.0,1.0
hf_github_codereview,0b03900c37054f7f,0.9872161746025085,0.9872161746025085,0.9872161746025085,0.9872161746025085,0.9872163534164429,0.9872161746025085,0.0,18.869739532470703,19.109142303466797,1,1,1.0,1.0,1.0
hf_github_codereview,090d01112726a483,0.9495590925216675,0.9495590925216675,0.9495590925216675,0.9495590925216675,0.949559211730957,0.9495590925216675,0.0,19.378314971923828,18.54387092590332,1,1,1.0,1.0,1.0
hf_github_codereview,3f246bab4dfe66f6,0.9904036521911621,0.9770504832267761,0.026706337928771973,0.9770504832267761,0.988116979598999,0.9904036521911621,0.0,18.403921127319336,19.270684242248535,1,2,1.0,1.0,1.0
hf_github_codereview,ca75d872fd73def6,1.0,0.9365217685699463,0.12695646286010742,0.9365217685699463,0.967740535736084,1.0,0.0,18.643306732177734,19.0238676071167,1,2,1.0,1.0,1.0
hf_github_codereview,d1d0e71c969cbaa3,1.0,1.0,1.0,1.0,1.0,1.0,0.0,19.434972763061523,19.434972763061523,1,1,1.0,1.0,1.0
hf_github_codereview,233d2550bd22b598,0.9674954414367676,0.94826540350914,0.03846007585525513,0.94826540350914,0.9643363356590271,0.9674954414367676,0.0,19.96505355834961,19.36727523803711,1,2,1.0,1.0,1.0
hf_github_codereview,242eb3a2990d8d09,0.9358816146850586,0.8763169646263123,0.11912930011749268,0.8763169646263123,0.9533116817474365,0.9358816146850586,0.0,19.05487632751465,18.886008262634277,1,2,1.0,1.0,1.0
hf_github_codereview,11dff9516ce73ff7,0.9890877604484558,0.981911838054657,0.014351844787597656,0.981911838054657,0.9894660115242004,0.9890877604484558,0.0,18.613473892211914,18.684762001037598,1,2,1.0,1.0,1.0
hf_github_codereview,7939bc6e778909bc,0.954251766204834,0.95265331864357,0.003196895122528076,0.95265331864357,0.968660295009613,0.954251766204834,0.0,19.981401443481445,18.843521118164062,1,2,1.0,1.0,1.0
hf_github_codereview,1bc8ba4f0fccde82,0.9779469966888428,0.9596220254898071,0.03664994239807129,0.9596220254898071,0.9687097668647766,0.9779469966888428,0.0,19.332420349121094,19.48716449737549,1,2,1.0,1.0,1.0
hf_github_codereview,b18d154c3a69eb32,0.9766889810562134,0.9766889810562134,0.9766889810562134,0.9766889810562134,0.9766889214515686,0.9766889810562134,0.0,18.809810638427734,18.532299041748047,1,1,1.0,1.0,1.0
hf_github_codereview,3c8aaafcc5de0428,0.9999998807907104,0.9570525884628296,0.08589458465576172,0.9570525884628296,0.9782905578613281,0.9999998807907104,0.0,18.84255027770996,19.11210060119629,1,2,1.0,1.0,1.0
hf_github_codereview,97f3f2ed2c806acf,0.9590680599212646,0.9590680599212646,0.9590680599212646,0.9590680599212646,0.9590681195259094,0.9590680599212646,0.0,19.525339126586914,18.972551345825195,1,1,1.0,1.0,1.0
hf_github_codereview,db3c1295257a82f0,1.0,0.9744955599308014,0.05100888013839722,0.9744955599308014,0.9871653914451599,1.0,0.0,19.167766571044922,18.814507484436035,1,2,1.0,1.0,1.0
hf_github_codereview,d5832ecea7802e74,0.9564863443374634,0.9341287016868591,0.044715285301208496,0.9341287016868591,0.9416495561599731,0.9564863443374634,0.0,19.299407958984375,19.189244270324707,1,2,1.0,1.0,1.0
hf_github_codereview,ca5761ebef91c688,0.9825230836868286,0.8894606232643127,0.18612492084503174,0.8894606232643127,0.9492499828338623,0.9825230836868286,0.0,19.105348587036133,18.941726684570312,1,2,1.0,1.0,0.5
hf_github_codereview,7fdda3ffc02c972b,0.9937604665756226,0.8804285228252411,0.22666388750076294,0.8804285228252411,0.9396106600761414,0.9937604665756226,0.0,19.570999145507812,18.941726684570312,1,2,1.0,1.0,0.5
hf_github_codereview,3b8e26c8d37d3baa,0.9999998211860657,0.9999998211860657,0.9999998211860657,0.9999998211860657,0.9999998807907104,0.9999998211860657,0.0,19.53071403503418,19.53071403503418,1,1,1.0,1.0,1.0
hf_github_codereview,1490b2b73c9f8891,0.980809211730957,0.9739165306091309,0.008923649787902832,0.9739165306091309,0.9808655977249146,0.980809211730957,0.0,19.506824493408203,19.57803471883138,1,3,1.0,1.0,1.0
hf_github_codereview,9d868b228bed83e1,0.9654869437217712,0.9560652673244476,0.018843352794647217,0.9560652673244476,0.9580370187759399,0.9654869437217712,0.0,19.386430740356445,19.443968772888184,1,2,1.0,1.0,1.0
hf_github_codereview,a58e5612780658d4,0.9836267232894897,0.9836267232894897,0.9836267232894897,0.9836267232894897,0.9836267232894897,0.9836267232894897,0.0,18.899120330810547,19.068050384521484,1,1,1.0,1.0,1.0
hf_github_codereview,4b02c11de9da3761,0.9949403405189514,0.9949403405189514,0.9949403405189514,0.9949403405189514,0.9949403405189514,0.9949403405189514,0.0,19.48605728149414,19.322092056274414,1,1,1.0,1.0,1.0
hf_github_codereview,6dbafaf7fe8acff8,0.9480186700820923,0.9409429728984833,0.014151394367218018,0.9409429728984833,0.9442307949066162,0.9480186700820923,0.0,19.523759841918945,18.969481468200684,1,2,1.0,1.0,1.0
hf_github_codereview,15fdad31455da085,0.9200320839881897,0.9003446996212006,0.03937476873397827,0.9003446996212006,0.9123774766921997,0.9200320839881897,0.0,19.845905303955078,19.174952507019043,1,2,1.0,1.0,1.0
hf_github_codereview,fe2de4df95fe5d5c,0.9374074935913086,0.9239058196544647,0.027003347873687744,0.9239058196544647,0.9279680252075195,0.9374074935913086,0.0,19.96091651916504,18.87380886077881,1,2,1.0,1.0,1.0
hf_github_codereview,7c5e5ce0b9125ef7,0.9343098402023315,0.9216136634349823,0.025392353534698486,0.9216136634349823,0.9369819164276123,0.9343098402023315,0.0,19.717927932739258,19.069499015808105,1,2,1.0,1.0,1.0
hf_github_codereview,a3f493901ab15008,1.0,1.0,1.0,1.0,1.0,1.0,0.0,19.529375076293945,19.529375076293945,1,1,1.0,1.0,1.0
hf_github_codereview,5b79fbe0a98c8317,0.9505804181098938,0.9450185298919678,0.01112377643585205,0.9450185298919678,0.9514777660369873,0.9505804181098938,0.0,18.35854721069336,19.532682418823242,1,2,1.0,1.0,1.0
hf_github_codereview,673a1acda0ff20a5,0.991744875907898,0.9780802428722382,0.02732926607131958,0.9780802428722382,0.9847655296325684,0.991744875907898,0.0,19.47963523864746,19.532682418823242,1,2,1.0,1.0,1.0
hf_github_codereview,983824b735ee0b00,1.0,1.0,1.0,1.0,1.0,1.0,0.0,20.022750854492188,20.022750854492188,1,1,1.0,1.0,1.0
hf_github_codereview,ba1517adee09c07b,1.0,1.0,1.0,1.0,1.0,1.0,0.0,18.946260452270508,18.946260452270508,1,1,1.0,1.0,1.0
hf_github_codereview,7651a618ebc9521c,0.9999999403953552,0.9999999403953552,0.9999999403953552,0.9999999403953552,1.0,0.9999999403953552,0.0,19.281312942504883,19.281312942504883,1,1,1.0,1.0,1.0
hf_github_codereview,2abb71b4a2ade2f7,0.9999999403953552,0.9999999403953552,0.9999999403953552,0.9999999403953552,1.0,0.9999999403953552,0.0,19.281312942504883,19.281312942504883,1,1,1.0,1.0,1.0
hf_github_codereview,9ee5fc5a2fad6136,0.9841880798339844,0.9841880798339844,0.9841880798339844,0.9841880798339844,0.9841879606246948,0.9841880798339844,0.0,19.478670120239258,18.951929092407227,1,1,1.0,1.0,1.0
hf_github_codereview,fa51086bab05ad03,0.9611334800720215,0.9320772886276245,0.058112382888793945,0.9320772886276245,0.9448748826980591,0.9611334800720215,0.0,18.762969970703125,18.746660232543945,1,2,1.0,1.0,1.0
hf_github_codereview,4b6a8a6d9846e504,0.9741857647895813,0.9741857647895813,0.9741857647895813,0.9741857647895813,0.9741857647895813,0.9741857647895813,0.0,19.13434600830078,19.342065811157227,1,1,1.0,1.0,1.0
hf_github_codereview,8e13f44bd666b040,0.994638204574585,0.994638204574585,0.994638204574585,0.994638204574585,0.994638204574585,0.994638204574585,0.0,19.251840591430664,19.342065811157227,1,1,1.0,1.0,1.0
hf_github_codereview,5c80e9edda969383,0.9795759320259094,0.9795759320259094,0.9795759320259094,0.9795759320259094,0.9795759320259094,0.9795759320259094,0.0,19.3299560546875,19.342065811157227,1,1,1.0,1.0,1.0
hf_github_codereview,079a7e739cf6d4cc,0.9260990619659424,0.9260990619659424,0.9260990619659424,0.9260990619659424,0.9260991215705872,0.9260990619659424,0.0,19.586769104003906,18.7315616607666,1,1,1.0,1.0,1.0
hf_github_codereview,88122ae93aabc3ff,0.9641301035881042,0.9605448047320048,0.0005356669425964355,0.9605448047320048,0.967957615852356,0.9641301035881042,0.0,19.17902946472168,19.44980748494466,1,3,1.0,1.0,1.0
hf_github_codereview,62fefb38b98b7f12,0.9690716862678528,0.9630951881408691,0.0005481839179992676,0.9630951881408691,0.9725551605224609,0.9690716862678528,0.0,19.435199737548828,19.404186884562176,1,3,1.0,1.0,1.0
hf_github_codereview,2fe722c38ed60225,0.9783339500427246,0.9776716530323029,0.0013245940208435059,0.9776716530323029,0.984367311000824,0.9783339500427246,0.0,19.72856903076172,19.583707809448242,1,2,1.0,1.0,1.0
hf_github_codereview,e70eb835db60154c,0.9820240139961243,0.9820240139961243,0.9820240139961243,0.9820240139961243,0.9820241332054138,0.9820240139961243,0.0,19.079187393188477,19.014894485473633,1,1,1.0,1.0,1.0
hf_github_codereview,5808abccbe63e0ae,0.9378769397735596,0.9224539995193481,0.03084588050842285,0.9224539995193481,0.9254997372627258,0.9378769397735596,0.0,19.69794464111328,18.378689765930176,1,2,1.0,1.0,1.0
hf_github_codereview,252305797b5bf323,0.9609224796295166,0.9528681039810181,0.01610875129699707,0.9528681039810181,0.9588858485221863,0.9609224796295166,0.0,19.41012954711914,18.261816024780273,1,2,1.0,1.0,1.0
hf_github_codereview,6f703961e86627d5,0.9760860800743103,0.9760860800743103,0.9760860800743103,0.9760860800743103,0.976085901260376,0.9760860800743103,0.0,19.157291412353516,19.634077072143555,1,1,1.0,1.0,1.0
hf_github_codereview,0d651b1bcc34f38b,0.930551290512085,0.930551290512085,0.930551290512085,0.930551290512085,0.930551290512085,0.930551290512085,0.0,19.991775512695312,18.558509826660156,1,1,1.0,1.0,1.0
hf_github_codereview,7c2fe86e461f63bc,0.9911646246910095,0.9788782298564911,0.024572789669036865,0.9788782298564911,0.9904094934463501,0.9911646246910095,0.0,19.39803123474121,19.61025619506836,1,2,1.0,1.0,1.0
hf_github_codereview,33f00548fa653ff9,1.0,1.0,1.0,1.0,1.0,1.0,0.0,18.79216957092285,18.79216957092285,1,1,1.0,1.0,1.0
hf_github_codereview,19e3be8ab2722e25,0.992540180683136,0.992540180683136,0.992540180683136,0.992540180683136,0.992540180683136,0.992540180683136,0.0,18.85151481628418,18.7667236328125,1,1,1.0,1.0,1.0
hf_github_codereview,5ca9e837d8ff09f2,0.9044796824455261,0.9044796824455261,0.9044796824455261,0.9044796824455261,0.9044796824455261,0.9044796824455261,0.0,19.37125015258789,18.68106460571289,1,1,1.0,1.0,1.0
hf_github_codereview,0b768741cc397e94,1.0,1.0,1.0,1.0,1.0,1.0,0.0,19.306434631347656,19.306434631347656,1,1,1.0,1.0,1.0
hf_github_codereview,df15c96ad3468c32,0.9999998807907104,0.9790323972702026,0.041934967041015625,0.9790323972702026,0.9894605278968811,0.9999998807907104,0.0,19.220685958862305,19.182948112487793,1,2,1.0,1.0,1.0
hf_github_codereview,b25bd9dfc52b2f76,0.9464057087898254,0.9464057087898254,0.9464057087898254,0.9464057087898254,0.9464057087898254,0.9464057087898254,0.0,19.659578323364258,19.510648727416992,1,1,1.0,1.0,1.0
hf_github_codereview,c886c99469973fac,0.9789565801620483,0.9789565801620483,0.9789565801620483,0.9789565801620483,0.9789565801620483,0.9789565801620483,0.0,19.418684005737305,19.510648727416992,1,1,1.0,1.0,1.0
hf_github_codereview,389929ec9c4c0c20,0.9742157459259033,0.964530865351359,0.009581208229064941,0.964530865351359,0.98103928565979,0.9742157459259033,0.0,18.945798873901367,19.08897590637207,1,3,1.0,1.0,1.0
hf_github_codereview,9f4b6158de79c75a,0.999498724937439,0.999498724937439,0.999498724937439,0.999498724937439,0.9994988441467285,0.999498724937439,0.0,19.416175842285156,19.31032943725586,1,1,1.0,1.0,1.0
hf_github_codereview,a6e35b906c0a8c0b,0.9999998211860657,0.9999998211860657,0.9999998211860657,0.9999998211860657,0.9999999403953552,0.9999998211860657,0.0,19.31032943725586,19.31032943725586,1,1,1.0,1.0,1.0
hf_github_codereview,5daba1f35210af4a,0.9889287948608398,0.9764273166656494,0.02500295639038086,0.9764273166656494,0.9859201312065125,0.9889287948608398,0.0,19.584815979003906,19.440546989440918,1,2,1.0,1.0,1.0
hf_github_codereview,20d994c528a65838,0.9587068557739258,0.9398126304149628,0.037788450717926025,0.9398126304149628,0.9457278251647949,0.9587068557739258,0.0,19.91830825805664,18.835732460021973,1,2,1.0,1.0,1.0
hf_github_codereview,2bf69344070740ff,0.9052023887634277,0.9052023887634277,0.9052023887634277,0.9052023887634277,0.9052025675773621,0.9052023887634277,0.0,19.33335304260254,18.739707946777344,1,1,1.0,1.0,1.0
hf_github_codereview,945c78f3233052b6,1.0,1.0,1.0,1.0,1.0,1.0,0.0,19.705781936645508,19.705781936645508,1,1,1.0,1.0,1.0
hf_github_codereview,31c8c1a1f9ba0d5a,1.0,1.0,1.0,1.0,1.0,1.0,0.0,19.893959045410156,19.893959045410156,1,1,1.0,1.0,1.0
hf_github_codereview,ea1daadf4f3115fd,0.9327770471572876,0.9171258807182312,0.03130233287811279,0.9171258807182312,0.9231893420219421,0.9327770471572876,0.0,19.46065902709961,18.837291717529297,1,2,1.0,1.0,1.0
hf_github_codereview,8b9fc20a6b77008c,0.9999998807907104,0.9999998807907104,0.9999998807907104,0.9999998807907104,0.9999999403953552,0.9999998807907104,0.0,19.794628143310547,19.794628143310547,1,1,1.0,1.0,1.0
hf_github_codereview,7429405fa67cc468,0.8978770971298218,0.8978770971298218,0.8978770971298218,0.8978770971298218,0.8978769779205322,0.8978770971298218,0.0,20.199480056762695,18.434452056884766,1,1,1.0,1.0,1.0
hf_github_codereview,bbf44a15b8dc7c79,1.0,1.0,1.0,1.0,1.0,1.0,0.0,18.695241928100586,18.695241928100586,1,1,1.0,1.0,1.0
hf_github_codereview,f36b6a212a5a1e95,0.9130066633224487,0.9130066633224487,0.9130066633224487,0.9130066633224487,0.9130066633224487,0.9130066633224487,0.0,17.938857396443684,18.695241928100586,3,1,1.0,1.0,1.0
hf_github_codereview,853795e63890583a,0.9347209334373474,0.9347209334373474,0.9347209334373474,0.9347209334373474,0.9347209334373474,0.9347209334373474,0.0,19.915700912475586,18.470319747924805,1,1,1.0,1.0,1.0
hf_github_codereview,b6e4b0e2a832660e,0.9984416365623474,0.9782405197620392,0.040402233600616455,0.9782405197620392,0.987766683101654,0.9984416365623474,0.0,19.008268356323242,18.844889640808105,1,2,1.0,1.0,1.0
hf_github_codereview,9fc3c7b64bdb9f91,0.980798065662384,0.9773260354995728,0.006944060325622559,0.9773260354995728,0.9851303696632385,0.980798065662384,0.0,19.451242446899414,19.446873664855957,1,2,1.0,1.0,1.0
hf_github_codereview,684b16201d41d275,1.0,1.0,1.0,1.0,1.0,1.0,0.0,19.097850799560547,19.097850799560547,1,1,1.0,1.0,1.0
hf_github_codereview,dfcef98384a93101,1.0,1.0,1.0,1.0,1.0,1.0,0.0,20.42847442626953,20.42847442626953,1,1,1.0,1.0,1.0
hf_github_codereview,8181a47303117ad5,0.9182068109512329,0.9182068109512329,0.9182068109512329,0.9182068109512329,0.9182069301605225,0.9182068109512329,0.0,19.2070255279541,18.53949737548828,1,1,1.0,1.0,1.0
hf_github_codereview,b7e2a9a7f1c591a1,0.96949702501297,0.9575951993465424,0.023803651332855225,0.9575951993465424,0.9731483459472656,0.96949702501297,0.0,19.216655731201172,18.750619888305664,1,2,1.0,1.0,1.0
hf_github_codereview,3026e3c317133e5e,0.9969332218170166,0.9969332218170166,0.9969332218170166,0.9969332218170166,0.9969332218170166,0.9969332218170166,0.0,19.403121948242188,19.3769474029541,1,1,1.0,1.0,1.0
hf_github_codereview,184b760743b41e05,0.9974381923675537,0.9974381923675537,0.9974381923675537,0.9974381923675537,0.9974384307861328,0.9974381923675537,0.0,20.061498641967773,20.025087356567383,1,1,1.0,1.0,1.0
hf_github_codereview,73e355c3684f5560,0.9999997615814209,0.9999997615814209,0.9999997615814209,0.9999997615814209,0.9999999403953552,0.9999997615814209,0.0,19.330245971679688,19.330245971679688,1,1,1.0,1.0,1.0
hf_github_codereview,78d34aca8f9fdf9c,0.9343888163566589,0.9343888163566589,0.9343888163566589,0.9343888163566589,0.9343888163566589,0.9343888163566589,0.0,18.341827392578125,18.32063102722168,1,1,1.0,1.0,1.0
hf_github_codereview,e4aeedf94bf7cb3f,0.933156430721283,0.933156430721283,0.933156430721283,0.933156430721283,0.933156430721283,0.933156430721283,0.0,18.791149139404297,18.32063102722168,1,1,1.0,1.0,1.0
hf_github_codereview,dc39fe155a3000c6,0.9661701321601868,0.9544053971767426,0.023529469966888428,0.9544053971767426,0.9626511335372925,0.9661701321601868,0.0,19.62588119506836,19.69900417327881,1,2,1.0,1.0,1.0
hf_github_codereview,2bd80f5de837911b,0.9999995827674866,0.9677856961886088,0.040371596813201904,0.9677856961886088,0.9833866953849792,0.9999995827674866,0.0,19.619258880615234,19.471575419108074,1,3,1.0,1.0,1.0
hf_github_codereview,8549f464c3b7e670,1.0,0.9686464667320251,0.06270706653594971,0.9686464667320251,0.9841984510421753,1.0,0.0,19.133012771606445,19.176480293273926,1,2,1.0,1.0,1.0
hf_github_codereview,aa961cdcefc4a79b,0.9888355731964111,0.9888355731964111,0.9888355731964111,0.9888355731964111,0.9888355731964111,0.9888355731964111,0.0,19.963048934936523,19.85468101501465,1,1,1.0,1.0,1.0
hf_github_codereview,81c9d7e7ac4b7a58,0.9809526205062866,0.9807620644569397,0.00038111209869384766,0.9807620644569397,0.9863525629043579,0.9809526205062866,0.0,19.53695297241211,19.557174682617188,1,2,1.0,1.0,1.0
hf_github_codereview,3089e25326be3d63,0.9804273843765259,0.9804273843765259,0.9804273843765259,0.9804273843765259,0.9804272055625916,0.9804273843765259,0.0,19.602096557617188,19.833803176879883,1,1,1.0,1.0,1.0
hf_github_codereview,03c4fb72a17722a6,0.9873039722442627,0.9873039722442627,0.9873039722442627,0.9873039722442627,0.9873040914535522,0.9873039722442627,0.0,19.58945655822754,19.57184410095215,1,1,1.0,1.0,1.0
hf_github_codereview,839c55c02617f035,0.9984388947486877,0.9984388947486877,0.9984388947486877,0.9984388947486877,0.9984387755393982,0.9984388947486877,0.0,19.855880737304688,19.79800796508789,1,1,1.0,1.0,1.0
hf_github_codereview,a72907c76991fd6a,1.0,1.0,1.0,1.0,1.0,1.0,0.0,19.219724655151367,19.219724655151367,1,1,1.0,1.0,1.0
hf_github_codereview,30d7185e899cded6,0.9942917227745056,0.9942917227745056,0.9942917227745056,0.9942917227745056,0.9942917227745056,0.9942917227745056,0.0,19.71717071533203,19.881752014160156,1,1,1.0,1.0,1.0
hf_github_codereview,4dce5adcf28fa763,0.9881206750869751,0.9881206750869751,0.9881206750869751,0.9881206750869751,0.9881206750869751,0.9881206750869751,0.0,19.516300201416016,19.50840187072754,1,1,1.0,1.0,1.0
hf_github_codereview,fb00c62afc3a5a7c,0.9916841983795166,0.9916841983795166,0.9916841983795166,0.9916841983795166,0.9916841387748718,0.9916841983795166,0.0,19.313919067382812,19.93277931213379,1,1,1.0,1.0,1.0
hf_github_codereview,e7ac244868e43f0a,0.9999997615814209,0.9999997615814209,0.9999997615814209,0.9999997615814209,0.9999998807907104,0.9999997615814209,0.0,19.63911247253418,19.63911247253418,1,1,1.0,1.0,1.0
hf_github_codereview,7a76445156cf9922,0.9777277708053589,0.9758884906768799,0.003678560256958008,0.9758884906768799,0.9859172105789185,0.9777277708053589,0.0,19.33950424194336,19.27078151702881,1,2,1.0,1.0,1.0
hf_github_codereview,75a66c6151dea96d,0.9716314077377319,0.9424254496892294,0.03289389610290527,0.9143706645284381,0.9405118227005005,0.9716314077377319,0.0,19.506431579589844,18.81565284729004,1,7,1.0,1.0,1.0
hf_github_codereview,e87b1ee5d8ded09f,0.9069772958755493,0.9069772958755493,0.9069772958755493,0.9069772958755493,0.9069772958755493,0.9069772958755493,0.0,19.130542755126953,18.82183837890625,1,1,1.0,1.0,1.0
hf_github_codereview,59495fd634d4abd9,0.9874489903450012,0.9605766733487447,0.022815465927124023,0.93718750278155,0.950960636138916,0.9874489903450012,0.0,19.79102325439453,18.800514539082844,1,6,1.0,1.0,1.0
hf_github_codereview,4460393bf9158447,0.9876152276992798,0.9626623789469401,0.020826220512390137,0.9404402474562327,0.9542611241340637,0.9876152276992798,0.0,19.41779899597168,18.800514539082844,1,6,1.0,1.0,1.0
hf_github_codereview,679a8e4e07bec09a,0.955808162689209,0.955808162689209,0.955808162689209,0.955808162689209,0.955808162689209,0.955808162689209,0.0,19.313255310058594,18.841951370239258,1,1,1.0,1.0,1.0
hf_github_codereview,f467e4b46660fefb,0.983496904373169,0.9770688712596893,0.012856066226959229,0.9770688712596893,0.9853382706642151,0.983496904373169,0.0,19.945323944091797,19.70858097076416,1,2,1.0,1.0,1.0
hf_github_codereview,84c0b1be857befb6,0.9984622597694397,0.9737114012241364,0.04950171709060669,0.9737114012241364,0.9865202903747559,0.9984622597694397,0.0,19.015151977539062,19.108025550842285,1,2,1.0,1.0,1.0
hf_github_codereview,e83cd7436ff95d32,0.971497654914856,0.9507921934127808,0.04141092300415039,0.9507921934127808,0.9690465331077576,0.971497654914856,0.0,19.09913444519043,19.30509853363037,1,2,1.0,1.0,1.0
hf_github_codereview,b82fb2dad48242ad,0.9360864162445068,0.8920117318630219,0.08814936876296997,0.8920117318630219,0.909137487411499,0.9360864162445068,0.0,18.960153579711914,19.30509853363037,1,2,1.0,1.0,1.0
hf_github_codereview,6055d1933da3c0dd,0.9770770072937012,0.9770770072937012,0.9770770072937012,0.9770770072937012,0.9770770072937012,0.9770770072937012,0.0,19.37411117553711,19.679702758789062,1,1,1.0,1.0,1.0
hf_github_codereview,bbd52b34dab55cdd,0.9938191175460815,0.9938191175460815,0.9938191175460815,0.9938191175460815,0.9938191175460815,0.9938191175460815,0.0,19.533483505249023,19.679702758789062,1,1,1.0,1.0,1.0
hf_github_codereview,61d6815cd9ba254d,0.9474336504936218,0.9474336504936218,0.9474336504936218,0.9474336504936218,0.9474336504936218,0.9474336504936218,0.0,19.244365692138672,19.679702758789062,1,1,1.0,1.0,1.0
hf_github_codereview,5b75ead2fd4bb579,0.9919610023498535,0.9919610023498535,0.9919610023498535,0.9919610023498535,0.9919611215591431,0.9919610023498535,0.0,19.452953338623047,19.668855667114258,1,1,1.0,1.0,1.0
hf_github_codereview,6b01f90fcdb0d499,0.9978907108306885,0.9978907108306885,0.9978907108306885,0.9978907108306885,0.9978907108306885,0.9978907108306885,0.0,19.408937454223633,19.25856590270996,1,1,1.0,1.0,1.0
hf_github_codereview,3edeeca9700dd182,1.0,1.0,1.0,1.0,1.0,1.0,0.0,19.817768096923828,19.817768096923828,1,1,1.0,1.0,1.0
hf_github_codereview,7f7a9c2190e04e9d,0.990962564945221,0.990962564945221,0.990962564945221,0.990962564945221,0.990962564945221,0.990962564945221,0.0,19.443517684936523,19.08755874633789,1,1,1.0,1.0,1.0
hf_github_codereview,eb5574ca8f6914b0,1.0,1.0,1.0,1.0,1.0,1.0,0.0,19.08755874633789,19.08755874633789,1,1,1.0,1.0,1.0
hf_github_codereview,d88b50e3b9216169,0.9881397485733032,0.9881397485733032,0.9881397485733032,0.9881397485733032,0.9881398677825928,0.9881397485733032,0.0,19.96318817138672,19.773563385009766,1,1,1.0,1.0,1.0
hf_github_codereview,51a79e58a98562bf,0.9832925796508789,0.9729241132736206,0.0207369327545166,0.9729241132736206,0.9797658920288086,0.9832925796508789,0.0,19.666236877441406,19.395404815673828,1,2,1.0,1.0,1.0
hf_github_codereview,3fd5582f3846d09e,0.8812911510467529,0.8812911510467529,0.8812911510467529,0.8812911510467529,0.8812910318374634,0.8812911510467529,0.0,18.16986846923828,19.21498680114746,1,1,1.0,1.0,1.0
hf_github_codereview,adce74a28be7c9f2,0.9758021831512451,0.9758021831512451,0.9758021831512451,0.9758021831512451,0.9758021831512451,0.9758021831512451,0.0,19.74076271057129,19.125324249267578,1,1,1.0,1.0,1.0
hf_github_codereview,2b4462cff5036186,0.943935751914978,0.943935751914978,0.943935751914978,0.943935751914978,0.9439356923103333,0.943935751914978,0.0,18.719810485839844,19.60580062866211,1,1,1.0,1.0,1.0
hf_github_codereview,fe8a6a4380aa127e,0.9758565425872803,0.9758565425872803,0.9758565425872803,0.9758565425872803,0.9758565425872803,0.9758565425872803,0.0,19.222349166870117,19.894908905029297,1,1,1.0,1.0,1.0
hf_github_codereview,296123b2c7107065,1.0,1.0,1.0,1.0,1.0,1.0,0.0,19.44080352783203,19.44080352783203,1,1,1.0,1.0,1.0
hf_github_codereview,d3d29d02b7c45512,0.9491800665855408,0.9458527266979218,0.006654679775238037,0.9458527266979218,0.9500361680984497,0.9491800665855408,0.0,19.339025497436523,18.560444831848145,1,2,1.0,1.0,1.0
hf_github_codereview,eb547ca31a1b3180,0.9873607158660889,0.9815044105052948,0.011712610721588135,0.9815044105052948,0.9866011142730713,0.9873607158660889,0.0,19.568208694458008,19.164782524108887,1,2,1.0,1.0,1.0
hf_github_codereview,cc7dd7f4303372df,0.974327564239502,0.974327564239502,0.974327564239502,0.974327564239502,0.974327564239502,0.974327564239502,0.0,19.012250900268555,18.6335506439209,1,1,1.0,1.0,1.0
hf_github_codereview,12fe1b7fefe2ae8c,0.9720649719238281,0.9648470878601074,0.014435768127441406,0.9648470878601074,0.9683057069778442,0.9720649719238281,0.0,18.87998390197754,18.934232711791992,1,2,1.0,1.0,1.0
hf_github_codereview,e0b827058a863f93,0.9769862294197083,0.9702251255512238,0.013522207736968994,0.9702251255512238,0.9737613201141357,0.9769862294197083,0.0,19.025407791137695,19.22586441040039,1,2,1.0,1.0,1.0
hf_github_codereview,2624abaa9b0a2476,0.9875209927558899,0.9760210812091827,0.022999823093414307,0.9760210812091827,0.9832637310028076,0.9875209927558899,0.0,19.384532928466797,19.499333381652832,1,2,1.0,1.0,1.0
hf_github_codereview,beb580611c85645b,0.9142216444015503,0.9082334637641907,0.011976361274719238,0.9082334637641907,0.9149760007858276,0.9142216444015503,0.0,18.49872398376465,19.55136775970459,1,2,1.0,1.0,1.0
hf_github_codereview,a2f8acc348dca178,0.9764958620071411,0.9563278953234354,0.02810359001159668,0.9563278953234354,0.9643169641494751,0.9764958620071411,0.0,19.349834442138672,19.453109741210938,1,3,1.0,1.0,1.0
hf_github_codereview,46280fc1308aaab6,0.9915235638618469,0.9829973379770914,0.009897172451019287,0.9829973379770914,0.9917715191841125,0.9915235638618469,0.0,19.807273864746094,19.430003484090168,1,3,1.0,1.0,1.0
hf_github_codereview,27d99536fade3622,1.0,0.9798345963160197,0.018962442874908447,0.9798345963160197,0.9893107414245605,1.0,0.0,19.61624526977539,19.480491002400715,1,3,1.0,1.0,1.0
hf_github_codereview,3356938d22c95d15,0.9868650436401367,0.9868650436401367,0.9868650436401367,0.9868650436401367,0.9868650436401367,0.9868650436401367,0.0,19.47876739501953,19.193819046020508,1,1,1.0,1.0,1.0
hf_github_codereview,a339df8b553c5ab9,1.0,1.0,1.0,1.0,1.0,1.0,0.0,19.846704483032227,19.846704483032227,1,1,1.0,1.0,1.0
hf_github_codereview,7033e785fa29a6d2,0.9941588640213013,0.9926441609859467,0.0030294060707092285,0.9926441609859467,0.9942278265953064,0.9941588640213013,0.0,18.965539932250977,19.1295804977417,1,2,1.0,1.0,1.0
hf_github_codereview,66bc3126761472c4,0.9914087057113647,0.9864592750867208,0.0012372732162475586,0.9864592750867208,0.9914937615394592,0.9914087057113647,0.0,19.093048095703125,19.212652842203777,1,3,1.0,1.0,1.0
hf_github_codereview,8703626b73cb17b1,0.9138691425323486,0.9138691425323486,0.9138691425323486,0.9138691425323486,0.9138691425323486,0.9138691425323486,0.0,18.70661735534668,19.662700653076172,1,1,1.0,1.0,1.0
hf_github_codereview,0e4f5b6d24c278b5,0.9863612651824951,0.9863612651824951,0.9863612651824951,0.9863612651824951,0.9863612651824951,0.9863612651824951,0.0,19.81911849975586,19.387348175048828,1,1,1.0,1.0,1.0
hf_github_codereview,692c7cd5f640fa06,1.0,1.0,1.0,1.0,1.0,1.0,0.0,19.275901794433594,19.275901794433594,1,1,1.0,1.0,1.0
hf_github_codereview,48ebda5113934f08,0.9355300664901733,0.9355300664901733,0.9355300664901733,0.9355300664901733,0.9355301856994629,0.9355300664901733,0.0,19.18968391418457,19.175771713256836,1,1,1.0,1.0,1.0
hf_github_codereview,f22a2d9a4d8ded0e,0.953517735004425,0.9381864070892334,0.0306626558303833,0.9381864070892334,0.9426965713500977,0.953517735004425,0.0,18.69645118713379,18.898643493652344,1,2,1.0,1.0,1.0
hf_github_codereview,a26d9ea474b73b87,0.9848921298980713,0.9839964509010315,0.0017913579940795898,0.9839964509010315,0.987825334072113,0.9848921298980713,0.0,19.659543991088867,19.37946319580078,1,2,1.0,1.0,1.0
hf_github_codereview,d3efdfbc1e3b5d78,0.9772608876228333,0.9736826717853546,0.007156431674957275,0.9736826717853546,0.9774714708328247,0.9772608876228333,0.0,19.456418991088867,19.37946319580078,1,2,1.0,1.0,1.0
hf_github_codereview,078fc8f706471e47,0.9890048503875732,0.9809758067131042,0.01605808734893799,0.9809758067131042,0.9847928881645203,0.9890048503875732,0.0,19.73045539855957,19.37946319580078,1,2,1.0,1.0,1.0
hf_github_codereview,b8450f7c6ddd907a,0.9437770843505859,0.9347790777683258,0.017996013164520264,0.9347790777683258,0.9384164810180664,0.9437770843505859,0.0,18.944177627563477,19.37946319580078,1,2,1.0,1.0,1.0
hf_github_codereview,6a49e36107aa994f,0.9805184006690979,0.9768485724925995,0.007339656352996826,0.9768485724925995,0.980649471282959,0.9805184006690979,0.0,19.361719131469727,19.37946319580078,1,2,1.0,1.0,1.0
hf_github_codereview,3a9b1f83f2ae80bc,0.9999999403953552,0.9999999403953552,0.9999999403953552,0.9999999403953552,1.0,0.9999999403953552,0.0,19.28017234802246,19.28017234802246,1,1,1.0,1.0,1.0
hf_github_codereview,c8bbae7a5a8a4fc9,0.9999999403953552,0.9999999403953552,0.9999999403953552,0.9999999403953552,1.0,0.9999999403953552,0.0,19.28017234802246,19.28017234802246,1,1,1.0,1.0,1.0
hf_github_codereview,d2065aa2a6b06d47,0.9215021133422852,0.9163137972354889,0.01037663221359253,0.9163137972354889,0.9170119166374207,0.9215021133422852,0.0,19.262014389038086,18.632160186767578,1,2,1.0,1.0,1.0
hf_github_codereview,fe13a048e7028376,0.9662782549858093,0.9662782549858093,0.9662782549858093,0.9662782549858093,0.9662782549858093,0.9662782549858093,0.0,19.421794891357422,19.23888397216797,1,1,1.0,1.0,1.0
hf_github_codereview,7aa2d9dd4faee739,0.9999998807907104,0.9506212174892426,0.09875732660293579,0.9506212174892426,0.9749980568885803,0.9999998807907104,0.0,19.195077896118164,19.724485397338867,1,2,1.0,1.0,1.0
hf_github_codereview,5066bbefb6b857d0,0.999008059501648,0.9848861396312714,0.028243839740753174,0.9848861396312714,0.9925106167793274,0.999008059501648,0.0,19.015411376953125,19.210134506225586,1,2,1.0,1.0,1.0
hf_github_codereview,0f63ae39a3da9fa7,0.9778120517730713,0.9771036505699158,0.0014168024063110352,0.9771036505699158,0.9799101948738098,0.9778120517730713,0.0,19.47225570678711,19.306174278259277,1,2,1.0,1.0,1.0
hf_github_codereview,db3e62ea926edac8,0.9818494915962219,0.9525700807571411,0.05855882167816162,0.9525700807571411,0.9678846001625061,0.9818494915962219,0.0,19.52088165283203,19.214964866638184,1,2,1.0,1.0,1.0
hf_github_codereview,4540b2d552f60de4,0.9097616672515869,0.905712217092514,0.008098900318145752,0.905712217092514,0.906877875328064,0.9097616672515869,0.0,18.089509963989258,19.67045307159424,1,2,1.0,1.0,1.0
hf_github_codereview,3a9034f2770cf290,0.9815771579742432,0.9706931114196777,0.02176809310913086,0.9706931114196777,0.9865743517875671,0.9815771579742432,0.0,18.427459716796875,18.91192626953125,1,2,1.0,1.0,1.0
hf_github_codereview,b5f0efb0103d6cdd,0.9840095043182373,0.9792631268501282,0.009492754936218262,0.9792631268501282,0.985521137714386,0.9840095043182373,0.0,19.14720344543457,19.1634464263916,1,2,1.0,1.0,1.0
hf_github_codereview,bc1a4d2470d9c623,0.9824416637420654,0.9645907878875732,0.014411866664886475,0.9645907878875732,0.9808943271636963,0.9824416637420654,0.0,19.30703353881836,19.256919860839844,1,3,1.0,1.0,1.0
hf_github_codereview,96d6ff90ab4d43c7,0.9867876172065735,0.9867876172065735,0.9867876172065735,0.9867876172065735,0.9867874383926392,0.9867876172065735,0.0,19.816810607910156,19.945520401000977,1,1,1.0,1.0,1.0
hf_github_codereview,d6c05e987326d267,1.0,1.0,1.0,1.0,1.0,1.0,0.0,19.369657516479492,19.369657516479492,1,1,1.0,1.0,1.0
hf_github_codereview,5010c012dc5c14a0,0.9904295802116394,0.9761609137058258,0.028537333011627197,0.9761609137058258,0.9826730489730835,0.9904295802116394,0.0,19.720111846923828,19.46639919281006,1,2,1.0,1.0,1.0
hf_github_codereview,a4be4ea582ea783b,0.9777597784996033,0.9777597784996033,0.9777597784996033,0.9777597784996033,0.9777597784996033,0.9777597784996033,0.0,19.73430824279785,18.732744216918945,1,1,1.0,1.0,1.0
hf_github_codereview,a3b1732857061bc8,0.9981766939163208,0.9981766939163208,0.9981766939163208,0.9981766939163208,0.9981766939163208,0.9981766939163208,0.0,18.424997329711914,18.25467300415039,1,1,1.0,1.0,1.0
hf_github_codereview,2f7a46a943f58ae3,0.8989248275756836,0.8989248275756836,0.8989248275756836,0.8989248275756836,0.8989248275756836,0.8989248275756836,0.0,20.05183982849121,18.678415298461914,1,1,1.0,1.0,1.0
hf_github_codereview,61ed115cb4b984eb,0.983914852142334,0.983914852142334,0.983914852142334,0.983914852142334,0.983914852142334,0.983914852142334,0.0,19.158496856689453,18.761886596679688,1,1,1.0,1.0,1.0
hf_github_codereview,858f3a6c363e930e,0.9838851094245911,0.9785818854967753,0.00653153657913208,0.9785818854967753,0.9854651689529419,0.9838851094245911,0.0,19.50069236755371,19.394872029622395,1,3,1.0,1.0,1.0
hf_github_codereview,e59da097ffbe1581,0.971702516078949,0.9557688534259796,0.03186732530593872,0.9557688534259796,0.9700389504432678,0.971702516078949,0.0,19.68800926208496,19.215787887573242,1,2,1.0,1.0,1.0
hf_github_codereview,4b8d415b6d3579d6,0.9468773007392883,0.9029377400875092,0.08787912130355835,0.9029377400875092,0.9634978771209717,0.9468773007392883,0.0,19.257904052734375,18.89901351928711,1,2,1.0,1.0,1.0
hf_github_codereview,842747fd78de8b61,0.954938530921936,0.9398922324180603,0.030092597007751465,0.9398922324180603,0.9525513648986816,0.954938530921936,0.0,19.58523178100586,19.233601570129395,1,2,1.0,1.0,1.0
hf_github_codereview,6e98c990d8880d27,0.9690858721733093,0.9690858721733093,0.9690858721733093,0.9690858721733093,0.9690858721733093,0.9690858721733093,0.0,19.141971588134766,18.47431182861328,1,1,1.0,1.0,1.0
hf_github_codereview,60b532c2156f13e5,0.9552294611930847,0.9552294611930847,0.9552294611930847,0.9552294611930847,0.9552294611930847,0.9552294611930847,0.0,18.839733123779297,19.26869773864746,1,1,1.0,1.0,1.0
hf_github_codereview,1d35ba0d350b05fa,0.9895618557929993,0.9668058454990387,0.04551202058792114,0.9668058454990387,0.9801172614097595,0.9895618557929993,0.0,19.24968147277832,19.215786933898926,1,2,1.0,1.0,1.0
hf_github_codereview,d7149d8331676a4f,0.9639970064163208,0.9639970064163208,0.9639970064163208,0.9639970064163208,0.9639968872070312,0.9639970064163208,0.0,19.528705596923828,19.91665267944336,1,1,1.0,1.0,1.0
hf_github_codereview,7be0696a0cfea693,0.9435692429542542,0.9246706366539001,0.03779721260070801,0.9246706366539001,0.9327334761619568,0.9435692429542542,0.0,19.100357055664062,18.530122756958008,1,2,1.0,1.0,1.0
hf_github_codereview,18b6f98a3e7c24e3,0.9134477376937866,0.9134477376937866,0.9134477376937866,0.9134477376937866,0.9134478569030762,0.9134477376937866,0.0,19.976289749145508,17.925655364990234,1,1,1.0,1.0,1.0
hf_github_codereview,096bce78587d8a0b,0.9928128719329834,0.9776309132575989,0.030363917350769043,0.9776309132575989,0.9867173433303833,0.9928128719329834,0.0,19.225889205932617,19.134361267089844,1,2,1.0,1.0,1.0
hf_github_codereview,dc575e9b88dac93b,0.9980215430259705,0.9980215430259705,0.9980215430259705,0.9980215430259705,0.9980215430259705,0.9980215430259705,0.0,19.24612808227539,19.251583099365234,1,1,1.0,1.0,1.0
hf_github_codereview,ecffcdb5905bb69b,1.0,1.0,1.0,1.0,1.0,1.0,0.0,18.831905364990234,18.831905364990234,1,1,1.0,1.0,1.0
hf_github_codereview,81e6fea43f0c10a1,1.0,1.0,1.0,1.0,1.0,1.0,0.0,19.735509872436523,19.735509872436523,1,1,1.0,1.0,1.0
hf_github_codereview,b7d041260514ba62,0.970354437828064,0.9218659400939941,0.09697699546813965,0.9218659400939941,0.938972532749176,0.970354437828064,0.0,19.565780639648438,19.03670883178711,1,2,1.0,1.0,1.0
hf_github_codereview,1c9430c52b59d9c4,0.9953944683074951,0.9953944683074951,0.9953944683074951,0.9953944683074951,0.9953944683074951,0.9953944683074951,0.0,19.244606018066406,18.935956954956055,1,1,1.0,1.0,1.0
hf_github_codereview,cb1e26132d4ffdc2,0.970578134059906,0.9658591449260712,0.009437978267669678,0.9658591449260712,0.9704728722572327,0.970578134059906,0.0,19.859861373901367,19.092419624328613,1,2,1.0,1.0,1.0
hf_github_codereview,64fdf752c9eeec96,0.9757919311523438,0.9594135880470276,0.032756686210632324,0.9594135880470276,0.9728910326957703,0.9757919311523438,0.0,19.352624893188477,19.12607765197754,1,2,1.0,1.0,1.0
hf_github_codereview,e412d5c3789c405c,0.9726755619049072,0.9726755619049072,0.9726755619049072,0.9726755619049072,0.9726755619049072,0.9726755619049072,0.0,19.42290687561035,19.281757354736328,1,1,1.0,1.0,1.0
hf_github_codereview,2874ee78466263fd,0.9661883115768433,0.9661883115768433,0.9661883115768433,0.9661883115768433,0.9661883115768433,0.9661883115768433,0.0,19.015090942382812,19.70602798461914,1,1,1.0,1.0,1.0
hf_github_codereview,2e3a35b657f85095,1.0,1.0,1.0,1.0,1.0,1.0,0.0,19.305837631225586,19.305837631225586,1,1,1.0,1.0,1.0
hf_github_codereview,b0592abae94895d3,1.0,1.0,1.0,1.0,1.0,1.0,0.0,19.227020263671875,19.227020263671875,1,1,1.0,1.0,1.0
hf_github_codereview,bd83e82cf2e28f1c,0.9724337458610535,0.9724337458610535,0.9724337458610535,0.9724337458610535,0.9724338054656982,0.9724337458610535,0.0,19.70022201538086,19.475465774536133,1,1,1.0,1.0,1.0
hf_github_codereview,ff4b484b6d5c81fa,0.9715543985366821,0.9715543985366821,0.9715543985366821,0.9715543985366821,0.9715545177459717,0.9715543985366821,0.0,19.858882904052734,19.475465774536133,1,1,1.0,1.0,1.0
hf_github_codereview,d0f43f0ccdf8a52d,0.9519163370132446,0.9519163370132446,0.9519163370132446,0.9519163370132446,0.9519162774085999,0.9519163370132446,0.0,20.03888511657715,19.02300262451172,1,1,1.0,1.0,1.0
hf_github_codereview,ec26517be47e881b,0.93146812915802,0.93146812915802,0.93146812915802,0.93146812915802,0.9314681887626648,0.93146812915802,0.0,19.38614273071289,18.216899871826172,1,1,1.0,1.0,1.0
hf_github_codereview,c5d095625852253e,0.9404416680335999,0.9404416680335999,0.9404416680335999,0.9404416680335999,0.9404416680335999,0.9404416680335999,0.0,20.194917678833008,18.406455993652344,1,1,1.0,1.0,1.0
hf_github_codereview,0eaec74bf0ad3a18,1.0,1.0,1.0,1.0,1.0,1.0,0.0,19.276559829711914,19.276559829711914,1,1,1.0,1.0,1.0
hf_github_codereview,0f3687d327f9c0e4,1.0,1.0,1.0,1.0,1.0,1.0,0.0,19.458744049072266,19.458744049072266,1,1,1.0,1.0,1.0
hf_github_codereview,37399fdb8d71a1ff,0.9737189412117004,0.9669530391693115,0.013531804084777832,0.9669530391693115,0.9817125797271729,0.9737189412117004,0.0,19.042604446411133,18.975720405578613,1,2,1.0,1.0,1.0
hf_github_codereview,1fd0b96b75f1cb39,0.9898644685745239,0.9898644685745239,0.9898644685745239,0.9898644685745239,0.9898644685745239,0.9898644685745239,0.0,18.63348388671875,18.515933990478516,1,1,1.0,1.0,1.0
hf_github_codereview,247c860db3189958,0.9666550755500793,0.9666550755500793,0.9666550755500793,0.9666550755500793,0.9666550755500793,0.9666550755500793,0.0,19.04039192199707,18.515933990478516,1,1,1.0,1.0,1.0
hf_github_codereview,57598d3c7c438425,0.9500782489776611,0.9500782489776611,0.9500782489776611,0.9500782489776611,0.9500782489776611,0.9500782489776611,0.0,19.178319931030273,18.515933990478516,1,1,1.0,1.0,1.0
hf_github_codereview,69654ea72c95b067,0.9668384790420532,0.9668384790420532,0.9668384790420532,0.9668384790420532,0.9668384790420532,0.9668384790420532,0.0,18.996967315673828,18.515933990478516,1,1,1.0,1.0,1.0
hf_github_codereview,d98c35df278de14a,0.9999998807907104,0.9999998807907104,0.9999998807907104,0.9999998807907104,0.9999999403953552,0.9999998807907104,0.0,18.625106811523438,18.625106811523438,1,1,1.0,1.0,1.0
hf_github_codereview,d8244ad326b34508,0.9883479475975037,0.9762805998325348,0.024134695529937744,0.9762805998325348,0.9807087182998657,0.9883479475975037,0.0,19.884231567382812,19.791071891784668,1,2,1.0,1.0,1.0
hf_github_codereview,f70b8331744f28c8,1.0,1.0,1.0,1.0,1.0,1.0,0.0,19.380756378173828,19.380756378173828,1,1,1.0,1.0,1.0
hf_github_codereview,428390bf4348fa4f,0.9861693978309631,0.9861693978309631,0.9861693978309631,0.9861693978309631,0.9861693978309631,0.9861693978309631,0.0,18.96929931640625,18.663759231567383,1,1,1.0,1.0,1.0
hf_github_codereview,391c0d65e34dde2d,1.0,0.9762486517429352,0.04750269651412964,0.9762486517429352,0.988053023815155,1.0,0.0,19.354217529296875,19.245598793029785,1,2,1.0,1.0,1.0
hf_github_codereview,c4797ac451ac2e40,0.9901154041290283,0.9791812896728516,0.021868228912353516,0.9791812896728516,0.9868084788322449,0.9901154041290283,0.0,19.486164093017578,19.6371488571167,1,2,1.0,1.0,1.0
hf_github_codereview,c3b1be186f514c8b,0.9176178574562073,0.9154349267482758,0.004365861415863037,0.9154349267482758,0.9211831092834473,0.9176178574562073,0.0,19.515865325927734,18.95785617828369,1,2,1.0,1.0,1.0
hf_github_codereview,82223144cd25fd60,0.9420694708824158,0.9331208765506744,0.017897188663482666,0.9331208765506744,0.93904709815979,0.9420694708824158,0.0,19.19318199157715,18.980177879333496,1,2,1.0,1.0,1.0
hf_github_codereview,ea4d60c0c180b335,0.9765274524688721,0.9765274524688721,0.9765274524688721,0.9765274524688721,0.9765274524688721,0.9765274524688721,0.0,19.659107208251953,19.65448570251465,1,1,1.0,1.0,1.0
hf_github_codereview,1508ab90593989ec,0.9520862102508545,0.9520862102508545,0.9520862102508545,0.9520862102508545,0.9520862698554993,0.9520862102508545,0.0,19.31690216064453,18.845022201538086,1,1,1.0,1.0,1.0
hf_github_codereview,048c333ea7be99c6,0.9649033546447754,0.9321320950984955,0.06554251909255981,0.9321320950984955,0.9527167081832886,0.9649033546447754,0.0,18.71560287475586,19.12983512878418,1,2,1.0,1.0,1.0
hf_github_codereview,3b787679ab262a9e,0.9430737495422363,0.9413107633590698,0.003525972366333008,0.9413107633590698,0.9511657953262329,0.9430737495422363,0.0,19.331951141357422,18.64547634124756,1,2,1.0,1.0,1.0
hf_github_codereview,6b38688dc6d6797c,0.9669638276100159,0.9669638276100159,0.9669638276100159,0.9669638276100159,0.9669639468193054,0.9669638276100159,0.0,19.252456665039062,19.49864959716797,1,1,1.0,1.0,1.0
hf_github_codereview,2a9dfe0518866d92,1.0,1.0,1.0,1.0,1.0,1.0,0.0,19.580646514892578,19.580646514892578,1,1,1.0,1.0,1.0
hf_github_codereview,8014871ea1602af0,0.9930058717727661,0.9930058717727661,0.9930058717727661,0.9930058717727661,0.9930058717727661,0.9930058717727661,0.0,19.964176177978516,20.04347801208496,1,1,1.0,1.0,1.0
hf_github_codereview,25528d67125dbe13,0.9907361268997192,0.9907361268997192,0.9907361268997192,0.9907361268997192,0.990736186504364,0.9907361268997192,0.0,18.57264518737793,18.357240676879883,1,1,1.0,1.0,1.0
hf_github_codereview,9ee951c7fa6c1e29,0.9596908688545227,0.9376057684421539,0.04417020082473755,0.9376057684421539,0.9428102374076843,0.9596908688545227,0.0,19.457433700561523,19.426851272583008,1,2,1.0,1.0,1.0
hf_github_codereview,b5ee06512edf6107,0.9999997615814209,0.9999997615814209,0.9999997615814209,0.9999997615814209,0.9999999403953552,0.9999997615814209,0.0,19.632858276367188,19.632858276367188,1,1,1.0,1.0,1.0
hf_github_codereview,690736a84266672a,0.9999999403953552,0.9999999403953552,0.9999999403953552,0.9999999403953552,1.0,0.9999999403953552,0.0,19.133686065673828,19.133686065673828,1,1,1.0,1.0,1.0
hf_github_codereview,e859f056b1167b9f,0.9876131415367126,0.9876131415367126,0.9876131415367126,0.9876131415367126,0.9876132607460022,0.9876131415367126,0.0,18.943641662597656,19.33552360534668,1,1,1.0,1.0,1.0
hf_github_codereview,fad3e629c939d8c2,0.9564251899719238,0.9564251899719238,0.9564251899719238,0.9564251899719238,0.9564254879951477,0.9564251899719238,0.0,18.669525146484375,19.329816818237305,1,1,1.0,1.0,1.0
hf_github_codereview,edd51516bacc8682,0.9898043870925903,0.9898043870925903,0.9898043870925903,0.9898043870925903,0.9898045659065247,0.9898043870925903,0.0,19.442371368408203,19.329816818237305,1,1,1.0,1.0,1.0
hf_github_codereview,c80b6d2db39a29e3,0.9972509145736694,0.9972509145736694,0.9972509145736694,0.9972509145736694,0.997251033782959,0.9972509145736694,0.0,19.374967575073242,19.198328018188477,1,1,1.0,1.0,1.0
hf_github_codereview,7148618552e71699,0.9999998211860657,0.9999998211860657,0.9999998211860657,0.9999998211860657,1.0,0.9999998211860657,0.0,19.458648681640625,19.458648681640625,1,1,1.0,1.0,1.0
hf_github_codereview,d3ff37cc0a38fe24,0.9988905191421509,0.985230028629303,0.0273209810256958,0.985230028629303,0.9927383065223694,0.9988905191421509,0.0,19.76545524597168,19.77993392944336,1,2,1.0,1.0,1.0
hf_github_codereview,20b2780d3c61fef0,0.9965273141860962,0.9965273141860962,0.9965273141860962,0.9965273141860962,0.9965273141860962,0.9965273141860962,0.0,20.182355880737305,20.056039810180664,1,1,1.0,1.0,1.0
hf_github_codereview,bf27d11bd6e0d440,0.9897881746292114,0.9897881746292114,0.9897881746292114,0.9897881746292114,0.989788293838501,0.9897881746292114,0.0,19.94940757751465,20.045270919799805,1,1,1.0,1.0,1.0
hf_github_codereview,08e00549e69620ab,0.9866543412208557,0.9866543412208557,0.9866543412208557,0.9866543412208557,0.9866544008255005,0.9866543412208557,0.0,19.296850204467773,19.57851219177246,1,1,1.0,1.0,1.0
hf_github_codereview,b1862a6cf9ceab2e,0.9825038909912109,0.9825038909912109,0.9825038909912109,0.9825038909912109,0.9825040102005005,0.9825038909912109,0.0,19.319353103637695,19.57851219177246,1,1,1.0,1.0,1.0
hf_github_codereview,cf222ece5e13e3d6,0.9859703779220581,0.9859703779220581,0.9859703779220581,0.9859703779220581,0.9859704375267029,0.9859703779220581,0.0,19.347923278808594,19.57851219177246,1,1,1.0,1.0,1.0
hf_github_codereview,d08ff33244ff4ab6,0.9675309062004089,0.9675309062004089,0.9675309062004089,0.9675309062004089,0.9675309062004089,0.9675309062004089,0.0,18.892091751098633,19.45295524597168,1,1,1.0,1.0,1.0
hf_github_codereview,27a60f0d15eef4bf,0.9953806400299072,0.9953806400299072,0.9953806400299072,0.9953806400299072,0.9953807592391968,0.9953806400299072,0.0,19.45295524597168,19.644865036010742,1,1,1.0,1.0,1.0
hf_github_codereview,e7c47fe7d240b5ab,0.991818904876709,0.991818904876709,0.991818904876709,0.991818904876709,0.991818904876709,0.991818904876709,0.0,19.786693572998047,19.621423721313477,1,1,1.0,1.0,1.0
hf_github_codereview,795ebb308e0e5344,0.9773459434509277,0.9773459434509277,0.9773459434509277,0.9773459434509277,0.9773460626602173,0.9773459434509277,0.0,19.20101547241211,18.989044189453125,1,1,1.0,1.0,1.0
hf_github_codereview,ba7021f35cafc240,0.9924302101135254,0.9924302101135254,0.9924302101135254,0.9924302101135254,0.9924302101135254,0.9924302101135254,0.0,19.02490234375,18.989044189453125,1,1,1.0,1.0,1.0
hf_github_codereview,8763359372938ae3,0.9838574528694153,0.9838574528694153,0.9838574528694153,0.9838574528694153,0.9838576316833496,0.9838574528694153,0.0,18.97953987121582,18.989044189453125,1,1,1.0,1.0,1.0
hf_github_codereview,06b26d78a093fa19,0.9971636533737183,0.9809386730194092,0.032449960708618164,0.9809386730194092,0.9907593727111816,0.9971636533737183,0.0,18.76852035522461,19.20958423614502,1,2,1.0,1.0,1.0
hf_github_codereview,db19971b9cc88b3d,0.9881175756454468,0.9704442024230957,0.03534674644470215,0.9704442024230957,0.9769589304924011,0.9881175756454468,0.0,19.678024291992188,18.779674530029297,1,2,1.0,1.0,1.0
hf_github_codereview,90f3d4c5f995d4ab,0.9919062852859497,0.9734842777252197,0.03684401512145996,0.9734842777252197,0.980488657951355,0.9919062852859497,0.0,18.989309310913086,19.21384620666504,1,2,1.0,1.0,1.0
hf_github_codereview,098778a836cd15d1,0.9364743232727051,0.9364743232727051,0.9364743232727051,0.9364743232727051,0.9364743232727051,0.9364743232727051,0.0,18.921794891357422,18.8366756439209,1,1,1.0,1.0,1.0
hf_github_codereview,3a5ded5a99936259,0.9976128339767456,0.9976128339767456,0.9976128339767456,0.9976128339767456,0.9976128339767456,0.9976128339767456,0.0,20.07205581665039,20.017004013061523,1,1,1.0,1.0,1.0
hf_github_codereview,0d6657745e02a8ef,1.0,1.0,1.0,1.0,1.0,1.0,0.0,18.79463768005371,18.79463768005371,1,1,1.0,1.0,1.0
hf_github_codereview,ab317cab2a54aa78,0.999899685382843,0.9903806149959564,0.019038140773773193,0.9903806149959564,0.9949768781661987,0.999899685382843,0.0,19.4376220703125,19.406054496765137,1,2,1.0,1.0,1.0
hf_github_codereview,34697e338781e955,1.0,1.0,1.0,1.0,1.0,1.0,0.0,19.79332160949707,19.79332160949707,1,1,1.0,1.0,1.0
hf_github_codereview,715c3e266a7dcc2c,1.0,1.0,1.0,1.0,1.0,1.0,0.0,18.331430435180664,18.331430435180664,1,1,1.0,1.0,1.0
hf_github_codereview,8d4255843f723085,0.9314570426940918,0.9314570426940918,0.9314570426940918,0.9314570426940918,0.9314568042755127,0.9314570426940918,0.0,19.185026168823242,19.131364822387695,1,1,1.0,1.0,1.0
hf_github_codereview,ec9545a0b9082a3a,0.9647164344787598,0.9647164344787598,0.9647164344787598,0.9647164344787598,0.9647164344787598,0.9647164344787598,0.0,19.208354949951172,19.639070510864258,1,1,1.0,1.0,1.0
hf_github_codereview,4009c101d8128f7f,0.9833894371986389,0.9833894371986389,0.9833894371986389,0.9833894371986389,0.9833894968032837,0.9833894371986389,0.0,19.275922775268555,19.602371215820312,1,1,1.0,1.0,1.0
hf_github_codereview,a064982c3a493670,0.9838907718658447,0.9838907718658447,0.9838907718658447,0.9838907718658447,0.9838908314704895,0.9838907718658447,0.0,20.00305938720703,19.68033790588379,1,1,1.0,1.0,1.0
hf_github_codereview,7e9eb94e44910421,0.935279369354248,0.935279369354248,0.935279369354248,0.935279369354248,0.9352794289588928,0.935279369354248,0.0,19.025035858154297,18.186296463012695,1,1,1.0,1.0,1.0
hf_github_codereview,ca7f4162633db372,0.9776085019111633,0.9605306684970856,0.03415566682815552,0.9605306684970856,0.975271463394165,0.9776085019111633,0.0,18.553661346435547,18.871439933776855,1,2,1.0,1.0,1.0
hf_github_codereview,96de457d8f15f118,0.9999997615814209,0.9999997615814209,0.9999997615814209,0.9999997615814209,0.9999999403953552,0.9999997615814209,0.0,19.328826904296875,19.328826904296875,1,1,1.0,1.0,1.0
hf_github_codereview,ae5003665de2c46d,0.986222505569458,0.986222505569458,0.986222505569458,0.986222505569458,0.9862225651741028,0.986222505569458,0.0,18.828357696533203,19.337570190429688,1,1,1.0,1.0,1.0
hf_github_codereview,bb085c3fff2e6b79,0.9908623695373535,0.9812215169270834,0.008007168769836426,0.9812215169270834,0.9910763502120972,0.9908623695373535,0.0,19.904735565185547,19.385405858357746,1,3,1.0,1.0,1.0
hf_github_codereview,2d6423608d5eef1e,0.9729166030883789,0.9484236538410187,0.04898589849472046,0.9484236538410187,0.9614032506942749,0.9729166030883789,0.0,19.189199447631836,19.100850105285645,1,2,1.0,1.0,1.0
hf_github_codereview,ecbbb85cf619b49f,0.9721722602844238,0.9600870311260223,0.02417045831680298,0.9600870311260223,0.9669395089149475,0.9721722602844238,0.0,19.02082061767578,19.426634788513184,1,2,1.0,1.0,1.0
hf_github_codereview,a8d7979eaa2667d7,0.9860348701477051,0.9608820676803589,0.05030560493469238,0.9608820676803589,0.9778658151626587,0.9860348701477051,0.0,19.521305084228516,19.078843116760254,1,2,1.0,1.0,1.0
hf_github_codereview,9fe1b0758c1c0fc6,0.9999997019767761,0.9999997019767761,0.9999997019767761,0.9999997019767761,0.9999998807907104,0.9999997019767761,0.0,19.575944900512695,19.575944900512695,1,1,1.0,1.0,1.0
hf_github_codereview,a96b4129d40baed0,0.9976445436477661,0.9976445436477661,0.9976445436477661,0.9976445436477661,0.9976446032524109,0.9976445436477661,0.0,18.994625091552734,19.112672805786133,1,1,1.0,1.0,1.0
hf_github_codereview,864e4c1074d17383,1.0,1.0,1.0,1.0,1.0,1.0,0.0,19.721464157104492,19.721464157104492,1,1,1.0,1.0,1.0
hf_github_codereview,cda5862202f66154,0.9972748756408691,0.9831603169441223,0.028229117393493652,0.9831603169441223,0.9931209087371826,0.9972748756408691,0.0,19.10296630859375,19.066545486450195,1,2,1.0,1.0,1.0
hf_github_codereview,f3f6087c7a13a880,0.9952512979507446,0.9952512979507446,0.9952512979507446,0.9952512979507446,0.9952515363693237,0.9952512979507446,0.0,19.448389053344727,19.59394073486328,1,1,1.0,1.0,1.0
hf_github_codereview,a2a382352528ee7f,0.9999997615814209,0.9999997615814209,0.9999997615814209,0.9999997615814209,0.9999998807907104,0.9999997615814209,0.0,19.341938018798828,19.341938018798828,1,1,1.0,1.0,1.0
hf_github_codereview,62be317489209a58,1.0,0.9652491211891174,0.06950175762176514,0.9652491211891174,0.9824709892272949,1.0,0.0,19.079002380371094,19.51334285736084,1,2,1.0,1.0,1.0
hf_github_codereview,8be94ab3702dc23c,1.0,1.0,1.0,1.0,1.0,1.0,0.0,18.49166488647461,18.49166488647461,1,1,1.0,1.0,1.0
hf_github_codereview,ce346b1b777b11a0,1.0,1.0,1.0,1.0,1.0,1.0,0.0,18.457124710083008,18.457124710083008,1,1,1.0,1.0,1.0
hf_github_codereview,c4fc6e55fd8517a2,0.9961115121841431,0.9883564114570618,0.015510201454162598,0.9883564114570618,0.993937611579895,0.9961115121841431,0.0,19.017032623291016,19.100814819335938,1,2,1.0,1.0,1.0
hf_github_codereview,f74ff0a5d3029dd3,1.0,1.0,1.0,1.0,1.0,1.0,0.0,18.245990753173828,18.245990753173828,1,1,1.0,1.0,1.0
hf_github_codereview,63601f3fe68580ce,0.9801137447357178,0.975530743598938,0.00916600227355957,0.975530743598938,0.9897817969322205,0.9801137447357178,0.0,19.404014587402344,18.77860450744629,1,2,1.0,1.0,1.0
hf_github_codereview,99eaca4d8ebb7f08,1.0,0.986356645822525,0.02728670835494995,0.986356645822525,0.9931548833847046,1.0,0.0,18.952648162841797,18.66524600982666,1,2,1.0,1.0,1.0
hf_github_codereview,58d640efbbd4b101,0.983449399471283,0.9680288732051849,0.030841052532196045,0.9680288732051849,0.9800904989242554,0.983449399471283,0.0,19.170339584350586,18.87207794189453,1,2,1.0,1.0,1.0
hf_github_codereview,5ab42ea18a20b2f4,0.9569946527481079,0.9291024208068848,0.05578446388244629,0.9291024208068848,0.9418949484825134,0.9569946527481079,0.0,18.681060791015625,18.55421733856201,1,2,1.0,1.0,1.0
hf_github_codereview,ccd4cb3a0f0c24fd,0.9541637897491455,0.9428930282592773,0.022541522979736328,0.9428930282592773,0.9533818960189819,0.9541637897491455,0.0,19.332799911499023,18.557196617126465,1,2,1.0,1.0,1.0
hf_github_codereview,dc32abeb372051fb,0.9730454087257385,0.9447368681430817,0.05661708116531372,0.9447368681430817,0.9585585594177246,0.9730454087257385,0.0,19.266647338867188,18.77190589904785,1,2,1.0,1.0,1.0
hf_github_codereview,8f00eb4614b8b994,0.9801938533782959,0.9801938533782959,0.9801938533782959,0.9801938533782959,0.9801938533782959,0.9801938533782959,0.0,18.382978439331055,18.12550163269043,1,1,1.0,1.0,1.0
hf_github_codereview,8227f4d38066addd,0.9597256779670715,0.9597256779670715,0.9597256779670715,0.9597256779670715,0.9597258567810059,0.9597256779670715,0.0,19.145553588867188,18.56190299987793,1,1,1.0,1.0,1.0
hf_github_codereview,7b313240ea4ef97f,0.9623574018478394,0.9433106184005737,0.03809356689453125,0.9433106184005737,0.9583712220191956,0.9623574018478394,0.0,18.999052047729492,18.988317489624023,1,2,1.0,1.0,1.0
hf_github_codereview,c8625daf60d0464a,0.968716561794281,0.968716561794281,0.968716561794281,0.968716561794281,0.968716561794281,0.968716561794281,0.0,19.20362663269043,18.480091094970703,1,1,1.0,1.0,1.0
hf_github_codereview,2fc5c99ace17c4e8,0.9939629435539246,0.9939629435539246,0.9939629435539246,0.9939629435539246,0.9939630031585693,0.9939629435539246,0.0,18.760883331298828,19.01017951965332,1,1,1.0,1.0,1.0
hf_github_codereview,ab82234b4fd83e15,0.9651758670806885,0.9621309041976929,0.006089925765991211,0.9621309041976929,0.9741966128349304,0.9651758670806885,0.0,19.396636962890625,18.589622497558594,1,2,1.0,1.0,1.0
hf_github_codereview,fa10ec3e6606f066,0.9375367164611816,0.9375367164611816,0.9375367164611816,0.9375367164611816,0.9375368356704712,0.9375367164611816,0.0,19.001047134399414,18.269363403320312,1,1,1.0,1.0,1.0
hf_github_codereview,c1c5228089761225,0.9492675065994263,0.9379149079322815,0.02270519733428955,0.9379149079322815,0.9558069705963135,0.9492675065994263,0.0,19.161697387695312,18.331453323364258,1,2,1.0,1.0,1.0
hf_github_codereview,166322ed6cb6e031,0.9713482856750488,0.9632083177566528,0.016279935836791992,0.9632083177566528,0.9719195365905762,0.9713482856750488,0.0,18.853261947631836,19.06533718109131,1,2,1.0,1.0,1.0
hf_github_codereview,42c71ff82ad8b115,0.9205723404884338,0.9169233838717142,0.0018994808197021484,0.914348691701889,0.9169940948486328,0.9205723404884338,0.0,19.413803100585938,17.853782653808594,1,4,1.0,1.0,1.0
hf_github_codereview,d0d9e75342226eed,0.9774379134178162,0.9585142334302267,0.019898176193237305,0.9585142334302267,0.9810746312141418,0.9774379134178162,0.0,19.781383514404297,18.85025469462077,1,3,1.0,1.0,1.0
hf_github_codereview,813f3df0be0e2c05,0.9999998807907104,0.9272663593292236,0.14546704292297363,0.9272663593292236,0.9629467129707336,0.9999998807907104,0.0,19.08255958557129,19.330479621887207,1,2,1.0,1.0,1.0
hf_github_codereview,c36a51224facea7f,0.9869927763938904,0.9835024476051331,0.0069806575775146484,0.9835024476051331,0.9929332733154297,0.9869927763938904,0.0,19.26205825805664,19.139719009399414,1,2,1.0,1.0,1.0
hf_github_codereview,cabd058d5f9d3044,0.9806364178657532,0.9806364178657532,0.9806364178657532,0.9806364178657532,0.9806365966796875,0.9806364178657532,0.0,17.94637107849121,18.451221466064453,1,1,1.0,1.0,1.0
hf_github_codereview,478a27d9ff7a3bf0,0.9825183153152466,0.9786517918109894,0.007733047008514404,0.9786517918109894,0.9889887571334839,0.9825183153152466,0.0,19.20979118347168,18.981977462768555,1,2,1.0,1.0,1.0
hf_github_codereview,9a3f29b2728f5a7a,0.9999997615814209,0.9638194441795349,0.07236063480377197,0.9638194441795349,0.9817431569099426,0.9999997615814209,0.0,18.915241241455078,18.929195404052734,1,2,1.0,1.0,1.0
hf_github_codereview,a637d8b04c748299,0.9842668771743774,0.9697923064231873,0.02894914150238037,0.9697923064231873,0.9912941455841064,0.9842668771743774,0.0,19.402435302734375,19.155531883239746,1,2,1.0,1.0,1.0
hf_github_codereview,480010c2d0662df7,0.9615087509155273,0.9615087509155273,0.9615087509155273,0.9615087509155273,0.9615088701248169,0.9615087509155273,0.0,18.581340789794922,19.335403442382812,1,1,1.0,1.0,1.0
hf_github_codereview,e2bf5e8c056774c8,0.9858601689338684,0.9767325321833292,0.0025475621223449707,0.9767325321833292,0.9890771508216858,0.9858601689338684,0.0,19.27098846435547,19.365704854329426,1,3,1.0,1.0,1.0
hf_github_codereview,601ec6655d2ff301,0.9848507046699524,0.9793669581413269,0.003235757350921631,0.9793669581413269,0.9902647733688354,0.9848507046699524,0.0,19.140182495117188,19.284020741780598,1,3,1.0,1.0,1.0
hf_github_codereview,fe837b500b656a16,0.9358330965042114,0.9358330965042114,0.9358330965042114,0.9358330965042114,0.9358330965042114,0.9358330965042114,0.0,19.413475036621094,18.24472999572754,1,1,1.0,1.0,1.0
hf_github_codereview,8cdddec42494f722,0.9910439848899841,0.9804922938346863,0.021103382110595703,0.9804922938346863,0.9903877973556519,0.9910439848899841,0.0,18.912654876708984,18.92703914642334,1,2,1.0,1.0,1.0
hf_github_codereview,a1a3c2e02a61ec70,0.9975718855857849,0.8871548374493917,0.036292970180511475,0.8871548374493917,0.9453784227371216,0.9975718855857849,0.0,18.77019500732422,18.688345591227215,1,3,1.0,1.0,0.6666666666666666
hf_github_codereview,32a24925311234eb,0.9986000061035156,0.9986000061035156,0.9986000061035156,0.9986000061035156,0.9986000061035156,0.9986000061035156,0.0,18.25973892211914,18.155427932739258,1,1,1.0,1.0,1.0
hf_github_codereview,cdc5529c89c27d19,0.949820876121521,0.9376688003540039,0.02430415153503418,0.9376688003540039,0.943392276763916,0.949820876121521,0.0,18.547773361206055,18.765856742858887,1,2,1.0,1.0,1.0
hf_github_codereview,383896fec54a6153,0.9203343987464905,0.9202452003955841,0.00017839670181274414,0.9202452003955841,0.927190363407135,0.9203343987464905,0.0,17.77778434753418,18.911137580871582,1,2,1.0,1.0,1.0
hf_github_codereview,9ec3059ae9e9843a,1.0,1.0,1.0,1.0,1.0,1.0,0.0,18.3994140625,18.3994140625,1,1,1.0,1.0,1.0
hf_github_codereview,940458beb10c6621,0.9852511882781982,0.9852511882781982,0.9852511882781982,0.9852511882781982,0.9852511882781982,0.9852511882781982,0.0,19.454608917236328,20.12677001953125,1,1,1.0,1.0,1.0
hf_github_codereview,8978d8a36f299ccc,0.9916782379150391,0.9916782379150391,0.9916782379150391,0.9916782379150391,0.9916782379150391,0.9916782379150391,0.0,19.66536521911621,20.12677001953125,1,1,1.0,1.0,1.0
hf_github_codereview,14fe6c503b2f4939,1.0,1.0,1.0,1.0,1.0,1.0,0.0,19.348560333251953,19.348560333251953,1,1,1.0,1.0,1.0
hf_github_codereview,6972dea389e278f4,0.9617078900337219,0.9587171971797943,0.005981385707855225,0.9587171971797943,0.9736430644989014,0.9617078900337219,0.0,19.007179260253906,18.691457748413086,1,2,1.0,1.0,1.0
hf_github_codereview,e3078f7c1046c169,0.9869864583015442,0.9647016525268555,0.04456961154937744,0.9647016525268555,0.9767436981201172,0.9869864583015442,0.0,19.120731353759766,18.721651077270508,1,2,1.0,1.0,1.0
hf_github_codereview,7ba34a1249610362,0.9976699352264404,0.9976699352264404,0.9976699352264404,0.9976699352264404,0.9976701736450195,0.9976699352264404,0.0,19.31732940673828,19.487653732299805,1,1,1.0,1.0,1.0
hf_github_codereview,242918180c162c81,0.9464095830917358,0.9366251826286316,0.019568800926208496,0.9366251826286316,0.9413685202598572,0.9464095830917358,0.0,17.92743492126465,18.610764503479004,1,2,1.0,1.0,1.0
hf_github_codereview,f833588313d463da,0.9999998807907104,0.9864802658557892,0.02703922986984253,0.9864802658557892,0.9932172298431396,0.9999998807907104,0.0,18.54610252380371,18.73886775970459,1,2,1.0,1.0,1.0
hf_github_codereview,42ad28a1319da14a,1.0,0.986480325460434,0.02703934907913208,0.986480325460434,0.9932172298431396,1.0,0.0,18.93163299560547,18.73886775970459,1,2,1.0,1.0,1.0
hf_github_codereview,a55fe224cb852299,0.9955821633338928,0.9746688008308411,0.041826725006103516,0.9746688008308411,0.9901189208030701,0.9955821633338928,0.0,18.97612762451172,19.36161518096924,1,2,1.0,1.0,1.0
hf_github_codereview,ea77d97a7f74e140,0.8891410827636719,0.8891410827636719,0.8891410827636719,0.8891410827636719,0.8891410827636719,0.8891410827636719,0.0,19.42144203186035,17.886703491210938,1,1,1.0,1.0,1.0
hf_github_codereview,3e64eb2d56e7c553,0.9622344374656677,0.9295410215854645,0.0653868317604065,0.9295410215854645,0.9466570019721985,0.9622344374656677,0.0,18.761384963989258,18.964975357055664,1,2,1.0,1.0,1.0
hf_github_codereview,360ef9cba0b93846,0.9741320013999939,0.9741320013999939,0.9741320013999939,0.9741320013999939,0.9741319417953491,0.9741320013999939,0.0,19.222583770751953,19.065258026123047,1,1,1.0,1.0,1.0
hf_github_codereview,044a9a04b3e8d102,0.9766361713409424,0.9648099541664124,0.02365243434906006,0.9648099541664124,0.9760630130767822,0.9766361713409424,0.0,19.16069793701172,18.814577102661133,1,2,1.0,1.0,1.0
hf_github_codereview,3a2a56aa4f67f5bf,0.9512530565261841,0.9512530565261841,0.9512530565261841,0.9512530565261841,0.9512530565261841,0.9512530565261841,0.0,19.53830909729004,18.75176429748535,1,1,1.0,1.0,1.0
hf_github_codereview,35500ff5c3cf39dc,0.9845119118690491,0.9809158742427826,0.007192075252532959,0.9809158742427826,0.9814205169677734,0.9845119118690491,0.0,18.540607452392578,18.677791595458984,1,2,1.0,1.0,1.0
hf_github_codereview,a36f3b1a17558d7f,0.9999998807907104,0.9522656798362732,0.09546840190887451,0.9522656798362732,0.9758411049842834,0.9999998807907104,0.0,18.279905319213867,19.06456756591797,1,2,1.0,1.0,1.0
hf_github_codereview,5a1b969ceec2a89b,0.959283173084259,0.9519103169441223,0.0011253952980041504,0.9519103169441223,0.9608575701713562,0.959283173084259,0.0,18.97933006286621,19.525431315104168,1,3,1.0,1.0,1.0
hf_github_codereview,0564645296a7767d,0.9594544768333435,0.9594544768333435,0.9594544768333435,0.9594544768333435,0.9594544768333435,0.9594544768333435,0.0,19.180944442749023,19.63689613342285,1,1,1.0,1.0,1.0
hf_github_codereview,4c4bb6d4319fa78d,0.9908902645111084,0.9842681884765625,0.006647706031799316,0.9842681884765625,0.9918978810310364,0.9908902645111084,0.0,19.619647979736328,19.096974054972332,1,3,1.0,1.0,1.0
hf_github_codereview,7085e898bb40bd05,0.9999998807907104,0.9999998807907104,0.9999998807907104,0.9999998807907104,0.9999999403953552,0.9999998807907104,0.0,19.346359252929688,19.346359252929688,1,1,1.0,1.0,1.0
hf_github_codereview,0722e295ee5efef5,0.9994262456893921,0.9882281720638275,0.02239614725112915,0.9882281720638275,0.9939393997192383,0.9994262456893921,0.0,20.117780685424805,19.88868522644043,1,2,1.0,1.0,1.0
hf_github_codereview,b4a8536b228cd9e9,1.0,1.0,1.0,1.0,1.0,1.0,0.0,19.68393898010254,19.68393898010254,1,1,1.0,1.0,1.0
hf_github_codereview,188ba78d50af4113,0.9999997615814209,0.9999997615814209,0.9999997615814209,0.9999997615814209,0.9999998211860657,0.9999997615814209,0.0,19.36818504333496,19.36818504333496,1,1,1.0,1.0,1.0
hf_github_codereview,00df6849c11a1516,1.0,0.9224528968334198,0.1550942063331604,0.9224528968334198,0.9604440927505493,1.0,0.0,19.432876586914062,19.623191833496094,1,2,1.0,1.0,1.0
hf_github_codereview,7c118d580391c243,0.9914126396179199,0.9914126396179199,0.9914126396179199,0.9914126396179199,0.9914126396179199,0.9914126396179199,0.0,19.12327003479004,19.045608520507812,1,1,1.0,1.0,1.0
hf_github_codereview,5087a9abab00cf75,0.9984562397003174,0.9984562397003174,0.9984562397003174,0.9984562397003174,0.9984563589096069,0.9984562397003174,0.0,19.39314842224121,19.427875518798828,1,1,1.0,1.0,1.0
hf_github_codereview,7c6e26e2a63c87d5,0.9986663460731506,0.9708535075187683,0.05562567710876465,0.9708535075187683,0.9863286018371582,0.9986663460731506,0.0,18.936931610107422,18.804241180419922,1,2,1.0,1.0,1.0
hf_github_codereview,29a52f2a849e69ab,0.9897813200950623,0.976213663816452,0.02713531255722046,0.976213663816452,0.9854346513748169,0.9897813200950623,0.0,19.722614288330078,19.40951442718506,1,2,1.0,1.0,1.0
hf_github_codereview,cdfd3773103e2964,0.9940847754478455,0.9810426235198975,0.026084303855895996,0.9810426235198975,0.9903091192245483,0.9940847754478455,0.0,19.35931396484375,19.40951442718506,1,2,1.0,1.0,1.0
hf_github_codereview,350155b235056245,0.9878338575363159,0.9614011347293854,0.052865445613861084,0.9614011347293854,0.9749280214309692,0.9878338575363159,0.0,19.51814842224121,19.007948875427246,1,2,1.0,1.0,1.0
hf_github_codereview,bdf948afb48d8fe4,1.0,0.9639417231082916,0.07211655378341675,0.9639417231082916,0.9818053841590881,1.0,0.0,19.080839157104492,18.979341506958008,1,2,1.0,1.0,1.0
hf_github_codereview,0d17ff4ad4c39a68,0.9882745146751404,0.9882745146751404,0.9882745146751404,0.9882745146751404,0.9882745146751404,0.9882745146751404,0.0,19.84803009033203,19.865236282348633,1,1,1.0,1.0,1.0
hf_github_codereview,9d5818af9b273286,1.0,0.9737450182437897,0.052509963512420654,0.9737450182437897,0.9867852330207825,1.0,0.0,19.696882247924805,19.389962196350098,1,2,1.0,1.0,1.0
hf_github_codereview,b2651caf456e27f1,1.0,1.0,1.0,1.0,1.0,1.0,0.0,19.215600967407227,19.215600967407227,1,1,1.0,1.0,1.0
hf_github_codereview,9e2f146ed3d079a2,0.9890989661216736,0.9890989661216736,0.9890989661216736,0.9890989661216736,0.9890989661216736,0.9890989661216736,0.0,19.64491844177246,19.715206146240234,1,1,1.0,1.0,1.0
hf_github_codereview,44a4356bbc605974,0.9513189792633057,0.9377086758613586,0.027220606803894043,0.9377086758613586,0.9460840225219727,0.9513189792633057,0.0,19.36476707458496,19.27213478088379,1,2,1.0,1.0,1.0
hf_github_codereview,1095f4ce2defbced,0.9984222054481506,0.9939057528972626,0.009032905101776123,0.9939057528972626,0.9962228536605835,0.9984222054481506,0.0,20.210956573486328,20.234657287597656,1,2,1.0,1.0,1.0
hf_github_codereview,206b632ef4c601c9,0.9963256120681763,0.9963256120681763,0.9963256120681763,0.9963256120681763,0.9963256120681763,0.9963256120681763,0.0,18.214017868041992,18.25579071044922,1,1,1.0,1.0,1.0
hf_github_codereview,18da411e71e48c91,0.9918919801712036,0.9918919801712036,0.9918919801712036,0.9918919801712036,0.9918920993804932,0.9918919801712036,0.0,19.40350341796875,19.307903289794922,1,1,1.0,1.0,1.0
hf_github_codereview,15362451d4ba4af4,0.9857277274131775,0.9754797518253326,0.020495951175689697,0.9754797518253326,0.9861863851547241,0.9857277274131775,0.0,19.71417236328125,19.088557243347168,1,2,1.0,1.0,1.0
hf_github_codereview,624b8e3674e1b078,0.9470723867416382,0.9470723867416382,0.9470723867416382,0.9470723867416382,0.9470723867416382,0.9470723867416382,0.0,19.789419174194336,18.8242130279541,1,1,1.0,1.0,1.0
hf_github_codereview,c877d98de9f46965,0.9973487257957458,0.9973487257957458,0.9973487257957458,0.9973487257957458,0.9973488450050354,0.9973487257957458,0.0,19.249658584594727,19.36881446838379,1,1,1.0,1.0,1.0
hf_github_codereview,2ff48bb03d829f30,1.0,0.9594488143920898,0.08110237121582031,0.9594488143920898,0.9795146584510803,1.0,0.0,19.493131637573242,19.00027370452881,1,2,1.0,1.0,1.0
hf_github_codereview,b21783470d9f6850,0.9643533825874329,0.9643533825874329,0.9643533825874329,0.9643533825874329,0.9643534421920776,0.9643533825874329,0.0,19.251256942749023,19.246116638183594,1,1,1.0,1.0,1.0
hf_github_codereview,284a5a6f7cc1b991,0.9796385765075684,0.9740937650203705,0.011089622974395752,0.9740937650203705,0.9803088903427124,0.9796385765075684,0.0,19.099092483520508,19.559181213378906,1,2,1.0,1.0,1.0
hf_github_codereview,f73d575f0c4ee3b7,0.9259843826293945,0.9259843826293945,0.9259843826293945,0.9259843826293945,0.9259845018386841,0.9259843826293945,0.0,19.3515567779541,18.675121307373047,1,1,1.0,1.0,1.0
hf_github_codereview,aa48e61803c5875e,0.971549928188324,0.971549928188324,0.971549928188324,0.971549928188324,0.9715498685836792,0.971549928188324,0.0,19.50981330871582,19.611488342285156,1,1,1.0,1.0,1.0
hf_github_codereview,18d7ac5d2d4c9524,0.9837868213653564,0.9345871210098267,0.09839940071105957,0.9345871210098267,0.9557402729988098,0.9837868213653564,0.0,19.855669021606445,19.368623733520508,1,2,1.0,1.0,1.0
hf_github_codereview,296f34b999d69eaa,0.8768486976623535,0.8768486976623535,0.8768486976623535,0.8768486976623535,0.876848578453064,0.8768486976623535,0.0,19.825956344604492,18.604385375976562,1,1,1.0,1.0,1.0
hf_github_codereview,4bb766fc286009d1,0.9908479452133179,0.9647580981254578,0.052179694175720215,0.9647580981254578,0.9768636226654053,0.9908479452133179,0.0,19.16460418701172,19.580679893493652,1,2,1.0,1.0,1.0
hf_github_codereview,c93c027ba0df3436,0.9840284585952759,0.9757508039474487,0.016555309295654297,0.9757508039474487,0.9864304065704346,0.9840284585952759,0.0,19.472042083740234,19.636300086975098,1,2,1.0,1.0,1.0
hf_github_codereview,a9696522c622a414,0.9932039976119995,0.9907357096672058,0.004936575889587402,0.9907357096672058,0.9937387108802795,0.9932039976119995,0.0,19.486000061035156,19.69581413269043,1,2,1.0,1.0,1.0
hf_github_codereview,1956404fb8a2a987,0.9803948402404785,0.9586995840072632,0.043390512466430664,0.9586995840072632,0.9723408222198486,0.9803948402404785,0.0,19.65485954284668,19.147807121276855,1,2,1.0,1.0,1.0
hf_github_codereview,66ad4de641373009,0.9995697736740112,0.9995697736740112,0.9995697736740112,0.9995697736740112,0.9995697736740112,0.9995697736740112,0.0,19.49008560180664,19.500337600708008,1,1,1.0,1.0,1.0
hf_github_codereview,6fccd97f583a7813,0.996157169342041,0.996157169342041,0.996157169342041,0.996157169342041,0.9961569905281067,0.996157169342041,0.0,18.592723846435547,18.883262634277344,1,1,1.0,1.0,1.0
hf_github_codereview,c98229b05fb59649,0.9726983308792114,0.9617403447628021,0.021915972232818604,0.9617403447628021,0.9800211191177368,0.9726983308792114,0.0,19.43367576599121,18.967684745788574,1,2,1.0,1.0,1.0
hf_github_codereview,60d8870bf730e43f,0.9251794219017029,0.9251794219017029,0.9251794219017029,0.9251794219017029,0.9251795411109924,0.9251794219017029,0.0,19.23179817199707,18.974994659423828,1,1,1.0,1.0,1.0
hf_github_codereview,8833849d356df1e2,0.9591363072395325,0.9591363072395325,0.9591363072395325,0.9591363072395325,0.9591360092163086,0.9591363072395325,0.0,19.56768226623535,19.879703521728516,1,1,1.0,1.0,1.0
hf_github_codereview,95a6dfe313c3495f,0.9466919898986816,0.9466919898986816,0.9466919898986816,0.9466919898986816,0.9466919898986816,0.9466919898986816,0.0,19.50680160522461,18.44906997680664,1,1,1.0,1.0,1.0
hf_github_codereview,57d3fbd60978db95,0.9113867878913879,0.9113867878913879,0.9113867878913879,0.9113867878913879,0.9113868474960327,0.9113867878913879,0.0,19.21613121032715,18.60638427734375,1,1,1.0,1.0,1.0
hf_github_codereview,00353fa190c2daeb,0.9088630676269531,0.9088630676269531,0.9088630676269531,0.9088630676269531,0.9088630676269531,0.9088630676269531,0.0,20.324689865112305,18.725324630737305,1,1,1.0,1.0,1.0
hf_github_codereview,07b2bcf860e8c73e,0.9843528866767883,0.9843528866767883,0.9843528866767883,0.9843528866767883,0.9843528866767883,0.9843528866767883,0.0,18.094778060913086,18.79498863220215,1,1,1.0,1.0,1.0
hf_github_codereview,1a7ffe9b80af2b97,0.9869408011436462,0.9869408011436462,0.9869408011436462,0.9869408011436462,0.9869408011436462,0.9869408011436462,0.0,19.365320205688477,19.026248931884766,1,1,1.0,1.0,1.0
hf_github_codereview,280d8ba6eb3b1358,1.0,0.9769188165664673,0.04616236686706543,0.9769188165664673,0.9883920550346375,1.0,0.0,18.82880973815918,18.673673629760742,1,2,1.0,1.0,1.0
hf_github_codereview,7bfcd60b5168b74d,0.9377607107162476,0.9377607107162476,0.9377607107162476,0.9377607107162476,0.9377607107162476,0.9377607107162476,0.0,18.87331771850586,19.202857971191406,1,1,1.0,1.0,1.0
hf_github_codereview,807d11e6e4adb6c5,0.979335606098175,0.979335606098175,0.979335606098175,0.979335606098175,0.979335606098175,0.979335606098175,0.0,19.644792556762695,18.945068359375,1,1,1.0,1.0,1.0
hf_github_codereview,724b15453f8cd7fb,0.9851876497268677,0.9851876497268677,0.9851876497268677,0.9851876497268677,0.9851876497268677,0.9851876497268677,0.0,19.597076416015625,18.945068359375,1,1,1.0,1.0,1.0
hf_github_codereview,17899d5c0538da78,0.9537153244018555,0.9273878335952759,0.05265498161315918,0.9273878335952759,0.9329878687858582,0.9537153244018555,0.0,19.779634475708008,18.86649799346924,1,2,1.0,1.0,1.0
hf_github_codereview,9523c39db86992cc,0.9950157403945923,0.9950157403945923,0.9950157403945923,0.9950157403945923,0.9950159192085266,0.9950157403945923,0.0,19.530555725097656,19.156700134277344,1,1,1.0,1.0,1.0
hf_github_codereview,1c1db6425d37c785,0.9999999403953552,0.9657783905665079,0.03606909513473511,0.9657783905665079,0.9825330972671509,0.9999999403953552,0.0,19.258413314819336,18.901748021443684,1,3,1.0,1.0,1.0
hf_github_codereview,f67b8af3b01a51a1,1.0,1.0,1.0,1.0,1.0,1.0,0.0,18.805715560913086,18.805715560913086,1,1,1.0,1.0,1.0
hf_github_codereview,eb396c52d7dca9bd,0.960167646408081,0.9423581063747406,0.03561908006668091,0.9423581063747406,0.9764876365661621,0.960167646408081,0.0,19.73947525024414,18.195334434509277,1,2,1.0,1.0,1.0
hf_github_codereview,63e940c36b1fc925,0.9883402585983276,0.9883402585983276,0.9883402585983276,0.9883402585983276,0.9883402585983276,0.9883402585983276,0.0,19.429807662963867,18.897037506103516,1,1,1.0,1.0,1.0
hf_github_codereview,05afc5a36961b0a1,0.9439296722412109,0.8484994173049927,0.19086050987243652,0.8484994173049927,0.8784115314483643,0.9439296722412109,0.0,19.35820198059082,18.051719665527344,1,2,1.0,1.0,0.5
hf_github_codereview,2ee31b06919afde0,0.997286856174469,0.997286856174469,0.997286856174469,0.997286856174469,0.9972870349884033,0.997286856174469,0.0,19.42969512939453,19.393293380737305,1,1,1.0,1.0,1.0
hf_github_codereview,7ebb9a74af614d4f,0.9477325677871704,0.9477325677871704,0.9477325677871704,0.9477325677871704,0.9477325677871704,0.9477325677871704,0.0,19.469491958618164,19.182737350463867,1,1,1.0,1.0,1.0
hf_github_codereview,4764c57b8615e002,0.9875866174697876,0.9794339835643768,0.016305267810821533,0.9794339835643768,0.9859762787818909,0.9875866174697876,0.0,19.2354679107666,19.580862998962402,1,2,1.0,1.0,1.0
hf_github_codereview,d7fc91e12ca4a0cd,0.9999998807907104,0.9999998807907104,0.9999998807907104,0.9999998807907104,0.9999998807907104,0.9999998807907104,0.0,19.44306182861328,19.44306182861328,1,1,1.0,1.0,1.0
hf_github_codereview,bd381bc36ab88d4b,0.9944468140602112,0.9761290351549784,0.021794617176055908,0.9761290351549784,0.9909062385559082,0.9944468140602112,0.0,19.288721084594727,19.302399317423504,1,3,1.0,1.0,1.0
hf_github_codereview,831d01ba1a1d28fb,0.9776561260223389,0.9143955409526825,0.12652117013931274,0.9143955409526825,0.9659293293952942,0.9776561260223389,0.0,19.60527801513672,18.48258876800537,1,2,1.0,1.0,1.0
hf_github_codereview,407cdd0c9198e293,0.9859867691993713,0.9859867691993713,0.9859867691993713,0.9859867691993713,0.9859868884086609,0.9859867691993713,0.0,18.90479850769043,19.294452667236328,1,1,1.0,1.0,1.0
hf_github_codereview,f4cf285693497d34,0.9922885894775391,0.9890640377998352,0.006449103355407715,0.9890640377998352,0.9915911555290222,0.9922885894775391,0.0,20.067935943603516,19.805842399597168,1,2,1.0,1.0,1.0
hf_github_codereview,e4f13e0b91a607bf,0.9889288544654846,0.9674907624721527,0.04287618398666382,0.9674907624721527,0.9775188565254211,0.9889288544654846,0.0,19.95218276977539,19.682632446289062,1,2,1.0,1.0,1.0
hf_github_codereview,5d22d80a44067b5f,0.9930368661880493,0.9930368661880493,0.9930368661880493,0.9930368661880493,0.9930368661880493,0.9930368661880493,0.0,19.76152992248535,20.022520065307617,1,1,1.0,1.0,1.0
hf_github_codereview,a3030c0cef5c73b9,1.0,0.9815558195114136,0.03688836097717285,0.9815558195114136,0.9907351136207581,1.0,0.0,19.25204086303711,19.42007350921631,1,2,1.0,1.0,1.0
hf_github_codereview,6d791f1ed9ec6128,0.9702187180519104,0.9702187180519104,0.9702187180519104,0.9702187180519104,0.9702187180519104,0.9702187180519104,0.0,18.795808792114258,19.525720596313477,1,1,1.0,1.0,1.0
hf_github_codereview,36362b7683a3f79e,1.0,0.9878956377506256,0.02420872449874878,0.9878956377506256,0.993929386138916,1.0,0.0,19.41781997680664,19.460237503051758,1,2,1.0,1.0,1.0
hf_github_codereview,04feada636a0d430,0.9943743348121643,0.992577999830246,0.00359266996383667,0.992577999830246,0.9972474575042725,0.9943743348121643,0.0,19.58446502685547,19.52155113220215,1,2,1.0,1.0,1.0
hf_github_codereview,38ac2a3f496ebb36,0.9363383054733276,0.9363383054733276,0.9363383054733276,0.9363383054733276,0.9363383054733276,0.9363383054733276,0.0,19.127151489257812,19.115734100341797,1,1,1.0,1.0,1.0
hf_github_codereview,362a03827a164b0a,0.9547613859176636,0.9547613859176636,0.9547613859176636,0.9547613859176636,0.9547613859176636,0.9547613859176636,0.0,19.42213249206543,19.115734100341797,1,1,1.0,1.0,1.0
hf_github_codereview,aee8f7be4faa8fe5,0.9979907274246216,0.9890065789222717,0.017968297004699707,0.9890065789222717,0.9926592707633972,0.9979907274246216,0.0,19.939208984375,19.577709197998047,1,2,1.0,1.0,1.0
hf_github_codereview,2d249636012d89e6,0.9710042476654053,0.9710042476654053,0.9710042476654053,0.9710042476654053,0.97100430727005,0.9710042476654053,0.0,19.5330810546875,19.513647079467773,1,1,1.0,1.0,1.0
hf_github_codereview,77791e4be1c0baa6,0.9968544244766235,0.9968544244766235,0.9968544244766235,0.9968544244766235,0.9968546628952026,0.9968544244766235,0.0,19.54253578186035,19.513647079467773,1,1,1.0,1.0,1.0
hf_github_codereview,8f99e3b4926834b0,1.0,0.9644217491149902,0.07115650177001953,0.9644217491149902,0.9820497035980225,1.0,0.0,19.54939842224121,19.33162021636963,1,2,1.0,1.0,1.0
hf_github_codereview,64c2b8a465c0fdcb,0.9834556579589844,0.9834556579589844,0.9834556579589844,0.9834556579589844,0.9834556579589844,0.9834556579589844,0.0,18.323108673095703,18.33193588256836,1,1,1.0,1.0,1.0
hf_github_codereview,d246f02272c4237d,0.9932736754417419,0.9932736754417419,0.9932736754417419,0.9932736754417419,0.9932737350463867,0.9932736754417419,0.0,18.46327018737793,18.669973373413086,1,1,1.0,1.0,1.0
hf_github_codereview,537c08c456440cb7,0.991868257522583,0.9741208255290985,0.035494863986968994,0.9741208255290985,0.9875409007072449,0.991868257522583,0.0,18.96763801574707,18.920774459838867,1,2,1.0,1.0,1.0
hf_github_codereview,b9c7b90c690286a0,0.9209350943565369,0.9209350943565369,0.9209350943565369,0.9209350943565369,0.9209350943565369,0.9209350943565369,0.0,19.58305549621582,18.51551628112793,1,1,1.0,1.0,1.0
hf_github_codereview,3a8251032a8e4432,0.8362782597541809,0.8362782597541809,0.8362782597541809,0.8362782597541809,0.8362784385681152,0.8362782597541809,0.0,19.29408836364746,18.371429443359375,1,1,1.0,1.0,1.0
hf_github_codereview,3bf7fcddba1801f2,0.9367825984954834,0.9367825984954834,0.9367825984954834,0.9367825984954834,0.9367828369140625,0.9367825984954834,0.0,19.77635955810547,18.371429443359375,1,1,1.0,1.0,1.0
hf_github_codereview,57eb87357af39350,0.9135408401489258,0.9135408401489258,0.9135408401489258,0.9135408401489258,0.9135409593582153,0.9135408401489258,0.0,19.763076782226562,18.323951721191406,1,1,1.0,1.0,1.0
hf_github_codereview,b556364a328cd4ea,0.9737297892570496,0.9737297892570496,0.9737297892570496,0.9737297892570496,0.9737297892570496,0.9737297892570496,0.0,19.833709716796875,19.40612030029297,1,1,1.0,1.0,1.0
hf_github_codereview,3bdced951131411e,0.9525011777877808,0.9525011777877808,0.9525011777877808,0.9525011777877808,0.9525011777877808,0.9525011777877808,0.0,19.24225425720215,19.34493637084961,1,1,1.0,1.0,1.0
hf_github_codereview,a45733907a12a080,0.9420751333236694,0.9420751333236694,0.9420751333236694,0.9420751333236694,0.9420751333236694,0.9420751333236694,0.0,18.533845901489258,19.70458221435547,1,1,1.0,1.0,1.0
hf_github_codereview,4849553900bb8e3a,0.9680283069610596,0.9680283069610596,0.9680283069610596,0.9680283069610596,0.9680283069610596,0.9680283069610596,0.0,20.15534019470215,19.390151977539062,1,1,1.0,1.0,1.0
hf_github_codereview,ca449711683a9361,0.9987346529960632,0.9899002909660339,0.017668724060058594,0.9899002909660339,0.9944404363632202,0.9987346529960632,0.0,20.10818099975586,19.66702651977539,1,2,1.0,1.0,1.0
hf_github_codereview,c414c7bc3e1373f6,0.9690775275230408,0.9645416438579559,0.009071767330169678,0.9645416438579559,0.9688144326210022,0.9690775275230408,0.0,19.5927734375,19.415433883666992,1,2,1.0,1.0,1.0
hf_github_codereview,4eb6d974e9580715,0.9727334976196289,0.9727334976196289,0.9727334976196289,0.9727334976196289,0.9727335572242737,0.9727334976196289,0.0,20.043216705322266,19.322885513305664,1,1,1.0,1.0,1.0
hf_github_codereview,a98404af5c467f47,0.9909988641738892,0.9909988641738892,0.9909988641738892,0.9909988641738892,0.9909988641738892,0.9909988641738892,0.0,18.77161407470703,18.62310791015625,1,1,1.0,1.0,1.0
hf_github_codereview,7ec06390eb4c92b0,0.9739997982978821,0.969544917345047,0.008909761905670166,0.969544917345047,0.9869487285614014,0.9739997982978821,0.0,18.83863639831543,18.777429580688477,1,2,1.0,1.0,1.0
hf_github_codereview,170d9d40067951be,0.9723724126815796,0.9679428040981293,0.008859217166900635,0.9679428040981293,0.985169529914856,0.9723724126815796,0.0,18.628707885742188,18.817092895507812,1,2,1.0,1.0,1.0
hf_github_codereview,d8fdc934e73adb4c,0.990669310092926,0.9615350067615509,0.058268606662750244,0.9615350067615509,0.9736337661743164,0.990669310092926,0.0,19.71566390991211,18.71238136291504,1,2,1.0,1.0,1.0
hf_github_codereview,b2c2ea86e0cc3e1d,0.960077166557312,0.960077166557312,0.960077166557312,0.960077166557312,0.960077166557312,0.960077166557312,0.0,19.366918563842773,18.91998863220215,1,1,1.0,1.0,1.0
hf_github_codereview,81ed93736388bd57,0.9110190868377686,0.9110190868377686,0.9110190868377686,0.9110190868377686,0.9110192060470581,0.9110190868377686,0.0,18.62212562561035,18.33919334411621,1,1,1.0,1.0,1.0
hf_github_codereview,3989419cb7c99c5c,0.9596869349479675,0.9596869349479675,0.9596869349479675,0.9596869349479675,0.9596869349479675,0.9596869349479675,0.0,19.169248580932617,18.229726791381836,1,1,1.0,1.0,1.0
hf_github_codereview,02c5fb00bbb700e1,0.9258763194084167,0.9258763194084167,0.9258763194084167,0.9258763194084167,0.9258761405944824,0.9258763194084167,0.0,19.662734985351562,17.98138999938965,1,1,1.0,1.0,1.0
hf_github_codereview,9de9fa1ffd63e30a,0.9528772830963135,0.9528772830963135,0.9528772830963135,0.9528772830963135,0.9528772830963135,0.9528772830963135,0.0,18.76067543029785,18.93825340270996,1,1,1.0,1.0,1.0
hf_github_codereview,5d36624e2341bd1b,0.9842950105667114,0.9663279950618744,0.03593403100967407,0.9663279950618744,0.9754277467727661,0.9842950105667114,0.0,19.300403594970703,19.46999454498291,1,2,1.0,1.0,1.0
hf_github_codereview,2121dafbf8049f8f,1.0,0.9750607013702393,0.049878597259521484,0.9750607013702393,0.9874516129493713,1.0,0.0,19.30112648010254,19.594679832458496,1,2,1.0,1.0,1.0
hf_github_codereview,b8b6faf938ba034b,0.9911211729049683,0.9911211729049683,0.9911211729049683,0.9911211729049683,0.9911210536956787,0.9911211729049683,0.0,18.879167556762695,19.059978485107422,1,1,1.0,1.0,1.0
hf_github_codereview,363ebe67720f3c09,0.9902728199958801,0.9728402197360992,0.03486520051956177,0.9728402197360992,0.9853330254554749,0.9902728199958801,0.0,19.191909790039062,19.085501670837402,1,2,1.0,1.0,1.0
hf_github_codereview,2283adcdb8922a92,0.9867033362388611,0.971557080745697,0.030292510986328125,0.971557080745697,0.9806315898895264,0.9867033362388611,0.0,19.294105529785156,19.051243782043457,1,2,1.0,1.0,1.0
hf_github_codereview,61a3d9ccc9639d85,0.9739075899124146,0.8790966272354126,0.1896219253540039,0.8790966272354126,0.9095808863639832,0.9739075899124146,0.0,19.480865478515625,18.17202377319336,1,2,1.0,1.0,0.5
hf_github_codereview,d157fec223f51182,1.0,0.9707191586494446,0.05856168270111084,0.9707191586494446,0.9852507710456848,1.0,0.0,19.70772933959961,19.194382667541504,1,2,1.0,1.0,1.0
hf_github_codereview,05b225b7770193b4,1.0,0.962739497423172,0.074521005153656,0.962739497423172,0.9811928868293762,1.0,0.0,19.377201080322266,19.112571716308594,1,2,1.0,1.0,1.0
hf_github_codereview,6510338cf9e4dade,0.9911627173423767,0.9911627173423767,0.9911627173423767,0.9911627173423767,0.9911627173423767,0.9911627173423767,0.0,19.1195011138916,19.331804275512695,1,1,1.0,1.0,1.0
hf_github_codereview,29f8fb2ea0d31f40,0.9743797779083252,0.9743797779083252,0.9743797779083252,0.9743797779083252,0.9743796586990356,0.9743797779083252,0.0,19.43099021911621,19.521501541137695,1,1,1.0,1.0,1.0
hf_github_codereview,d5a8f0114687188b,0.9959812760353088,0.9959812760353088,0.9959812760353088,0.9959812760353088,0.9959812164306641,0.9959812760353088,0.0,19.346431732177734,19.521501541137695,1,1,1.0,1.0,1.0
hf_github_codereview,4e39ce99b5ec5800,0.9856765270233154,0.9635319709777832,0.04428911209106445,0.9635319709777832,0.9821032285690308,0.9856765270233154,0.0,19.449167251586914,18.576148986816406,1,2,1.0,1.0,1.0
hf_github_codereview,884819a8c34ad92d,0.9513300657272339,0.9504098296165466,0.0018404722213745117,0.9504098296165466,0.9556862115859985,0.9513300657272339,0.0,20.066383361816406,19.172969818115234,1,2,1.0,1.0,1.0
hf_github_codereview,111c71dc6a2356f0,0.9591963291168213,0.9388081431388855,0.04077637195587158,0.9388081431388855,0.9503323435783386,0.9591963291168213,0.0,19.854015350341797,19.096898078918457,1,2,1.0,1.0,1.0
hf_github_codereview,b95086ea4efaf63d,0.9228619337081909,0.9228619337081909,0.9228619337081909,0.9228619337081909,0.9228619337081909,0.9228619337081909,0.0,18.917760848999023,19.70408821105957,1,1,1.0,1.0,1.0
hf_github_codereview,a021b89735818f34,0.9692107439041138,0.9610089659690857,0.016403555870056152,0.9610089659690857,0.9732482433319092,0.9692107439041138,0.0,19.24260711669922,19.805461883544922,1,2,1.0,1.0,1.0
hf_github_codereview,5af707f0016e27c3,0.8814256191253662,0.8741321861743927,0.014586865901947021,0.8741321861743927,0.8769574165344238,0.8814256191253662,0.0,19.188657760620117,17.9418363571167,1,2,1.0,1.0,1.0
hf_github_codereview,ece65fb7440177d9,0.8950666189193726,0.8950666189193726,0.8950666189193726,0.8950666189193726,0.8950666189193726,0.8950666189193726,0.0,19.3839111328125,17.914731979370117,1,1,1.0,1.0,1.0
hf_github_codereview,1d07d73fa50c9abb,0.9618873596191406,0.9618873596191406,0.9618873596191406,0.9618873596191406,0.9618873596191406,0.9618873596191406,0.0,19.783973693847656,19.25115203857422,1,1,1.0,1.0,1.0
hf_github_codereview,68c942f2b9e0376f,0.980611264705658,0.9646697342395782,0.031883060932159424,0.9646697342395782,0.9767169952392578,0.980611264705658,0.0,19.564899444580078,19.494622230529785,1,2,1.0,1.0,1.0
hf_github_codereview,9025f2d3d69ce108,0.9169355630874634,0.9169355630874634,0.9169355630874634,0.9169355630874634,0.9169356822967529,0.9169355630874634,0.0,18.995250701904297,17.767929077148438,1,1,1.0,1.0,1.0
hf_github_codereview,da8e58106304402d,0.8460404872894287,0.8460404872894287,0.8460404872894287,0.8460404872894287,0.8460404872894287,0.8460404872894287,0.0,17.669384002685547,17.9305477142334,1,1,1.0,1.0,1.0
hf_github_codereview,e1d2c2dbb0a0c7de,0.9152485728263855,0.9152485728263855,0.9152485728263855,0.9152485728263855,0.9152485728263855,0.9152485728263855,0.0,18.71567153930664,17.99856185913086,1,1,1.0,1.0,1.0
hf_github_codereview,c5feda869989d122,0.9997422695159912,0.9997422695159912,0.9997422695159912,0.9997422695159912,0.999742329120636,0.9997422695159912,0.0,19.353424072265625,19.32923126220703,1,1,1.0,1.0,1.0
hf_github_codereview,6bb16d46ca9b7273,0.9994891285896301,0.9994891285896301,0.9994891285896301,0.9994891285896301,0.9994893074035645,0.9994891285896301,0.0,19.060211181640625,18.974668502807617,1,1,1.0,1.0,1.0
hf_github_codereview,e8c45a6ef6713a67,0.9610487222671509,0.9610487222671509,0.9610487222671509,0.9610487222671509,0.9610488414764404,0.9610487222671509,0.0,18.800630569458008,19.78496551513672,1,1,1.0,1.0,1.0
hf_github_codereview,b58cab06635abefa,0.8050875663757324,0.8050875663757324,0.8050875663757324,0.8050875663757324,0.8050875663757324,0.8050875663757324,0.0,18.564525604248047,19.23762321472168,1,1,1.0,1.0,1.0
hf_github_codereview,d2665824e7730ed6,0.8970476388931274,0.8970476388931274,0.8970476388931274,0.8970476388931274,0.8970476388931274,0.8970476388931274,0.0,18.14150047302246,19.23762321472168,1,1,1.0,1.0,1.0
hf_github_codereview,1daa526ac8b85f58,0.9373582005500793,0.9373582005500793,0.9373582005500793,0.9373582005500793,0.9373582005500793,0.9373582005500793,0.0,19.76787757873535,18.58671760559082,1,1,1.0,1.0,1.0
hf_github_codereview,be867a6c70218a36,0.8806393146514893,0.8806393146514893,0.8806393146514893,0.8806393146514893,0.8806391954421997,0.8806393146514893,0.0,18.734180450439453,17.936256408691406,1,1,1.0,1.0,1.0
hf_github_codereview,c43b8bfdc9351dbd,0.9198075532913208,0.9198075532913208,0.9198075532913208,0.9198075532913208,0.9198076725006104,0.9198075532913208,0.0,18.83798599243164,18.358901977539062,1,1,1.0,1.0,1.0
hf_github_codereview,ccd7ee7a7344b0bf,0.9005666971206665,0.9005666971206665,0.9005666971206665,0.9005666971206665,0.9005666971206665,0.9005666971206665,0.0,19.777280807495117,17.899057388305664,1,1,1.0,1.0,1.0
hf_github_codereview,42631f3909c2a8c8,0.8697842359542847,0.8697842359542847,0.8697842359542847,0.8697842359542847,0.8697842359542847,0.8697842359542847,0.0,18.89079475402832,18.120603561401367,1,1,1.0,1.0,1.0
hf_github_codereview,154eb7ff323a8660,0.8381674885749817,0.8381674885749817,0.8381674885749817,0.8381674885749817,0.8381675481796265,0.8381674885749817,0.0,19.376720428466797,18.37174415588379,1,1,1.0,1.0,1.0
hf_github_codereview,6a3530844ca1cfb4,0.9999998807907104,0.9999998807907104,0.9999998807907104,0.9999998807907104,0.9999999403953552,0.9999998807907104,0.0,19.41924476623535,19.41924476623535,1,1,1.0,1.0,1.0
hf_github_codereview,5e5c0b62823cd423,0.9701814651489258,0.967954158782959,0.004454612731933594,0.967954158782959,0.9825620055198669,0.9701814651489258,0.0,18.687110900878906,18.93065643310547,1,2,1.0,1.0,1.0
hf_github_codereview,da03e2d9d04c26a4,0.9571362137794495,0.9571362137794495,0.9571362137794495,0.9571362137794495,0.9571362137794495,0.9571362137794495,0.0,18.651351928710938,19.11644744873047,1,1,1.0,1.0,1.0
hf_github_codereview,50204d2451a85cdc,1.0,0.9733529686927795,0.05329406261444092,0.9733529686927795,0.9865865707397461,1.0,0.0,18.348867416381836,18.355055809020996,1,2,1.0,1.0,1.0
hf_github_codereview,be34c649ebe0e74a,0.9814971685409546,0.9814971685409546,0.9814971685409546,0.9814971685409546,0.9814971685409546,0.9814971685409546,0.0,17.605871200561523,17.73431968688965,1,1,1.0,1.0,1.0
hf_github_codereview,3dcd358548d835c6,0.9780123233795166,0.9780123233795166,0.9780123233795166,0.9780123233795166,0.9780124425888062,0.9780123233795166,0.0,18.31232452392578,17.777652740478516,1,1,1.0,1.0,1.0
hf_github_codereview,27081267127a0310,0.990243673324585,0.9872007966041565,0.006085753440856934,0.9872007966041565,0.9891720414161682,0.990243673324585,0.0,18.863861083984375,18.579598426818848,1,2,1.0,1.0,1.0
hf_github_codereview,b03f3ad542544476,0.9858256578445435,0.9731632769107819,0.025324761867523193,0.9731632769107819,0.9772438406944275,0.9858256578445435,0.0,19.247282028198242,18.38882541656494,1,2,1.0,1.0,1.0
hf_github_codereview,92ab0ab91e78b0c5,0.9999998807907104,0.9627470374107361,0.07450568675994873,0.9627470374107361,0.9811968207359314,0.9999998807907104,0.0,18.15837860107422,18.18500328063965,1,2,1.0,1.0,1.0
hf_github_codereview,43f5d49f8a78bf3f,1.0,0.9825311899185181,0.03493762016296387,0.9825311899185181,0.9912271499633789,1.0,0.0,18.874059677124023,19.229376792907715,1,2,1.0,1.0,1.0
hf_github_codereview,39b16b0294eb5950,0.9781752824783325,0.9717319011688232,0.012886762619018555,0.9717319011688232,0.9773156642913818,0.9781752824783325,0.0,19.23238182067871,18.951255798339844,1,2,1.0,1.0,1.0
hf_github_codereview,598d35fa4728ff23,0.9242448210716248,0.9242448210716248,0.9242448210716248,0.9242448210716248,0.9242448806762695,0.9242448210716248,0.0,17.899797439575195,18.42667579650879,1,1,1.0,1.0,1.0
hf_github_codereview,ae969ae0dc15f5c0,0.9972975254058838,0.9901055693626404,0.014383912086486816,0.9901055693626404,0.9936073422431946,0.9972975254058838,0.0,19.416839599609375,19.234882354736328,1,2,1.0,1.0,1.0
hf_github_codereview,64ae6f598147f251,0.9796638488769531,0.9718216061592102,0.01568448543548584,0.9718216061592102,0.9752587080001831,0.9796638488769531,0.0,18.953821182250977,19.234882354736328,1,2,1.0,1.0,1.0
hf_github_codereview,ed45c9a70b4acb58,0.9806959629058838,0.9726851582527161,0.01602160930633545,0.9726851582527161,0.9761252403259277,0.9806959629058838,0.0,18.961780548095703,19.234882354736328,1,2,1.0,1.0,1.0
hf_github_codereview,bef6d22865ebd0d7,0.9789426922798157,0.9707863628864288,0.01631265878677368,0.9707863628864288,0.974219799041748,0.9789426922798157,0.0,18.97788429260254,19.234882354736328,1,2,1.0,1.0,1.0
hf_github_codereview,d470808fe25e4a25,1.0,0.9695683717727661,0.06086325645446777,0.9695683717727661,0.984666645526886,1.0,0.0,18.950359344482422,18.818950653076172,1,2,1.0,1.0,1.0
hf_github_codereview,fc444c38b967a8dd,0.9990529417991638,0.9541274011135101,0.08985108137130737,0.9541274011135101,0.9759587645530701,0.9990529417991638,0.0,19.050962448120117,19.5495548248291,1,2,1.0,1.0,1.0
hf_github_codereview,fbe504bd15d81eb7,0.9999998211860657,0.9856826961040497,0.028634250164031982,0.9856826961040497,0.9928156733512878,0.9999998211860657,0.0,19.292997360229492,19.1719331741333,1,2,1.0,1.0,1.0
hf_github_codereview,6667756c1b5796e6,1.0,1.0,1.0,1.0,1.0,1.0,0.0,18.514097213745117,18.514097213745117,1,1,1.0,1.0,1.0
hf_github_codereview,b94cbcf65da340c8,0.9999998807907104,0.9999998807907104,0.9999998807907104,0.9999998807907104,1.0,0.9999998807907104,0.0,18.31075096130371,18.31075096130371,1,1,1.0,1.0,1.0
hf_github_codereview,59889f994de78d02,0.9003616571426392,0.9003616571426392,0.9003616571426392,0.9003616571426392,0.9003617167472839,0.9003616571426392,0.0,18.99957847595215,17.94333839416504,1,1,1.0,1.0,1.0
hf_github_codereview,039b9c806ca6a720,0.9695420265197754,0.967727541923523,0.003628969192504883,0.967727541923523,0.9843974113464355,0.9695420265197754,0.0,18.6917724609375,19.120969772338867,1,2,1.0,1.0,1.0
hf_github_codereview,afb64e96e6e116cd,0.9560070633888245,0.9371178348859152,0.02693277597427368,0.9371178348859152,0.9726683497428894,0.9560070633888245,0.0,19.33453941345215,18.851586659749348,1,3,1.0,1.0,1.0
hf_github_codereview,3dd1fdb6c2f4f762,0.9768924117088318,0.9409001270929972,0.04802811145782471,0.9409001270929972,0.9581131339073181,0.9768924117088318,0.0,19.13250732421875,18.26433817545573,1,3,1.0,1.0,1.0
hf_github_codereview,3a9c47755c981241,0.9268089532852173,0.920658677816391,0.012300550937652588,0.920658677816391,0.939107358455658,0.9268089532852173,0.0,18.366174697875977,18.501792907714844,1,2,1.0,1.0,1.0
hf_github_codereview,a65097a5115caeba,0.9419325590133667,0.9419325590133667,0.9419325590133667,0.9419325590133667,0.9419325590133667,0.9419325590133667,0.0,19.430679321289062,18.075143814086914,1,1,1.0,1.0,1.0
hf_github_codereview,3e40d8207eb1c0aa,0.8807777166366577,0.8807777166366577,0.8807777166366577,0.8807777166366577,0.8807777166366577,0.8807777166366577,0.0,19.098682403564453,17.911945343017578,1,1,1.0,1.0,1.0
hf_github_codereview,8b845afd6f1b2986,0.9415454864501953,0.9415454864501953,0.9415454864501953,0.9415454864501953,0.9415454864501953,0.9415454864501953,0.0,18.184724807739258,18.545589447021484,1,1,1.0,1.0,1.0
hf_github_codereview,e682a769b46acc2e,0.8485850095748901,0.8189131418863932,0.014311909675598145,0.8189131418863932,0.8381621837615967,0.8485850095748901,0.0,18.55558204650879,18.287824630737305,1,3,1.0,1.0,0.6666666666666666
