dataset_source,example_id,emb_unixcoder_best_cosine,emb_unixcoder_mean_top3_cosine,emb_unixcoder_best_second_margin,emb_unixcoder_candidate_mean_cosine,emb_unixcoder_landed_centroid_cosine,emb_unixcoder_same_file_best_cosine,emb_unixcoder_cross_file_best_cosine,emb_unixcoder_suggestion_raw_norm,emb_unixcoder_candidate_raw_norm,emb_unixcoder_suggestion_chunk_count,emb_unixcoder_candidate_chunk_count,emb_unixcoder_fraction_above_60,emb_unixcoder_fraction_above_70,emb_unixcoder_fraction_above_80
internal,cd2b0042572e07b5,0.4835166335105896,0.3856327136357625,0.06860503554344177,0.30975124835968015,0.4400419294834137,0.4149115979671478,0.4835166335105896,37.08249282836914,35.605233383178714,1,5,0.0,0.0,0.0
internal,d194cf145826059c,0.20049981772899628,0.16388866305351257,0.04654315114021301,0.12009827451159556,0.1822342574596405,0.0,0.20049981772899628,37.06978988647461,32.91535520553589,1,12,0.0,0.0,0.0
internal,dc9e6a6b54b060f0,0.20049981772899628,0.16388866305351257,0.04654315114021301,0.12009827451159556,0.1822342574596405,0.0,0.20049981772899628,37.06978988647461,32.91535520553589,1,12,0.0,0.0,0.0
internal,cc66db418d255fc8,0.12430919706821442,0.10505583882331848,0.021809756755828857,0.04399902047589421,0.0681162029504776,0.0,0.12430919706821442,30.111736297607422,33.81252384185791,1,12,0.0,0.0,0.0
internal,403e90a4c2db4136,0.8354597091674805,0.35277972370386124,0.7119780704379082,0.109250260827442,0.17263619601726532,0.8354597091674805,0.09939782321453094,29.1634578704834,31.96430015563965,1,12,0.08333333333333333,0.08333333333333333,0.08333333333333333
internal,742ac3b0bb8297a0,0.11317023634910583,0.10560852040847142,0.009451784193515778,0.06388303870335221,0.09693458676338196,0.0,0.11317023634910583,41.81507110595703,32.91535520553589,1,12,0.0,0.0,0.0
internal,1b748b260d77cd78,0.11317023634910583,0.10560852040847142,0.009451784193515778,0.06388303870335221,0.09693458676338196,0.0,0.11317023634910583,41.81507110595703,32.91535520553589,1,12,0.0,0.0,0.0
internal,967cd6a03e5b5d19,0.1390179842710495,0.1201409250497818,0.02243208885192871,0.05860276139962176,0.09072469174861908,0.0,0.1390179842710495,30.224504470825195,33.81252384185791,1,12,0.0,0.0,0.0
internal,8f62a0b99cc9c89c,0.1324881613254547,0.12405977149804433,0.010855123400688171,0.08145565399900079,0.1235988438129425,0.0,0.1324881613254547,41.96525573730469,32.91535520553589,1,12,0.0,0.0,0.0
internal,23d104a53d5fc5c4,0.17885318398475647,0.16111757357915243,0.011267989873886108,0.07614628194520871,0.11554253101348877,0.0,0.17885318398475647,42.82701873779297,32.91535520553589,1,12,0.0,0.0,0.0
internal,de92cd9447f2fa47,0.20377348363399506,0.1611135353644689,0.04736931622028351,0.0826488120170931,0.12795110046863556,0.0,0.20377348363399506,45.69807052612305,33.81252384185791,1,12,0.0,0.0,0.0
internal,d3ab1e351262273a,0.2592358887195587,0.20242875814437866,0.08122538030147552,0.14038655580952764,0.21733660995960236,0.0,0.2592358887195587,37.91499710083008,33.81252384185791,1,12,0.0,0.0,0.0
internal,757368422f2749b4,0.12430919706821442,0.10505583882331848,0.021809756755828857,0.04399902047589421,0.0681162029504776,0.0,0.12430919706821442,30.111736297607422,33.81252384185791,1,12,0.0,0.0,0.0
internal,b658067ad0731da8,0.12430919706821442,0.10505583882331848,0.021809756755828857,0.04399902047589421,0.0681162029504776,0.0,0.12430919706821442,30.111736297607422,33.81252384185791,1,12,0.0,0.0,0.0
internal,3061ff62b29be147,0.12430919706821442,0.10505583882331848,0.021809756755828857,0.04399902047589421,0.0681162029504776,0.0,0.12430919706821442,30.111736297607422,33.81252384185791,1,12,0.0,0.0,0.0
internal,1126cd2fb10d2a29,0.12430919706821442,0.10505583882331848,0.021809756755828857,0.04399902047589421,0.0681162029504776,0.0,0.12430919706821442,30.111736297607422,33.81252384185791,1,12,0.0,0.0,0.0
internal,6cef07e270f1244a,0.12430919706821442,0.10505583882331848,0.021809756755828857,0.04399902047589421,0.0681162029504776,0.0,0.12430919706821442,30.111736297607422,33.81252384185791,1,12,0.0,0.0,0.0
internal,2ab762dd314235a2,0.12430919706821442,0.10505583882331848,0.021809756755828857,0.04399902047589421,0.0681162029504776,0.0,0.12430919706821442,30.111736297607422,33.81252384185791,1,12,0.0,0.0,0.0
internal,cd2d016f7c7b8481,0.1659570336341858,0.14669005076090494,0.005167216062545776,0.09983253385871649,0.1514834761619568,0.0,0.1659570336341858,42.92668151855469,32.91535520553589,1,12,0.0,0.0,0.0
internal,3ee9858f05443f9f,0.14960984885692596,0.11510175466537476,0.0485796183347702,0.08016457905371983,0.12410517781972885,0.0,0.14960984885692596,36.672569274902344,33.81252384185791,1,12,0.0,0.0,0.0
internal,2b161a20579548f7,0.4523276090621948,0.39615605274836224,0.016704559326171875,0.24336610361933708,0.336059033870697,0.0,0.4523276090621948,46.77488708496094,28.228954315185547,1,18,0.0,0.0,0.0
internal,a27e9597f4a9fe69,0.728399395942688,0.5119462211926779,0.31538867950439453,0.37331297331386143,0.5315579771995544,0.728399395942688,0.41301071643829346,33.17519760131836,33.50834401448568,1,9,0.1111111111111111,0.1111111111111111,0.0
internal,3955503109943ea3,0.8419182300567627,0.5539024869600931,0.39495420455932617,0.29951933305710554,0.4174743890762329,0.8419182300567627,0.4469640254974365,45.82646560668945,28.097002625465393,1,16,0.0625,0.0625,0.0625
internal,80b221891ca9140c,0.8136095404624939,0.5756906668345133,0.35551202297210693,0.39602114260196686,0.5853762030601501,0.8136095404624939,0.45809751749038696,39.265689849853516,32.85965156555176,1,10,0.1,0.1,0.1
internal,fa9f06c7275bcf3e,0.07063619047403336,0.060210466384887695,0.0064613670110702515,0.013097306813246437,0.01800500601530075,0.04146599769592285,0.07063619047403336,20.50194549560547,28.8159886768886,1,14,0.0,0.0,0.0
internal,71c68b9dedea6319,0.37954890727996826,0.35729782780011493,0.021247535943984985,0.25016834640077185,0.3417564034461975,0.37954890727996826,0.3583013713359833,21.971027374267578,29.209906033107213,1,14,0.0,0.0,0.0
internal,d3cd82df9aa5e25c,0.4396466016769409,0.4030228555202484,0.004050880670547485,0.2568144223519734,0.34908849000930786,0.43559572100639343,0.4396466016769409,28.057321548461914,28.7783842086792,1,14,0.0,0.0,0.0
internal,e5106bffc71fe0ef,0.18404607474803925,0.16899341841538748,0.006576061248779297,0.12050430145528582,0.1840514838695526,0.18404607474803925,0.0,37.38205337524414,38.522108501858185,1,9,0.0,0.0,0.0
internal,c43a1546a8e17df4,0.8435890674591064,0.6237620611985525,0.28763139247894287,0.4388683790510351,0.6198590397834778,0.8435890674591064,0.4533084034919739,46.87002182006836,34.01094193892045,1,11,0.09090909090909091,0.09090909090909091,0.09090909090909091
internal,11c4648428c0c386,0.6643969416618347,0.6092081864674886,0.04920166730880737,0.4931307401922014,0.6298736929893494,0.6151952743530273,0.6643969416618347,47.00639343261719,34.346570332845054,1,9,0.2222222222222222,0.0,0.0
internal,4b99d7c39346d96f,0.29344362020492554,0.20688762764135996,0.11986245214939117,0.1379226338532236,0.1847689300775528,0.15363809466362,0.29344362020492554,33.69417953491211,35.23829142252604,1,9,0.0,0.0,0.0
internal,3c0ae1370098fbfe,0.19880656898021698,0.18240528305371603,0.024367347359657288,0.09083780104463751,0.12324099987745285,0.0,0.19880656898021698,30.79772186279297,30.223481264981356,1,11,0.0,0.0,0.0
internal,71c4b1f498409b89,0.23391667008399963,0.22607354819774628,0.006527021527290344,0.12289399132132531,0.1731886863708496,0.0,0.23391667008399963,26.756860733032227,35.21593189239502,1,10,0.0,0.0,0.0
internal,95ffed536433a4d6,0.5027734041213989,0.33928866187731427,0.18095234036445618,0.17492547461932356,0.25529056787490845,0.5027734041213989,0.32182106375694275,33.571685791015625,30.007735859264027,1,11,0.0,0.0,0.0
internal,77efe46a00c47062,0.8969848155975342,0.5169143577416738,0.5472990572452545,0.22340927124023438,0.30274319648742676,0.8969848155975342,0.22963178157806396,30.749988555908203,28.187747065226237,1,15,0.06666666666666667,0.06666666666666667,0.06666666666666667
internal,42a10ece27f320b2,0.8969848155975342,0.5169143577416738,0.5472990572452545,0.22340927124023438,0.30274319648742676,0.8969848155975342,0.22963178157806396,30.749988555908203,28.187747065226237,1,15,0.06666666666666667,0.06666666666666667,0.06666666666666667
internal,7b33bafebbe400aa,0.8091917634010315,0.6272414922714233,0.2664557695388794,0.4708196222782135,0.6087191700935364,0.8091917634010315,0.5297967195510864,40.31565856933594,28.21384442647298,1,15,0.06666666666666667,0.06666666666666667,0.06666666666666667
internal,34017602ebc8d985,0.5950729846954346,0.48876585563023883,0.15204894542694092,0.39212395002444583,0.5443781614303589,0.5950729846954346,0.44302403926849365,32.546058654785156,31.45908244450887,1,12,0.0,0.0,0.0
internal,50925e1bb1e94cf5,0.32430556416511536,0.295990655819575,0.028831511735916138,0.18895822763442993,0.23166967928409576,0.2427564114332199,0.32430556416511536,42.23345184326172,24.445119010077583,1,27,0.0,0.0,0.0
internal,cf60be638884c2cf,0.30198973417282104,0.2983994483947754,0.003793776035308838,0.1833344282651389,0.22477465867996216,0.2981959581375122,0.30198973417282104,40.111473083496094,24.445119010077583,1,27,0.0,0.0,0.0
internal,d65726bbc88e2f0a,0.3093944191932678,0.30508244037628174,0.0046073198318481445,0.18256505330403647,0.2238313853740692,0.3047870993614197,0.3093944191932678,46.62431716918945,24.445119010077583,1,27,0.0,0.0,0.0
internal,2c2e98d2d28c9994,0.29623210430145264,0.2802867591381073,0.009566724300384521,0.13546864315867424,0.1660894751548767,0.29623210430145264,0.23996472358703613,49.90608215332031,24.445119010077583,1,27,0.0,0.0,0.0
internal,d9d8ac55ea3efbbf,0.4110504984855652,0.3325609564781189,0.09691154956817627,0.1879540036122004,0.2304384559392929,0.4110504984855652,0.3141389489173889,44.107887268066406,24.445119010077583,1,27,0.0,0.0,0.0
internal,cd99a4ccd6f41d2a,0.46378448605537415,0.45977047085762024,0.0003135502338409424,0.23792969959322363,0.31295520067214966,0.45205599069595337,0.46378448605537415,42.250797271728516,25.822258710861206,1,32,0.0,0.0,0.0
internal,99ecc72f2785261f,0.4607650637626648,0.3693801561991374,0.12832742929458618,0.23035252218445143,0.34093549847602844,0.4607650637626648,0.2274663746356964,44.9861946105957,33.734520276387535,1,12,0.0,0.0,0.0
internal,5d96cdeffe1a29d1,0.8088765144348145,0.6696891585985819,0.2057611346244812,0.5142892301082611,0.6482639908790588,0.8088765144348145,0.6031153798103333,33.709800720214844,27.83091926574707,1,16,0.125,0.0625,0.0625
internal,9ea6a9fa60f9d398,0.4321851134300232,0.3843161066373189,0.04861512780189514,0.2700668465760019,0.375903844833374,0.4321851134300232,0.38356998562812805,34.093841552734375,33.82935778299967,1,9,0.0,0.0,0.0
internal,e1770a1b33da3051,0.6006685495376587,0.4685862064361572,0.14069342613220215,0.25986528855103713,0.36213263869285583,0.6006685495376587,0.34511494636535645,43.520503997802734,31.54924040574294,1,13,0.07692307692307693,0.0,0.0
internal,f0b241261497d617,0.5520801544189453,0.4245848059654236,0.14326071739196777,0.24269339356284875,0.33820295333862305,0.5520801544189453,0.3128548264503479,42.10405349731445,31.54924040574294,1,13,0.0,0.0,0.0
internal,022aa699240596da,0.5578752160072327,0.5282777945200602,0.03174513578414917,0.38967842360337573,0.5634061098098755,0.5578752160072327,0.45797091722488403,41.38642883300781,34.1325748761495,1,12,0.0,0.0,0.0
internal,3372495653d6e5de,0.4290390610694885,0.4042691687742869,0.034106701612472534,0.3229712372024854,0.45531609654426575,0.31027752161026,0.4290390610694885,48.01781463623047,32.010722955067955,1,12,0.0,0.0,0.0
internal,0a68efb97a28641c,0.8420329689979553,0.35794591903686523,0.7147636413574219,0.14997862031062445,0.23973919451236725,0.8420329689979553,0.10453546047210693,29.628843307495117,35.261226654052734,1,9,0.1111111111111111,0.1111111111111111,0.1111111111111111
internal,031ecec4ad5d2de9,0.3970741629600525,0.3474808136622111,0.062493741512298584,0.2733482286334038,0.4362148940563202,0.3107878565788269,0.3970741629600525,30.65418815612793,34.361785888671875,1,10,0.0,0.0,0.0
internal,99e6218b82e01624,0.42861998081207275,0.4093925853570302,0.02361541986465454,0.32673556873431575,0.4681095778942108,0.35942506790161133,0.42861998081207275,30.451650619506836,31.61840086716872,1,13,0.0,0.0,0.0
internal,1fdc72a79ebc0277,0.7421011924743652,0.7082590262095133,0.021003544330596924,0.5566760484988873,0.7530924081802368,0.7210976481437683,0.7421011924743652,41.4977912902832,32.00668188241812,1,13,0.3076923076923077,0.15384615384615385,0.0
internal,1153816b5ef57bae,0.5384304523468018,0.41347773869832355,0.1250118613243103,0.22554898032775292,0.30734896659851074,0.5384304523468018,0.2885841727256775,36.30702590942383,31.81021000788762,1,13,0.0,0.0,0.0
internal,1c37b2cda0db2d87,0.6593257784843445,0.46078817049662274,0.28487128019332886,0.2709948397599734,0.37342095375061035,0.6593257784843445,0.2850988209247589,46.029273986816406,31.85310510488657,1,13,0.07692307692307693,0.0,0.0
internal,f184196a1a2ab26a,0.9350877404212952,0.4604864915211995,0.6949594914913177,0.2202697086792726,0.3036661148071289,0.9350877404212952,0.24012824892997742,36.92887878417969,31.770951197697567,1,13,0.07692307692307693,0.07692307692307693,0.07692307692307693
internal,4c24eaad10a3d1c9,0.9792435169219971,0.45138150453567505,0.7845710217952728,0.19114961030964667,0.24613900482654572,0.9792435169219971,0.19467249512672424,37.82356643676758,29.882284311147835,1,13,0.07692307692307693,0.07692307692307693,0.07692307692307693
internal,c383da4792fe1222,0.9308188557624817,0.4190746247768402,0.73638054728508,0.20786887872964144,0.31233757734298706,0.9308188557624817,0.0,35.1150016784668,36.701674699783325,1,8,0.125,0.125,0.125
internal,92deeeb3c6e1cbba,0.9308188557624817,0.4190746247768402,0.73638054728508,0.20786887872964144,0.31233757734298706,0.9308188557624817,0.0,35.1150016784668,36.701674699783325,1,8,0.125,0.125,0.125
internal,5541c01c69ff7bc2,0.7397208213806152,0.5262068609396616,0.26923513412475586,0.32237988033077936,0.4233204126358032,0.7397208213806152,0.3684140741825104,38.8856315612793,33.123367136174984,1,11,0.09090909090909091,0.09090909090909091,0.0
internal,5a7d126918013fd8,0.7546179294586182,0.5786431928475698,0.2570632994174957,0.3797725439071655,0.5046189427375793,0.7546179294586182,0.29971766471862793,31.285324096679688,33.32703838348389,1,10,0.1,0.1,0.0
internal,e132b69170c1e4a4,0.5626859068870544,0.5334097345670065,0.028918087482452393,0.44050705432891846,0.5741031765937805,0.5626859068870544,0.533767819404602,32.75320053100586,29.679675632052952,1,9,0.0,0.0,0.0
internal,b432fc4127054e6e,0.5421998500823975,0.4723317126433055,0.1044752299785614,0.36540045142173766,0.5102005004882812,0.5421998500823975,0.4153905212879181,42.28652572631836,37.81793575286865,1,10,0.0,0.0,0.0
internal,5bab9b9af098498f,0.9367299675941467,0.6849459608395895,0.3446884751319885,0.4536211024969816,0.7145282626152039,0.9367299675941467,0.4185886085033417,41.787357330322266,37.08463096618652,1,8,0.125,0.125,0.125
internal,be53318866c3698b,0.4333797097206116,0.32909880578517914,0.20856180787086487,0.32909880578517914,0.34835341572761536,0.4333797097206116,0.0,48.26251983642578,25.344346046447754,1,2,0.0,0.0,0.0
internal,4c429448c78f3c3e,0.5197334289550781,0.39092569053173065,0.25761547684669495,0.39092569053173065,0.4137975871562958,0.5197334289550781,0.0,49.091461181640625,25.344346046447754,1,2,0.0,0.0,0.0
internal,8bb42bb584f7d410,0.5396995544433594,0.44306693971157074,0.19326522946357727,0.44306693971157074,0.4689894914627075,0.5396995544433594,0.0,38.66740036010742,25.344346046447754,1,2,0.0,0.0,0.0
internal,fec444cd0fc72a67,0.4697574973106384,0.4663367420434952,0.006841510534286499,0.4663367420434952,0.49362069368362427,0.4697574973106384,0.0,35.85129928588867,25.344346046447754,1,2,0.0,0.0,0.0
internal,3216449c1f1338a1,0.7393555641174316,0.6636712948481241,0.07466709613800049,0.40865535697629374,0.5715084075927734,0.7393555641174316,0.6646884679794312,34.6302604675293,26.53871530102145,1,31,0.06451612903225806,0.03225806451612903,0.0
internal,e135857d810cf7f2,0.5895298719406128,0.4582343101501465,0.19237825274467468,0.21569008812788995,0.30164462327957153,0.5895298719406128,0.3971516191959381,41.57133865356445,26.53871530102145,1,31,0.0,0.0,0.0
internal,44684fae7e81b740,0.24354633688926697,0.2273668497800827,0.006294354796409607,0.13520453858279413,0.18908482789993286,0.16368107497692108,0.24354633688926697,38.3338508605957,26.53871530102145,1,31,0.0,0.0,0.0
internal,5a11a7f4e746cb73,0.22064507007598877,0.20164387921492258,0.01928412914276123,0.09549498179306587,0.13397017121315002,0.17275559902191162,0.22064507007598877,44.352500915527344,26.889462979634605,1,30,0.0,0.0,0.0
internal,7f2802b977497fea,0.743959903717041,0.6958698034286499,0.06620830297470093,0.5029925145208836,0.7281405925750732,0.3320664167404175,0.743959903717041,43.512939453125,37.602680683135986,1,8,0.375,0.125,0.0
internal,15c0b3ca729c9de3,0.7381117343902588,0.69469286998113,0.057627975940704346,0.5057703107595444,0.7321617603302002,0.0,0.7381117343902588,44.26697540283203,37.602680683135986,1,8,0.375,0.125,0.0
internal,4ce01340b2e21f4f,0.6804170608520508,0.549124409755071,0.18816059827804565,0.3711060034601312,0.4584738314151764,0.6804170608520508,0.4922564625740051,41.1313591003418,26.909549813521537,1,19,0.05263157894736842,0.0,0.0
internal,6fb5025fcb384169,0.6198735237121582,0.5114740629990896,0.1605629026889801,0.34606222633053274,0.4328956604003906,0.6198735237121582,0.4593106210231781,43.34828567504883,27.347181768978345,1,17,0.058823529411764705,0.0,0.0
internal,13e87294a6fa3c1a,0.6236421465873718,0.5954495668411255,0.03267025947570801,0.47709206447881813,0.5879647731781006,0.5909718871116638,0.6236421465873718,23.181825637817383,27.017467835370233,1,17,0.058823529411764705,0.0,0.0
internal,319a45eb28fa283d,0.7034784555435181,0.6033973693847656,0.12796473503112793,0.4388214084837172,0.5659067630767822,0.5311999320983887,0.7034784555435181,42.99231719970703,35.47541364034017,1,9,0.1111111111111111,0.1111111111111111,0.0
internal,39a543d25fd0fa31,0.7034784555435181,0.6033973693847656,0.12796473503112793,0.4388214084837172,0.5659067630767822,0.7034784555435181,0.5311999320983887,42.99231719970703,35.47541364034017,1,9,0.1111111111111111,0.1111111111111111,0.0
internal,b756ab3d5f9d7df1,0.8451437950134277,0.7124127745628357,0.13430577516555786,0.5198995769023895,0.6704657077789307,0.7108380198478699,0.8451437950134277,41.03189468383789,35.47541364034017,1,9,0.2222222222222222,0.2222222222222222,0.1111111111111111
internal,6f1fb15bc2434972,0.8451437950134277,0.7124127745628357,0.13430577516555786,0.5255465937985314,0.6718363761901855,0.8451437950134277,0.7108380198478699,41.03189468383789,35.17897817823622,1,9,0.2222222222222222,0.2222222222222222,0.1111111111111111
internal,4811b0ab32921c84,0.2980523705482483,0.26970696449279785,0.005063474178314209,0.1760000636180242,0.22697076201438904,0.18877559900283813,0.2980523705482483,41.57239532470703,35.47541364034017,1,9,0.0,0.0,0.0
internal,3b4ab7fa4c4301bd,0.4173358976840973,0.38884830474853516,0.041869521141052246,0.16679943319071422,0.2503632605075836,0.37546637654304504,0.4173358976840973,36.194923400878906,35.72077230973677,1,11,0.0,0.0,0.0
internal,64be0c800d185f15,0.7487693428993225,0.5600047508875529,0.2783200144767761,0.3507094665577537,0.45574474334716797,0.7487693428993225,0.41994425654411316,37.54521942138672,25.74823610406173,1,19,0.05263157894736842,0.05263157894736842,0.0
internal,2f4b9c6ae3b14bb1,0.9467613697052002,0.869684894879659,0.09259927272796631,0.5582249984145164,0.8054141998291016,0.9467613697052002,0.808131217956543,22.511016845703125,29.433181762695312,1,8,0.375,0.375,0.375
internal,73b7ffc669ae225c,0.2507004141807556,0.2243356853723526,0.02407340705394745,0.19272207655012608,0.2780618667602539,0.1921989470720291,0.2507004141807556,43.879940032958984,29.433181762695312,1,8,0.0,0.0,0.0
internal,a47be0d797167d35,0.4300801157951355,0.3718651533126831,0.051685065031051636,0.262682281434536,0.37900134921073914,0.13537172973155975,0.4300801157951355,42.97842788696289,29.433181762695312,1,8,0.0,0.0,0.0
internal,2b23b19328b827ba,0.4300801157951355,0.3718651533126831,0.051685065031051636,0.262682281434536,0.37900134921073914,0.4300801157951355,0.30712029337882996,42.97842788696289,29.433181762695312,1,8,0.0,0.0,0.0
internal,46b8bca808f89142,0.4300801157951355,0.3718651533126831,0.051685065031051636,0.262682281434536,0.37900134921073914,0.4300801157951355,0.30712029337882996,42.97842788696289,29.433181762695312,1,8,0.0,0.0,0.0
internal,f8d77338f7ee33d1,0.4300801157951355,0.3718651533126831,0.051685065031051636,0.262682281434536,0.37900134921073914,0.4300801157951355,0.30712029337882996,42.97842788696289,29.433181762695312,1,8,0.0,0.0,0.0
internal,74942f92ff1d98cb,1.0,0.7014151414235433,0.3582826852798462,0.44533001258969307,0.6425278186798096,1.0,0.6417173147201538,35.51942443847656,29.433181762695312,1,8,0.25,0.125,0.125
internal,ed787a506b3ae332,0.2913900315761566,0.2798362771670024,0.014644980430603027,0.18682490615174174,0.2588154673576355,0.0,0.2913900315761566,29.958084106445312,28.89314889907837,1,16,0.0,0.0,0.0
internal,17643cc9e2185699,0.16793552041053772,0.1636109600464503,0.001767382025718689,0.10619416070932691,0.16171512007713318,0.0,0.16793552041053772,23.48678207397461,30.1431208523837,1,11,0.0,0.0,0.0
internal,b0ca8c42fae0ebde,0.7640223503112793,0.719370166460673,0.06309640407562256,0.6081930659711361,0.7337275743484497,0.7640223503112793,0.7009259462356567,36.85188293457031,29.09607801437378,1,20,0.75,0.1,0.0
internal,f41397da1cdb94ed,0.43002933263778687,0.37748966614405316,0.07760795950889587,0.2886236198246479,0.48754990100860596,0.35001829266548157,0.43002933263778687,38.18971633911133,36.53110980987549,1,8,0.0,0.0,0.0
internal,9bf84c8d63a1c75f,0.5368844270706177,0.49115516742070514,0.013229072093963623,0.3384612947702408,0.5562788248062134,0.523655354976654,0.5368844270706177,34.729854583740234,35.42588448524475,1,8,0.0,0.0,0.0
internal,0cfb1add02fdf7d9,0.6980592608451843,0.6980592608451843,0.6980592608451843,0.6980592608451843,0.6980592608451843,0.6980592608451843,0.0,42.67518997192383,46.729061126708984,1,1,1.0,0.0,0.0
internal,fb9d8bdb1265249b,0.612617015838623,0.5528528094291687,0.007603287696838379,0.3733989813111045,0.5402307510375977,0.0,0.612617015838623,33.87995529174805,32.535132668235086,1,11,0.18181818181818182,0.0,0.0
internal,ac6d67e0e9214f37,0.612617015838623,0.5528528094291687,0.007603287696838379,0.3733989813111045,0.5402307510375977,0.612617015838623,0.6050137281417847,33.87995529174805,32.535132668235086,1,11,0.18181818181818182,0.0,0.0
internal,a74cad3b8dbe74fd,0.0,0.0,0.0,0.0,0.0,0.0,0.0,30.073047637939453,0.0,1,0,0.0,0.0,0.0
internal,e0d51b775b587295,0.6141046285629272,0.39959219098091125,0.3209116458892822,0.25176412651413366,0.3219904899597168,0.6141046285629272,0.293192982673645,45.151275634765625,28.991873389796208,1,19,0.05263157894736842,0.0,0.0
internal,6bb2ced74bf0a336,0.6039732694625854,0.40191107243299484,0.4041243940591812,0.40191107243299484,0.46498745679855347,0.6039732694625854,0.0,35.05953598022461,37.18404293060303,1,2,0.5,0.0,0.0
internal,bbe44b2d20e208e3,0.9003229141235352,0.657301053404808,0.4860437214374542,0.657301053404808,0.7604587078094482,0.9003229141235352,0.0,27.528425216674805,37.18404293060303,1,2,0.5,0.5,0.5
internal,1d1e76f83eaf0330,0.5132639408111572,0.3841267426808675,0.132229745388031,0.2736159073454993,0.36731627583503723,0.5132639408111572,0.21255572140216827,47.55159378051758,30.4955997467041,1,7,0.0,0.0,0.0
internal,0c60f33ba180b6bf,0.4917175769805908,0.4000602563222249,0.10873061418533325,0.3113458624907902,0.41796696186065674,0.4917175769805908,0.1442985236644745,39.56537628173828,30.4955997467041,1,7,0.0,0.0,0.0
internal,7172e54eddc11d06,0.5257792472839355,0.42385679483413696,0.11058533191680908,0.3332252566303526,0.4473389685153961,0.5257792472839355,0.15758676826953888,38.212493896484375,30.4955997467041,1,7,0.0,0.0,0.0
internal,c70fff44064b0bef,0.4671364724636078,0.3640890121459961,0.12730377912521362,0.29468439732279095,0.39559975266456604,0.4671364724636078,0.18785810470581055,42.696571350097656,30.4955997467041,1,7,0.0,0.0,0.0
internal,696285d7e6fd31f5,0.31699588894844055,0.22692930698394775,0.12742552161216736,0.16747275739908218,0.22482416033744812,0.31699588894844055,0.1895703673362732,41.97617721557617,30.4955997467041,1,7,0.0,0.0,0.0
internal,dbe9c32b1aa63877,0.5663143396377563,0.3385322540998459,0.3394462466239929,0.1754844706309469,0.23441435396671295,0.5663143396377563,0.22686809301376343,44.47866439819336,26.939808694939863,1,19,0.0,0.0,0.0
internal,ad4a74854409d2b6,0.8299921154975891,0.6089026729265848,0.21801787614822388,0.2910955020536979,0.384521484375,0.6119742393493652,0.8299921154975891,39.552555084228516,25.47203580538432,1,24,0.08333333333333333,0.041666666666666664,0.041666666666666664
internal,f27efe531a3a0348,0.5898691415786743,0.5025345683097839,0.12784767150878906,0.39070323535374235,0.4942365884780884,0.5898691415786743,0.46202147006988525,33.47605895996094,25.178711550576345,1,28,0.0,0.0,0.0
internal,14a97789fce5a468,0.3073144853115082,0.3046167194843292,0.0016059577465057373,0.230185372961892,0.3295786380767822,0.30082714557647705,0.3073144853115082,43.10683059692383,28.17207537757026,1,18,0.0,0.0,0.0
internal,0cec9e0b8cb47970,0.31795239448547363,0.2960062424341838,0.03185945749282837,0.20120052766540777,0.27281466126441956,0.0,0.31795239448547363,41.026878356933594,26.612877472587254,1,23,0.0,0.0,0.0
internal,56659ad682dd6a0b,0.7198988199234009,0.4625585873921712,0.38360971212387085,0.3772089133659999,0.4454571008682251,0.33628910779953003,0.7198988199234009,33.55209732055664,26.638564427693684,1,6,0.16666666666666666,0.16666666666666666,0.0
internal,b8e90c4dfa467e26,0.5954015254974365,0.4807458023230235,0.16512548923492432,0.41191308200359344,0.4864402413368225,0.4165598452091217,0.5954015254974365,35.19804382324219,26.638564427693684,1,6,0.0,0.0,0.0
internal,6371f804f07096c9,0.5262778401374817,0.4279521604379018,0.14633706212043762,0.3677055339018504,0.43423426151275635,0.37994077801704407,0.5262778401374817,39.82672119140625,26.638564427693684,1,6,0.0,0.0,0.0
internal,fd3fcf62cfe33a1a,0.7842711210250854,0.5669516722361246,0.30899858474731445,0.47318536539872486,0.5587985515594482,0.475272536277771,0.7842711210250854,39.50458526611328,26.638564427693684,1,6,0.16666666666666666,0.16666666666666666,0.0
internal,84d15a995e67f3e1,0.6205352544784546,0.5418090522289276,0.0789564847946167,0.4788405696551005,0.5654768943786621,0.6205352544784546,0.46331313252449036,25.65411949157715,26.638564427693684,1,6,0.16666666666666666,0.0,0.0
internal,67a8b1ef4cf70d17,0.7328658699989319,0.543498307466507,0.27644050121307373,0.4673294275999069,0.5518831014633179,0.45642536878585815,0.7328658699989319,41.87107467651367,26.638564427693684,1,6,0.16666666666666666,0.16666666666666666,0.0
internal,e5624db28e57c482,0.7468075752258301,0.6162291566530863,0.17963582277297974,0.5397355109453201,0.637389600276947,0.5671717524528503,0.7468075752258301,37.93378829956055,26.638564427693684,1,6,0.16666666666666666,0.16666666666666666,0.0
internal,8e2dfad983ac1ed8,0.6834927201271057,0.4419568181037903,0.3574126958847046,0.3615075225631396,0.42691487073898315,0.316297709941864,0.6834927201271057,34.43716812133789,26.638564427693684,1,6,0.16666666666666666,0.0,0.0
internal,65bfc0de6a702899,0.8855162858963013,0.748532255490621,0.19005465507507324,0.5390701064696679,0.6946317553520203,0.8855162858963013,0.695461630821228,29.716203689575195,28.10759793795072,1,13,0.38461538461538464,0.07692307692307693,0.07692307692307693
internal,1d9b5ba9f97ea847,0.8712706565856934,0.778439462184906,0.12311828136444092,0.5393091302651626,0.6949397921562195,0.8712706565856934,0.7481523752212524,28.62737274169922,28.10759793795072,1,13,0.46153846153846156,0.23076923076923078,0.07692307692307693
internal,01c8f7e9ee59a956,0.8835397958755493,0.7033147215843201,0.18745839595794678,0.3387059277066818,0.45388567447662354,0.8835397958755493,0.5303229689598083,43.03239440917969,28.545391669640175,1,13,0.15384615384615385,0.07692307692307693,0.07692307692307693
internal,01d7dc528482a6f5,0.5720553994178772,0.49466408292452496,0.1001325249671936,0.4013603192109328,0.5171825885772705,0.5720553994178772,0.38384658098220825,38.82120132446289,28.10759793795072,1,13,0.0,0.0,0.0
internal,7d2135871c58118c,0.5435254573822021,0.42772013942400616,0.16994768381118774,0.21039624641147944,0.28056997060775757,0.5435254573822021,0.3660571873188019,49.78902053833008,29.13533196082482,1,13,0.0,0.0,0.0
internal,8cea9b0c33f7139a,0.8324172496795654,0.6025820473829905,0.2754809856414795,0.348572313785553,0.6292799115180969,0.8324172496795654,0.5569362640380859,37.73407745361328,32.95710127694266,1,7,0.14285714285714285,0.14285714285714285,0.14285714285714285
internal,dc2e849326379a88,0.8755193948745728,0.7154293457667033,0.11714375019073486,0.38124360729541096,0.6882616281509399,0.8755193948745728,0.7583756446838379,39.62246322631836,32.95710127694266,1,7,0.2857142857142857,0.2857142857142857,0.14285714285714285
internal,dc4793a3353a8ccd,0.2195104956626892,0.21374387542406717,0.0017371773719787598,0.16969030616538866,0.22763879597187042,0.0,0.2195104956626892,29.246315002441406,28.73526164463588,1,14,0.0,0.0,0.0
internal,075118cbf5c2ba40,0.9432764053344727,0.5524644653002421,0.5777833461761475,0.30144045874476433,0.4363395571708679,0.9432764053344727,0.3654930591583252,44.541770935058594,30.74949245452881,1,10,0.1,0.1,0.1
internal,028c0f05706e6ed2,0.455727219581604,0.4203389783700307,0.016849607229232788,0.3136152232235128,0.4243202209472656,0.3270675837993622,0.455727219581604,43.57234573364258,29.611073233864524,1,11,0.0,0.0,0.0
internal,2660586568093fc4,0.14731621742248535,0.13831535975138345,0.007499963045120239,0.08213396268812093,0.10763709992170334,0.057820044457912445,0.14731621742248535,44.4161262512207,28.706679604270242,1,11,0.0,0.0,0.0
internal,d51cc7f3e71a9453,0.09770414978265762,0.08750970909992854,0.00872936099767685,0.04712076662954959,0.0629819929599762,0.02544333040714264,0.09770414978265762,48.94408416748047,29.082406130704012,1,11,0.0,0.0,0.0
internal,3effedf9a0a09928,0.5601871609687805,0.49558138847351074,0.018914341926574707,0.3532370057972995,0.4779283404350281,0.3852841854095459,0.5601871609687805,33.6707649230957,29.611073233864524,1,11,0.0,0.0,0.0
internal,e15fbb1419b3a0da,0.4017717242240906,0.3343176047007243,0.07432076334953308,0.24835844744335522,0.3360280394554138,0.4017717242240906,0.24490389227867126,44.58610916137695,29.611073233864524,1,11,0.0,0.0,0.0
internal,043f78241bead226,0.488430917263031,0.4031469424565633,0.09755852818489075,0.31266567381945526,0.41411054134368896,0.488430917263031,0.3301375210285187,33.751007080078125,29.411216042258523,1,11,0.0,0.0,0.0
internal,c517adf359948c90,0.43221205472946167,0.31524380048116046,0.17425084114074707,0.16476001533178183,0.20666854083538055,0.43221205472946167,0.2579612135887146,22.02639389038086,25.815796265235313,1,26,0.0,0.0,0.0
internal,69271ffa5dbd80eb,0.41025078296661377,0.33684876561164856,0.10559609532356262,0.13788391915815218,0.19965684413909912,0.41025078296661377,0.30465468764305115,45.2144889831543,27.123799392155238,1,28,0.0,0.0,0.0
internal,db060d8ab85e3881,0.21913965046405792,0.16019092996915182,0.08191142976284027,0.0056198519758052295,0.0078111682087183,0.21913965046405792,0.13722822070121765,42.803924560546875,29.524486541748047,1,18,0.0,0.0,0.0
internal,fa29c9692318ae00,0.22934240102767944,0.2088452180226644,0.03025391697883606,0.0487546474739377,0.07059705257415771,0.19908848404884338,0.22934240102767944,43.710487365722656,27.123799392155238,1,28,0.0,0.0,0.0
internal,3d382fbc54e195b9,0.21913965046405792,0.16019092996915182,0.08191142976284027,0.0056198519758052295,0.0078111682087183,0.21913965046405792,0.13722822070121765,42.803924560546875,29.524486541748047,1,18,0.0,0.0,0.0
internal,3aa14b3a7de60845,0.9169203042984009,0.8178921540578207,0.14787077903747559,0.5168625028694377,0.7307484149932861,0.9169203042984009,0.7690495252609253,33.159034729003906,29.10392402200138,1,17,0.35294117647058826,0.17647058823529413,0.058823529411764705
internal,84435b09592f3463,0.7122361660003662,0.6094021995862325,0.1415630578994751,0.3504344865679741,0.4746905565261841,0.7122361660003662,0.5452973246574402,40.69464111328125,27.84156999588013,1,20,0.05,0.05,0.0
internal,d2c575e9e651437a,0.761646568775177,0.7002527117729187,0.06910723447799683,0.449180069565773,0.6084491014480591,0.761646568775177,0.6465722322463989,33.317230224609375,27.84156999588013,1,20,0.2,0.05,0.0
internal,55b3d623a760425d,0.4648694097995758,0.3901581068833669,0.07314851880073547,0.2078686785697937,0.2619803845882416,0.4648694097995758,0.31388401985168457,42.5827522277832,25.6697412109375,1,25,0.0,0.0,0.0
internal,1714c083587607d2,0.8332929611206055,0.5771887103716532,0.38382065296173096,0.36088764667510986,0.4555842876434326,0.8332929611206055,0.4494723081588745,43.27337646484375,27.39958913702714,1,19,0.05263157894736842,0.05263157894736842,0.05263157894736842
internal,40d010551bc05a07,0.7196329832077026,0.3242180248101552,0.5852524191141129,0.07372811331879348,0.10639749467372894,0.7196329832077026,0.13438056409358978,49.91605758666992,27.894965489705402,1,24,0.041666666666666664,0.041666666666666664,0.0
internal,c06cec604342c3b4,0.521715521812439,0.40273338556289673,0.17790773510932922,0.31777601046808834,0.3400409519672394,0.521715521812439,0.34380778670310974,50.174808502197266,31.158930482535528,1,29,0.0,0.0,0.0
internal,c22470ee11abc815,0.48740917444229126,0.39129793643951416,0.14360138773918152,0.316593032972566,0.3385559618473053,0.48740917444229126,0.34380778670310974,50.174808502197266,31.146707666331324,1,29,0.0,0.0,0.0
internal,6a68025dd21afb99,0.46076086163520813,0.44150473674138385,0.025363951921463013,0.32659286111593244,0.3787187337875366,0.46076086163520813,0.4353969097137451,46.24527359008789,27.55151128768921,1,20,0.0,0.0,0.0
internal,2b5dda6cc8f7f928,0.46076086163520813,0.44150473674138385,0.025363951921463013,0.32659286111593244,0.3787187337875366,0.4353969097137451,0.46076086163520813,46.24527359008789,27.55151128768921,1,20,0.0,0.0,0.0
internal,e16e594dbda50c6e,0.46076086163520813,0.44150473674138385,0.025363951921463013,0.32659286111593244,0.3787187337875366,0.42835643887519836,0.46076086163520813,46.24527359008789,27.55151128768921,1,20,0.0,0.0,0.0
internal,fecbb15737b78ea5,0.6857567429542542,0.6647464235623678,0.012106359004974365,0.6184229031205177,0.6657415628433228,0.6857567429542542,0.0,34.04010009765625,22.95274829864502,1,4,0.75,0.0,0.0
internal,f1b394c72eaf026b,0.31182318925857544,0.2565821160872777,0.06385323405265808,0.23322520032525063,0.25107041001319885,0.31182318925857544,0.0,44.23875045776367,22.95274829864502,1,4,0.0,0.0,0.0
internal,5cbf1c668d8efaab,0.3803533911705017,0.3653657039006551,0.018161535263061523,0.35214126110076904,0.37908536195755005,0.3803533911705017,0.0,47.469120025634766,22.95274829864502,1,4,0.0,0.0,0.0
internal,5d250f8757a707a2,0.570162296295166,0.4923614263534546,0.0662040114402771,0.4504670649766922,0.4849345088005066,0.570162296295166,0.0,35.7581901550293,22.95274829864502,1,4,0.0,0.0,0.0
internal,30e228c77882a254,0.4279843866825104,0.39272384842236835,0.004061073064804077,0.3669501319527626,0.3950273394584656,0.4279843866825104,0.0,41.65153503417969,22.95274829864502,1,4,0.0,0.0,0.0
internal,6d335ddaa5c1edfc,0.23988962173461914,0.2374775012334188,0.003511086106300354,0.22192439436912537,0.2389049381017685,0.23988962173461914,0.0,43.5135383605957,22.95274829864502,1,4,0.0,0.0,0.0
internal,2f3a32c796b2a4f5,0.49983102083206177,0.4800747036933899,0.029024124145507812,0.37895773486657575,0.46669185161590576,0.46958619356155396,0.49983102083206177,41.81583786010742,26.890507264570758,1,22,0.0,0.0,0.0
internal,3758c8966ed3d924,0.27368372678756714,0.2567198574542999,0.011155277490615845,0.15881708198610475,0.2109387218952179,0.22642245888710022,0.27368372678756714,30.79772186279297,25.894492093254538,1,17,0.0,0.0,0.0
internal,40bb560ab40aa615,0.46469730138778687,0.3334641357262929,0.19314876198768616,0.22250855047451823,0.2962544858455658,0.46469730138778687,0.2715485394001007,29.958084106445312,28.017125982987253,1,19,0.0,0.0,0.0
internal,adec60c8ff03ca67,0.4241791367530823,0.3288383483886719,0.113253653049469,0.21053337939083577,0.25407883524894714,0.4241791367530823,0.3109254837036133,39.83246612548828,26.097201538085937,1,20,0.0,0.0,0.0
internal,0dd294cf3281077e,0.29910925030708313,0.24036376178264618,0.08446000516414642,0.1563404924236238,0.21196694672107697,0.2073327898979187,0.29910925030708313,39.068260192871094,27.630250930786133,1,16,0.0,0.0,0.0
internal,587dbceb539d8e0c,0.4219871759414673,0.4196569323539734,0.0003024935722351074,0.3181088543855227,0.43282562494277954,0.4152989387512207,0.4219871759414673,34.38523483276367,29.2047726557805,1,13,0.0,0.0,0.0
internal,83ca6900e513b5eb,0.437369167804718,0.40996770064036053,0.03886157274246216,0.2876596129857577,0.39730170369148254,0.39402633905410767,0.437369167804718,39.808631896972656,29.51983143733098,1,13,0.0,0.0,0.0
internal,37f93a76375dbcfa,0.130324125289917,0.11304947982231776,0.018698953092098236,0.0300373208093723,0.04278098791837692,0.09719914197921753,0.130324125289917,37.241634368896484,26.914808409554617,1,28,0.0,0.0,0.0
internal,beed0d7e5463e30a,0.3176693320274353,0.2538035611311595,0.052912116050720215,0.10187726541023169,0.14341378211975098,0.3176693320274353,0.178984135389328,46.58761978149414,26.585343292781285,1,28,0.0,0.0,0.0
internal,967398ee80658add,0.29600611329078674,0.19964017967383066,0.1429658681154251,0.07849303187686019,0.10689863562583923,0.0,0.29600611329078674,46.91477584838867,25.692586302757263,1,32,0.0,0.0,0.0
internal,5047f4a93a3c25fe,0.45434141159057617,0.4068099061648051,0.011935979127883911,0.19359328125913938,0.25983893871307373,0.45434141159057617,0.32368287444114685,36.6650505065918,26.02719529469808,1,30,0.0,0.0,0.0
internal,7acd27bae7190c07,0.7902626991271973,0.5710803767045339,0.28817951679229736,0.317540393024683,0.440959632396698,0.7902626991271973,0.4208952486515045,28.706382751464844,26.58575070699056,1,30,0.03333333333333333,0.03333333333333333,0.0
internal,f7dcbe3fa6a98b0b,0.8361718654632568,0.5153234998385111,0.47535809874534607,0.23501662102838358,0.32636111974716187,0.8361718654632568,0.34898486733436584,36.55896759033203,26.58575070699056,1,30,0.03333333333333333,0.03333333333333333,0.03333333333333333
internal,a502c9b7291d53c7,0.3062232434749603,0.3055697778860728,9.509921073913574e-05,0.16721639194292948,0.22248810529708862,0.0,0.3062232434749603,40.25996780395508,25.24732095003128,1,32,0.0,0.0,0.0
internal,7809faae9b2a82ad,0.39076539874076843,0.23780054847399393,0.21480362117290497,0.05065395414001412,0.06964623928070068,0.0,0.39076539874076843,48.98058319091797,25.66306785300926,1,27,0.0,0.0,0.0
internal,0241e68088ffcaf8,0.7510602474212646,0.7021846572558085,0.06994253396987915,0.4318956273297469,0.6454264521598816,0.7510602474212646,0.5673389434814453,32.980140686035156,30.04523007074992,1,12,0.25,0.08333333333333333,0.0
internal,b49492f805f5b937,0.38770467042922974,0.31539440155029297,0.09025436639785767,0.19747281012435755,0.2986260652542114,0.38770467042922974,0.20792357623577118,47.06676483154297,30.20155096054077,1,12,0.0,0.0,0.0
internal,7b3a01274417d1cc,0.630182683467865,0.49627458055814105,0.10855978727340698,0.30738479892412823,0.4548455774784088,0.630182683467865,0.521622896194458,31.885034561157227,30.157299518585205,1,12,0.08333333333333333,0.0,0.0
internal,4acc5cb179410225,0.4160175919532776,0.33690234025319415,0.09779545664787292,0.22151267218093076,0.3351615369319916,0.0,0.4160175919532776,36.76650619506836,30.54558293024699,1,12,0.0,0.0,0.0
internal,b027aea1beded653,0.18540793657302856,0.16550586620966592,0.026376843452453613,0.10854063937930684,0.13475623726844788,0.15903109312057495,0.18540793657302856,22.063817977905273,23.71687708402935,1,19,0.0,0.0,0.0
internal,5465cf4232987b41,0.4872136116027832,0.45294585824012756,0.03414273262023926,0.23590232902206482,0.30413758754730225,0.0,0.4872136116027832,29.53229331970215,27.74046058654785,1,20,0.0,0.0,0.0
internal,935b96ff75ebcc5c,0.328563392162323,0.28436708450317383,0.05004796385765076,0.15283874402704992,0.19365191459655762,0.328563392162323,0.27851542830467224,38.82908630371094,24.606763237401058,1,19,0.0,0.0,0.0
internal,5c7bcf50690be1de,0.7101565599441528,0.4848482608795166,0.31020474433898926,0.3334031527241071,0.5352994799613953,0.7101565599441528,0.32166916131973267,33.63447952270508,35.891812006632485,1,6,0.16666666666666666,0.16666666666666666,0.0
internal,7b6f39fdbd3f6add,0.4845427870750427,0.4845427870750427,0.4845427870750427,0.4845427870750427,0.48454275727272034,0.4845427870750427,0.0,48.9554557800293,35.657657623291016,1,1,0.0,0.0,0.0
internal,a7e2e55e827548e8,0.9247089624404907,0.46824964384237927,0.6814571768045425,0.2190061215311289,0.3217567801475525,0.9247089624404907,0.0,33.806419372558594,36.63750228881836,1,10,0.1,0.1,0.1
internal,565a4f1d93ac8656,0.6202893853187561,0.45988311370213825,0.22021615505218506,0.35510571897029874,0.48472270369529724,0.6202893853187561,0.0,46.709598541259766,37.75765876770019,1,10,0.1,0.0,0.0
internal,d1ae2ff7d6a770ce,0.3477438688278198,0.3264468510945638,0.030511856079101562,0.21596104165332186,0.2953604459762573,0.3477438688278198,0.0,33.091670989990234,38.72642283969455,1,9,0.0,0.0,0.0
internal,208bb11d40a15a9a,0.2972043752670288,0.27788644035657245,0.02528434991836548,0.2275431677699089,0.3336055874824524,0.2972043752670288,0.0,43.267173767089844,38.762026977539065,1,10,0.0,0.0,0.0
internal,3d790c9ce9f5b0cb,0.6622155904769897,0.4185377061367035,0.35956400632858276,0.23491601645946503,0.33147627115249634,0.6622155904769897,0.2859789729118347,45.66666030883789,29.267793655395508,1,13,0.07692307692307693,0.0,0.0
internal,fc84bd3b0d7427a5,0.4834827184677124,0.4014059205849965,0.12288734316825867,0.27237187019165826,0.36519190669059753,0.4834827184677124,0.36059537529945374,37.97445297241211,27.73246462204877,1,17,0.0,0.0,0.0
internal,f97b1ebc7edea2de,0.9999998211860657,0.5120928784211477,0.6891981065273285,0.2600422628223896,0.4044141173362732,0.9999998211860657,0.3108017146587372,30.79772186279297,29.70608901977539,1,10,0.1,0.1,0.1
internal,a73f348566a7301b,0.5632304549217224,0.5588811635971069,0.0010485053062438965,0.3976154923439026,0.528282642364502,0.0,0.5632304549217224,38.06287384033203,26.559503173828126,1,20,0.0,0.0,0.0
internal,11fb43381f24dbf8,0.24482369422912598,0.19186027348041534,0.06512880325317383,0.08058412542397325,0.10945437103509903,0.1127709150314331,0.24482369422912598,48.502010345458984,26.366014653986152,1,22,0.0,0.0,0.0
internal,15c1b0b59796da0e,0.1376417577266693,0.12276365359624226,0.022061213850975037,0.04727072666653178,0.06524873524904251,0.10185426473617554,0.1376417577266693,39.62443923950195,26.749994017861106,1,22,0.0,0.0,0.0
internal,3030a31d1c73c404,0.2729595899581909,0.25539283951123554,0.017202019691467285,0.10351080010118692,0.14085286855697632,0.2729595899581909,0.25575757026672363,39.99348831176758,25.82912586046302,1,23,0.0,0.0,0.0
internal,299ea557f28dac75,0.24220725893974304,0.2224422742923101,0.019898712635040283,0.08178717530487727,0.11494127660989761,0.22230854630470276,0.24220725893974304,39.84177017211914,26.978020032246906,1,24,0.0,0.0,0.0
internal,fe386ba1f05612e6,0.21730142831802368,0.19554001092910767,0.029453620314598083,0.06617055569464962,0.09299412369728088,0.1878478080034256,0.21730142831802368,38.96274185180664,26.978020032246906,1,24,0.0,0.0,0.0
internal,0d66f530d93a05a5,0.19500218331813812,0.18948588768641153,0.00036782026290893555,0.12207388556139036,0.1685010939836502,0.11603623628616333,0.19500218331813812,39.868865966796875,26.749994017861106,1,22,0.0,0.0,0.0
internal,84af76253b87c5fb,0.3042071461677551,0.2903895179430644,0.010714411735534668,0.19286834865808486,0.25386807322502136,0.1953825056552887,0.3042071461677551,36.11840057373047,25.579920959472656,1,25,0.0,0.0,0.0
internal,93a3be7230776f49,0.515317440032959,0.4373301565647125,0.11493635177612305,0.19737977435191473,0.29994574189186096,0.515317440032959,0.21135281026363373,43.97975540161133,30.27893320719401,1,15,0.0,0.0,0.0
internal,adb92b3306c33a5e,0.2487896829843521,0.2258798430363337,0.033305034041404724,0.1352335034081569,0.18013739585876465,0.2154846489429474,0.2487896829843521,30.8917179107666,26.525611877441406,1,13,0.0,0.0,0.0
internal,061379cb4f387d33,0.1986241638660431,0.14949666460355124,0.07229183614253998,0.07309435154976589,0.09617005288600922,0.0,0.1986241638660431,48.401947021484375,26.334068502698624,1,28,0.0,0.0,0.0
internal,35c1cb69b0ac88d4,0.7041323781013489,0.6258490880330404,0.06782382726669312,0.4113063319371297,0.5246332883834839,0.7041323781013489,0.6363085508346558,32.9365348815918,26.412573667672966,1,26,0.07692307692307693,0.038461538461538464,0.0
internal,e69ac2ae1cdb0772,0.3558816611766815,0.3142111698786418,0.041299670934677124,0.1996727732475847,0.24811044335365295,0.3558816611766815,0.26770493388175964,42.577125549316406,25.99343252182007,1,32,0.0,0.0,0.0
internal,9e2e5cbadb741394,0.434982031583786,0.41941140095392865,0.013066619634628296,0.29697569294108284,0.38929474353790283,0.0,0.434982031583786,41.742279052734375,25.942462073432075,1,18,0.0,0.0,0.0
internal,cc46dd7ba5dda297,0.26234734058380127,0.2510877549648285,0.0037255585193634033,0.13817630904830164,0.18113034963607788,0.0,0.26234734058380127,46.166568756103516,25.942462073432075,1,18,0.0,0.0,0.0
internal,aba434dc48e60fd7,0.5121924877166748,0.3858446180820465,0.15689978003501892,0.20636591825046038,0.2749190628528595,0.5121924877166748,0.3552927076816559,44.154205322265625,25.631023607755964,1,19,0.0,0.0,0.0
internal,a35c44279c5e4e87,0.5623986124992371,0.4700569311777751,0.12023931741714478,0.2739060193692383,0.3681028485298157,0.0,0.5623986124992371,44.27642822265625,26.503618541516754,1,19,0.0,0.0,0.0
internal,79796e12c350d103,0.36291465163230896,0.31845953067143756,0.04804864525794983,0.18524915764206334,0.26422470808029175,0.36291465163230896,0.27759793400764465,34.901126861572266,26.32967095626028,1,19,0.0,0.0,0.0
internal,8b93be38df67daf2,0.4051533639431,0.36639883120854694,0.04186543822288513,0.23448216542601585,0.2771509885787964,0.4051533639431,0.2829286754131317,47.5250358581543,24.688276886940002,1,16,0.0,0.0,0.0
internal,549b2e28bcc48aef,0.4711036682128906,0.44815390308698017,0.03073638677597046,0.2503924760967493,0.29595649242401123,0.4711036682128906,0.36299097537994385,42.78232192993164,24.688276886940002,1,16,0.0,0.0,0.0
internal,31d372ebc5f8ee66,0.5508633852005005,0.4483434855937958,0.14968425035476685,0.29442915599793196,0.34800654649734497,0.5508633852005005,0.40117913484573364,45.41347122192383,24.688276886940002,1,16,0.0,0.0,0.0
internal,cbed4324a4dbb805,0.4422815442085266,0.3904535472393036,0.012860119342803955,0.22066212967038154,0.29355496168136597,0.0,0.4422815442085266,23.835500717163086,25.995305061340332,1,20,0.0,0.0,0.0
internal,e8c2148265c37a1a,0.41473740339279175,0.40068262815475464,0.019807010889053345,0.24563259241126834,0.32589399814605713,0.0,0.41473740339279175,44.752532958984375,25.65057472955613,1,21,0.0,0.0,0.0
internal,9acd83a3179af89c,0.658146858215332,0.6412836909294128,0.020243346691131592,0.38732161479336874,0.5138804912567139,0.0,0.658146858215332,39.16594314575195,25.65057472955613,1,21,0.14285714285714285,0.0,0.0
internal,ae69170058770e3e,0.38867413997650146,0.3724212348461151,0.005488216876983643,0.23886252529919147,0.3177676796913147,0.0,0.38867413997650146,46.71351623535156,25.995305061340332,1,20,0.0,0.0,0.0
internal,343d1f0a1d4ba6e0,0.35582900047302246,0.3066618740558624,0.07259958982467651,0.21947598587721587,0.29197701811790466,0.0,0.35582900047302246,33.175289154052734,25.995305061340332,1,20,0.0,0.0,0.0
internal,cc01474cfd506fc3,0.6748906373977661,0.6415358185768127,0.048093199729919434,0.41893672943115234,0.55582594871521,0.0,0.6748906373977661,35.40186309814453,25.65057472955613,1,21,0.14285714285714285,0.0,0.0
internal,a7c98d5952d77457,0.8756856918334961,0.8236486713091532,0.06846338510513306,0.6022584277391434,0.7730054259300232,0.8756856918334961,0.7880380153656006,24.819250106811523,26.312200012207033,1,25,0.6,0.24,0.08
internal,ce43057fa5a331cf,0.8925989270210266,0.8212239742279053,0.08085757493972778,0.6498683965206147,0.834113359451294,0.8925989270210266,0.7593316435813904,27.041505813598633,26.312200012207033,1,25,0.72,0.4,0.08
internal,6919f9e070f24901,0.45556384325027466,0.390853891770045,0.09517344832420349,0.2913534963130951,0.37395548820495605,0.45556384325027466,0.35660743713378906,37.21139907836914,26.312200012207033,1,25,0.0,0.0,0.0
internal,8adfeceaeb2c0745,0.8694792985916138,0.8026930292447408,0.07753342390060425,0.428055829472012,0.5830823183059692,0.0,0.8694792985916138,30.366348266601562,26.641983456081814,1,27,0.1111111111111111,0.1111111111111111,0.037037037037037035
internal,f28e825a055f9764,0.6903978586196899,0.6547432343165079,0.011457324028015137,0.42256614648633534,0.5756044387817383,0.0,0.6903978586196899,37.929443359375,26.641983456081814,1,27,0.07407407407407407,0.0,0.0
internal,a5eb85431f39cf72,0.4284997582435608,0.41709335645039874,0.016105294227600098,0.24011647392963542,0.32731735706329346,0.0,0.4284997582435608,40.7061882019043,25.710293013474036,1,29,0.0,0.0,0.0
internal,18d40843657bacde,0.5386316776275635,0.4807766079902649,0.07868203520774841,0.2511988349001983,0.3424243628978729,0.0,0.5386316776275635,37.11878967285156,25.710293013474036,1,29,0.0,0.0,0.0
internal,60f1080eb9cd452f,0.24178147315979004,0.2219040443499883,0.014534547924995422,0.1121697776640455,0.14707516133785248,0.0,0.24178147315979004,40.80112075805664,25.638468901316326,1,24,0.0,0.0,0.0
internal,2c1256077df74d34,0.25187116861343384,0.2035584102074305,0.07246743142604828,0.1206343821077435,0.1643238365650177,0.0,0.25187116861343384,45.38449478149414,26.641983456081814,1,27,0.0,0.0,0.0
internal,dc3ebf51fa21a70a,0.27791035175323486,0.18770698830485344,0.18040672689676285,0.18770698830485344,0.20744851231575012,0.27791035175323486,0.0,49.66395950317383,26.09755516052246,1,2,0.0,0.0,0.0
internal,1fa6db9950932879,0.4038526713848114,0.286246195435524,0.23521295189857483,0.286246195435524,0.3163512647151947,0.4038526713848114,0.0,36.75728988647461,26.09755516052246,1,2,0.0,0.0,0.0
internal,8fd18627fdc24413,0.5537391901016235,0.43424107134342194,0.2389962375164032,0.43424107134342194,0.47991102933883667,0.5537391901016235,0.0,38.61408233642578,26.09755516052246,1,2,0.0,0.0,0.0
internal,7fb902d95f6bc56c,0.5766408443450928,0.43382956087589264,0.28562256693840027,0.43382956087589264,0.47945624589920044,0.5766408443450928,0.0,45.18496322631836,26.09755516052246,1,2,0.0,0.0,0.0
internal,c028d395204a2520,0.35539647936820984,0.3422502080599467,0.01745733618736267,0.20254085177466982,0.2656683027744293,0.33793914318084717,0.35539647936820984,39.028167724609375,26.36984089442662,1,21,0.0,0.0,0.0
internal,36224bcb27488d4a,0.4461406171321869,0.4294779698053996,0.024904876947402954,0.29934534519201234,0.38402193784713745,0.25675371289253235,0.4461406171321869,33.82422637939453,26.40271622794015,1,21,0.0,0.0,0.0
internal,40dfd85b1bcd04ab,0.40947386622428894,0.39708589514096576,0.006465405225753784,0.24589937100453035,0.32254067063331604,0.22333279252052307,0.40947386622428894,37.90071105957031,26.36984089442662,1,21,0.0,0.0,0.0
internal,79c73ebf0f804f32,0.653069019317627,0.6215746601422628,0.03170466423034668,0.46340771799995784,0.5944931507110596,0.6213643550872803,0.653069019317627,34.150115966796875,26.40271622794015,1,21,0.09523809523809523,0.0,0.0
internal,f88a2ee1e9819f85,0.36617153882980347,0.34926819801330566,0.021830260753631592,0.3021686404943466,0.3935500383377075,0.36617153882980347,0.3443412780761719,37.37327194213867,25.887411499023436,1,15,0.0,0.0,0.0
internal,e7ebca553e1541d9,0.31825506687164307,0.30790044864018756,0.008771240711212158,0.2667927801609039,0.3474758267402649,0.3094838261604309,0.31825506687164307,35.12914276123047,25.887411499023436,1,15,0.0,0.0,0.0
internal,f03817bfe9dd8f56,0.21085315942764282,0.20490124821662903,0.0039020180702209473,0.12263363384408876,0.18181172013282776,0.0,0.21085315942764282,26.198144912719727,28.214499711990356,1,16,0.0,0.0,0.0
internal,d2b7fd6a8f81bc0a,0.20712682604789734,0.18785375853379568,0.005025625228881836,0.13333103542818742,0.1834455281496048,0.0,0.20712682604789734,41.605979919433594,25.59303597842946,1,17,0.0,0.0,0.0
internal,3571bb010a6f07fc,0.5695098638534546,0.4965141216913859,0.0845789909362793,0.30554148590280894,0.4284594655036926,0.0,0.5695098638534546,33.672061920166016,26.39803105308896,1,21,0.0,0.0,0.0
internal,5d5eb278731cbebc,0.4831390380859375,0.4457395076751709,0.05450981855392456,0.28318626982056433,0.3939449191093445,0.42862921953201294,0.4831390380859375,39.785804748535156,28.88307433658176,1,18,0.0,0.0,0.0
internal,ad82d6abe12cf8b7,0.4147181510925293,0.37942859530448914,0.03226706385612488,0.16279196709394456,0.22491344809532166,0.0,0.4147181510925293,38.51181411743164,25.631688919067383,1,25,0.0,0.0,0.0
internal,20e99165f802a3a6,0.8246365785598755,0.5751810669898987,0.31195712089538574,0.26567806977601277,0.3633629083633423,0.8246365785598755,0.3882271647453308,43.61911392211914,28.397699719383603,1,21,0.047619047619047616,0.047619047619047616,0.047619047619047616
internal,f43e7c99273ea092,0.5001013875007629,0.4379091262817383,0.06699061393737793,0.26883754337375815,0.3627791106700897,0.0,0.5001013875007629,35.58851623535156,27.173167748884723,1,22,0.0,0.0,0.0
internal,18839d9dd01a74a7,0.3312877416610718,0.30012686053911847,0.0430237352848053,0.24769106100906024,0.3244664967060089,0.2882640063762665,0.3312877416610718,40.01726150512695,27.062930714000355,1,11,0.0,0.0,0.0
internal,3912d9656b57350d,0.7020077705383301,0.6255531907081604,0.05296623706817627,0.49599339812994003,0.6425158381462097,0.7020077705383301,0.6490415334701538,33.35960388183594,26.044075171152752,1,12,0.16666666666666666,0.08333333333333333,0.0
internal,894b52ea84474d5f,0.6799357533454895,0.5890764991442362,0.12886255979537964,0.5130627776185671,0.6646277904510498,0.6799357533454895,0.5510731935501099,37.344120025634766,26.044075171152752,1,12,0.08333333333333333,0.0,0.0
internal,87e6828b031ebe6c,0.0,0.0,0.0,0.0,0.0,0.0,0.0,32.16690444946289,0.0,1,0,0.0,0.0,0.0
internal,59ece7aefacfc969,0.7023690938949585,0.6831411520640055,0.024414539337158203,0.5306274936749384,0.6912186741828918,0.6779545545578003,0.7023690938949585,36.08644390106201,26.321784092829777,2,13,0.23076923076923078,0.07692307692307693,0.0
internal,6bcca438e86457e3,0.48586684465408325,0.4046233495076497,0.061543434858322144,0.2862501008944078,0.3918159604072571,0.29496270418167114,0.48586684465408325,48.224151611328125,25.38045172257857,1,11,0.0,0.0,0.0
internal,50178ce5e014009e,0.5810721516609192,0.44321441650390625,0.20388972759246826,0.3343082612211054,0.45759743452072144,0.3384377658367157,0.5810721516609192,42.2219123840332,25.38045172257857,1,11,0.0,0.0,0.0
internal,8557ba5041f74deb,0.3006611466407776,0.28229230642318726,0.009661674499511719,0.21682941100814127,0.29679369926452637,0.2552163004875183,0.3006611466407776,39.12029266357422,25.38045172257857,1,11,0.0,0.0,0.0
internal,df197089cf18a66c,0.3052670955657959,0.24564004937807718,0.08867430686950684,0.20428533987565475,0.2585160732269287,0.3052670955657959,0.21659278869628906,45.116241455078125,28.92643304304643,1,11,0.0,0.0,0.0
internal,c632c05c90fc8984,0.49202150106430054,0.454145868619283,0.05587223172187805,0.300362844358791,0.38726896047592163,0.49202150106430054,0.4342668354511261,44.566810607910156,29.72005948153409,1,11,0.0,0.0,0.0
internal,27848ff21ef27eaf,0.5476299524307251,0.5335922638575236,0.020422935485839844,0.48066703839735553,0.6076673865318298,0.5272070169448853,0.5476299524307251,31.699132919311523,29.092616167935457,1,11,0.0,0.0,0.0
internal,d200021363a7bc83,0.5069559812545776,0.474705437819163,0.02691638469696045,0.35042745010419324,0.44345393776893616,0.5069559812545776,0.4256846308708191,46.2187385559082,28.92643304304643,1,11,0.0,0.0,0.0
internal,197963e054b43c45,0.3258475959300995,0.3004237910111745,0.031518250703811646,0.2458032857288014,0.3086093068122864,0.3258475959300995,0.29432934522628784,32.845123291015625,29.327017870816317,1,11,0.0,0.0,0.0
internal,0dbac171fae3b004,0.3258475959300995,0.3004237910111745,0.031518250703811646,0.2458032857288014,0.3086093068122864,0.3258475959300995,0.29432934522628784,32.845123291015625,29.327017870816317,1,11,0.0,0.0,0.0
internal,9eac56ac24e60034,0.3050861954689026,0.28782432277997333,0.025287538766860962,0.1426605178664128,0.21115398406982422,0.27858811616897583,0.3050861954689026,28.364360809326172,27.57755120595296,1,12,0.0,0.0,0.0
internal,a3542825e488255d,0.734341025352478,0.6535162528355917,0.08828854560852051,0.35217802936122533,0.469804584980011,0.734341025352478,0.6460524797439575,43.496150970458984,27.170421418689546,1,21,0.09523809523809523,0.047619047619047616,0.0
internal,14aa4385c81c4305,0.4422730803489685,0.4127950668334961,0.03590601682662964,0.22419392861999,0.2968747615814209,0.4422730803489685,0.3897450566291809,45.36973571777344,25.79024102137639,1,26,0.0,0.0,0.0
internal,012ea1f1f7d559e6,0.35851410031318665,0.266574094692866,0.13272857666015625,0.17836402278197439,0.2411932498216629,0.13555540144443512,0.35851410031318665,45.41365051269531,26.75824657239412,1,19,0.0,0.0,0.0
internal,f9606eedd8e73d32,0.5778844356536865,0.469917893409729,0.1165933907032013,0.24361239844246915,0.329425573348999,0.5778844356536865,0.37057819962501526,31.441383361816406,26.75824657239412,1,19,0.0,0.0,0.0
internal,fb71b9fe038ed0a2,0.41143158078193665,0.35458147525787354,0.07985061407089233,0.23954894579946995,0.3102468252182007,0.41143158078193665,0.0,48.2324104309082,33.91979742050171,1,8,0.0,0.0,0.0
internal,aacfafe6729f0786,0.5984541177749634,0.5573856135209402,0.011940479278564453,0.439847894012928,0.5696597099304199,0.5984541177749634,0.0,45.65149688720703,33.91979742050171,1,8,0.0,0.0,0.0
internal,ba90af434cdbbbd8,0.7241305708885193,0.7241305708885193,0.7241305708885193,0.7241305708885193,0.7241305708885193,0.7241305708885193,0.0,38.89149856567383,31.16597557067871,1,1,1.0,1.0,0.0
internal,4dbf6d31fa65daef,0.7914514541625977,0.7914514541625977,0.7914514541625977,0.7914514541625977,0.7914514541625977,0.7914514541625977,0.0,36.759342193603516,31.16597557067871,1,1,1.0,1.0,0.0
internal,a0a7b69ab1eb64ab,0.541537880897522,0.4571695327758789,0.11701732873916626,0.30692938887155974,0.40045198798179626,0.541537880897522,0.4245205521583557,48.138057708740234,30.09912080031175,1,13,0.0,0.0,0.0
internal,d5b5ccb7b0a1fdbf,0.8829213380813599,0.6840237577756246,0.2885647416114807,0.455945216692411,0.5948735475540161,0.8829213380813599,0.5943565964698792,41.9949951171875,30.09912080031175,1,13,0.07692307692307693,0.07692307692307693,0.07692307692307693
internal,01c2ea2547abb9c2,0.5505931377410889,0.4499482909838359,0.14485561847686768,0.28839991413629973,0.37627652287483215,0.26830536127090454,0.5505931377410889,47.43136215209961,30.09912080031175,1,13,0.0,0.0,0.0
internal,04ea4d8dde1371b4,0.23195099830627441,0.2049137701590856,0.03954240679740906,0.12848520708771852,0.16763514280319214,0.15161822736263275,0.23195099830627441,26.40648651123047,30.09912080031175,1,13,0.0,0.0,0.0
internal,37639e9183f3c7f5,0.6943047046661377,0.4638065497080485,0.29444265365600586,0.2946677260915749,0.4488048851490021,0.6943047046661377,0.39986205101013184,35.37449645996094,31.183684825897217,1,8,0.125,0.0,0.0
internal,b8e151a5e7c9db05,0.39937084913253784,0.26750488579273224,0.17715638875961304,0.18618904892355204,0.28358227014541626,0.18092934787273407,0.39937084913253784,23.612607955932617,31.183684825897217,1,8,0.0,0.0,0.0
internal,bac8c7dc67cd286a,0.6943047046661377,0.4638065497080485,0.29444265365600586,0.2946677260915749,0.4488048851490021,0.6943047046661377,0.39986205101013184,35.37449645996094,31.183684825897217,1,8,0.125,0.0,0.0
internal,2b6af7b5b476e38e,0.7423601150512695,0.5804197589556376,0.19766199588775635,0.3648707545362413,0.5557302832603455,0.5446981191635132,0.7423601150512695,39.69748306274414,31.183684825897217,1,8,0.125,0.125,0.0
internal,a1dbff3f7eff1b14,0.6299571990966797,0.44794125358263653,0.25966688990592957,0.2938698469661176,0.447589635848999,0.6299571990966797,0.3702903091907501,40.390220642089844,31.183684825897217,1,8,0.125,0.0,0.0
internal,bc2628c5bee1772e,0.24944084882736206,0.1678878739476204,0.10735964775085449,0.15138536505401134,0.16217632591724396,0.24944084882736206,0.0,31.713851928710938,25.74341869354248,1,4,0.0,0.0,0.0
internal,eea2dbb7248bc9cc,0.320349782705307,0.27140207091967267,0.0682312548160553,0.18808534994721413,0.23159003257751465,0.320349782705307,0.2521185278892517,24.093713760375977,29.116036071777344,1,25,0.0,0.0,0.0
internal,996b6a496fafaf75,0.320349782705307,0.27140207091967267,0.0682312548160553,0.18808534994721413,0.23159003257751465,0.320349782705307,0.2521185278892517,24.093713760375977,29.116036071777344,1,25,0.0,0.0,0.0
hf_github_codereview,4cd17d7210f1d44c,1.0,1.0,1.0,1.0,1.0,1.0,0.0,32.55056381225586,32.55056381225586,1,1,1.0,1.0,1.0
hf_github_codereview,df8df776d03104b9,0.9999999403953552,0.9999999403953552,0.9999999403953552,0.9999999403953552,1.0,0.9999999403953552,0.0,27.235061645507812,27.235061645507812,1,1,1.0,1.0,1.0
hf_github_codereview,7186e02bba1d1f02,0.7172529697418213,0.5630735158920288,0.30835890769958496,0.5630735158920288,0.7029027938842773,0.7172529697418213,0.0,45.88084030151367,45.1637020111084,1,2,0.5,0.5,0.0
hf_github_codereview,f134b46dced33312,1.0,1.0,1.0,1.0,1.0,1.0,0.0,43.28079605102539,43.28079605102539,1,1,1.0,1.0,1.0
hf_github_codereview,b69cfae6585cc713,0.8900240063667297,0.6098094135522842,0.560429185628891,0.6098094135522842,0.7217100858688354,0.8900240063667297,0.0,35.17102813720703,41.66333770751953,1,2,0.5,0.5,0.5
hf_github_codereview,5410d52810a5c331,0.4552658796310425,0.24034358840435743,0.4298445824533701,0.24034358840435743,0.31669431924819946,0.4552658796310425,0.0,33.78797149658203,32.24452495574951,1,2,0.0,0.0,0.0
hf_github_codereview,389f75d5e99249e8,0.8420376181602478,0.8420376181602478,0.8420376181602478,0.8420376181602478,0.8420376181602478,0.8420376181602478,0.0,30.424760818481445,27.57341766357422,1,1,1.0,1.0,1.0
hf_github_codereview,e8d9a574d827f4d3,0.6355881690979004,0.6355881690979004,0.6355881690979004,0.6355881690979004,0.6355881690979004,0.6355881690979004,0.0,36.750892639160156,35.30471420288086,1,1,1.0,0.0,0.0
hf_github_codereview,14c45213ad94ded9,0.5049042105674744,0.31164147332310677,0.3865254744887352,0.31164147332310677,0.3907771110534668,0.5049042105674744,0.0,21.310230255126953,33.52848243713379,1,2,0.0,0.0,0.0
hf_github_codereview,d437bedd31d52014,0.8371825218200684,0.4920552968978882,0.6902544498443604,0.4920552968978882,0.6347980499267578,0.8371825218200684,0.0,26.169694900512695,34.42329788208008,1,2,0.5,0.5,0.5
hf_github_codereview,3c25abfe8f27780e,0.02855919674038887,0.02855919674038887,0.02855919674038887,0.02855919674038887,0.028559204190969467,0.02855919674038887,0.0,31.659250259399414,45.746551513671875,1,1,0.0,0.0,0.0
hf_github_codereview,6afa2e5143c51be9,0.8794680833816528,0.4930638149380684,0.7728085368871689,0.4930638149380684,0.6596487164497375,0.8794680833816528,0.0,33.88227844238281,44.15307426452637,1,2,0.5,0.5,0.5
hf_github_codereview,ec153757a9d407af,0.3339276909828186,0.2232168292005857,0.10058146715164185,0.2232168292005857,0.3009034991264343,0.3339276909828186,0.0,39.84043502807617,40.116556803385414,1,3,0.0,0.0,0.0
hf_github_codereview,df33327eca448d47,0.9999998807907104,0.9999998807907104,0.9999998807907104,0.9999998807907104,0.9999998807907104,0.9999998807907104,0.0,37.552120208740234,37.552120208740234,1,1,1.0,1.0,1.0
hf_github_codereview,cd8a4b62c7fca75d,0.839606523513794,0.839606523513794,0.839606523513794,0.839606523513794,0.8396065831184387,0.839606523513794,0.0,38.3154182434082,41.84236526489258,1,1,1.0,1.0,1.0
hf_github_codereview,d1a6976fcd1926e1,0.5520756244659424,0.5520756244659424,0.5520756244659424,0.5520756244659424,0.5520756244659424,0.5520756244659424,0.0,41.62128448486328,35.84981918334961,1,1,0.0,0.0,0.0
hf_github_codereview,c078a94cd8edef43,0.2927583158016205,0.2927583158016205,0.2927583158016205,0.2927583158016205,0.29275834560394287,0.2927583158016205,0.0,44.87256622314453,39.92804718017578,1,1,0.0,0.0,0.0
hf_github_codereview,4b7fb01d5a55b031,0.4448263347148895,0.3917878419160843,0.10607698559761047,0.3917878419160843,0.44714879989624023,0.4448263347148895,0.0,34.239356994628906,46.21649169921875,1,2,0.0,0.0,0.0
hf_github_codereview,c9cbceb64d919140,0.8365801572799683,0.8365801572799683,0.8365801572799683,0.8365801572799683,0.8365801572799683,0.8365801572799683,0.0,41.185672760009766,38.777828216552734,1,1,1.0,1.0,1.0
hf_github_codereview,b20bee588840dabf,0.6658359169960022,0.6658359169960022,0.6658359169960022,0.6658359169960022,0.6658359169960022,0.6658359169960022,0.0,37.66686248779297,38.777828216552734,1,1,1.0,0.0,0.0
hf_github_codereview,8961069ac4abf068,0.844351053237915,0.7951919138431549,0.09831827878952026,0.7951919138431549,0.8647619485855103,0.844351053237915,0.0,39.992122650146484,40.361066818237305,1,2,1.0,1.0,0.5
hf_github_codereview,3d7574a43b9ff863,1.0,1.0,1.0,1.0,1.0,1.0,0.0,37.974674224853516,37.974674224853516,1,1,1.0,1.0,1.0
hf_github_codereview,3fe50f8d257172d3,0.9559024572372437,0.9559024572372437,0.9559024572372437,0.9559024572372437,0.9559025168418884,0.9559024572372437,0.0,37.974674224853516,36.0833740234375,1,1,1.0,1.0,1.0
hf_github_codereview,d39b00a13ed904a1,1.0,1.0,1.0,1.0,1.0,1.0,0.0,28.020416259765625,28.020416259765625,1,1,1.0,1.0,1.0
hf_github_codereview,4737c34cfe47495e,0.8450355529785156,0.6388864666223526,0.41229817271232605,0.6388864666223526,0.7597424387931824,0.8450355529785156,0.0,40.425880432128906,37.69176959991455,1,2,0.5,0.5,0.5
hf_github_codereview,b154923e6fcfd101,0.26236701011657715,0.26236701011657715,0.26236701011657715,0.26236701011657715,0.26236701011657715,0.26236701011657715,0.0,30.558517456054688,27.680801391601562,1,1,0.0,0.0,0.0
hf_github_codereview,dbb493267fe87e05,0.5869617462158203,0.5869617462158203,0.5869617462158203,0.5869617462158203,0.5869617462158203,0.5869617462158203,0.0,32.321109771728516,47.67127227783203,1,1,0.0,0.0,0.0
hf_github_codereview,60fa7ba71fcd1fd2,1.0,1.0,1.0,1.0,1.0,1.0,0.0,40.13279342651367,40.13279342651367,1,1,1.0,1.0,1.0
hf_github_codereview,4702e4776e462412,0.4580250084400177,0.4580250084400177,0.4580250084400177,0.4580250084400177,0.4580250084400177,0.4580250084400177,0.0,29.67935562133789,37.10314178466797,1,1,0.0,0.0,0.0
hf_github_codereview,45422b1207b4e89d,0.7200020551681519,0.7200020551681519,0.7200020551681519,0.7200020551681519,0.7200020551681519,0.7200020551681519,0.0,41.69355773925781,41.86482620239258,1,1,1.0,1.0,0.0
hf_github_codereview,8fe2e2675934ad33,0.8206714987754822,0.468928012996912,0.7034869715571404,0.468928012996912,0.6281113624572754,0.8206714987754822,0.0,35.49024963378906,28.223766326904297,1,2,0.5,0.5,0.5
hf_github_codereview,6cf332abbff94fb3,0.1605769693851471,0.1605769693851471,0.1605769693851471,0.1605769693851471,0.16057699918746948,0.1605769693851471,0.0,30.645952224731445,31.93936538696289,1,1,0.0,0.0,0.0
hf_github_codereview,d9f01f80c689cbbe,0.498222291469574,0.3001854221026103,0.27464917302131653,0.3001854221026103,0.38687217235565186,0.498222291469574,0.0,28.96379852294922,27.471591313680012,1,3,0.0,0.0,0.0
hf_github_codereview,732a5235577856a0,1.0,1.0,1.0,1.0,1.0,1.0,0.0,36.453346252441406,36.453346252441406,1,1,1.0,1.0,1.0
hf_github_codereview,84f5d213955e16c5,0.9632004499435425,0.7251281142234802,0.4761446714401245,0.7251281142234802,0.8380741477012634,0.9632004499435425,0.0,38.14812469482422,33.450204849243164,1,2,0.5,0.5,0.5
hf_github_codereview,7b0f1884ae0c71ac,0.9999998807907104,0.9999998807907104,0.9999998807907104,0.9999998807907104,0.9999999403953552,0.9999998807907104,0.0,27.974395751953125,27.974395751953125,1,1,1.0,1.0,1.0
hf_github_codereview,e130331cd4717104,0.9999998807907104,0.9999998807907104,0.9999998807907104,0.9999998807907104,0.9999999403953552,0.9999998807907104,0.0,27.974395751953125,27.974395751953125,1,1,1.0,1.0,1.0
hf_github_codereview,bf166ea291ceea14,1.0,1.0,1.0,1.0,1.0,1.0,0.0,35.958621978759766,35.958621978759766,1,1,1.0,1.0,1.0
hf_github_codereview,ceb5acdf30f767c8,1.0,0.39201685848335427,0.8520372956991196,0.39201685848335427,0.6366080045700073,1.0,0.0,39.35408020019531,35.7516663869222,1,3,0.3333333333333333,0.3333333333333333,0.3333333333333333
hf_github_codereview,5364d16aaefa972f,1.0,1.0,1.0,1.0,1.0,1.0,0.0,39.48793411254883,39.48793411254883,1,1,1.0,1.0,1.0
hf_github_codereview,8847de6cfa50e361,0.9347506761550903,0.9347506761550903,0.9347506761550903,0.9347506761550903,0.9347507953643799,0.9347506761550903,0.0,36.086097717285156,35.305782318115234,1,1,1.0,1.0,1.0
hf_github_codereview,b037adb45fd6bc1e,0.9936872720718384,0.9936872720718384,0.9936872720718384,0.9936872720718384,0.9936873912811279,0.9936872720718384,0.0,41.052703857421875,43.63740539550781,1,1,1.0,1.0,1.0
hf_github_codereview,d41057d1700e298d,0.9985412359237671,0.9985412359237671,0.9985412359237671,0.9985412359237671,0.9985412359237671,0.9985412359237671,0.0,40.88267135620117,41.128448486328125,1,1,1.0,1.0,1.0
hf_github_codereview,7ec15053fc500ee1,1.0,1.0,1.0,1.0,1.0,1.0,0.0,38.82838439941406,38.82838439941406,1,1,1.0,1.0,1.0
hf_github_codereview,49c96b8ff4cc0265,1.0,1.0,1.0,1.0,1.0,1.0,0.0,34.358272552490234,34.358272552490234,1,1,1.0,1.0,1.0
hf_github_codereview,959d73bf17213d0f,0.7587969303131104,0.7587969303131104,0.7587969303131104,0.7587969303131104,0.7587969303131104,0.7587969303131104,0.0,41.718780517578125,36.8476676940918,1,1,1.0,1.0,0.0
hf_github_codereview,64a26779f906dd47,1.0,1.0,1.0,1.0,1.0,1.0,0.0,38.32377624511719,38.32377624511719,1,1,1.0,1.0,1.0
hf_github_codereview,0e32b8caadf9bc43,1.0,1.0,1.0,1.0,1.0,1.0,0.0,38.32377624511719,38.32377624511719,1,1,1.0,1.0,1.0
hf_github_codereview,5612ccd651443f80,0.9999999403953552,0.9999999403953552,0.9999999403953552,0.9999999403953552,1.0,0.9999999403953552,0.0,27.52396583557129,27.52396583557129,1,1,1.0,1.0,1.0
hf_github_codereview,184dddbc0750c6a4,0.41459864377975464,0.41459864377975464,0.41459864377975464,0.41459864377975464,0.41459864377975464,0.41459864377975464,0.0,33.31174087524414,42.41133499145508,1,1,0.0,0.0,0.0
hf_github_codereview,5d6825f45ebf20dd,0.33021262288093567,0.12811105201641718,0.2908545173704624,0.12811105201641718,0.1714911162853241,0.33021262288093567,0.0,33.22359085083008,41.417606353759766,1,3,0.0,0.0,0.0
hf_github_codereview,fc95be84637a7c7a,0.3595550060272217,0.15074299648404121,0.288217157125473,0.15074299648404121,0.20177336037158966,0.3595550060272217,0.0,33.79049301147461,42.29187901814779,1,3,0.0,0.0,0.0
hf_github_codereview,3b374c4dfeacefc9,0.6591342687606812,0.5119371712207794,0.29439419507980347,0.5119371712207794,0.6038999557495117,0.6591342687606812,0.0,37.576324462890625,40.47717475891113,1,2,0.5,0.0,0.0
hf_github_codereview,6c5fa40f9d6baa5e,1.0,1.0,1.0,1.0,1.0,1.0,0.0,34.26909637451172,34.26909637451172,1,1,1.0,1.0,1.0
hf_github_codereview,808448b88dbb88db,0.9645334482192993,0.9645334482192993,0.9645334482192993,0.9645334482192993,0.9645335674285889,0.9645334482192993,0.0,41.431732177734375,39.9643440246582,1,1,1.0,1.0,1.0
hf_github_codereview,29d58a5698e55fdc,0.8493199348449707,0.8493199348449707,0.8493199348449707,0.8493199348449707,0.8493199348449707,0.8493199348449707,0.0,42.264068603515625,39.917118072509766,1,1,1.0,1.0,1.0
hf_github_codereview,0b201f517dfa9fab,0.7114441394805908,0.6042177379131317,0.2144528031349182,0.6042177379131317,0.6859623193740845,0.7114441394805908,0.0,34.5853157043457,46.867225646972656,1,2,0.5,0.5,0.0
hf_github_codereview,c328ff71b3af6bf4,1.0,1.0,1.0,1.0,1.0,1.0,0.0,20.589418411254883,20.589418411254883,1,1,1.0,1.0,1.0
hf_github_codereview,04f8511321a14249,0.529358983039856,0.3834899812936783,0.29173800349235535,0.3834899812936783,0.47388702630996704,0.529358983039856,0.0,41.11299133300781,40.20284080505371,1,2,0.0,0.0,0.0
hf_github_codereview,5b612e4b586589b5,0.4648352861404419,0.39826804399490356,0.13313448429107666,0.39826804399490356,0.4932628870010376,0.4648352861404419,0.0,43.26804733276367,40.023305892944336,1,2,0.0,0.0,0.0
hf_github_codereview,a14332921a1b8585,0.8098729848861694,0.5196914523839951,0.5803630650043488,0.5196914523839951,0.6979038715362549,0.8098729848861694,0.0,32.17488479614258,33.72732639312744,1,2,0.5,0.5,0.5
hf_github_codereview,61d9829dd9b5b5bf,0.7816353440284729,0.5875546783208847,0.3881613314151764,0.5875546783208847,0.7221302390098572,0.7816353440284729,0.0,45.466514587402344,41.45841979980469,1,2,0.5,0.5,0.0
hf_github_codereview,61d3d6becfa2be62,0.6670764684677124,0.6670764684677124,0.6670764684677124,0.6670764684677124,0.6670765280723572,0.6670764684677124,0.0,28.25112533569336,32.77594757080078,1,1,1.0,0.0,0.0
hf_github_codereview,54467dca4c9c4016,0.9879956245422363,0.7776031891504923,0.29588961601257324,0.7776031891504923,0.8673984408378601,0.9879956245422363,0.0,41.50687789916992,43.724727630615234,1,3,1.0,0.3333333333333333,0.3333333333333333
hf_github_codereview,1cef3b6a90d89d8e,0.9782114028930664,0.8062440355618795,0.19859153032302856,0.7569811791181564,0.8758794665336609,0.9782114028930664,0.0,45.6022834777832,45.357948303222656,1,4,1.0,0.5,0.25
hf_github_codereview,cd3b6261dd89d4c2,0.8671995401382446,0.7319257259368896,0.1778598427772522,0.6928620338439941,0.8016891479492188,0.8671995401382446,0.0,44.574188232421875,45.357948303222656,1,4,0.75,0.25,0.25
hf_github_codereview,026588fd2c91f73c,0.9432622194290161,0.7839112679163615,0.16691291332244873,0.7335513979196548,0.8487696647644043,0.9432622194290161,0.0,44.74257278442383,45.357948303222656,1,4,0.75,0.5,0.25
hf_github_codereview,85cc77b7401ac27f,0.9294870495796204,0.5415319502353668,0.7759101986885071,0.5415319502353668,0.7138056755065918,0.9294870495796204,0.0,40.941524505615234,31.88112163543701,1,2,0.5,0.5,0.5
hf_github_codereview,439f6615759bad97,0.7521868944168091,0.7521868944168091,0.7521868944168091,0.7521868944168091,0.7521869540214539,0.7521868944168091,0.0,42.55238342285156,39.79225158691406,1,1,1.0,1.0,0.0
hf_github_codereview,fb0a6f5cb5ff5c0e,0.46906742453575134,0.46906742453575134,0.46906742453575134,0.46906742453575134,0.46906745433807373,0.46906742453575134,0.0,44.60309982299805,39.79225158691406,1,1,0.0,0.0,0.0
hf_github_codereview,b254fff997e200c8,1.0,0.5178045853972435,0.5273678302764893,0.5178045853972435,0.7274997234344482,1.0,0.0,40.862545013427734,35.52304712931315,1,3,0.3333333333333333,0.3333333333333333,0.3333333333333333
hf_github_codereview,33fe1ece98fda613,0.5600902438163757,0.5600902438163757,0.5600902438163757,0.5600902438163757,0.560090184211731,0.5600902438163757,0.0,48.3184928894043,34.769859313964844,1,1,0.0,0.0,0.0
hf_github_codereview,41c9729a1a617ef2,0.7989543676376343,0.7989543676376343,0.7989543676376343,0.7989543676376343,0.7989542484283447,0.7989543676376343,0.0,39.12803268432617,45.39877700805664,1,1,1.0,1.0,0.0
hf_github_codereview,29ddac2c1df04fd6,0.7248067855834961,0.7248067855834961,0.7248067855834961,0.7248067855834961,0.7248067855834961,0.7248067855834961,0.0,41.751190185546875,42.49052047729492,1,1,1.0,1.0,0.0
hf_github_codereview,7f586f319bca7992,0.34055328369140625,0.34055328369140625,0.34055328369140625,0.34055328369140625,0.34055328369140625,0.34055328369140625,0.0,33.936458587646484,31.690467834472656,1,1,0.0,0.0,0.0
hf_github_codereview,dfa7bbff3f82e76c,0.9769793748855591,0.5897819995880127,0.7743947505950928,0.5897819995880127,0.7680661082267761,0.9769793748855591,0.0,23.125900268554688,22.690235137939453,1,2,0.5,0.5,0.5
hf_github_codereview,fa41c33cd449e41c,0.7196872234344482,0.7196872234344482,0.7196872234344482,0.7196872234344482,0.7196872234344482,0.7196872234344482,0.0,44.299072265625,41.734066009521484,1,1,1.0,1.0,0.0
hf_github_codereview,fc926b5a2fe7b0ca,0.620477020740509,0.4638214260339737,0.3133111894130707,0.4638214260339737,0.5313401222229004,0.620477020740509,0.0,40.63345718383789,40.6827392578125,1,2,0.5,0.0,0.0
hf_github_codereview,807c7c29790b94c1,0.42579734325408936,0.33111633360385895,0.18936201930046082,0.33111633360385895,0.3926736116409302,0.42579734325408936,0.0,42.01423263549805,36.795180320739746,1,2,0.0,0.0,0.0
hf_github_codereview,aeee0b6b686fa23b,0.6594305038452148,0.6009825468063354,0.11689591407775879,0.6009825468063354,0.6757542490959167,0.6594305038452148,0.0,42.12635803222656,45.818206787109375,1,2,0.5,0.0,0.0
hf_github_codereview,07f0c1e6b5f06040,0.9999999403953552,0.7113781571388245,0.5772435665130615,0.7113781571388245,0.8434323668479919,0.9999999403953552,0.0,42.522525787353516,39.644792556762695,1,2,0.5,0.5,0.5
hf_github_codereview,a546681c5937122f,0.2641844153404236,0.24150353173414865,0.01583389937877655,0.21480849757790565,0.23482295870780945,0.2641844153404236,0.0,41.49566650390625,26.3072509765625,1,4,0.0,0.0,0.0
hf_github_codereview,670a31f427196bba,0.31341204047203064,0.31341204047203064,0.31341204047203064,0.31341204047203064,0.3134121000766754,0.31341204047203064,0.0,48.14590072631836,39.51555633544922,1,1,0.0,0.0,0.0
hf_github_codereview,87ca11d35a7d55ac,0.9927971363067627,0.7509596347808838,0.4836750030517578,0.7509596347808838,0.8671109080314636,0.9927971363067627,0.0,47.63837432861328,39.67989921569824,1,2,0.5,0.5,0.5
hf_github_codereview,b445b1af0f1bcea2,0.8225435018539429,0.6481984853744507,0.3486900329589844,0.6481984853744507,0.7787045240402222,0.8225435018539429,0.0,37.900760650634766,35.687034606933594,1,2,0.5,0.5,0.5
hf_github_codereview,aa568bf59d4fa1eb,0.8239797353744507,0.8239797353744507,0.8239797353744507,0.8239797353744507,0.8239797353744507,0.8239797353744507,0.0,41.88888168334961,44.918861389160156,1,1,1.0,1.0,1.0
hf_github_codereview,6ec97cdc2abeeafc,0.6447312235832214,0.5132728517055511,0.2629167437553406,0.5132728517055511,0.6391257047653198,0.6447312235832214,0.0,40.80012512207031,43.86047554016113,1,2,0.5,0.0,0.0
hf_github_codereview,701b41e3e9dafee0,0.6770197153091431,0.6770197153091431,0.6770197153091431,0.6770197153091431,0.6770197749137878,0.6770197153091431,0.0,32.25050354003906,34.077388763427734,1,1,1.0,0.0,0.0
hf_github_codereview,b4e03ea343462902,0.27350324392318726,0.27350324392318726,0.27350324392318726,0.27350324392318726,0.27350324392318726,0.27350324392318726,0.0,39.76898956298828,41.16272735595703,1,1,0.0,0.0,0.0
hf_github_codereview,c8035bea579a4de6,0.7279152870178223,0.457340806722641,0.5411489605903625,0.457340806722641,0.5778093338012695,0.7279152870178223,0.0,40.68073272705078,34.06779479980469,1,2,0.5,0.5,0.0
hf_github_codereview,95c8b23cf3f2de15,0.48334628343582153,0.48334628343582153,0.48334628343582153,0.48334628343582153,0.48334628343582153,0.48334628343582153,0.0,40.708229064941406,37.451168060302734,1,1,0.0,0.0,0.0
hf_github_codereview,376c9caa92681781,0.14191174507141113,0.1418340504169464,0.00015538930892944336,0.1418340504169464,0.18589527904987335,0.14191174507141113,0.0,34.23766326904297,30.079676628112793,1,2,0.0,0.0,0.0
hf_github_codereview,b40abcc167008c98,0.5145047903060913,0.46794140338897705,0.09312677383422852,0.46794140338897705,0.5427877902984619,0.5145047903060913,0.0,38.111602783203125,34.18668746948242,1,2,0.0,0.0,0.0
hf_github_codereview,a517a58250a032ed,0.8173085451126099,0.8173085451126099,0.8173085451126099,0.8173085451126099,0.8173086047172546,0.8173085451126099,0.0,40.8247184753418,45.88072967529297,1,1,1.0,1.0,1.0
hf_github_codereview,cdf9fcd70e3e7d31,0.9999999403953552,0.9999999403953552,0.9999999403953552,0.9999999403953552,1.0,0.9999999403953552,0.0,41.571834564208984,41.571834564208984,1,1,1.0,1.0,1.0
hf_github_codereview,b7f9123846c24470,0.9999999403953552,0.7003655433654785,0.5992687940597534,0.7003655433654785,0.8368784189224243,0.9999999403953552,0.0,41.571834564208984,38.34092140197754,1,2,0.5,0.5,0.5
hf_github_codereview,c7b7a7faec42a330,1.0,0.7003655731678009,0.5992688536643982,0.7003655731678009,0.8368785381317139,1.0,0.0,35.110008239746094,38.34092140197754,1,2,0.5,0.5,0.5
hf_github_codereview,6073f74990a1437b,1.0,1.0,1.0,1.0,1.0,1.0,0.0,31.876911163330078,31.876911163330078,1,1,1.0,1.0,1.0
hf_github_codereview,0788fb19ea70a119,0.8458967208862305,0.6331988573074341,0.4253957271575928,0.6331988573074341,0.7292467951774597,0.8458967208862305,0.0,42.668914794921875,38.06704616546631,1,2,0.5,0.5,0.5
hf_github_codereview,f51f881d184dd122,1.0,1.0,1.0,1.0,1.0,1.0,0.0,22.707847595214844,22.707847595214844,1,1,1.0,1.0,1.0
hf_github_codereview,2dd9e4467237bfe5,1.0,1.0,1.0,1.0,1.0,1.0,0.0,37.657005310058594,37.657005310058594,1,1,1.0,1.0,1.0
hf_github_codereview,0f0b6fc6daa8fbea,1.0,1.0,1.0,1.0,1.0,1.0,0.0,37.657005310058594,37.657005310058594,1,1,1.0,1.0,1.0
hf_github_codereview,c443341734fec35e,0.7170486450195312,0.7170486450195312,0.7170486450195312,0.7170486450195312,0.7170486450195312,0.7170486450195312,0.0,40.65422058105469,43.603485107421875,1,1,1.0,1.0,0.0
hf_github_codereview,14c034f70c19d763,1.0,1.0,1.0,1.0,1.0,1.0,0.0,31.61829376220703,31.61829376220703,1,1,1.0,1.0,1.0
hf_github_codereview,0a8696f0f1a1b801,1.0,1.0,1.0,1.0,1.0,1.0,0.0,37.06153106689453,37.06153106689453,1,1,1.0,1.0,1.0
hf_github_codereview,384163525d7ae765,0.9250655770301819,0.5451390519738197,0.7598530501127243,0.5451390519738197,0.727313220500946,0.9250655770301819,0.0,43.52946090698242,40.09315490722656,1,2,0.5,0.5,0.5
hf_github_codereview,d3930dc8390e5b16,0.39876389503479004,0.24749934673309326,0.30252909660339355,0.24749934673309326,0.3364346921443939,0.39876389503479004,0.0,44.02262878417969,38.68233680725098,1,2,0.0,0.0,0.0
hf_github_codereview,36f4c32cac9b3848,0.2619275748729706,0.2619275748729706,0.2619275748729706,0.2619275748729706,0.2619275748729706,0.2619275748729706,0.0,36.98112869262695,29.044218063354492,1,1,0.0,0.0,0.0
hf_github_codereview,86b33787f2cb364f,0.2209404557943344,0.2209404557943344,0.2209404557943344,0.2209404557943344,0.2209404557943344,0.2209404557943344,0.0,35.695980072021484,30.460329055786133,1,1,0.0,0.0,0.0
hf_github_codereview,797c4ecd49be3e03,0.4896416664123535,0.4476420134305954,0.08399930596351624,0.4476420134305954,0.5489945411682129,0.4896416664123535,0.0,39.42011642456055,40.30024719238281,1,2,0.0,0.0,0.0
hf_github_codereview,3a0c291f80f8a628,0.37056034803390503,0.37056034803390503,0.37056034803390503,0.37056034803390503,0.37056034803390503,0.37056034803390503,0.0,40.44536590576172,30.763511657714844,1,1,0.0,0.0,0.0
hf_github_codereview,0a9de208fd0ae201,0.3124849498271942,0.3124849498271942,0.3124849498271942,0.3124849498271942,0.3124849498271942,0.3124849498271942,0.0,39.953697204589844,29.7578125,1,1,0.0,0.0,0.0
hf_github_codereview,3763b0f60752dfd4,0.9999999403953552,0.9999999403953552,0.9999999403953552,0.9999999403953552,1.0,0.9999999403953552,0.0,29.918119430541992,29.918119430541992,1,1,1.0,1.0,1.0
hf_github_codereview,1da1ec130ce63c67,0.9999997615814209,0.9999997615814209,0.9999997615814209,0.9999997615814209,0.9999999403953552,0.9999997615814209,0.0,20.5019474029541,20.5019474029541,1,1,1.0,1.0,1.0
hf_github_codereview,556cd9453b9d1bc1,0.9999999403953552,0.5962438881397247,0.807512104511261,0.5962438881397247,0.7721682786941528,0.9999999403953552,0.0,21.24495506286621,31.590720176696777,1,2,0.5,0.5,0.5
hf_github_codereview,ac9f9e9c3b5d4975,0.8466708064079285,0.8466708064079285,0.8466708064079285,0.8466708064079285,0.8466708064079285,0.8466708064079285,0.0,29.3658390045166,36.19600296020508,1,1,1.0,1.0,1.0
hf_github_codereview,89aa3564c476c90d,1.0,1.0,1.0,1.0,1.0,1.0,0.0,31.054092407226562,31.054092407226562,1,1,1.0,1.0,1.0
hf_github_codereview,f3371d86a0aa9eef,1.0,1.0,1.0,1.0,1.0,1.0,0.0,38.976776123046875,38.976776123046875,1,1,1.0,1.0,1.0
hf_github_codereview,982b3882aa2fd385,0.7823653221130371,0.5214977413415909,0.5217351615428925,0.5214977413415909,0.6257085800170898,0.7823653221130371,0.0,44.87480163574219,34.66199493408203,1,2,0.5,0.5,0.0
hf_github_codereview,f0559989db4b5654,0.12241297960281372,0.12241297960281372,0.12241297960281372,0.12241297960281372,0.12241299450397491,0.12241297960281372,0.0,38.96142578125,39.615333557128906,1,1,0.0,0.0,0.0
hf_github_codereview,ea3b2f9fe4712ce8,0.43197834491729736,0.3387507423758507,0.18645520508289337,0.3387507423758507,0.42980659008026123,0.43197834491729736,0.0,38.18045425415039,41.54772186279297,1,2,0.0,0.0,0.0
hf_github_codereview,bddfd164865ddddb,0.32277876138687134,0.32277876138687134,0.32277876138687134,0.32277876138687134,0.32277876138687134,0.32277876138687134,0.0,43.322181701660156,39.93190383911133,1,1,0.0,0.0,0.0
hf_github_codereview,cba5a2afd1d01553,0.9999997615814209,0.9999997615814209,0.9999997615814209,0.9999997615814209,1.0,0.9999997615814209,0.0,24.646818161010742,24.646818161010742,1,1,1.0,1.0,1.0
hf_github_codereview,d859929c7d66bc81,0.9999998807907104,0.9999998807907104,0.9999998807907104,0.9999998807907104,0.9999999403953552,0.9999998807907104,0.0,35.00986862182617,35.00986862182617,1,1,1.0,1.0,1.0
hf_github_codereview,36f03706235bdca8,0.9999999403953552,0.9999999403953552,0.9999999403953552,0.9999999403953552,1.0,0.9999999403953552,0.0,38.89264678955078,38.89264678955078,1,1,1.0,1.0,1.0
hf_github_codereview,8e07e2979418ef34,1.0,1.0,1.0,1.0,1.0,1.0,0.0,28.750207901000977,28.750207901000977,1,1,1.0,1.0,1.0
hf_github_codereview,dafb38dc8d2004b9,0.7616836428642273,0.5442473888397217,0.43487250804901123,0.5442473888397217,0.6837416887283325,0.7616836428642273,0.0,41.512142181396484,42.23943901062012,1,2,0.5,0.5,0.0
hf_github_codereview,f2a543399a927dfa,0.2765797972679138,0.2765797972679138,0.2765797972679138,0.2765797972679138,0.2765798270702362,0.2765797972679138,0.0,43.053802490234375,28.156314849853516,1,1,0.0,0.0,0.0
hf_github_codereview,9e2daed8d5f16608,0.8898983001708984,0.5880720168352127,0.6036525666713715,0.5880720168352127,0.7311225533485413,0.8898983001708984,0.0,34.44524383544922,28.46702766418457,1,2,0.5,0.5,0.5
hf_github_codereview,029739864ef85065,0.8898983001708984,0.5692023411393166,0.6413919180631638,0.5692023411393166,0.7205934524536133,0.8898983001708984,0.0,34.44524383544922,32.76653003692627,1,2,0.5,0.5,0.5
hf_github_codereview,1c574e37d37dced8,0.6436879634857178,0.5140828341245651,0.2592102587223053,0.5140828341245651,0.6033998727798462,0.6436879634857178,0.0,45.4401741027832,46.62039756774902,1,2,0.5,0.0,0.0
hf_github_codereview,bb7a7beb4459f7c1,0.7419221997261047,0.6197896897792816,0.24426501989364624,0.6197896897792816,0.7084766626358032,0.7419221997261047,0.0,31.22863006591797,38.61402702331543,1,2,0.5,0.5,0.0
hf_github_codereview,285bec4194625d3b,0.7219982743263245,0.4015698842704296,0.6408567801117897,0.4015698842704296,0.5372583866119385,0.7219982743263245,0.0,40.734737396240234,33.21474266052246,1,2,0.5,0.5,0.0
hf_github_codereview,0bf6ca9327c17876,1.0,0.6138291135430336,0.7723417729139328,0.6138291135430336,0.7834724187850952,1.0,0.0,29.835121154785156,29.253392219543457,1,2,0.5,0.5,0.5
hf_github_codereview,0d957a9d6200075f,1.0,0.6138291135430336,0.7723417729139328,0.6138291135430336,0.7834725379943848,1.0,0.0,28.671663284301758,29.253392219543457,1,2,0.5,0.5,0.5
hf_github_codereview,3fcb63d95b5f3189,0.8716304302215576,0.5285761430859566,0.6861085742712021,0.5285761430859566,0.7218631505966187,0.8716304302215576,0.0,37.26050567626953,33.17696952819824,1,2,0.5,0.5,0.5
hf_github_codereview,a42f23a902db423a,0.45167702436447144,0.4114077687263489,0.042047083377838135,0.4114077687263489,0.6250320672988892,0.45167702436447144,0.0,33.7619743347168,34.55149586995443,1,3,0.0,0.0,0.0
hf_github_codereview,38ec44bbe983fb0e,1.0,1.0,1.0,1.0,1.0,1.0,0.0,28.734882354736328,28.734882354736328,1,1,1.0,1.0,1.0
hf_github_codereview,c0689572c2aa635c,0.3157035708427429,0.2838431696097056,0.03796243667602539,0.2650357186794281,0.2830802798271179,0.3157035708427429,0.0,35.50931167602539,25.276252269744873,1,4,0.0,0.0,0.0
hf_github_codereview,917f8e357a2a88bb,0.27366989850997925,0.257024089495341,0.01935786008834839,0.24172689020633698,0.2591310739517212,0.27366989850997925,0.0,39.25551223754883,25.43599033355713,1,4,0.0,0.0,0.0
hf_github_codereview,5c304baf268ea446,1.0,1.0,1.0,1.0,1.0,1.0,0.0,28.766756057739258,28.766756057739258,1,1,1.0,1.0,1.0
hf_github_codereview,1758c6fd5e2b39d4,1.0,1.0,1.0,1.0,1.0,1.0,0.0,28.766756057739258,28.766756057739258,1,1,1.0,1.0,1.0
hf_github_codereview,968e882a79911a77,0.6916019320487976,0.6916019320487976,0.6916019320487976,0.6916019320487976,0.6916019320487976,0.6916019320487976,0.0,36.29295349121094,25.645294189453125,1,1,1.0,0.0,0.0
hf_github_codereview,6fd9be60cb2947c3,1.0,1.0,1.0,1.0,1.0,1.0,0.0,18.011329650878906,18.011329650878906,1,1,1.0,1.0,1.0
hf_github_codereview,1fc7f9c70b05e362,0.9999999403953552,0.6909153163433075,0.6181692481040955,0.6909153163433075,0.831213116645813,0.9999999403953552,0.0,40.43805694580078,39.81321334838867,1,2,0.5,0.5,0.5
hf_github_codereview,752f2a62c51b5cd1,1.0,0.8884722590446472,0.133009672164917,0.704618439078331,0.8983930349349976,1.0,0.0,41.11380386352539,36.865233421325684,1,4,0.75,0.75,0.5
hf_github_codereview,f6403ae5e414e64f,0.8801392316818237,0.8683367967605591,0.023604869842529297,0.8683367967605591,0.8987360596656799,0.8801392316818237,0.0,41.325904846191406,41.57383728027344,1,2,1.0,1.0,1.0
hf_github_codereview,a9a857ef6c4900a6,1.0,1.0,1.0,1.0,1.0,1.0,0.0,32.70881271362305,32.70881271362305,1,1,1.0,1.0,1.0
hf_github_codereview,1226c3d61b990646,0.7586012482643127,0.7586012482643127,0.7586012482643127,0.7586012482643127,0.7586013078689575,0.7586012482643127,0.0,44.00126266479492,48.31467056274414,1,1,1.0,1.0,0.0
hf_github_codereview,952fd50ff411d79d,0.790549635887146,0.6185170710086823,0.3440651297569275,0.6185170710086823,0.7402217984199524,0.790549635887146,0.0,30.240636825561523,35.69164848327637,1,2,0.5,0.5,0.0
hf_github_codereview,795e78f4e2262434,1.0,1.0,1.0,1.0,1.0,1.0,0.0,28.22771453857422,28.22771453857422,1,1,1.0,1.0,1.0
hf_github_codereview,2af5663f8b2005a0,0.9999998807907104,0.9999998807907104,0.9999998807907104,0.9999998807907104,1.0,0.9999998807907104,0.0,31.286489486694336,31.286489486694336,1,1,1.0,1.0,1.0
hf_github_codereview,9bf065d12c499655,0.7787747383117676,0.7787747383117676,0.7787747383117676,0.7787747383117676,0.7787747383117676,0.7787747383117676,0.0,36.236083984375,39.310203552246094,1,1,1.0,1.0,0.0
hf_github_codereview,0b00ab447a6ff107,0.9103373885154724,0.9103373885154724,0.9103373885154724,0.9103373885154724,0.9103373885154724,0.9103373885154724,0.0,40.29014205932617,39.310203552246094,1,1,1.0,1.0,1.0
hf_github_codereview,10539540a4dd7c7d,0.9999999403953552,0.9999999403953552,0.9999999403953552,0.9999999403953552,1.0,0.9999999403953552,0.0,38.46237564086914,38.46237564086914,1,1,1.0,1.0,1.0
hf_github_codereview,ce1606a583b8c9ad,0.9999998807907104,0.6173930838704109,0.7652135938405991,0.6173930838704109,0.7857437133789062,0.9999998807907104,0.0,40.25368118286133,41.882585525512695,1,2,0.5,0.5,0.5
hf_github_codereview,a92c996a7aeb0e23,0.7120913863182068,0.5756916105747223,0.272799551486969,0.5756916105747223,0.7006816864013672,0.7120913863182068,0.0,34.056819915771484,36.11926078796387,1,2,0.5,0.5,0.0
hf_github_codereview,e953026e3f88ec0b,0.9220009446144104,0.7875548899173737,0.2688921093940735,0.7875548899173737,0.9157616496086121,0.9220009446144104,0.0,34.22523880004883,35.69175624847412,1,2,1.0,0.5,0.5
hf_github_codereview,9d6b6b7c080b4d66,0.4992469549179077,0.4992469549179077,0.4992469549179077,0.4992469549179077,0.4992469549179077,0.4992469549179077,0.0,36.74729919433594,26.52404022216797,1,1,0.0,0.0,0.0
hf_github_codereview,0b2654877ca58686,0.7439438700675964,0.7439438700675964,0.7439438700675964,0.7439438700675964,0.7439437508583069,0.7439438700675964,0.0,33.095279693603516,26.758676528930664,1,1,1.0,1.0,0.0
hf_github_codereview,0659f552a13c3207,1.0,0.6437029937903086,0.533810019493103,0.5953841730952263,0.7044514417648315,1.0,0.0,32.17926788330078,29.626386642456055,1,4,0.25,0.25,0.25
hf_github_codereview,86b259de90c8fe84,0.48393917083740234,0.48393917083740234,0.48393917083740234,0.48393917083740234,0.48393917083740234,0.48393917083740234,0.0,32.17926788330078,26.65155029296875,1,1,0.0,0.0,0.0
hf_github_codereview,f4b13b9adb24873b,0.5851765871047974,0.5851765871047974,0.5851765871047974,0.5851765871047974,0.5851765871047974,0.5851765871047974,0.0,29.6176700592041,32.127952575683594,1,1,0.0,0.0,0.0
hf_github_codereview,e3148169ebffe624,0.39323607087135315,0.34038080275058746,0.10571053624153137,0.34038080275058746,0.4343551993370056,0.39323607087135315,0.0,46.174808502197266,41.314693450927734,1,2,0.0,0.0,0.0
hf_github_codereview,cbd9508fa9f19a0c,0.18869459629058838,0.13688492526610693,0.043027400970458984,0.13688492526610693,0.20530278980731964,0.18869459629058838,0.0,29.377084732055664,39.33227411905924,1,3,0.0,0.0,0.0
hf_github_codereview,d8701e9e3e440b0e,0.6206669211387634,0.6206669211387634,0.6206669211387634,0.6206669211387634,0.6206669807434082,0.6206669211387634,0.0,26.300155639648438,38.038917541503906,1,1,1.0,0.0,0.0
hf_github_codereview,a15386ea399477c7,0.6522088646888733,0.43588265776634216,0.43265241384506226,0.43588265776634216,0.5866459608078003,0.6522088646888733,0.0,46.8871955871582,39.43365669250488,1,2,0.5,0.0,0.0
hf_github_codereview,bca92c7429790ab9,0.8910292983055115,0.7646900117397308,0.2526785731315613,0.7646900117397308,0.8396506309509277,0.8910292983055115,0.0,39.19460678100586,37.79522132873535,1,2,1.0,0.5,0.5
hf_github_codereview,d56150cfb6715ec2,0.8988618850708008,0.5227281674742699,0.7522674351930618,0.5227281674742699,0.6967551708221436,0.8988618850708008,0.0,40.750938415527344,33.22166442871094,1,2,0.5,0.5,0.5
hf_github_codereview,960b40bcf4102806,0.9307634830474854,0.7285727858543396,0.4043813943862915,0.7285727858543396,0.837258517742157,0.9307634830474854,0.0,40.79019546508789,39.36541748046875,1,2,0.5,0.5,0.5
hf_github_codereview,24d57ba728066d39,0.042992688715457916,0.042992688715457916,0.042992688715457916,0.042992688715457916,0.04299269616603851,0.042992688715457916,0.0,18.373638153076172,44.514095306396484,1,1,0.0,0.0,0.0
hf_github_codereview,ab16fbe93bb0af4a,0.9029804468154907,0.9029804468154907,0.9029804468154907,0.9029804468154907,0.9029805660247803,0.9029804468154907,0.0,44.22488784790039,44.514095306396484,1,1,1.0,1.0,1.0
hf_github_codereview,e6a0d0289daaac72,0.9931919574737549,0.9931919574737549,0.9931919574737549,0.9931919574737549,0.9931920766830444,0.9931919574737549,0.0,43.17269515991211,43.40130615234375,1,1,1.0,1.0,1.0
hf_github_codereview,b1779d8ce2264abf,0.574250340461731,0.574250340461731,0.574250340461731,0.574250340461731,0.574250340461731,0.574250340461731,0.0,45.56638717651367,37.57319259643555,1,1,0.0,0.0,0.0
hf_github_codereview,431a4e6dca9dc6f2,0.9878441691398621,0.9878441691398621,0.9878441691398621,0.9878441691398621,0.9878441691398621,0.9878441691398621,0.0,40.346473693847656,37.57319259643555,1,1,1.0,1.0,1.0
hf_github_codereview,3f4734fcb8631611,0.9015851020812988,0.9015851020812988,0.9015851020812988,0.9015851020812988,0.9015851020812988,0.9015851020812988,0.0,47.652244567871094,44.4377555847168,1,1,1.0,1.0,1.0
hf_github_codereview,eb52fef4935505bb,0.9999998807907104,0.6970307777325312,0.0010483264923095703,0.6970307777325312,0.9023805856704712,0.9999998807907104,0.0,29.9415225982666,32.08691533406576,1,3,0.6666666666666666,0.6666666666666666,0.6666666666666666
hf_github_codereview,58d0598de8ea798f,0.9138858318328857,0.6668096681435903,0.003355741500854492,0.6668096681435903,0.8374615907669067,0.9138858318328857,0.0,31.695798873901367,32.53086725870768,1,3,0.6666666666666666,0.6666666666666666,0.6666666666666666
hf_github_codereview,bfcf3a69cfa10fb6,0.8121862411499023,0.6092097163200378,0.405953049659729,0.6092097163200378,0.7242472171783447,0.8121862411499023,0.0,41.45172882080078,31.227365493774414,1,2,0.5,0.5,0.5
hf_github_codereview,2db16f0aef453bd3,0.8679872155189514,0.7375198006629944,0.26093482971191406,0.7375198006629944,0.8074290752410889,0.8679872155189514,0.0,42.33255386352539,34.52693843841553,1,2,1.0,0.5,0.5
hf_github_codereview,19617e3e7e6e2b5a,1.0,1.0,1.0,1.0,1.0,1.0,0.0,23.108875274658203,23.108875274658203,1,1,1.0,1.0,1.0
hf_github_codereview,cfb0fc9502b49ad1,0.9999999403953552,0.9999999403953552,0.9999999403953552,0.9999999403953552,1.0,0.9999999403953552,0.0,36.23500442504883,36.23500442504883,1,1,1.0,1.0,1.0
hf_github_codereview,3c78e97f2d98ee3d,0.7727904319763184,0.6661350727081299,0.046596527099609375,0.6661350727081299,0.8005061745643616,0.7727904319763184,0.0,32.96577072143555,35.90315628051758,1,3,0.6666666666666666,0.6666666666666666,0.0
hf_github_codereview,55b29b9d739459df,0.5418184399604797,0.5418184399604797,0.5418184399604797,0.5418184399604797,0.5418184399604797,0.5418184399604797,0.0,37.40348815917969,27.814685821533203,1,1,0.0,0.0,0.0
hf_github_codereview,01017cf1c58767f2,0.7644420862197876,0.7644420862197876,0.7644420862197876,0.7644420862197876,0.7644420862197876,0.7644420862197876,0.0,39.70840072631836,43.889617919921875,1,1,1.0,1.0,0.0
hf_github_codereview,f962f63b25121669,0.7644420862197876,0.7644420862197876,0.7644420862197876,0.7644420862197876,0.7644420862197876,0.7644420862197876,0.0,39.70840072631836,43.889617919921875,1,1,1.0,1.0,0.0
hf_github_codereview,a090b7cbe1e07617,0.9507679343223572,0.9507679343223572,0.9507679343223572,0.9507679343223572,0.950767993927002,0.9507679343223572,0.0,35.30276107788086,36.074317932128906,1,1,1.0,1.0,1.0
hf_github_codereview,d6c749aebcb19f9a,0.7398971319198608,0.7398971319198608,0.7398971319198608,0.7398971319198608,0.7398971319198608,0.7398971319198608,0.0,49.28728485107422,37.54426956176758,1,1,1.0,1.0,0.0
hf_github_codereview,9aed09c8e557fd0c,0.5931538343429565,0.5931538343429565,0.5931538343429565,0.5931538343429565,0.5931538343429565,0.5931538343429565,0.0,45.39581298828125,37.54426956176758,1,1,0.0,0.0,0.0
hf_github_codereview,574dd307a08c16c3,0.11827674508094788,0.11827674508094788,0.11827674508094788,0.11827674508094788,0.11827674508094788,0.11827674508094788,0.0,41.66590881347656,31.840356826782227,1,1,0.0,0.0,0.0
hf_github_codereview,5837d61bf4f4be11,0.35777753591537476,0.35777753591537476,0.35777753591537476,0.35777753591537476,0.35777753591537476,0.35777753591537476,0.0,27.90233612060547,25.776872634887695,1,1,0.0,0.0,0.0
hf_github_codereview,c65cdda764108332,0.6022756099700928,0.6022756099700928,0.6022756099700928,0.6022756099700928,0.6022756099700928,0.6022756099700928,0.0,24.893800735473633,25.423208236694336,1,1,1.0,0.0,0.0
hf_github_codereview,f7d8a936eee6925c,0.2029460221529007,0.2029460221529007,0.2029460221529007,0.2029460221529007,0.2029460221529007,0.2029460221529007,0.0,40.3662223815918,25.423208236694336,1,1,0.0,0.0,0.0
hf_github_codereview,42bd0f698be07a66,0.9344631433486938,0.9344631433486938,0.9344631433486938,0.9344631433486938,0.9344632625579834,0.9344631433486938,0.0,49.80480194091797,48.546382904052734,1,1,1.0,1.0,1.0
hf_github_codereview,e659611f8565d046,0.46962183713912964,0.44256460666656494,0.054114460945129395,0.44256460666656494,0.5119091868400574,0.46962183713912964,0.0,26.158355712890625,29.31971549987793,1,2,0.0,0.0,0.0
hf_github_codereview,2b3306530ac9006c,0.46005135774612427,0.46005135774612427,0.46005135774612427,0.46005135774612427,0.46005135774612427,0.46005135774612427,0.0,28.08290672302246,24.04047966003418,1,1,0.0,0.0,0.0
hf_github_codereview,69db091ac28c5901,0.15459056198596954,0.13925089314579964,0.030679337680339813,0.13925089314579964,0.16116321086883545,0.15459056198596954,0.0,41.03312683105469,34.76809120178223,1,2,0.0,0.0,0.0
hf_github_codereview,d76afa3447281f67,0.46068212389945984,0.33058708161115646,0.26019008457660675,0.33058708161115646,0.43248826265335083,0.46068212389945984,0.0,35.869441986083984,39.550228118896484,1,2,0.0,0.0,0.0
hf_github_codereview,965e3d1e74f6073e,0.1510857790708542,0.1285470947623253,0.0450773686170578,0.1285470947623253,0.14877507090568542,0.1510857790708542,0.0,40.799774169921875,34.76809120178223,1,2,0.0,0.0,0.0
hf_github_codereview,300971631faf2b30,0.6403548717498779,0.51187797387441,0.08168685436248779,0.51187797387441,0.6809636354446411,0.6403548717498779,0.0,37.2006721496582,34.17771784464518,1,3,0.3333333333333333,0.0,0.0
hf_github_codereview,7c98bf045800b625,0.33665186166763306,0.23450034856796265,0.13319167494773865,0.23450034856796265,0.3408593535423279,0.33665186166763306,0.0,40.18174362182617,31.226612091064453,1,3,0.0,0.0,0.0
hf_github_codereview,ad2d1db42c1adea5,0.6845741271972656,0.4664544438322385,0.013291478157043457,0.4664544438322385,0.688997745513916,0.6845741271972656,0.0,44.188716888427734,31.166407267252605,1,3,0.6666666666666666,0.0,0.0
hf_github_codereview,9b711ef9234b931e,0.08567868918180466,0.08567868918180466,0.08567868918180466,0.08567868918180466,0.08567869663238525,0.08567868918180466,0.0,41.76104736328125,20.50194549560547,1,1,0.0,0.0,0.0
hf_github_codereview,ef55e91958f77a10,1.0,0.8858035802841187,0.2283928394317627,0.8858035802841187,0.941171407699585,1.0,0.0,37.78602600097656,37.74283790588379,1,2,1.0,1.0,0.5
hf_github_codereview,aafc00dc89b9c294,0.5339406728744507,0.365646556019783,0.3365882337093353,0.365646556019783,0.42547592520713806,0.5339406728744507,0.0,40.38683319091797,28.95190715789795,1,2,0.0,0.0,0.0
hf_github_codereview,43b92ef4ccdab57b,0.7422844171524048,0.7422844171524048,0.7422844171524048,0.7422844171524048,0.7422844171524048,0.7422844171524048,0.0,37.14174270629883,41.934234619140625,1,1,1.0,1.0,0.0
hf_github_codereview,108f56c8d2068ec7,0.9999997019767761,0.9999997019767761,0.9999997019767761,0.9999997019767761,0.9999999403953552,0.9999997019767761,0.0,18.06208038330078,18.06208038330078,1,1,1.0,1.0,1.0
hf_github_codereview,30678bcb66d06cdb,0.2536899149417877,0.2536899149417877,0.2536899149417877,0.2536899149417877,0.2536899447441101,0.2536899149417877,0.0,39.912960052490234,20.454296112060547,1,1,0.0,0.0,0.0
hf_github_codereview,17fb71cd798fed03,0.8544565439224243,0.8539563119411469,0.0010004639625549316,0.8539563119411469,0.8874545693397522,0.8544565439224243,0.0,24.044649124145508,29.448808670043945,1,2,1.0,1.0,1.0
hf_github_codereview,3cb7a7cee756e70b,0.25162073969841003,0.25162073969841003,0.25162073969841003,0.25162073969841003,0.25162073969841003,0.25162073969841003,0.0,47.94389343261719,30.97758674621582,1,1,0.0,0.0,0.0
hf_github_codereview,fa0204ab7b17931b,0.520511269569397,0.520511269569397,0.520511269569397,0.520511269569397,0.520511269569397,0.520511269569397,0.0,47.06017303466797,28.552623748779297,1,1,0.0,0.0,0.0
hf_github_codereview,132599a4300bd28a,0.5356065034866333,0.5356065034866333,0.5356065034866333,0.5356065034866333,0.5356065630912781,0.5356065034866333,0.0,39.501708984375,30.693586349487305,1,1,0.0,0.0,0.0
hf_github_codereview,fcb73e9bdbfd5aa2,0.5259568691253662,0.5259568691253662,0.5259568691253662,0.5259568691253662,0.5259568691253662,0.5259568691253662,0.0,32.12891387939453,48.08816146850586,1,1,0.0,0.0,0.0
hf_github_codereview,38c0860d20006fde,0.7956178784370422,0.5811673402786255,0.4289010763168335,0.5811673402786255,0.6956613063812256,0.7956178784370422,0.0,32.604854583740234,35.9638729095459,1,2,0.5,0.5,0.0
hf_github_codereview,c5a1a6b869700f40,0.4091436266899109,0.3213970760504405,0.02030360698699951,0.3213970760504405,0.44559675455093384,0.4091436266899109,0.0,26.33258056640625,38.67473475138346,1,3,0.0,0.0,0.0
hf_github_codereview,566e2d062bc8c0d1,0.6544449329376221,0.4484892338514328,0.41191139817237854,0.4484892338514328,0.5592367649078369,0.6544449329376221,0.0,42.25282287597656,34.22236919403076,1,2,0.5,0.0,0.0
hf_github_codereview,be5edf7ab627587c,-0.001652419101446867,-0.001652419101446867,-0.001652419101446867,-0.001652419101446867,-0.0016524200327694416,-0.001652419101446867,0.0,40.9556884765625,20.5019474029541,1,1,0.0,0.0,0.0
hf_github_codereview,c506b15b76d25868,0.35147911310195923,0.35147911310195923,0.35147911310195923,0.35147911310195923,0.35147911310195923,0.35147911310195923,0.0,46.17453384399414,46.486915588378906,1,1,0.0,0.0,0.0
hf_github_codereview,7784530e507963e8,0.6833645105361938,0.6833645105361938,0.6833645105361938,0.6833645105361938,0.6833645105361938,0.6833645105361938,0.0,34.84741973876953,46.486915588378906,1,1,1.0,0.0,0.0
hf_github_codereview,7765ef4474fece71,0.5276836156845093,0.5276836156845093,0.5276836156845093,0.5276836156845093,0.5276836156845093,0.5276836156845093,0.0,45.05013656616211,22.459203720092773,1,1,0.0,0.0,0.0
hf_github_codereview,09217d5bc576ac0f,1.0,0.5518155954778194,0.8963688090443611,0.5518155954778194,0.7428430318832397,1.0,0.0,42.49882507324219,37.78897666931152,1,2,0.5,0.5,0.5
hf_github_codereview,2edfd3817813f46d,0.7821322679519653,0.6844571530818939,0.19535022974014282,0.6844571530818939,0.7822456359863281,0.7821322679519653,0.0,43.84047317504883,35.540090560913086,1,2,0.5,0.5,0.0
hf_github_codereview,f49855cc9140cc4b,0.7855240702629089,0.7855240702629089,0.7855240702629089,0.7855240702629089,0.7855240106582642,0.7855240702629089,0.0,48.92030334472656,35.00429153442383,1,1,1.0,1.0,0.0
hf_github_codereview,992e1aefbbf73056,0.7431042194366455,0.7431042194366455,0.7431042194366455,0.7431042194366455,0.7431042194366455,0.7431042194366455,0.0,46.73822784423828,40.759239196777344,1,1,1.0,1.0,0.0
hf_github_codereview,a9ff6cc5213e57cd,0.9986213445663452,0.9986213445663452,0.9986213445663452,0.9986213445663452,0.9986214637756348,0.9986213445663452,0.0,47.67744064331055,47.77309799194336,1,1,1.0,1.0,1.0
hf_github_codereview,83a83fbe3da9a6b0,0.5705406665802002,0.4906466205914815,0.06399953365325928,0.4906466205914815,0.6475954055786133,0.5705406665802002,0.0,22.961544036865234,35.3783213297526,1,3,0.0,0.0,0.0
hf_github_codereview,f2b90b3b0bcc75cf,0.9977467060089111,0.9977467060089111,0.9977467060089111,0.9977467060089111,0.9977465867996216,0.9977467060089111,0.0,40.16597366333008,40.24113082885742,1,1,1.0,1.0,1.0
hf_github_codereview,2c1ef2a3166a8e0d,0.2999967634677887,0.25808317959308624,0.035383373498916626,0.2394731566309929,0.2996264696121216,0.2999967634677887,0.0,42.52930450439453,36.52552890777588,1,4,0.0,0.0,0.0
hf_github_codereview,9631738e5f984e61,0.22694607079029083,0.22694607079029083,0.22694607079029083,0.22694607079029083,0.22694608569145203,0.22694607079029083,0.0,37.237884521484375,43.47676086425781,1,1,0.0,0.0,0.0
hf_github_codereview,f8f23a183740a943,0.6602766513824463,0.6602766513824463,0.6602766513824463,0.6602766513824463,0.6602767109870911,0.6602766513824463,0.0,41.845149993896484,44.82300567626953,1,1,1.0,0.0,0.0
hf_github_codereview,7a946b6861e9ead0,0.9088114500045776,0.9088114500045776,0.9088114500045776,0.9088114500045776,0.9088114500045776,0.9088114500045776,0.0,39.256927490234375,43.68757629394531,1,1,1.0,1.0,1.0
hf_github_codereview,824b252ecdefae6c,1.0,1.0,1.0,1.0,1.0,1.0,0.0,38.883827209472656,38.883827209472656,1,1,1.0,1.0,1.0
hf_github_codereview,3aeb2ef27fe4e950,0.8094485998153687,0.5330651899178823,0.3241279125213623,0.5330651899178823,0.6695333123207092,0.8094485998153687,0.0,34.46157455444336,39.12287902832031,1,3,0.3333333333333333,0.3333333333333333,0.3333333333333333
hf_github_codereview,9456e4927ef97139,0.1459411084651947,0.13102209940552711,0.029838018119335175,0.13102209940552711,0.15501511096954346,0.1459411084651947,0.0,32.378173828125,32.461496353149414,1,2,0.0,0.0,0.0
hf_github_codereview,369fdfb11695b3fe,0.5881743431091309,0.4278906087080638,0.21257391571998596,0.4278906087080638,0.4991596043109894,0.5881743431091309,0.0,40.686622619628906,38.73268127441406,1,3,0.0,0.0,0.0
hf_github_codereview,e293645dd9847c4a,0.4399689733982086,0.39103396733601886,0.06436854600906372,0.39103396733601886,0.49022436141967773,0.4399689733982086,0.0,40.686622619628906,34.277512868245445,1,3,0.0,0.0,0.0
hf_github_codereview,caf4ed920acd6855,0.6984694004058838,0.5433633923530579,0.31021201610565186,0.5433633923530579,0.6515481472015381,0.6984694004058838,0.0,38.07097244262695,35.010515213012695,1,2,0.5,0.0,0.0
hf_github_codereview,b452378ae1f631d6,0.4769306182861328,0.4769306182861328,0.4769306182861328,0.4769306182861328,0.4769306182861328,0.4769306182861328,0.0,38.42877960205078,33.95329284667969,1,1,0.0,0.0,0.0
hf_github_codereview,18ff6bf61238e683,0.30391693115234375,0.280645415186882,0.04654303193092346,0.280645415186882,0.34954556822776794,0.30391693115234375,0.0,31.190580368041992,35.37288475036621,1,2,0.0,0.0,0.0
hf_github_codereview,858bbc77b77c8b81,0.6394921541213989,0.6394921541213989,0.6394921541213989,0.6394921541213989,0.6394922137260437,0.6394921541213989,0.0,37.962345123291016,27.11376190185547,1,1,1.0,0.0,0.0
hf_github_codereview,288a6ba45e530a7f,0.9999998807907104,0.9999998807907104,0.9999998807907104,0.9999998807907104,1.0,0.9999998807907104,0.0,20.501949310302734,20.501949310302734,1,1,1.0,1.0,1.0
hf_github_codereview,6709e91a46a41a04,1.0,1.0,1.0,1.0,1.0,1.0,0.0,29.646408081054688,29.646408081054688,1,1,1.0,1.0,1.0
hf_github_codereview,3f67bd16f7934917,0.22755245864391327,0.22101490199565887,0.013075113296508789,0.22101490199565887,0.23317551612854004,0.22755245864391327,0.0,31.61408233642578,39.75467300415039,1,2,0.0,0.0,0.0
hf_github_codereview,37af0abadcb66bef,0.48108774423599243,0.48108774423599243,0.48108774423599243,0.48108774423599243,0.48108774423599243,0.48108774423599243,0.0,45.44060134887695,48.2000846862793,1,1,0.0,0.0,0.0
hf_github_codereview,d5f7bb99dc97882d,1.0,1.0,1.0,1.0,1.0,1.0,0.0,48.2000846862793,48.2000846862793,1,1,1.0,1.0,1.0
hf_github_codereview,559a2d88ab883ad7,1.0,1.0,1.0,1.0,1.0,1.0,0.0,23.212066650390625,23.212066650390625,1,1,1.0,1.0,1.0
hf_github_codereview,c326d38c326c7aae,0.1999337077140808,0.1999337077140808,0.1999337077140808,0.1999337077140808,0.1999337077140808,0.1999337077140808,0.0,22.372587203979492,31.101743698120117,1,1,0.0,0.0,0.0
hf_github_codereview,90eddde2d4ec6a5c,0.531212568283081,0.531212568283081,0.531212568283081,0.531212568283081,0.531212568283081,0.531212568283081,0.0,35.068485260009766,36.83803176879883,1,1,0.0,0.0,0.0
hf_github_codereview,3bab5bca8b658694,0.8730233311653137,0.8730233311653137,0.8730233311653137,0.8730233311653137,0.8730233907699585,0.8730233311653137,0.0,47.88209915161133,45.2233772277832,1,1,1.0,1.0,1.0
hf_github_codereview,12166cc85d9b89f7,1.0,1.0,1.0,1.0,1.0,1.0,0.0,44.585514068603516,44.585514068603516,1,1,1.0,1.0,1.0
hf_github_codereview,88a7114cd3f019d7,0.6538640260696411,0.4786332845687866,0.350461483001709,0.4786332845687866,0.5843430161476135,0.6538640260696411,0.0,36.35444641113281,37.54961013793945,1,2,0.5,0.0,0.0
hf_github_codereview,0f77c03d7fb622be,0.6938879489898682,0.6938879489898682,0.6938879489898682,0.6938879489898682,0.6938879489898682,0.6938879489898682,0.0,44.633609771728516,30.240161895751953,1,1,1.0,0.0,0.0
hf_github_codereview,3e23db91af7f0627,0.8669402003288269,0.8669402003288269,0.8669402003288269,0.8669402003288269,0.8669402003288269,0.8669402003288269,0.0,44.07830810546875,34.29362106323242,1,1,1.0,1.0,1.0
hf_github_codereview,f1b176cd9e901ee4,0.4646953344345093,0.4646953344345093,0.4646953344345093,0.4646953344345093,0.4646952450275421,0.4646953344345093,0.0,30.930923461914062,33.0571403503418,1,1,0.0,0.0,0.0
hf_github_codereview,40d9f3a2f0470764,0.35232606530189514,0.35232606530189514,0.35232606530189514,0.35232606530189514,0.35232609510421753,0.35232606530189514,0.0,40.30488967895508,35.49568557739258,1,1,0.0,0.0,0.0
hf_github_codereview,31eaae11b21485de,0.34991371631622314,0.34991371631622314,0.34991371631622314,0.34991371631622314,0.3499137759208679,0.34991371631622314,0.0,42.64248275756836,35.49568557739258,1,1,0.0,0.0,0.0
hf_github_codereview,18c515bbe4a152b2,1.0,0.558034360408783,0.6409890651702881,0.4811294749379158,0.6628644466400146,1.0,0.0,46.34393310546875,38.115877628326416,1,4,0.25,0.25,0.25
hf_github_codereview,95bf21682731ac52,0.28300201892852783,0.21877235919237137,0.12845931947231293,0.21877235919237137,0.2544609308242798,0.28300201892852783,0.0,45.530731201171875,27.193882942199707,1,2,0.0,0.0,0.0
hf_github_codereview,60dfcc1b3cd696ee,0.9891279935836792,0.9891279935836792,0.9891279935836792,0.9891279935836792,0.9891279935836792,0.9891279935836792,0.0,43.301300048828125,42.58445739746094,1,1,1.0,1.0,1.0
hf_github_codereview,7df52a73827c83e3,0.9999998807907104,0.9999998807907104,0.9999998807907104,0.9999998807907104,0.9999999403953552,0.9999998807907104,0.0,40.462425231933594,40.462425231933594,1,1,1.0,1.0,1.0
hf_github_codereview,eb947e491586f3ce,1.0,1.0,1.0,1.0,1.0,1.0,0.0,31.332096099853516,31.332096099853516,1,1,1.0,1.0,1.0
hf_github_codereview,fd6d0e37201028d4,1.0,1.0,1.0,1.0,1.0,1.0,0.0,37.642356872558594,37.642356872558594,1,1,1.0,1.0,1.0
hf_github_codereview,de097d5bf586edc2,1.0,1.0,1.0,1.0,1.0,1.0,0.0,46.34907913208008,46.34907913208008,1,1,1.0,1.0,1.0
hf_github_codereview,bd9c5f91add701f0,0.5062313079833984,0.5062313079833984,0.5062313079833984,0.5062313079833984,0.5062313079833984,0.5062313079833984,0.0,43.34962844848633,33.072357177734375,1,1,0.0,0.0,0.0
hf_github_codereview,701f47d0d22d6768,0.6617465615272522,0.40132421255111694,0.5208446979522705,0.40132421255111694,0.48544740676879883,0.6617465615272522,0.0,33.24951171875,44.27532196044922,1,2,0.5,0.0,0.0
hf_github_codereview,23fde59519d4298b,0.31310778856277466,0.31310778856277466,0.31310778856277466,0.31310778856277466,0.31310778856277466,0.31310778856277466,0.0,42.8975715637207,26.57034683227539,1,1,0.0,0.0,0.0
hf_github_codereview,4f564eaf7e37f6c8,0.5098315477371216,0.5098315477371216,0.5098315477371216,0.5098315477371216,0.5098315477371216,0.5098315477371216,0.0,35.94061279296875,32.051517486572266,1,1,0.0,0.0,0.0
hf_github_codereview,0f2bbd92830df629,0.9999998807907104,0.9999998807907104,0.9999998807907104,0.9999998807907104,0.9999998807907104,0.9999998807907104,0.0,44.11473083496094,44.11473083496094,1,1,1.0,1.0,1.0
hf_github_codereview,88c8321d58d58b11,-0.013921603560447693,-0.013921603560447693,-0.013921603560447693,-0.013921603560447693,-0.013921603560447693,-0.013921603560447693,0.0,20.50194549560547,29.413593292236328,1,1,0.0,0.0,0.0
hf_github_codereview,a955a5e3f72ea713,0.5889483690261841,0.3462592363357544,0.26442089676856995,0.3462592363357544,0.522533118724823,0.5889483690261841,0.0,40.40513229370117,31.99942461649577,1,3,0.0,0.0,0.0
hf_github_codereview,36c49bc018099c35,0.9888632893562317,0.9888632893562317,0.9888632893562317,0.9888632893562317,0.9888633489608765,0.9888632893562317,0.0,41.20122146606445,42.335487365722656,1,1,1.0,1.0,1.0
hf_github_codereview,5584728d3e74ba7f,0.6987621784210205,0.42068567872047424,0.5561529994010925,0.42068567872047424,0.5640732049942017,0.6987621784210205,0.0,43.831871032714844,33.23348426818848,1,2,0.5,0.0,0.0
hf_github_codereview,7562ca7c36484e05,1.0,1.0,1.0,1.0,1.0,1.0,0.0,24.35814666748047,24.35814666748047,1,1,1.0,1.0,1.0
hf_github_codereview,b17fef04cada9fbb,0.9999999403953552,0.9999999403953552,0.9999999403953552,0.9999999403953552,1.0,0.9999999403953552,0.0,37.4857063293457,37.4857063293457,1,1,1.0,1.0,1.0
hf_github_codereview,6887c9597905894d,1.0,1.0,1.0,1.0,1.0,1.0,0.0,33.91505432128906,33.91505432128906,1,1,1.0,1.0,1.0
hf_github_codereview,3e6546e6a038494e,1.0,1.0,1.0,1.0,1.0,1.0,0.0,30.244638442993164,30.244638442993164,1,1,1.0,1.0,1.0
hf_github_codereview,2ab55890d3312683,1.0,1.0,1.0,1.0,1.0,1.0,0.0,32.81261444091797,32.81261444091797,1,1,1.0,1.0,1.0
hf_github_codereview,30588209c826e28a,1.0,1.0,1.0,1.0,1.0,1.0,0.0,32.81261444091797,32.81261444091797,1,1,1.0,1.0,1.0
hf_github_codereview,3bc1096ebc036d3a,0.9999998807907104,0.9999998807907104,0.9999998807907104,0.9999998807907104,1.0,0.9999998807907104,0.0,21.623388290405273,21.623388290405273,1,1,1.0,1.0,1.0
hf_github_codereview,bb4e6ab3e22836aa,0.5676301717758179,0.5676301717758179,0.5676301717758179,0.5676301717758179,0.5676301717758179,0.5676301717758179,0.0,37.70611572265625,35.4842414855957,1,1,0.0,0.0,0.0
hf_github_codereview,38d1931e7b15ce91,0.06986652314662933,0.06986652314662933,0.06986652314662933,0.06986652314662933,0.06986652314662933,0.06986652314662933,0.0,29.169755935668945,24.932971954345703,1,1,0.0,0.0,0.0
hf_github_codereview,c84172e7fd42d39a,1.0,1.0,1.0,1.0,1.0,1.0,0.0,36.822872161865234,36.822872161865234,1,1,1.0,1.0,1.0
hf_github_codereview,e89ce6634e67dec0,0.8715832233428955,0.7803854942321777,0.18239545822143555,0.7803854942321777,0.8473011255264282,0.8715832233428955,0.0,36.9122200012207,35.89091491699219,1,2,1.0,0.5,0.5
hf_github_codereview,7f24e719084a3b0c,0.9855307340621948,0.9855307340621948,0.9855307340621948,0.9855307340621948,0.9855307340621948,0.9855307340621948,0.0,38.48174285888672,36.77607727050781,1,1,1.0,1.0,1.0
hf_github_codereview,34f5ba998b54c8ed,0.9999997019767761,0.9999997019767761,0.9999997019767761,0.9999997019767761,0.9999998211860657,0.9999997019767761,0.0,38.89692306518555,38.89692306518555,1,1,1.0,1.0,1.0
hf_github_codereview,ca068eeef872e700,0.4549594223499298,0.2838272303342819,0.3422643840312958,0.2838272303342819,0.3608604669570923,0.4549594223499298,0.0,44.31074523925781,34.45470428466797,1,2,0.0,0.0,0.0
hf_github_codereview,a2e34e9471749e8c,0.785999059677124,0.43467865884304047,0.7026408016681671,0.43467865884304047,0.5849736928939819,0.785999059677124,0.0,45.385162353515625,34.56081008911133,1,2,0.5,0.5,0.0
hf_github_codereview,115002cabe230dec,0.8450134992599487,0.8450134992599487,0.8450134992599487,0.8450134992599487,0.8450135588645935,0.8450134992599487,0.0,38.21290588378906,40.861907958984375,1,1,1.0,1.0,1.0
hf_github_codereview,c29fc541a1b6adb0,0.5197449922561646,0.39634621143341064,0.2467975616455078,0.39634621143341064,0.4889790415763855,0.5197449922561646,0.0,42.290443420410156,31.428213119506836,1,2,0.0,0.0,0.0
hf_github_codereview,cb3e10095e2243bd,0.3015908896923065,0.3015908896923065,0.3015908896923065,0.3015908896923065,0.3015908896923065,0.3015908896923065,0.0,25.419130325317383,40.124351501464844,1,1,0.0,0.0,0.0
hf_github_codereview,7b6cf8e35920afc8,0.6868212223052979,0.4786435067653656,0.4163554310798645,0.4786435067653656,0.6087903380393982,0.6868212223052979,0.0,44.86076354980469,38.03339385986328,1,2,0.5,0.0,0.0
hf_github_codereview,bf250ee4c9ee8ebb,0.8727903962135315,0.44800572749227285,0.8495693374425173,0.44800572749227285,0.625044584274292,0.8727903962135315,0.0,43.65833282470703,28.748594284057617,1,2,0.5,0.5,0.5
hf_github_codereview,5d2c8ab658abf528,0.19808968901634216,0.12417195861538251,0.0754089504480362,0.12417195861538251,0.1916123628616333,0.19808968901634216,0.0,37.6109733581543,32.0017515818278,1,3,0.0,0.0,0.0
hf_github_codereview,f5a7e16360d2bf81,0.3556596636772156,0.2684246202309926,0.12146595120429993,0.2684246202309926,0.40573984384536743,0.3556596636772156,0.0,36.90827560424805,33.76376533508301,1,3,0.0,0.0,0.0
hf_github_codereview,8458fb28932ade2b,0.4090835750102997,0.4090835750102997,0.4090835750102997,0.4090835750102997,0.4090835750102997,0.4090835750102997,0.0,44.56120681762695,25.363231658935547,1,1,0.0,0.0,0.0
hf_github_codereview,f762bcbc9073335e,0.09289489686489105,0.09289489686489105,0.09289489686489105,0.09289489686489105,0.09289489686489105,0.09289489686489105,0.0,44.93794250488281,30.64350128173828,1,1,0.0,0.0,0.0
hf_github_codereview,89ec34d3bd422d27,0.9931642413139343,0.9931642413139343,0.9931642413139343,0.9931642413139343,0.9931643009185791,0.9931642413139343,0.0,39.50841522216797,39.539180755615234,1,1,1.0,1.0,1.0
hf_github_codereview,af16aebc42cf536d,0.44849124550819397,0.44849124550819397,0.44849124550819397,0.44849124550819397,0.44849124550819397,0.44849124550819397,0.0,41.988739013671875,38.61408615112305,1,1,0.0,0.0,0.0
hf_github_codereview,4e75a800869a6ec4,1.0,0.5784666761755943,0.8430666476488113,0.5784666761755943,0.7605699300765991,1.0,0.0,37.43877029418945,28.157230377197266,1,2,0.5,0.5,0.5
hf_github_codereview,6be36df067ae0caf,0.3083459734916687,0.21690769493579865,0.1828765571117401,0.21690769493579865,0.28880366683006287,0.3083459734916687,0.0,33.53422927856445,32.131309509277344,1,2,0.0,0.0,0.0
hf_github_codereview,dfde8d56d13b9dd0,1.0,0.5524905696511269,0.8950188606977463,0.5524905696511269,0.7432971596717834,1.0,0.0,38.44474792480469,31.974271774291992,1,2,0.5,0.5,0.5
hf_github_codereview,7b24b2e8d655edf8,0.27887293696403503,0.27887293696403503,0.27887293696403503,0.27887293696403503,0.27887293696403503,0.27887293696403503,0.0,30.07693862915039,31.656888961791992,1,1,0.0,0.0,0.0
hf_github_codereview,9332437894751407,0.7301691174507141,0.6438818573951721,0.17257452011108398,0.6438818573951721,0.7457744479179382,0.7301691174507141,0.0,36.31304931640625,27.31527328491211,1,2,0.5,0.5,0.0
hf_github_codereview,f71376566cb700e2,0.6265764832496643,0.5717711746692657,0.10961061716079712,0.5717711746692657,0.6622525453567505,0.6265764832496643,0.0,41.84786605834961,27.31527328491211,1,2,0.5,0.0,0.0
hf_github_codereview,4540c2fdad90e55a,-0.00270993635058403,-0.00270993635058403,-0.00270993635058403,-0.00270993635058403,-0.00270993635058403,-0.00270993635058403,0.0,20.471479415893555,38.52256393432617,1,1,0.0,0.0,0.0
hf_github_codereview,fdacb5bda9bf1b7e,0.0957133024930954,0.0957133024930954,0.0957133024930954,0.0957133024930954,0.0957133024930954,0.0957133024930954,0.0,20.471479415893555,24.954259872436523,1,1,0.0,0.0,0.0
hf_github_codereview,f43d426148954df2,0.5150717496871948,0.5150717496871948,0.5150717496871948,0.5150717496871948,0.5150717496871948,0.5150717496871948,0.0,40.603790283203125,21.759241104125977,1,1,0.0,0.0,0.0
hf_github_codereview,eb54e6ef81332cb4,0.9454824924468994,0.9454824924468994,0.9454824924468994,0.9454824924468994,0.9454824924468994,0.9454824924468994,0.0,34.836952209472656,31.311355590820312,1,1,1.0,1.0,1.0
hf_github_codereview,7a8f12466ae5f89c,0.0895453691482544,0.0895453691482544,0.0895453691482544,0.0895453691482544,0.08954537659883499,0.0895453691482544,0.0,42.10408401489258,20.64480972290039,1,1,0.0,0.0,0.0
hf_github_codereview,eb91bb51d24fd71d,0.3898816704750061,0.3898816704750061,0.3898816704750061,0.3898816704750061,0.3898816704750061,0.3898816704750061,0.0,46.01139450073242,45.60724639892578,1,1,0.0,0.0,0.0
hf_github_codereview,e26ea6b7ab2dff12,0.3289889097213745,0.3289889097213745,0.3289889097213745,0.3289889097213745,0.32898885011672974,0.3289889097213745,0.0,33.07931137084961,46.820281982421875,1,1,0.0,0.0,0.0
hf_github_codereview,3290cd78c2107352,1.0,1.0,1.0,1.0,1.0,1.0,0.0,26.695310592651367,26.695310592651367,1,1,1.0,1.0,1.0
hf_github_codereview,64e1a1014b16cd90,1.0,1.0,1.0,1.0,1.0,1.0,0.0,28.55571937561035,28.55571937561035,1,1,1.0,1.0,1.0
hf_github_codereview,2fd56e49449b3981,0.7759738564491272,0.7759738564491272,0.7759738564491272,0.7759738564491272,0.775973916053772,0.7759738564491272,0.0,38.53809356689453,40.04431915283203,1,1,1.0,1.0,0.0
hf_github_codereview,e4ee92a239241071,0.7859451174736023,0.7859451174736023,0.7859451174736023,0.7859451174736023,0.7859451770782471,0.7859451174736023,0.0,43.189727783203125,40.04431915283203,1,1,1.0,1.0,0.0
hf_github_codereview,a011d0f8cf2a093b,0.9999998211860657,0.9999998211860657,0.9999998211860657,0.9999998211860657,1.0,0.9999998211860657,0.0,39.167747497558594,39.167747497558594,1,1,1.0,1.0,1.0
hf_github_codereview,7b641f145a078211,0.31469160318374634,0.31469160318374634,0.31469160318374634,0.31469160318374634,0.31469160318374634,0.31469160318374634,0.0,36.73098373413086,21.09496307373047,1,1,0.0,0.0,0.0
hf_github_codereview,456bf29fc9205e69,0.39716359972953796,0.16681814193725586,0.3151230067014694,0.16681814193725586,0.22107571363449097,0.39716359972953796,0.0,36.179195404052734,36.301326751708984,1,3,0.0,0.0,0.0
hf_github_codereview,feacc0ae3d5b5249,0.6424594521522522,0.5231358259916306,0.2386472523212433,0.5231358259916306,0.5876988768577576,0.6424594521522522,0.0,37.97761535644531,40.2646484375,1,2,0.5,0.0,0.0
hf_github_codereview,a355d88401a0a9c9,0.3041979968547821,0.3041979968547821,0.3041979968547821,0.3041979968547821,0.3041980266571045,0.3041979968547821,0.0,45.29556655883789,29.631269454956055,1,1,0.0,0.0,0.0
hf_github_codereview,68f8f60eb651cdf8,0.27681633830070496,0.27681633830070496,0.27681633830070496,0.27681633830070496,0.27681636810302734,0.27681633830070496,0.0,38.870018005371094,29.631269454956055,1,1,0.0,0.0,0.0
hf_github_codereview,efff0295ad3770b2,0.24135032296180725,0.24135032296180725,0.24135032296180725,0.24135032296180725,0.24135032296180725,0.24135032296180725,0.0,33.644107818603516,29.631269454956055,1,1,0.0,0.0,0.0
hf_github_codereview,b81e7c6f165df36c,0.9326291084289551,0.9326291084289551,0.9326291084289551,0.9326291084289551,0.9326292276382446,0.9326291084289551,0.0,44.021331787109375,40.556007385253906,1,1,1.0,1.0,1.0
hf_github_codereview,e6e39734ce7c581f,0.7640315294265747,0.7640315294265747,0.7640315294265747,0.7640315294265747,0.7640315890312195,0.7640315294265747,0.0,37.08076477050781,39.8392219543457,1,1,1.0,1.0,0.0
hf_github_codereview,e1358aa74e27326b,0.9999998807907104,0.9999998807907104,0.9999998807907104,0.9999998807907104,0.9999999403953552,0.9999998807907104,0.0,45.62919616699219,45.62919616699219,1,1,1.0,1.0,1.0
hf_github_codereview,9ffe167919e1187a,0.7222612500190735,0.7222612500190735,0.7222612500190735,0.7222612500190735,0.7222613096237183,0.7222612500190735,0.0,44.83479309082031,39.8392219543457,1,1,1.0,1.0,0.0
hf_github_codereview,ed9683f2898fc402,0.9999998211860657,0.9999998211860657,0.9999998211860657,0.9999998211860657,1.0,0.9999998211860657,0.0,40.08761978149414,40.08761978149414,1,1,1.0,1.0,1.0
hf_github_codereview,14c3bd9db2ebc5ee,0.28744715452194214,0.28744715452194214,0.28744715452194214,0.28744715452194214,0.28744715452194214,0.28744715452194214,0.0,42.09973907470703,31.387439727783203,1,1,0.0,0.0,0.0
hf_github_codereview,abbd848eadd5b7a0,0.4248470067977905,0.4248470067977905,0.4248470067977905,0.4248470067977905,0.4248470067977905,0.4248470067977905,0.0,39.53432846069336,31.612457275390625,1,1,0.0,0.0,0.0
hf_github_codereview,63a56886aa29910f,1.0,1.0,1.0,1.0,1.0,1.0,0.0,48.31041717529297,48.31041717529297,1,1,1.0,1.0,1.0
hf_github_codereview,6dd2070278a6b86b,1.0,0.8788092136383057,0.24238157272338867,0.8788092136383057,0.9374483823776245,1.0,0.0,38.366607666015625,39.102460861206055,1,2,1.0,1.0,0.5
hf_github_codereview,53f6525ae56d26a2,0.9999999403953552,0.8788091838359833,0.2423815131187439,0.8788091838359833,0.9374482035636902,0.9999999403953552,0.0,39.838314056396484,39.102460861206055,1,2,1.0,1.0,0.5
hf_github_codereview,4cd0ef33cc742ef7,0.5331236720085144,0.44875070452690125,0.16874593496322632,0.44875070452690125,0.5502862334251404,0.5331236720085144,0.0,34.90886688232422,41.5376091003418,1,2,0.0,0.0,0.0
hf_github_codereview,3a525721ed0179b1,0.9999998807907104,0.5378622226417065,0.924275316298008,0.5378622226417065,0.7333908677101135,0.9999998807907104,0.0,43.81853103637695,35.478721618652344,1,2,0.5,0.5,0.5
hf_github_codereview,9dfcba9b4de0ecdc,0.34489965438842773,0.34489965438842773,0.34489965438842773,0.34489965438842773,0.34489962458610535,0.34489965438842773,0.0,34.28635787963867,29.958616256713867,1,1,0.0,0.0,0.0
hf_github_codereview,ccd54adcf2c487ac,0.17291855812072754,0.17291855812072754,0.17291855812072754,0.17291855812072754,0.17291855812072754,0.17291855812072754,0.0,34.28635787963867,44.941524505615234,1,1,0.0,0.0,0.0
hf_github_codereview,eb1e22c841a6277a,0.30250662565231323,0.2632950445016225,0.04664427042007446,0.22986426204442978,0.3315593898296356,0.30250662565231323,0.0,42.87514114379883,38.33646011352539,1,4,0.0,0.0,0.0
hf_github_codereview,cd5463f0a3a791a1,0.08833956718444824,0.08833956718444824,0.08833956718444824,0.08833956718444824,0.08833956718444824,0.08833956718444824,0.0,39.94430160522461,24.123825073242188,1,1,0.0,0.0,0.0
hf_github_codereview,5c1d69a1f26d9ee8,0.433019757270813,0.433019757270813,0.433019757270813,0.433019757270813,0.43301981687545776,0.433019757270813,0.0,34.28635787963867,27.52958106994629,1,1,0.0,0.0,0.0
hf_github_codereview,16f03302b6770fdc,0.6121347546577454,0.32663577795028687,0.570997953414917,0.32663577795028687,0.45069295167922974,0.6121347546577454,0.0,37.08995056152344,31.10176372528076,1,2,0.5,0.0,0.0
hf_github_codereview,d51616cc3aa85eb3,0.9643055200576782,0.6196701973676682,0.6892706453800201,0.6196701973676682,0.7740193009376526,0.9643055200576782,0.0,39.11564636230469,31.91298770904541,1,2,0.5,0.5,0.5
hf_github_codereview,842156a216fc29f8,0.2848276197910309,0.26145462691783905,0.03461375832557678,0.2562659941613674,0.38373804092407227,0.2848276197910309,0.0,28.069421768188477,41.2238187789917,1,4,0.0,0.0,0.0
hf_github_codereview,b031e1f6ed00d8c3,0.4567127227783203,0.313176470498244,0.09023678302764893,0.313176470498244,0.44248032569885254,0.4567127227783203,0.0,28.115110397338867,37.52157783508301,1,3,0.0,0.0,0.0
hf_github_codereview,357ba3b40aab2e80,0.40680909156799316,0.29902157684167224,0.1105184555053711,0.29902157684167224,0.42248114943504333,0.40680909156799316,0.0,22.531599044799805,37.52157783508301,1,3,0.0,0.0,0.0
hf_github_codereview,55c71d7c6a29686c,1.0,0.5694577097892761,0.8610845804214478,0.5694577097892761,0.7546242475509644,1.0,0.0,44.10475158691406,43.33817481994629,1,2,0.5,0.5,0.5
hf_github_codereview,37ab5403a9fa5c35,0.10604977607727051,0.10604977607727051,0.10604977607727051,0.10604977607727051,0.1060497909784317,0.10604977607727051,0.0,37.13777542114258,35.997222900390625,1,1,0.0,0.0,0.0
hf_github_codereview,d9495d372a82be6f,0.07688648253679276,0.07688648253679276,0.07688648253679276,0.07688648253679276,0.07688648253679276,0.07688648253679276,0.0,33.62186050415039,31.08953857421875,1,1,0.0,0.0,0.0
hf_github_codereview,22481a30a3cc075f,0.6947193145751953,0.6947193145751953,0.6947193145751953,0.6947193145751953,0.6947193741798401,0.6947193145751953,0.0,30.082298278808594,23.107704162597656,1,1,1.0,0.0,0.0
hf_github_codereview,932e1fbdcb03abef,0.4613373279571533,0.28920939564704895,0.34425586462020874,0.28920939564704895,0.3521600067615509,0.4613373279571533,0.0,40.71926498413086,42.55279350280762,1,2,0.0,0.0,0.0
hf_github_codereview,d9c491a6f51aa0b9,0.20673781633377075,0.17586810886859894,0.06173941493034363,0.17586810886859894,0.24250802397727966,0.20673781633377075,0.0,29.64739418029785,41.5437068939209,1,2,0.0,0.0,0.0
hf_github_codereview,16117283dc87b1ea,0.8367249965667725,0.8367249965667725,0.8367249965667725,0.8367249965667725,0.8367249965667725,0.8367249965667725,0.0,41.737754821777344,47.96932601928711,1,1,1.0,1.0,1.0
hf_github_codereview,8cc9a3e52be59d56,0.9383753538131714,0.4756171256303787,0.6576735377311707,0.3267202824354172,0.42695802450180054,0.9383753538131714,0.0,43.61265182495117,28.99939079284668,1,5,0.2,0.2,0.2
hf_github_codereview,0108aec3d1f1f993,0.6135521531105042,0.5008440315723419,0.22541624307632446,0.5008440315723419,0.6052587032318115,0.6135521531105042,0.0,32.83456039428711,32.37568664550781,1,2,0.5,0.0,0.0
hf_github_codereview,31b327600eebb7dd,0.0,0.0,0.0,0.0,0.0,0.0,0.0,37.47941589355469,0.0,1,0,0.0,0.0,0.0
hf_github_codereview,53ce9bd1c4878310,0.5958098769187927,0.5958098769187927,0.5958098769187927,0.5958098769187927,0.5958098769187927,0.5958098769187927,0.0,33.7438850402832,45.59529113769531,1,1,0.0,0.0,0.0
hf_github_codereview,f62dafaef17dbf39,0.481564998626709,0.27695030346512794,0.4092293903231621,0.27695030346512794,0.3686988353729248,0.481564998626709,0.0,38.638099670410156,35.18033504486084,1,2,0.0,0.0,0.0
hf_github_codereview,96101782beecee67,0.2826826572418213,0.2334538201491038,0.0013142824172973633,0.2334538201491038,0.31144192814826965,0.2826826572418213,0.0,40.174652099609375,41.23615074157715,1,3,0.0,0.0,0.0
hf_github_codereview,46b9ec6fb7dfe681,0.3095020651817322,0.18779085204005241,0.24342242628335953,0.18779085204005241,0.24937041103839874,0.3095020651817322,0.0,45.7099723815918,36.193434715270996,1,2,0.0,0.0,0.0
hf_github_codereview,63ef422328dd8cea,0.18797095119953156,0.18797095119953156,0.18797095119953156,0.18797095119953156,0.18797093629837036,0.18797095119953156,0.0,32.78584671020508,21.14417266845703,1,1,0.0,0.0,0.0
hf_github_codereview,3b0351145e2042f5,0.6956110000610352,0.4233626574277878,0.5444966852664948,0.4233626574277878,0.5749350786209106,0.6956110000610352,0.0,45.59191131591797,37.54045009613037,1,2,0.5,0.0,0.0
hf_github_codereview,de15f0ef6663d4a3,0.752418041229248,0.5027894253532091,0.03018629550933838,0.5027894253532091,0.6729358434677124,0.752418041229248,0.0,42.481266021728516,40.226046880086265,1,3,0.6666666666666666,0.6666666666666666,0.0
hf_github_codereview,a46fc20734528231,0.45482802391052246,0.257697157561779,0.3942617326974869,0.257697157561779,0.343067467212677,0.45482802391052246,0.0,41.47199630737305,35.18033504486084,1,2,0.0,0.0,0.0
hf_github_codereview,f0c50fbe009f4468,0.31338584423065186,0.31338584423065186,0.31338584423065186,0.31338584423065186,0.31338584423065186,0.31338584423065186,0.0,40.12579345703125,24.96905517578125,1,1,0.0,0.0,0.0
hf_github_codereview,1dcd357279624ccf,0.5906221866607666,0.5906221866607666,0.5906221866607666,0.5906221866607666,0.590622067451477,0.5906221866607666,0.0,40.25154495239258,27.570159912109375,1,1,0.0,0.0,0.0
hf_github_codereview,a6c603f23ba6a152,0.9999998211860657,0.9999998211860657,0.9999998211860657,0.9999998211860657,1.0,0.9999998211860657,0.0,38.63561248779297,38.63561248779297,1,1,1.0,1.0,1.0
hf_github_codereview,96d4e649e584d957,0.9999998211860657,0.9999998211860657,0.9999998211860657,0.9999998211860657,1.0,0.9999998211860657,0.0,38.63561248779297,38.63561248779297,1,1,1.0,1.0,1.0
hf_github_codereview,c3a8ad2f1e5b8db6,0.6211661100387573,0.6211661100387573,0.6211661100387573,0.6211661100387573,0.6211661100387573,0.6211661100387573,0.0,42.99568176269531,44.08234405517578,1,1,1.0,0.0,0.0
hf_github_codereview,0185388223614dc2,0.8910895586013794,0.8910895586013794,0.8910895586013794,0.8910895586013794,0.8910895586013794,0.8910895586013794,0.0,35.91612243652344,33.36421203613281,1,1,1.0,1.0,1.0
hf_github_codereview,0eec40d97d21c94e,0.7909047603607178,0.4569203332066536,0.6679688543081284,0.4569203332066536,0.5916519165039062,0.7909047603607178,0.0,45.92761993408203,43.200347900390625,1,2,0.5,0.5,0.0
hf_github_codereview,f9cd0609386664dc,0.886359691619873,0.5326948538422585,0.7073296755552292,0.5326948538422585,0.7061030268669128,0.886359691619873,0.0,43.36682891845703,39.924285888671875,1,2,0.5,0.5,0.5
hf_github_codereview,0d56302131818af5,0.9703518152236938,0.5704158991575241,0.7998718321323395,0.5704158991575241,0.7478249073028564,0.9703518152236938,0.0,45.57786560058594,41.12335014343262,1,2,0.5,0.5,0.5
hf_github_codereview,9e217213ed71fc1f,0.6111920475959778,0.6111920475959778,0.6111920475959778,0.6111920475959778,0.6111920475959778,0.6111920475959778,0.0,32.938785552978516,29.011512756347656,1,1,1.0,0.0,0.0
hf_github_codereview,305febacbf69f3a5,0.720680832862854,0.720680832862854,0.720680832862854,0.720680832862854,0.720680832862854,0.720680832862854,0.0,30.702194213867188,31.5141544342041,1,1,1.0,1.0,0.0
hf_github_codereview,dcd4dfa2cf1a86ae,1.0,1.0,1.0,1.0,1.0,1.0,0.0,30.702194213867188,30.702194213867188,1,1,1.0,1.0,1.0
hf_github_codereview,b960608c15a3c680,0.5400336980819702,0.4279952943325043,0.22407680749893188,0.4279952943325043,0.46234047412872314,0.5400336980819702,0.0,34.55145263671875,42.99598503112793,1,2,0.0,0.0,0.0
hf_github_codereview,b7751ed3cbdd5e82,0.8651188611984253,0.580596387386322,0.27203428745269775,0.580596387386322,0.7203454375267029,0.8651188611984253,0.0,40.038055419921875,34.77809524536133,1,3,0.3333333333333333,0.3333333333333333,0.3333333333333333
hf_github_codereview,0541a8b1ff98c44d,0.6161923408508301,0.42032164335250854,0.39174139499664307,0.42032164335250854,0.48885393142700195,0.6161923408508301,0.0,39.39083480834961,40.234397888183594,1,2,0.5,0.0,0.0
hf_github_codereview,157c4bc1b46032e4,0.6362809538841248,0.6362809538841248,0.6362809538841248,0.6362809538841248,0.6362809538841248,0.6362809538841248,0.0,36.62378692626953,40.522953033447266,1,1,1.0,0.0,0.0
hf_github_codereview,48a24c72a663d821,0.6883390545845032,0.6883390545845032,0.6883390545845032,0.6883390545845032,0.6883390545845032,0.6883390545845032,0.0,38.47756576538086,40.522953033447266,1,1,1.0,0.0,0.0
hf_github_codereview,6eabaadc49d6e4f4,0.9520496129989624,0.9520496129989624,0.9520496129989624,0.9520496129989624,0.9520496129989624,0.9520496129989624,0.0,42.70296096801758,40.522953033447266,1,1,1.0,1.0,1.0
hf_github_codereview,fcce64c09c8d410c,0.19915424287319183,0.19915424287319183,0.19915424287319183,0.19915424287319183,0.19915424287319183,0.19915424287319183,0.0,33.9598274230957,32.5193977355957,1,1,0.0,0.0,0.0
hf_github_codereview,9c1009ab1634b817,0.9945451021194458,0.9945451021194458,0.9945451021194458,0.9945451021194458,0.9945451021194458,0.9945451021194458,0.0,43.05217742919922,43.538909912109375,1,1,1.0,1.0,1.0
hf_github_codereview,2468950c713f5e88,0.8743677139282227,0.8743677139282227,0.8743677139282227,0.8743677139282227,0.8743675947189331,0.8743677139282227,0.0,38.97430419921875,38.507198333740234,1,1,1.0,1.0,1.0
hf_github_codereview,9e1132854edc14d1,0.24602890014648438,0.18620161712169647,0.1196545660495758,0.18620161712169647,0.23042967915534973,0.24602890014648438,0.0,21.351505279541016,32.67537498474121,1,2,0.0,0.0,0.0
hf_github_codereview,3e8fe05f8b5d83a7,0.8104516863822937,0.8104516863822937,0.8104516863822937,0.8104516863822937,0.810451865196228,0.8104516863822937,0.0,40.28352355957031,39.70907211303711,1,1,1.0,1.0,1.0
hf_github_codereview,3b47ee72d1f7cc92,0.8336302042007446,0.8336302042007446,0.8336302042007446,0.8336302042007446,0.8336302042007446,0.8336302042007446,0.0,36.243751525878906,37.11845397949219,1,1,1.0,1.0,1.0
hf_github_codereview,572bc908ad945b21,0.8276753425598145,0.7638497948646545,0.12765109539031982,0.7638497948646545,0.8432832956314087,0.8276753425598145,0.0,41.34904098510742,41.274505615234375,1,2,1.0,1.0,0.5
hf_github_codereview,16f6d9bce0f6295e,0.9999996423721313,0.9999996423721313,0.9999996423721313,0.9999996423721313,0.9999998807907104,0.9999996423721313,0.0,39.70907211303711,39.70907211303711,1,1,1.0,1.0,1.0
hf_github_codereview,ca122353a5125b59,1.0,0.5871248319745064,0.8257503360509872,0.5871248319745064,0.7662407159805298,1.0,0.0,42.39208221435547,38.115211486816406,1,2,0.5,0.5,0.5
hf_github_codereview,4e3b75f54c0ccfb5,1.0,1.0,1.0,1.0,1.0,1.0,0.0,37.11845397949219,37.11845397949219,1,1,1.0,1.0,1.0
hf_github_codereview,c8891e57c1bf54ff,1.0,1.0,1.0,1.0,1.0,1.0,0.0,39.654090881347656,39.654090881347656,1,1,1.0,1.0,1.0
hf_github_codereview,5379d4c473877599,1.0,0.9271051287651062,0.1457897424697876,0.9271051287651062,0.9628630876541138,1.0,0.0,40.42461395263672,41.730398178100586,1,2,1.0,1.0,1.0
hf_github_codereview,5aa498a9bfba3bbf,0.9999997615814209,0.9271050095558167,0.1457895040512085,0.9271050095558167,0.962863028049469,0.9999997615814209,0.0,43.03618240356445,41.730398178100586,1,2,1.0,1.0,1.0
hf_github_codereview,77397327a7b06817,0.4728745222091675,0.27040527388453484,0.4049384966492653,0.27040527388453484,0.3658520579338074,0.4728745222091675,0.0,34.1160888671875,40.682390213012695,1,2,0.0,0.0,0.0
hf_github_codereview,9e26c77611e17d94,0.542525053024292,0.542525053024292,0.542525053024292,0.542525053024292,0.5425249934196472,0.542525053024292,0.0,33.1473274230957,37.45307922363281,1,1,0.0,0.0,0.0
hf_github_codereview,e6456ebe86e8e21a,0.9006356000900269,0.9006356000900269,0.9006356000900269,0.9006356000900269,0.9006356596946716,0.9006356000900269,0.0,31.07059669494629,32.132102966308594,1,1,1.0,1.0,1.0
hf_github_codereview,63d046012ca0cb47,0.4360108971595764,0.3672960698604584,0.13742965459823608,0.3672960698604584,0.4819418787956238,0.4360108971595764,0.0,38.26289367675781,31.78316879272461,1,2,0.0,0.0,0.0
hf_github_codereview,935483c82aa669d6,0.7015975713729858,0.7015975713729858,0.7015975713729858,0.7015975713729858,0.7015976309776306,0.7015975713729858,0.0,43.45063400268555,36.06571960449219,1,1,1.0,1.0,0.0
hf_github_codereview,329c69e20733f55a,0.16371536254882812,0.16371536254882812,0.16371536254882812,0.16371536254882812,0.16371536254882812,0.16371536254882812,0.0,37.38835525512695,41.06936264038086,1,1,0.0,0.0,0.0
hf_github_codereview,ff86e387c8120690,1.0,1.0,1.0,1.0,1.0,1.0,0.0,26.48712921142578,26.48712921142578,1,1,1.0,1.0,1.0
hf_github_codereview,9b3e5b363e5009e7,1.0,1.0,1.0,1.0,1.0,1.0,0.0,30.607051849365234,30.607051849365234,1,1,1.0,1.0,1.0
hf_github_codereview,b76e54ef1178f2a0,1.0,1.0,1.0,1.0,1.0,1.0,0.0,35.15970993041992,35.15970993041992,1,1,1.0,1.0,1.0
hf_github_codereview,7a2e3bd845c8ccae,0.4010623097419739,0.2613171301782131,0.2794903591275215,0.2613171301782131,0.3384147882461548,0.4010623097419739,0.0,38.475852966308594,29.470857620239258,1,2,0.0,0.0,0.0
hf_github_codereview,d69bd4dd54ef5bdb,0.1919124722480774,0.1919124722480774,0.1919124722480774,0.1919124722480774,0.1919124871492386,0.1919124722480774,0.0,20.38143539428711,33.500003814697266,1,1,0.0,0.0,0.0
hf_github_codereview,e739a4eb059a01e2,1.0,1.0,1.0,1.0,1.0,1.0,0.0,28.678977966308594,28.678977966308594,1,1,1.0,1.0,1.0
hf_github_codereview,cc61939ac9a1075f,0.475587397813797,0.475587397813797,0.475587397813797,0.475587397813797,0.475587397813797,0.475587397813797,0.0,27.12371063232422,45.40519714355469,1,1,0.0,0.0,0.0
hf_github_codereview,3215956dea3cb036,1.0,1.0,1.0,1.0,1.0,1.0,0.0,37.1726188659668,37.1726188659668,1,1,1.0,1.0,1.0
hf_github_codereview,164ee541e389eb5e,1.0,1.0,1.0,1.0,1.0,1.0,0.0,42.68006896972656,42.68006896972656,1,1,1.0,1.0,1.0
hf_github_codereview,b44cdd3c632bebfb,0.3143579363822937,0.3143579363822937,0.3143579363822937,0.3143579363822937,0.3143579363822937,0.3143579363822937,0.0,38.07649612426758,39.9992790222168,1,1,0.0,0.0,0.0
hf_github_codereview,396c39957a071d6e,0.9999998211860657,0.9999998211860657,0.9999998211860657,0.9999998211860657,0.9999998807907104,0.9999998211860657,0.0,38.52030944824219,38.52030944824219,1,1,1.0,1.0,1.0
hf_github_codereview,86eed574f608d946,0.8186757564544678,0.7754747867584229,0.08640193939208984,0.7754747867584229,0.8550814986228943,0.8186757564544678,0.0,45.2569694519043,39.4855842590332,1,2,1.0,1.0,0.5
hf_github_codereview,9806a0a715a18cfc,0.3500071167945862,0.3500071167945862,0.3500071167945862,0.3500071167945862,0.3500071167945862,0.3500071167945862,0.0,43.352027893066406,34.83452606201172,1,1,0.0,0.0,0.0
hf_github_codereview,96563c74f9d8eed2,0.28806179761886597,0.26594384759664536,0.04423590004444122,0.26594384759664536,0.35180121660232544,0.28806179761886597,0.0,29.53481101989746,33.141828536987305,1,2,0.0,0.0,0.0
hf_github_codereview,1e08f583f69e03fa,0.6011414527893066,0.39136992891629535,0.25462764501571655,0.39136992891629535,0.5397850275039673,0.6011414527893066,0.0,35.40779113769531,37.26231257120768,1,3,0.3333333333333333,0.0,0.0
hf_github_codereview,05c7a0dec7587072,0.4323899745941162,0.4323899745941162,0.4323899745941162,0.4323899745941162,0.432390034198761,0.4323899745941162,0.0,27.48719596862793,34.13296890258789,1,1,0.0,0.0,0.0
hf_github_codereview,2017e5edf16b3ebf,0.4323899745941162,0.4323899745941162,0.4323899745941162,0.4323899745941162,0.432390034198761,0.4323899745941162,0.0,27.48719596862793,34.13296890258789,1,1,0.0,0.0,0.0
hf_github_codereview,f29be5c82bf50cec,0.43930017948150635,0.43930017948150635,0.43930017948150635,0.43930017948150635,0.4393002390861511,0.43930017948150635,0.0,27.875289916992188,34.13296890258789,1,1,0.0,0.0,0.0
hf_github_codereview,b287569ccd0b559c,0.7782903909683228,0.45267876982688904,0.6512232422828674,0.45267876982688904,0.5524600148200989,0.7782903909683228,0.0,41.52320098876953,39.12773323059082,1,2,0.5,0.5,0.0
hf_github_codereview,0d7b732cfdc9d7bb,0.8246089220046997,0.5140447989106178,0.6211282461881638,0.5140447989106178,0.651832103729248,0.8246089220046997,0.0,41.6612663269043,36.40231513977051,1,2,0.5,0.5,0.5
hf_github_codereview,7818793b22d3cb83,0.8046203851699829,0.5394036322832108,0.5304335057735443,0.5394036322832108,0.6065644025802612,0.8046203851699829,0.0,43.59967803955078,38.08757781982422,1,2,0.5,0.5,0.5
hf_github_codereview,bad6962d54d76719,0.9999997615814209,0.9999997615814209,0.9999997615814209,0.9999997615814209,1.0,0.9999997615814209,0.0,42.063175201416016,42.063175201416016,1,1,1.0,1.0,1.0
hf_github_codereview,1fdb293367721117,1.0,1.0,1.0,1.0,1.0,1.0,0.0,32.86335372924805,32.86335372924805,1,1,1.0,1.0,1.0
hf_github_codereview,d0fc482423f99ed4,0.6523277759552002,0.6523277759552002,0.6523277759552002,0.6523277759552002,0.6523278951644897,0.6523277759552002,0.0,49.298282623291016,44.37519073486328,1,1,1.0,0.0,0.0
hf_github_codereview,4c768b846a945f58,0.724219560623169,0.5723078846931458,0.3038233518600464,0.5723078846931458,0.6571660041809082,0.724219560623169,0.0,36.879146575927734,35.003098487854004,1,2,0.5,0.5,0.0
hf_github_codereview,401e16eb7f653d5c,0.618463397026062,0.618463397026062,0.618463397026062,0.618463397026062,0.618463397026062,0.618463397026062,0.0,45.0792350769043,34.231834411621094,1,1,1.0,0.0,0.0
hf_github_codereview,64c9904fe73a479f,0.15241998434066772,0.15241998434066772,0.15241998434066772,0.15241998434066772,0.15241999924182892,0.15241998434066772,0.0,32.91292190551758,39.23130416870117,1,1,0.0,0.0,0.0
hf_github_codereview,9ba6a415fdc7fb8b,0.1788933128118515,0.1788933128118515,0.1788933128118515,0.1788933128118515,0.1788933426141739,0.1788933128118515,0.0,37.444580078125,34.55335998535156,1,1,0.0,0.0,0.0
hf_github_codereview,e4bee5dbcef75f1a,0.8388859033584595,0.8388859033584595,0.8388859033584595,0.8388859033584595,0.8388859033584595,0.8388859033584595,0.0,46.193214416503906,51.73967742919922,1,1,1.0,1.0,1.0
hf_github_codereview,8644c5883d43c36b,1.0,1.0,1.0,1.0,1.0,1.0,0.0,29.658599853515625,29.658599853515625,1,1,1.0,1.0,1.0
hf_github_codereview,d9f4bfb4634bcb45,0.6752844452857971,0.648812860250473,0.05294317007064819,0.648812860250473,0.7453702688217163,0.6752844452857971,0.0,44.37311935424805,44.1721134185791,1,2,1.0,0.0,0.0
hf_github_codereview,82b47923b8b3e5cb,1.0,1.0,1.0,1.0,1.0,1.0,0.0,33.72500228881836,33.72500228881836,1,1,1.0,1.0,1.0
hf_github_codereview,a3813db715d0bdaa,0.1531437188386917,0.1531437188386917,0.1531437188386917,0.1531437188386917,0.1531437188386917,0.1531437188386917,0.0,33.4648323059082,33.74472427368164,1,1,0.0,0.0,0.0
hf_github_codereview,dba398e8c5d49cd4,0.9381229281425476,0.9381229281425476,0.9381229281425476,0.9381229281425476,0.9381229877471924,0.9381229281425476,0.0,30.842599868774414,32.219539642333984,1,1,1.0,1.0,1.0
hf_github_codereview,c38faf85a8c6dfcc,0.9356298446655273,0.9356298446655273,0.9356298446655273,0.9356298446655273,0.9356299042701721,0.9356298446655273,0.0,31.69940948486328,32.10364532470703,1,1,1.0,1.0,1.0
hf_github_codereview,1d8552b392994451,1.0,1.0,1.0,1.0,1.0,1.0,0.0,37.96479415893555,37.96479415893555,1,1,1.0,1.0,1.0
hf_github_codereview,3d22b57721d2f6b8,0.9999997615814209,0.5358285047113895,0.9283425137400627,0.5358285047113895,0.7320030331611633,0.9999997615814209,0.0,36.31346130371094,32.95393085479736,1,2,0.5,0.5,0.5
hf_github_codereview,5419b29df53d1159,0.23056560754776,0.23056560754776,0.23056560754776,0.23056560754776,0.23056560754776,0.23056560754776,0.0,37.639198303222656,31.90921974182129,1,1,0.0,0.0,0.0
hf_github_codereview,9a7da997cc094edb,0.9308141469955444,0.5583255439996719,0.4288873076438904,0.5583255439996719,0.7520891427993774,0.9308141469955444,0.0,33.797245025634766,33.34021441141764,1,3,0.3333333333333333,0.3333333333333333,0.3333333333333333
hf_github_codereview,7ea810f73dacb446,0.4506230354309082,0.4506230354309082,0.4506230354309082,0.4506230354309082,0.4506230354309082,0.4506230354309082,0.0,33.797245025634766,33.347564697265625,1,1,0.0,0.0,0.0
hf_github_codereview,4ce9e9e3cc841546,0.30647242069244385,0.21437891324361166,0.1376764327287674,0.1709402397274971,0.2629169821739197,0.30647242069244385,0.0,44.42781066894531,33.020255661010744,1,5,0.0,0.0,0.0
hf_github_codereview,1f252bca09cc5b84,0.4054832458496094,0.13875176012516022,0.5334629714488983,0.13875176012516022,0.1997169852256775,0.4054832458496094,0.0,39.14060974121094,30.012868881225586,1,2,0.0,0.0,0.0
hf_github_codereview,282534fc954e552c,0.32527297735214233,0.18070309609174728,0.2891397625207901,0.18070309609174728,0.2601010799407959,0.32527297735214233,0.0,47.42378234863281,30.012868881225586,1,2,0.0,0.0,0.0
hf_github_codereview,b95688bfc91d73f3,0.99868243932724,0.7344033271074295,0.528558224439621,0.7344033271074295,0.8556027412414551,0.99868243932724,0.0,43.06581115722656,41.57848930358887,1,2,0.5,0.5,0.5
hf_github_codereview,817040a0b6504a2d,0.07460591197013855,0.07460591197013855,0.07460591197013855,0.07460591197013855,0.07460592687129974,0.07460591197013855,0.0,44.2641716003418,20.50194549560547,1,1,0.0,0.0,0.0
hf_github_codereview,d1955d6c143852f0,0.11068042367696762,0.11068042367696762,0.11068042367696762,0.11068042367696762,0.11068043112754822,0.11068042367696762,0.0,29.030099868774414,42.50129699707031,1,1,0.0,0.0,0.0
hf_github_codereview,61a7afef4d1d64f9,1.0,1.0,1.0,1.0,1.0,1.0,0.0,29.33424186706543,29.33424186706543,1,1,1.0,1.0,1.0
hf_github_codereview,bd90db1d6b508756,0.9150322675704956,0.5587117671966553,0.7126410007476807,0.5587117671966553,0.7318727970123291,0.9150322675704956,0.0,30.015663146972656,33.89942169189453,1,2,0.5,0.5,0.5
hf_github_codereview,380feea6c0ac6173,0.9061453938484192,0.9061453938484192,0.9061453938484192,0.9061453938484192,0.9061453938484192,0.9061453938484192,0.0,23.430131912231445,23.56960105895996,1,1,1.0,1.0,1.0
hf_github_codereview,bf0d08e11dacdd0c,0.9048787355422974,0.9048787355422974,0.9048787355422974,0.9048787355422974,0.9048787355422974,0.9048787355422974,0.0,43.912109375,42.40303039550781,1,1,1.0,1.0,1.0
hf_github_codereview,d8ef3362061e6a54,0.7213668823242188,0.45620399713516235,0.24417972564697266,0.45620399713516235,0.6310460567474365,0.7213668823242188,0.0,38.1215705871582,38.82336934407552,1,3,0.3333333333333333,0.3333333333333333,0.0
hf_github_codereview,f38c9656d7b9cd58,0.8768614530563354,0.6546937823295593,0.312125027179718,0.6546937823295593,0.7949251532554626,0.8768614530563354,0.0,41.62885284423828,36.08222770690918,1,3,0.3333333333333333,0.3333333333333333,0.3333333333333333
hf_github_codereview,304bd8f7c5a7c128,0.992054283618927,0.992054283618927,0.992054283618927,0.992054283618927,0.992054283618927,0.992054283618927,0.0,38.36897659301758,38.71628189086914,1,1,1.0,1.0,1.0
hf_github_codereview,f870141e1fff849a,0.4553370773792267,0.4553370773792267,0.4553370773792267,0.4553370773792267,0.4553370773792267,0.4553370773792267,0.0,31.073078155517578,47.493560791015625,1,1,0.0,0.0,0.0
hf_github_codereview,110623123b86d909,0.9999998211860657,0.9999998211860657,0.9999998211860657,0.9999998211860657,1.0,0.9999998211860657,0.0,35.953495025634766,35.953495025634766,1,1,1.0,1.0,1.0
hf_github_codereview,67c5dd7ec1799b7d,1.0,1.0,1.0,1.0,1.0,1.0,0.0,21.934925079345703,21.934925079345703,1,1,1.0,1.0,1.0
hf_github_codereview,d809368bdbc31646,0.8305495381355286,0.8305495381355286,0.8305495381355286,0.8305495381355286,0.8305495381355286,0.8305495381355286,0.0,41.57004165649414,37.0432014465332,1,1,1.0,1.0,1.0
hf_github_codereview,f985f70bced736b7,0.9999999403953552,0.9999999403953552,0.9999999403953552,0.9999999403953552,1.0,0.9999999403953552,0.0,44.893795013427734,44.893795013427734,1,1,1.0,1.0,1.0
hf_github_codereview,6c78103b3f235f67,0.8586717844009399,0.5126611292362213,0.6920213103294373,0.5126611292362213,0.6760815382003784,0.8586717844009399,0.0,42.987545013427734,43.07052040100098,1,2,0.5,0.5,0.5
hf_github_codereview,b0a0d1ec0c6aa946,0.9673213958740234,0.9673213958740234,0.9673213958740234,0.9673213958740234,0.967321515083313,0.9673213958740234,0.0,30.720596313476562,33.682796478271484,1,1,1.0,1.0,1.0
hf_github_codereview,7b8ed6f390bf5895,0.9999998211860657,0.9999998211860657,0.9999998211860657,0.9999998211860657,0.9999999403953552,0.9999998211860657,0.0,35.22352981567383,35.22352981567383,1,1,1.0,1.0,1.0
hf_github_codereview,48413a925fda59f4,0.9999999403953552,0.5397833287715912,0.9204332232475281,0.5397833287715912,0.7346994876861572,0.9999999403953552,0.0,36.17765808105469,28.339801788330078,1,2,0.5,0.5,0.5
hf_github_codereview,90e9874f8143217f,0.8621630668640137,0.5846401154994965,0.5550459027290344,0.5846401154994965,0.749870777130127,0.8621630668640137,0.0,27.706100463867188,32.274672508239746,1,2,0.5,0.5,0.5
hf_github_codereview,e842dc6d8c4ab6e0,0.859737753868103,0.5255823532740275,0.47889459133148193,0.5255823532740275,0.7125036716461182,0.859737753868103,0.0,40.825172424316406,39.229478200276695,1,3,0.3333333333333333,0.3333333333333333,0.3333333333333333
hf_github_codereview,cd234ec0bf7a2d66,0.5881615877151489,0.4827629327774048,0.09038996696472168,0.4827629327774048,0.6526275277137756,0.5881615877151489,0.0,41.71683883666992,40.97317250569662,1,3,0.0,0.0,0.0
hf_github_codereview,a1654018cf141242,0.9536899328231812,0.9536899328231812,0.9536899328231812,0.9536899328231812,0.9536897540092468,0.9536899328231812,0.0,44.82222366333008,48.18775177001953,1,1,1.0,1.0,1.0
hf_github_codereview,8dd0ebe51a833e56,1.0,1.0,1.0,1.0,1.0,1.0,0.0,24.210954666137695,24.210954666137695,1,1,1.0,1.0,1.0
hf_github_codereview,b2ecc1e90e05f6c7,0.15614596009254456,0.11002259701490402,0.09224672615528107,0.11002259701490402,0.1251676082611084,0.15614596009254456,0.0,37.2365608215332,41.475996017456055,1,2,0.0,0.0,0.0
hf_github_codereview,0c58f011e0bc5c9e,0.5831089019775391,0.5665556192398071,0.03310656547546387,0.5665556192398071,0.7317942976951599,0.5831089019775391,0.0,28.07946014404297,43.247047424316406,1,2,0.0,0.0,0.0
hf_github_codereview,611c70552afa05e2,0.45496702194213867,0.33973702043294907,0.2304600030183792,0.33973702043294907,0.4289645552635193,0.45496702194213867,0.0,37.06014633178711,41.61762619018555,1,2,0.0,0.0,0.0
hf_github_codereview,2dd4d88493e0ea97,0.4175759255886078,0.4175759255886078,0.4175759255886078,0.4175759255886078,0.4175759553909302,0.4175759255886078,0.0,27.385855356852215,38.30348587036133,3,1,0.0,0.0,0.0
hf_github_codereview,edc5ecec6dba9cfc,0.9999997615814209,0.9999997615814209,0.9999997615814209,0.9999997615814209,0.9999998807907104,0.9999997615814209,0.0,33.8084831237793,33.8084831237793,1,1,1.0,1.0,1.0
hf_github_codereview,2afcab5b58089283,0.5490483641624451,0.4527500420808792,0.1925966441631317,0.4527500420808792,0.5288482904434204,0.5490483641624451,0.0,44.742088317871094,40.19802665710449,1,2,0.0,0.0,0.0
hf_github_codereview,d1ad18b4f02b8158,0.9608859419822693,0.6259071379899979,0.6699576079845428,0.6259071379899979,0.773448646068573,0.9608859419822693,0.0,24.09092140197754,33.845977783203125,1,2,0.5,0.5,0.5
hf_github_codereview,b3ceeb93f5feb006,0.8985654711723328,0.5391821935772896,0.7187665551900864,0.5391821935772896,0.7027866840362549,0.8985654711723328,0.0,32.81349182128906,40.55103874206543,1,2,0.5,0.5,0.5
hf_github_codereview,60087d7d6962bdc5,0.9999998211860657,0.49736959238847095,0.6158764958381653,0.39746991731226444,0.590458333492279,0.9999998211860657,0.0,39.4081916809082,30.76671552658081,1,4,0.25,0.25,0.25
hf_github_codereview,52c52b42e69d46ff,0.552033543586731,0.552033543586731,0.552033543586731,0.552033543586731,0.552033543586731,0.552033543586731,0.0,44.97703552246094,39.60857391357422,1,1,0.0,0.0,0.0
hf_github_codereview,9e7d6dfcb06ce72b,0.5641562938690186,0.3777191489934921,0.37287428975105286,0.3777191489934921,0.5027616620063782,0.5641562938690186,0.0,31.93406867980957,37.48671531677246,1,2,0.0,0.0,0.0
hf_github_codereview,c2a3131cfdce4aeb,0.8996689915657043,0.730270117521286,0.33879774808883667,0.730270117521286,0.8232524991035461,0.8996689915657043,0.0,37.054622650146484,42.37750053405762,1,2,0.5,0.5,0.5
hf_github_codereview,fc2f94e84fe747ea,0.46472012996673584,0.3700215816497803,0.18939709663391113,0.3700215816497803,0.47573184967041016,0.46472012996673584,0.0,34.885562896728516,37.85719871520996,1,2,0.0,0.0,0.0
hf_github_codereview,0c1ea8d596eb448a,1.0,1.0,1.0,1.0,1.0,1.0,0.0,41.95302963256836,41.95302963256836,1,1,1.0,1.0,1.0
hf_github_codereview,270ccf7ae7f462df,0.5952615737915039,0.38539981842041016,0.4197235107421875,0.38539981842041016,0.4891086518764496,0.5952615737915039,0.0,21.674760818481445,26.890993118286133,1,2,0.0,0.0,0.0
hf_github_codereview,562bd2599205ad06,0.4153527021408081,0.4153527021408081,0.4153527021408081,0.4153527021408081,0.4153527021408081,0.4153527021408081,0.0,47.872779846191406,40.35125732421875,1,1,0.0,0.0,0.0
hf_github_codereview,fea3b4701d78dc57,0.9183686375617981,0.9183686375617981,0.9183686375617981,0.9183686375617981,0.9183688759803772,0.9183686375617981,0.0,38.54377365112305,39.31460952758789,1,1,1.0,1.0,1.0
hf_github_codereview,1aa8b99b7a3bc9df,0.9979888200759888,0.46974337100982666,0.6923450827598572,0.46974337100982666,0.7159161567687988,0.9979888200759888,0.0,39.27943420410156,33.992132822672524,1,3,0.3333333333333333,0.3333333333333333,0.3333333333333333
hf_github_codereview,ed1f466088eb0056,0.8637068271636963,0.7194157838821411,0.28858208656311035,0.7194157838821411,0.7907644510269165,0.8637068271636963,0.0,41.017269134521484,40.617300033569336,1,2,0.5,0.5,0.5
hf_github_codereview,1802da79b1e88b42,0.7542357444763184,0.6715587079524994,0.16535407304763794,0.6715587079524994,0.7654353380203247,0.7542357444763184,0.0,41.78529739379883,39.497074127197266,1,2,0.5,0.5,0.0
hf_github_codereview,887c8abbb300c060,1.0,1.0,1.0,1.0,1.0,1.0,0.0,40.169734954833984,40.169734954833984,1,1,1.0,1.0,1.0
hf_github_codereview,c53be16063547a0c,1.0,1.0,1.0,1.0,1.0,1.0,0.0,39.18418502807617,39.18418502807617,1,1,1.0,1.0,1.0
hf_github_codereview,50f75e50bee6431b,0.9944539666175842,0.6538928151130676,0.6811223030090332,0.6538928151130676,0.8097584843635559,0.9944539666175842,0.0,41.692344665527344,37.99047088623047,1,2,0.5,0.5,0.5
hf_github_codereview,619f53faa164a9ae,0.9999998211860657,0.4903692603111267,0.7475497424602509,0.4903692603111267,0.7042301893234253,0.9999998211860657,0.0,30.729829788208008,39.280548731486,1,3,0.3333333333333333,0.3333333333333333,0.3333333333333333
hf_github_codereview,51195615da6c4164,0.9999998807907104,0.9999998807907104,0.9999998807907104,0.9999998807907104,1.0,0.9999998807907104,0.0,26.046154022216797,26.046154022216797,1,1,1.0,1.0,1.0
hf_github_codereview,b7e07d71ee9774f7,0.5171582102775574,0.35632818192243576,0.3216600567102432,0.35632818192243576,0.43194693326950073,0.5171582102775574,0.0,41.372074127197266,26.27643585205078,1,2,0.0,0.0,0.0
hf_github_codereview,9ae27226c5db9335,0.5910974144935608,0.5910974144935608,0.5910974144935608,0.5910974144935608,0.5910974144935608,0.5910974144935608,0.0,38.97989273071289,36.699485778808594,1,1,0.0,0.0,0.0
hf_github_codereview,479b4fe5125b26a6,0.7485724091529846,0.7485724091529846,0.7485724091529846,0.7485724091529846,0.7485724091529846,0.7485724091529846,0.0,44.066810607910156,43.8724365234375,1,1,1.0,1.0,0.0
hf_github_codereview,1b81b9dc5541bdc4,0.09433899819850922,0.09433899819850922,0.09433899819850922,0.09433899819850922,0.09433899819850922,0.09433899819850922,0.0,33.80267333984375,36.699485778808594,1,1,0.0,0.0,0.0
hf_github_codereview,1b8a9b628578588a,0.8272912502288818,0.8272912502288818,0.8272912502288818,0.8272912502288818,0.8272913098335266,0.8272912502288818,0.0,25.923952102661133,35.165645599365234,1,1,1.0,1.0,1.0
hf_github_codereview,46de483d3a497f79,0.5711258053779602,0.5711258053779602,0.5711258053779602,0.5711258053779602,0.571125864982605,0.5711258053779602,0.0,43.70602035522461,22.271167755126953,1,1,0.0,0.0,0.0
hf_github_codereview,9a0c1952129f9850,0.800432562828064,0.5419267316659292,0.2789461016654968,0.4638010486960411,0.6888778805732727,0.800432562828064,0.0,38.82375717163086,38.733771324157715,1,4,0.25,0.25,0.25
hf_github_codereview,0145d6f21fdca8c6,0.893805742263794,0.893805742263794,0.893805742263794,0.893805742263794,0.8938058018684387,0.893805742263794,0.0,39.9139404296875,35.22857666015625,1,1,1.0,1.0,1.0
hf_github_codereview,385e34c4f27a90d7,0.0,0.0,0.0,0.0,0.0,0.0,0.0,20.759458541870117,0.0,1,0,0.0,0.0,0.0
hf_github_codereview,e933ce9aff7067d9,1.0,1.0,1.0,1.0,1.0,1.0,0.0,27.985496520996094,27.985496520996094,1,1,1.0,1.0,1.0
hf_github_codereview,a0f95e14d4d2360c,0.9999997615814209,0.9999997615814209,0.9999997615814209,0.9999997615814209,0.9999999403953552,0.9999997615814209,0.0,25.37579345703125,25.37579345703125,1,1,1.0,1.0,1.0
hf_github_codereview,9a4e62da43a92f64,0.8864656686782837,0.8864656686782837,0.8864656686782837,0.8864656686782837,0.8864656686782837,0.8864656686782837,0.0,31.26340675354004,37.399662017822266,1,1,1.0,1.0,1.0
hf_github_codereview,8fc6dcb346aa3e4a,0.8203680515289307,0.8203680515289307,0.8203680515289307,0.8203680515289307,0.8203680515289307,0.8203680515289307,0.0,36.38953399658203,37.950252532958984,1,1,1.0,1.0,1.0
hf_github_codereview,bcfdd13c6a0f5340,0.27202725410461426,0.27202725410461426,0.27202725410461426,0.27202725410461426,0.27202731370925903,0.27202725410461426,0.0,23.98736000061035,24.90318489074707,1,1,0.0,0.0,0.0
hf_github_codereview,fb06a87db4afb33b,0.2978695034980774,0.2978695034980774,0.2978695034980774,0.2978695034980774,0.2978695034980774,0.2978695034980774,0.0,41.21080780029297,37.950252532958984,1,1,0.0,0.0,0.0
hf_github_codereview,4e38bbb69adba3d6,0.8918126225471497,0.8918126225471497,0.8918126225471497,0.8918126225471497,0.8918126225471497,0.8918126225471497,0.0,40.43837356567383,37.05516815185547,1,1,1.0,1.0,1.0
hf_github_codereview,fe50e2c0d5c3babb,0.47651880979537964,0.47651880979537964,0.47651880979537964,0.47651880979537964,0.47651880979537964,0.47651880979537964,0.0,41.89894485473633,29.583560943603516,1,1,0.0,0.0,0.0
hf_github_codereview,eb062612e04e0808,0.6727123260498047,0.6727123260498047,0.6727123260498047,0.6727123260498047,0.6727123260498047,0.6727123260498047,0.0,44.94841384887695,28.52121925354004,1,1,1.0,0.0,0.0
hf_github_codereview,4da08a30004e29de,0.3784081041812897,0.3784081041812897,0.3784081041812897,0.3784081041812897,0.3784081041812897,0.3784081041812897,0.0,41.128204345703125,37.030067443847656,1,1,0.0,0.0,0.0
hf_github_codereview,9d2a02038f580ca6,0.9999999403953552,0.9999999403953552,0.9999999403953552,0.9999999403953552,1.0,0.9999999403953552,0.0,41.469215393066406,41.469215393066406,1,1,1.0,1.0,1.0
hf_github_codereview,ee11dafda38c8694,1.0,1.0,1.0,1.0,1.0,1.0,0.0,43.15317916870117,43.15317916870117,1,1,1.0,1.0,1.0
hf_github_codereview,31893ff431e3a7ff,0.9157485961914062,0.9157485961914062,0.9157485961914062,0.9157485961914062,0.9157484769821167,0.9157485961914062,0.0,39.9050178527832,43.15317916870117,1,1,1.0,1.0,1.0
hf_github_codereview,b8bf98457554b370,0.5955559015274048,0.5955559015274048,0.5955559015274048,0.5955559015274048,0.5955559015274048,0.5955559015274048,0.0,37.70685958862305,28.21881675720215,1,1,0.0,0.0,0.0
hf_github_codereview,e5736b2295d6b51d,0.6325535178184509,0.42839982360601425,0.40830738842487335,0.42839982360601425,0.4906146824359894,0.6325535178184509,0.0,39.71889877319336,38.44331741333008,1,2,0.5,0.0,0.0
hf_github_codereview,af6b1cdbedbddcce,0.8500016927719116,0.8500016927719116,0.8500016927719116,0.8500016927719116,0.8500018119812012,0.8500016927719116,0.0,42.03504943847656,42.64622497558594,1,1,1.0,1.0,1.0
hf_github_codereview,5667db04ba8c46e6,0.7469501495361328,0.7469501495361328,0.7469501495361328,0.7469501495361328,0.7469502091407776,0.7469501495361328,0.0,42.34242248535156,36.64362335205078,1,1,1.0,1.0,0.0
hf_github_codereview,b68a9655bbf58bed,0.7285358905792236,0.7285358905792236,0.7285358905792236,0.7285358905792236,0.7285358905792236,0.7285358905792236,0.0,42.34242248535156,34.958377838134766,1,1,1.0,1.0,0.0
hf_github_codereview,28b316c4f0d03fd7,0.31424185633659363,0.2509355843067169,0.12661254405975342,0.2509355843067169,0.27946117520332336,0.31424185633659363,0.0,33.5485725402832,30.833940505981445,1,2,0.0,0.0,0.0
hf_github_codereview,df9c03f3b342d653,0.7213094234466553,0.7213094234466553,0.7213094234466553,0.7213094234466553,0.7213094234466553,0.7213094234466553,0.0,33.95730209350586,39.21173858642578,1,1,1.0,1.0,0.0
hf_github_codereview,44aa44b88fb7e2d8,1.0,0.5446775630116463,0.9106448739767075,0.5446775630116463,0.7380228042602539,1.0,0.0,42.037288665771484,30.892581939697266,1,2,0.5,0.5,0.5
hf_github_codereview,553c586acc78b114,0.9999998807907104,0.562417134642601,0.8751654922962189,0.562417134642601,0.749944806098938,0.9999998807907104,0.0,42.73149871826172,40.79264450073242,1,2,0.5,0.5,0.5
hf_github_codereview,a9f1bbd5fa7df595,0.40765103697776794,0.40765103697776794,0.40765103697776794,0.40765103697776794,0.40765103697776794,0.40765103697776794,0.0,35.155670166015625,29.48244285583496,1,1,0.0,0.0,0.0
hf_github_codereview,d9148550343b01db,0.5606490969657898,0.5606490969657898,0.5606490969657898,0.5606490969657898,0.5606490969657898,0.5606490969657898,0.0,41.3243293762207,29.48244285583496,1,1,0.0,0.0,0.0
hf_github_codereview,17bbe87523876f7d,1.0,1.0,1.0,1.0,1.0,1.0,0.0,43.718563079833984,43.718563079833984,1,1,1.0,1.0,1.0
hf_github_codereview,b7daa9b7667f5297,0.9999997019767761,0.9999997019767761,0.9999997019767761,0.9999997019767761,0.9999999403953552,0.9999997019767761,0.0,40.539852142333984,40.539852142333984,1,1,1.0,1.0,1.0
hf_github_codereview,29e043c01081a6be,0.9999998807907104,0.9999998807907104,0.9999998807907104,0.9999998807907104,1.0,0.9999998807907104,0.0,28.51325225830078,28.51325225830078,1,1,1.0,1.0,1.0
hf_github_codereview,d0ee2f5a9126f6c3,0.9999998807907104,0.9999998807907104,0.9999998807907104,0.9999998807907104,0.9999998807907104,0.9999998807907104,0.0,44.736183166503906,44.736183166503906,1,1,1.0,1.0,1.0
hf_github_codereview,7291edaf1f4d9e95,0.7699810862541199,0.5538571774959564,0.4322478175163269,0.5538571774959564,0.6475070714950562,0.7699810862541199,0.0,38.04744338989258,36.31949234008789,1,2,0.5,0.5,0.0
hf_github_codereview,6483d26d2a3fdebc,0.6924250721931458,0.6924250721931458,0.6924250721931458,0.6924250721931458,0.6924251317977905,0.6924250721931458,0.0,39.817501068115234,42.93772506713867,1,1,1.0,0.0,0.0
hf_github_codereview,51da48a32707a68f,0.7975805997848511,0.7975805997848511,0.7975805997848511,0.7975805997848511,0.7975804805755615,0.7975805997848511,0.0,33.14389419555664,42.86306381225586,1,1,1.0,1.0,0.0
hf_github_codereview,99e168f736f4940f,0.4771418273448944,0.3757895678281784,0.202704519033432,0.3757895678281784,0.44102752208709717,0.4771418273448944,0.0,36.82392883300781,34.523661613464355,1,2,0.0,0.0,0.0
hf_github_codereview,f5d4883c31cdee8f,0.749318540096283,0.5398787955443064,0.04466509819030762,0.5398787955443064,0.7627742886543274,0.749318540096283,0.0,45.78667449951172,40.849483489990234,1,3,0.6666666666666666,0.6666666666666666,0.0
hf_github_codereview,fc966a84bbb7cf2c,0.9691022634506226,0.9376373291015625,0.06292986869812012,0.9376373291015625,0.9606580138206482,0.9691022634506226,0.0,27.361507415771484,29.127995491027832,1,2,1.0,1.0,1.0
hf_github_codereview,81073400e81dd34c,0.9050596356391907,0.7157328724861145,0.20022016763687134,0.7157328724861145,0.8457256555557251,0.9050596356391907,0.0,38.12750244140625,37.7333730061849,1,3,0.6666666666666666,0.6666666666666666,0.3333333333333333
hf_github_codereview,b358928a6165278d,0.4963417053222656,0.489644318819046,0.013394773006439209,0.489644318819046,0.5680192112922668,0.4963417053222656,0.0,41.27912521362305,33.09007740020752,1,2,0.0,0.0,0.0
hf_github_codereview,50c20c9466340396,0.6638403534889221,0.5431430439154307,0.1736830472946167,0.3837604187428951,0.5552148818969727,0.6638403534889221,0.0,43.400699615478516,41.20617389678955,1,4,0.25,0.0,0.0
hf_github_codereview,88eedf008a5b0639,0.8319517374038696,0.6322168111801147,0.27283400297164917,0.6322168111801147,0.7414969801902771,0.8319517374038696,0.0,41.319618225097656,37.59719594319662,1,3,0.3333333333333333,0.3333333333333333,0.3333333333333333
hf_github_codereview,78b32ffe9fa3ad62,0.4883376359939575,0.4883376359939575,0.4883376359939575,0.4883376359939575,0.4883376359939575,0.4883376359939575,0.0,38.0374755859375,27.533178329467773,1,1,0.0,0.0,0.0
hf_github_codereview,df46cb2037aa5e66,0.7674015164375305,0.752353698015213,0.03009563684463501,0.752353698015213,0.8286617994308472,0.7674015164375305,0.0,40.26017379760742,39.574819564819336,1,2,1.0,1.0,0.0
hf_github_codereview,8e690d940f19a6c6,0.6183274388313293,0.6183274388313293,0.6183274388313293,0.6183274388313293,0.6183274984359741,0.6183274388313293,0.0,42.45717239379883,29.600194931030273,1,1,1.0,0.0,0.0
hf_github_codereview,abd759c9895a0dd0,0.7901982069015503,0.6700244545936584,0.2403475046157837,0.6700244545936584,0.7377535104751587,0.7901982069015503,0.0,42.928348541259766,37.08070373535156,1,2,0.5,0.5,0.0
hf_github_codereview,ba50eaf74cd37795,0.8391762971878052,0.7441226243972778,0.1901073455810547,0.7441226243972778,0.8569926023483276,0.8391762971878052,0.0,40.87112808227539,34.766021728515625,1,2,1.0,0.5,0.5
hf_github_codereview,f5f99554ed1ee01c,0.6760663986206055,0.511949747800827,0.3282333016395569,0.511949747800827,0.6145815849304199,0.6760663986206055,0.0,43.031822204589844,31.514253616333008,1,2,0.5,0.0,0.0
hf_github_codereview,230607d6ecb7ba74,1.0,1.0,1.0,1.0,1.0,1.0,0.0,40.6138916015625,40.6138916015625,1,1,1.0,1.0,1.0
hf_github_codereview,41ceb79c8278a9b6,0.9999999403953552,0.5579177184651295,0.3093454837799072,0.5579177184651295,0.7949221134185791,0.9999999403953552,0.0,40.53730392456055,37.76213582356771,1,3,0.6666666666666666,0.3333333333333333,0.3333333333333333
hf_github_codereview,83d5158456c06f2b,0.9416456818580627,0.593838594853878,0.20926350355148315,0.593838594853878,0.8179165124893188,0.9416456818580627,0.0,41.913761138916016,43.495361328125,1,3,0.6666666666666666,0.6666666666666666,0.3333333333333333
hf_github_codereview,bb4478ebc2e796eb,0.7525982856750488,0.5092342495918274,0.48672807216644287,0.5092342495918274,0.6111911535263062,0.7525982856750488,0.0,40.53730392456055,40.44422912597656,1,2,0.5,0.5,0.0
hf_github_codereview,0434eabb79edcdca,0.8622625470161438,0.7654784619808197,0.1935681700706482,0.7654784619808197,0.852190375328064,0.8622625470161438,0.0,41.913761138916016,37.536943435668945,1,2,1.0,0.5,0.5
hf_github_codereview,19e692af86a493b9,0.9999995827674866,0.5060369707643986,0.987925224006176,0.5060369707643986,0.7113627195358276,0.9999995827674866,0.0,43.07298278808594,46.298513412475586,1,2,0.5,0.5,0.5
hf_github_codereview,774c60a3681809d3,0.9886161684989929,0.48758934205397964,1.0020536528900266,0.48758934205397964,0.70316481590271,0.9886161684989929,0.0,43.07298278808594,31.635807037353516,1,2,0.5,0.5,0.5
hf_github_codereview,c0af4a0eaaf3aecf,0.6110254526138306,0.42564500868320465,0.37076088786125183,0.42564500868320465,0.5243455767631531,0.6110254526138306,0.0,37.802127838134766,37.16164970397949,1,2,0.5,0.0,0.0
hf_github_codereview,e1266cf572d597e1,0.9139983057975769,0.6805889308452606,0.46681874990463257,0.6805889308452606,0.8084671497344971,0.9139983057975769,0.0,41.204917907714844,40.13438415527344,1,2,0.5,0.5,0.5
hf_github_codereview,7e448b3885f52b1f,0.7482234239578247,0.5494610071182251,0.3975248336791992,0.5494610071182251,0.6342430114746094,0.7482234239578247,0.0,40.27311325073242,37.34838104248047,1,2,0.5,0.5,0.0
hf_github_codereview,8e9a4908a948c914,0.8750877976417542,0.665382131934166,0.4194113314151764,0.665382131934166,0.7709981799125671,0.8750877976417542,0.0,39.465938568115234,37.60392761230469,1,2,0.5,0.5,0.5
hf_github_codereview,a9e5c43f5f31a724,0.6920416951179504,0.5361746847629547,0.31173402070999146,0.5361746847629547,0.643328070640564,0.6920416951179504,0.0,40.16908264160156,37.12534141540527,1,2,0.5,0.0,0.0
hf_github_codereview,04a79917dc3151df,0.5868785381317139,0.3413870446383953,0.4909829869866371,0.3413870446383953,0.43740031123161316,0.5868785381317139,0.0,41.79817199707031,33.3544340133667,1,2,0.0,0.0,0.0
hf_github_codereview,3962c9df86ee5356,0.8137543797492981,0.8137543797492981,0.8137543797492981,0.8137543797492981,0.8137543797492981,0.8137543797492981,0.0,38.373111724853516,30.804149627685547,1,1,1.0,1.0,1.0
hf_github_codereview,29b68f5ea579891f,0.9951692819595337,0.7108592887719473,0.32467055320739746,0.7108592887719473,0.8452335596084595,0.9951692819595337,0.0,38.700958251953125,38.918408711751304,1,3,0.6666666666666666,0.3333333333333333,0.3333333333333333
hf_github_codereview,20cc852d7a284ee4,1.0,0.7095591425895691,0.33229804039001465,0.7095591425895691,0.8623616695404053,1.0,0.0,41.29462432861328,40.49016825358073,1,3,0.6666666666666666,0.3333333333333333,0.3333333333333333
hf_github_codereview,975945d463148a55,1.0,1.0,1.0,1.0,1.0,1.0,0.0,43.67034912109375,43.67034912109375,1,1,1.0,1.0,1.0
hf_github_codereview,c55f822b2c7550a3,1.0,0.39738017320632935,0.7292559444904327,0.39738017320632935,0.6609745025634766,1.0,0.0,29.537681579589844,32.504876454671226,1,3,0.3333333333333333,0.3333333333333333,0.3333333333333333
hf_github_codereview,85df53d5d6d4a2dc,0.331020712852478,0.18688633665442467,0.2882687523961067,0.18688633665442467,0.26788973808288574,0.331020712852478,0.0,38.58982849121094,34.102638244628906,1,2,0.0,0.0,0.0
hf_github_codereview,9eda0e100d34f5ac,0.15137094259262085,0.15137094259262085,0.15137094259262085,0.15137094259262085,0.15137094259262085,0.15137094259262085,0.0,31.57405662536621,47.8251838684082,1,1,0.0,0.0,0.0
hf_github_codereview,c0b1b2be4b67f022,0.8629493117332458,0.8629493117332458,0.8629493117332458,0.8629493117332458,0.8629493117332458,0.8629493117332458,0.0,46.18705749511719,47.196754455566406,1,1,1.0,1.0,1.0
hf_github_codereview,6c8f46f233ae87b6,0.8755479454994202,0.8755479454994202,0.8755479454994202,0.8755479454994202,0.8755480051040649,0.8755479454994202,0.0,39.91948699951172,40.65143585205078,1,1,1.0,1.0,1.0
hf_github_codereview,8384a9d2f1ca2aa7,0.9999999403953552,0.665886253118515,0.6682273745536804,0.665886253118515,0.8160185813903809,0.9999999403953552,0.0,26.092729568481445,29.165005683898926,1,2,0.5,0.5,0.5
hf_github_codereview,2011a6a2f47191b6,0.8551257848739624,0.5358848497271538,0.6384818702936172,0.5358848497271538,0.6758987307548523,0.8551257848739624,0.0,43.409610748291016,36.35017395019531,1,2,0.5,0.5,0.5
hf_github_codereview,80554a32989161ee,0.9999999403953552,0.9999999403953552,0.9999999403953552,0.9999999403953552,1.0,0.9999999403953552,0.0,36.59873580932617,36.59873580932617,1,1,1.0,1.0,1.0
hf_github_codereview,166842db2ce63c5f,0.9999997615814209,0.9999997615814209,0.9999997615814209,0.9999997615814209,0.9999998807907104,0.9999997615814209,0.0,26.71845054626465,26.71845054626465,1,1,1.0,1.0,1.0
hf_github_codereview,d92a25b57233a4d6,0.6400741338729858,0.3376760557293892,0.320245623588562,0.3376760557293892,0.4308241009712219,0.6400741338729858,0.0,35.15001678466797,41.34457524617513,1,3,0.3333333333333333,0.0,0.0
hf_github_codereview,d224abad23c537f8,0.6972872018814087,0.45418259501457214,0.23870772123336792,0.45418259501457214,0.5794690847396851,0.6972872018814087,0.0,33.96826934814453,41.34457524617513,1,3,0.3333333333333333,0.0,0.0
hf_github_codereview,a458136540621383,0.9063055515289307,0.9063055515289307,0.9063055515289307,0.9063055515289307,0.9063056707382202,0.9063055515289307,0.0,42.98256301879883,42.24307632446289,1,1,1.0,1.0,1.0
hf_github_codereview,7b9194c0bace41b2,1.0,1.0,1.0,1.0,1.0,1.0,0.0,40.85663986206055,40.85663986206055,1,1,1.0,1.0,1.0
hf_github_codereview,2ea5b216bc0ae20b,0.9999998807907104,0.6722495853900909,0.655500590801239,0.6722495853900909,0.8199083209037781,0.9999998807907104,0.0,30.867450714111328,34.985843658447266,1,2,0.5,0.5,0.5
hf_github_codereview,fab87977b7feb201,0.9999998211860657,0.6167164593935013,0.7665667235851288,0.6167164593935013,0.7853129506111145,0.9999998211860657,0.0,42.0399055480957,41.65222358703613,1,2,0.5,0.5,0.5
hf_github_codereview,e5183a177f410598,0.4529065489768982,0.2667608857154846,0.37229132652282715,0.2667608857154846,0.3396873474121094,0.4529065489768982,0.0,30.499635696411133,41.65222358703613,1,2,0.0,0.0,0.0
hf_github_codereview,456a8c7422a90016,0.9999997615814209,0.6033935099840164,0.793212503194809,0.6033935099840164,0.7767840623855591,0.9999997615814209,0.0,42.60011672973633,42.320011138916016,1,2,0.5,0.5,0.5
hf_github_codereview,2bfc74fb2a553464,1.0,0.6960457861423492,0.6079084277153015,0.6960457861423492,0.8342936038970947,1.0,0.0,39.717350006103516,35.922346115112305,1,2,0.5,0.5,0.5
hf_github_codereview,155ef5ae861c7f5a,0.8242184519767761,0.8242184519767761,0.8242184519767761,0.8242184519767761,0.8242184519767761,0.8242184519767761,0.0,43.91291809082031,40.871665954589844,1,1,1.0,1.0,1.0
hf_github_codereview,fd855a9eaf904e9c,0.9827243685722351,0.6179198175668716,0.7296091020107269,0.6179198175668716,0.786845326423645,0.9827243685722351,0.0,42.46355056762695,41.65222358703613,1,2,0.5,0.5,0.5
hf_github_codereview,843f9750cd8e792d,0.9136671423912048,0.5768299251794815,0.6736744344234467,0.5768299251794815,0.7124598622322083,0.9136671423912048,0.0,46.20030212402344,38.680357933044434,1,2,0.5,0.5,0.5
hf_github_codereview,f73c199cae54a010,0.14391982555389404,0.14391982555389404,0.14391982555389404,0.14391982555389404,0.14391982555389404,0.14391982555389404,0.0,23.195755004882812,38.557373046875,1,1,0.0,0.0,0.0
hf_github_codereview,2316af738fd8b3e5,0.9372045993804932,0.9372045993804932,0.9372045993804932,0.9372045993804932,0.9372045993804932,0.9372045993804932,0.0,43.10373306274414,41.800270080566406,1,1,1.0,1.0,1.0
hf_github_codereview,e51ed1b7afc675c8,0.8072900772094727,0.8072900772094727,0.8072900772094727,0.8072900772094727,0.8072900772094727,0.8072900772094727,0.0,30.668249130249023,29.069019317626953,1,1,1.0,1.0,1.0
hf_github_codereview,ed56c1a47ddc542c,0.8369646072387695,0.42375802993774414,0.6039665043354034,0.42375802993774414,0.6077309846878052,0.8369646072387695,0.0,41.65252685546875,37.97507540384928,1,3,0.3333333333333333,0.3333333333333333,0.3333333333333333
hf_github_codereview,5c72a44c9b4b522e,0.7837183475494385,0.3701835237443447,0.8270696476101875,0.3701835237443447,0.5372825860977173,0.7837183475494385,0.0,43.826908111572266,35.59309482574463,1,2,0.5,0.5,0.0
hf_github_codereview,7c3f7c62ceb0806c,0.4912834167480469,0.25648089684545994,0.4696050398051739,0.25648089684545994,0.3722551465034485,0.4912834167480469,0.0,36.734344482421875,35.59309482574463,1,2,0.0,0.0,0.0
hf_github_codereview,034f617cffdcda23,0.7621301412582397,0.35577340237796307,0.8127134777605534,0.35577340237796307,0.5163677930831909,0.7621301412582397,0.0,43.71200942993164,35.59309482574463,1,2,0.5,0.5,0.0
hf_github_codereview,a06d325abf4bc036,0.5460911989212036,0.4427172392606735,0.20674791932106018,0.4427172392606735,0.5087846517562866,0.5460911989212036,0.0,44.20704650878906,39.63173484802246,1,2,0.0,0.0,0.0
hf_github_codereview,38257d0765714f03,0.08613519370555878,0.055662976577878,0.06094443425536156,0.055662976577878,0.06396966427564621,0.08613519370555878,0.0,21.980178833007812,39.63173484802246,1,2,0.0,0.0,0.0
hf_github_codereview,bf6d67ef63ba3ff2,0.5100001096725464,0.28407187946140766,0.45185646042227745,0.28407187946140766,0.3754286766052246,0.5100001096725464,0.0,48.941078186035156,41.54262924194336,1,2,0.0,0.0,0.0
hf_github_codereview,dd8317fba53186c0,0.6527930498123169,0.6527930498123169,0.6527930498123169,0.6527930498123169,0.6527930498123169,0.6527930498123169,0.0,44.90494155883789,45.809173583984375,1,1,1.0,0.0,0.0
hf_github_codereview,8def8a1425dd372c,0.876343846321106,0.6349547952413559,0.4827781021595001,0.6349547952413559,0.7570970058441162,0.876343846321106,0.0,39.404457092285156,32.77738571166992,1,2,0.5,0.5,0.5
hf_github_codereview,124b5053765d0f49,0.34179964661598206,0.34179964661598206,0.34179964661598206,0.34179964661598206,0.34179967641830444,0.34179964661598206,0.0,37.693519592285156,47.880496978759766,1,1,0.0,0.0,0.0
hf_github_codereview,babb59c8f892bcce,0.6580113768577576,0.4331745356321335,0.44967368245124817,0.4331745356321335,0.5530279874801636,0.6580113768577576,0.0,35.1937255859375,30.322422981262207,1,2,0.5,0.0,0.0
hf_github_codereview,68722d7ef1f22b12,0.6944928169250488,0.47808825969696045,0.43280911445617676,0.47808825969696045,0.6103687286376953,0.6944928169250488,0.0,41.83005905151367,30.322422981262207,1,2,0.5,0.0,0.0
hf_github_codereview,8d7f1d9374be591c,0.6426981687545776,0.6426981687545776,0.6426981687545776,0.6426981687545776,0.6426981687545776,0.6426981687545776,0.0,33.8827018737793,40.90009307861328,1,1,1.0,0.0,0.0
hf_github_codereview,62b5041fc2d91055,0.5627067685127258,0.5627067685127258,0.5627067685127258,0.5627067685127258,0.5627067685127258,0.5627067685127258,0.0,35.26845932006836,40.90009307861328,1,1,0.0,0.0,0.0
hf_github_codereview,620d5eec076e11f6,0.7617524862289429,0.7617524862289429,0.7617524862289429,0.7617524862289429,0.7617524862289429,0.7617524862289429,0.0,42.477195739746094,39.834136962890625,1,1,1.0,1.0,0.0
hf_github_codereview,1096218ab7dfe3d6,0.6369814872741699,0.6369814872741699,0.6369814872741699,0.6369814872741699,0.6369813680648804,0.6369814872741699,0.0,38.47282409667969,40.598751068115234,1,1,1.0,0.0,0.0
hf_github_codereview,df9481e21bb20d22,0.9999998807907104,0.6588015655676523,0.47969257831573486,0.5701328665018082,0.7657449245452881,0.9999998807907104,0.0,40.11896896362305,37.78369998931885,1,4,0.25,0.25,0.25
hf_github_codereview,59ee262061f2b175,1.0,0.5607577096670866,0.2979869246482849,0.5607577096670866,0.7968800663948059,1.0,0.0,35.34099197387695,39.056958516438804,1,3,0.6666666666666666,0.6666666666666666,0.3333333333333333
hf_github_codereview,c0aa836dede9c2a6,0.9999997615814209,0.7082686523596445,0.2979866862297058,0.5798304900527,0.8241158723831177,0.9999997615814209,0.0,36.314483642578125,38.43541717529297,1,4,0.5,0.5,0.25
hf_github_codereview,d05c0fce8c1372af,1.0,0.6477001408735911,0.4796926975250244,0.5855560973286629,0.7721467018127441,1.0,0.0,33.82493209838867,36.51157093048096,1,4,0.25,0.25,0.25
hf_github_codereview,fe8559a8b5c84857,0.9999996423721313,0.6568776816129684,0.6862439215183258,0.6568776816129684,0.8104798793792725,0.9999996423721313,0.0,39.08061599731445,40.08525848388672,1,2,0.5,0.5,0.5
hf_github_codereview,78f10844c4473f3b,0.9587533473968506,0.9587533473968506,0.9587533473968506,0.9587533473968506,0.9587531685829163,0.9587533473968506,0.0,37.91139221191406,40.598751068115234,1,1,1.0,1.0,1.0
hf_github_codereview,dad952a76336c009,0.7085468769073486,0.7085468769073486,0.7085468769073486,0.7085468769073486,0.7085468769073486,0.7085468769073486,0.0,46.59293746948242,47.81221008300781,1,1,1.0,1.0,0.0
hf_github_codereview,67876322470e6de4,0.7519066333770752,0.7519066333770752,0.7519066333770752,0.7519066333770752,0.7519066333770752,0.7519066333770752,0.0,42.84706497192383,42.01036834716797,1,1,1.0,1.0,0.0
hf_github_codereview,275a41efc5eda16e,0.718579113483429,0.45135487119356793,0.36799007654190063,0.45135487119356793,0.6096006035804749,0.718579113483429,0.0,31.204877853393555,41.04983139038086,1,3,0.3333333333333333,0.3333333333333333,0.0
hf_github_codereview,386ba9d75f9cf8e4,0.918518602848053,0.6162917613983154,0.28703099489212036,0.6162917613983154,0.8010448217391968,0.918518602848053,0.0,44.87512969970703,40.67902374267578,1,3,0.6666666666666666,0.3333333333333333,0.3333333333333333
hf_github_codereview,150062aa87451e86,0.5844365358352661,0.5844365358352661,0.5844365358352661,0.5844365358352661,0.5844365358352661,0.5844365358352661,0.0,31.493236541748047,46.70375061035156,1,1,0.0,0.0,0.0
hf_github_codereview,fca80dc2729f2c60,0.775619387626648,0.6193346977233887,0.31256937980651855,0.6193346977233887,0.7584596872329712,0.775619387626648,0.0,35.41090393066406,40.33388900756836,1,2,0.5,0.5,0.0
hf_github_codereview,30ea40352c284c0d,0.6315906047821045,0.48886169493198395,0.2854578197002411,0.48886169493198395,0.5907988548278809,0.6315906047821045,0.0,32.19686508178711,44.09876823425293,1,2,0.5,0.0,0.0
hf_github_codereview,953402302bb908c1,0.7626153826713562,0.5470165312290192,0.4311977028846741,0.5470165312290192,0.665926992893219,0.7626153826713562,0.0,33.964027404785156,43.97905158996582,1,2,0.5,0.5,0.0
hf_github_codereview,bf35ea37b7ca7d1f,0.6754657030105591,0.5117371877034506,0.2156963348388672,0.5117371877034506,0.6353240013122559,0.6754657030105591,0.0,29.28769302368164,39.206948598225914,1,3,0.3333333333333333,0.0,0.0
hf_github_codereview,26aef64659926ed2,0.8639915585517883,0.6618804633617401,0.40422219038009644,0.6618804633617401,0.8122820854187012,0.8639915585517883,0.0,35.49456024169922,37.052146911621094,1,2,0.5,0.5,0.5
hf_github_codereview,70f19dc88286a92d,0.8173413276672363,0.8173413276672363,0.8173413276672363,0.8173413276672363,0.8173413276672363,0.8173413276672363,0.0,35.20181655883789,44.81660079956055,1,1,1.0,1.0,1.0
hf_github_codereview,fbdf8a013515ae0c,1.0,0.7912261784076691,0.41754764318466187,0.7912261784076691,0.8895089626312256,1.0,0.0,38.961036682128906,38.019479751586914,1,2,0.5,0.5,0.5
hf_github_codereview,d532a1e60d8dcb82,1.0,0.7912261784076691,0.41754764318466187,0.7912261784076691,0.8895089030265808,1.0,0.0,37.07792282104492,38.019479751586914,1,2,0.5,0.5,0.5
hf_github_codereview,6a6290cecd02774b,1.0,0.6476838092009226,0.30628710985183716,0.6476838092009226,0.8651094436645508,1.0,0.0,31.20009422302246,32.60000737508138,1,3,0.6666666666666666,0.3333333333333333,0.3333333333333333
hf_github_codereview,a59586eade069c88,1.0,1.0,1.0,1.0,1.0,1.0,0.0,39.76823425292969,39.76823425292969,1,1,1.0,1.0,1.0
hf_github_codereview,13eebcc02095e1b9,1.0,1.0,1.0,1.0,1.0,1.0,0.0,31.012155532836914,31.012155532836914,1,1,1.0,1.0,1.0
hf_github_codereview,6ad61172cef50af7,1.0,1.0,1.0,1.0,1.0,1.0,0.0,33.852149963378906,33.852149963378906,1,1,1.0,1.0,1.0
hf_github_codereview,7c02fe581c804c37,0.2335316389799118,0.2335316389799118,0.2335316389799118,0.2335316389799118,0.2335316389799118,0.2335316389799118,0.0,20.899404525756836,38.71010971069336,1,1,0.0,0.0,0.0
hf_github_codereview,33e8bd10c46230b2,0.9077976942062378,0.9077976942062378,0.9077976942062378,0.9077976942062378,0.9077976942062378,0.9077976942062378,0.0,38.1053581237793,38.71010971069336,1,1,1.0,1.0,1.0
hf_github_codereview,ae19e634e255e94a,0.840328574180603,0.840328574180603,0.840328574180603,0.840328574180603,0.840328574180603,0.840328574180603,0.0,38.1053581237793,38.06100082397461,1,1,1.0,1.0,1.0
hf_github_codereview,d038c5d2edfefdbb,0.9077976942062378,0.9077976942062378,0.9077976942062378,0.9077976942062378,0.9077976942062378,0.9077976942062378,0.0,38.1053581237793,38.71010971069336,1,1,1.0,1.0,1.0
hf_github_codereview,a4058b7c3d022e87,0.892651379108429,0.892651379108429,0.892651379108429,0.892651379108429,0.8926513195037842,0.892651379108429,0.0,38.1053581237793,38.27508544921875,1,1,1.0,1.0,1.0
hf_github_codereview,61097ec3e6bd5350,0.7234883904457092,0.7234883904457092,0.7234883904457092,0.7234883904457092,0.7234883904457092,0.7234883904457092,0.0,38.1053581237793,37.17768859863281,1,1,1.0,1.0,0.0
hf_github_codereview,a191d918570224f9,0.892651379108429,0.892651379108429,0.892651379108429,0.892651379108429,0.8926513195037842,0.892651379108429,0.0,38.1053581237793,38.27508544921875,1,1,1.0,1.0,1.0
hf_github_codereview,2a586fd7ac9ed87c,1.0,1.0,1.0,1.0,1.0,1.0,0.0,41.23299026489258,41.23299026489258,1,1,1.0,1.0,1.0
hf_github_codereview,9e74ccf72fd8ed61,0.7740914821624756,0.7740914821624756,0.7740914821624756,0.7740914821624756,0.7740914821624756,0.7740914821624756,0.0,38.200111389160156,42.70357894897461,1,1,1.0,1.0,0.0
hf_github_codereview,5fdd5b80f88cba84,0.1944408118724823,0.1944408118724823,0.1944408118724823,0.1944408118724823,0.1944408118724823,0.1944408118724823,0.0,44.84047317504883,42.39474105834961,1,1,0.0,0.0,0.0
hf_github_codereview,c0c359b0b73e33e1,0.5579525232315063,0.34614960849285126,0.4236058294773102,0.34614960849285126,0.44746261835098267,0.5579525232315063,0.0,46.33781433105469,48.108070373535156,1,2,0.0,0.0,0.0
hf_github_codereview,85345284a403e31e,0.938188910484314,0.5729407295584679,0.7304963618516922,0.5729407295584679,0.7437022924423218,0.938188910484314,0.0,45.80504608154297,47.333526611328125,1,2,0.5,0.5,0.5
hf_github_codereview,34f2dedfbda3febc,1.0,1.0,1.0,1.0,1.0,1.0,0.0,45.780029296875,45.780029296875,1,1,1.0,1.0,1.0
hf_github_codereview,28013a9b4798a1d7,0.9713332056999207,0.9713332056999207,0.9713332056999207,0.9713332056999207,0.9713332056999207,0.9713332056999207,0.0,39.87053298950195,37.459808349609375,1,1,1.0,1.0,1.0
hf_github_codereview,77b3341cadffcde9,0.9713332056999207,0.5983870849013329,0.7458922415971756,0.5983870849013329,0.7625885009765625,0.9713332056999207,0.0,39.87053298950195,31.19911766052246,1,2,0.5,0.5,0.5
hf_github_codereview,ec712678547da933,0.9713332056999207,0.5604704990983009,0.8217254132032394,0.5604704990983009,0.7382259368896484,0.9713332056999207,0.0,39.87053298950195,33.30686950683594,1,2,0.5,0.5,0.5
hf_github_codereview,cb710a7b7f65a094,0.9713332056999207,0.5494334846735001,0.8437994420528412,0.5494334846735001,0.7315396070480347,0.9713332056999207,0.0,39.87053298950195,39.050743103027344,1,2,0.5,0.5,0.5
hf_github_codereview,ad6d25c93f65ee2d,0.9713332056999207,0.5231391973793507,0.89638801664114,0.5231391973793507,0.7095544338226318,0.9713332056999207,0.0,39.87053298950195,35.69113540649414,1,2,0.5,0.5,0.5
hf_github_codereview,0aa02f8c8e67cf49,0.9713332056999207,0.7753398716449738,0.3919866681098938,0.7753398716449738,0.8711150884628296,0.9713332056999207,0.0,39.87053298950195,39.441192626953125,1,2,0.5,0.5,0.5
hf_github_codereview,c6f315a009ffff46,0.9713332056999207,0.7969754040241241,0.348715603351593,0.7969754040241241,0.8812696933746338,0.9713332056999207,0.0,39.87053298950195,38.68239212036133,1,2,1.0,0.5,0.5
hf_github_codereview,9a1ed05d29ae6df2,0.9713332056999207,0.7008705884218216,0.5409252345561981,0.7008705884218216,0.8220747709274292,0.9713332056999207,0.0,39.87053298950195,33.448222160339355,1,2,0.5,0.5,0.5
hf_github_codereview,4af11a809892437b,0.9713332056999207,0.6947300583124161,0.5532062947750092,0.6947300583124161,0.818749189376831,0.9713332056999207,0.0,39.87053298950195,34.59046745300293,1,2,0.5,0.5,0.5
hf_github_codereview,8e56e28654bfad33,0.9713332056999207,0.5382306054234505,0.8662052005529404,0.5382306054234505,0.7193648219108582,0.9713332056999207,0.0,39.87053298950195,33.61392402648926,1,2,0.5,0.5,0.5
hf_github_codereview,2fe5c69870b49af0,0.9713332056999207,0.5499764308333397,0.8427135497331619,0.5499764308333397,0.7283641695976257,0.9713332056999207,0.0,39.87053298950195,33.100629806518555,1,2,0.5,0.5,0.5
hf_github_codereview,1895d62911d380e1,0.9713332056999207,0.5277511887252331,0.8871640339493752,0.5277511887252331,0.7109480500221252,0.9713332056999207,0.0,39.87053298950195,33.28311634063721,1,2,0.5,0.5,0.5
hf_github_codereview,818c5218d83248b4,0.9625828266143799,0.6700769662857056,0.5850117206573486,0.6700769662857056,0.8125067949295044,0.9625828266143799,0.0,39.87053298950195,35.7948112487793,1,2,0.5,0.5,0.5
hf_github_codereview,42e70d5dedd1316f,0.19657503068447113,0.19657503068447113,0.19657503068447113,0.19657503068447113,0.19657500088214874,0.19657503068447113,0.0,36.68465042114258,25.995956420898438,1,1,0.0,0.0,0.0
hf_github_codereview,6847622f8fbba870,0.9713332056999207,0.9713332056999207,0.9713332056999207,0.9713332056999207,0.9713332056999207,0.9713332056999207,0.0,39.87053298950195,37.459808349609375,1,1,1.0,1.0,1.0
hf_github_codereview,98024169d9853a78,0.9713332056999207,0.5784187316894531,0.7858289480209351,0.5784187316894531,0.7447292804718018,0.9713332056999207,0.0,39.87053298950195,38.64793586730957,1,2,0.5,0.5,0.5
hf_github_codereview,d46f15b6dcaeaaf9,0.9713332056999207,0.5471927896142006,0.8482808321714401,0.5471927896142006,0.7224760055541992,0.9713332056999207,0.0,39.87053298950195,39.17264747619629,1,2,0.5,0.5,0.5
hf_github_codereview,309646b453d6d8d6,0.9713332056999207,0.5467422679066658,0.8491818755865097,0.5467422679066658,0.7312084436416626,0.9713332056999207,0.0,39.87053298950195,38.77535438537598,1,2,0.5,0.5,0.5
hf_github_codereview,86d9a617d38610f6,0.9713332056999207,0.5231391973793507,0.89638801664114,0.5231391973793507,0.7095544338226318,0.9713332056999207,0.0,39.87053298950195,35.69113540649414,1,2,0.5,0.5,0.5
hf_github_codereview,edfa3a2161e5cfc9,0.9713332056999207,0.5521525740623474,0.8383612632751465,0.5521525740623474,0.7351506948471069,0.9713332056999207,0.0,39.87053298950195,37.9743595123291,1,2,0.5,0.5,0.5
hf_github_codereview,034254df5a77d301,0.9713332056999207,0.54715446382761,0.8483574837446213,0.54715446382761,0.7310752868652344,0.9713332056999207,0.0,39.87053298950195,38.88190269470215,1,2,0.5,0.5,0.5
hf_github_codereview,3ba8a2a57e7b7a20,0.9713332056999207,0.703223705291748,0.5362190008163452,0.703223705291748,0.829103946685791,0.9713332056999207,0.0,39.87053298950195,37.903635025024414,1,2,0.5,0.5,0.5
hf_github_codereview,2ec981572feb8089,0.9713332056999207,0.6769267618656158,0.5888128876686096,0.6769267618656158,0.8070846796035767,0.9713332056999207,0.0,39.87053298950195,35.100547790527344,1,2,0.5,0.5,0.5
hf_github_codereview,79df9a7ed3521bd9,0.9713332056999207,0.5382306054234505,0.8662052005529404,0.5382306054234505,0.7193648219108582,0.9713332056999207,0.0,39.87053298950195,33.61392402648926,1,2,0.5,0.5,0.5
hf_github_codereview,a1073969bdec1151,0.9713332056999207,0.5499764308333397,0.8427135497331619,0.5499764308333397,0.7283641695976257,0.9713332056999207,0.0,39.87053298950195,33.100629806518555,1,2,0.5,0.5,0.5
hf_github_codereview,06ef33204c0ec783,0.9713332056999207,0.527413122355938,0.8878401666879654,0.527413122355938,0.710483729839325,0.9713332056999207,0.0,39.87053298950195,32.023423194885254,1,2,0.5,0.5,0.5
hf_github_codereview,1dbd3e08e7be8890,0.9625828266143799,0.5264850780367851,0.8721954971551895,0.5264850780367851,0.7145417332649231,0.9625828266143799,0.0,39.87053298950195,38.21447563171387,1,2,0.5,0.5,0.5
hf_github_codereview,4a9ca163d8887f05,0.2645120620727539,0.2645120620727539,0.2645120620727539,0.2645120620727539,0.2645120620727539,0.2645120620727539,0.0,42.982147216796875,30.904521942138672,1,1,0.0,0.0,0.0
hf_github_codereview,f002a3c9f43b7880,0.2532491087913513,0.2532491087913513,0.2532491087913513,0.2532491087913513,0.2532491087913513,0.2532491087913513,0.0,44.47064208984375,30.904521942138672,1,1,0.0,0.0,0.0
hf_github_codereview,05241b60977e3769,0.27611207962036133,0.26928985118865967,0.01364445686340332,0.26928985118865967,0.3201739192008972,0.27611207962036133,0.0,26.897855758666992,34.349327087402344,1,2,0.0,0.0,0.0
hf_github_codereview,dd35aa8f0c982f65,0.9088002443313599,0.6160354018211365,0.5855296850204468,0.6160354018211365,0.7547303438186646,0.9088002443313599,0.0,44.20402145385742,43.14402770996094,1,2,0.5,0.5,0.5
hf_github_codereview,98bd88bdaae39782,0.8658214807510376,0.8658214807510376,0.8658214807510376,0.8658214807510376,0.8658215999603271,0.8658214807510376,0.0,40.1412467956543,43.88190841674805,1,1,1.0,1.0,1.0
hf_github_codereview,81f4452f41dd7e09,0.9338244199752808,0.9338244199752808,0.9338244199752808,0.9338244199752808,0.9338245391845703,0.9338244199752808,0.0,44.665225982666016,43.88190841674805,1,1,1.0,1.0,1.0
hf_github_codereview,0b2467e4fe43b4f9,1.0,1.0,1.0,1.0,1.0,1.0,0.0,23.35074806213379,23.35074806213379,1,1,1.0,1.0,1.0
hf_github_codereview,fd3a083099b6c8d8,1.0,1.0,1.0,1.0,1.0,1.0,0.0,23.35074806213379,23.35074806213379,1,1,1.0,1.0,1.0
hf_github_codereview,8c270a7007df237b,0.2680402994155884,0.24660754203796387,0.04286551475524902,0.24660754203796387,0.2986753582954407,0.2680402994155884,0.0,38.34000778198242,35.50005054473877,1,2,0.0,0.0,0.0
hf_github_codereview,cb14624181f93ba2,1.0,1.0,1.0,1.0,1.0,1.0,0.0,34.67425537109375,34.67425537109375,1,1,1.0,1.0,1.0
hf_github_codereview,1575387036a5a23c,1.0,1.0,1.0,1.0,1.0,1.0,0.0,38.854305267333984,38.854305267333984,1,1,1.0,1.0,1.0
hf_github_codereview,e256e8352f90644e,0.9999998807907104,0.9999998807907104,0.9999998807907104,0.9999998807907104,1.0,0.9999998807907104,0.0,37.39418029785156,37.39418029785156,1,1,1.0,1.0,1.0
hf_github_codereview,27db8572241915d6,0.3226357102394104,0.1673788675107062,0.31051368545740843,0.1673788675107062,0.20028111338615417,0.3226357102394104,0.0,25.775238037109375,45.17911911010742,1,2,0.0,0.0,0.0
hf_github_codereview,9c2f5c7b207f4df7,0.6740807294845581,0.369141345222791,0.4196949005126953,0.369141345222791,0.4921393394470215,0.6740807294845581,0.0,39.95795440673828,45.355612436930336,1,3,0.3333333333333333,0.0,0.0
hf_github_codereview,535a54c3ee3cdad6,0.6484390497207642,0.3941071182489395,0.29897457361221313,0.3941071182489395,0.5254236459732056,0.6484390497207642,0.0,39.09579849243164,45.355612436930336,1,3,0.3333333333333333,0.0,0.0
hf_github_codereview,5ddaebe4e87040a9,0.6387131810188293,0.40738168358802795,0.3054842948913574,0.40738168358802795,0.5431212186813354,0.6387131810188293,0.0,40.16584777832031,45.355612436930336,1,3,0.3333333333333333,0.0,0.0
hf_github_codereview,48913c3df46e8146,0.6007142066955566,0.48189014196395874,0.1775754690170288,0.48189014196395874,0.6424559354782104,0.6007142066955566,0.0,42.99629211425781,45.355612436930336,1,3,0.3333333333333333,0.0,0.0
hf_github_codereview,81136c9e69835199,0.2987552583217621,0.20592227950692177,0.18566595762968063,0.20592227950692177,0.2516144812107086,0.2987552583217621,0.0,23.865554809570312,47.0391845703125,1,2,0.0,0.0,0.0
hf_github_codereview,27d6a636986e1c5a,0.5584323406219482,0.487619549036026,0.14162558317184448,0.487619549036026,0.5958178043365479,0.5584323406219482,0.0,38.75111770629883,47.0391845703125,1,2,0.0,0.0,0.0
hf_github_codereview,13d0d6c6003dc8e2,0.7584521770477295,0.4720279574394226,0.5728484392166138,0.4720279574394226,0.5767665505409241,0.7584521770477295,0.0,40.7623176574707,47.0391845703125,1,2,0.5,0.5,0.0
hf_github_codereview,0fed37e138b268e0,1.0,1.0,1.0,1.0,1.0,1.0,0.0,30.857332229614258,30.857332229614258,1,1,1.0,1.0,1.0
hf_github_codereview,c88b7d5e75559079,1.0,1.0,1.0,1.0,1.0,1.0,0.0,24.060123443603516,24.060123443603516,1,1,1.0,1.0,1.0
hf_github_codereview,29a287d24459f9c9,0.3966946005821228,0.3966946005821228,0.3966946005821228,0.3966946005821228,0.3966946005821228,0.3966946005821228,0.0,42.380558013916016,45.81550979614258,1,1,0.0,0.0,0.0
hf_github_codereview,054c8ddd46d71c41,0.34597957134246826,0.34597957134246826,0.34597957134246826,0.34597957134246826,0.34597957134246826,0.34597957134246826,0.0,40.27128601074219,45.81550979614258,1,1,0.0,0.0,0.0
hf_github_codereview,ce778ab8d6e58142,0.6281709671020508,0.6281709671020508,0.6281709671020508,0.6281709671020508,0.6281710267066956,0.6281709671020508,0.0,36.21023178100586,45.81550979614258,1,1,1.0,0.0,0.0
hf_github_codereview,625e9ae2a69d79db,0.4390420913696289,0.4390420913696289,0.4390420913696289,0.4390420913696289,0.4390421509742737,0.4390420913696289,0.0,35.61421585083008,45.81550979614258,1,1,0.0,0.0,0.0
hf_github_codereview,6289148133db5cd7,0.5847022533416748,0.5847022533416748,0.5847022533416748,0.5847022533416748,0.5847022533416748,0.5847022533416748,0.0,32.551795959472656,45.81550979614258,1,1,0.0,0.0,0.0
hf_github_codereview,d3a4d2b20c399512,1.0,1.0,1.0,1.0,1.0,1.0,0.0,24.953197479248047,24.953197479248047,1,1,1.0,1.0,1.0
hf_github_codereview,d524f97c40900179,0.9999997615814209,0.9999997615814209,0.9999997615814209,0.9999997615814209,0.9999997615814209,0.9999997615814209,0.0,38.02527618408203,38.02527618408203,1,1,1.0,1.0,1.0
hf_github_codereview,cf94aa53834baeb4,0.9025270938873291,0.9025270938873291,0.9025270938873291,0.9025270938873291,0.9025272130966187,0.9025270938873291,0.0,46.56153106689453,43.856685638427734,1,1,1.0,1.0,1.0
hf_github_codereview,957120388ef0710b,0.530708372592926,0.530708372592926,0.530708372592926,0.530708372592926,0.530708372592926,0.530708372592926,0.0,32.770511627197266,43.856685638427734,1,1,0.0,0.0,0.0
hf_github_codereview,8abbc680b3adae7f,0.8348404169082642,0.8348404169082642,0.8348404169082642,0.8348404169082642,0.8348404169082642,0.8348404169082642,0.0,40.346134185791016,38.24233627319336,1,1,1.0,1.0,1.0
hf_github_codereview,9339b1ddded4c177,0.369007408618927,0.369007408618927,0.369007408618927,0.369007408618927,0.369007408618927,0.369007408618927,0.0,26.582305908203125,40.69190979003906,1,1,0.0,0.0,0.0
hf_github_codereview,073d68181d950158,0.8789348602294922,0.8789348602294922,0.8789348602294922,0.8789348602294922,0.8789348602294922,0.8789348602294922,0.0,38.37461853027344,40.69190979003906,1,1,1.0,1.0,1.0
hf_github_codereview,3ad1207218506cff,1.0,0.5569277033209801,0.8861445933580399,0.5569277033209801,0.7462759017944336,1.0,0.0,37.1671142578125,32.54986000061035,1,2,0.5,0.5,0.5
hf_github_codereview,3e40f33c242f574a,0.9999999403953552,0.6837116628885269,0.6325765550136566,0.6837116628885269,0.8268685340881348,0.9999999403953552,0.0,42.38475036621094,36.616933822631836,1,2,0.5,0.5,0.5
hf_github_codereview,aa4e00e5464373e6,0.7414578199386597,0.4532698690891266,0.5763759016990662,0.4532698690891266,0.589760422706604,0.7414578199386597,0.0,42.07355880737305,39.700828552246094,1,2,0.5,0.5,0.0
hf_github_codereview,6b8d0b6b525cc25f,0.7643563747406006,0.4192287176847458,0.6902553141117096,0.4192287176847458,0.5700662136077881,0.7643563747406006,0.0,46.251338958740234,43.73564529418945,1,2,0.5,0.5,0.0
hf_github_codereview,434b571cd798ed97,0.6980927586555481,0.4490075036883354,0.49817050993442535,0.4490075036883354,0.596998929977417,0.6980927586555481,0.0,46.43621063232422,42.155569076538086,1,2,0.5,0.0,0.0
hf_github_codereview,ed7a46d5590d192b,0.7495137453079224,0.5200347602367401,0.4589579701423645,0.5200347602367401,0.6527855396270752,0.7495137453079224,0.0,45.237491607666016,40.306888580322266,1,2,0.5,0.5,0.0
hf_github_codereview,f07af26a48ed1b6c,0.741936206817627,0.5183127224445343,0.4472469687461853,0.5183127224445343,0.6398690938949585,0.741936206817627,0.0,46.73611831665039,36.30740165710449,1,2,0.5,0.5,0.0
hf_github_codereview,94b30e08b4deed25,0.8599274754524231,0.5346109047532082,0.6506331413984299,0.5346109047532082,0.702781081199646,0.8599274754524231,0.0,30.48789405822754,36.18745994567871,1,2,0.5,0.5,0.5
hf_github_codereview,6cea53472dfeb298,0.5726014375686646,0.5726014375686646,0.5726014375686646,0.5726014375686646,0.5726014375686646,0.5726014375686646,0.0,42.41257858276367,43.248470306396484,1,1,0.0,0.0,0.0
hf_github_codereview,b351f01489c5c264,0.7429040670394897,0.3896385170519352,0.7065310999751091,0.3896385170519352,0.5311511754989624,0.7429040670394897,0.0,38.04591369628906,43.44842338562012,1,2,0.5,0.5,0.0
hf_github_codereview,36b195b6a4dd71cb,0.7579174041748047,0.6752591133117676,0.16531658172607422,0.6752591133117676,0.7548621892929077,0.7579174041748047,0.0,47.679954528808594,44.64727210998535,1,2,0.5,0.5,0.0
hf_github_codereview,d35d9446f5c321c7,0.7267016768455505,0.7267016768455505,0.7267016768455505,0.7267016768455505,0.7267016768455505,0.7267016768455505,0.0,33.84817886352539,36.99406433105469,1,1,1.0,1.0,0.0
hf_github_codereview,243e3c61f586485c,0.18690745532512665,0.18690745532512665,0.18690745532512665,0.18690745532512665,0.18690745532512665,0.18690745532512665,0.0,19.470272064208984,36.99406433105469,1,1,0.0,0.0,0.0
hf_github_codereview,194f45490514583f,0.7557961940765381,0.7557961940765381,0.7557961940765381,0.7557961940765381,0.7557961940765381,0.7557961940765381,0.0,37.279502868652344,36.99406433105469,1,1,1.0,1.0,0.0
hf_github_codereview,8961200ca0b517f8,0.0872981920838356,0.0872981920838356,0.0872981920838356,0.0872981920838356,0.0872981920838356,0.0872981920838356,0.0,21.507904052734375,41.89837646484375,1,1,0.0,0.0,0.0
hf_github_codereview,27eca3e9916fbffa,0.4285297989845276,0.4285297989845276,0.4285297989845276,0.4285297989845276,0.4285297989845276,0.4285297989845276,0.0,36.2718620300293,41.89837646484375,1,1,0.0,0.0,0.0
hf_github_codereview,27d275f8d6c3855a,0.6268550753593445,0.6268550753593445,0.6268550753593445,0.6268550753593445,0.6268550753593445,0.6268550753593445,0.0,36.36833953857422,41.89837646484375,1,1,1.0,0.0,0.0
hf_github_codereview,165be65d8e4d90bd,0.7860205769538879,0.7860205769538879,0.7860205769538879,0.7860205769538879,0.7860205769538879,0.7860205769538879,0.0,34.433685302734375,38.22917556762695,1,1,1.0,1.0,0.0
hf_github_codereview,8815caaa38d74491,0.5286502838134766,0.5286502838134766,0.5286502838134766,0.5286502838134766,0.5286502838134766,0.5286502838134766,0.0,39.66026306152344,38.22917556762695,1,1,0.0,0.0,0.0
hf_github_codereview,df62771b78a87548,0.7058271169662476,0.7058271169662476,0.7058271169662476,0.7058271169662476,0.7058271765708923,0.7058271169662476,0.0,35.930137634277344,38.22917556762695,1,1,1.0,1.0,0.0
hf_github_codereview,ad945cd3b65f5f15,0.6110191941261292,0.6110191941261292,0.6110191941261292,0.6110191941261292,0.6110191345214844,0.6110191941261292,0.0,36.90119552612305,42.498374938964844,1,1,1.0,0.0,0.0
hf_github_codereview,28c89103791ac3e1,0.38254648447036743,0.38254648447036743,0.38254648447036743,0.38254648447036743,0.38254645466804504,0.38254648447036743,0.0,33.08018112182617,42.498374938964844,1,1,0.0,0.0,0.0
hf_github_codereview,503ddff9dab1024b,0.6691968441009521,0.6691968441009521,0.6691968441009521,0.6691968441009521,0.6691967248916626,0.6691968441009521,0.0,48.836795806884766,42.498374938964844,1,1,1.0,0.0,0.0
hf_github_codereview,afd78560dd1ce236,0.4486050009727478,0.4486050009727478,0.4486050009727478,0.4486050009727478,0.4486050009727478,0.4486050009727478,0.0,44.552066802978516,37.177425384521484,1,1,0.0,0.0,0.0
hf_github_codereview,5deaa18b0aa8c55a,0.511986255645752,0.511986255645752,0.511986255645752,0.511986255645752,0.511986255645752,0.511986255645752,0.0,37.59661865234375,34.874935150146484,1,1,0.0,0.0,0.0
hf_github_codereview,3ae6c04193b52e7b,0.6727651953697205,0.6727651953697205,0.6727651953697205,0.6727651953697205,0.6727652549743652,0.6727651953697205,0.0,29.83080291748047,37.259422302246094,1,1,1.0,0.0,0.0
hf_github_codereview,626a075dd5a9df97,0.7904989719390869,0.7904989719390869,0.7904989719390869,0.7904989719390869,0.7904990315437317,0.7904989719390869,0.0,37.015804290771484,37.259422302246094,1,1,1.0,1.0,0.0
hf_github_codereview,6f1a6b298b485545,0.3774244487285614,0.3774244487285614,0.3774244487285614,0.3774244487285614,0.3774245083332062,0.3774244487285614,0.0,35.99128723144531,37.244102478027344,1,1,0.0,0.0,0.0
hf_github_codereview,0b4847c602e9e59b,0.7184740304946899,0.7184740304946899,0.7184740304946899,0.7184740304946899,0.7184740304946899,0.7184740304946899,0.0,34.106101989746094,36.560123443603516,1,1,1.0,1.0,0.0
hf_github_codereview,38408ae16c39f4df,0.7054870128631592,0.7054870128631592,0.7054870128631592,0.7054870128631592,0.7054870128631592,0.7054870128631592,0.0,36.127986907958984,36.560123443603516,1,1,1.0,1.0,0.0
hf_github_codereview,c46fe470b3726e21,0.8349641561508179,0.8349641561508179,0.8349641561508179,0.8349641561508179,0.8349641561508179,0.8349641561508179,0.0,40.979740142822266,42.16392135620117,1,1,1.0,1.0,1.0
hf_github_codereview,d407a9990abd5a57,0.686003565788269,0.40075446168581647,0.3301072418689728,0.40075446168581647,0.5172959566116333,0.686003565788269,0.0,33.12354278564453,50.14373652140299,1,3,0.3333333333333333,0.0,0.0
hf_github_codereview,b2ff6a2d48eeb87e,0.6626241207122803,0.5257896035909653,0.27366903424263,0.5257896035909653,0.6218383312225342,0.6626241207122803,0.0,33.642555236816406,50.52269744873047,1,2,0.5,0.0,0.0
hf_github_codereview,995f4eb5bb6d9b51,0.7499665021896362,0.7499665021896362,0.7499665021896362,0.7499665021896362,0.749966561794281,0.7499665021896362,0.0,37.04267120361328,30.435680389404297,1,1,1.0,1.0,0.0
hf_github_codereview,8a463ba8b8f31638,0.0,0.0,0.0,0.0,0.0,0.0,0.0,37.91093444824219,0.0,1,0,0.0,0.0,0.0
hf_github_codereview,9c6f1e060d065861,0.6293983459472656,0.6293983459472656,0.6293983459472656,0.6293983459472656,0.6293983459472656,0.6293983459472656,0.0,35.68349838256836,42.49538803100586,1,1,1.0,0.0,0.0
hf_github_codereview,72197a444f7617b0,0.570944607257843,0.570944607257843,0.570944607257843,0.570944607257843,0.570944607257843,0.570944607257843,0.0,32.71098327636719,42.49538803100586,1,1,0.0,0.0,0.0
hf_github_codereview,7d45c3d93d79bebe,0.5279309749603271,0.5279309749603271,0.5279309749603271,0.5279309749603271,0.5279309749603271,0.5279309749603271,0.0,44.767784118652344,42.49538803100586,1,1,0.0,0.0,0.0
hf_github_codereview,cefd4c0a38a256d5,0.6279391050338745,0.6279391050338745,0.6279391050338745,0.6279391050338745,0.6279391050338745,0.6279391050338745,0.0,37.159976959228516,42.07355880737305,1,1,1.0,0.0,0.0
hf_github_codereview,6e4b6ad566301c77,0.45004627108573914,0.45004627108573914,0.45004627108573914,0.45004627108573914,0.45004627108573914,0.45004627108573914,0.0,44.767784118652344,42.07355880737305,1,1,0.0,0.0,0.0
hf_github_codereview,072407734ce9cb28,0.01283223181962967,0.01283223181962967,0.01283223181962967,0.01283223181962967,0.01283223181962967,0.01283223181962967,0.0,18.504243850708008,42.49538803100586,1,1,0.0,0.0,0.0
hf_github_codereview,e7cb4f5b3d42e44d,0.4760318398475647,0.4760318398475647,0.4760318398475647,0.4760318398475647,0.4760318398475647,0.4760318398475647,0.0,44.767784118652344,33.048553466796875,1,1,0.0,0.0,0.0
hf_github_codereview,d4d4c4ef63b919d6,0.01601424813270569,0.01601424813270569,0.01601424813270569,0.01601424813270569,0.01601424813270569,0.01601424813270569,0.0,18.504243850708008,33.048553466796875,1,1,0.0,0.0,0.0
hf_github_codereview,3bf64ff464ccd79d,0.3840617835521698,0.3840617835521698,0.3840617835521698,0.3840617835521698,0.3840618133544922,0.3840617835521698,0.0,36.76400375366211,34.4183349609375,1,1,0.0,0.0,0.0
hf_github_codereview,4b4da12b20ae7260,0.4786776006221771,0.22615474369376898,0.5050457138568163,0.22615474369376898,0.31347331404685974,0.4786776006221771,0.0,36.212623596191406,40.24680709838867,1,2,0.0,0.0,0.0
hf_github_codereview,e80c266c36e6f4e0,0.29734256863594055,0.29734256863594055,0.29734256863594055,0.29734256863594055,0.29734256863594055,0.29734256863594055,0.0,34.97720718383789,33.048553466796875,1,1,0.0,0.0,0.0
hf_github_codereview,1421276bc057ee5c,0.34953027963638306,0.34953027963638306,0.34953027963638306,0.34953027963638306,0.34953027963638306,0.34953027963638306,0.0,32.648521423339844,33.048553466796875,1,1,0.0,0.0,0.0
hf_github_codereview,3f13b108d3b58a52,0.3578755855560303,0.3578755855560303,0.3578755855560303,0.3578755855560303,0.3578755855560303,0.3578755855560303,0.0,26.625621795654297,33.048553466796875,1,1,0.0,0.0,0.0
hf_github_codereview,4ecdffdfd96346fc,0.5321608781814575,0.5321608781814575,0.5321608781814575,0.5321608781814575,0.5321608781814575,0.5321608781814575,0.0,45.060279846191406,33.048553466796875,1,1,0.0,0.0,0.0
hf_github_codereview,8f0d1071f61da592,0.5228996276855469,0.5228996276855469,0.5228996276855469,0.5228996276855469,0.5228996276855469,0.5228996276855469,0.0,32.77968215942383,42.07355880737305,1,1,0.0,0.0,0.0
hf_github_codereview,05a20b9441094bf6,0.4784959554672241,0.4784959554672241,0.4784959554672241,0.4784959554672241,0.47849589586257935,0.4784959554672241,0.0,44.767784118652344,42.434024810791016,1,1,0.0,0.0,0.0
hf_github_codereview,a3888b8e94ed3242,0.48142319917678833,0.48142319917678833,0.48142319917678833,0.48142319917678833,0.48142316937446594,0.48142319917678833,0.0,32.90005111694336,42.434024810791016,1,1,0.0,0.0,0.0
hf_github_codereview,e873c22bcc1df083,0.041233330965042114,0.041233330965042114,0.041233330965042114,0.041233330965042114,0.041233330965042114,0.041233330965042114,0.0,18.504243850708008,42.434024810791016,1,1,0.0,0.0,0.0
hf_github_codereview,e97ce1eda047591d,0.6696923971176147,0.6696923971176147,0.6696923971176147,0.6696923971176147,0.66969233751297,0.6696923971176147,0.0,33.52206039428711,42.434024810791016,1,1,1.0,0.0,0.0
hf_github_codereview,17086e8d001e983b,0.6377095580101013,0.5783744156360626,0.11867028474807739,0.5783744156360626,0.6859833002090454,0.6377095580101013,0.0,28.802471160888672,26.347285270690918,1,2,0.5,0.0,0.0
hf_github_codereview,b81a45f8bedc01cd,0.5813982486724854,0.5007149875164032,0.062358975410461426,0.5007149875164032,0.5874419808387756,0.5813982486724854,0.0,28.802471160888672,26.325238545735676,1,3,0.0,0.0,0.0
hf_github_codereview,c275c65473af2d1d,0.43997156620025635,0.3726312965154648,0.13468053936958313,0.3726312965154648,0.4496959447860718,0.43997156620025635,0.0,39.22324752807617,40.750885009765625,1,2,0.0,0.0,0.0
hf_github_codereview,6573fb383a849bec,0.38422679901123047,0.2177647923429807,0.18567845225334167,0.1512335516512394,0.22201266884803772,0.38422679901123047,0.0,39.98683166503906,30.824164581298827,1,5,0.0,0.0,0.0
hf_github_codereview,65b8670224a9764e,0.40207722783088684,0.22914447635412216,0.20817652344703674,0.14776982367038727,0.21692785620689392,0.40207722783088684,0.0,26.775630950927734,30.824164581298827,1,5,0.0,0.0,0.0
hf_github_codereview,e18ea43e0e0e6f5a,0.8317379951477051,0.8317379951477051,0.8317379951477051,0.8317379951477051,0.8317379951477051,0.8317379951477051,0.0,38.042381286621094,45.97138214111328,1,1,1.0,1.0,1.0
hf_github_codereview,6f0f6df2bcd26b5c,0.5457108020782471,0.5457108020782471,0.5457108020782471,0.5457108020782471,0.5457108020782471,0.5457108020782471,0.0,34.25945281982422,24.290315628051758,1,1,0.0,0.0,0.0
hf_github_codereview,6af8bf8b8686cbb8,1.0,1.0,1.0,1.0,1.0,1.0,0.0,23.32916831970215,23.32916831970215,1,1,1.0,1.0,1.0
hf_github_codereview,75c268a39a019c57,0.9999998807907104,0.9999998807907104,0.9999998807907104,0.9999998807907104,1.0,0.9999998807907104,0.0,50.659767150878906,50.659767150878906,1,1,1.0,1.0,1.0
hf_github_codereview,b975538b50ab708d,1.0,1.0,1.0,1.0,1.0,1.0,0.0,28.89752960205078,28.89752960205078,1,1,1.0,1.0,1.0
hf_github_codereview,4587e8b9b3220c79,0.6872396469116211,0.6872396469116211,0.6872396469116211,0.6872396469116211,0.6872396469116211,0.6872396469116211,0.0,43.800479888916016,48.7950439453125,1,1,1.0,0.0,0.0
hf_github_codereview,961bfd98c7d57ad1,0.3822212219238281,0.3822212219238281,0.3822212219238281,0.3822212219238281,0.3822212219238281,0.3822212219238281,0.0,36.18446731567383,48.7950439453125,1,1,0.0,0.0,0.0
hf_github_codereview,fc0116133c54dbb9,0.9169018268585205,0.9169018268585205,0.9169018268585205,0.9169018268585205,0.9169018268585205,0.9169018268585205,0.0,40.99270248413086,48.7950439453125,1,1,1.0,1.0,1.0
hf_github_codereview,6abe9ac280e7f42a,1.0,1.0,1.0,1.0,1.0,1.0,0.0,39.992225646972656,39.992225646972656,1,1,1.0,1.0,1.0
hf_github_codereview,2905cab50d7581af,1.0,1.0,1.0,1.0,1.0,1.0,0.0,39.992225646972656,39.992225646972656,1,1,1.0,1.0,1.0
hf_github_codereview,018fae8539472d04,1.0,1.0,1.0,1.0,1.0,1.0,0.0,39.65920639038086,39.65920639038086,1,1,1.0,1.0,1.0
hf_github_codereview,55c613436f5578bf,0.6900216341018677,0.6900216341018677,0.6900216341018677,0.6900216341018677,0.6900217533111572,0.6900216341018677,0.0,43.800479888916016,49.23546600341797,1,1,1.0,0.0,0.0
hf_github_codereview,2df40a0621c49730,0.3766920268535614,0.3766920268535614,0.3766920268535614,0.3766920268535614,0.3766920566558838,0.3766920268535614,0.0,36.18446731567383,49.23546600341797,1,1,0.0,0.0,0.0
hf_github_codereview,96d282e567feadda,0.9192411303520203,0.9192411303520203,0.9192411303520203,0.9192411303520203,0.919241189956665,0.9192411303520203,0.0,42.24083709716797,49.23546600341797,1,1,1.0,1.0,1.0
hf_github_codereview,59ad625093701c99,1.0,1.0,1.0,1.0,1.0,1.0,0.0,39.992225646972656,39.992225646972656,1,1,1.0,1.0,1.0
hf_github_codereview,7d7ed3f6fb452a6d,1.0,1.0,1.0,1.0,1.0,1.0,0.0,39.992225646972656,39.992225646972656,1,1,1.0,1.0,1.0
hf_github_codereview,7e9db8c198dbb7d3,0.588513970375061,0.588513970375061,0.588513970375061,0.588513970375061,0.588513970375061,0.588513970375061,0.0,33.783790588378906,44.41175079345703,1,1,0.0,0.0,0.0
hf_github_codereview,1ae6cc3b427d2445,0.9404510259628296,0.9404510259628296,0.9404510259628296,0.9404510259628296,0.9404510259628296,0.9404510259628296,0.0,45.63890075683594,44.41175079345703,1,1,1.0,1.0,1.0
hf_github_codereview,c92aa50df4d573c0,0.8758949041366577,0.8758949041366577,0.8758949041366577,0.8758949041366577,0.8758949041366577,0.8758949041366577,0.0,39.61207962036133,44.41175079345703,1,1,1.0,1.0,1.0
hf_github_codereview,4ae733359bef2a09,1.0,1.0,1.0,1.0,1.0,1.0,0.0,39.60776138305664,39.60776138305664,1,1,1.0,1.0,1.0
hf_github_codereview,cafe86eed1f817ac,1.0,1.0,1.0,1.0,1.0,1.0,0.0,39.60776138305664,39.60776138305664,1,1,1.0,1.0,1.0
hf_github_codereview,51cf24112f375fc8,1.0,1.0,1.0,1.0,1.0,1.0,0.0,39.60776138305664,39.60776138305664,1,1,1.0,1.0,1.0
hf_github_codereview,ea15bca905207377,1.0,1.0,1.0,1.0,1.0,1.0,0.0,39.60776138305664,39.60776138305664,1,1,1.0,1.0,1.0
hf_github_codereview,fb35cd7611f6091c,1.0,0.9647656679153442,0.07046866416931152,0.9647656679153442,0.9822249412536621,1.0,0.0,39.60776138305664,38.78054237365723,1,2,1.0,1.0,1.0
hf_github_codereview,81c67b2ceab6a981,0.9999999403953552,0.9647656381130219,0.07046860456466675,0.9647656381130219,0.9822248220443726,0.9999999403953552,0.0,37.95332336425781,38.78054237365723,1,2,1.0,1.0,1.0
hf_github_codereview,346c3446829f8c5d,1.0,0.9647656679153442,0.07046866416931152,0.9647656679153442,0.9822249412536621,1.0,0.0,39.60776138305664,38.78054237365723,1,2,1.0,1.0,1.0
hf_github_codereview,71319192e339083d,1.0,1.0,1.0,1.0,1.0,1.0,0.0,39.60776138305664,39.60776138305664,1,1,1.0,1.0,1.0
hf_github_codereview,7c52c9a29bb6e782,1.0,1.0,1.0,1.0,1.0,1.0,0.0,36.32243728637695,36.32243728637695,1,1,1.0,1.0,1.0
hf_github_codereview,9180627dc7ec3b3d,0.9999998807907104,0.9999998807907104,0.9999998807907104,0.9999998807907104,1.0,0.9999998807907104,0.0,40.57102966308594,40.57102966308594,1,1,1.0,1.0,1.0
hf_github_codereview,2c4adfcb58f7c5f9,0.932931661605835,0.932931661605835,0.932931661605835,0.932931661605835,0.9329317808151245,0.932931661605835,0.0,43.76497268676758,45.22825622558594,1,1,1.0,1.0,1.0
hf_github_codereview,e994896c413c18d0,0.8724132776260376,0.8724132776260376,0.8724132776260376,0.8724132776260376,0.8724133372306824,0.8724132776260376,0.0,37.72661209106445,45.22825622558594,1,1,1.0,1.0,1.0
hf_github_codereview,d4d1bf4e8f394d2a,1.0,1.0,1.0,1.0,1.0,1.0,0.0,39.88570022583008,39.88570022583008,1,1,1.0,1.0,1.0
hf_github_codereview,cf771957c7802490,1.0,1.0,1.0,1.0,1.0,1.0,0.0,28.771080017089844,28.771080017089844,1,1,1.0,1.0,1.0
hf_github_codereview,b0e8c9fcbf2444c3,0.9999998211860657,0.7988189160823822,0.40236181020736694,0.7988189160823822,0.8937668204307556,0.9999998211860657,0.0,31.5540771484375,33.535037994384766,1,2,0.5,0.5,0.5
hf_github_codereview,802a44949919a2d7,0.9999998211860657,0.7988189160823822,0.40236181020736694,0.7988189160823822,0.8937667608261108,0.9999998211860657,0.0,35.51599884033203,33.535037994384766,1,2,0.5,0.5,0.5
hf_github_codereview,4c2e83a8d974410a,1.0,1.0,1.0,1.0,1.0,1.0,0.0,39.88570022583008,39.88570022583008,1,1,1.0,1.0,1.0
hf_github_codereview,6257a0d237cf3cef,0.9999998807907104,0.9999998807907104,0.9999998807907104,0.9999998807907104,1.0,0.9999998807907104,0.0,37.75723648071289,37.75723648071289,1,1,1.0,1.0,1.0
hf_github_codereview,7784ff0f281c482e,0.5694870948791504,0.5694870948791504,0.5694870948791504,0.5694870948791504,0.5694870948791504,0.5694870948791504,0.0,34.19479751586914,43.75917434692383,1,1,0.0,0.0,0.0
hf_github_codereview,947e891daa76f571,0.7640776634216309,0.7640776634216309,0.7640776634216309,0.7640776634216309,0.7640776634216309,0.7640776634216309,0.0,41.266143798828125,43.75917434692383,1,1,1.0,1.0,0.0
hf_github_codereview,2fe681574bfa9b9e,1.0,1.0,1.0,1.0,1.0,1.0,0.0,34.62459945678711,34.62459945678711,1,1,1.0,1.0,1.0
hf_github_codereview,90ba96f301bf2547,0.3972513675689697,0.3972513675689697,0.3972513675689697,0.3972513675689697,0.3972513675689697,0.3972513675689697,0.0,36.35079574584961,40.49464797973633,1,1,0.0,0.0,0.0
hf_github_codereview,da970b357608749b,0.5747871398925781,0.5747871398925781,0.5747871398925781,0.5747871398925781,0.5747871398925781,0.5747871398925781,0.0,38.2249641418457,40.49464797973633,1,1,0.0,0.0,0.0
hf_github_codereview,c93ccf8df70df3b1,0.9410032033920288,0.6222933381795883,0.637419730424881,0.6222933381795883,0.7607136964797974,0.9410032033920288,0.0,31.992403030395508,25.42259979248047,1,2,0.5,0.5,0.5
hf_github_codereview,0e4f30f408670ecf,0.6954603791236877,0.6954603791236877,0.6954603791236877,0.6954603791236877,0.6954603791236877,0.6954603791236877,0.0,48.75327682495117,37.30463790893555,1,1,1.0,0.0,0.0
hf_github_codereview,76b1f29c0c7e2506,0.7978111505508423,0.41679531894624233,0.7620316632091999,0.41679531894624233,0.5599683523178101,0.7978111505508423,0.0,37.138465881347656,34.525787353515625,1,2,0.5,0.5,0.0
hf_github_codereview,1ced9b7dcb6e25e3,0.9999996423721313,0.9999996423721313,0.9999996423721313,0.9999996423721313,0.9999998807907104,0.9999996423721313,0.0,31.857881546020508,31.857881546020508,1,1,1.0,1.0,1.0
hf_github_codereview,31a34f5c79534ce8,0.821247398853302,0.821247398853302,0.821247398853302,0.821247398853302,0.821247398853302,0.821247398853302,0.0,41.78962707519531,39.5568962097168,1,1,1.0,1.0,1.0
hf_github_codereview,02670390033d6a9d,0.9999999403953552,0.5092945573851466,0.9814107660204172,0.5092945573851466,0.7136487364768982,0.9999999403953552,0.0,39.476463317871094,43.66181564331055,1,2,0.5,0.5,0.5
hf_github_codereview,e0c0701c892e2b6e,1.0,1.0,1.0,1.0,1.0,1.0,0.0,31.410560607910156,31.410560607910156,1,1,1.0,1.0,1.0
hf_github_codereview,51ae98736e2de9ec,0.4540700316429138,0.31610338389873505,0.27593329548835754,0.31610338389873505,0.3744579553604126,0.4540700316429138,0.0,38.2835807800293,36.79123878479004,1,2,0.0,0.0,0.0
hf_github_codereview,266e974f90ae86cb,0.29813674092292786,0.29813674092292786,0.29813674092292786,0.29813674092292786,0.29813677072525024,0.29813674092292786,0.0,23.772666931152344,42.52904510498047,1,1,0.0,0.0,0.0
hf_github_codereview,2ed45129776c306b,0.2196272611618042,0.2196272611618042,0.2196272611618042,0.2196272611618042,0.21962721645832062,0.2196272611618042,0.0,26.943422317504883,42.442970275878906,1,1,0.0,0.0,0.0
hf_github_codereview,d4f8826df30265f1,0.17116627097129822,0.17116627097129822,0.17116627097129822,0.17116627097129822,0.1711662858724594,0.17116627097129822,0.0,21.550249099731445,45.064762115478516,1,1,0.0,0.0,0.0
hf_github_codereview,6a8dd893fc6c50ce,0.16529911756515503,0.12341881915926933,0.08376059681177139,0.12341881915926933,0.1439276784658432,0.16529911756515503,0.0,23.056379318237305,42.251007080078125,1,2,0.0,0.0,0.0
hf_github_codereview,56e88079459655ff,0.37260711193084717,0.3417404294013977,0.061733365058898926,0.3417404294013977,0.39908406138420105,0.37260711193084717,0.0,36.92527389526367,40.77741241455078,1,2,0.0,0.0,0.0
hf_github_codereview,10fd0bc33c74608d,0.27971673011779785,0.2629859745502472,0.03346151113510132,0.2629859745502472,0.28934717178344727,0.27971673011779785,0.0,40.51200485229492,43.47353935241699,1,2,0.0,0.0,0.0
hf_github_codereview,aba20873f034996d,0.9999998211860657,0.5671279653906822,0.42359787225723267,0.5671279653906822,0.7897307276725769,0.9999998211860657,0.0,28.46611785888672,36.145626068115234,1,3,0.3333333333333333,0.3333333333333333,0.3333333333333333
hf_github_codereview,e49bb2f44f9f990d,0.6577049493789673,0.3669423957665761,0.39947080612182617,0.3044557087123394,0.46381086111068726,0.6577049493789673,0.0,32.75664520263672,31.810389518737793,1,4,0.25,0.0,0.0
hf_github_codereview,2f12cf53d58c85ab,0.5506616830825806,0.3828643163045247,0.20689070224761963,0.3828643163045247,0.5461358428001404,0.5506616830825806,0.0,24.530292510986328,37.74207051595052,1,3,0.0,0.0,0.0
hf_github_codereview,9bf8d408a7e7010d,0.6468666791915894,0.4996127784252167,0.29450780153274536,0.4996127784252167,0.5908915996551514,0.6468666791915894,0.0,37.84781265258789,40.21904373168945,1,2,0.5,0.0,0.0
hf_github_codereview,a2e7d7302bc0b5ad,0.37362968921661377,0.27626843750476837,0.1947225034236908,0.27626843750476837,0.3518286347389221,0.37362968921661377,0.0,19.842670440673828,34.675400733947754,1,2,0.0,0.0,0.0
hf_github_codereview,a626afeed345e1f5,0.6761971712112427,0.4379299382368724,0.16153180599212646,0.4379299382368724,0.583692729473114,0.6761971712112427,0.0,20.462608337402344,26.67076873779297,1,3,0.3333333333333333,0.0,0.0
hf_github_codereview,38cd90a887272561,0.2466263473033905,0.18240697930256525,0.044344425201416016,0.18240697930256525,0.26093268394470215,0.2466263473033905,0.0,40.789798736572266,31.674544016520183,1,3,0.0,0.0,0.0
hf_github_codereview,e277291d063d1a1d,1.0,0.6211272577444712,0.24186348915100098,0.6211272577444712,0.8467029929161072,1.0,0.0,19.70794677734375,25.02092107137044,1,3,0.6666666666666666,0.6666666666666666,0.3333333333333333
hf_github_codereview,1edc8ed394cdfadc,1.0,0.5526226311922073,0.8947547376155853,0.5526226311922073,0.743385910987854,1.0,0.0,34.54383850097656,27.125892639160156,1,2,0.5,0.5,0.5
hf_github_codereview,812522b480a0bb85,0.37334778904914856,0.2366364374756813,0.12060686945915222,0.2366364374756813,0.3065820038318634,0.37334778904914856,0.0,25.87329864501953,40.8828125,1,3,0.0,0.0,0.0
hf_github_codereview,a5eff9fa3f97b806,0.5166340470314026,0.3739436864852905,0.2125830352306366,0.3739436864852905,0.4818500280380249,0.5166340470314026,0.0,42.984703063964844,39.91063563028971,1,3,0.0,0.0,0.0
hf_github_codereview,a0082d53581b7dd6,0.15455961227416992,0.1502078672250112,0.002494245767593384,0.1502078672250112,0.19355231523513794,0.15455961227416992,0.0,21.710790634155273,39.91063563028971,1,3,0.0,0.0,0.0
hf_github_codereview,b6f4e792dee2666c,0.6760283708572388,0.4104677786429723,0.19297033548355103,0.4104677786429723,0.5352020859718323,0.6760283708572388,0.0,36.63253402709961,39.34236145019531,1,3,0.3333333333333333,0.0,0.0
hf_github_codereview,58225eb5644a583b,0.17840826511383057,0.13870356480280557,0.02585148811340332,0.13870356480280557,0.1840609312057495,0.17840826511383057,0.0,22.728958129882812,35.80164464314779,1,3,0.0,0.0,0.0
hf_github_codereview,ae947f753d2b4a26,0.39815932512283325,0.3515441219011943,0.01042252779006958,0.3515441219011943,0.4665023684501648,0.39815932512283325,0.0,31.291656494140625,35.80164464314779,1,3,0.0,0.0,0.0
hf_github_codereview,c018adc1569a6144,1.0,0.6019157667954763,0.423598051071167,0.5071020647883415,0.7299631834030151,1.0,0.0,37.30098342895508,35.143991470336914,1,4,0.25,0.25,0.25
hf_github_codereview,ddfd297c25e17c50,0.46114081144332886,0.3163258532683055,0.1729288399219513,0.28292857855558395,0.42165234684944153,0.46114081144332886,0.0,31.694910049438477,36.828399658203125,1,4,0.0,0.0,0.0
hf_github_codereview,d100e38b09031274,0.31317657232284546,0.21689505378405252,0.1219089925289154,0.21689505378405252,0.30614805221557617,0.31317657232284546,0.0,18.704008102416992,38.0517832438151,1,3,0.0,0.0,0.0
hf_github_codereview,5c8d2c92ec1770c3,0.31161102652549744,0.22102311253547668,0.11383163928985596,0.22102311253547668,0.3103299140930176,0.31161102652549744,0.0,18.84469223022461,37.531853993733726,1,3,0.0,0.0,0.0
hf_github_codereview,c55433e483a1a1f7,0.24916350841522217,0.16999990493059158,0.15832720696926117,0.16999990493059158,0.1961546689271927,0.24916350841522217,0.0,18.80467987060547,42.06472206115723,1,2,0.0,0.0,0.0
hf_github_codereview,eca553c7be38328b,1.0,1.0,1.0,1.0,1.0,1.0,0.0,41.910274505615234,41.910274505615234,1,1,1.0,1.0,1.0
hf_github_codereview,42a1913641c2db2e,0.6972748041152954,0.6972748041152954,0.6972748041152954,0.6972748041152954,0.6972748041152954,0.6972748041152954,0.0,36.25495147705078,36.68673324584961,1,1,1.0,0.0,0.0
hf_github_codereview,81953824faf86ba4,0.5782796144485474,0.5782796144485474,0.5782796144485474,0.5782796144485474,0.5782796144485474,0.5782796144485474,0.0,36.25495147705078,40.88516616821289,1,1,0.0,0.0,0.0
hf_github_codereview,71cd4da993aa4559,1.0,0.5925289243459702,0.8149421513080597,0.5925289243459702,0.7697590589523315,1.0,0.0,44.16630172729492,42.55711364746094,1,2,0.5,0.5,0.5
hf_github_codereview,9dc22ca80f6583ee,0.9999998807907104,0.9999998807907104,0.9999998807907104,0.9999998807907104,1.0,0.9999998807907104,0.0,31.534500122070312,31.534500122070312,1,1,1.0,1.0,1.0
hf_github_codereview,c55e14f972ec4aec,1.0,1.0,1.0,1.0,1.0,1.0,0.0,44.98477554321289,44.98477554321289,1,1,1.0,1.0,1.0
hf_github_codereview,d0c6637aff4a1357,0.5586643815040588,0.5586643815040588,0.5586643815040588,0.5586643815040588,0.5586643815040588,0.5586643815040588,0.0,41.9565544128418,47.9394645690918,1,1,0.0,0.0,0.0
hf_github_codereview,c77601078f5eed6f,0.9999997615814209,0.588954746723175,0.8220900297164917,0.588954746723175,0.7674338221549988,0.9999997615814209,0.0,44.83311080932617,41.169410705566406,1,2,0.5,0.5,0.5
hf_github_codereview,d2fde005038083f1,1.0,0.4253941650191943,0.8220902681350708,0.4253941650191943,0.6530148983001709,1.0,0.0,37.50571060180664,40.6892204284668,1,3,0.3333333333333333,0.3333333333333333,0.3333333333333333
hf_github_codereview,a378a349c969fc4d,0.8136484026908875,0.8136484026908875,0.8136484026908875,0.8136484026908875,0.8136484026908875,0.8136484026908875,0.0,29.89402961730957,36.486534118652344,1,1,1.0,1.0,1.0
hf_github_codereview,d7b0b207585652e4,0.6098461747169495,0.6098461747169495,0.6098461747169495,0.6098461747169495,0.6098462343215942,0.6098461747169495,0.0,29.130319595336914,41.879371643066406,1,1,1.0,0.0,0.0
hf_github_codereview,31b730fdc39b2f24,0.7561078071594238,0.7561078071594238,0.7561078071594238,0.7561078071594238,0.7561078071594238,0.7561078071594238,0.0,40.67498016357422,41.18950653076172,1,1,1.0,1.0,0.0
hf_github_codereview,10a99bf850ac3925,0.5454331636428833,0.5454331636428833,0.5454331636428833,0.5454331636428833,0.5454331636428833,0.5454331636428833,0.0,33.02436065673828,40.46746063232422,1,1,0.0,0.0,0.0
hf_github_codereview,ba07630231e95b61,1.0,0.5800636783242226,0.8398726433515549,0.5800636783242226,0.7616190910339355,1.0,0.0,49.396995544433594,45.695138931274414,1,2,0.5,0.5,0.5
hf_github_codereview,e5c72b0a49684430,0.4549505412578583,0.3502124398946762,0.20947620272636414,0.3502124398946762,0.41890257596969604,0.4549505412578583,0.0,46.50504684448242,35.53865146636963,1,2,0.0,0.0,0.0
hf_github_codereview,2bd56f41e2ca8e85,0.23700766265392303,0.23700766265392303,0.23700766265392303,0.23700766265392303,0.23700766265392303,0.23700766265392303,0.0,34.8470458984375,30.650814056396484,1,1,0.0,0.0,0.0
hf_github_codereview,9a323eb63e598993,0.18112845718860626,0.16163573414087296,0.038985446095466614,0.16163573414087296,0.1773892641067505,0.18112845718860626,0.0,38.070587158203125,45.823307037353516,1,2,0.0,0.0,0.0
hf_github_codereview,93e49d83e398e68a,0.6186941862106323,0.4588363468647003,0.319715678691864,0.4588363468647003,0.5645018219947815,0.6186941862106323,0.0,44.288124084472656,46.440773010253906,1,2,0.5,0.0,0.0
hf_github_codereview,74a7bf326b3dfe77,1.0,1.0,1.0,1.0,1.0,1.0,0.0,32.631614685058594,32.631614685058594,1,1,1.0,1.0,1.0
hf_github_codereview,c6d7be045e1498bd,1.0,1.0,1.0,1.0,1.0,1.0,0.0,36.79021453857422,36.79021453857422,1,1,1.0,1.0,1.0
hf_github_codereview,92e91542d15884b0,0.26744192838668823,0.19299330562353134,0.14889724552631378,0.19299330562353134,0.2543349862098694,0.26744192838668823,0.0,25.108016967773438,40.75397491455078,1,2,0.0,0.0,0.0
hf_github_codereview,92af49d30e810798,0.9999997615814209,0.9999997615814209,0.9999997615814209,0.9999997615814209,0.9999998211860657,0.9999997615814209,0.0,25.318870544433594,25.318870544433594,1,1,1.0,1.0,1.0
hf_github_codereview,28e3cfd94d593cc9,0.8241851329803467,0.8241851329803467,0.8241851329803467,0.8241851329803467,0.8241851329803467,0.8241851329803467,0.0,36.93747329711914,45.916603088378906,1,1,1.0,1.0,1.0
hf_github_codereview,14bda8f1a59c0fb4,0.8046483993530273,0.8046483993530273,0.8046483993530273,0.8046483993530273,0.8046483993530273,0.8046483993530273,0.0,37.51744079589844,45.916603088378906,1,1,1.0,1.0,1.0
hf_github_codereview,0fdd3f228bfb0859,0.8145498633384705,0.8145498633384705,0.8145498633384705,0.8145498633384705,0.8145498633384705,0.8145498633384705,0.0,39.26072692871094,45.916603088378906,1,1,1.0,1.0,1.0
hf_github_codereview,0251c6982d3ec58c,0.9999998807907104,0.7216798961162567,0.5566399693489075,0.7216798961162567,0.8495173454284668,0.9999998807907104,0.0,39.601234436035156,38.06586456298828,1,2,0.5,0.5,0.5
hf_github_codereview,e98022a7706d791d,0.9999998807907104,0.9999998807907104,0.9999998807907104,0.9999998807907104,1.0,0.9999998807907104,0.0,37.02340316772461,37.02340316772461,1,1,1.0,1.0,1.0
hf_github_codereview,7f26275adf18ec81,0.826012372970581,0.826012372970581,0.826012372970581,0.826012372970581,0.826012372970581,0.826012372970581,0.0,42.4771614074707,39.17936706542969,1,1,1.0,1.0,1.0
hf_github_codereview,0d6ab0d93bc4000b,0.7581668496131897,0.41240376606583595,0.6915261670947075,0.41240376606583595,0.5697793364524841,0.7581668496131897,0.0,46.792667388916016,43.10121536254883,1,2,0.5,0.5,0.0
hf_github_codereview,0ef4b24222426646,0.3055255711078644,0.27619824558496475,0.058654651045799255,0.27619824558496475,0.3234339952468872,0.3055255711078644,0.0,36.561424255371094,42.75891876220703,1,2,0.0,0.0,0.0
hf_github_codereview,24f142df878f8f7b,0.5739189386367798,0.36755603551864624,0.4127258062362671,0.36755603551864624,0.4892290234565735,0.5739189386367798,0.0,34.85165023803711,30.05159091949463,1,2,0.0,0.0,0.0
hf_github_codereview,95423be330054edb,0.5921915173530579,0.5921915173530579,0.5921915173530579,0.5921915173530579,0.5921915173530579,0.5921915173530579,0.0,43.02078628540039,37.02340316772461,1,1,0.0,0.0,0.0
hf_github_codereview,d71b9f11471c9e35,0.8304799795150757,0.7247692346572876,0.21142148971557617,0.7247692346572876,0.7921419739723206,0.8304799795150757,0.0,38.319061279296875,47.10094451904297,1,2,1.0,0.5,0.5
hf_github_codereview,65f7a896309b3301,0.7569692134857178,0.7569692134857178,0.7569692134857178,0.7569692134857178,0.7569692134857178,0.7569692134857178,0.0,43.46626663208008,42.65185546875,1,1,1.0,1.0,0.0
hf_github_codereview,d1141984f0668287,0.9556397199630737,0.5660858452320099,0.7791077494621277,0.5660858452320099,0.7344753742218018,0.9556397199630737,0.0,42.22489929199219,30.213862419128418,1,2,0.5,0.5,0.5
hf_github_codereview,4e477643b504f9eb,1.0,1.0,1.0,1.0,1.0,1.0,0.0,36.18254089355469,36.18254089355469,1,1,1.0,1.0,1.0
hf_github_codereview,b55a593369c32c95,0.9999999403953552,0.9999999403953552,0.9999999403953552,0.9999999403953552,1.0,0.9999999403953552,0.0,27.669811248779297,27.669811248779297,1,1,1.0,1.0,1.0
hf_github_codereview,bf927b08753b7aa2,1.0,1.0,1.0,1.0,1.0,1.0,0.0,36.18254089355469,36.18254089355469,1,1,1.0,1.0,1.0
hf_github_codereview,c508a48ed9284845,0.7462201714515686,0.7462201714515686,0.7462201714515686,0.7462201714515686,0.7462202310562134,0.7462201714515686,0.0,39.24077606201172,36.49271011352539,1,1,1.0,1.0,0.0
hf_github_codereview,45e0502b5fcc5f05,0.8549752235412598,0.5456083565950394,0.6187337338924408,0.5456083565950394,0.6903034448623657,0.8549752235412598,0.0,45.40941619873047,41.230857849121094,1,2,0.5,0.5,0.5
hf_github_codereview,be2bc626a39a466a,0.8203635215759277,0.8203635215759277,0.8203635215759277,0.8203635215759277,0.8203635215759277,0.8203635215759277,0.0,35.25154113769531,36.49271011352539,1,1,1.0,1.0,1.0
hf_github_codereview,371517c44e89f968,0.8117291927337646,0.6972000598907471,0.22905826568603516,0.6972000598907471,0.7459582686424255,0.8117291927337646,0.0,45.385135650634766,44.76625633239746,1,2,0.5,0.5,0.5
hf_github_codereview,b4db2bf99ffe5bc7,0.9962712526321411,0.9962712526321411,0.9962712526321411,0.9962712526321411,0.9962711334228516,0.9962712526321411,0.0,50.48133087158203,50.169471740722656,1,1,1.0,1.0,1.0
hf_github_codereview,b6d1d55fafca87be,0.9110556840896606,0.9110556840896606,0.9110556840896606,0.9110556840896606,0.9110558032989502,0.9110556840896606,0.0,39.17579650878906,39.58775329589844,1,1,1.0,1.0,1.0
hf_github_codereview,a713007891f6ef51,0.9937514066696167,0.9937514066696167,0.9937514066696167,0.9937514066696167,0.9937515258789062,0.9937514066696167,0.0,37.90568161010742,39.58775329589844,1,1,1.0,1.0,1.0
hf_github_codereview,64494fe4bdd8b4f8,0.7639818787574768,0.546681672334671,0.4346004128456116,0.546681672334671,0.6986862421035767,0.7639818787574768,0.0,25.14115333557129,37.95077133178711,1,2,0.5,0.5,0.0
hf_github_codereview,eada7ef30ff0a27d,1.0,1.0,1.0,1.0,1.0,1.0,0.0,20.50194549560547,20.50194549560547,1,1,1.0,1.0,1.0
hf_github_codereview,3905e8b98117e3b2,0.884854793548584,0.884854793548584,0.884854793548584,0.884854793548584,0.884854793548584,0.884854793548584,0.0,45.90286636352539,38.64103317260742,1,1,1.0,1.0,1.0
hf_github_codereview,f0e6f199b78978b5,0.6777284741401672,0.6777284741401672,0.6777284741401672,0.6777284741401672,0.6777284741401672,0.6777284741401672,0.0,41.46066665649414,38.64103317260742,1,1,1.0,0.0,0.0
hf_github_codereview,62c4cacc24155f3d,0.616115927696228,0.4947984367609024,0.24263498187065125,0.4947984367609024,0.6390807628631592,0.616115927696228,0.0,44.42818069458008,39.97639083862305,1,2,0.5,0.0,0.0
hf_github_codereview,ce75c3aa70603fc6,0.9831801652908325,0.9831801652908325,0.9831801652908325,0.9831801652908325,0.983180046081543,0.9831801652908325,0.0,35.21791076660156,33.477210998535156,1,1,1.0,1.0,1.0
hf_github_codereview,0579e5228718a9b8,0.5548251271247864,0.5548251271247864,0.5548251271247864,0.5548251271247864,0.5548251271247864,0.5548251271247864,0.0,30.561582565307617,32.0550422668457,1,1,0.0,0.0,0.0
hf_github_codereview,3888bc2d40fb1b91,1.0,0.5727782249450684,0.8544435501098633,0.5727782249450684,0.7568210959434509,1.0,0.0,44.57718276977539,45.907644271850586,1,2,0.5,0.5,0.5
hf_github_codereview,b5289da2a008b4ca,0.9999998807907104,0.5727781653404236,0.8544434309005737,0.5727781653404236,0.7568210959434509,0.9999998807907104,0.0,47.23810577392578,45.907644271850586,1,2,0.5,0.5,0.5
hf_github_codereview,2f751deffa44665c,0.5878733396530151,0.28484915755689144,0.6060483641922474,0.28484915755689144,0.39396750926971436,0.5878733396530151,0.0,48.20524597167969,38.652103424072266,1,2,0.0,0.0,0.0
hf_github_codereview,550a24bf9816320f,0.6337376832962036,0.6337376832962036,0.6337376832962036,0.6337376832962036,0.6337378025054932,0.6337376832962036,0.0,32.015472412109375,42.61766052246094,1,1,1.0,0.0,0.0
hf_github_codereview,0baffd74a142fcbc,0.694179356098175,0.694179356098175,0.694179356098175,0.694179356098175,0.6941794157028198,0.694179356098175,0.0,38.58028793334961,42.61766052246094,1,1,1.0,0.0,0.0
hf_github_codereview,e40b4763129d634b,0.11978734284639359,0.11978734284639359,0.11978734284639359,0.11978734284639359,0.11978735774755478,0.11978734284639359,0.0,48.61359786987305,42.997928619384766,1,1,0.0,0.0,0.0
hf_github_codereview,846b4ab48984b353,0.3776223659515381,0.3502624034881592,0.05471992492675781,0.3502624034881592,0.45399415493011475,0.3776223659515381,0.0,24.360267639160156,35.7412109375,1,2,0.0,0.0,0.0
hf_github_codereview,2eaf9af091aad0ae,0.20691978931427002,0.20691978931427002,0.20691978931427002,0.20691978931427002,0.2069198191165924,0.20691978931427002,0.0,34.25294494628906,40.940677642822266,1,1,0.0,0.0,0.0
hf_github_codereview,f6b74317b67ccbe7,0.8730654716491699,0.8730654716491699,0.8730654716491699,0.8730654716491699,0.8730654716491699,0.8730654716491699,0.0,33.426910400390625,34.126609802246094,1,1,1.0,1.0,1.0
hf_github_codereview,1dab8f6fc6b000ed,0.5829881429672241,0.5633327960968018,0.03931069374084473,0.5633327960968018,0.5979642868041992,0.5829881429672241,0.0,43.99073028564453,40.99923324584961,1,2,0.0,0.0,0.0
hf_github_codereview,51e05b6234fbea41,1.0,1.0,1.0,1.0,1.0,1.0,0.0,43.029354095458984,43.029354095458984,1,1,1.0,1.0,1.0
hf_github_codereview,4fa406908107a901,0.9999998807907104,0.9999998807907104,0.9999998807907104,0.9999998807907104,1.0,0.9999998807907104,0.0,44.82748794555664,44.82748794555664,1,1,1.0,1.0,1.0
hf_github_codereview,623872437a4e229f,0.9999999403953552,0.9999999403953552,0.9999999403953552,0.9999999403953552,1.0,0.9999999403953552,0.0,34.62328338623047,34.62328338623047,1,1,1.0,1.0,1.0
hf_github_codereview,eb526b16c12db93c,0.9999999403953552,0.9999999403953552,0.9999999403953552,0.9999999403953552,1.0,0.9999999403953552,0.0,34.62328338623047,34.62328338623047,1,1,1.0,1.0,1.0
hf_github_codereview,e454b956cfe921f6,0.9999999403953552,0.9999999403953552,0.9999999403953552,0.9999999403953552,1.0,0.9999999403953552,0.0,34.62328338623047,34.62328338623047,1,1,1.0,1.0,1.0
hf_github_codereview,1b42827b0d4d471a,0.9999999403953552,0.9999999403953552,0.9999999403953552,0.9999999403953552,1.0,0.9999999403953552,0.0,34.62328338623047,34.62328338623047,1,1,1.0,1.0,1.0
hf_github_codereview,5782972cb1992046,0.9999999403953552,0.9999999403953552,0.9999999403953552,0.9999999403953552,1.0,0.9999999403953552,0.0,34.62328338623047,34.62328338623047,1,1,1.0,1.0,1.0
hf_github_codereview,8f7c420d8f69830f,0.9999999403953552,0.9999999403953552,0.9999999403953552,0.9999999403953552,1.0,0.9999999403953552,0.0,34.62328338623047,34.62328338623047,1,1,1.0,1.0,1.0
hf_github_codereview,3bc56892b995eca2,0.9999999403953552,0.9999999403953552,0.9999999403953552,0.9999999403953552,1.0,0.9999999403953552,0.0,34.62328338623047,34.62328338623047,1,1,1.0,1.0,1.0
hf_github_codereview,5977c4e3de7de98f,0.9999999403953552,0.9999999403953552,0.9999999403953552,0.9999999403953552,1.0,0.9999999403953552,0.0,34.62328338623047,34.62328338623047,1,1,1.0,1.0,1.0
hf_github_codereview,59ff29fe225ef86c,0.9999999403953552,0.9999999403953552,0.9999999403953552,0.9999999403953552,1.0,0.9999999403953552,0.0,34.62328338623047,34.62328338623047,1,1,1.0,1.0,1.0
hf_github_codereview,0aa133d668c110ad,0.9999999403953552,0.9999999403953552,0.9999999403953552,0.9999999403953552,1.0,0.9999999403953552,0.0,34.62328338623047,34.62328338623047,1,1,1.0,1.0,1.0
hf_github_codereview,ed9347abad319069,0.9999999403953552,0.9999999403953552,0.9999999403953552,0.9999999403953552,1.0,0.9999999403953552,0.0,34.62328338623047,34.62328338623047,1,1,1.0,1.0,1.0
hf_github_codereview,44483e5a0ed5b621,0.9999999403953552,0.9999999403953552,0.9999999403953552,0.9999999403953552,1.0,0.9999999403953552,0.0,34.62328338623047,34.62328338623047,1,1,1.0,1.0,1.0
hf_github_codereview,8d278119fc357d35,0.9999998807907104,0.9999998807907104,0.9999998807907104,0.9999998807907104,1.0,0.9999998807907104,0.0,38.1934814453125,38.1934814453125,1,1,1.0,1.0,1.0
hf_github_codereview,6bf4fdc41f3626b9,0.5327373743057251,0.5327373743057251,0.5327373743057251,0.5327373743057251,0.5327373743057251,0.5327373743057251,0.0,46.99301528930664,45.37552261352539,1,1,0.0,0.0,0.0
hf_github_codereview,a866772d57f9fefc,0.669102668762207,0.669102668762207,0.669102668762207,0.669102668762207,0.669102668762207,0.669102668762207,0.0,36.41228103637695,45.37552261352539,1,1,1.0,0.0,0.0
hf_github_codereview,dc90eee385582567,0.6490474343299866,0.6490474343299866,0.6490474343299866,0.6490474343299866,0.6490474343299866,0.6490474343299866,0.0,42.565059661865234,45.37552261352539,1,1,1.0,0.0,0.0
hf_github_codereview,dbb77593da163357,0.4592902660369873,0.4592902660369873,0.4592902660369873,0.4592902660369873,0.4592902660369873,0.4592902660369873,0.0,39.12077713012695,45.37552261352539,1,1,0.0,0.0,0.0
hf_github_codereview,b478b0114b7b717b,0.4622880816459656,0.4622880816459656,0.4622880816459656,0.4622880816459656,0.4622880816459656,0.4622880816459656,0.0,47.31696701049805,40.12195587158203,1,1,0.0,0.0,0.0
hf_github_codereview,830ccdef2a8b69dc,0.8340771198272705,0.8340771198272705,0.8340771198272705,0.8340771198272705,0.8340771794319153,0.8340771198272705,0.0,42.565059661865234,44.94130325317383,1,1,1.0,1.0,1.0
hf_github_codereview,11b90bc72b804db0,0.43911194801330566,0.43911194801330566,0.43911194801330566,0.43911194801330566,0.43911200761795044,0.43911194801330566,0.0,42.565059661865234,40.12195587158203,1,1,0.0,0.0,0.0
hf_github_codereview,b2335d0978cbd91d,0.5169116258621216,0.5169116258621216,0.5169116258621216,0.5169116258621216,0.5169116258621216,0.5169116258621216,0.0,36.41228103637695,40.12195587158203,1,1,0.0,0.0,0.0
hf_github_codereview,a54e386feb16181c,0.831405520439148,0.831405520439148,0.831405520439148,0.831405520439148,0.8314055800437927,0.831405520439148,0.0,36.41228103637695,44.94130325317383,1,1,1.0,1.0,1.0
hf_github_codereview,05ba26bb49e11e71,1.0,1.0,1.0,1.0,1.0,1.0,0.0,25.082317352294922,25.082317352294922,1,1,1.0,1.0,1.0
hf_github_codereview,c380562766d7d5b0,1.0,1.0,1.0,1.0,1.0,1.0,0.0,44.59467315673828,44.59467315673828,1,1,1.0,1.0,1.0
hf_github_codereview,5cb486a390dd0539,1.0,1.0,1.0,1.0,1.0,1.0,0.0,26.741100311279297,26.741100311279297,1,1,1.0,1.0,1.0
hf_github_codereview,eb2aff6c652f7dc8,0.24462971091270447,0.2445383071899414,0.00018280744552612305,0.2445383071899414,0.27893486618995667,0.24462971091270447,0.0,35.591796875,41.99130058288574,1,2,0.0,0.0,0.0
hf_github_codereview,fa424fdd3b169ea1,0.9999999403953552,0.9999999403953552,0.9999999403953552,0.9999999403953552,1.0,0.9999999403953552,0.0,27.784921646118164,27.784921646118164,1,1,1.0,1.0,1.0
hf_github_codereview,78ae847b6016675b,1.0,1.0,1.0,1.0,1.0,1.0,0.0,35.09641647338867,35.09641647338867,1,1,1.0,1.0,1.0
hf_github_codereview,9c9ed28d5a3be23c,0.3286440074443817,0.3286440074443817,0.3286440074443817,0.3286440074443817,0.3286440372467041,0.3286440074443817,0.0,33.71805953979492,42.87870788574219,1,1,0.0,0.0,0.0
hf_github_codereview,d698b5323c524d8a,1.0,0.6125631630420685,0.774873673915863,0.6125631630420685,0.7826641798019409,1.0,0.0,31.83574104309082,36.39336109161377,1,2,0.5,0.5,0.5
hf_github_codereview,50438859f75d4a51,0.35541558265686035,0.35541558265686035,0.35541558265686035,0.35541558265686035,0.35541558265686035,0.35541558265686035,0.0,39.800262451171875,39.77812576293945,1,1,0.0,0.0,0.0
hf_github_codereview,88b933d51c80ba08,0.9600496292114258,0.9600496292114258,0.9600496292114258,0.9600496292114258,0.9600497484207153,0.9600496292114258,0.0,42.988670349121094,42.32949447631836,1,1,1.0,1.0,1.0
hf_github_codereview,e1dfed92000927c8,1.0,1.0,1.0,1.0,1.0,1.0,0.0,38.462890625,38.462890625,1,1,1.0,1.0,1.0
hf_github_codereview,fdfa3d8a0d5b16de,0.719617486000061,0.6562634309132894,0.05328977108001709,0.6562634309132894,0.8223369121551514,0.719617486000061,0.0,45.39204025268555,43.07262674967448,1,3,0.6666666666666666,0.3333333333333333,0.0
hf_github_codereview,adc978da92e8bafc,0.9999999403953552,0.9999999403953552,0.9999999403953552,0.9999999403953552,1.0,0.9999999403953552,0.0,32.27593994140625,32.27593994140625,1,1,1.0,1.0,1.0
hf_github_codereview,50e622f07ba65551,0.4305907189846039,0.4305907189846039,0.4305907189846039,0.4305907189846039,0.4305907189846039,0.4305907189846039,0.0,38.472476959228516,35.38750457763672,1,1,0.0,0.0,0.0
hf_github_codereview,db021ba9e6e9cdec,0.18091776967048645,0.18091776967048645,0.18091776967048645,0.18091776967048645,0.18091776967048645,0.18091776967048645,0.0,45.63872146606445,34.236854553222656,1,1,0.0,0.0,0.0
hf_github_codereview,ba96684ae0cd14b3,1.0,0.6294422596693039,0.7411154806613922,0.6294422596693039,0.7933739423751831,1.0,0.0,33.555091857910156,32.47933864593506,1,2,0.5,0.5,0.5
hf_github_codereview,0fba7fe81be12fd2,1.0,0.6613853573799133,0.6772292852401733,0.6613853573799133,0.8132559657096863,1.0,0.0,37.140907287597656,36.53481674194336,1,2,0.5,0.5,0.5
hf_github_codereview,c348b51c89e4b252,0.6677188873291016,0.4251127541065216,0.4852122664451599,0.4251127541065216,0.5391467809677124,0.6677188873291016,0.0,40.08063507080078,44.98199653625488,1,2,0.5,0.0,0.0
hf_github_codereview,479c1d9c9b5843d2,0.9999998807907104,0.9999998807907104,0.9999998807907104,0.9999998807907104,1.0,0.9999998807907104,0.0,25.289438247680664,25.289438247680664,1,1,1.0,1.0,1.0
hf_github_codereview,4a615fad9ebfe9f7,0.8160934448242188,0.8160934448242188,0.8160934448242188,0.8160934448242188,0.8160934448242188,0.8160934448242188,0.0,44.48377990722656,40.33686828613281,1,1,1.0,1.0,1.0
hf_github_codereview,37599b494b6a40cd,1.0,1.0,1.0,1.0,1.0,1.0,0.0,41.988365173339844,41.988365173339844,1,1,1.0,1.0,1.0
hf_github_codereview,e778bcb450cfb3c5,0.410581111907959,0.410581111907959,0.410581111907959,0.410581111907959,0.410581111907959,0.410581111907959,0.0,42.1258544921875,29.937786102294922,1,1,0.0,0.0,0.0
hf_github_codereview,21599aa7049e8f9a,0.4651463031768799,0.4651463031768799,0.4651463031768799,0.4651463031768799,0.4651463031768799,0.4651463031768799,0.0,44.450626373291016,29.937786102294922,1,1,0.0,0.0,0.0
hf_github_codereview,67b05fe93e9b5ff5,0.5521456003189087,0.5521456003189087,0.5521456003189087,0.5521456003189087,0.5521456003189087,0.5521456003189087,0.0,43.466697692871094,35.797603607177734,1,1,0.0,0.0,0.0
hf_github_codereview,8ad66a4c4af442e3,0.6556878089904785,0.6556878089904785,0.6556878089904785,0.6556878089904785,0.6556878089904785,0.6556878089904785,0.0,34.09053039550781,29.937786102294922,1,1,1.0,0.0,0.0
hf_github_codereview,69315ddc9eef0d8b,0.5024717450141907,0.5024717450141907,0.5024717450141907,0.5024717450141907,0.5024718046188354,0.5024717450141907,0.0,40.4907341003418,27.330215454101562,1,1,0.0,0.0,0.0
hf_github_codereview,97a5cc4ecd525a63,0.6781550049781799,0.6781550049781799,0.6781550049781799,0.6781550049781799,0.6781550049781799,0.6781550049781799,0.0,40.66986083984375,33.14509582519531,1,1,1.0,0.0,0.0
hf_github_codereview,102c7e9c48bc1ba8,1.0,1.0,1.0,1.0,1.0,1.0,0.0,42.440059661865234,42.440059661865234,1,1,1.0,1.0,1.0
hf_github_codereview,9bc7850418e2a338,0.9520583748817444,0.41841347018877667,0.7927349507808685,0.41841347018877667,0.6421430706977844,0.9520583748817444,0.0,43.620689392089844,36.89751370747884,1,3,0.3333333333333333,0.3333333333333333,0.3333333333333333
hf_github_codereview,174e9e9f96df07a4,1.0,1.0,1.0,1.0,1.0,1.0,0.0,40.736228942871094,40.736228942871094,1,1,1.0,1.0,1.0
hf_github_codereview,eb8760ce8ccec3fc,0.795087456703186,0.5616537034511566,0.46686750650405884,0.5616537034511566,0.731486976146698,0.795087456703186,0.0,44.363548278808594,46.85274696350098,1,2,0.5,0.5,0.0
hf_github_codereview,1139f05c331c9ca3,0.5488985776901245,0.5488985776901245,0.5488985776901245,0.5488985776901245,0.5488986372947693,0.5488985776901245,0.0,45.47404861450195,34.56991958618164,1,1,0.0,0.0,0.0
hf_github_codereview,5a6def6d4b2db1aa,0.1618536412715912,0.1618536412715912,0.1618536412715912,0.1618536412715912,0.1618536412715912,0.1618536412715912,0.0,43.212615966796875,47.411293029785156,1,1,0.0,0.0,0.0
hf_github_codereview,c56b40bc80015693,0.37525612115859985,0.37525612115859985,0.37525612115859985,0.37525612115859985,0.37525612115859985,0.37525612115859985,0.0,36.8274040222168,29.753568649291992,1,1,0.0,0.0,0.0
hf_github_codereview,37b4751e92b63ebc,0.44582855701446533,0.38832034170627594,0.11501643061637878,0.38832034170627594,0.49044060707092285,0.44582855701446533,0.0,34.86481857299805,39.755191802978516,1,2,0.0,0.0,0.0
hf_github_codereview,1dfe8ef727cd861c,0.9999998807907104,0.9999998807907104,0.9999998807907104,0.9999998807907104,1.0,0.9999998807907104,0.0,43.691104888916016,43.691104888916016,1,1,1.0,1.0,1.0
hf_github_codereview,234f2ea0d1a6b0d6,1.0,1.0,1.0,1.0,1.0,1.0,0.0,37.937217712402344,37.937217712402344,1,1,1.0,1.0,1.0
hf_github_codereview,f9ea9ec2424bca43,1.0,0.6810568869113922,0.6378862261772156,0.6810568869113922,0.825261652469635,1.0,0.0,37.937217712402344,35.253623962402344,1,2,0.5,0.5,0.5
hf_github_codereview,476b92009d3c79d0,1.0,0.6810568869113922,0.6378862261772156,0.6810568869113922,0.825261652469635,1.0,0.0,37.937217712402344,35.253623962402344,1,2,0.5,0.5,0.5
hf_github_codereview,018b6fd6c3a3e536,0.9999998807907104,0.6518245736757914,0.40663981437683105,0.6518245736757914,0.7727751731872559,0.9999998807907104,0.0,32.570030212402344,35.992305755615234,1,3,0.3333333333333333,0.3333333333333333,0.3333333333333333
hf_github_codereview,abb87cbbd3aa30e2,1.0,0.7668468952178955,0.25386983156204224,0.6656636148691177,0.8466247916221619,1.0,0.0,37.937217712402344,36.8753137588501,1,4,0.5,0.5,0.25
hf_github_codereview,8e950b82392693cf,1.0,0.7845522960027059,0.25386983156204224,0.7367542386054993,0.91187584400177,1.0,0.0,37.469669342041016,37.264732360839844,1,4,0.75,0.5,0.25
hf_github_codereview,36c4f0365188fd5d,1.0,0.6311472654342651,0.3924732804298401,0.6311472654342651,0.8295844793319702,1.0,0.0,41.08201217651367,38.492880503336586,1,3,0.6666666666666666,0.3333333333333333,0.3333333333333333
hf_github_codereview,9413d72738e65f96,0.7715893387794495,0.47515907883644104,0.5928605198860168,0.47515907883644104,0.5977433919906616,0.7715893387794495,0.0,46.93800354003906,41.157447814941406,1,2,0.5,0.5,0.0
hf_github_codereview,c1aae4512e698818,0.1647886037826538,0.1647886037826538,0.1647886037826538,0.1647886037826538,0.1647886037826538,0.1647886037826538,0.0,40.79410934448242,31.416044235229492,1,1,0.0,0.0,0.0
hf_github_codereview,db49a2a3721cb927,0.4418783187866211,0.32428643107414246,0.23518377542495728,0.32428643107414246,0.4081948399543762,0.4418783187866211,0.0,30.220661163330078,41.26351547241211,1,2,0.0,0.0,0.0
hf_github_codereview,51043698622deead,0.8400759696960449,0.5774204134941101,0.5253111124038696,0.5774204134941101,0.7232053279876709,0.8400759696960449,0.0,49.88997268676758,43.08151435852051,1,2,0.5,0.5,0.5
hf_github_codereview,9805d86cb25a60e8,0.34009313583374023,0.34009313583374023,0.34009313583374023,0.34009313583374023,0.34009307622909546,0.34009313583374023,0.0,35.95066833496094,36.00214767456055,1,1,0.0,0.0,0.0
hf_github_codereview,1403ab485cbf5f7e,0.4382971525192261,0.2899431884288788,0.18683618307113647,0.2899431884288788,0.40109968185424805,0.4382971525192261,0.0,41.366851806640625,36.4915402730306,1,3,0.0,0.0,0.0
hf_github_codereview,f4f9d14eb1ffa38c,0.38052618503570557,0.38052618503570557,0.38052618503570557,0.38052618503570557,0.38052618503570557,0.38052618503570557,0.0,34.88222885131836,26.965242385864258,1,1,0.0,0.0,0.0
hf_github_codereview,f6965662bb2d9dbf,0.266804963350296,0.266804963350296,0.266804963350296,0.266804963350296,0.2668049931526184,0.266804963350296,0.0,40.80112075805664,29.63262367248535,1,1,0.0,0.0,0.0
hf_github_codereview,05096db7f29dd19a,0.2955232858657837,0.2955232858657837,0.2955232858657837,0.2955232858657837,0.2955232858657837,0.2955232858657837,0.0,25.620891571044922,36.84505081176758,1,1,0.0,0.0,0.0
hf_github_codereview,99642a20c30fbe04,0.5665329694747925,0.5665329694747925,0.5665329694747925,0.5665329694747925,0.5665329694747925,0.5665329694747925,0.0,39.9075927734375,47.51771545410156,1,1,0.0,0.0,0.0
hf_github_codereview,6cbfa83dff367302,0.9065526723861694,0.6828586757183075,0.4473879933357239,0.6828586757183075,0.779386043548584,0.9065526723861694,0.0,35.8983268737793,36.373074531555176,1,2,0.5,0.5,0.5
hf_github_codereview,1de5ea5fe25c5b4b,0.9999998807907104,0.9999998807907104,0.9999998807907104,0.9999998807907104,1.0,0.9999998807907104,0.0,26.025203704833984,26.025203704833984,1,1,1.0,1.0,1.0
hf_github_codereview,f61701b2831ed0a5,0.9999999403953552,0.9999999403953552,0.9999999403953552,0.9999999403953552,0.9999999403953552,0.9999999403953552,0.0,47.393455505371094,47.393455505371094,1,1,1.0,1.0,1.0
hf_github_codereview,e4b15abff8320f5c,0.9999999403953552,0.6915171146392822,0.616965651512146,0.6915171146392822,0.8315750360488892,0.9999999403953552,0.0,43.57566452026367,45.50981330871582,1,2,0.5,0.5,0.5
hf_github_codereview,17692fccbe41edc4,0.21235735714435577,0.17104365676641464,0.08262740075588226,0.17104365676641464,0.19587543606758118,0.21235735714435577,0.0,29.6544246673584,38.91306114196777,1,2,0.0,0.0,0.0
hf_github_codereview,743573fcc07abef1,0.7601463794708252,0.7109007438023885,0.04694795608520508,0.7109007438023885,0.8447237014770508,0.7601463794708252,0.0,45.540489196777344,39.20839309692383,1,3,1.0,0.6666666666666666,0.0
hf_github_codereview,457dffc1dd1e8ba2,0.5644130706787109,0.44771304726600647,0.23340004682540894,0.44771304726600647,0.6103149652481079,0.5644130706787109,0.0,40.98487854003906,41.208858489990234,1,2,0.0,0.0,0.0
hf_github_codereview,06541eab45e2fd73,0.7215995788574219,0.602731337149938,0.06076943874359131,0.602731337149938,0.6797522306442261,0.7215995788574219,0.0,33.588226318359375,42.09883244832357,1,3,0.6666666666666666,0.3333333333333333,0.0
hf_github_codereview,a2846ef378d61964,0.2650051712989807,0.2278149053454399,0.0743805319070816,0.2278149053454399,0.2584540843963623,0.2650051712989807,0.0,41.26858901977539,34.092387199401855,1,2,0.0,0.0,0.0
hf_github_codereview,5da612541b8e21ec,0.9360739588737488,0.9360739588737488,0.9360739588737488,0.9360739588737488,0.9360740780830383,0.9360739588737488,0.0,50.79216384887695,47.54594421386719,1,1,1.0,1.0,1.0
hf_github_codereview,a84307a83e3ac7df,0.5284298658370972,0.5284298658370972,0.5284298658370972,0.5284298658370972,0.5284298658370972,0.5284298658370972,0.0,42.189334869384766,34.13773727416992,1,1,0.0,0.0,0.0
hf_github_codereview,10efb1d1e549d1b3,1.0,0.6059483885765076,0.7881032228469849,0.6059483885765076,0.7784269452095032,1.0,0.0,46.39283752441406,44.92036056518555,1,2,0.5,0.5,0.5
hf_github_codereview,97780c370a78ee1b,0.45711666345596313,0.34808021783828735,0.21807289123535156,0.34808021783828735,0.4156509041786194,0.45711666345596313,0.0,46.200042724609375,35.67377281188965,1,2,0.0,0.0,0.0
hf_github_codereview,0c1ad064e3fb75f1,0.21958714723587036,0.21958714723587036,0.21958714723587036,0.21958714723587036,0.21958714723587036,0.21958714723587036,0.0,20.716951370239258,47.90465545654297,1,1,0.0,0.0,0.0
hf_github_codereview,77fb322905da062e,0.8643720149993896,0.7031146089235941,0.04137623310089111,0.7031146089235941,0.8692169785499573,0.8643720149993896,0.0,37.78079605102539,42.14812342325846,1,3,0.6666666666666666,0.6666666666666666,0.6666666666666666
hf_github_codereview,b8c146b62ce19407,0.8643720149993896,0.6642980575561523,0.04137623310089111,0.6642980575561523,0.8491991758346558,0.8643720149993896,0.0,37.78079605102539,41.01980336507162,1,3,0.6666666666666666,0.6666666666666666,0.6666666666666666
hf_github_codereview,8a314d842f36353e,0.7738185524940491,0.5997137924035391,0.13825124502182007,0.5997137924035391,0.7502806186676025,0.7738185524940491,0.0,44.12830352783203,41.49641799926758,1,3,0.6666666666666666,0.3333333333333333,0.0
hf_github_codereview,ef97f6591aaef97b,0.9999997615814209,0.6915560364723206,0.6168874502182007,0.6915560364723206,0.8315985202789307,0.9999997615814209,0.0,47.54594421386719,45.68453407287598,1,2,0.5,0.5,0.5
hf_github_codereview,36834a4612114958,0.9581072330474854,0.9581072330474854,0.9581072330474854,0.9581072330474854,0.9581073522567749,0.9581072330474854,0.0,44.479793548583984,45.5859260559082,1,1,1.0,1.0,1.0
hf_github_codereview,51116923dc9d4fd5,1.0,0.7100412845611572,0.18693602085113525,0.7100412845611572,0.8680734634399414,1.0,0.0,42.89579772949219,42.62228012084961,1,3,0.6666666666666666,0.6666666666666666,0.6666666666666666
hf_github_codereview,f0e1f19c748bb2e4,0.6921762228012085,0.4784252842267354,0.08770382404327393,0.4784252842267354,0.5848248600959778,0.6921762228012085,0.0,32.022884368896484,40.81210708618164,1,3,0.6666666666666666,0.0,0.0
hf_github_codereview,3ffa2aedbd23710b,1.0,0.6127856522798538,0.7744286954402924,0.6127856522798538,0.782806396484375,1.0,0.0,35.900230407714844,38.78658103942871,1,2,0.5,0.5,0.5
hf_github_codereview,2c21bb0f9b656968,1.0,1.0,1.0,1.0,1.0,1.0,0.0,47.25397491455078,47.25397491455078,1,1,1.0,1.0,1.0
hf_github_codereview,c4bbd337f11698cc,0.3998970687389374,0.3998970687389374,0.3998970687389374,0.3998970687389374,0.39989712834358215,0.3998970687389374,0.0,28.759469985961914,42.75986099243164,1,1,0.0,0.0,0.0
hf_github_codereview,12d52bfe9cb0d749,1.0,1.0,1.0,1.0,1.0,1.0,0.0,40.814971923828125,40.814971923828125,1,1,1.0,1.0,1.0
hf_github_codereview,b4028cf033fee766,0.8763106465339661,0.6581019312143326,0.43641743063926697,0.6581019312143326,0.7844529747962952,0.8763106465339661,0.0,26.809555053710938,30.619744300842285,1,2,0.5,0.5,0.5
hf_github_codereview,8f98d02ab53e52de,0.9881770610809326,0.6877797394990921,0.600794643163681,0.6877797394990921,0.8198287487030029,0.9881770610809326,0.0,34.874671936035156,30.619744300842285,1,2,0.5,0.5,0.5
hf_github_codereview,f97316fa0a230ce1,0.6754752397537231,0.6364423036575317,0.07806587219238281,0.6364423036575317,0.7024556398391724,0.6754752397537231,0.0,34.674842834472656,43.57181167602539,1,2,0.5,0.0,0.0
hf_github_codereview,dcc9a7bd3146d7d3,0.7966625094413757,0.4971953481435776,0.5989343225955963,0.4971953481435776,0.645980715751648,0.7966625094413757,0.0,42.72598648071289,38.11072540283203,1,2,0.5,0.5,0.0
hf_github_codereview,c816db505e6033ff,0.4388023912906647,0.42917077243328094,0.019263237714767456,0.42917077243328094,0.4998335838317871,0.4388023912906647,0.0,38.24887466430664,38.17258644104004,1,2,0.0,0.0,0.0
hf_github_codereview,a224b7073e8efa91,1.0,1.0,1.0,1.0,1.0,1.0,0.0,42.94320297241211,42.94320297241211,1,1,1.0,1.0,1.0
hf_github_codereview,38b3c67a94d56ed9,1.0,1.0,1.0,1.0,1.0,1.0,0.0,37.23530197143555,37.23530197143555,1,1,1.0,1.0,1.0
hf_github_codereview,5183c38449f63e56,1.0,1.0,1.0,1.0,1.0,1.0,0.0,33.51851272583008,33.51851272583008,1,1,1.0,1.0,1.0
hf_github_codereview,6394afd91e3b0e9a,1.0,1.0,1.0,1.0,1.0,1.0,0.0,34.73383712768555,34.73383712768555,1,1,1.0,1.0,1.0
hf_github_codereview,255f40293948ac73,0.08319422602653503,0.07566731795668602,0.015053816139698029,0.07566731795668602,0.09028711169958115,0.08319422602653503,0.0,22.025957107543945,36.14271354675293,1,2,0.0,0.0,0.0
hf_github_codereview,14a08dad6e4bc4f3,0.26121094822883606,0.24690783023834229,0.02860623598098755,0.24690783023834229,0.3076814115047455,0.26121094822883606,0.0,30.078754425048828,34.86551284790039,1,2,0.0,0.0,0.0
hf_github_codereview,217564a08f087349,0.8053053617477417,0.8053053617477417,0.8053053617477417,0.8053053617477417,0.8053053617477417,0.8053053617477417,0.0,23.17787742614746,25.98117446899414,1,1,1.0,1.0,1.0
hf_github_codereview,abb0a03cb66230e2,0.8169190883636475,0.4646841213107109,0.7044699341058731,0.4646841213107109,0.6247059106826782,0.8169190883636475,0.0,39.09861373901367,37.22227478027344,1,2,0.5,0.5,0.5
hf_github_codereview,ed8c7714231bb98d,0.9482854008674622,0.9482854008674622,0.9482854008674622,0.9482854008674622,0.9482854008674622,0.9482854008674622,0.0,36.80858612060547,36.87053298950195,1,1,1.0,1.0,1.0
hf_github_codereview,6e859c8e697ac95a,0.600117564201355,0.5137578845024109,0.17271935939788818,0.5137578845024109,0.5953963994979858,0.600117564201355,0.0,47.755409240722656,38.19807243347168,1,2,0.5,0.0,0.0
hf_github_codereview,514aae8fcfa529da,0.28699153661727905,0.28699153661727905,0.28699153661727905,0.28699153661727905,0.28699156641960144,0.28699153661727905,0.0,35.930416107177734,41.0725212097168,1,1,0.0,0.0,0.0
hf_github_codereview,bfa5a4c0f26a5452,1.0,1.0,1.0,1.0,1.0,1.0,0.0,19.12616729736328,19.12616729736328,1,1,1.0,1.0,1.0
hf_github_codereview,f5913a492fc528a7,0.5227676033973694,0.5227676033973694,0.5227676033973694,0.5227676033973694,0.5227676630020142,0.5227676033973694,0.0,29.055082321166992,39.85517501831055,1,1,0.0,0.0,0.0
hf_github_codereview,c19ec4c0c9b63008,0.5227676033973694,0.5227676033973694,0.5227676033973694,0.5227676033973694,0.5227676630020142,0.5227676033973694,0.0,29.055082321166992,39.85517501831055,1,1,0.0,0.0,0.0
hf_github_codereview,2a6b131390727ae9,0.3171379864215851,0.2739291191101074,0.08641773462295532,0.2739291191101074,0.35536468029022217,0.3171379864215851,0.0,42.836158752441406,38.121917724609375,1,2,0.0,0.0,0.0
hf_github_codereview,6c591b9753aa709d,0.08903665840625763,0.08903665840625763,0.08903665840625763,0.08903665840625763,0.08903665840625763,0.08903665840625763,0.0,32.86136245727539,37.94032669067383,1,1,0.0,0.0,0.0
hf_github_codereview,7eadf3fa1c5ccd5f,0.47478145360946655,0.47478145360946655,0.47478145360946655,0.47478145360946655,0.47478145360946655,0.47478145360946655,0.0,48.52344512939453,31.581602096557617,1,1,0.0,0.0,0.0
hf_github_codereview,8b310aa981054587,0.3597288131713867,0.3244890123605728,0.07047960162162781,0.3244890123605728,0.3582581877708435,0.3597288131713867,0.0,28.33879280090332,37.056867599487305,1,2,0.0,0.0,0.0
hf_github_codereview,f3dd826155219a48,0.7745919227600098,0.651692271232605,0.1411762237548828,0.651692271232605,0.7074231505393982,0.7745919227600098,0.0,43.499210357666016,46.68591562906901,1,3,0.6666666666666666,0.3333333333333333,0.0
hf_github_codereview,43733e227d47148e,0.9999998807907104,0.6279079765081406,0.7441838085651398,0.6279079765081406,0.7924063801765442,0.9999998807907104,0.0,29.903860092163086,29.713839530944824,1,2,0.5,0.5,0.5
hf_github_codereview,2da0c28cb5dd0803,1.0,1.0,1.0,1.0,1.0,1.0,0.0,36.28847122192383,36.28847122192383,1,1,1.0,1.0,1.0
hf_github_codereview,fb579daf70112138,0.9203985333442688,0.9203985333442688,0.9203985333442688,0.9203985333442688,0.9203984141349792,0.9203985333442688,0.0,35.15538024902344,36.089298248291016,1,1,1.0,1.0,1.0
hf_github_codereview,9758e1bb823c479b,0.801849365234375,0.801849365234375,0.801849365234375,0.801849365234375,0.8018494248390198,0.801849365234375,0.0,43.44597244262695,35.53620529174805,1,1,1.0,1.0,1.0
hf_github_codereview,9ad0ae780c07c9e4,0.6585784554481506,0.6585784554481506,0.6585784554481506,0.6585784554481506,0.6585785150527954,0.6585784554481506,0.0,39.175376892089844,35.53620529174805,1,1,1.0,0.0,0.0
hf_github_codereview,000554a49a94343b,0.8468586206436157,0.8468586206436157,0.8468586206436157,0.8468586206436157,0.8468586206436157,0.8468586206436157,0.0,29.96475601196289,30.77101707458496,1,1,1.0,1.0,1.0
hf_github_codereview,188a28d8c02a7ec5,1.0,0.8685904443264008,0.2628191113471985,0.8685904443264008,0.9319819808006287,1.0,0.0,47.387020111083984,48.858131408691406,1,2,1.0,1.0,0.5
hf_github_codereview,3d041991b31fca82,0.8809305429458618,0.8608950972557068,0.04007089138031006,0.8608950972557068,0.9237250089645386,0.8809305429458618,0.0,47.09324645996094,48.858131408691406,1,2,1.0,1.0,1.0
hf_github_codereview,280d789c323ff6da,1.0,1.0,1.0,1.0,1.0,1.0,0.0,47.387020111083984,47.387020111083984,1,1,1.0,1.0,1.0
hf_github_codereview,e05c44cbeca8824e,0.6437401175498962,0.6242571473121643,0.03896594047546387,0.6242571473121643,0.6385277509689331,0.6437401175498962,0.0,43.025543212890625,32.48537063598633,1,2,1.0,0.0,0.0
hf_github_codereview,c6162aae7238cbbb,0.48975834250450134,0.48975834250450134,0.48975834250450134,0.48975834250450134,0.48975834250450134,0.48975834250450134,0.0,46.234275817871094,43.01696014404297,1,1,0.0,0.0,0.0
hf_github_codereview,4e14496d5c9dfd5f,0.21421915292739868,0.2086329162120819,0.011172473430633545,0.2086329162120819,0.2745627164840698,0.21421915292739868,0.0,35.224849700927734,34.2368049621582,1,2,0.0,0.0,0.0
hf_github_codereview,103fa7b37105938b,0.9094263315200806,0.5398129721482595,0.4866597652435303,0.5398129721482595,0.7345951795578003,0.9094263315200806,0.0,47.753475189208984,35.940037409464516,1,3,0.3333333333333333,0.3333333333333333,0.3333333333333333
hf_github_codereview,c4e2efcd2b14555e,1.0,0.811134934425354,0.377730131149292,0.811134934425354,0.9006304144859314,1.0,0.0,33.54902648925781,33.85403823852539,1,2,1.0,0.5,0.5
hf_github_codereview,0ab37c3bbc571200,0.16685783863067627,0.1400035247206688,0.053708627820014954,0.1400035247206688,0.1809711754322052,0.16685783863067627,0.0,34.73952102661133,36.121116638183594,1,2,0.0,0.0,0.0
hf_github_codereview,4f3a616f71ade3db,0.635200023651123,0.38059575855731964,0.5092085301876068,0.38059575855731964,0.5266932249069214,0.635200023651123,0.0,33.579349517822266,33.70719909667969,1,2,0.5,0.0,0.0
hf_github_codereview,7c0dfb92bff1782b,0.6897077560424805,0.6897077560424805,0.6897077560424805,0.6897077560424805,0.6897077560424805,0.6897077560424805,0.0,31.346969604492188,30.286943435668945,1,1,1.0,0.0,0.0
hf_github_codereview,d6b11f5bef1abb2c,0.9239646196365356,0.9239646196365356,0.9239646196365356,0.9239646196365356,0.9239647388458252,0.9239646196365356,0.0,35.08863830566406,41.5048713684082,1,1,1.0,1.0,1.0
hf_github_codereview,bbfdbd636fe901ed,0.11292734742164612,0.11292734742164612,0.11292734742164612,0.11292734742164612,0.11292736232280731,0.11292734742164612,0.0,24.31747817993164,41.5048713684082,1,1,0.0,0.0,0.0
hf_github_codereview,1b81a8986c3eadfe,0.371321439743042,0.371321439743042,0.371321439743042,0.371321439743042,0.371321439743042,0.371321439743042,0.0,36.15209197998047,28.695384979248047,1,1,0.0,0.0,0.0
hf_github_codereview,30786d01d65ff932,0.3304428458213806,0.3304428458213806,0.3304428458213806,0.3304428458213806,0.3304428458213806,0.3304428458213806,0.0,36.15209197998047,37.910621643066406,1,1,0.0,0.0,0.0
hf_github_codereview,e11029693b000304,0.5187653303146362,0.5187653303146362,0.5187653303146362,0.5187653303146362,0.5187653303146362,0.5187653303146362,0.0,40.69091796875,46.85853958129883,1,1,0.0,0.0,0.0
hf_github_codereview,ffcf395dac0c35e0,0.9742833971977234,0.9742833971977234,0.9742833971977234,0.9742833971977234,0.9742835164070129,0.9742833971977234,0.0,39.80375289916992,41.074241638183594,1,1,1.0,1.0,1.0
hf_github_codereview,4aba7b8c0d74dba1,0.2207650989294052,0.18896666169166565,0.06359687447547913,0.18896666169166565,0.20755156874656677,0.2207650989294052,0.0,46.90068435668945,32.0176305770874,1,2,0.0,0.0,0.0
hf_github_codereview,8abdc533a573218e,0.9428807497024536,0.9428807497024536,0.9428807497024536,0.9428807497024536,0.9428807497024536,0.9428807497024536,0.0,26.44761085510254,32.5587272644043,1,1,1.0,1.0,1.0
hf_github_codereview,1e8019877e457813,0.6851203441619873,0.43495599428812665,0.32813555002212524,0.43495599428812665,0.5817319750785828,0.6851203441619873,0.0,41.4215202331543,44.72805913289388,1,3,0.3333333333333333,0.0,0.0
hf_github_codereview,eb4a5baf3b952281,0.32525506615638733,0.19872833788394928,0.2530534565448761,0.19872833788394928,0.2733542025089264,0.32525506615638733,0.0,45.30752182006836,31.94693374633789,1,2,0.0,0.0,0.0
hf_github_codereview,74662f3e39d9fca3,0.515097975730896,0.2947816774249077,0.4406325966119766,0.2947816774249077,0.41228175163269043,0.515097975730896,0.0,44.715389251708984,29.630342483520508,1,2,0.0,0.0,0.0
hf_github_codereview,2f0b899a8ce2a984,0.34127694368362427,0.21897997707128525,0.24459393322467804,0.21897997707128525,0.3062654733657837,0.34127694368362427,0.0,45.30752182006836,29.630342483520508,1,2,0.0,0.0,0.0
hf_github_codereview,1807e27b63ae1a9b,0.47972655296325684,0.2813023738563061,0.3968483582139015,0.2813023738563061,0.3869362473487854,0.47972655296325684,0.0,44.715389251708984,31.94693374633789,1,2,0.0,0.0,0.0
hf_github_codereview,f834b78296bbd7a2,0.2225964069366455,0.1382559146732092,0.16868098452687263,0.1382559146732092,0.18970198929309845,0.2225964069366455,0.0,41.30328369140625,42.34062957763672,1,2,0.0,0.0,0.0
hf_github_codereview,5c7f48ea96c899a5,0.3686813712120056,0.19411893095821142,0.3491248805075884,0.19411893095821142,0.2776857316493988,0.3686813712120056,0.0,43.11323928833008,32.02639961242676,1,2,0.0,0.0,0.0
hf_github_codereview,7a8c377647138c55,0.4410322308540344,0.4410322308540344,0.4410322308540344,0.4410322308540344,0.44103217124938965,0.4410322308540344,0.0,43.11323928833008,41.90034484863281,1,1,0.0,0.0,0.0
hf_github_codereview,f89033731dd40557,0.5247182846069336,0.5247182846069336,0.5247182846069336,0.5247182846069336,0.5247184038162231,0.5247182846069336,0.0,44.8115119934082,39.69703674316406,1,1,0.0,0.0,0.0
hf_github_codereview,318c5929620a64f7,0.3363807499408722,0.3363807499408722,0.3363807499408722,0.3363807499408722,0.3363807201385498,0.3363807499408722,0.0,35.67792892456055,32.818748474121094,1,1,0.0,0.0,0.0
hf_github_codereview,a6e1d0d5a30bb211,0.9759421348571777,0.6284447014331818,0.6949948668479919,0.6284447014331818,0.7903051376342773,0.9759421348571777,0.0,37.055320739746094,40.88397789001465,1,2,0.5,0.5,0.5
hf_github_codereview,d17bd0754aa7dc66,0.23858122527599335,0.23858122527599335,0.23858122527599335,0.23858122527599335,0.23858125507831573,0.23858122527599335,0.0,43.625213623046875,36.991981506347656,1,1,0.0,0.0,0.0
hf_github_codereview,a1ebbe2f91bf134d,0.4526820182800293,0.4372078627347946,0.03094831109046936,0.4372078627347946,0.5699164867401123,0.4526820182800293,0.0,37.553863525390625,33.934078216552734,1,2,0.0,0.0,0.0
hf_github_codereview,a987b27bfc3f7ac4,0.5464167594909668,0.3673924431204796,0.3580486327409744,0.3673924431204796,0.4778801202774048,0.5464167594909668,0.0,37.038169860839844,40.93807411193848,1,2,0.0,0.0,0.0
hf_github_codereview,afa24ad297d19b8b,0.9999999403953552,0.9999999403953552,0.9999999403953552,0.9999999403953552,1.0,0.9999999403953552,0.0,41.59548568725586,41.59548568725586,1,1,1.0,1.0,1.0
hf_github_codereview,7081598878cfea42,0.23507630825042725,0.23507630825042725,0.23507630825042725,0.23507630825042725,0.23507632315158844,0.23507630825042725,0.0,27.634857177734375,40.638858795166016,1,1,0.0,0.0,0.0
hf_github_codereview,338221fb7780396c,0.40251827239990234,0.24231354147195816,0.32040946185588837,0.24231354147195816,0.3448795676231384,0.40251827239990234,0.0,36.82449722290039,41.93397903442383,1,2,0.0,0.0,0.0
hf_github_codereview,31d3c30399fce3f4,0.6290090680122375,0.5175972729921341,0.2228235900402069,0.5175972729921341,0.6219364404678345,0.6290090680122375,0.0,39.78358459472656,40.93574905395508,1,2,0.5,0.0,0.0
hf_github_codereview,74f3a68edf2d7546,0.4753217101097107,0.33305470645427704,0.2845340073108673,0.33305470645427704,0.40019315481185913,0.4753217101097107,0.0,30.4666690826416,40.93574905395508,1,2,0.0,0.0,0.0
hf_github_codereview,bd97995a0a35af31,0.6119668483734131,0.6119668483734131,0.6119668483734131,0.6119668483734131,0.6119668483734131,0.6119668483734131,0.0,39.49488067626953,38.89072036743164,1,1,1.0,0.0,0.0
hf_github_codereview,d832bd6b2ac565d6,0.7640494704246521,0.7640494704246521,0.7640494704246521,0.7640494704246521,0.7640494704246521,0.7640494704246521,0.0,39.577816009521484,38.89072036743164,1,1,1.0,1.0,0.0
hf_github_codereview,e8f87fbaa685f7e7,0.6435500979423523,0.6435500979423523,0.6435500979423523,0.6435500979423523,0.6435500979423523,0.6435500979423523,0.0,39.162288665771484,34.602603912353516,1,1,1.0,0.0,0.0
hf_github_codereview,365187bde43df51c,0.8869713544845581,0.5914081931114197,0.5911263227462769,0.5914081931114197,0.7389845848083496,0.8869713544845581,0.0,41.49985885620117,36.521759033203125,1,2,0.5,0.5,0.5
hf_github_codereview,1a32e296f9ba60c4,0.746590793132782,0.45730774601300556,0.2529858946800232,0.45730774601300556,0.5913170576095581,0.746590793132782,0.0,40.10356903076172,38.274548848470054,1,3,0.3333333333333333,0.3333333333333333,0.0
hf_github_codereview,9abda997f47b2a1f,0.746590793132782,0.45730774601300556,0.2529858946800232,0.45730774601300556,0.5913170576095581,0.746590793132782,0.0,40.10356903076172,38.274548848470054,1,3,0.3333333333333333,0.3333333333333333,0.0
hf_github_codereview,fff4e815a50146de,0.9999998807907104,0.9999998807907104,0.9999998807907104,0.9999998807907104,1.0,0.9999998807907104,0.0,42.0014533996582,42.0014533996582,1,1,1.0,1.0,1.0
hf_github_codereview,462c219537cdf024,1.0,1.0,1.0,1.0,1.0,1.0,0.0,32.626522064208984,32.626522064208984,1,1,1.0,1.0,1.0
hf_github_codereview,a90f2ff7d7a712c5,1.0,1.0,1.0,1.0,1.0,1.0,0.0,30.065065383911133,30.065065383911133,1,1,1.0,1.0,1.0
hf_github_codereview,11a8a4291c7bba9a,0.4133756160736084,0.26617347076535225,0.2944042906165123,0.26617347076535225,0.37193775177001953,0.4133756160736084,0.0,35.382423400878906,35.10062789916992,1,2,0.0,0.0,0.0
hf_github_codereview,0c1799b2d3537207,1.0,0.5952804386615753,0.8094391226768494,0.5952804386615753,0.7715442180633545,1.0,0.0,33.11875534057617,37.2413272857666,1,2,0.5,0.5,0.5
hf_github_codereview,bb453b6e5f0e5d52,0.9999998807907104,0.5657990574836731,0.8684016466140747,0.5657990574836731,0.7521962523460388,0.9999998807907104,0.0,40.17781448364258,37.030195236206055,1,2,0.5,0.5,0.5
hf_github_codereview,7b8496c0ae41bb14,0.9999997615814209,0.9999997615814209,0.9999997615814209,0.9999997615814209,1.0,0.9999997615814209,0.0,39.88199234008789,39.88199234008789,1,1,1.0,1.0,1.0
hf_github_codereview,63608038fec6e84d,1.0,1.0,1.0,1.0,1.0,1.0,0.0,33.11875534057617,33.11875534057617,1,1,1.0,1.0,1.0
hf_github_codereview,edb591eecadf108b,1.0,1.0,1.0,1.0,1.0,1.0,0.0,33.11875534057617,33.11875534057617,1,1,1.0,1.0,1.0
hf_github_codereview,b3b066b724ce7905,1.0,0.7815030813217163,0.4369938373565674,0.7815030813217163,0.8840266466140747,1.0,0.0,41.3468017578125,39.539527893066406,1,2,0.5,0.5,0.5
hf_github_codereview,f3b41f5b0de3b039,0.9999999403953552,0.6955970724423727,0.4369937777519226,0.6955970724423727,0.7810051441192627,0.9999999403953552,0.0,37.73225402832031,40.89017868041992,1,3,0.3333333333333333,0.3333333333333333,0.3333333333333333
hf_github_codereview,5c676c631210c075,0.9999998211860657,0.7618924677371979,0.4762147068977356,0.7618924677371979,0.8728646039962769,0.9999998211860657,0.0,43.59148025512695,40.66186714172363,1,2,0.5,0.5,0.5
hf_github_codereview,543901c5e7844404,1.0,1.0,1.0,1.0,1.0,1.0,0.0,38.16202163696289,38.16202163696289,1,1,1.0,1.0,1.0
hf_github_codereview,74f730920bb97603,0.38478681445121765,0.38478681445121765,0.38478681445121765,0.38478681445121765,0.38478681445121765,0.38478681445121765,0.0,44.48210144042969,41.91025924682617,1,1,0.0,0.0,0.0
hf_github_codereview,bd82c8edb036c521,0.48234304785728455,0.4725819379091263,0.01952221989631653,0.4725819379091263,0.5914441347122192,0.48234304785728455,0.0,44.02862548828125,39.244998931884766,1,2,0.0,0.0,0.0
hf_github_codereview,cf9dd3c4a2064169,0.9996686577796936,0.5636461526155472,0.8720450103282928,0.5636461526155472,0.7504739761352539,0.9996686577796936,0.0,40.017513275146484,40.95817947387695,1,2,0.5,0.5,0.5
hf_github_codereview,28b435502e9be932,0.9986593723297119,0.42301702002684277,0.8267490863800049,0.42301702002684277,0.632351815700531,0.9986593723297119,0.0,41.240665435791016,40.21236928304037,1,3,0.3333333333333333,0.3333333333333333,0.3333333333333333
hf_github_codereview,01c099e68db32f69,1.0,0.5519245341420174,0.8961509317159653,0.5519245341420174,0.7429161667823792,1.0,0.0,19.896055221557617,25.59133815765381,1,2,0.5,0.5,0.5
hf_github_codereview,64e2ead756d052a2,0.1380811333656311,0.1380811333656311,0.1380811333656311,0.1380811333656311,0.1380811482667923,0.1380811333656311,0.0,40.07851791381836,30.71040153503418,1,1,0.0,0.0,0.0
hf_github_codereview,0a8465736ab96d28,0.9661452770233154,0.6264629364013672,0.6793646812438965,0.6264629364013672,0.7928024530410767,0.9661452770233154,0.0,28.561296463012695,36.35612487792969,1,2,0.5,0.5,0.5
hf_github_codereview,7cbea71e5939de92,0.920833170413971,0.920833170413971,0.920833170413971,0.920833170413971,0.920833170413971,0.920833170413971,0.0,47.745052337646484,45.30314636230469,1,1,1.0,1.0,1.0
hf_github_codereview,d2b85f607ed31b0f,0.9748778343200684,0.9748778343200684,0.9748778343200684,0.9748778343200684,0.9748778343200684,0.9748778343200684,0.0,39.490230560302734,41.224796295166016,1,1,1.0,1.0,1.0
hf_github_codereview,eda17a6b86a26708,0.759940505027771,0.759940505027771,0.759940505027771,0.759940505027771,0.759940505027771,0.759940505027771,0.0,28.590715408325195,24.584308624267578,1,1,1.0,1.0,0.0
hf_github_codereview,f20b4e0d6302b09f,0.6601406335830688,0.6601406335830688,0.6601406335830688,0.6601406335830688,0.6601406335830688,0.6601406335830688,0.0,28.965978622436523,33.38520431518555,1,1,1.0,0.0,0.0
hf_github_codereview,20b87ca028f4b32a,0.9026747941970825,0.6879059076309204,0.4295377731323242,0.6879059076309204,0.8212650418281555,0.9026747941970825,0.0,39.5358772277832,39.559749603271484,1,2,0.5,0.5,0.5
hf_github_codereview,e2c68428de084a8f,0.9999998807907104,0.9999998807907104,0.9999998807907104,0.9999998807907104,1.0,0.9999998807907104,0.0,22.94310760498047,22.94310760498047,1,1,1.0,1.0,1.0
hf_github_codereview,865a324977c27716,0.8709781169891357,0.8709781169891357,0.8709781169891357,0.8709781169891357,0.8709781169891357,0.8709781169891357,0.0,34.841087341308594,27.19028663635254,1,1,1.0,1.0,1.0
hf_github_codereview,78e9983514c4c3c6,0.3497125804424286,0.29151319712400436,0.11639876663684845,0.29151319712400436,0.3970556855201721,0.3497125804424286,0.0,35.07072830200195,36.20664405822754,1,2,0.0,0.0,0.0
hf_github_codereview,898122cba217b53d,0.8124021291732788,0.8124021291732788,0.8124021291732788,0.8124021291732788,0.8124020099639893,0.8124021291732788,0.0,41.22397994995117,37.07036590576172,1,1,1.0,1.0,1.0
hf_github_codereview,d07970e7d6c7bf49,0.8890593647956848,0.8890593647956848,0.8890593647956848,0.8890593647956848,0.88905930519104,0.8890593647956848,0.0,42.00642776489258,37.07036590576172,1,1,1.0,1.0,1.0
hf_github_codereview,b4088f46444213fb,0.7716838717460632,0.4250907637178898,0.6931862160563469,0.4250907637178898,0.5835145711898804,0.7716838717460632,0.0,40.9238395690918,38.69960021972656,1,2,0.5,0.5,0.0
hf_github_codereview,d4f3a98bae90d434,0.9999997019767761,0.9999997019767761,0.9999997019767761,0.9999997019767761,0.9999998807907104,0.9999997019767761,0.0,29.301271438598633,29.301271438598633,1,1,1.0,1.0,1.0
hf_github_codereview,430c01ab3b1b2cc2,0.8571795225143433,0.8571795225143433,0.8571795225143433,0.8571795225143433,0.8571796417236328,0.8571795225143433,0.0,30.345060348510742,41.8909797668457,1,1,1.0,1.0,1.0
hf_github_codereview,e7397d8b413cc39b,0.8882005214691162,0.8711544573307037,0.03409212827682495,0.8711544573307037,0.9040307998657227,0.8882005214691162,0.0,31.230144500732422,36.11802005767822,1,2,1.0,1.0,1.0
hf_github_codereview,26858dd8aa70f7ca,0.9086991548538208,0.882939338684082,0.05151963233947754,0.882939338684082,0.8909924030303955,0.9086991548538208,0.0,30.345060348510742,40.951725006103516,1,2,1.0,1.0,1.0
hf_github_codereview,fcd8fd683165f744,0.8882005214691162,0.8758267362912496,0.0030292272567749023,0.8758267362912496,0.9033581018447876,0.8882005214691162,0.0,31.230144500732422,37.41617012023926,1,3,1.0,1.0,1.0
hf_github_codereview,0e30ab103c6a75e1,1.0,0.9322998921076456,0.0913008451461792,0.91487255692482,0.9505159258842468,1.0,0.0,30.345060348510742,35.92503786087036,1,4,1.0,1.0,1.0
hf_github_codereview,3e1dd7a5c8329562,0.8882005214691162,0.8836948871612549,0.0030292272567749023,0.8836948871612549,0.9204429388046265,0.8882005214691162,0.0,31.230144500732422,37.41836738586426,1,3,1.0,1.0,1.0
hf_github_codereview,a64a10f572fd8f22,1.0,0.9322998921076456,0.0913008451461792,0.9027427732944489,0.9451030492782593,1.0,0.0,30.345060348510742,35.8713116645813,1,4,1.0,1.0,1.0
hf_github_codereview,e57a5c0e79478e29,0.8882005214691162,0.8836948871612549,0.0030292272567749023,0.8836948871612549,0.9204429388046265,0.8882005214691162,0.0,31.230144500732422,37.41836738586426,1,3,1.0,1.0,1.0
hf_github_codereview,6a940f93f8ebd031,0.8318578004837036,0.7549379269282023,0.09882712364196777,0.7549379269282023,0.7928448915481567,0.8318578004837036,0.0,32.93502426147461,34.49092547098795,1,3,1.0,0.6666666666666666,0.3333333333333333
hf_github_codereview,0c6169ee101c56b8,0.9999998211860657,0.804335743188858,0.3913281559944153,0.804335743188858,0.8968476057052612,0.9999998211860657,0.0,32.75544738769531,31.529298782348633,1,2,1.0,0.5,0.5
hf_github_codereview,572bb7fba8bed1a2,1.0,0.591000884771347,0.8179982304573059,0.591000884771347,0.768765926361084,1.0,0.0,40.825157165527344,42.509565353393555,1,2,0.5,0.5,0.5
hf_github_codereview,e320824a9d889e49,0.25987765192985535,0.25987765192985535,0.25987765192985535,0.25987765192985535,0.25987765192985535,0.25987765192985535,0.0,28.532941818237305,43.828758239746094,1,1,0.0,0.0,0.0
hf_github_codereview,73f7dcf0ffb21ba4,1.0,0.4864956686894099,0.6574426293373108,0.4864956686894099,0.7191435694694519,1.0,0.0,39.351768493652344,38.42698415120443,1,3,0.3333333333333333,0.3333333333333333,0.3333333333333333
hf_github_codereview,6a1497ed3d7ff784,0.9422532320022583,0.5561976432800293,0.772111177444458,0.5561976432800293,0.7245010137557983,0.9422532320022583,0.0,46.56571960449219,35.59138488769531,1,2,0.5,0.5,0.5
hf_github_codereview,889111b0868a365d,0.9425909519195557,0.9425909519195557,0.9425909519195557,0.9425909519195557,0.9425909519195557,0.9425909519195557,0.0,45.91923904418945,45.92900085449219,1,1,1.0,1.0,1.0
hf_github_codereview,24c8565f2123b5e6,0.8791961669921875,0.8791961669921875,0.8791961669921875,0.8791961669921875,0.8791961669921875,0.8791961669921875,0.0,41.02384567260742,45.92900085449219,1,1,1.0,1.0,1.0
hf_github_codereview,8d14bd483254ef91,0.6388264894485474,0.6388264894485474,0.6388264894485474,0.6388264894485474,0.6388265490531921,0.6388264894485474,0.0,40.34617614746094,43.05099868774414,1,1,1.0,0.0,0.0
hf_github_codereview,3fc48a633a3aaaf0,0.9999999403953552,0.9999999403953552,0.9999999403953552,0.9999999403953552,1.0,0.9999999403953552,0.0,45.3051872253418,45.3051872253418,1,1,1.0,1.0,1.0
hf_github_codereview,a292ef691e87ea34,0.7060573697090149,0.4789000153541565,0.4543147087097168,0.4789000153541565,0.6116725206375122,0.7060573697090149,0.0,37.53506851196289,36.39858150482178,1,2,0.5,0.5,0.0
hf_github_codereview,f2a69e1ed18d680b,0.6438232660293579,0.3807990501324336,0.33524709939956665,0.3807990501324336,0.569639265537262,0.6438232660293579,0.0,31.10066795349121,35.75812657674154,1,3,0.3333333333333333,0.0,0.0
hf_github_codereview,d5a8c66614ba02fa,0.1777658760547638,0.1692364364862442,0.017058879137039185,0.1692364364862442,0.2062918096780777,0.1777658760547638,0.0,27.693988800048828,34.99800968170166,1,2,0.0,0.0,0.0
hf_github_codereview,969c940781d87eae,0.7752393484115601,0.7752393484115601,0.7752393484115601,0.7752393484115601,0.7752394080162048,0.7752393484115601,0.0,33.61500549316406,32.209571838378906,1,1,1.0,1.0,0.0
hf_github_codereview,1a6cc6a42d18d540,0.9999995827674866,0.9999995827674866,0.9999995827674866,0.9999995827674866,0.9999998807907104,0.9999995827674866,0.0,34.66725540161133,34.66725540161133,1,1,1.0,1.0,1.0
hf_github_codereview,c0ded574dffe88e0,1.0,0.6254531443119049,0.7490937113761902,0.6254531443119049,0.7908560037612915,1.0,0.0,40.59657287597656,37.414241790771484,1,2,0.5,0.5,0.5
hf_github_codereview,06e995c76a75e09c,1.0,1.0,1.0,1.0,1.0,1.0,0.0,38.57924270629883,38.57924270629883,1,1,1.0,1.0,1.0
hf_github_codereview,b755201cc77900cd,0.3442036509513855,0.3442036509513855,0.3442036509513855,0.3442036509513855,0.3442036509513855,0.3442036509513855,0.0,25.346454620361328,35.97614669799805,1,1,0.0,0.0,0.0
hf_github_codereview,a6235e6e02364f31,0.9102796316146851,0.9102796316146851,0.9102796316146851,0.9102796316146851,0.9102796316146851,0.9102796316146851,0.0,35.58473587036133,35.97614669799805,1,1,1.0,1.0,1.0
hf_github_codereview,4ab0b6350326b2e9,1.0,0.598886176943779,0.802227646112442,0.598886176943779,0.7738774418830872,1.0,0.0,47.845054626464844,44.29294204711914,1,2,0.5,0.5,0.5
hf_github_codereview,591be84057c61c7d,0.10252711176872253,0.09999392181634903,0.005066379904747009,0.09999392181634903,0.13357305526733398,0.10252711176872253,0.0,36.34012222290039,40.23007392883301,1,2,0.0,0.0,0.0
hf_github_codereview,a4af5fa9f9968626,0.7537364363670349,0.5590382665395737,0.3893963396549225,0.5590382665395737,0.6602866649627686,0.7537364363670349,0.0,33.16344451904297,42.12407684326172,1,2,0.5,0.5,0.0
hf_github_codereview,082c6378d74f6c0e,1.0,0.6871320158243179,0.6257359683513641,0.6871320158243179,0.8289343118667603,1.0,0.0,40.26039505004883,37.0455207824707,1,2,0.5,0.5,0.5
hf_github_codereview,39eb4ae51c8b6446,0.5216561555862427,0.23370293279488882,0.42434974014759064,0.23370293279488882,0.32704007625579834,0.5216561555862427,0.0,23.27382469177246,38.27146657307943,1,3,0.0,0.0,0.0
hf_github_codereview,025793c1f685caec,0.9999998807907104,0.9999998807907104,0.9999998807907104,0.9999998807907104,0.9999999403953552,0.9999998807907104,0.0,44.115962982177734,44.115962982177734,1,1,1.0,1.0,1.0
hf_github_codereview,1892998f4ef74f64,0.3540835678577423,0.3416888564825058,0.024789422750473022,0.3416888564825058,0.38904911279678345,0.3540835678577423,0.0,39.97785568237305,36.475141525268555,1,2,0.0,0.0,0.0
hf_github_codereview,e6affb33e9320e59,0.4889812171459198,0.3201339989900589,0.3376944363117218,0.3201339989900589,0.41560524702072144,0.4889812171459198,0.0,35.621986389160156,29.6474609375,1,2,0.0,0.0,0.0
hf_github_codereview,f1fd695308c308dc,0.46706151962280273,0.46706151962280273,0.46706151962280273,0.46706151962280273,0.4670615792274475,0.46706151962280273,0.0,45.23398208618164,45.70573806762695,1,1,0.0,0.0,0.0
hf_github_codereview,daf0b1e1ea6686ec,1.0,1.0,1.0,1.0,1.0,1.0,0.0,40.795738220214844,40.795738220214844,1,1,1.0,1.0,1.0
hf_github_codereview,5356ca3297fe72b9,0.3346722722053528,0.3346722722053528,0.3346722722053528,0.3346722722053528,0.33467230200767517,0.3346722722053528,0.0,36.625343322753906,38.430213928222656,1,1,0.0,0.0,0.0
hf_github_codereview,36480b87dfbfea8e,0.22266703844070435,0.22266703844070435,0.22266703844070435,0.22266703844070435,0.22266703844070435,0.22266703844070435,0.0,33.850032806396484,32.017913818359375,1,1,0.0,0.0,0.0
hf_github_codereview,a4a796424094011b,0.4132729172706604,0.4132729172706604,0.4132729172706604,0.4132729172706604,0.4132729172706604,0.4132729172706604,0.0,46.7152214050293,35.00006866455078,1,1,0.0,0.0,0.0
hf_github_codereview,e4e308c775b78a9a,0.1492297649383545,0.1492297649383545,0.1492297649383545,0.1492297649383545,0.1492297649383545,0.1492297649383545,0.0,39.1975212097168,38.662715911865234,1,1,0.0,0.0,0.0
hf_github_codereview,7b43cb05ce269840,0.46690958738327026,0.46690958738327026,0.46690958738327026,0.46690958738327026,0.46690961718559265,0.46690958738327026,0.0,46.01986312866211,30.85556411743164,1,1,0.0,0.0,0.0
hf_github_codereview,4d754648dadcf6e6,0.5036892890930176,0.3621223568916321,0.283133864402771,0.3621223568916321,0.45666322112083435,0.5036892890930176,0.0,45.71635055541992,37.453097343444824,1,2,0.0,0.0,0.0
hf_github_codereview,b349d04b9ce4da00,0.18318739533424377,0.18318739533424377,0.18318739533424377,0.18318739533424377,0.18318739533424377,0.18318739533424377,0.0,33.06222152709961,34.79958724975586,1,1,0.0,0.0,0.0
hf_github_codereview,02784f37500df148,0.4836854338645935,0.4836854338645935,0.4836854338645935,0.4836854338645935,0.4836854636669159,0.4836854338645935,0.0,32.420101165771484,37.250343322753906,1,1,0.0,0.0,0.0
hf_github_codereview,5b0427dc2acd1d82,0.38001179695129395,0.3583799401919047,0.002508610486984253,0.3583799401919047,0.5362815856933594,0.38001179695129395,0.0,25.695512771606445,38.05485407511393,1,3,0.0,0.0,0.0
hf_github_codereview,94ac0565a1b004c3,0.9999997615814209,0.9999997615814209,0.9999997615814209,0.9999997615814209,0.9999997615814209,0.9999997615814209,0.0,34.79011154174805,34.79011154174805,1,1,1.0,1.0,1.0
hf_github_codereview,93cd398b8b65c20c,0.5279311537742615,0.20525529608130455,0.6453517153859138,0.20525529608130455,0.29710811376571655,0.5279311537742615,0.0,38.585723876953125,27.69016456604004,1,2,0.0,0.0,0.0
hf_github_codereview,0a29732b7b152f66,0.6736321449279785,0.6736321449279785,0.6736321449279785,0.6736321449279785,0.6736322641372681,0.6736321449279785,0.0,39.05815124511719,34.878379821777344,1,1,1.0,0.0,0.0
hf_github_codereview,2c34cdf5f5eb9972,0.11423487216234207,0.11423487216234207,0.11423487216234207,0.11423487216234207,0.11423487216234207,0.11423487216234207,0.0,42.766029357910156,40.25870895385742,1,1,0.0,0.0,0.0
hf_github_codereview,e4ec764bd8e68d85,0.19085760414600372,0.19085760414600372,0.19085760414600372,0.19085760414600372,0.19085760414600372,0.19085760414600372,0.0,34.73748779296875,32.65279006958008,1,1,0.0,0.0,0.0
hf_github_codereview,8aca661034a8c428,0.46499744057655334,0.2895391248166561,0.35091663151979446,0.2895391248166561,0.39509478211402893,0.46499744057655334,0.0,34.50381088256836,43.15913009643555,1,2,0.0,0.0,0.0
hf_github_codereview,4b5985a85f6102c9,0.7285566329956055,0.7285566329956055,0.7285566329956055,0.7285566329956055,0.7285566329956055,0.7285566329956055,0.0,33.27009963989258,39.8471565246582,1,1,1.0,1.0,0.0
hf_github_codereview,de52bfc67ed4f590,0.3932226598262787,0.3932226598262787,0.3932226598262787,0.3932226598262787,0.3932226598262787,0.3932226598262787,0.0,41.344215393066406,41.554656982421875,1,1,0.0,0.0,0.0
hf_github_codereview,a498be6cf84fa11d,0.26385387778282166,0.26385387778282166,0.26385387778282166,0.26385387778282166,0.26385390758514404,0.26385387778282166,0.0,41.299781799316406,41.554656982421875,1,1,0.0,0.0,0.0
hf_github_codereview,4effd34ecf35a365,0.9256060719490051,0.9256060719490051,0.9256060719490051,0.9256060719490051,0.9256061911582947,0.9256060719490051,0.0,34.41084289550781,41.554656982421875,1,1,1.0,1.0,1.0
hf_github_codereview,044aeeb953df9a23,0.5846705436706543,0.5846705436706543,0.5846705436706543,0.5846705436706543,0.5846705436706543,0.5846705436706543,0.0,45.53239059448242,38.06262969970703,1,1,0.0,0.0,0.0
hf_github_codereview,5f0be0da6f91feda,0.6876124143600464,0.4733498990535736,0.42852503061294556,0.4733498990535736,0.6204736232757568,0.6876124143600464,0.0,40.68720245361328,40.81233215332031,1,2,0.5,0.0,0.0
hf_github_codereview,28edd1c1f3ad8308,1.0,0.5088266680637995,0.7179936766624451,0.5088266680637995,0.7252520322799683,1.0,0.0,38.43063735961914,36.10405985514323,1,3,0.3333333333333333,0.3333333333333333,0.3333333333333333
hf_github_codereview,b016f5ed964fab44,0.5070080757141113,0.30508575091759366,0.17885062098503113,0.30508575091759366,0.4439780116081238,0.5070080757141113,0.0,35.433773040771484,43.43133544921875,1,3,0.0,0.0,0.0
hf_github_codereview,a4f9c4a45c95c73e,0.46116742491722107,0.3968806266784668,0.12857359647750854,0.3968806266784668,0.49007609486579895,0.46116742491722107,0.0,44.37270736694336,43.170101165771484,1,2,0.0,0.0,0.0
hf_github_codereview,5021664c661a5346,0.39855697751045227,0.39855697751045227,0.39855697751045227,0.39855697751045227,0.39855703711509705,0.39855697751045227,0.0,41.23031997680664,41.25487518310547,1,1,0.0,0.0,0.0
hf_github_codereview,fb60a32d388f18bf,0.6212905645370483,0.5831365287303925,0.07630807161331177,0.5831365287303925,0.6443028450012207,0.6212905645370483,0.0,39.68703079223633,42.53375244140625,1,2,0.5,0.0,0.0
hf_github_codereview,7c73ccbbc790fb4d,0.38889944553375244,0.38889944553375244,0.38889944553375244,0.38889944553375244,0.38889947533607483,0.38889944553375244,0.0,39.92392349243164,43.08312225341797,1,1,0.0,0.0,0.0
hf_github_codereview,ed00d9c768a24e0e,0.9580172300338745,0.5681981220841408,0.7796382158994675,0.5681981220841408,0.755755603313446,0.9580172300338745,0.0,35.95469284057617,31.136950492858887,1,2,0.5,0.5,0.5
hf_github_codereview,347ea9971f745ee8,0.7522279024124146,0.7522279024124146,0.7522279024124146,0.7522279024124146,0.7522279024124146,0.7522279024124146,0.0,36.093048095703125,39.18378829956055,1,1,1.0,1.0,0.0
hf_github_codereview,d48438cdfcbdd8a7,0.7720091938972473,0.7720091938972473,0.7720091938972473,0.7720091938972473,0.7720091938972473,0.7720091938972473,0.0,33.03780651092529,29.39988136291504,2,1,1.0,1.0,0.0
hf_github_codereview,6b3f248fd259c059,0.5636518001556396,0.5636518001556396,0.5636518001556396,0.5636518001556396,0.5636518001556396,0.5636518001556396,0.0,34.02315902709961,23.41640281677246,1,1,0.0,0.0,0.0
hf_github_codereview,50949ee77f45a682,0.9720104932785034,0.7448755502700806,0.4542698860168457,0.7448755502700806,0.8545711040496826,0.9720104932785034,0.0,34.27592086791992,40.251380920410156,1,2,0.5,0.5,0.5
hf_github_codereview,32930277d41bc4d1,0.4763934910297394,0.4763934910297394,0.4763934910297394,0.4763934910297394,0.4763934910297394,0.4763934910297394,0.0,36.08576202392578,32.51746368408203,1,1,0.0,0.0,0.0
hf_github_codereview,c17aee101cedbb21,0.13961194455623627,0.13961194455623627,0.13961194455623627,0.13961194455623627,0.13961192965507507,0.13961194455623627,0.0,46.501773834228516,34.99141311645508,1,1,0.0,0.0,0.0
hf_github_codereview,dc9c79b63665592c,0.11754200607538223,0.11754200607538223,0.11754200607538223,0.11754200607538223,0.11754200607538223,0.11754200607538223,0.0,41.85529327392578,36.49919128417969,1,1,0.0,0.0,0.0
hf_github_codereview,b8e515a7e7c6fa3b,0.1029556542634964,0.1029556542634964,0.1029556542634964,0.1029556542634964,0.1029556542634964,0.1029556542634964,0.0,43.02848434448242,35.67549133300781,1,1,0.0,0.0,0.0
hf_github_codereview,c91258301b33c9fc,0.36315393447875977,0.36315393447875977,0.36315393447875977,0.36315393447875977,0.36315399408340454,0.36315393447875977,0.0,34.20210647583008,36.06571578979492,1,1,0.0,0.0,0.0
hf_github_codereview,8b1859351cf8b350,0.8740959763526917,0.8740959763526917,0.8740959763526917,0.8740959763526917,0.8740960955619812,0.8740959763526917,0.0,45.14779281616211,43.57439041137695,1,1,1.0,1.0,1.0
hf_github_codereview,23cf01b419a6efa9,0.1504833996295929,0.1504833996295929,0.1504833996295929,0.1504833996295929,0.15048342943191528,0.1504833996295929,0.0,44.902957916259766,34.90836715698242,1,1,0.0,0.0,0.0
hf_github_codereview,9e69ac616269fff8,0.21142147481441498,0.21142147481441498,0.21142147481441498,0.21142147481441498,0.21142147481441498,0.21142147481441498,0.0,33.00609588623047,43.47794723510742,1,1,0.0,0.0,0.0
hf_github_codereview,26e9f970d0ae9f8e,0.9238427877426147,0.37043706700205803,0.7772242724895477,0.37043706700205803,0.5619855523109436,0.9238427877426147,0.0,44.253395080566406,38.02921485900879,1,3,0.3333333333333333,0.3333333333333333,0.3333333333333333
hf_github_codereview,9c719925bcbdddb8,0.9065666198730469,0.9065666198730469,0.9065666198730469,0.9065666198730469,0.9065666198730469,0.9065666198730469,0.0,42.07125473022461,48.82979965209961,1,1,1.0,1.0,1.0
hf_github_codereview,52b9984d6f1adcc1,0.9999998807907104,0.40344124535719555,0.8745421171188354,0.24603953287005426,0.34957796335220337,0.9999998807907104,0.0,26.658336639404297,28.836999893188477,1,5,0.2,0.2,0.2
hf_github_codereview,86ca6f13be4456de,0.5473587512969971,0.5473587512969971,0.5473587512969971,0.5473587512969971,0.5473587512969971,0.5473587512969971,0.0,27.508668899536133,37.74375534057617,1,1,0.0,0.0,0.0
hf_github_codereview,32803674906e73a4,0.7807447910308838,0.7807447910308838,0.7807447910308838,0.7807447910308838,0.7807447910308838,0.7807447910308838,0.0,34.549129486083984,37.74375534057617,1,1,1.0,1.0,0.0
hf_github_codereview,cb47bd3901444b43,0.23725822567939758,0.20360959072907767,0.03913430869579315,0.14250005544586616,0.2177114486694336,0.23725822567939758,0.0,26.657373428344727,35.146366292780094,1,11,0.0,0.0,0.0
hf_github_codereview,d08e6edffecc4261,0.15633317828178406,0.15633317828178406,0.15633317828178406,0.15633317828178406,0.15633320808410645,0.15633317828178406,0.0,25.55245018005371,34.03296661376953,1,1,0.0,0.0,0.0
hf_github_codereview,685ff7d490d7e6ca,0.2525324523448944,0.2525324523448944,0.2525324523448944,0.2525324523448944,0.252532422542572,0.2525324523448944,0.0,25.514209747314453,30.632083892822266,1,1,0.0,0.0,0.0
hf_github_codereview,c1d9befc75bcf827,0.2956429421901703,0.2863404452800751,0.01860499382019043,0.2863404452800751,0.3741452097892761,0.2956429421901703,0.0,38.703102111816406,34.0170202255249,1,2,0.0,0.0,0.0
hf_github_codereview,79f289cf5b660f61,0.14510244131088257,0.14510244131088257,0.14510244131088257,0.14510244131088257,0.14510241150856018,0.14510244131088257,0.0,42.579010009765625,40.4594841003418,1,1,0.0,0.0,0.0
hf_github_codereview,bddbd4a2ab339948,0.2513297200202942,0.22769515216350555,0.04726913571357727,0.22769515216350555,0.26296699047088623,0.2513297200202942,0.0,45.79656219482422,36.163551330566406,1,2,0.0,0.0,0.0
hf_github_codereview,9293b1a8e6bcc94b,0.07760228216648102,0.07760228216648102,0.07760228216648102,0.07760228216648102,0.07760228216648102,0.07760228216648102,0.0,42.32607650756836,36.11299133300781,1,1,0.0,0.0,0.0
hf_github_codereview,6f8e3496518ea0fa,1.0,0.674264520406723,0.651470959186554,0.674264520406723,0.8211359977722168,1.0,0.0,35.681766510009766,31.65422248840332,1,2,0.5,0.5,0.5
hf_github_codereview,302b8788bb60cf90,0.43767979741096497,0.43767979741096497,0.43767979741096497,0.43767979741096497,0.43767979741096497,0.43767979741096497,0.0,37.828590393066406,32.93994140625,1,1,0.0,0.0,0.0
hf_github_codereview,64f2f9a4ecff7add,0.14901548624038696,0.14901548624038696,0.14901548624038696,0.14901548624038696,0.14901548624038696,0.14901548624038696,0.0,35.06971740722656,40.14631271362305,1,1,0.0,0.0,0.0
hf_github_codereview,e6bc982f46fee053,0.25198668241500854,0.25198668241500854,0.25198668241500854,0.25198668241500854,0.25198668241500854,0.25198668241500854,0.0,40.08555603027344,43.43085479736328,1,1,0.0,0.0,0.0
hf_github_codereview,59f8660b19ac2917,0.0897948294878006,0.0897948294878006,0.0897948294878006,0.0897948294878006,0.0897948294878006,0.0897948294878006,0.0,27.626678466796875,42.16017150878906,1,1,0.0,0.0,0.0
hf_github_codereview,646d147f2414dfe5,0.28958696126937866,0.28958696126937866,0.28958696126937866,0.28958696126937866,0.28958696126937866,0.28958696126937866,0.0,36.3148078918457,41.231651306152344,1,1,0.0,0.0,0.0
hf_github_codereview,20a5dfc93e01cc71,0.24753235280513763,0.24753235280513763,0.24753235280513763,0.24753235280513763,0.24753235280513763,0.24753235280513763,0.0,37.89468002319336,42.93569564819336,1,1,0.0,0.0,0.0
hf_github_codereview,c60151fd356a1253,0.7398632764816284,0.7398632764816284,0.7398632764816284,0.7398632764816284,0.7398632764816284,0.7398632764816284,0.0,47.47244644165039,39.9006462097168,1,1,1.0,1.0,0.0
hf_github_codereview,467da3305e0a21b6,0.185353085398674,0.185353085398674,0.185353085398674,0.185353085398674,0.185353085398674,0.185353085398674,0.0,23.050661087036133,29.095746994018555,1,1,0.0,0.0,0.0
hf_github_codereview,1e6fa1530cf6ffff,0.5338305234909058,0.5338305234909058,0.5338305234909058,0.5338305234909058,0.5338305234909058,0.5338305234909058,0.0,39.09421920776367,27.294832229614258,1,1,0.0,0.0,0.0
hf_github_codereview,65abd85d6f0552d6,0.6248205900192261,0.3655462736884753,0.2732645273208618,0.3655462736884753,0.559562623500824,0.6248205900192261,0.0,44.8687629699707,45.264837900797524,1,3,0.3333333333333333,0.0,0.0
hf_github_codereview,c59bd4df79c0e1fd,0.9054074287414551,0.35390883901466924,0.7509824335575104,0.35390883901466924,0.5407180786132812,0.9054074287414551,0.0,49.83524703979492,43.148003896077476,1,3,0.3333333333333333,0.3333333333333333,0.3333333333333333
hf_github_codereview,6aa3adf70b864881,0.5710213780403137,0.4787938743829727,0.184455007314682,0.4787938743829727,0.622512698173523,0.5710213780403137,0.0,37.2864990234375,44.62916564941406,1,2,0.0,0.0,0.0
hf_github_codereview,cc308b7c93e66065,0.9999998807907104,0.9999998807907104,0.9999998807907104,0.9999998807907104,1.0,0.9999998807907104,0.0,45.03078079223633,45.03078079223633,1,1,1.0,1.0,1.0
hf_github_codereview,6aba0901cb9ce3d3,0.5563397407531738,0.5563397407531738,0.5563397407531738,0.5563397407531738,0.556339681148529,0.5563397407531738,0.0,41.25107192993164,42.82766342163086,1,1,0.0,0.0,0.0
hf_github_codereview,1f9e18baaaaf249a,0.2985561490058899,0.24303779751062393,0.11103670299053192,0.24303779751062393,0.3201826214790344,0.2985561490058899,0.0,40.71244812011719,42.553274154663086,1,2,0.0,0.0,0.0
hf_github_codereview,dccf005649b0c74d,0.7089291214942932,0.7089291214942932,0.7089291214942932,0.7089291214942932,0.7089291214942932,0.7089291214942932,0.0,47.11012268066406,44.19123077392578,1,1,1.0,1.0,0.0
hf_github_codereview,19e5b45e3eda87d8,0.1625802218914032,0.1625802218914032,0.1625802218914032,0.1625802218914032,0.1625802218914032,0.1625802218914032,0.0,44.21421813964844,42.66989517211914,1,1,0.0,0.0,0.0
hf_github_codereview,fce5b82e523e0b51,0.2994768023490906,0.19272543489933014,0.10725374519824982,0.19272543489933014,0.27458280324935913,0.2994768023490906,0.0,46.08576202392578,39.60224151611328,1,3,0.0,0.0,0.0
hf_github_codereview,1d30252709a05732,0.17977744340896606,0.15208645164966583,0.055381983518600464,0.15208645164966583,0.19655117392539978,0.17977744340896606,0.0,27.808021545410156,45.924957275390625,1,2,0.0,0.0,0.0
hf_github_codereview,977fda72097bd159,0.20468729734420776,0.15164327869812647,0.0249098539352417,0.15164327869812647,0.2211301624774933,0.20468729734420776,0.0,27.808021545410156,43.97266642252604,1,3,0.0,0.0,0.0
hf_github_codereview,fb2bfc053460f6cb,0.1996372789144516,0.16977039724588394,0.059733763337135315,0.16977039724588394,0.2247190773487091,0.1996372789144516,0.0,27.808021545410156,41.3444709777832,1,2,0.0,0.0,0.0
hf_github_codereview,689d1381a126ed8d,0.9225606322288513,0.9225606322288513,0.9225606322288513,0.9225606322288513,0.9225605130195618,0.9225606322288513,0.0,47.679237365722656,40.84332275390625,1,1,1.0,1.0,1.0
hf_github_codereview,7cbb8a4217bb4232,0.5981801748275757,0.5981801748275757,0.5981801748275757,0.5981801748275757,0.5981800556182861,0.5981801748275757,0.0,38.81974792480469,32.15987014770508,1,1,0.0,0.0,0.0
hf_github_codereview,a30fd22bb2fd83bc,0.5748687386512756,0.5748687386512756,0.5748687386512756,0.5748687386512756,0.5748687982559204,0.5748687386512756,0.0,42.358863830566406,34.643062591552734,1,1,0.0,0.0,0.0
hf_github_codereview,03d97b650f4cd6aa,0.2080765664577484,0.2080765664577484,0.2080765664577484,0.2080765664577484,0.2080765664577484,0.2080765664577484,0.0,41.480506896972656,36.22063064575195,1,1,0.0,0.0,0.0
hf_github_codereview,3eb037a62a6fbcb7,0.4388720691204071,0.38883474469184875,0.016557037830352783,0.34607766270637513,0.42196017503738403,0.4388720691204071,0.0,35.027503967285156,34.571844482421874,1,5,0.0,0.0,0.0
hf_github_codereview,3ed7d1c34f3f2a08,1.0,0.6478348970413208,0.7043302059173584,0.6478348970413208,0.8048819303512573,1.0,0.0,38.041419982910156,33.74757194519043,1,2,0.5,0.5,0.5
hf_github_codereview,25cfac26296e77c8,0.6536366939544678,0.6061360836029053,0.095001220703125,0.6061360836029053,0.6471440196037292,0.6536366939544678,0.0,33.539180755615234,36.83100700378418,1,2,0.5,0.0,0.0
hf_github_codereview,c0c27328934e8a52,0.178489550948143,0.178489550948143,0.178489550948143,0.178489550948143,0.178489550948143,0.178489550948143,0.0,43.84883117675781,35.12727355957031,1,1,0.0,0.0,0.0
hf_github_codereview,32825eef8e5962d9,1.0,0.5890204111735026,0.5620744824409485,0.5890204111735026,0.7860289216041565,1.0,0.0,38.846797943115234,40.47723261515299,1,3,0.3333333333333333,0.3333333333333333,0.3333333333333333
hf_github_codereview,d3e4f61f316d87f4,0.5337632894515991,0.5337632894515991,0.5337632894515991,0.5337632894515991,0.5337632894515991,0.5337632894515991,0.0,38.373783111572266,28.22507667541504,1,1,0.0,0.0,0.0
hf_github_codereview,6915ec2c08f87f37,0.21823357045650482,0.21823357045650482,0.21823357045650482,0.21823357045650482,0.21823357045650482,0.21823357045650482,0.0,40.095333099365234,35.12727355957031,1,1,0.0,0.0,0.0
hf_github_codereview,5a452962096f2031,0.1904936134815216,0.1833401918411255,0.014306843280792236,0.1833401918411255,0.23022997379302979,0.1904936134815216,0.0,29.200960159301758,35.85435962677002,1,2,0.0,0.0,0.0
hf_github_codereview,7a5bb1d257b0e2ce,0.32881051301956177,0.32881051301956177,0.32881051301956177,0.32881051301956177,0.32881051301956177,0.32881051301956177,0.0,36.74982833862305,24.155670166015625,1,1,0.0,0.0,0.0
hf_github_codereview,d9a2f6189f97aa69,0.7836543917655945,0.7836543917655945,0.7836543917655945,0.7836543917655945,0.7836543917655945,0.7836543917655945,0.0,30.628010749816895,25.459558486938477,2,1,1.0,1.0,0.0
hf_github_codereview,bd063944c5821863,0.2621394991874695,0.11759380251169205,0.28909139335155487,0.11759380251169205,0.1751195192337036,0.2621394991874695,0.0,40.85577392578125,32.60488319396973,1,2,0.0,0.0,0.0
hf_github_codereview,a27e1bfa66dd3536,0.9999998807907104,0.6002298966050148,0.7995399683713913,0.6002298966050148,0.7747450470924377,0.9999998807907104,0.0,23.401151657104492,34.26253795623779,1,2,0.5,0.5,0.5
hf_github_codereview,970901b3878eb825,1.0,0.6095485687255859,0.7809028625488281,0.6095485687255859,0.780735969543457,1.0,0.0,29.744321823120117,32.68438243865967,1,2,0.5,0.5,0.5
hf_github_codereview,431e7cab8e3a45fc,0.758384108543396,0.6422305703163147,0.2323070764541626,0.6422305703163147,0.7394919395446777,0.758384108543396,0.0,42.16565704345703,40.846601486206055,1,2,0.5,0.5,0.0
hf_github_codereview,3dc53652414cf195,0.9799782633781433,0.6364223261674246,0.3745550513267517,0.6364223261674246,0.8468219637870789,0.9799782633781433,0.0,34.97055435180664,33.944143295288086,1,3,0.6666666666666666,0.3333333333333333,0.3333333333333333
hf_github_codereview,90120efad8df4664,0.3989619016647339,0.2706732302904129,0.25657734274864197,0.2706732302904129,0.2887289524078369,0.3989619016647339,0.0,43.396080017089844,40.83192825317383,1,2,0.0,0.0,0.0
hf_github_codereview,428481838ec941e9,0.6124092936515808,0.6124092936515808,0.6124092936515808,0.6124092936515808,0.6124092936515808,0.6124092936515808,0.0,44.11771011352539,34.338932037353516,1,1,1.0,0.0,0.0
hf_github_codereview,9b20ba4958b6e8dd,0.26244252920150757,0.2558039352297783,0.013277187943458557,0.2558039352297783,0.3221603035926819,0.26244252920150757,0.0,36.31642150878906,35.04038143157959,1,2,0.0,0.0,0.0
hf_github_codereview,1dd22b3e3bb31c60,0.6776525974273682,0.6776525974273682,0.6776525974273682,0.6776525974273682,0.6776525974273682,0.6776525974273682,0.0,48.55111312866211,38.35218048095703,1,1,1.0,0.0,0.0
hf_github_codereview,78ea06031a4bfedf,0.5036879181861877,0.5036879181861877,0.5036879181861877,0.5036879181861877,0.5036879777908325,0.5036879181861877,0.0,22.084548950195312,34.49300765991211,1,1,0.0,0.0,0.0
hf_github_codereview,017fdd96cbc9ac9d,0.41537681221961975,0.41537681221961975,0.41537681221961975,0.41537681221961975,0.41537681221961975,0.41537681221961975,0.0,30.24577522277832,36.212345123291016,1,1,0.0,0.0,0.0
hf_github_codereview,24e379054c2a0cc7,0.7984647750854492,0.7984647750854492,0.7984647750854492,0.7984647750854492,0.798464834690094,0.7984647750854492,0.0,42.80796432495117,38.01700210571289,1,1,1.0,1.0,0.0
hf_github_codereview,0d9f94557b79489b,0.3663772940635681,0.29032281786203384,0.15210895240306854,0.29032281786203384,0.37016206979751587,0.3663772940635681,0.0,39.750450134277344,32.47777843475342,1,2,0.0,0.0,0.0
hf_github_codereview,904a74379fb81119,0.9251800179481506,0.9251800179481506,0.9251800179481506,0.9251800179481506,0.9251800179481506,0.9251800179481506,0.0,47.071868896484375,45.95100784301758,1,1,1.0,1.0,1.0
hf_github_codereview,fac881a56b93d614,0.3428538739681244,0.2662234231829643,0.15326090157032013,0.2662234231829643,0.3214198052883148,0.3428538739681244,0.0,32.44355010986328,34.56976795196533,1,2,0.0,0.0,0.0
hf_github_codereview,b78f0aefc2b5c185,0.5216584205627441,0.32069433107972145,0.4019281789660454,0.32069433107972145,0.4294586479663849,0.5216584205627441,0.0,38.35226821899414,25.994200706481934,1,2,0.0,0.0,0.0
hf_github_codereview,4b24c3639d012351,0.3663772940635681,0.29032281786203384,0.15210895240306854,0.29032281786203384,0.37016206979751587,0.3663772940635681,0.0,39.750450134277344,32.47777843475342,1,2,0.0,0.0,0.0
hf_github_codereview,8dd3e96de631df98,0.3428538739681244,0.2662234231829643,0.15326090157032013,0.2662234231829643,0.3214198052883148,0.3428538739681244,0.0,32.44355010986328,34.56976795196533,1,2,0.0,0.0,0.0
hf_github_codereview,7de93449ff185c45,0.5216584205627441,0.32069433107972145,0.4019281789660454,0.32069433107972145,0.4294586479663849,0.5216584205627441,0.0,38.35226821899414,25.994200706481934,1,2,0.0,0.0,0.0
hf_github_codereview,13acb38f2c65a5ef,0.9251800179481506,0.9251800179481506,0.9251800179481506,0.9251800179481506,0.9251800179481506,0.9251800179481506,0.0,47.071868896484375,45.95100784301758,1,1,1.0,1.0,1.0
hf_github_codereview,a1f5594e1963c743,0.9655249118804932,0.9655249118804932,0.9655249118804932,0.9655249118804932,0.9655250310897827,0.9655249118804932,0.0,39.55912399291992,41.06429672241211,1,1,1.0,1.0,1.0
hf_github_codereview,0ae9e475b9c8d604,0.5364121794700623,0.4360038638114929,0.20081663131713867,0.4360038638114929,0.47390103340148926,0.5364121794700623,0.0,47.071868896484375,30.75274085998535,1,2,0.0,0.0,0.0
hf_github_codereview,38aa4005fb04095b,0.5364121794700623,0.4360038638114929,0.20081663131713867,0.4360038638114929,0.47390103340148926,0.5364121794700623,0.0,47.071868896484375,30.75274085998535,1,2,0.0,0.0,0.0
hf_github_codereview,47d2fd04afdc3198,0.281035840511322,0.24038073420524597,0.0813102126121521,0.24038073420524597,0.25783994793891907,0.281035840511322,0.0,42.766265869140625,31.704800605773926,1,2,0.0,0.0,0.0
hf_github_codereview,c36d4014c314ab7a,0.37593138217926025,0.37593138217926025,0.37593138217926025,0.37593138217926025,0.37593138217926025,0.37593138217926025,0.0,36.98037338256836,26.071577072143555,1,1,0.0,0.0,0.0
hf_github_codereview,9e5559a9492d4e66,0.4306807816028595,0.4306807816028595,0.4306807816028595,0.4306807816028595,0.4306807816028595,0.4306807816028595,0.0,38.54331970214844,25.859434127807617,1,1,0.0,0.0,0.0
hf_github_codereview,ccf28a898be800b2,0.3085539937019348,0.2642400860786438,0.08862781524658203,0.2642400860786438,0.27927955985069275,0.3085539937019348,0.0,42.766265869140625,30.48074722290039,1,2,0.0,0.0,0.0
hf_github_codereview,f742315e7f927617,0.38339969515800476,0.38339969515800476,0.38339969515800476,0.38339969515800476,0.38339969515800476,0.38339969515800476,0.0,36.892696380615234,26.071577072143555,1,1,0.0,0.0,0.0
hf_github_codereview,19b03c6bcd051832,0.4049772620201111,0.4049772620201111,0.4049772620201111,0.4049772620201111,0.4049772620201111,0.4049772620201111,0.0,45.6533203125,25.859434127807617,1,1,0.0,0.0,0.0
hf_github_codereview,d4f4bc0e30ba0cd3,0.3085539937019348,0.2642400860786438,0.08862781524658203,0.2642400860786438,0.27927955985069275,0.3085539937019348,0.0,42.766265869140625,30.48074722290039,1,2,0.0,0.0,0.0
hf_github_codereview,04f3bbbe9af3d94d,0.9874798059463501,0.6334179043769836,0.7081238031387329,0.6334179043769836,0.7962220907211304,0.9874798059463501,0.0,42.1416130065918,42.41728591918945,1,2,0.5,0.5,0.5
hf_github_codereview,d9f6cc6ac6783fcc,0.05625249072909355,0.05625249072909355,0.05625249072909355,0.05625249072909355,0.05625249072909355,0.05625249072909355,0.0,20.50503921508789,44.120155334472656,1,1,0.0,0.0,0.0
hf_github_codereview,7e1a2f55ad6df83b,0.05625249072909355,0.05625249072909355,0.05625249072909355,0.05625249072909355,0.05625249072909355,0.05625249072909355,0.0,20.50503921508789,44.120155334472656,1,1,0.0,0.0,0.0
hf_github_codereview,53d72d325aa26872,0.9995715618133545,0.507098556496203,0.9849460106343031,0.507098556496203,0.7120217084884644,0.9995715618133545,0.0,48.92280197143555,38.32131004333496,1,2,0.5,0.5,0.5
hf_github_codereview,b7863940c37ed838,0.2719610929489136,0.2719610929489136,0.2719610929489136,0.2719610929489136,0.27196112275123596,0.2719610929489136,0.0,32.44355010986328,35.958587646484375,1,1,0.0,0.0,0.0
hf_github_codereview,9414036457a5bb5f,0.5520327687263489,0.33135731890797615,0.44135089963674545,0.33135731890797615,0.4661453068256378,0.5520327687263489,0.0,24.814315795898438,35.793222427368164,1,2,0.0,0.0,0.0
hf_github_codereview,cf9366d03e411e71,0.2719610929489136,0.2719610929489136,0.2719610929489136,0.2719610929489136,0.27196112275123596,0.2719610929489136,0.0,32.44355010986328,35.958587646484375,1,1,0.0,0.0,0.0
hf_github_codereview,1b7deeb64ecbc83e,0.8471534252166748,0.456413920968771,0.7814790084958076,0.456413920968771,0.6408549547195435,0.8471534252166748,0.0,37.94392395019531,38.32131004333496,1,2,0.5,0.5,0.5
hf_github_codereview,4445e26bef480347,0.3533738851547241,0.2731267958879471,0.16049417853355408,0.2731267958879471,0.3479669690132141,0.3533738851547241,0.0,35.15816879272461,37.188079833984375,1,2,0.0,0.0,0.0
hf_github_codereview,ab245d8ea3277230,0.24089616537094116,0.24089616537094116,0.24089616537094116,0.24089616537094116,0.24089616537094116,0.24089616537094116,0.0,28.29998207092285,30.991718292236328,1,1,0.0,0.0,0.0
hf_github_codereview,86dccdf3eadd0876,0.9909707903862,0.9909707903862,0.9909707903862,0.9909707903862,0.9909706115722656,0.9909707903862,0.0,45.46289825439453,45.86549758911133,1,1,1.0,1.0,1.0
hf_github_codereview,238da0ccaa2a8dd6,0.8122075796127319,0.5366928726434708,0.5510294139385223,0.5366928726434708,0.6562612056732178,0.8122075796127319,0.0,47.6204719543457,36.98601531982422,1,2,0.5,0.5,0.5
hf_github_codereview,dfaef8f5ec365c49,0.9999997615814209,0.9999997615814209,0.9999997615814209,0.9999997615814209,0.9999998807907104,0.9999997615814209,0.0,29.87959098815918,29.87959098815918,1,1,1.0,1.0,1.0
hf_github_codereview,ff576e62961ab111,0.9028744697570801,0.9028744697570801,0.9028744697570801,0.9028744697570801,0.9028745889663696,0.9028744697570801,0.0,47.6204719543457,40.65287780761719,1,1,1.0,1.0,1.0
hf_github_codereview,a19580e2afc30afa,0.45153456926345825,0.3269523282845815,0.14245527982711792,0.3269523282845815,0.4829813241958618,0.45153456926345825,0.0,40.7981071472168,45.52536646525065,1,3,0.0,0.0,0.0
hf_github_codereview,9262039fbf1a0a15,0.5525407791137695,0.41493016481399536,0.27522122859954834,0.41493016481399536,0.4673044681549072,0.5525407791137695,0.0,40.347652435302734,30.840846061706543,1,2,0.0,0.0,0.0
hf_github_codereview,02360cbf1f46c80c,0.9094024896621704,0.5742731466889381,0.6702586859464645,0.5742731466889381,0.7202821969985962,0.9094024896621704,0.0,43.50193786621094,47.47564125061035,1,2,0.5,0.5,0.5
hf_github_codereview,29ac72c69bc5bbf7,0.8040536642074585,0.5193996429443359,0.5693080425262451,0.5193996429443359,0.648446798324585,0.8040536642074585,0.0,43.44998550415039,39.729774475097656,1,2,0.5,0.5,0.5
hf_github_codereview,f102c03435139bb3,0.6460098028182983,0.6460098028182983,0.6460098028182983,0.6460098028182983,0.6460098028182983,0.6460098028182983,0.0,34.782737731933594,27.970375061035156,1,1,1.0,0.0,0.0
hf_github_codereview,b2d97f6a5fc1e123,0.5022809505462646,0.5022809505462646,0.5022809505462646,0.5022809505462646,0.5022809505462646,0.5022809505462646,0.0,49.0073127746582,28.171417236328125,1,1,0.0,0.0,0.0
hf_github_codereview,abc18d77c801a5cf,0.6203585863113403,0.6203585863113403,0.6203585863113403,0.6203585863113403,0.6203585863113403,0.6203585863113403,0.0,39.72256851196289,27.970375061035156,1,1,1.0,0.0,0.0
hf_github_codereview,d819b48fc61a9c08,0.5225313901901245,0.5225313901901245,0.5225313901901245,0.5225313901901245,0.5225313901901245,0.5225313901901245,0.0,48.54062271118164,28.171417236328125,1,1,0.0,0.0,0.0
hf_github_codereview,930e021d8be01d4c,0.4291662275791168,0.31628797948360443,0.22575649619102478,0.31628797948360443,0.3875207304954529,0.4291662275791168,0.0,42.76742935180664,36.17496299743652,1,2,0.0,0.0,0.0
hf_github_codereview,09505ab32d23c5b0,0.41649460792541504,0.41649460792541504,0.41649460792541504,0.41649460792541504,0.41649460792541504,0.41649460792541504,0.0,42.379486083984375,25.916584014892578,1,1,0.0,0.0,0.0
hf_github_codereview,bfc9e32dcc93b061,0.36894676089286804,0.36894676089286804,0.36894676089286804,0.36894676089286804,0.36894676089286804,0.36894676089286804,0.0,39.06685256958008,24.421998977661133,1,1,0.0,0.0,0.0
hf_github_codereview,034c30ae5dfb581d,0.3988294303417206,0.3988294303417206,0.3988294303417206,0.3988294303417206,0.3988294303417206,0.3988294303417206,0.0,44.186622619628906,25.343751907348633,1,1,0.0,0.0,0.0
hf_github_codereview,5066edd420794c30,0.8481603860855103,0.43962261639535427,0.817075539380312,0.43962261639535427,0.6325971484184265,0.8481603860855103,0.0,32.73686218261719,28.16239833831787,1,2,0.5,0.5,0.5
hf_github_codereview,0455586ab55328c9,0.36894676089286804,0.36894676089286804,0.36894676089286804,0.36894676089286804,0.36894676089286804,0.36894676089286804,0.0,39.06685256958008,24.421998977661133,1,1,0.0,0.0,0.0
hf_github_codereview,9d4ec173471e1ea8,0.04149002581834793,0.04149002581834793,0.04149002581834793,0.04149002581834793,0.041490018367767334,0.04149002581834793,0.0,20.667062759399414,25.651092529296875,1,1,0.0,0.0,0.0
hf_github_codereview,05b2d2d3fae42347,0.04149002581834793,0.04149002581834793,0.04149002581834793,0.04149002581834793,0.041490018367767334,0.04149002581834793,0.0,20.667062759399414,25.651092529296875,1,1,0.0,0.0,0.0
hf_github_codereview,1c9e6f0cdecded42,0.48428523540496826,0.36919865012168884,0.23017317056655884,0.36919865012168884,0.4261969327926636,0.48428523540496826,0.0,34.27154541015625,35.310309410095215,1,2,0.0,0.0,0.0
hf_github_codereview,27e5d72ff344c21b,0.39222240447998047,0.39222240447998047,0.39222240447998047,0.39222240447998047,0.39222246408462524,0.39222240447998047,0.0,45.89728927612305,31.48179054260254,1,1,0.0,0.0,0.0
hf_github_codereview,e8568b596717802c,0.9702661037445068,0.9702661037445068,0.9702661037445068,0.9702661037445068,0.9702661037445068,0.9702661037445068,0.0,35.20625686645508,34.98408508300781,1,1,1.0,1.0,1.0
hf_github_codereview,6a4deb44214e2497,0.8596782684326172,0.8596782684326172,0.8596782684326172,0.8596782684326172,0.8596781492233276,0.8596782684326172,0.0,31.39326286315918,25.452363967895508,1,1,1.0,1.0,1.0
hf_github_codereview,78db22535a359612,0.8975651264190674,0.8975651264190674,0.8975651264190674,0.8975651264190674,0.8975652456283569,0.8975651264190674,0.0,22.253965377807617,23.907377243041992,1,1,1.0,1.0,1.0
hf_github_codereview,766ea0349d757726,0.6448033452033997,0.6448033452033997,0.6448033452033997,0.6448033452033997,0.6448033452033997,0.6448033452033997,0.0,43.837337493896484,46.642791748046875,1,1,1.0,0.0,0.0
hf_github_codereview,bd0d0dff2b0f09c9,0.18895673751831055,0.14459428191184998,0.08872491121292114,0.14459428191184998,0.16900579631328583,0.18895673751831055,0.0,42.54128646850586,38.85890007019043,1,2,0.0,0.0,0.0
hf_github_codereview,361ceaffa1e066a4,0.3353169560432434,0.3353169560432434,0.3353169560432434,0.3353169560432434,0.3353169560432434,0.3353169560432434,0.0,36.507686614990234,38.88957214355469,1,1,0.0,0.0,0.0
hf_github_codereview,43a420d88ccb2c5e,0.8521139025688171,0.8521139025688171,0.8521139025688171,0.8521139025688171,0.8521139025688171,0.8521139025688171,0.0,35.65364456176758,36.18946838378906,1,1,1.0,1.0,1.0
hf_github_codereview,32a5aba744c0b35e,0.7008705139160156,0.5936436355113983,0.21445375680923462,0.5936436355113983,0.6922693848609924,0.7008705139160156,0.0,41.943031311035156,42.025272369384766,1,2,0.5,0.5,0.0
hf_github_codereview,72080c17b61267ad,0.9934158325195312,0.6948463618755341,0.5971389412879944,0.6948463618755341,0.829073429107666,0.9934158325195312,0.0,44.43543243408203,43.27310752868652,1,2,0.5,0.5,0.5
hf_github_codereview,496d8c97584506c0,0.17651167511940002,0.17651167511940002,0.17651167511940002,0.17651167511940002,0.17651167511940002,0.17651167511940002,0.0,34.87941360473633,25.872787475585938,1,1,0.0,0.0,0.0
hf_github_codereview,7b8378ef117a0e0a,0.9934158325195312,0.6948463618755341,0.5971389412879944,0.6948463618755341,0.829073429107666,0.9934158325195312,0.0,44.43543243408203,43.27310752868652,1,2,0.5,0.5,0.5
hf_github_codereview,f16445a25ec07da7,0.9425053000450134,0.6960341930389404,0.492942214012146,0.6960341930389404,0.8116707801818848,0.9425053000450134,0.0,43.70686721801758,42.025272369384766,1,2,0.5,0.5,0.5
hf_github_codereview,0a086431cfa04731,0.8521139025688171,0.8521139025688171,0.8521139025688171,0.8521139025688171,0.8521139025688171,0.8521139025688171,0.0,35.65364456176758,36.18946838378906,1,1,1.0,1.0,1.0
hf_github_codereview,41ef7c19f51da305,0.17651167511940002,0.17651167511940002,0.17651167511940002,0.17651167511940002,0.17651167511940002,0.17651167511940002,0.0,34.87941360473633,25.872787475585938,1,1,0.0,0.0,0.0
hf_github_codereview,64e1e89cfcf6068a,0.610669732093811,0.34662293642759323,0.5280935913324356,0.34662293642759323,0.4838806986808777,0.610669732093811,0.0,44.492374420166016,34.20724582672119,1,2,0.5,0.0,0.0
hf_github_codereview,bd43c9090a09a888,0.9999998807907104,0.7024115920066833,0.5951765775680542,0.7024115920066833,0.838100016117096,0.9999998807907104,0.0,44.81894302368164,43.27310752868652,1,2,0.5,0.5,0.5
hf_github_codereview,1bb1df659ff20889,0.8782085180282593,0.5847526043653488,0.5869118273258209,0.5847526043653488,0.7316991090774536,0.8782085180282593,0.0,39.84745407104492,39.956525802612305,1,2,0.5,0.5,0.5
hf_github_codereview,b70cbc7709677de5,0.7263236045837402,0.7263236045837402,0.7263236045837402,0.7263236045837402,0.7263236045837402,0.7263236045837402,0.0,42.477420806884766,25.86725425720215,1,1,1.0,1.0,0.0
hf_github_codereview,5ce0ff3d3cbb2a72,0.7972357869148254,0.7972357869148254,0.7972357869148254,0.7972357869148254,0.7972358465194702,0.7972357869148254,0.0,40.0167350769043,35.51091384887695,1,1,1.0,1.0,0.0
hf_github_codereview,3702e15001ca9f1e,0.8726089000701904,0.8726089000701904,0.8726089000701904,0.8726089000701904,0.8726089596748352,0.8726089000701904,0.0,39.81791687011719,40.256248474121094,1,1,1.0,1.0,1.0
hf_github_codereview,7f042799cb8334d1,0.4346157908439636,0.390411376953125,0.08840882778167725,0.390411376953125,0.4523423910140991,0.4346157908439636,0.0,44.73102569580078,41.17466926574707,1,2,0.0,0.0,0.0
hf_github_codereview,61d8bababeb70be2,0.518145740032196,0.518145740032196,0.518145740032196,0.518145740032196,0.518145740032196,0.518145740032196,0.0,42.43534851074219,42.64371871948242,1,1,0.0,0.0,0.0
hf_github_codereview,b0567348c10f9daf,0.5375936031341553,0.38148488104343414,0.31221744418144226,0.38148488104343414,0.4568878710269928,0.5375936031341553,0.0,46.19150924682617,39.05274963378906,1,2,0.0,0.0,0.0
hf_github_codereview,2a6061f3512555f3,0.706505537033081,0.706505537033081,0.706505537033081,0.706505537033081,0.7065055966377258,0.706505537033081,0.0,41.79710388183594,37.0217170715332,1,1,1.0,1.0,0.0
hf_github_codereview,6a41e737d47513c5,0.9412134885787964,0.9412134885787964,0.9412134885787964,0.9412134885787964,0.9412136077880859,0.9412134885787964,0.0,40.55278778076172,37.0217170715332,1,1,1.0,1.0,1.0
hf_github_codereview,3e9b811af560dfde,0.5175076723098755,0.5175076723098755,0.5175076723098755,0.5175076723098755,0.5175077319145203,0.5175076723098755,0.0,42.64604568481445,36.91094970703125,1,1,0.0,0.0,0.0
hf_github_codereview,cdac19559fc8077c,0.5877056121826172,0.5877056121826172,0.5877056121826172,0.5877056121826172,0.5877056121826172,0.5877056121826172,0.0,37.28770446777344,42.64371871948242,1,1,0.0,0.0,0.0
hf_github_codereview,6fa9f1202234cb18,0.6433426141738892,0.6433426141738892,0.6433426141738892,0.6433426141738892,0.6433426141738892,0.6433426141738892,0.0,33.281951904296875,42.64371871948242,1,1,1.0,0.0,0.0
hf_github_codereview,48b9b5cd49a77fc7,0.6321927309036255,0.4463125169277191,0.37176042795181274,0.4463125169277191,0.5708765387535095,0.6321927309036255,0.0,33.281951904296875,32.60153865814209,1,2,0.5,0.0,0.0
hf_github_codereview,71a2dc8850af2632,0.4973596930503845,0.4973596930503845,0.4973596930503845,0.4973596930503845,0.4973596930503845,0.4973596930503845,0.0,40.529422760009766,31.685401916503906,1,1,0.0,0.0,0.0
hf_github_codereview,a28993bc858f7522,0.4973596930503845,0.4973596930503845,0.4973596930503845,0.4973596930503845,0.4973596930503845,0.4973596930503845,0.0,40.529422760009766,31.685401916503906,1,1,0.0,0.0,0.0
hf_github_codereview,aa65d851ab14c807,0.9999998807907104,0.6170046254992485,0.7659905105829239,0.6170046254992485,0.7854964137077332,0.9999998807907104,0.0,45.142086029052734,45.80881690979004,1,2,0.5,0.5,0.5
hf_github_codereview,d3f9850a21868c68,0.9999998807907104,0.6170046254992485,0.7659905105829239,0.6170046254992485,0.7854964137077332,0.9999998807907104,0.0,45.142086029052734,45.80881690979004,1,2,0.5,0.5,0.5
hf_github_codereview,203bfcd395821e94,0.819025993347168,0.5364083051681519,0.5652353763580322,0.5364083051681519,0.6637248396873474,0.819025993347168,0.0,43.21394348144531,44.60961151123047,1,2,0.5,0.5,0.5
hf_github_codereview,ddeae3ecf9780311,0.6111149787902832,0.5100149214267731,0.20220011472702026,0.5100149214267731,0.5940873026847839,0.6111149787902832,0.0,42.268829345703125,43.96085548400879,1,2,0.5,0.0,0.0
hf_github_codereview,36bf95187da939bb,0.8310311436653137,0.8310311436653137,0.8310311436653137,0.8310311436653137,0.831031084060669,0.8310311436653137,0.0,46.296409606933594,49.221561431884766,1,1,1.0,1.0,1.0
hf_github_codereview,b60ba22cbee71929,0.6673434972763062,0.6673434972763062,0.6673434972763062,0.6673434972763062,0.6673433780670166,0.6673434972763062,0.0,47.020538330078125,49.221561431884766,1,1,1.0,0.0,0.0
hf_github_codereview,7c3babe4b4e64785,0.7740523815155029,0.7740523815155029,0.7740523815155029,0.7740523815155029,0.7740523815155029,0.7740523815155029,0.0,33.5064811706543,28.461021423339844,1,1,1.0,1.0,0.0
hf_github_codereview,5dbc37734a854c17,0.7165931463241577,0.7165931463241577,0.7165931463241577,0.7165931463241577,0.7165930271148682,0.7165931463241577,0.0,43.37986373901367,49.221561431884766,1,1,1.0,1.0,0.0
hf_github_codereview,f15b806d84faa2c0,0.49895188212394714,0.49895188212394714,0.49895188212394714,0.49895188212394714,0.49895188212394714,0.49895188212394714,0.0,38.858253479003906,45.705474853515625,1,1,0.0,0.0,0.0
hf_github_codereview,8b633fce232803fc,0.39901024103164673,0.39901024103164673,0.39901024103164673,0.39901024103164673,0.3990103006362915,0.39901024103164673,0.0,43.980995178222656,40.03987121582031,1,1,0.0,0.0,0.0
hf_github_codereview,e566ce2eb6ac041b,0.4910331964492798,0.4910331964492798,0.4910331964492798,0.4910331964492798,0.4910332262516022,0.4910331964492798,0.0,49.376399993896484,40.7841682434082,1,1,0.0,0.0,0.0
hf_github_codereview,5a47d4100b0c1cc1,0.7165732383728027,0.7165732383728027,0.7165732383728027,0.7165732383728027,0.7165733575820923,0.7165732383728027,0.0,41.55265808105469,40.7841682434082,1,1,1.0,1.0,0.0
hf_github_codereview,0b4f8a6a93230b37,0.9084169864654541,0.9084169864654541,0.9084169864654541,0.9084169864654541,0.9084169864654541,0.9084169864654541,0.0,36.28453826904297,40.7841682434082,1,1,1.0,1.0,1.0
hf_github_codereview,3e5d0b7ed2a1fa81,0.8253103494644165,0.8253103494644165,0.8253103494644165,0.8253103494644165,0.8253104090690613,0.8253103494644165,0.0,40.08457565307617,40.7841682434082,1,1,1.0,1.0,1.0
hf_github_codereview,6e7b2dbafb3035c9,0.41531240940093994,0.41531240940093994,0.41531240940093994,0.41531240940093994,0.41531240940093994,0.41531240940093994,0.0,39.001991271972656,40.82596969604492,1,1,0.0,0.0,0.0
hf_github_codereview,f717354c3cfc166f,0.36387908458709717,0.36387908458709717,0.36387908458709717,0.36387908458709717,0.36387908458709717,0.36387908458709717,0.0,38.16791534423828,40.82596969604492,1,1,0.0,0.0,0.0
hf_github_codereview,7cf810ca88f1705a,0.673022449016571,0.673022449016571,0.673022449016571,0.673022449016571,0.673022449016571,0.673022449016571,0.0,49.18621063232422,32.5921516418457,1,1,1.0,0.0,0.0
hf_github_codereview,42ac4f80e75d9d76,0.6380182504653931,0.474608451128006,0.32681959867477417,0.474608451128006,0.5675760507583618,0.6380182504653931,0.0,50.17667007446289,40.09779357910156,1,2,0.5,0.0,0.0
hf_github_codereview,1bf33753504d60f3,0.3038627505302429,0.3038627505302429,0.3038627505302429,0.3038627505302429,0.3038627505302429,0.3038627505302429,0.0,37.843929290771484,44.575225830078125,1,1,0.0,0.0,0.0
hf_github_codereview,b7e9df0eb804c2b5,0.6039875745773315,0.3629780262708664,0.4820190966129303,0.3629780262708664,0.46946483850479126,0.6039875745773315,0.0,49.329917907714844,40.03584861755371,1,2,0.5,0.0,0.0
hf_github_codereview,e2081f7652401c3b,0.6601710319519043,0.6601710319519043,0.6601710319519043,0.6601710319519043,0.6601711511611938,0.6601710319519043,0.0,42.034000396728516,42.801368713378906,1,1,1.0,0.0,0.0
hf_github_codereview,b5694b542c2cf39b,0.7807520627975464,0.42553912724057835,0.3287363052368164,0.42553912724057835,0.568361759185791,0.7807520627975464,0.0,47.56544876098633,33.465176264444985,1,3,0.3333333333333333,0.3333333333333333,0.0
hf_github_codereview,1aa7644d368ea43b,0.6542149782180786,0.2755160766343276,0.5404068157076836,0.2755160766343276,0.4186825752258301,0.6542149782180786,0.0,43.24007797241211,28.70492935180664,1,3,0.3333333333333333,0.0,0.0
hf_github_codereview,c2d89d0281ff1506,0.5313639640808105,0.2381566564242045,0.4197307378053665,0.2381566564242045,0.35384270548820496,0.5313639640808105,0.0,39.6695671081543,27.09981918334961,1,3,0.0,0.0,0.0
hf_github_codereview,4bd5d68679a88b1b,0.8035379648208618,0.4644074986378352,0.2911968231201172,0.4644074986378352,0.6202753782272339,0.8035379648208618,0.0,46.85361862182617,33.465176264444985,1,3,0.3333333333333333,0.3333333333333333,0.3333333333333333
hf_github_codereview,407860575f31504a,0.5881510972976685,0.5881510972976685,0.5881510972976685,0.5881510972976685,0.5881510972976685,0.5881510972976685,0.0,35.21707534790039,46.745941162109375,1,1,0.0,0.0,0.0
hf_github_codereview,bcba4ef5c338c8c5,0.5627791881561279,0.5627791881561279,0.5627791881561279,0.5627791881561279,0.5627791881561279,0.5627791881561279,0.0,47.968685150146484,42.7202033996582,1,1,0.0,0.0,0.0
hf_github_codereview,b1534e5cacb3f4bb,0.5627791881561279,0.5627791881561279,0.5627791881561279,0.5627791881561279,0.5627791881561279,0.5627791881561279,0.0,47.968685150146484,42.7202033996582,1,1,0.0,0.0,0.0
hf_github_codereview,85a2e03f6c2bd261,0.5627791881561279,0.5627791881561279,0.5627791881561279,0.5627791881561279,0.5627791881561279,0.5627791881561279,0.0,47.968685150146484,42.7202033996582,1,1,0.0,0.0,0.0
hf_github_codereview,575911eeef17810e,0.6519498825073242,0.6519498825073242,0.6519498825073242,0.6519498825073242,0.651949942111969,0.6519498825073242,0.0,47.968685150146484,43.245574951171875,1,1,1.0,0.0,0.0
hf_github_codereview,0dd64e53e5f2605c,0.6519498825073242,0.6519498825073242,0.6519498825073242,0.6519498825073242,0.651949942111969,0.6519498825073242,0.0,47.968685150146484,43.245574951171875,1,1,1.0,0.0,0.0
hf_github_codereview,3afeedba6ed6b618,0.5627791881561279,0.5627791881561279,0.5627791881561279,0.5627791881561279,0.5627791881561279,0.5627791881561279,0.0,47.968685150146484,42.7202033996582,1,1,0.0,0.0,0.0
hf_github_codereview,7ad35a967c0fd604,0.5627791881561279,0.5627791881561279,0.5627791881561279,0.5627791881561279,0.5627791881561279,0.5627791881561279,0.0,47.968685150146484,42.7202033996582,1,1,0.0,0.0,0.0
hf_github_codereview,0e8e395a595db16f,0.5627791881561279,0.5627791881561279,0.5627791881561279,0.5627791881561279,0.5627791881561279,0.5627791881561279,0.0,47.968685150146484,42.7202033996582,1,1,0.0,0.0,0.0
hf_github_codereview,e7808c47ef20744b,0.5627791881561279,0.5627791881561279,0.5627791881561279,0.5627791881561279,0.5627791881561279,0.5627791881561279,0.0,47.968685150146484,42.7202033996582,1,1,0.0,0.0,0.0
hf_github_codereview,9bbc639a896c0b47,0.5053284764289856,0.40122655034065247,0.20820385217666626,0.40122655034065247,0.45827290415763855,0.5053284764289856,0.0,43.95231246948242,39.92792320251465,1,2,0.0,0.0,0.0
hf_github_codereview,177b74498e724742,0.5053284764289856,0.40122655034065247,0.20820385217666626,0.40122655034065247,0.45827290415763855,0.5053284764289856,0.0,43.95231246948242,39.92792320251465,1,2,0.0,0.0,0.0
hf_github_codereview,717777da5938da55,0.26233604550361633,0.24441222846508026,0.035847634077072144,0.24441222846508026,0.30334100127220154,0.26233604550361633,0.0,43.95231246948242,30.821805000305176,1,2,0.0,0.0,0.0
hf_github_codereview,1ed73cf75130bf6e,0.6960362195968628,0.6140314340591431,0.16400957107543945,0.6140314340591431,0.7013343572616577,0.6960362195968628,0.0,46.62314224243164,39.92792320251465,1,2,0.5,0.0,0.0
hf_github_codereview,20ebdb67c878e60f,0.6960362195968628,0.6140314340591431,0.16400957107543945,0.6140314340591431,0.7013343572616577,0.6960362195968628,0.0,46.62314224243164,39.92792320251465,1,2,0.5,0.0,0.0
hf_github_codereview,a4ee76e13190e819,0.6960362195968628,0.6140314340591431,0.16400957107543945,0.6140314340591431,0.7013343572616577,0.6960362195968628,0.0,46.62314224243164,39.92792320251465,1,2,0.5,0.0,0.0
hf_github_codereview,cefecc1f7b8a52b0,0.6960362195968628,0.6180239319801331,0.15602457523345947,0.6180239319801331,0.7085584998130798,0.6960362195968628,0.0,46.62314224243164,39.51513862609863,1,2,0.5,0.0,0.0
hf_github_codereview,ca0b7740a0802c03,0.5053284764289856,0.40122655034065247,0.20820385217666626,0.40122655034065247,0.45827290415763855,0.5053284764289856,0.0,43.95231246948242,39.92792320251465,1,2,0.0,0.0,0.0
hf_github_codereview,70262ac75a3fe651,0.5053284764289856,0.40122655034065247,0.20820385217666626,0.40122655034065247,0.45827290415763855,0.5053284764289856,0.0,43.95231246948242,39.92792320251465,1,2,0.0,0.0,0.0
hf_github_codereview,e2a12d1485e45a08,0.5053284764289856,0.40796010196208954,0.19473674893379211,0.40796010196208954,0.4677223265171051,0.5053284764289856,0.0,43.95231246948242,39.51513862609863,1,2,0.0,0.0,0.0
hf_github_codereview,e0c973ba44cf06dd,0.6960362195968628,0.6140314340591431,0.16400957107543945,0.6140314340591431,0.7013343572616577,0.6960362195968628,0.0,46.62314224243164,39.92792320251465,1,2,0.5,0.0,0.0
hf_github_codereview,507bf16cbf087b93,0.6960362195968628,0.6140314340591431,0.16400957107543945,0.6140314340591431,0.7013343572616577,0.6960362195968628,0.0,46.62314224243164,39.92792320251465,1,2,0.5,0.0,0.0
hf_github_codereview,9f7878be8911ee0f,0.6960362195968628,0.6180239319801331,0.15602457523345947,0.6180239319801331,0.7085584998130798,0.6960362195968628,0.0,46.62314224243164,39.51513862609863,1,2,0.5,0.0,0.0
hf_github_codereview,fc1f6fee46c2e3b0,0.6960362195968628,0.6140314340591431,0.16400957107543945,0.6140314340591431,0.7013343572616577,0.6960362195968628,0.0,46.62314224243164,39.92792320251465,1,2,0.5,0.0,0.0
hf_github_codereview,229ae8490649c5cf,0.6960362195968628,0.6140314340591431,0.16400957107543945,0.6140314340591431,0.7013343572616577,0.6960362195968628,0.0,46.62314224243164,39.92792320251465,1,2,0.5,0.0,0.0
hf_github_codereview,f84e44345c91c823,0.6960362195968628,0.6140314340591431,0.16400957107543945,0.6140314340591431,0.7013343572616577,0.6960362195968628,0.0,46.62314224243164,39.92792320251465,1,2,0.5,0.0,0.0
hf_github_codereview,cd44c32d9c61f320,0.6295992732048035,0.5758483707904816,0.1075018048286438,0.5758483707904816,0.6143805980682373,0.6295992732048035,0.0,33.8453254699707,34.87463188171387,1,2,0.5,0.0,0.0
hf_github_codereview,fec34497e39f7c7a,0.7133481502532959,0.7133481502532959,0.7133481502532959,0.7133481502532959,0.7133481502532959,0.7133481502532959,0.0,30.148906707763672,36.137855529785156,1,1,1.0,1.0,0.0
hf_github_codereview,eb6a55cee7ab1dc7,0.41430723667144775,0.41430723667144775,0.41430723667144775,0.41430723667144775,0.41430723667144775,0.41430723667144775,0.0,40.80854415893555,28.40018081665039,1,1,0.0,0.0,0.0
hf_github_codereview,b4e4de2346f59ce0,0.5447565317153931,0.5447565317153931,0.5447565317153931,0.5447565317153931,0.5447565317153931,0.5447565317153931,0.0,36.996315002441406,33.75784683227539,1,1,0.0,0.0,0.0
hf_github_codereview,1bba226e8bbc20e7,0.3977743089199066,0.3977743089199066,0.3977743089199066,0.3977743089199066,0.3977743089199066,0.3977743089199066,0.0,45.24774169921875,36.137855529785156,1,1,0.0,0.0,0.0
hf_github_codereview,61b0034bbdd501f3,0.7046964168548584,0.4779645800590515,0.45346367359161377,0.4779645800590515,0.5815374851226807,0.7046964168548584,0.0,38.675025939941406,37.752140045166016,1,2,0.5,0.5,0.0
hf_github_codereview,68b00bd5edf968af,0.5052975416183472,0.41681966185569763,0.17695575952529907,0.41681966185569763,0.49267205595970154,0.5052975416183472,0.0,44.28302001953125,36.374168395996094,1,2,0.0,0.0,0.0
hf_github_codereview,5c6224e80a34c43d,0.6667416095733643,0.6667416095733643,0.6667416095733643,0.6667416095733643,0.6667416095733643,0.6667416095733643,0.0,37.708648681640625,31.70919418334961,1,1,1.0,0.0,0.0
hf_github_codereview,3c6cbfb703c6f5d8,0.4832804203033447,0.4832804203033447,0.4832804203033447,0.4832804203033447,0.4832804203033447,0.4832804203033447,0.0,40.8734016418457,35.7926139831543,1,1,0.0,0.0,0.0
hf_github_codereview,1c243745d93ca966,0.3435792624950409,0.3435792624950409,0.3435792624950409,0.3435792624950409,0.3435792624950409,0.3435792624950409,0.0,36.87860107421875,31.74812889099121,1,1,0.0,0.0,0.0
hf_github_codereview,e7136967b714a8f3,0.5041149258613586,0.5041149258613586,0.5041149258613586,0.5041149258613586,0.5041149258613586,0.5041149258613586,0.0,32.16262435913086,35.7926139831543,1,1,0.0,0.0,0.0
hf_github_codereview,2cefd0643049618c,0.1086297333240509,0.1086297333240509,0.1086297333240509,0.1086297333240509,0.10862971842288971,0.1086297333240509,0.0,23.269960403442383,32.47871017456055,1,1,0.0,0.0,0.0
hf_github_codereview,93dfb22d330e3784,0.3518201410770416,0.3518201410770416,0.3518201410770416,0.3518201410770416,0.351820170879364,0.3518201410770416,0.0,39.83626937866211,25.57493019104004,1,1,0.0,0.0,0.0
hf_github_codereview,c785f028d97275c1,0.12444556504487991,0.12444556504487991,0.12444556504487991,0.12444556504487991,0.12444556504487991,0.12444556504487991,0.0,32.41831588745117,31.213134765625,1,1,0.0,0.0,0.0
hf_github_codereview,a36082081b0d2964,0.5571842193603516,0.5571842193603516,0.5571842193603516,0.5571842193603516,0.5571842193603516,0.5571842193603516,0.0,44.540489196777344,25.536842346191406,1,1,0.0,0.0,0.0
hf_github_codereview,c093655c2decf19c,0.4174434244632721,0.4174434244632721,0.4174434244632721,0.4174434244632721,0.4174434542655945,0.4174434244632721,0.0,44.81250762939453,25.3251895904541,1,1,0.0,0.0,0.0
hf_github_codereview,8fa59776700922c9,0.3518201410770416,0.3518201410770416,0.3518201410770416,0.3518201410770416,0.351820170879364,0.3518201410770416,0.0,39.83626937866211,25.57493019104004,1,1,0.0,0.0,0.0
hf_github_codereview,6e3ea37044e21a86,0.5520198345184326,0.5520198345184326,0.5520198345184326,0.5520198345184326,0.5520198345184326,0.5520198345184326,0.0,48.67744064331055,26.917442321777344,1,1,0.0,0.0,0.0
hf_github_codereview,43df5fd09cbf72ed,0.37909525632858276,0.37909525632858276,0.37909525632858276,0.37909525632858276,0.379095196723938,0.37909525632858276,0.0,36.67904281616211,25.68716049194336,1,1,0.0,0.0,0.0
hf_github_codereview,9f808acb6ed7b78d,0.527951717376709,0.527951717376709,0.527951717376709,0.527951717376709,0.527951717376709,0.527951717376709,0.0,41.122535705566406,31.82345199584961,1,1,0.0,0.0,0.0
hf_github_codereview,93f2bf04321b2c5a,0.7181752324104309,0.5666058659553528,0.30313873291015625,0.5666058659553528,0.6471623182296753,0.7181752324104309,0.0,39.03184127807617,39.428762435913086,1,2,0.5,0.5,0.0
hf_github_codereview,c43970bdba3a8b10,0.6522197723388672,0.506639689207077,0.2911601662635803,0.506639689207077,0.5786705613136292,0.6522197723388672,0.0,45.72795486450195,39.428762435913086,1,2,0.5,0.0,0.0
hf_github_codereview,e9badacac460e361,0.39241451025009155,0.34996387362480164,0.08490127325057983,0.34996387362480164,0.42231982946395874,0.39241451025009155,0.0,45.17778015136719,44.60630798339844,1,2,0.0,0.0,0.0
hf_github_codereview,dcf7e1e6cd7e782f,0.5143967270851135,0.25564667334159213,0.36717286705970764,0.25564667334159213,0.3391011357307434,0.5143967270851135,0.0,28.893461227416992,40.648199717203774,1,3,0.0,0.0,0.0
hf_github_codereview,c77139686fe3e28f,0.49017518758773804,0.49017518758773804,0.49017518758773804,0.49017518758773804,0.4901752173900604,0.49017518758773804,0.0,24.832246780395508,44.8271598815918,1,1,0.0,0.0,0.0
hf_github_codereview,e9edb587cf33d925,0.49017518758773804,0.49017518758773804,0.49017518758773804,0.49017518758773804,0.4901752173900604,0.49017518758773804,0.0,24.832246780395508,44.8271598815918,1,1,0.0,0.0,0.0
hf_github_codereview,4c764d745456a93b,0.49017518758773804,0.49017518758773804,0.49017518758773804,0.49017518758773804,0.4901752173900604,0.49017518758773804,0.0,24.832246780395508,44.8271598815918,1,1,0.0,0.0,0.0
hf_github_codereview,f30351832c746359,0.9604190587997437,0.9604190587997437,0.9604190587997437,0.9604190587997437,0.960419237613678,0.9604190587997437,0.0,38.950992584228516,35.801727294921875,1,1,1.0,1.0,1.0
hf_github_codereview,c0cbb9002cae8f8d,0.8114126920700073,0.5562485754489899,0.5103282332420349,0.5562485754489899,0.6868987083435059,0.8114126920700073,0.0,40.564605712890625,43.28947830200195,1,2,0.5,0.5,0.5
hf_github_codereview,117ca4f1191bc8d4,0.9999998807907104,0.9999998807907104,0.9999998807907104,0.9999998807907104,1.0,0.9999998807907104,0.0,29.1892147064209,29.1892147064209,1,1,1.0,1.0,1.0
hf_github_codereview,1b61ddec8b08d113,0.9999998807907104,0.9999998807907104,0.9999998807907104,0.9999998807907104,1.0,0.9999998807907104,0.0,29.1892147064209,29.1892147064209,1,1,1.0,1.0,1.0
hf_github_codereview,b1dec6ca49a8f598,0.9999998807907104,0.6462385803461075,0.7075226008892059,0.6462385803461075,0.8038896918296814,0.9999998807907104,0.0,29.1892147064209,31.039986610412598,1,2,0.5,0.5,0.5
hf_github_codereview,872b4b783a1ba546,0.7493970394134521,0.4317001961171627,0.6353936865925789,0.4317001961171627,0.525826096534729,0.7493970394134521,0.0,43.892879486083984,40.71050262451172,1,2,0.5,0.5,0.0
hf_github_codereview,bac04b363bbd82bd,0.15334056317806244,0.15334056317806244,0.15334056317806244,0.15334056317806244,0.15334056317806244,0.15334056317806244,0.0,44.62730407714844,23.84744644165039,1,1,0.0,0.0,0.0
hf_github_codereview,f5af143ffa805707,0.2992648184299469,0.20489335805177689,0.18874292075634003,0.20489335805177689,0.24418805539608002,0.2992648184299469,0.0,43.46852111816406,36.86130142211914,1,2,0.0,0.0,0.0
hf_github_codereview,89859dd96e32a605,0.7538392543792725,0.5035526752471924,0.5005731582641602,0.5035526752471924,0.6417198181152344,0.7538392543792725,0.0,32.94071578979492,34.884246826171875,1,2,0.5,0.5,0.0
hf_github_codereview,232ded299a378f74,0.8617226481437683,0.46218185126781464,0.7990815937519073,0.46218185126781464,0.6365805864334106,0.8617226481437683,0.0,37.86573791503906,39.91653060913086,1,2,0.5,0.5,0.5
hf_github_codereview,fd86d3f1a6821c76,0.8428247570991516,0.5357910096645355,0.6140674948692322,0.5357910096645355,0.6526124477386475,0.8428247570991516,0.0,43.36460494995117,40.71050262451172,1,2,0.5,0.5,0.5
hf_github_codereview,f959e052c5338a8d,0.384198933839798,0.3555331975221634,0.057331472635269165,0.3555331975221634,0.4014606475830078,0.384198933839798,0.0,26.231626510620117,30.472453117370605,1,2,0.0,0.0,0.0
hf_github_codereview,8f4c7c48303ee5c6,0.8139437437057495,0.5492887049913406,0.5293100774288177,0.5492887049913406,0.6690531969070435,0.8139437437057495,0.0,38.70316696166992,40.71050262451172,1,2,0.5,0.5,0.5
hf_github_codereview,19d65fefa59c01b3,0.8084378242492676,0.4554661586880684,0.7059433311223984,0.4554661586880684,0.6214535236358643,0.8084378242492676,0.0,32.22966766357422,37.416120529174805,1,2,0.5,0.5,0.5
hf_github_codereview,5cd8952eb5442632,0.45124828815460205,0.27681028470396996,0.3488760069012642,0.27681028470396996,0.3390160799026489,0.45124828815460205,0.0,47.133975982666016,25.905616760253906,1,2,0.0,0.0,0.0
hf_github_codereview,7a90b96afe7dcd03,0.44355514645576477,0.44355514645576477,0.44355514645576477,0.44355514645576477,0.44355514645576477,0.44355514645576477,0.0,45.779563903808594,29.1892147064209,1,1,0.0,0.0,0.0
hf_github_codereview,4fa12d050eb5a215,0.3706936836242676,0.2319391779601574,0.27750901132822037,0.2319391779601574,0.2764207720756531,0.3706936836242676,0.0,34.51375198364258,36.86130142211914,1,2,0.0,0.0,0.0
hf_github_codereview,57a195e1c8cdd5f9,0.4643614590167999,0.4643614590167999,0.4643614590167999,0.4643614590167999,0.4643615484237671,0.4643614590167999,0.0,45.84116744995117,29.1892147064209,1,1,0.0,0.0,0.0
hf_github_codereview,5feca67ce87ea986,0.4643614590167999,0.36790867149829865,0.19290557503700256,0.36790867149829865,0.4576607346534729,0.4643614590167999,0.0,45.84116744995117,31.039986610412598,1,2,0.0,0.0,0.0
hf_github_codereview,837a32dab868dc33,0.45416754484176636,0.32690809667110443,0.25451889634132385,0.32690809667110443,0.4066579341888428,0.45416754484176636,0.0,47.39067840576172,31.039986610412598,1,2,0.0,0.0,0.0
hf_github_codereview,25cc71e85890f6f2,0.442394882440567,0.442394882440567,0.442394882440567,0.442394882440567,0.4423949122428894,0.442394882440567,0.0,45.71644973754883,29.1892147064209,1,1,0.0,0.0,0.0
hf_github_codereview,fa53c87748ac5f89,0.384198933839798,0.3555331975221634,0.057331472635269165,0.3555331975221634,0.4014606475830078,0.384198933839798,0.0,26.231626510620117,30.472453117370605,1,2,0.0,0.0,0.0
hf_github_codereview,d77c713c0c1c1adc,0.4526185393333435,0.4526185393333435,0.4526185393333435,0.4526185393333435,0.4526185989379883,0.4526185393333435,0.0,46.96257019042969,29.1892147064209,1,1,0.0,0.0,0.0
hf_github_codereview,db6be60a46829f83,0.3871576189994812,0.3054681271314621,0.1633789837360382,0.3054681271314621,0.3799876570701599,0.3871576189994812,0.0,46.322608947753906,31.039986610412598,1,2,0.0,0.0,0.0
hf_github_codereview,44970955bc60bcb5,0.4643614590167999,0.4643614590167999,0.4643614590167999,0.4643614590167999,0.4643615484237671,0.4643614590167999,0.0,45.84116744995117,29.1892147064209,1,1,0.0,0.0,0.0
hf_github_codereview,62d7a02598d0ef20,0.3864644169807434,0.33896154165267944,0.09500575065612793,0.33896154165267944,0.41339296102523804,0.3864644169807434,0.0,46.789825439453125,28.421751022338867,1,2,0.0,0.0,0.0
hf_github_codereview,e0bbceaeadf55f5c,0.17180857062339783,0.17180857062339783,0.17180857062339783,0.17180857062339783,0.17180857062339783,0.17180857062339783,0.0,42.997379302978516,23.84744644165039,1,1,0.0,0.0,0.0
hf_github_codereview,ad1a3d266e8519dc,0.4172365367412567,0.28764883428812027,0.2591754049062729,0.28764883428812027,0.3582634925842285,0.4172365367412567,0.0,47.123558044433594,29.365997314453125,1,2,0.0,0.0,0.0
hf_github_codereview,9ded18abb70c2aef,0.3413242697715759,0.29956069588661194,0.08352714776992798,0.29956069588661194,0.3475196361541748,0.3413242697715759,0.0,51.67723083496094,43.25094985961914,1,2,0.0,0.0,0.0
hf_github_codereview,6315c34a3f6d081e,0.3838377594947815,0.3838377594947815,0.3838377594947815,0.3838377594947815,0.38383781909942627,0.3838377594947815,0.0,31.761701583862305,39.467838287353516,1,1,0.0,0.0,0.0
hf_github_codereview,fe6d153ebc5db522,0.13197121024131775,0.13197121024131775,0.13197121024131775,0.13197121024131775,0.13197122514247894,0.13197121024131775,0.0,42.76942443847656,31.239356994628906,1,1,0.0,0.0,0.0
hf_github_codereview,80ea6806b5c52eea,0.3838377594947815,0.3838377594947815,0.3838377594947815,0.3838377594947815,0.38383781909942627,0.3838377594947815,0.0,31.761701583862305,39.467838287353516,1,1,0.0,0.0,0.0
hf_github_codereview,cdfe083a8ab3d326,0.7111378908157349,0.7111378908157349,0.7111378908157349,0.7111378908157349,0.7111378908157349,0.7111378908157349,0.0,43.553863525390625,35.39801788330078,1,1,1.0,1.0,0.0
hf_github_codereview,46b7e31da7864733,0.14667923748493195,0.14667923748493195,0.14667923748493195,0.14667923748493195,0.14667926728725433,0.14667923748493195,0.0,44.109230041503906,31.239356994628906,1,1,0.0,0.0,0.0
hf_github_codereview,6a422ea79b99dcf1,0.47135716676712036,0.36564528942108154,0.21142375469207764,0.36564528942108154,0.42621779441833496,0.47135716676712036,0.0,39.43465042114258,39.560543060302734,1,2,0.0,0.0,0.0
hf_github_codereview,741eb44917c96f4c,0.5918893814086914,0.5918893814086914,0.5918893814086914,0.5918893814086914,0.5918892621994019,0.5918893814086914,0.0,31.034038543701172,42.440303802490234,1,1,0.0,0.0,0.0
hf_github_codereview,261ff110d53a8196,0.8836241960525513,0.8836241960525513,0.8836241960525513,0.8836241960525513,0.8836239576339722,0.8836241960525513,0.0,38.14311981201172,42.440303802490234,1,1,1.0,1.0,1.0
hf_github_codereview,539a64538d72da68,0.9371243715286255,0.5911389514803886,0.6919708400964737,0.5911389514803886,0.7382974624633789,0.9371243715286255,0.0,50.4338493347168,47.59417533874512,1,2,0.5,0.5,0.5
hf_github_codereview,6fb58e85b60fae5e,0.8961564302444458,0.8961564302444458,0.8961564302444458,0.8961564302444458,0.8961564302444458,0.8961564302444458,0.0,37.9546012878418,34.65985870361328,1,1,1.0,1.0,1.0
hf_github_codereview,f670a96639f1bf7b,0.8961564302444458,0.8961564302444458,0.8961564302444458,0.8961564302444458,0.8961564302444458,0.8961564302444458,0.0,37.9546012878418,34.65985870361328,1,1,1.0,1.0,1.0
hf_github_codereview,23361acb2d88f392,0.9371243715286255,0.5911389514803886,0.6919708400964737,0.5911389514803886,0.7382974624633789,0.9371243715286255,0.0,50.4338493347168,47.59417533874512,1,2,0.5,0.5,0.5
hf_github_codereview,6084190de7100735,0.30726370215415955,0.3026706725358963,0.00918605923652649,0.3026706725358963,0.33814579248428345,0.30726370215415955,0.0,35.61676788330078,30.499302864074707,1,2,0.0,0.0,0.0
hf_github_codereview,4e94c32146d9513f,0.3365500569343567,0.3292911946773529,0.014517724514007568,0.3292911946773529,0.3783208131790161,0.3365500569343567,0.0,35.61676788330078,35.851280212402344,1,2,0.0,0.0,0.0
hf_github_codereview,78ece8c6a0df736d,0.9736152291297913,0.9736152291297913,0.9736152291297913,0.9736152291297913,0.9736152291297913,0.9736152291297913,0.0,43.51888656616211,44.61676025390625,1,1,1.0,1.0,1.0
hf_github_codereview,b6091b9327c7695e,0.9736152291297913,0.9736152291297913,0.9736152291297913,0.9736152291297913,0.9736152291297913,0.9736152291297913,0.0,43.51888656616211,44.61676025390625,1,1,1.0,1.0,1.0
hf_github_codereview,a1f6a1cce1a84b13,0.9736152291297913,0.9736152291297913,0.9736152291297913,0.9736152291297913,0.9736152291297913,0.9736152291297913,0.0,43.51888656616211,44.61676025390625,1,1,1.0,1.0,1.0
hf_github_codereview,b57368401bceff1e,0.9736152291297913,0.9736152291297913,0.9736152291297913,0.9736152291297913,0.9736152291297913,0.9736152291297913,0.0,43.51888656616211,44.61676025390625,1,1,1.0,1.0,1.0
hf_github_codereview,b62dfeb06ed31da8,0.9736152291297913,0.9736152291297913,0.9736152291297913,0.9736152291297913,0.9736152291297913,0.9736152291297913,0.0,43.51888656616211,44.61676025390625,1,1,1.0,1.0,1.0
hf_github_codereview,878eaa6f434beeac,0.9736152291297913,0.9736152291297913,0.9736152291297913,0.9736152291297913,0.9736152291297913,0.9736152291297913,0.0,43.51888656616211,44.61676025390625,1,1,1.0,1.0,1.0
hf_github_codereview,87de9ef3dc1f3f6f,0.988680362701416,0.988680362701416,0.988680362701416,0.988680362701416,0.988680362701416,0.988680362701416,0.0,42.398521423339844,41.78409957885742,1,1,1.0,1.0,1.0
hf_github_codereview,2998ea48a689814d,0.641377329826355,0.3748537302017212,0.5330471992492676,0.3748537302017212,0.4823455512523651,0.641377329826355,0.0,33.929935455322266,34.2169771194458,1,2,0.5,0.0,0.0
hf_github_codereview,d1a228ef4b0a08e7,0.9776284694671631,0.9776284694671631,0.9776284694671631,0.9776284694671631,0.9776284694671631,0.9776284694671631,0.0,43.68593978881836,41.78409957885742,1,1,1.0,1.0,1.0
hf_github_codereview,df91264810c03221,0.988680362701416,0.988680362701416,0.988680362701416,0.988680362701416,0.988680362701416,0.988680362701416,0.0,42.398521423339844,41.78409957885742,1,1,1.0,1.0,1.0
hf_github_codereview,a0d44312538a8316,0.988680362701416,0.4180897076924642,0.7198506295681,0.4180897076924642,0.6605017185211182,0.988680362701416,0.0,42.398521423339844,39.89602406819662,1,3,0.3333333333333333,0.3333333333333333,0.3333333333333333
hf_github_codereview,661500d0c05e9023,0.9776284694671631,0.5422977358102798,0.8706614673137665,0.5422977358102798,0.7320387363433838,0.9776284694671631,0.0,43.68593978881836,43.16052436828613,1,2,0.5,0.5,0.5
hf_github_codereview,899942407a7e7435,0.988680362701416,0.5947945564985275,0.787771612405777,0.5947945564985275,0.7665078639984131,0.988680362701416,0.0,42.398521423339844,33.022518157958984,1,2,0.5,0.5,0.5
hf_github_codereview,2d3ed4d19c8d9a6f,0.988680362701416,0.6443730294704437,0.6886146664619446,0.6443730294704437,0.8013962507247925,0.988680362701416,0.0,42.398521423339844,40.79301834106445,1,2,0.5,0.5,0.5
hf_github_codereview,5fa5f5913ff98d09,0.988680362701416,0.6482432633638382,0.6808741986751556,0.6482432633638382,0.7997950315475464,0.988680362701416,0.0,42.398521423339844,42.7565860748291,1,2,0.5,0.5,0.5
hf_github_codereview,39202a12db0018d9,0.988680362701416,0.9717828631401062,0.03379499912261963,0.9717828631401062,0.9837532639503479,0.988680362701416,0.0,42.398521423339844,43.649431228637695,1,2,1.0,1.0,1.0
hf_github_codereview,5a76ef5ccb350cad,0.988680362701416,0.6221653968095779,0.7330299317836761,0.6221653968095779,0.780789852142334,0.988680362701416,0.0,42.398521423339844,42.00754356384277,1,2,0.5,0.5,0.5
hf_github_codereview,813f0a866e4b4c6a,0.628623366355896,0.4477648288011551,0.3617170751094818,0.4477648288011551,0.558471143245697,0.628623366355896,0.0,39.9031982421875,45.46411323547363,1,2,0.5,0.0,0.0
hf_github_codereview,4c39f41a6aed253f,0.5238451957702637,0.31704336404800415,0.24907726049423218,0.31704336404800415,0.44088101387023926,0.5238451957702637,0.0,34.243438720703125,41.88607406616211,1,3,0.0,0.0,0.0
hf_github_codereview,29060718fa82ae36,0.20985235273838043,0.15955615788698196,0.10059238970279694,0.15955615788698196,0.20003023743629456,0.20985235273838043,0.0,43.51888656616211,39.500261306762695,1,2,0.0,0.0,0.0
hf_github_codereview,1c651ff2b767a54c,0.20985235273838043,0.15955615788698196,0.10059238970279694,0.15955615788698196,0.20003023743629456,0.20985235273838043,0.0,43.51888656616211,39.500261306762695,1,2,0.0,0.0,0.0
hf_github_codereview,81ed81e616834ea0,0.20985235273838043,0.20985235273838043,0.20985235273838043,0.20985235273838043,0.20985235273838043,0.20985235273838043,0.0,43.51888656616211,46.91375732421875,1,1,0.0,0.0,0.0
hf_github_codereview,0b33de3f1aa097e3,0.20985235273838043,0.17984779924154282,0.06000910699367523,0.17984779924154282,0.2297452986240387,0.20985235273838043,0.0,43.51888656616211,47.19549751281738,1,2,0.0,0.0,0.0
hf_github_codereview,74d91e006982d72b,0.2146259844303131,0.1959170550107956,0.037417858839035034,0.1959170550107956,0.2543397545814514,0.2146259844303131,0.0,43.92766571044922,40.439048767089844,1,2,0.0,0.0,0.0
hf_github_codereview,aea8336e0b449093,0.20985235273838043,0.17167717963457108,0.07635034620761871,0.17167717963457108,0.21078084409236908,0.20985235273838043,0.0,43.51888656616211,38.97139835357666,1,2,0.0,0.0,0.0
hf_github_codereview,e1b429d6d109c2f1,0.9764635562896729,0.9764635562896729,0.9764635562896729,0.9764635562896729,0.9764635562896729,0.9764635562896729,0.0,42.96088409423828,43.11753463745117,1,1,1.0,1.0,1.0
hf_github_codereview,248b332987f5c156,0.5997663736343384,0.3726501539349556,0.45423243939876556,0.3726501539349556,0.4815218448638916,0.5997663736343384,0.0,38.06851577758789,30.203505516052246,1,2,0.0,0.0,0.0
hf_github_codereview,4835eea0275ebe98,0.7878330945968628,0.7878330945968628,0.7878330945968628,0.7878330945968628,0.7878330945968628,0.7878330945968628,0.0,27.894208908081055,24.450611114501953,1,1,1.0,1.0,0.0
hf_github_codereview,00f3016b8c544657,0.9008932113647461,0.7443178594112396,0.31315070390701294,0.7443178594112396,0.846149206161499,0.9008932113647461,0.0,32.90260696411133,39.23831653594971,1,2,0.5,0.5,0.5
hf_github_codereview,a67251f8c89cf639,0.3535694479942322,0.2650807648897171,0.17697736620903015,0.2650807648897171,0.3117210566997528,0.3535694479942322,0.0,38.28776931762695,36.09843730926514,1,2,0.0,0.0,0.0
hf_github_codereview,8b8352db6a0dc703,0.3493238091468811,0.2630933125813802,0.022689878940582275,0.2630933125813802,0.3339649438858032,0.3493238091468811,0.0,44.91658401489258,41.1379763285319,1,3,0.0,0.0,0.0
hf_github_codereview,8b5a21ddbf02cead,0.6857879161834717,0.6857879161834717,0.6857879161834717,0.6857879161834717,0.6857879161834717,0.6857879161834717,0.0,43.89408493041992,31.97792625427246,1,1,1.0,0.0,0.0
hf_github_codereview,990331ccd75a4717,0.5331359505653381,0.5331359505653381,0.5331359505653381,0.5331359505653381,0.5331359505653381,0.5331359505653381,0.0,41.83925247192383,32.01862716674805,1,1,0.0,0.0,0.0
hf_github_codereview,68a25167e9785fe6,0.3386792540550232,0.3386792540550232,0.3386792540550232,0.3386792540550232,0.33867931365966797,0.3386792540550232,0.0,41.875160217285156,41.59664535522461,1,1,0.0,0.0,0.0
hf_github_codereview,a68c42850787b869,0.3695482015609741,0.28052334984143573,0.12711957097053528,0.28052334984143573,0.3595956563949585,0.3695482015609741,0.0,42.69921875,41.28982925415039,1,3,0.0,0.0,0.0
hf_github_codereview,54764a496dca4ad3,0.36802929639816284,0.36802929639816284,0.36802929639816284,0.36802929639816284,0.36802929639816284,0.36802929639816284,0.0,42.12622833251953,28.479602813720703,1,1,0.0,0.0,0.0
hf_github_codereview,9084ffa29dcbd67b,0.47195112705230713,0.32095474749803543,0.3019927591085434,0.32095474749803543,0.3703802824020386,0.47195112705230713,0.0,44.91658401489258,33.5248327255249,1,2,0.0,0.0,0.0
hf_github_codereview,5940d9bbadfd4b77,0.4141305685043335,0.25204185768961906,0.32417742162942886,0.25204185768961906,0.32692810893058777,0.4141305685043335,0.0,40.02507019042969,39.56306076049805,1,2,0.0,0.0,0.0
hf_github_codereview,398b6c0aecd5e562,0.12296727299690247,0.1073731854557991,0.031188175082206726,0.1073731854557991,0.14410565793514252,0.12296727299690247,0.0,20.09600067138672,42.879486083984375,1,2,0.0,0.0,0.0
hf_github_codereview,6979f73fc6492bc3,0.4077107310295105,0.4077107310295105,0.4077107310295105,0.4077107310295105,0.4077107310295105,0.4077107310295105,0.0,41.72846221923828,27.41415786743164,1,1,0.0,0.0,0.0
hf_github_codereview,aa16090dadff6953,0.7275810241699219,0.7275810241699219,0.7275810241699219,0.7275810241699219,0.7275810241699219,0.7275810241699219,0.0,46.01127243041992,49.54173278808594,1,1,1.0,1.0,0.0
hf_github_codereview,450db6340de3afd4,0.7015039324760437,0.6114784777164459,0.18005090951919556,0.6114784777164459,0.7062249183654785,0.7015039324760437,0.0,43.647457122802734,39.527835845947266,1,2,0.5,0.5,0.0
hf_github_codereview,4474890e339eddc4,0.3340689539909363,0.24063792824745178,0.186862051486969,0.24063792824745178,0.30132555961608887,0.3340689539909363,0.0,41.10373306274414,29.8355712890625,1,2,0.0,0.0,0.0
hf_github_codereview,0553bf584d95b2a5,0.45943015813827515,0.4351354241371155,0.048589468002319336,0.4351354241371155,0.5311731696128845,0.45943015813827515,0.0,45.29142379760742,39.89280128479004,1,2,0.0,0.0,0.0
hf_github_codereview,40d366f6faa21c43,0.6013671159744263,0.6013671159744263,0.6013671159744263,0.6013671159744263,0.6013670563697815,0.6013671159744263,0.0,47.30733871459961,41.37858963012695,1,1,1.0,0.0,0.0
hf_github_codereview,cc0a90c48d979a30,0.7063428163528442,0.6042763888835907,0.20413285493850708,0.6042763888835907,0.6979069113731384,0.7063428163528442,0.0,43.175453186035156,39.527835845947266,1,2,0.5,0.5,0.0
hf_github_codereview,05d7def79c23c328,0.9509069919586182,0.5416374603907267,0.5660658478736877,0.5416374603907267,0.7389991283416748,0.9509069919586182,0.0,34.580047607421875,41.75311152140299,1,3,0.3333333333333333,0.3333333333333333,0.3333333333333333
hf_github_codereview,6396daf4d3c24f25,0.8549182415008545,0.8549182415008545,0.8549182415008545,0.8549182415008545,0.8549182415008545,0.8549182415008545,0.0,40.33848190307617,32.89198303222656,1,1,1.0,1.0,1.0
hf_github_codereview,0bcf7fe0c65f9bea,0.6103329062461853,0.3419147878885269,0.5368362367153168,0.3419147878885269,0.45638954639434814,0.6103329062461853,0.0,43.903194427490234,29.60944175720215,1,2,0.5,0.0,0.0
hf_github_codereview,188058a6d7bc649d,0.9070664644241333,0.9070664644241333,0.9070664644241333,0.9070664644241333,0.9070664048194885,0.9070664644241333,0.0,41.73274230957031,44.73678970336914,1,1,1.0,1.0,1.0
hf_github_codereview,5c066c426edbca12,0.9713774919509888,0.9713774919509888,0.9713774919509888,0.9713774919509888,0.9713773727416992,0.9713774919509888,0.0,44.28351974487305,44.73678970336914,1,1,1.0,1.0,1.0
hf_github_codereview,61e053a7a297cda3,0.7809368371963501,0.747010072072347,0.024239420890808105,0.747010072072347,0.8356761932373047,0.7809368371963501,0.0,37.651268005371094,39.9977060953776,1,3,1.0,1.0,0.0
hf_github_codereview,0889381c1c0197c0,0.6103329062461853,0.3419147878885269,0.5368362367153168,0.3419147878885269,0.45638954639434814,0.6103329062461853,0.0,43.903194427490234,29.60944175720215,1,2,0.5,0.0,0.0
hf_github_codereview,ee7fdeaa6e30f4c9,0.663366436958313,0.5522183477878571,0.22229617834091187,0.5522183477878571,0.6898572444915771,0.663366436958313,0.0,33.74015808105469,32.618940353393555,1,2,0.5,0.0,0.0
hf_github_codereview,88831df5f0c5ebfc,0.8781278133392334,0.8781278133392334,0.8781278133392334,0.8781278133392334,0.878127932548523,0.8781278133392334,0.0,33.73568344116211,41.65111541748047,1,1,1.0,1.0,1.0
hf_github_codereview,7aed9bdee0e02459,0.6948494911193848,0.6948494911193848,0.6948494911193848,0.6948494911193848,0.6948494911193848,0.6948494911193848,0.0,38.01155090332031,41.65111541748047,1,1,1.0,0.0,0.0
hf_github_codereview,f791d5660a85f21a,0.6434292197227478,0.4239634573459625,0.43893152475357056,0.4239634573459625,0.5614345669746399,0.6434292197227478,0.0,33.73568344116211,39.152448654174805,1,2,0.5,0.0,0.0
hf_github_codereview,c325ee0acb08e0f4,0.9690561294555664,0.9690561294555664,0.9690561294555664,0.9690561294555664,0.969056248664856,0.9690561294555664,0.0,39.236873626708984,39.485923767089844,1,1,1.0,1.0,1.0
hf_github_codereview,ca15b92b5f3e495b,0.4126945734024048,0.2785671204328537,0.2682549059391022,0.2785671204328537,0.3221341371536255,0.4126945734024048,0.0,42.85188674926758,40.89992332458496,1,2,0.0,0.0,0.0
hf_github_codereview,9fa4e4ebd3dceab5,0.29237809777259827,0.29237809777259827,0.29237809777259827,0.29237809777259827,0.29237812757492065,0.29237809777259827,0.0,34.554683685302734,33.92143630981445,1,1,0.0,0.0,0.0
hf_github_codereview,a60af311e3c7660d,0.3414810597896576,0.3414810597896576,0.3414810597896576,0.3414810597896576,0.34148108959198,0.3414810597896576,0.0,36.39228820800781,38.015037536621094,1,1,0.0,0.0,0.0
hf_github_codereview,4d85e48a9897770c,0.3414810597896576,0.3414810597896576,0.3414810597896576,0.3414810597896576,0.34148108959198,0.3414810597896576,0.0,36.39228820800781,38.015037536621094,1,1,0.0,0.0,0.0
hf_github_codereview,d9febd6a71f6783e,0.9940710067749023,0.9940710067749023,0.9940710067749023,0.9940710067749023,0.9940708875656128,0.9940710067749023,0.0,36.39228820800781,36.613216400146484,1,1,1.0,1.0,1.0
hf_github_codereview,a18b22b8ba16602f,1.0,0.5942102745175362,0.8115794509649277,0.5942102745175362,0.7708505392074585,1.0,0.0,23.2727108001709,33.97904682159424,1,2,0.5,0.5,0.5
hf_github_codereview,4a2271d7aa80a4fc,1.0,0.5648278991381327,0.5129335522651672,0.5648278991381327,0.7773432731628418,1.0,0.0,25.080556869506836,28.348034540812176,1,3,0.3333333333333333,0.3333333333333333,0.3333333333333333
hf_github_codereview,b01e042e5ce73d70,1.0,0.4570307781298955,0.7956190407276154,0.4570307781298955,0.6819719076156616,1.0,0.0,36.39228820800781,34.11943499247233,1,3,0.3333333333333333,0.3333333333333333,0.3333333333333333
hf_github_codereview,3d717386367a9b3a,0.5621438026428223,0.35904838144779205,0.4061908423900604,0.35904838144779205,0.444344162940979,0.5621438026428223,0.0,36.32613754272461,34.659152030944824,1,2,0.0,0.0,0.0
hf_github_codereview,bc96d5c7da17380b,0.8007104396820068,0.5741959065198898,0.453029066324234,0.5741959065198898,0.6877267360687256,0.8007104396820068,0.0,40.76445007324219,48.24178886413574,1,2,0.5,0.5,0.5
hf_github_codereview,fa4ba4c7091e8f29,0.7218039035797119,0.7218039035797119,0.7218039035797119,0.7218039035797119,0.7218039631843567,0.7218039035797119,0.0,25.666881561279297,25.88821029663086,1,1,1.0,1.0,0.0
hf_github_codereview,95d986d406d56dd5,0.857851505279541,0.857851505279541,0.857851505279541,0.857851505279541,0.857851505279541,0.857851505279541,0.0,35.52113723754883,31.04967498779297,1,1,1.0,1.0,1.0
hf_github_codereview,a592a41f72386e70,1.0,1.0,1.0,1.0,1.0,1.0,0.0,31.04967498779297,31.04967498779297,1,1,1.0,1.0,1.0
hf_github_codereview,45d302563620774f,0.5798077583312988,0.4108520746231079,0.33791136741638184,0.4108520746231079,0.5207158327102661,0.5798077583312988,0.0,39.274044036865234,42.12273597717285,1,2,0.0,0.0,0.0
hf_github_codereview,7f7b1eeb62b2f2ed,0.4801112413406372,0.28338122367858887,0.3934600353240967,0.28338122367858887,0.39123961329460144,0.4801112413406372,0.0,36.45594787597656,42.704261779785156,1,2,0.0,0.0,0.0
hf_github_codereview,0b1dcdd8e3cecab3,0.8404501080513,0.5076259821653366,0.6656482517719269,0.5076259821653366,0.6712486743927002,0.8404501080513,0.0,43.295833587646484,45.08947563171387,1,2,0.5,0.5,0.5
hf_github_codereview,06de37e6e00c4bf3,0.5203878879547119,0.4943007230758667,0.05217432975769043,0.4943007230758667,0.5909026265144348,0.5203878879547119,0.0,36.8413200378418,39.900949478149414,1,2,0.0,0.0,0.0
hf_github_codereview,99c198614853dbc3,0.7232586145401001,0.4649733205636342,0.3795059323310852,0.4649733205636342,0.5907386541366577,0.7232586145401001,0.0,40.88665008544922,41.534628550211586,1,3,0.3333333333333333,0.3333333333333333,0.0
hf_github_codereview,22f8b32a55f83a9c,0.516081690788269,0.47225382924079895,0.08765572309494019,0.47225382924079895,0.5714941620826721,0.516081690788269,0.0,34.36287307739258,42.91301727294922,1,2,0.0,0.0,0.0
hf_github_codereview,b5f8471925e96076,0.7232586145401001,0.4649733205636342,0.3795059323310852,0.4649733205636342,0.5907386541366577,0.7232586145401001,0.0,40.88665008544922,41.534628550211586,1,3,0.3333333333333333,0.3333333333333333,0.0
hf_github_codereview,6fdec11db65fef9c,0.4739276170730591,0.39995618164539337,0.14794287085533142,0.39995618164539337,0.5055904388427734,0.4739276170730591,0.0,37.74028015136719,36.97764301300049,1,2,0.0,0.0,0.0
hf_github_codereview,acecc80b6ee254a2,0.504477322101593,0.36715254932641983,0.2746495455503464,0.36715254932641983,0.42840489745140076,0.504477322101593,0.0,46.350650787353516,34.094305992126465,1,2,0.0,0.0,0.0
hf_github_codereview,87c7bbe472a3cac2,0.7806334495544434,0.448532114426295,0.49086809158325195,0.448532114426295,0.6177012920379639,0.7806334495544434,0.0,47.08571243286133,40.898780822753906,1,3,0.3333333333333333,0.3333333333333333,0.0
hf_github_codereview,8be4431e156fc2be,0.767181932926178,0.4323876102765401,0.49228066205978394,0.4323876102765401,0.6054234504699707,0.767181932926178,0.0,46.04277801513672,41.166131337483726,1,3,0.3333333333333333,0.3333333333333333,0.0
hf_github_codereview,f14f6f4229e4654b,0.7541638612747192,0.41545868913332623,0.49012836813926697,0.41545868913332623,0.5837554931640625,0.7541638612747192,0.0,46.21546173095703,40.42693583170573,1,3,0.3333333333333333,0.3333333333333333,0.0
hf_github_codereview,6007cc6f70feae6b,1.0,1.0,1.0,1.0,1.0,1.0,0.0,37.74028015136719,37.74028015136719,1,1,1.0,1.0,1.0
hf_github_codereview,e0b76d41b1e058da,0.06751304864883423,0.06751304864883423,0.06751304864883423,0.06751304864883423,0.06751304864883423,0.06751304864883423,0.0,47.77912521362305,45.006324768066406,1,1,0.0,0.0,0.0
hf_github_codereview,303afeaa8d1da3f7,1.0,1.0,1.0,1.0,1.0,1.0,0.0,45.006324768066406,45.006324768066406,1,1,1.0,1.0,1.0
hf_github_codereview,98d5956fea219dcc,0.9353477954864502,0.9353477954864502,0.9353477954864502,0.9353477954864502,0.9353477954864502,0.9353477954864502,0.0,44.172264099121094,41.40736770629883,1,1,1.0,1.0,1.0
hf_github_codereview,39a806386cee5af9,0.9309974908828735,0.9309974908828735,0.9309974908828735,0.9309974908828735,0.9309976100921631,0.9309974908828735,0.0,41.958518981933594,41.40736770629883,1,1,1.0,1.0,1.0
hf_github_codereview,6e762cfe7da30219,0.8067576885223389,0.8067576885223389,0.8067576885223389,0.8067576885223389,0.8067576885223389,0.8067576885223389,0.0,28.341644287109375,35.32047653198242,1,1,1.0,1.0,1.0
hf_github_codereview,74631c3af7b4a105,1.0,0.5063633588142693,0.9872732823714614,0.5063633588142693,0.7115921974182129,1.0,0.0,38.392539978027344,39.58726119995117,1,2,0.5,0.5,0.5
hf_github_codereview,33cea56ba8be5055,0.5446716547012329,0.5446716547012329,0.5446716547012329,0.5446716547012329,0.5446716547012329,0.5446716547012329,0.0,33.720054626464844,24.43596076965332,1,1,0.0,0.0,0.0
hf_github_codereview,69dde7976e01a566,0.5639078617095947,0.5639078617095947,0.5639078617095947,0.5639078617095947,0.5639078617095947,0.5639078617095947,0.0,45.64186477661133,45.79159927368164,1,1,0.0,0.0,0.0
hf_github_codereview,7823b5cd8ec3c3b8,0.5603362917900085,0.5603362917900085,0.5603362917900085,0.5603362917900085,0.5603362917900085,0.5603362917900085,0.0,33.971683502197266,42.307823181152344,1,1,0.0,0.0,0.0
hf_github_codereview,942be3531e3819ec,0.8445532917976379,0.8445532917976379,0.8445532917976379,0.8445532917976379,0.8445532917976379,0.8445532917976379,0.0,44.501644134521484,42.615074157714844,1,1,1.0,1.0,1.0
hf_github_codereview,f37789de9af6ee55,0.48541760444641113,0.3612966140111287,0.16382884979248047,0.31591393053531647,0.3854198455810547,0.48541760444641113,0.0,47.55099868774414,28.01468801498413,1,4,0.0,0.0,0.0
hf_github_codereview,46ca61ce6319c7bd,0.8642935752868652,0.5740468204021454,0.5804935097694397,0.5740468204021454,0.7226254940032959,0.8642935752868652,0.0,46.69163131713867,41.07794952392578,1,2,0.5,0.5,0.5
hf_github_codereview,4cef26f52a015862,0.5246281623840332,0.31427040323615074,0.4207155182957649,0.31427040323615074,0.3951476216316223,0.5246281623840332,0.0,46.69163131713867,40.73331260681152,1,2,0.0,0.0,0.0
hf_github_codereview,83c666cf0491f884,0.07602129131555557,0.07602129131555557,0.07602129131555557,0.07602129131555557,0.07602128386497498,0.07602129131555557,0.0,31.90228271484375,20.491477966308594,1,1,0.0,0.0,0.0
hf_github_codereview,05d4967ce3e1efe3,0.2607676386833191,0.24310369789600372,0.03532788157463074,0.24310369789600372,0.26746663451194763,0.2607676386833191,0.0,29.10907745361328,19.355324745178223,1,2,0.0,0.0,0.0
hf_github_codereview,684f84a5119bee4e,0.7476869821548462,0.7476869821548462,0.7476869821548462,0.7476869821548462,0.7476869821548462,0.7476869821548462,0.0,29.586732864379883,33.89125442504883,1,1,1.0,1.0,0.0
hf_github_codereview,692c44cb25915b15,1.0,0.5843383073806763,0.8313233852386475,0.5843383073806763,0.764420211315155,1.0,0.0,47.95185089111328,45.84222221374512,1,2,0.5,0.5,0.5
hf_github_codereview,18ac2171d9de3a58,0.27639836072921753,0.27639836072921753,0.27639836072921753,0.27639836072921753,0.2763983905315399,0.27639836072921753,0.0,29.17279815673828,27.798608779907227,1,1,0.0,0.0,0.0
hf_github_codereview,de6716a211048d24,0.6817964911460876,0.6817964911460876,0.6817964911460876,0.6817964911460876,0.6817964911460876,0.6817964911460876,0.0,46.87819290161133,48.11069869995117,1,1,1.0,0.0,0.0
hf_github_codereview,2049f1d7c2859099,0.9090502858161926,0.9090502858161926,0.9090502858161926,0.9090502858161926,0.9090502262115479,0.9090502858161926,0.0,35.048484802246094,32.862728118896484,1,1,1.0,1.0,1.0
hf_github_codereview,fe5631f5a2ff2a80,1.0,0.5854815542697906,0.8290368914604187,0.5854815542697906,0.7651676535606384,1.0,0.0,32.573333740234375,31.599928855895996,1,2,0.5,0.5,0.5
hf_github_codereview,b2a04dc0b192a9fa,0.6045749187469482,0.6045749187469482,0.6045749187469482,0.6045749187469482,0.6045749187469482,0.6045749187469482,0.0,43.55071258544922,45.9072151184082,1,1,1.0,0.0,0.0
hf_github_codereview,7cb1405605b1502b,0.6914416551589966,0.6914416551589966,0.6914416551589966,0.6914416551589966,0.6914416551589966,0.6914416551589966,0.0,42.38237380981445,45.9072151184082,1,1,1.0,0.0,0.0
hf_github_codereview,28a94cfac787a6c1,0.6159867644309998,0.31767122726887465,0.5966310743242502,0.31767122726887465,0.4608367085456848,0.6159867644309998,0.0,45.27286148071289,33.10432434082031,1,2,0.5,0.0,0.0
hf_github_codereview,8b8e750a3750c6dd,0.7470831274986267,0.7470831274986267,0.7470831274986267,0.7470831274986267,0.7470831274986267,0.7470831274986267,0.0,46.513519287109375,42.36991882324219,1,1,1.0,1.0,0.0
hf_github_codereview,fdee318446c7a126,0.40106773376464844,0.23605577647686005,0.3300239145755768,0.23605577647686005,0.3182438313961029,0.40106773376464844,0.0,48.47938537597656,42.729896545410156,1,2,0.0,0.0,0.0
hf_github_codereview,0066017fd6b6ccd6,1.0,1.0,1.0,1.0,1.0,1.0,0.0,42.08123016357422,42.08123016357422,1,1,1.0,1.0,1.0
hf_github_codereview,681be551b982b693,1.0,1.0,1.0,1.0,1.0,1.0,0.0,42.08123016357422,42.08123016357422,1,1,1.0,1.0,1.0
hf_github_codereview,9f858ff0e7734120,0.6129026412963867,0.6129026412963867,0.6129026412963867,0.6129026412963867,0.6129026412963867,0.6129026412963867,0.0,41.40082550048828,28.715675354003906,1,1,1.0,0.0,0.0
hf_github_codereview,151ef755b53d9277,0.3166707754135132,0.3166707754135132,0.3166707754135132,0.3166707754135132,0.3166707754135132,0.3166707754135132,0.0,26.35584855079651,38.622642517089844,8,1,0.0,0.0,0.0
hf_github_codereview,980c079d71cce9dc,1.0,0.7947504818439484,0.41049903631210327,0.7947504818439484,0.8914878964424133,1.0,0.0,36.6733512878418,35.65350532531738,1,2,0.5,0.5,0.5
hf_github_codereview,277850b8479bb585,1.0,0.7947504818439484,0.41049903631210327,0.7947504818439484,0.8914877772331238,1.0,0.0,34.63365936279297,35.65350532531738,1,2,0.5,0.5,0.5
hf_github_codereview,fc855cad3382b0b5,0.7626953721046448,0.6841448843479156,0.15710097551345825,0.6841448843479156,0.7822647094726562,0.7626953721046448,0.0,33.3615608215332,40.21177101135254,1,2,1.0,0.5,0.0
hf_github_codereview,2e5b9d32a5cd772e,0.39034274220466614,0.3713713735342026,0.037942737340927124,0.3713713735342026,0.40348196029663086,0.39034274220466614,0.0,39.96726989746094,33.486785888671875,1,2,0.0,0.0,0.0
hf_github_codereview,92ff76fc1b7a916e,0.18623383343219757,0.18367571383714676,0.0051162391901016235,0.18367571383714676,0.22321327030658722,0.18623383343219757,0.0,42.92253494262695,43.65936470031738,1,2,0.0,0.0,0.0
hf_github_codereview,61e94e1553e35e91,0.9906313419342041,0.643536388874054,0.6941899061203003,0.643536388874054,0.8031542897224426,0.9906313419342041,0.0,39.278160095214844,39.82120704650879,1,2,0.5,0.5,0.5
hf_github_codereview,4b4d53bde89878b0,0.6731384992599487,0.33865347504615784,0.4592128098011017,0.33865347504615784,0.48937085270881653,0.6731384992599487,0.0,46.005226135253906,43.235894521077476,1,3,0.3333333333333333,0.0,0.0
hf_github_codereview,12af4ed7c73fc98b,0.019782662391662598,0.019782662391662598,0.019782662391662598,0.019782662391662598,0.019782662391662598,0.019782662391662598,0.0,39.10531997680664,20.48931884765625,1,1,0.0,0.0,0.0
hf_github_codereview,0fff1ec1596f6ddb,0.35574871301651,0.28850442667802173,0.03908941149711609,0.28850442667802173,0.4337349534034729,0.35574871301651,0.0,31.22787094116211,37.547797520955406,1,3,0.0,0.0,0.0
hf_github_codereview,1425e9c621908ffc,0.7299702167510986,0.4401646703481674,0.5796110928058624,0.4401646703481674,0.563404381275177,0.7299702167510986,0.0,47.607933044433594,41.50749206542969,1,2,0.5,0.5,0.0
hf_github_codereview,059da6f90bd942e6,0.5363434553146362,0.5363434553146362,0.5363434553146362,0.5363434553146362,0.5363434553146362,0.5363434553146362,0.0,33.31010055541992,42.72438049316406,1,1,0.0,0.0,0.0
hf_github_codereview,fd595e176f02c5ee,0.3495970368385315,0.3495970368385315,0.3495970368385315,0.3495970368385315,0.3495970368385315,0.3495970368385315,0.0,43.541282653808594,42.72438049316406,1,1,0.0,0.0,0.0
hf_github_codereview,a18e692cd83f7d9c,0.537533164024353,0.537533164024353,0.537533164024353,0.537533164024353,0.537533164024353,0.537533164024353,0.0,26.622142791748047,29.51612091064453,1,1,0.0,0.0,0.0
hf_github_codereview,98a0cf3da8786fdc,0.5531192421913147,0.4327389597892761,0.24076056480407715,0.4327389597892761,0.4906170964241028,0.5531192421913147,0.0,40.72909927368164,36.09099197387695,1,2,0.0,0.0,0.0
hf_github_codereview,62767e9bc1bc6095,0.8173646926879883,0.7062371671199799,0.22225505113601685,0.7062371671199799,0.7676220536231995,0.8173646926879883,0.0,41.38115310668945,42.85073280334473,1,2,0.5,0.5,0.5
hf_github_codereview,2f87ddd39808b7c0,0.16967368125915527,0.16967368125915527,0.16967368125915527,0.16967368125915527,0.16967368125915527,0.16967368125915527,0.0,25.926486015319824,46.715187072753906,6,1,0.0,0.0,0.0
hf_github_codereview,84636400de78b37b,0.1316787600517273,0.11507270733515422,0.02041707932949066,0.11507270733515422,0.14542825520038605,0.1316787600517273,0.0,35.030540466308594,36.3163096110026,1,3,0.0,0.0,0.0
hf_github_codereview,9b9c245a53afbbb2,0.6124656796455383,0.6124656796455383,0.6124656796455383,0.6124656796455383,0.6124656796455383,0.6124656796455383,0.0,38.522483825683594,35.489017486572266,1,1,1.0,0.0,0.0
hf_github_codereview,66877ebc15ca4486,0.9999998807907104,0.9999998807907104,0.9999998807907104,0.9999998807907104,1.0,0.9999998807907104,0.0,41.65990447998047,41.65990447998047,1,1,1.0,1.0,1.0
hf_github_codereview,8555873f1a819d1c,0.2937866747379303,0.1962510384619236,0.1950712725520134,0.1962510384619236,0.26627177000045776,0.2937866747379303,0.0,37.18889236450195,40.0606575012207,1,2,0.0,0.0,0.0
hf_github_codereview,be6e5e39ddebd194,0.37558236718177795,0.20477993972599506,0.3416048549115658,0.20477993972599506,0.28405267000198364,0.37558236718177795,0.0,40.3753776550293,34.57678699493408,1,2,0.0,0.0,0.0
hf_github_codereview,ef6b8d4b74c23ce3,0.7104982137680054,0.7104982137680054,0.7104982137680054,0.7104982137680054,0.7104981541633606,0.7104982137680054,0.0,38.52096176147461,38.48064041137695,1,1,1.0,1.0,0.0
hf_github_codereview,5aabddc2743a63a9,0.9776621460914612,0.7384019047021866,0.4785204827785492,0.7384019047021866,0.8515958786010742,0.9776621460914612,0.0,37.389949798583984,41.489479064941406,1,2,0.5,0.5,0.5
hf_github_codereview,84e309057fcf9a92,0.8223587274551392,0.7307465672492981,0.18322432041168213,0.7307465672492981,0.8527791500091553,0.8223587274551392,0.0,44.186668395996094,40.27215766906738,1,2,1.0,0.5,0.5
hf_github_codereview,b5025da3ee7af5ec,0.4111061096191406,0.4111061096191406,0.4111061096191406,0.4111061096191406,0.4111061096191406,0.4111061096191406,0.0,28.779022216796875,23.183876037597656,1,1,0.0,0.0,0.0
hf_github_codereview,f43d28e852b8d263,0.8569469451904297,0.8569469451904297,0.8569469451904297,0.8569469451904297,0.8569470047950745,0.8569469451904297,0.0,37.47889709472656,37.715232849121094,1,1,1.0,1.0,1.0
hf_github_codereview,c38d97f07c88a4cc,0.4161684513092041,0.4161684513092041,0.4161684513092041,0.4161684513092041,0.4161685109138489,0.4161684513092041,0.0,31.409637451171875,24.96238899230957,1,1,0.0,0.0,0.0
hf_github_codereview,4f496bcc62409e31,0.12665601074695587,0.12665601074695587,0.12665601074695587,0.12665601074695587,0.12665601074695587,0.12665601074695587,0.0,23.547216415405273,29.15412712097168,1,1,0.0,0.0,0.0
hf_github_codereview,3b49d360f39592b7,0.45195332169532776,0.33698366582393646,0.2299393117427826,0.33698366582393646,0.3704036474227905,0.45195332169532776,0.0,37.294368743896484,28.404616355895996,1,2,0.0,0.0,0.0
hf_github_codereview,4b465e1b4b837c61,0.6132732629776001,0.6073359251022339,0.011874675750732422,0.6073359251022339,0.6571305990219116,0.6132732629776001,0.0,40.74423599243164,38.98905372619629,1,2,1.0,0.0,0.0
hf_github_codereview,58a329856ec361b6,0.4741153120994568,0.4741153120994568,0.4741153120994568,0.4741153120994568,0.4741153120994568,0.4741153120994568,0.0,44.85641860961914,33.72843551635742,1,1,0.0,0.0,0.0
hf_github_codereview,05828790aa942c17,0.3054697811603546,0.20564648509025574,0.19964659214019775,0.20564648509025574,0.2773333787918091,0.3054697811603546,0.0,41.1253662109375,42.9671688079834,1,2,0.0,0.0,0.0
hf_github_codereview,e59ca36ee65359f1,0.14977510273456573,0.11198162660002708,0.0755869522690773,0.11198162660002708,0.15615524351596832,0.14977510273456573,0.0,39.88504409790039,34.02070713043213,1,2,0.0,0.0,0.0
hf_github_codereview,46424284980e527e,0.5264420509338379,0.5264420509338379,0.5264420509338379,0.5264420509338379,0.5264420509338379,0.5264420509338379,0.0,47.483909606933594,36.39396286010742,1,1,0.0,0.0,0.0
hf_github_codereview,4860b7247c91dd29,0.44634199142456055,0.44634199142456055,0.44634199142456055,0.44634199142456055,0.44634199142456055,0.44634199142456055,0.0,40.426795959472656,25.779539108276367,1,1,0.0,0.0,0.0
hf_github_codereview,698595ce83941467,0.6039022207260132,0.5310212820768356,0.1457618772983551,0.5310212820768356,0.588824987411499,0.6039022207260132,0.0,43.77890396118164,37.11187744140625,1,2,0.5,0.0,0.0
hf_github_codereview,30cb2eb934952428,0.5399835109710693,0.5202071666717529,0.03955268859863281,0.5202071666717529,0.5675058364868164,0.5399835109710693,0.0,29.762914657592773,37.8563117980957,1,2,0.0,0.0,0.0
hf_github_codereview,d8622f446c54a1a0,0.18800349533557892,0.17593275755643845,0.024141475558280945,0.17593275755643845,0.19613951444625854,0.18800349533557892,0.0,30.485309600830078,42.45880699157715,1,2,0.0,0.0,0.0
hf_github_codereview,387481301b16c133,0.5766849517822266,0.5766849517822266,0.5766849517822266,0.5766849517822266,0.5766849517822266,0.5766849517822266,0.0,41.524147033691406,27.710058212280273,1,1,0.0,0.0,0.0
hf_github_codereview,86e58e7a1c353a30,0.798606276512146,0.5773835778236389,0.44244539737701416,0.5773835778236389,0.6842520236968994,0.798606276512146,0.0,32.49723434448242,37.02761650085449,1,2,0.5,0.5,0.0
hf_github_codereview,8e20bedcd86200ad,0.4874238967895508,0.4874238967895508,0.4874238967895508,0.4874238967895508,0.4874238967895508,0.4874238967895508,0.0,35.02218246459961,30.55101776123047,1,1,0.0,0.0,0.0
hf_github_codereview,64d79d10410341bc,0.4898597002029419,0.4898597002029419,0.4898597002029419,0.4898597002029419,0.4898597002029419,0.4898597002029419,0.0,41.30200958251953,43.64841079711914,1,1,0.0,0.0,0.0
hf_github_codereview,737136f4f18f0f68,0.962489128112793,0.7279327809810638,0.46911269426345825,0.7279327809810638,0.8427838087081909,0.962489128112793,0.0,39.35103225708008,43.51194190979004,1,2,0.5,0.5,0.5
hf_github_codereview,5e86333a4bc9250d,1.0,1.0,1.0,1.0,1.0,1.0,0.0,42.720699310302734,42.720699310302734,1,1,1.0,1.0,1.0
hf_github_codereview,aa8fd83883ec60f5,1.0,0.7317855656147003,0.5364288687705994,0.7317855656147003,0.8554447293281555,1.0,0.0,47.245601654052734,47.41971778869629,1,2,0.5,0.5,0.5
hf_github_codereview,cbdb1572b57e1ed3,0.636011004447937,0.6261543035507202,0.019713401794433594,0.6261543035507202,0.6968036890029907,0.636011004447937,0.0,39.23307418823242,31.749937057495117,1,2,1.0,0.0,0.0
hf_github_codereview,0f228241175e1e08,0.7965626120567322,0.5996445119380951,0.39383620023727417,0.5996445119380951,0.7450456619262695,0.7965626120567322,0.0,37.51143264770508,44.14468574523926,1,2,0.5,0.5,0.0
hf_github_codereview,cf9323d531b93716,0.4723725914955139,0.32855626940727234,0.28763264417648315,0.32855626940727234,0.3526591956615448,0.4723725914955139,0.0,43.765628814697266,34.06830406188965,1,2,0.0,0.0,0.0
hf_github_codereview,749772776986d94a,0.8137279748916626,0.5599938780069351,0.507468193769455,0.5599938780069351,0.6910282969474792,0.8137279748916626,0.0,44.90346908569336,39.555946350097656,1,2,0.5,0.5,0.5
hf_github_codereview,c280ce9761603ec4,0.8401297330856323,0.6063759028911591,0.46750766038894653,0.6063759028911591,0.7332277297973633,0.8401297330856323,0.0,38.052528381347656,39.472389221191406,1,2,0.5,0.5,0.5
hf_github_codereview,d9709be84e8c9d7b,0.4739632308483124,0.4739632308483124,0.4739632308483124,0.4739632308483124,0.47396320104599,0.4739632308483124,0.0,44.160797119140625,23.240102767944336,1,1,0.0,0.0,0.0
hf_github_codereview,eef170114411f0c2,0.4094988703727722,0.35583382844924927,0.1073300838470459,0.35583382844924927,0.4665811061859131,0.4094988703727722,0.0,43.64741516113281,41.70563507080078,1,2,0.0,0.0,0.0
hf_github_codereview,3b052ea11b20e24e,0.47198909521102905,0.4304976612329483,0.0829828679561615,0.4304976612329483,0.5085464715957642,0.47198909521102905,0.0,45.523048400878906,40.9891242980957,1,2,0.0,0.0,0.0
hf_github_codereview,f82174d3a5646908,0.9917292594909668,0.5984353423118591,0.7865878343582153,0.5984353423118591,0.7695158123970032,0.9917292594909668,0.0,37.796714782714844,33.31112098693848,1,2,0.5,0.5,0.5
hf_github_codereview,9728aaeaf96ec5ed,0.6242109537124634,0.6242109537124634,0.6242109537124634,0.6242109537124634,0.6242109537124634,0.6242109537124634,0.0,26.873659133911133,39.70671081542969,1,1,1.0,0.0,0.0
hf_github_codereview,143f8d15ec488dd0,0.42490559816360474,0.3835759659608205,0.05066576600074768,0.36377281695604324,0.5053645968437195,0.42490559816360474,0.0,26.057851791381836,38.0761775970459,1,4,0.0,0.0,0.0
hf_github_codereview,01afab29e05672d8,0.7827991247177124,0.7827991247177124,0.7827991247177124,0.7827991247177124,0.7827991247177124,0.7827991247177124,0.0,47.23862838745117,44.38960647583008,1,1,1.0,1.0,0.0
hf_github_codereview,7091333cf2b04e4c,1.0,0.4088290762156248,0.7988130152225494,0.4088290762156248,0.6408803462982178,1.0,0.0,45.81806945800781,35.11201858520508,1,3,0.3333333333333333,0.3333333333333333,0.3333333333333333
hf_github_codereview,cf6e590043a142c7,0.7427363991737366,0.7427363991737366,0.7427363991737366,0.7427363991737366,0.7427363395690918,0.7427363991737366,0.0,46.20627212524414,35.908546447753906,1,1,1.0,1.0,0.0
hf_github_codereview,fa3719ad4301f39a,0.6478255987167358,0.6478255987167358,0.6478255987167358,0.6478255987167358,0.6478257179260254,0.6478255987167358,0.0,37.33736038208008,34.87883377075195,1,1,1.0,0.0,0.0
hf_github_codereview,d2ec8d09b32b6425,0.7376022338867188,0.7376022338867188,0.7376022338867188,0.7376022338867188,0.7376022338867188,0.7376022338867188,0.0,38.17344284057617,48.467288970947266,1,1,1.0,1.0,0.0
hf_github_codereview,746f96d35f5032b0,0.24912382662296295,0.24912382662296295,0.24912382662296295,0.24912382662296295,0.24912382662296295,0.24912382662296295,0.0,41.856143951416016,48.467288970947266,1,1,0.0,0.0,0.0
hf_github_codereview,bcdb0270621f75c4,0.6154883503913879,0.6154883503913879,0.6154883503913879,0.6154883503913879,0.6154883503913879,0.6154883503913879,0.0,40.76274108886719,41.25109100341797,1,1,1.0,0.0,0.0
hf_github_codereview,28eadf02da9c26ac,0.2945733666419983,0.2945733666419983,0.2945733666419983,0.2945733666419983,0.2945733666419983,0.2945733666419983,0.0,35.789207458496094,36.4307975769043,1,1,0.0,0.0,0.0
hf_github_codereview,dfbebfa9931c866a,0.5964196920394897,0.4488964080810547,0.2950465679168701,0.4488964080810547,0.5779521465301514,0.5964196920394897,0.0,41.965057373046875,29.61098861694336,1,2,0.0,0.0,0.0
hf_github_codereview,cdba7a353bc95fdd,0.6453876495361328,0.6453876495361328,0.6453876495361328,0.6453876495361328,0.6453876495361328,0.6453876495361328,0.0,42.786800384521484,33.2310905456543,1,1,1.0,0.0,0.0
hf_github_codereview,afe9c798a4475bae,0.7221428155899048,0.7221428155899048,0.7221428155899048,0.7221428155899048,0.7221428751945496,0.7221428155899048,0.0,42.972137451171875,40.495670318603516,1,1,1.0,1.0,0.0
hf_github_codereview,33d1ffdda94cfdf8,0.6077624559402466,0.4536256492137909,0.3082736134529114,0.4536256492137909,0.5933575630187988,0.6077624559402466,0.0,37.03840255737305,31.996156692504883,1,2,0.5,0.0,0.0
hf_github_codereview,fe3603067c4e7003,0.6600281596183777,0.46088559925556183,0.3982851207256317,0.46088559925556183,0.5666451454162598,0.6600281596183777,0.0,34.61717224121094,40.355276107788086,1,2,0.5,0.0,0.0
hf_github_codereview,73adc5c9b15a8575,0.28708362579345703,0.26448702812194824,0.04519319534301758,0.26448702812194824,0.3103255033493042,0.28708362579345703,0.0,42.80167007446289,37.83624839782715,1,2,0.0,0.0,0.0
hf_github_codereview,43bc75d7ce297414,0.19860641658306122,0.1593058481812477,0.029980316758155823,0.14186107367277145,0.16157673299312592,0.19860641658306122,0.0,26.988039016723633,27.17320728302002,1,4,0.0,0.0,0.0
hf_github_codereview,e2f8afffb6bd97f1,0.1791103035211563,0.15280714382727942,0.010484203696250916,0.13698704540729523,0.15891730785369873,0.1791103035211563,0.0,26.988039016723633,29.034887313842773,1,4,0.0,0.0,0.0
hf_github_codereview,359c5007ffa74dda,1.0,1.0,1.0,1.0,1.0,1.0,0.0,43.537052154541016,43.537052154541016,1,1,1.0,1.0,1.0
hf_github_codereview,23e2dd2e3101ee69,0.49128127098083496,0.46576879918575287,0.051024943590164185,0.46576879918575287,0.5043461322784424,0.49128127098083496,0.0,29.689050674438477,42.61787986755371,1,2,0.0,0.0,0.0
hf_github_codereview,31f06cc0534d9d3d,0.8087161779403687,0.5336202283700308,0.28670400381088257,0.5336202283700308,0.6982484459877014,0.8087161779403687,0.0,33.75904083251953,38.97369639078776,1,3,0.3333333333333333,0.3333333333333333,0.3333333333333333
hf_github_codereview,c8688aa759ab4417,1.0,0.6539573470751444,0.30230551958084106,0.6539573470751444,0.8375635147094727,1.0,0.0,34.35869598388672,40.19386545817057,1,3,0.6666666666666666,0.3333333333333333,0.3333333333333333
hf_github_codereview,24c19e071100de54,0.541625440120697,0.2595804836601019,0.5640899129211903,0.2595804836601019,0.33275461196899414,0.541625440120697,0.0,29.8669376373291,42.78156852722168,1,2,0.0,0.0,0.0
hf_github_codereview,ceaccf86d90bd792,0.6160968542098999,0.3922910541296005,0.44761160016059875,0.3922910541296005,0.4927821159362793,0.6160968542098999,0.0,43.35360336303711,31.133395195007324,1,2,0.5,0.0,0.0
hf_github_codereview,a1001a2d61c45e56,0.36608627438545227,0.26036467403173447,0.2114432007074356,0.26036467403173447,0.35537779331207275,0.36608627438545227,0.0,35.49116516113281,27.904001235961914,1,2,0.0,0.0,0.0
hf_github_codereview,253674389cbdcb1d,0.529104471206665,0.529104471206665,0.529104471206665,0.529104471206665,0.5291043519973755,0.529104471206665,0.0,40.536075592041016,40.3015251159668,1,1,0.0,0.0,0.0
hf_github_codereview,607d628004d82007,0.9999999403953552,0.6059401333332062,0.7881196141242981,0.6059401333332062,0.7784216403961182,0.9999999403953552,0.0,37.36610412597656,29.846463203430176,1,2,0.5,0.5,0.5
hf_github_codereview,a01e858c0426f761,0.6274439692497253,0.6274439692497253,0.6274439692497253,0.6274439692497253,0.6274439692497253,0.6274439692497253,0.0,43.48139572143555,37.9907112121582,1,1,1.0,0.0,0.0
hf_github_codereview,1f70931eee41b95c,0.6861620545387268,0.44502416998147964,0.4822757691144943,0.44502416998147964,0.6074238419532776,0.6861620545387268,0.0,36.392032623291016,27.904001235961914,1,2,0.5,0.0,0.0
hf_github_codereview,e2839e0667a242b6,0.9775018095970154,0.6956864992777506,0.31544870138168335,0.6956864992777506,0.8639066219329834,0.9775018095970154,0.0,36.215213775634766,41.39170455932617,1,3,0.6666666666666666,0.3333333333333333,0.3333333333333333
hf_github_codereview,593a67a969de6673,1.0,0.5204667411744595,0.9590665176510811,0.5204667411744595,0.7214337587356567,1.0,0.0,41.44852828979492,41.33596420288086,1,2,0.5,0.5,0.5
hf_github_codereview,c21c24d2906ce4da,0.3441077768802643,0.3441077768802643,0.3441077768802643,0.3441077768802643,0.34410780668258667,0.3441077768802643,0.0,29.015596389770508,38.17433547973633,1,1,0.0,0.0,0.0
hf_github_codereview,8f042e7c55fdcbff,0.4036119878292084,0.4036119878292084,0.4036119878292084,0.4036119878292084,0.40361201763153076,0.4036119878292084,0.0,36.12293243408203,45.962486267089844,1,1,0.0,0.0,0.0
hf_github_codereview,06582e91e8cd938d,0.9896312952041626,0.9896312952041626,0.9896312952041626,0.9896312952041626,0.9896312952041626,0.9896312952041626,0.0,35.87328338623047,36.230506896972656,1,1,1.0,1.0,1.0
hf_github_codereview,a87b6a7871e56246,0.49382320046424866,0.4376378804445267,0.11237064003944397,0.4376378804445267,0.5862097144126892,0.49382320046424866,0.0,34.76787185668945,37.732913970947266,1,2,0.0,0.0,0.0
hf_github_codereview,0c342c8a436fda14,0.5084410905838013,0.5084410905838013,0.5084410905838013,0.5084410905838013,0.508441150188446,0.5084410905838013,0.0,40.0636100769043,35.42112350463867,1,1,0.0,0.0,0.0
hf_github_codereview,23b80a10ecc034e1,0.760416567325592,0.4973193556070328,0.5261944234371185,0.4973193556070328,0.6661522388458252,0.760416567325592,0.0,39.10365295410156,37.732913970947266,1,2,0.5,0.5,0.0
hf_github_codereview,63617f3c111c1617,0.43305978178977966,0.43305978178977966,0.43305978178977966,0.43305978178977966,0.43305978178977966,0.43305978178977966,0.0,40.434120178222656,31.038467407226562,1,1,0.0,0.0,0.0
hf_github_codereview,47ffcc3bb5942bc5,0.32831430435180664,0.3090660125017166,0.038496583700180054,0.3090660125017166,0.3472166657447815,0.32831430435180664,0.0,31.740394592285156,31.20044708251953,1,2,0.0,0.0,0.0
hf_github_codereview,5f8aed8b54d16756,0.7575379610061646,0.7575379610061646,0.7575379610061646,0.7575379610061646,0.7575380802154541,0.7575379610061646,0.0,44.481895446777344,45.606536865234375,1,1,1.0,1.0,0.0
hf_github_codereview,6910406abd44fb33,0.4943450391292572,0.4943450391292572,0.4943450391292572,0.4943450391292572,0.4943450391292572,0.4943450391292572,0.0,45.7485466003418,32.29551315307617,1,1,0.0,0.0,0.0
hf_github_codereview,0c1e6a4d15f17c83,0.48029008507728577,0.48029008507728577,0.48029008507728577,0.48029008507728577,0.48029008507728577,0.48029008507728577,0.0,36.04051971435547,39.63977813720703,1,1,0.0,0.0,0.0
hf_github_codereview,e6520f9b94cd0551,0.2217012643814087,0.20633496344089508,0.03073260188102722,0.20633496344089508,0.2636306583881378,0.2217012643814087,0.0,45.337745666503906,28.365818977355957,1,2,0.0,0.0,0.0
hf_github_codereview,72be889868bc787a,0.5739611387252808,0.4710683971643448,0.20578548312187195,0.4710683971643448,0.5613694190979004,0.5739611387252808,0.0,40.993492126464844,41.72862243652344,1,2,0.0,0.0,0.0
hf_github_codereview,17f4c12a5ed8cf86,0.9999998807907104,0.9999998807907104,0.9999998807907104,0.9999998807907104,1.0,0.9999998807907104,0.0,28.472423553466797,28.472423553466797,1,1,1.0,1.0,1.0
hf_github_codereview,819e229e1a420c7f,0.49498695135116577,0.35659661889076233,0.03206545114517212,0.35659661889076233,0.4310496151447296,0.49498695135116577,0.0,25.894973754882812,38.535579681396484,1,3,0.0,0.0,0.0
hf_github_codereview,750ea19fc99e7a85,1.0,1.0,1.0,1.0,1.0,1.0,0.0,37.82903289794922,37.82903289794922,1,1,1.0,1.0,1.0
hf_github_codereview,7fbcfe24256ac214,0.7424150109291077,0.7424150109291077,0.7424150109291077,0.7424150109291077,0.7424150109291077,0.7424150109291077,0.0,30.326053619384766,37.079044342041016,1,1,1.0,1.0,0.0
hf_github_codereview,687787ac002e7525,0.7937063574790955,0.7937063574790955,0.7937063574790955,0.7937063574790955,0.7937063574790955,0.7937063574790955,0.0,34.45868682861328,37.079044342041016,1,1,1.0,1.0,0.0
hf_github_codereview,1a788b033fc3698b,0.9999998807907104,0.9999998807907104,0.9999998807907104,0.9999998807907104,1.0,0.9999998807907104,0.0,36.12356948852539,36.12356948852539,1,1,1.0,1.0,1.0
hf_github_codereview,32de6653e9397cd4,0.9999999403953552,0.9999999403953552,0.9999999403953552,0.9999999403953552,1.0,0.9999999403953552,0.0,31.362773895263672,31.362773895263672,1,1,1.0,1.0,1.0
hf_github_codereview,2864a9b8e0baae18,1.0,1.0,1.0,1.0,1.0,1.0,0.0,31.92854881286621,31.92854881286621,1,1,1.0,1.0,1.0
hf_github_codereview,43e93dd37e928d11,0.8005496263504028,0.5053325792153677,0.28364455699920654,0.4125092774629593,0.6058717966079712,0.8005496263504028,0.0,37.466609954833984,31.000754833221436,1,4,0.25,0.25,0.25
hf_github_codereview,ed3e9297ca039fd9,0.9693396687507629,0.9693396687507629,0.9693396687507629,0.9693396687507629,0.9693397879600525,0.9693396687507629,0.0,27.00144386291504,27.965871810913086,1,1,1.0,1.0,1.0
hf_github_codereview,b5d94f292de7dc9b,0.5100790858268738,0.327851265668869,0.3644556403160095,0.327851265668869,0.44760608673095703,0.5100790858268738,0.0,45.73344421386719,41.39416313171387,1,2,0.0,0.0,0.0
hf_github_codereview,2dda5944fa98d39a,0.7431709170341492,0.7431709170341492,0.7431709170341492,0.7431709170341492,0.7431709170341492,0.7431709170341492,0.0,44.886627197265625,44.99317169189453,1,1,1.0,1.0,0.0
hf_github_codereview,5d660dd78d7a73b3,0.6964210271835327,0.6964210271835327,0.6964210271835327,0.6964210271835327,0.6964210271835327,0.6964210271835327,0.0,34.716007232666016,44.99317169189453,1,1,1.0,0.0,0.0
hf_github_codereview,62c2b5e5a5bf7953,0.3272867202758789,0.20435364916920662,0.24586614221334457,0.20435364916920662,0.2644655704498291,0.3272867202758789,0.0,46.10887145996094,28.689899444580078,1,2,0.0,0.0,0.0
hf_github_codereview,f9e0b03843020200,0.23160450160503387,0.19493593275547028,0.0733371376991272,0.19493593275547028,0.2548017203807831,0.23160450160503387,0.0,40.72308349609375,38.49560356140137,1,2,0.0,0.0,0.0
hf_github_codereview,b6d897d8ef8b8098,0.8483090400695801,0.8483090400695801,0.8483090400695801,0.8483090400695801,0.8483091592788696,0.8483090400695801,0.0,46.102455139160156,44.29448699951172,1,1,1.0,1.0,1.0
hf_github_codereview,14542939668c8a1c,0.7976835370063782,0.5665943324565887,0.46217840909957886,0.5665943324565887,0.6566030979156494,0.7976835370063782,0.0,38.63864517211914,45.657936096191406,1,2,0.5,0.5,0.0
hf_github_codereview,e2e569e4ce74bcdf,0.3000473976135254,0.22183939069509506,0.15641601383686066,0.22183939069509506,0.257080614566803,0.3000473976135254,0.0,37.48000717163086,45.657936096191406,1,2,0.0,0.0,0.0
hf_github_codereview,acdb51b7870347ec,0.7053117752075195,0.7053117752075195,0.7053117752075195,0.7053117752075195,0.7053117752075195,0.7053117752075195,0.0,33.58473587036133,41.14959716796875,1,1,1.0,1.0,0.0
hf_github_codereview,1abf4a0508d59d63,1.0,1.0,1.0,1.0,1.0,1.0,0.0,43.28256607055664,43.28256607055664,1,1,1.0,1.0,1.0
hf_github_codereview,cee1ddb79c3127c5,0.2897430658340454,0.2897430658340454,0.2897430658340454,0.2897430658340454,0.2897430658340454,0.2897430658340454,0.0,26.41165542602539,26.559667587280273,1,1,0.0,0.0,0.0
hf_github_codereview,46b820ffddec1ba4,0.8830462098121643,0.8830462098121643,0.8830462098121643,0.8830462098121643,0.8830462098121643,0.8830462098121643,0.0,38.22639846801758,45.687774658203125,1,1,1.0,1.0,1.0
hf_github_codereview,84c6f3ad43aec73b,0.7967706918716431,0.5117661282420158,0.5700091272592545,0.5117661282420158,0.6477652788162231,0.7967706918716431,0.0,37.44707489013672,39.95252990722656,1,2,0.5,0.5,0.0
hf_github_codereview,7e0371225e3cf2f8,0.2993122339248657,0.24072198073069254,0.03980746865272522,0.2167695239186287,0.24604259431362152,0.2993122339248657,0.0,41.44852828979492,26.07010269165039,1,4,0.0,0.0,0.0
hf_github_codereview,12828ebab3b3b18e,0.6002036333084106,0.5177330076694489,0.16494125127792358,0.5177330076694489,0.5677177906036377,0.6002036333084106,0.0,40.19245529174805,38.67573356628418,1,2,0.5,0.0,0.0
hf_github_codereview,a41c5dcad1a3f80a,0.8255152702331543,0.5695730000734329,0.5118845403194427,0.5695730000734329,0.685786247253418,0.8255152702331543,0.0,47.60920333862305,41.78183174133301,1,2,0.5,0.5,0.5
hf_github_codereview,0f97d6ecbbff4ad0,1.0,0.8501368761062622,0.2997262477874756,0.8501368761062622,0.922028660774231,1.0,0.0,28.68561553955078,32.13092803955078,1,2,1.0,1.0,0.5
hf_github_codereview,3a1b26ab5d80804e,0.9999998807907104,0.8501368165016174,0.29972612857818604,0.8501368165016174,0.9220287203788757,0.9999998807907104,0.0,35.57624053955078,32.13092803955078,1,2,1.0,1.0,0.5
hf_github_codereview,5c08358b76aab175,0.49153876304626465,0.38530874252319336,0.21246004104614258,0.38530874252319336,0.44404807686805725,0.49153876304626465,0.0,42.539390563964844,44.00369834899902,1,2,0.0,0.0,0.0
hf_github_codereview,66d891bb0f061402,0.5086445212364197,0.37558313459157944,0.2661227732896805,0.37558313459157944,0.4507119357585907,0.5086445212364197,0.0,35.196815490722656,35.949798583984375,1,2,0.0,0.0,0.0
hf_github_codereview,be4a779ac30c05b0,1.0,1.0,1.0,1.0,1.0,1.0,0.0,26.08049201965332,26.08049201965332,1,1,1.0,1.0,1.0
hf_github_codereview,92e645e2b00165ce,1.0,1.0,1.0,1.0,1.0,1.0,0.0,26.03719711303711,26.03719711303711,1,1,1.0,1.0,1.0
hf_github_codereview,8ac5211ec3d5132c,0.9944082498550415,0.9944082498550415,0.9944082498550415,0.9944082498550415,0.9944083094596863,0.9944082498550415,0.0,34.74216079711914,34.85735321044922,1,1,1.0,1.0,1.0
hf_github_codereview,d7cc747018e0cec9,0.8614879846572876,0.8614879846572876,0.8614879846572876,0.8614879846572876,0.8614881038665771,0.8614879846572876,0.0,32.08854675292969,39.82777786254883,1,1,1.0,1.0,1.0
hf_github_codereview,3c8228d193c2ee84,0.9849464893341064,0.9849464893341064,0.9849464893341064,0.9849464893341064,0.9849463701248169,0.9849464893341064,0.0,32.68862533569336,35.73389434814453,1,1,1.0,1.0,1.0
hf_github_codereview,c8f394e80f183a13,1.0,0.7715370655059814,0.4569258689880371,0.7715370655059814,0.8783718943595886,1.0,0.0,43.8264274597168,43.340396881103516,1,2,0.5,0.5,0.5
hf_github_codereview,af9b1172c8b734db,0.9162733554840088,0.41668161004781723,0.9991834908723831,0.41668161004781723,0.60835862159729,0.9162733554840088,0.0,49.88227844238281,34.112547874450684,1,2,0.5,0.5,0.5
hf_github_codereview,9d06418914489661,0.9999999403953552,0.9999999403953552,0.9999999403953552,0.9999999403953552,1.0,0.9999999403953552,0.0,33.212867736816406,33.212867736816406,1,1,1.0,1.0,1.0
hf_github_codereview,f1652cdab186c625,0.7582963109016418,0.5999945998191833,0.316603422164917,0.5999945998191833,0.725946307182312,0.7582963109016418,0.0,37.719764709472656,37.85381317138672,1,2,0.5,0.5,0.0
hf_github_codereview,1810c23cf8b82c88,1.0,1.0,1.0,1.0,1.0,1.0,0.0,33.84910202026367,33.84910202026367,1,1,1.0,1.0,1.0
hf_github_codereview,19da64afe91e6313,0.9999998211860657,0.9999998211860657,0.9999998211860657,0.9999998211860657,0.9999998807907104,0.9999998211860657,0.0,37.982933044433594,37.982933044433594,1,1,1.0,1.0,1.0
hf_github_codereview,f84f3b54f36acaa9,0.6675946116447449,0.4809868037700653,0.37321561574935913,0.4809868037700653,0.5949813723564148,0.6675946116447449,0.0,41.050899505615234,37.807119369506836,1,2,0.5,0.0,0.0
hf_github_codereview,0deadeca30be05b6,0.9145058989524841,0.9145058989524841,0.9145058989524841,0.9145058989524841,0.9145058989524841,0.9145058989524841,0.0,43.0063362121582,44.84365463256836,1,1,1.0,1.0,1.0
hf_github_codereview,f625bc0ce20c8ce8,0.6456180810928345,0.6441906094551086,0.00285494327545166,0.6441906094551086,0.6695928573608398,0.6456180810928345,0.0,38.73514175415039,42.72653579711914,1,2,1.0,0.0,0.0
hf_github_codereview,414fc448ab8297e1,0.8654118776321411,0.787423849105835,0.1559760570526123,0.787423849105835,0.818474292755127,0.8654118776321411,0.0,41.881568908691406,42.72653579711914,1,2,1.0,1.0,0.5
hf_github_codereview,c85ffae7ef667a73,0.5230295658111572,0.28608768433332443,0.4738837629556656,0.28608768433332443,0.415896475315094,0.5230295658111572,0.0,46.89189910888672,31.42259407043457,1,2,0.0,0.0,0.0
hf_github_codereview,e4039895e97a2972,0.43513286113739014,0.27392563596367836,0.32241445034742355,0.27392563596367836,0.32796037197113037,0.43513286113739014,0.0,30.33173370361328,42.412010192871094,1,2,0.0,0.0,0.0
hf_github_codereview,8c38524a677040b0,0.5838780999183655,0.4713604003190994,0.2250353991985321,0.4713604003190994,0.5789717435836792,0.5838780999183655,0.0,44.658809661865234,35.7238883972168,1,2,0.0,0.0,0.0
hf_github_codereview,7830843d595942b8,0.7859571576118469,0.7859571576118469,0.7859571576118469,0.7859571576118469,0.7859571576118469,0.7859571576118469,0.0,34.00306701660156,38.81433868408203,1,1,1.0,1.0,0.0
hf_github_codereview,0f20d9dbdafa4970,0.2307477444410324,0.2307477444410324,0.2307477444410324,0.2307477444410324,0.2307477742433548,0.2307477444410324,0.0,29.187719345092773,28.105382919311523,1,1,0.0,0.0,0.0
hf_github_codereview,c7c10bfaea3f2143,0.44758814573287964,0.44758814573287964,0.44758814573287964,0.44758814573287964,0.4475882053375244,0.44758814573287964,0.0,43.12883758544922,28.105382919311523,1,1,0.0,0.0,0.0
hf_github_codereview,592a0f2eed1dd3c5,0.4714776873588562,0.4714776873588562,0.4714776873588562,0.4714776873588562,0.471477746963501,0.4714776873588562,0.0,40.737186431884766,34.478118896484375,1,1,0.0,0.0,0.0
hf_github_codereview,86f820d4f8220dad,1.0,1.0,1.0,1.0,1.0,1.0,0.0,42.867652893066406,42.867652893066406,1,1,1.0,1.0,1.0
hf_github_codereview,4debd2da792ee011,1.0,1.0,1.0,1.0,1.0,1.0,0.0,36.254547119140625,36.254547119140625,1,1,1.0,1.0,1.0
hf_github_codereview,2277d21722804e93,1.0,1.0,1.0,1.0,1.0,1.0,0.0,36.535587310791016,36.535587310791016,1,1,1.0,1.0,1.0
hf_github_codereview,5f44660c2e3f1bde,0.5178092122077942,0.5178092122077942,0.5178092122077942,0.5178092122077942,0.5178092122077942,0.5178092122077942,0.0,26.941326141357422,36.535587310791016,1,1,0.0,0.0,0.0
hf_github_codereview,3ba54217462c9748,0.6760666966438293,0.6760666966438293,0.6760666966438293,0.6760666966438293,0.6760666370391846,0.6760666966438293,0.0,23.29439926147461,36.16181564331055,1,1,1.0,0.0,0.0
hf_github_codereview,dd0603b8d8634d2f,0.9924219846725464,0.9924219846725464,0.9924219846725464,0.9924219846725464,0.9924221634864807,0.9924219846725464,0.0,41.78578186035156,41.07183837890625,1,1,1.0,1.0,1.0
hf_github_codereview,52576e67029741a4,0.8330459594726562,0.8330459594726562,0.8330459594726562,0.8330459594726562,0.8330459594726562,0.8330459594726562,0.0,39.65665054321289,40.20706558227539,1,1,1.0,1.0,1.0
hf_github_codereview,eee3c247fdfc6354,0.7055742740631104,0.3922218730052312,0.3670996129512787,0.3922218730052312,0.5235735774040222,0.7055742740631104,0.0,32.200435638427734,34.31237347920736,1,3,0.3333333333333333,0.3333333333333333,0.0
hf_github_codereview,aea5adcf3a122961,0.1673537939786911,0.1673537939786911,0.1673537939786911,0.1673537939786911,0.1673537939786911,0.1673537939786911,0.0,18.682476043701172,40.41110610961914,1,1,0.0,0.0,0.0
hf_github_codereview,51cc2f0fee2f2ab1,1.0,0.9660780131816864,0.0678439736366272,0.9660780131816864,0.9828925728797913,1.0,0.0,36.39830017089844,38.40470314025879,1,2,1.0,1.0,1.0
hf_github_codereview,6227a5b0743ab632,0.6805645227432251,0.5148796439170837,0.3313697576522827,0.5148796439170837,0.591249942779541,0.6805645227432251,0.0,44.15778732299805,37.62627410888672,1,2,0.5,0.0,0.0
hf_github_codereview,d1a06652c76ea003,0.7052968740463257,0.5595033466815948,0.29158705472946167,0.5595033466815948,0.6520161032676697,0.7052968740463257,0.0,45.649227142333984,42.43950271606445,1,2,0.5,0.5,0.0
hf_github_codereview,4fd792e3641f55b0,0.7260842323303223,0.7260842323303223,0.7260842323303223,0.7260842323303223,0.7260842323303223,0.7260842323303223,0.0,26.002592086791992,28.701738357543945,1,1,1.0,1.0,0.0
hf_github_codereview,253c3267a645286d,1.0,1.0,1.0,1.0,1.0,1.0,0.0,40.3005256652832,40.3005256652832,1,1,1.0,1.0,1.0
hf_github_codereview,8167aed99f6b07e3,1.0,1.0,1.0,1.0,1.0,1.0,0.0,43.01094055175781,43.01094055175781,1,1,1.0,1.0,1.0
hf_github_codereview,44a0540f47bf7703,0.8543810844421387,0.4868996813893318,0.7349628061056137,0.4868996813893318,0.6587705612182617,0.8543810844421387,0.0,48.40803909301758,33.66038513183594,1,2,0.5,0.5,0.5
hf_github_codereview,3c7a80dec2c9209e,0.8270153403282166,0.8270153403282166,0.8270153403282166,0.8270153403282166,0.8270153999328613,0.8270153403282166,0.0,44.25191116333008,51.145362854003906,1,1,1.0,1.0,1.0
hf_github_codereview,cdc17dbb969889cf,0.9037193059921265,0.9037193059921265,0.9037193059921265,0.9037193059921265,0.903719425201416,0.9037193059921265,0.0,43.10518264770508,48.05091094970703,1,1,1.0,1.0,1.0
hf_github_codereview,ae61b991ddd40a6c,0.6687726974487305,0.38048678264021873,0.5765718296170235,0.38048678264021873,0.4982125163078308,0.6687726974487305,0.0,38.905391693115234,28.539440155029297,1,2,0.5,0.0,0.0
hf_github_codereview,06b8597782868b57,0.9999999403953552,0.6704386174678802,0.65912264585495,0.6704386174678802,0.8188031911849976,0.9999999403953552,0.0,42.56671905517578,38.96053504943848,1,2,0.5,0.5,0.5
hf_github_codereview,862a8d2b7c0d28a3,0.7500469088554382,0.575071781873703,0.34995025396347046,0.575071781873703,0.6635375618934631,0.7500469088554382,0.0,30.211328506469727,41.63275718688965,1,2,0.5,0.5,0.0
hf_github_codereview,1b36dff450b3444a,1.0,0.8083361387252808,0.3833277225494385,0.8083361387252808,0.8990751504898071,1.0,0.0,38.22016143798828,39.684417724609375,1,2,1.0,0.5,0.5
hf_github_codereview,a1702545d5644118,0.9027689695358276,0.9027689695358276,0.9027689695358276,0.9027689695358276,0.9027690887451172,0.9027689695358276,0.0,46.425479888916016,47.86796569824219,1,1,1.0,1.0,1.0
hf_github_codereview,f3e551c87d4d64b0,0.6771395206451416,0.49941331148147583,0.35545241832733154,0.49941331148147583,0.6029894351959229,0.6771395206451416,0.0,41.6533203125,39.17604637145996,1,2,0.5,0.0,0.0
hf_github_codereview,ee6af9db0d553457,0.3566190004348755,0.3566190004348755,0.3566190004348755,0.3566190004348755,0.3566190302371979,0.3566190004348755,0.0,35.527767181396484,21.110700607299805,1,1,0.0,0.0,0.0
hf_github_codereview,fc64f0b93b0ed00f,0.5473144054412842,0.5473144054412842,0.5473144054412842,0.5473144054412842,0.5473144054412842,0.5473144054412842,0.0,36.527671813964844,32.20551681518555,1,1,0.0,0.0,0.0
hf_github_codereview,204f9ec08934fd8c,0.5227553844451904,0.5227553844451904,0.5227553844451904,0.5227553844451904,0.5227553844451904,0.5227553844451904,0.0,36.898597717285156,26.51161766052246,1,1,0.0,0.0,0.0
hf_github_codereview,9875d2c770b3c113,0.6057906746864319,0.6057906746864319,0.6057906746864319,0.6057906746864319,0.6057906746864319,0.6057906746864319,0.0,37.564735412597656,45.344364166259766,1,1,1.0,0.0,0.0
hf_github_codereview,ac576795e676ed6f,0.719893753528595,0.7160879373550415,0.007611632347106934,0.7160879373550415,0.7817333936691284,0.719893753528595,0.0,42.72837829589844,38.81926918029785,1,2,1.0,1.0,0.0
hf_github_codereview,109ee77b4001b462,1.0,0.6435815393924713,0.7128369212150574,0.6435815393924713,0.8022353053092957,1.0,0.0,28.43532943725586,34.06513786315918,1,2,0.5,0.5,0.5
hf_github_codereview,0110cb357a377fbc,0.8046072125434875,0.558124711116155,0.3691399395465851,0.558124711116155,0.7313934564590454,0.8046072125434875,0.0,42.15522384643555,33.095602671305336,1,3,0.3333333333333333,0.3333333333333333,0.3333333333333333
hf_github_codereview,54af596b6755d749,0.5615644454956055,0.5082406252622604,0.10664764046669006,0.5082406252622604,0.5504051446914673,0.5615644454956055,0.0,39.72830581665039,31.78974723815918,1,2,0.0,0.0,0.0
hf_github_codereview,f827ae2a9d865e10,0.40840232372283936,0.30868546664714813,0.19943371415138245,0.30868546664714813,0.36252087354660034,0.40840232372283936,0.0,27.93791961669922,39.86669921875,1,2,0.0,0.0,0.0
hf_github_codereview,b3fa9e066a898cdc,0.9361871480941772,0.7682791352272034,0.33581602573394775,0.7682791352272034,0.8703561425209045,0.9361871480941772,0.0,43.409217834472656,40.48747253417969,1,2,1.0,0.5,0.5
hf_github_codereview,d63cda192c149ae8,0.9459816813468933,0.9459816813468933,0.9459816813468933,0.9459816813468933,0.9459817409515381,0.9459816813468933,0.0,42.438499450683594,40.19444274902344,1,1,1.0,1.0,1.0
hf_github_codereview,b8c60a23fd00a010,0.7760775089263916,0.5638275146484375,0.2543182373046875,0.5638275146484375,0.7216951847076416,0.7760775089263916,0.0,33.618751525878906,34.15553601582845,1,3,0.3333333333333333,0.3333333333333333,0.0
hf_github_codereview,8e90ef99dd3d5cc3,1.0,0.7066795527935028,0.5866408944129944,0.7066795527935028,0.8406423330307007,1.0,0.0,24.94436264038086,27.39672088623047,1,2,0.5,0.5,0.5
hf_github_codereview,1e3b1b56d0d35837,1.0,1.0,1.0,1.0,1.0,1.0,0.0,44.77912139892578,44.77912139892578,1,1,1.0,1.0,1.0
hf_github_codereview,0d024a5b46a456d7,0.9999998807907104,0.9999998807907104,0.9999998807907104,0.9999998807907104,1.0,0.9999998807907104,0.0,41.01664733886719,41.01664733886719,1,1,1.0,1.0,1.0
hf_github_codereview,50290f3a766748e1,0.3426142930984497,0.3426142930984497,0.3426142930984497,0.3426142930984497,0.3426142930984497,0.3426142930984497,0.0,47.48339080810547,29.49886703491211,1,1,0.0,0.0,0.0
hf_github_codereview,d3950f620d297ae1,0.7499440312385559,0.7499440312385559,0.7499440312385559,0.7499440312385559,0.7499440312385559,0.7499440312385559,0.0,43.53770065307617,33.21969985961914,1,1,1.0,1.0,0.0
hf_github_codereview,6d65483cb1b6171f,0.9999998211860657,0.6501065045595169,0.6997866332530975,0.6501065045595169,0.8062918186187744,0.9999998211860657,0.0,38.41617965698242,43.53066635131836,1,2,0.5,0.5,0.5
hf_github_codereview,0ee1efe1423baccd,0.924647331237793,0.6259666780630747,0.20797079801559448,0.6259666780630747,0.7972216606140137,0.924647331237793,0.0,41.827049255371094,32.69811566670736,1,3,0.6666666666666666,0.6666666666666666,0.3333333333333333
hf_github_codereview,a7508a4ea7f306f4,1.0,1.0,1.0,1.0,1.0,1.0,0.0,35.36177062988281,35.36177062988281,1,1,1.0,1.0,1.0
hf_github_codereview,9d27d638f9daaf4e,0.9999999403953552,0.9999999403953552,0.9999999403953552,0.9999999403953552,1.0,0.9999999403953552,0.0,32.6097297668457,32.6097297668457,1,1,1.0,1.0,1.0
hf_github_codereview,4e8c76358cd5833f,0.9999998807907104,0.9999998807907104,0.9999998807907104,0.9999998807907104,1.0,0.9999998807907104,0.0,28.260950088500977,28.260950088500977,1,1,1.0,1.0,1.0
hf_github_codereview,bbdf9109a717ba5f,0.7628352046012878,0.7628352046012878,0.7628352046012878,0.7628352046012878,0.7628353834152222,0.7628352046012878,0.0,34.97849655151367,37.21100997924805,1,1,1.0,1.0,0.0
hf_github_codereview,1e4c995ee9dab04d,0.6795089244842529,0.6795089244842529,0.6795089244842529,0.6795089244842529,0.6795090436935425,0.6795089244842529,0.0,28.814237594604492,37.21100997924805,1,1,1.0,0.0,0.0
hf_github_codereview,e148f9184f064783,0.9999998807907104,0.8312631448109945,0.24065017700195312,0.8312631448109945,0.8878055214881897,0.9999998807907104,0.0,40.037330627441406,39.241387685139976,1,3,1.0,1.0,0.3333333333333333
hf_github_codereview,f5414541de4c1f3c,0.9037990570068359,0.9037990570068359,0.9037990570068359,0.9037990570068359,0.9037989974021912,0.9037990570068359,0.0,34.05836868286133,33.022987365722656,1,1,1.0,1.0,1.0
hf_github_codereview,ad26656038244880,0.6977351307868958,0.5252213378747305,0.24425393342971802,0.43348428606987,0.6035820245742798,0.6977351307868958,0.0,44.852787017822266,32.78928184509277,1,4,0.25,0.0,0.0
hf_github_codereview,e1fb2baf54ac7697,0.24709898233413696,0.22332017620404562,0.016258537769317627,0.20338395982980728,0.27513930201530457,0.24709898233413696,0.0,37.36582946777344,35.98599052429199,1,4,0.0,0.0,0.0
hf_github_codereview,b6c956b85e57a2f8,1.0,0.7959246337413788,0.40815073251724243,0.7959246337413788,0.892146110534668,1.0,0.0,29.987945556640625,33.53864669799805,1,2,0.5,0.5,0.5
hf_github_codereview,7e7e4d8ebeb23557,0.30458372831344604,0.27769753336906433,0.03202831745147705,0.2656743936240673,0.2894566059112549,0.30458372831344604,0.0,25.84809112548828,24.54473352432251,1,4,0.0,0.0,0.0
hf_github_codereview,ebebf8e29cb9490a,0.9999998807907104,0.9999998807907104,0.9999998807907104,0.9999998807907104,1.0,0.9999998807907104,0.0,31.346908569335938,31.346908569335938,1,1,1.0,1.0,1.0
hf_github_codereview,64b93e587d4e03c3,0.3593042492866516,0.27513687312602997,0.1683347523212433,0.27513687312602997,0.33776915073394775,0.3593042492866516,0.0,44.06689453125,40.52434539794922,1,2,0.0,0.0,0.0
hf_github_codereview,de5f3661977c4e99,0.9999998807907104,0.5501236729323864,0.8997524157166481,0.5501236729323864,0.7417032718658447,0.9999998807907104,0.0,44.656463623046875,32.57920455932617,1,2,0.5,0.5,0.5
hf_github_codereview,e15d831b4fce9d4a,0.23219448328018188,0.23219448328018188,0.23219448328018188,0.23219448328018188,0.23219448328018188,0.23219448328018188,0.0,48.47063446044922,41.65226364135742,1,1,0.0,0.0,0.0
hf_github_codereview,f86b0514edf88f78,0.8358529806137085,0.6413365602493286,0.38903284072875977,0.6413365602493286,0.7858493328094482,0.8358529806137085,0.0,34.02968215942383,31.707226753234863,1,2,0.5,0.5,0.5
hf_github_codereview,b11751af5a4fd401,0.9951176643371582,0.5658201351761818,0.8585950583219528,0.5658201351761818,0.7504170536994934,0.9951176643371582,0.0,50.24716567993164,37.59394836425781,1,2,0.5,0.5,0.5
hf_github_codereview,41e3a936df4c6bd2,0.6879011392593384,0.6177204251289368,0.14036142826080322,0.6177204251289368,0.6737738251686096,0.6879011392593384,0.0,40.14745330810547,35.704466819763184,1,2,0.5,0.0,0.0
hf_github_codereview,44d2e1f329b39102,0.5801611542701721,0.5801611542701721,0.5801611542701721,0.5801611542701721,0.5801611542701721,0.5801611542701721,0.0,45.70740509033203,39.56297302246094,1,1,0.0,0.0,0.0
hf_github_codereview,70c3b0473c6fe31d,0.4718013107776642,0.4718013107776642,0.4718013107776642,0.4718013107776642,0.4718013107776642,0.4718013107776642,0.0,46.629920959472656,36.41074752807617,1,1,0.0,0.0,0.0
hf_github_codereview,f28993e10f279868,0.4477645754814148,0.4477645754814148,0.4477645754814148,0.4477645754814148,0.4477645754814148,0.4477645754814148,0.0,42.34205627441406,35.8895263671875,1,1,0.0,0.0,0.0
hf_github_codereview,559fc3c616a75b05,0.5184406042098999,0.33858468383550644,0.3597118407487869,0.33858468383550644,0.4412270486354828,0.5184406042098999,0.0,50.02438735961914,44.978187561035156,1,2,0.0,0.0,0.0
hf_github_codereview,6964bf0d26546a37,1.0,1.0,1.0,1.0,1.0,1.0,0.0,21.85301399230957,21.85301399230957,1,1,1.0,1.0,1.0
hf_github_codereview,3b6be3c750c025a9,1.0,1.0,1.0,1.0,1.0,1.0,0.0,44.719242095947266,44.719242095947266,1,1,1.0,1.0,1.0
hf_github_codereview,a25d9f8f6fb195b7,1.0,1.0,1.0,1.0,1.0,1.0,0.0,41.85668182373047,41.85668182373047,1,1,1.0,1.0,1.0
hf_github_codereview,7baf60d6f2a29c28,1.0,0.6233561784029007,0.7532876431941986,0.6233561784029007,0.7895291447639465,1.0,0.0,43.398799896240234,41.40582275390625,1,2,0.5,0.5,0.5
hf_github_codereview,33cd8b6030a14f4d,0.9999999403953552,0.5887755900621414,0.8224487006664276,0.5887755900621414,0.7673171162605286,0.9999999403953552,0.0,43.206748962402344,42.295867919921875,1,2,0.5,0.5,0.5
hf_github_codereview,d7fd6c2f1d01fdac,0.9999999403953552,0.5887755900621414,0.8224487006664276,0.5887755900621414,0.7673171758651733,0.9999999403953552,0.0,41.384986877441406,42.295867919921875,1,2,0.5,0.5,0.5
hf_github_codereview,dc81b93411acb3c1,1.0,0.7458827495574951,0.5082345008850098,0.7458827495574951,0.863645076751709,1.0,0.0,36.45374298095703,37.11676025390625,1,2,0.5,0.5,0.5
hf_github_codereview,8321888b52643202,0.5869889259338379,0.5869889259338379,0.5869889259338379,0.5869889259338379,0.5869889259338379,0.5869889259338379,0.0,37.8608512878418,26.670957565307617,1,1,0.0,0.0,0.0
hf_github_codereview,699dee3d33d13add,1.0,1.0,1.0,1.0,1.0,1.0,0.0,44.71829605102539,44.71829605102539,1,1,1.0,1.0,1.0
hf_github_codereview,f9bf0a8922e563cc,1.0,1.0,1.0,1.0,1.0,1.0,0.0,40.83279800415039,40.83279800415039,1,1,1.0,1.0,1.0
hf_github_codereview,43f6844429f00bc8,0.3753628730773926,0.294971764087677,0.16078221797943115,0.294971764087677,0.32554855942726135,0.3753628730773926,0.0,32.37308120727539,25.90571689605713,1,2,0.0,0.0,0.0
hf_github_codereview,36c7b4c6277c4b77,0.9999997615814209,0.9999997615814209,0.9999997615814209,0.9999997615814209,0.9999999403953552,0.9999997615814209,0.0,39.82868576049805,39.82868576049805,1,1,1.0,1.0,1.0
hf_github_codereview,f7801e0728e72167,0.9999999403953552,0.9999999403953552,0.9999999403953552,0.9999999403953552,1.0,0.9999999403953552,0.0,29.128002166748047,29.128002166748047,1,1,1.0,1.0,1.0
hf_github_codereview,5a4e5bf5b2cf275a,1.0,1.0,1.0,1.0,1.0,1.0,0.0,30.783504486083984,30.783504486083984,1,1,1.0,1.0,1.0
hf_github_codereview,2f5cd430e974094f,0.3695470094680786,0.31640297174453735,0.10628807544708252,0.31640297174453735,0.39505574107170105,0.3695470094680786,0.0,40.44025802612305,32.56779956817627,1,2,0.0,0.0,0.0
hf_github_codereview,1d9b28d602202512,0.9999999403953552,0.9999999403953552,0.9999999403953552,0.9999999403953552,1.0,0.9999999403953552,0.0,32.67240905761719,32.67240905761719,1,1,1.0,1.0,1.0
hf_github_codereview,6e7f8c99f0e61d57,0.9999998807907104,0.9999998807907104,0.9999998807907104,0.9999998807907104,1.0,0.9999998807907104,0.0,32.01427459716797,32.01427459716797,1,1,1.0,1.0,1.0
hf_github_codereview,4460b64c81b70a2c,0.705373227596283,0.705373227596283,0.705373227596283,0.705373227596283,0.705373227596283,0.705373227596283,0.0,42.93470764160156,28.701766967773438,1,1,1.0,1.0,0.0
hf_github_codereview,651855e73c625cb1,1.0,1.0,1.0,1.0,1.0,1.0,0.0,47.771995544433594,47.771995544433594,1,1,1.0,1.0,1.0
hf_github_codereview,a1374d2c7f78a390,1.0,1.0,1.0,1.0,1.0,1.0,0.0,36.23302459716797,36.23302459716797,1,1,1.0,1.0,1.0
hf_github_codereview,e07b42d8e345f215,0.9999999403953552,0.9999999403953552,0.9999999403953552,0.9999999403953552,1.0,0.9999999403953552,0.0,42.991302490234375,42.991302490234375,1,1,1.0,1.0,1.0
hf_github_codereview,902a9055fddd70a8,0.9999998807907104,0.6624028384685516,0.6751940846443176,0.6624028384685516,0.8138813972473145,0.9999998807907104,0.0,40.73602294921875,44.40109062194824,1,2,0.5,0.5,0.5
hf_github_codereview,07f83bbb4accd460,1.0,1.0,1.0,1.0,1.0,1.0,0.0,33.774986267089844,33.774986267089844,1,1,1.0,1.0,1.0
hf_github_codereview,9eb12f6e52419630,0.9999997615814209,0.9999997615814209,0.9999997615814209,0.9999997615814209,0.9999998211860657,0.9999997615814209,0.0,37.20672607421875,37.20672607421875,1,1,1.0,1.0,1.0
hf_github_codereview,067ee6d49cf6d578,0.5565634965896606,0.3829307332634926,0.3472655266523361,0.3829307332634926,0.44485026597976685,0.5565634965896606,0.0,37.993778228759766,38.36246299743652,1,2,0.0,0.0,0.0
hf_github_codereview,64357ec84e6cae30,1.0,1.0,1.0,1.0,1.0,1.0,0.0,36.05141067504883,36.05141067504883,1,1,1.0,1.0,1.0
hf_github_codereview,82399b385e79d3e7,1.0,1.0,1.0,1.0,1.0,1.0,0.0,49.448707580566406,49.448707580566406,1,1,1.0,1.0,1.0
hf_github_codereview,bc96634fe5ea1503,0.5922223329544067,0.5922223329544067,0.5922223329544067,0.5922223329544067,0.5922223329544067,0.5922223329544067,0.0,32.974998474121094,38.63957595825195,1,1,0.0,0.0,0.0
hf_github_codereview,69c043da4e689bf0,0.6249122619628906,0.6249122619628906,0.6249122619628906,0.6249122619628906,0.6249122023582458,0.6249122619628906,0.0,25.787519454956055,47.340633392333984,1,1,1.0,0.0,0.0
hf_github_codereview,fabff04978af02fe,1.0,1.0,1.0,1.0,1.0,1.0,0.0,42.20201873779297,42.20201873779297,1,1,1.0,1.0,1.0
hf_github_codereview,9ee8fdf02c19d786,0.1688319444656372,0.1688319444656372,0.1688319444656372,0.1688319444656372,0.1688319444656372,0.1688319444656372,0.0,42.50822830200195,31.371129989624023,1,1,0.0,0.0,0.0
hf_github_codereview,ea3b61aeac13d8c4,1.0,1.0,1.0,1.0,1.0,1.0,0.0,34.562782287597656,34.562782287597656,1,1,1.0,1.0,1.0
hf_github_codereview,60fb0b3570780212,0.7830100059509277,0.7830100059509277,0.7830100059509277,0.7830100059509277,0.7830101251602173,0.7830100059509277,0.0,45.5932502746582,32.9801025390625,1,1,1.0,1.0,0.0
hf_github_codereview,aff478a7b42538c1,1.0,1.0,1.0,1.0,1.0,1.0,0.0,38.10356903076172,38.10356903076172,1,1,1.0,1.0,1.0
hf_github_codereview,02be8de52d7fc64a,0.9999999403953552,0.5752962827682495,0.8494073152542114,0.5752962827682495,0.7584829330444336,0.9999999403953552,0.0,36.74372482299805,40.86565399169922,1,2,0.5,0.5,0.5
hf_github_codereview,77904f1f10d1ca56,0.9200018644332886,0.9200018644332886,0.9200018644332886,0.9200018644332886,0.9200018644332886,0.9200018644332886,0.0,45.26180648803711,45.10049057006836,1,1,1.0,1.0,1.0
hf_github_codereview,35ab322afedab4a7,0.5279052257537842,0.349317267537117,0.35717591643333435,0.349317267537117,0.47409605979919434,0.5279052257537842,0.0,38.393089294433594,35.986905097961426,1,2,0.0,0.0,0.0
hf_github_codereview,cf4b58437e5d80e4,1.0,0.5680065453052521,0.8639869093894958,0.5680065453052521,0.7536622285842896,1.0,0.0,46.578983306884766,41.75950241088867,1,2,0.5,0.5,0.5
hf_github_codereview,a79650d06d11aa25,1.0,0.9315287470817566,0.13694250583648682,0.9315287470817566,0.9651573300361633,1.0,0.0,41.23225784301758,41.3145637512207,1,2,1.0,1.0,1.0
hf_github_codereview,e78ed3346d62dbab,0.9999998807907104,0.9315286874771118,0.13694238662719727,0.9315286874771118,0.9651572704315186,0.9999998807907104,0.0,41.39686965942383,41.3145637512207,1,2,1.0,1.0,1.0
hf_github_codereview,ec68eaf45cb8b6f7,0.46268680691719055,0.46268680691719055,0.46268680691719055,0.46268680691719055,0.4626868963241577,0.46268680691719055,0.0,40.409942626953125,34.73091125488281,1,1,0.0,0.0,0.0
hf_github_codereview,0c49a00b78652cab,1.0,0.5285402238368988,0.9429195523262024,0.5285402238368988,0.7270077466964722,1.0,0.0,47.073455810546875,44.47564506530762,1,2,0.5,0.5,0.5
hf_github_codereview,64a54756173bfcb8,1.0,1.0,1.0,1.0,1.0,1.0,0.0,34.52708435058594,34.52708435058594,1,1,1.0,1.0,1.0
hf_github_codereview,fd42c84164126b7e,1.0,1.0,1.0,1.0,1.0,1.0,0.0,35.715232849121094,35.715232849121094,1,1,1.0,1.0,1.0
hf_github_codereview,78f862e9d9d065b8,1.0,1.0,1.0,1.0,1.0,1.0,0.0,36.93684005737305,36.93684005737305,1,1,1.0,1.0,1.0
hf_github_codereview,09a6993bcbcd6119,0.8358974456787109,0.8196005821228027,0.032593727111816406,0.8196005821228027,0.9069631099700928,0.8358974456787109,0.0,26.97161865234375,30.690349578857422,1,2,1.0,1.0,1.0
hf_github_codereview,a98bf1398b9267eb,1.0,1.0,1.0,1.0,1.0,1.0,0.0,45.56740951538086,45.56740951538086,1,1,1.0,1.0,1.0
hf_github_codereview,3f04dcee78996dc5,0.817065954208374,0.4959546998143196,0.6422225087881088,0.4959546998143196,0.647354006767273,0.817065954208374,0.0,38.26108169555664,43.50259208679199,1,2,0.5,0.5,0.5
hf_github_codereview,91142a6b91331456,1.0,0.5398458354175091,0.9203083291649818,0.5398458354175091,0.7347419857978821,1.0,0.0,29.67550277709961,28.718080520629883,1,2,0.5,0.5,0.5
hf_github_codereview,6c46fe2ee287b479,0.41997382044792175,0.3976757675409317,0.0445961058139801,0.3976757675409317,0.46723079681396484,0.41997382044792175,0.0,38.71530532836914,31.632975578308105,1,2,0.0,0.0,0.0
hf_github_codereview,f0c1edc80ebfe010,0.9106518030166626,0.9106518030166626,0.9106518030166626,0.9106518030166626,0.9106518030166626,0.9106518030166626,0.0,46.70090103149414,49.43461227416992,1,1,1.0,1.0,1.0
hf_github_codereview,a5cc3c54216fadd2,0.7841588854789734,0.7841588854789734,0.7841588854789734,0.7841588854789734,0.7841589450836182,0.7841588854789734,0.0,45.95488739013672,39.61954879760742,1,1,1.0,1.0,0.0
hf_github_codereview,ff9753610d6cb240,0.825493574142456,0.825493574142456,0.825493574142456,0.825493574142456,0.8254936337471008,0.825493574142456,0.0,44.64436721801758,39.61954879760742,1,1,1.0,1.0,1.0
hf_github_codereview,301f16781c55b892,0.7649352550506592,0.7649352550506592,0.7649352550506592,0.7649352550506592,0.7649353742599487,0.7649352550506592,0.0,42.57918167114258,39.61954879760742,1,1,1.0,1.0,0.0
hf_github_codereview,bbf297ec4eae1974,0.9999998807907104,0.9999998807907104,0.9999998807907104,0.9999998807907104,1.0,0.9999998807907104,0.0,34.818851470947266,34.818851470947266,1,1,1.0,1.0,1.0
hf_github_codereview,89546e253b383cda,0.6292514204978943,0.5689738392829895,0.032151103019714355,0.5689738392829895,0.7503812313079834,0.6292514204978943,0.0,40.0830192565918,38.597965240478516,1,3,0.3333333333333333,0.0,0.0
hf_github_codereview,17021de8cfa2d95c,0.4106879234313965,0.3553374906380971,0.07952085137367249,0.3553374906380971,0.47339436411857605,0.4106879234313965,0.0,40.051815032958984,41.72898737589518,1,3,0.0,0.0,0.0
hf_github_codereview,4b584016fc237c10,0.5581253170967102,0.5581253170967102,0.5581253170967102,0.5581253170967102,0.558125376701355,0.5581253170967102,0.0,44.14543151855469,40.503936767578125,1,1,0.0,0.0,0.0
hf_github_codereview,de8e29b6dbadc895,0.7522655129432678,0.7522655129432678,0.7522655129432678,0.7522655129432678,0.7522655129432678,0.7522655129432678,0.0,38.67898941040039,38.71894836425781,1,1,1.0,1.0,0.0
hf_github_codereview,6c5a8771fe776f6d,0.5125521421432495,0.5125521421432495,0.5125521421432495,0.5125521421432495,0.5125521421432495,0.5125521421432495,0.0,38.69307327270508,46.119285583496094,1,1,0.0,0.0,0.0
hf_github_codereview,65f93a0be948055b,0.9827674627304077,0.9827674627304077,0.9827674627304077,0.9827674627304077,0.9827675223350525,0.9827674627304077,0.0,42.77003479003906,42.24504852294922,1,1,1.0,1.0,1.0
hf_github_codereview,cd5c34a7ab803a11,0.668800413608551,0.668800413608551,0.668800413608551,0.668800413608551,0.668800413608551,0.668800413608551,0.0,46.0268440246582,40.78447341918945,1,1,1.0,0.0,0.0
hf_github_codereview,ea07366ba1cee4d5,0.2256958782672882,0.2191055715084076,0.01318061351776123,0.2191055715084076,0.28586241602897644,0.2256958782672882,0.0,38.50096893310547,44.93199348449707,1,2,0.0,0.0,0.0
hf_github_codereview,262dcef57a2faf52,0.6794174909591675,0.6794174909591675,0.6794174909591675,0.6794174909591675,0.6794174909591675,0.6794174909591675,0.0,37.967891693115234,34.18963623046875,1,1,1.0,0.0,0.0
hf_github_codereview,d8f8c21d3636d6dd,1.0,0.6365849524736404,0.7268300950527191,0.6365849524736404,0.7978627681732178,1.0,0.0,47.04521179199219,39.23995494842529,1,2,0.5,0.5,0.5
hf_github_codereview,a1231b11490a324d,0.9999999403953552,0.9999999403953552,0.9999999403953552,0.9999999403953552,1.0,0.9999999403953552,0.0,32.71576690673828,32.71576690673828,1,1,1.0,1.0,1.0
hf_github_codereview,9294ff20a8b69d40,0.6182399988174438,0.41846346855163574,0.3995530605316162,0.41846346855163574,0.5364957451820374,0.6182399988174438,0.0,33.89534378051758,40.86062431335449,1,2,0.5,0.0,0.0
hf_github_codereview,4c9546302bf1777f,0.7066179513931274,0.6460063755512238,0.12122315168380737,0.6460063755512238,0.7531360983848572,0.7066179513931274,0.0,39.73387145996094,41.42546463012695,1,2,0.5,0.5,0.0
hf_github_codereview,7e0dbd814e822851,0.9999998807907104,0.9999998807907104,0.9999998807907104,0.9999998807907104,1.0,0.9999998807907104,0.0,28.236406326293945,28.236406326293945,1,1,1.0,1.0,1.0
hf_github_codereview,6dc0bb95928d573f,0.820088267326355,0.820088267326355,0.820088267326355,0.820088267326355,0.8200883865356445,0.820088267326355,0.0,40.752376556396484,38.475765228271484,1,1,1.0,1.0,1.0
hf_github_codereview,bb5729e38b2e3737,0.24168872833251953,0.24168872833251953,0.24168872833251953,0.24168872833251953,0.24168872833251953,0.24168872833251953,0.0,22.024534225463867,25.717103958129883,1,1,0.0,0.0,0.0
hf_github_codereview,c8ee5fd7b9c4b6cd,1.0,0.4338541626930237,0.8429964184761047,0.4338541626930237,0.63521808385849,1.0,0.0,35.62604522705078,38.09688949584961,1,3,0.3333333333333333,0.3333333333333333,0.3333333333333333
hf_github_codereview,b604927724aa41cf,0.8769464492797852,0.6368089020252228,0.48027509450912476,0.6368089020252228,0.7871206998825073,0.8769464492797852,0.0,40.45811462402344,35.82364463806152,1,2,0.5,0.5,0.5
hf_github_codereview,de1ffa52eb0fbf32,0.10083021223545074,0.10083021223545074,0.10083021223545074,0.10083021223545074,0.10083021968603134,0.10083021223545074,0.0,31.29088592529297,40.13471221923828,1,1,0.0,0.0,0.0
hf_github_codereview,84cd8aa15311bcd9,0.4865284860134125,0.4865284860134125,0.4865284860134125,0.4865284860134125,0.48652851581573486,0.4865284860134125,0.0,33.83615493774414,44.4111328125,1,1,0.0,0.0,0.0
hf_github_codereview,80774ca46dc93772,0.6207141876220703,0.3773428648710251,0.48674264550209045,0.3773428648710251,0.5104373693466187,0.6207141876220703,0.0,46.02309036254883,37.04432392120361,1,2,0.5,0.0,0.0
hf_github_codereview,84037264c9bd26f6,1.0,0.6502238810062408,0.6995522379875183,0.6502238810062408,0.8063647150993347,1.0,0.0,37.4945068359375,40.1273307800293,1,2,0.5,0.5,0.5
hf_github_codereview,779366faa72864fd,1.0,0.5500808581709862,0.8998382836580276,0.5500808581709862,0.7416744232177734,1.0,0.0,40.182952880859375,30.342449188232422,1,2,0.5,0.5,0.5
hf_github_codereview,a59e5e88dd892b09,0.7407881021499634,0.7407881021499634,0.7407881021499634,0.7407881021499634,0.7407881021499634,0.7407881021499634,0.0,40.913795471191406,34.378299713134766,1,1,1.0,1.0,0.0
hf_github_codereview,7c78fbd484378d56,0.7749046087265015,0.4173151347786188,0.7151789478957653,0.4173151347786188,0.5896159410476685,0.7749046087265015,0.0,37.96392059326172,29.497623443603516,1,2,0.5,0.5,0.0
hf_github_codereview,13b676122f2b3086,0.6231673955917358,0.6231673955917358,0.6231673955917358,0.6231673955917358,0.6231673955917358,0.6231673955917358,0.0,20.501951217651367,17.817291259765625,1,1,1.0,0.0,0.0
hf_github_codereview,191884de2722277b,0.14649595320224762,0.14649595320224762,0.14649595320224762,0.14649595320224762,0.14649595320224762,0.14649595320224762,0.0,21.437803268432617,42.633399963378906,1,1,0.0,0.0,0.0
hf_github_codereview,effbed3fc524fdb6,1.0,1.0,1.0,1.0,1.0,1.0,0.0,41.620540618896484,41.620540618896484,1,1,1.0,1.0,1.0
hf_github_codereview,063169b106628f45,1.0,1.0,1.0,1.0,1.0,1.0,0.0,39.1395263671875,39.1395263671875,1,1,1.0,1.0,1.0
hf_github_codereview,6bdc362f543d8c52,0.6945092678070068,0.6945092678070068,0.6945092678070068,0.6945092678070068,0.6945092678070068,0.6945092678070068,0.0,37.90521240234375,33.166778564453125,1,1,1.0,0.0,0.0
hf_github_codereview,39181e95b63ed2fc,0.5681524276733398,0.49995626509189606,0.13639232516288757,0.49995626509189606,0.5601930618286133,0.5681524276733398,0.0,35.245609283447266,37.05802536010742,1,2,0.0,0.0,0.0
hf_github_codereview,65a666a68d6a1ebd,0.9634037613868713,0.9634037613868713,0.9634037613868713,0.9634037613868713,0.963403582572937,0.9634037613868713,0.0,37.63581085205078,37.654415130615234,1,1,1.0,1.0,1.0
hf_github_codereview,79917549fec3d905,1.0,1.0,1.0,1.0,1.0,1.0,0.0,31.68094253540039,31.68094253540039,1,1,1.0,1.0,1.0
hf_github_codereview,3cd5828ad878ec51,0.45509570837020874,0.45509570837020874,0.45509570837020874,0.45509570837020874,0.4550957679748535,0.45509570837020874,0.0,43.6486930847168,43.26398468017578,1,1,0.0,0.0,0.0
hf_github_codereview,ee7504ab99730602,0.5721277594566345,0.37422454357147217,0.28473973274230957,0.37422454357147217,0.47477638721466064,0.5721277594566345,0.0,29.101314544677734,38.14809926350912,1,3,0.0,0.0,0.0
hf_github_codereview,bb4eb80986d7bdd4,0.26022154092788696,0.16935770958662033,0.18172766268253326,0.16935770958662033,0.21177679300308228,0.26022154092788696,0.0,34.89841842651367,40.251121520996094,1,2,0.0,0.0,0.0
hf_github_codereview,1af5ce7e3e2618c5,1.0,1.0,1.0,1.0,1.0,1.0,0.0,33.532405853271484,33.532405853271484,1,1,1.0,1.0,1.0
hf_github_codereview,12169bb446846dc0,0.3086269497871399,0.20187673469384512,0.09517252445220947,0.20187673469384512,0.25890302658081055,0.3086269497871399,0.0,24.66779327392578,39.035509745279946,1,3,0.0,0.0,0.0
hf_github_codereview,0c7dfdbdb95dc9a0,0.5519670248031616,0.5519670248031616,0.5519670248031616,0.5519670248031616,0.5519670248031616,0.5519670248031616,0.0,32.84774398803711,34.63325119018555,1,1,0.0,0.0,0.0
hf_github_codereview,9a0abc00b01767df,0.5228884220123291,0.5228884220123291,0.5228884220123291,0.5228884220123291,0.5228884220123291,0.5228884220123291,0.0,30.57108497619629,34.63325119018555,1,1,0.0,0.0,0.0
hf_github_codereview,1a66f505207cb24d,0.7385929822921753,0.7385929822921753,0.7385929822921753,0.7385929822921753,0.7385929822921753,0.7385929822921753,0.0,33.10233688354492,27.48831558227539,1,1,1.0,1.0,0.0
hf_github_codereview,14237c6999cac035,0.9999997019767761,0.9999997019767761,0.9999997019767761,0.9999997019767761,0.9999998807907104,0.9999997019767761,0.0,36.28828811645508,36.28828811645508,1,1,1.0,1.0,1.0
hf_github_codereview,441b852f4683f6fa,0.35272037982940674,0.35272037982940674,0.35272037982940674,0.35272037982940674,0.3527204096317291,0.35272037982940674,0.0,33.93693542480469,31.528520584106445,1,1,0.0,0.0,0.0
hf_github_codereview,a2eb51e42eac7ce0,0.2300514280796051,0.1874060183763504,0.0852908194065094,0.1874060183763504,0.251295268535614,0.2300514280796051,0.0,38.068756103515625,40.67263603210449,1,2,0.0,0.0,0.0
hf_github_codereview,3aeaedce6de8d95e,0.31450724601745605,0.31450724601745605,0.31450724601745605,0.31450724601745605,0.31450724601745605,0.31450724601745605,0.0,28.738283157348633,43.956050872802734,1,1,0.0,0.0,0.0
hf_github_codereview,5da37c5617872b58,1.0,1.0,1.0,1.0,1.0,1.0,0.0,47.10822677612305,47.10822677612305,1,1,1.0,1.0,1.0
hf_github_codereview,0fe426f033ffd157,0.2712227702140808,0.22150805592536926,0.0994294285774231,0.22150805592536926,0.31260865926742554,0.2712227702140808,0.0,27.1385498046875,30.449338912963867,1,2,0.0,0.0,0.0
hf_github_codereview,bc6dd90790763eff,0.5251073837280273,0.5251073837280273,0.5251073837280273,0.5251073837280273,0.5251073837280273,0.5251073837280273,0.0,39.57357406616211,35.08584976196289,1,1,0.0,0.0,0.0
hf_github_codereview,c2f0952c881a30ad,0.08462153375148773,0.08462153375148773,0.08462153375148773,0.08462153375148773,0.08462153375148773,0.08462153375148773,0.0,29.52687644958496,39.83680725097656,1,1,0.0,0.0,0.0
hf_github_codereview,aa08742bd1dd9903,0.19069363176822662,0.19069363176822662,0.19069363176822662,0.19069363176822662,0.19069363176822662,0.19069363176822662,0.0,34.413333892822266,28.704294204711914,1,1,0.0,0.0,0.0
hf_github_codereview,d077058d4a3a593c,0.08928652107715607,0.08928652107715607,0.08928652107715607,0.08928652107715607,0.08928653597831726,0.08928652107715607,0.0,42.919456481933594,40.92363739013672,1,1,0.0,0.0,0.0
hf_github_codereview,707757cced87f80f,0.2743198275566101,0.2743198275566101,0.2743198275566101,0.2743198275566101,0.2743198275566101,0.2743198275566101,0.0,29.90550994873047,41.299591064453125,1,1,0.0,0.0,0.0
hf_github_codereview,c679882c23e46d21,0.1840806007385254,0.1840806007385254,0.1840806007385254,0.1840806007385254,0.1840806007385254,0.1840806007385254,0.0,28.852005004882812,28.11394691467285,1,1,0.0,0.0,0.0
hf_github_codereview,2f5b6952d3d391e6,0.8034471273422241,0.8034471273422241,0.8034471273422241,0.8034471273422241,0.8034471869468689,0.8034471273422241,0.0,33.0251579284668,43.89488983154297,1,1,1.0,1.0,1.0
hf_github_codereview,026ea3393f67c18c,1.0,1.0,1.0,1.0,1.0,1.0,0.0,32.54409408569336,32.54409408569336,1,1,1.0,1.0,1.0
hf_github_codereview,0ded5817bcc95459,0.5619432926177979,0.478061705827713,0.16776317358016968,0.478061705827713,0.5823824405670166,0.5619432926177979,0.0,23.58456039428711,29.26532554626465,1,2,0.0,0.0,0.0
hf_github_codereview,86503a57850fa63b,0.5786604881286621,0.5786604881286621,0.5786604881286621,0.5786604881286621,0.5786604881286621,0.5786604881286621,0.0,35.9538688659668,36.2535400390625,1,1,0.0,0.0,0.0
hf_github_codereview,d1748edb0300f1ae,0.4313703775405884,0.4313703775405884,0.4313703775405884,0.4313703775405884,0.4313703775405884,0.4313703775405884,0.0,44.25230407714844,36.2535400390625,1,1,0.0,0.0,0.0
hf_github_codereview,adbc3eca13bd3299,0.6148018836975098,0.6148018836975098,0.6148018836975098,0.6148018836975098,0.6148019433021545,0.6148018836975098,0.0,39.76764678955078,32.59754180908203,1,1,1.0,0.0,0.0
hf_github_codereview,ce7e1681fecdc4f8,1.0,1.0,1.0,1.0,1.0,1.0,0.0,43.456329345703125,43.456329345703125,1,1,1.0,1.0,1.0
hf_github_codereview,62bdf6e976966903,0.9999999403953552,0.9999999403953552,0.9999999403953552,0.9999999403953552,1.0,0.9999999403953552,0.0,45.888526916503906,45.888526916503906,1,1,1.0,1.0,1.0
hf_github_codereview,5af9395c2381786a,0.3920632004737854,0.33354584872722626,0.11703470349311829,0.33354584872722626,0.3835207223892212,0.3920632004737854,0.0,40.852352142333984,34.4504280090332,1,2,0.0,0.0,0.0
hf_github_codereview,ce4a5158c2d76ef2,0.4491167664527893,0.4491167664527893,0.4491167664527893,0.4491167664527893,0.4491167664527893,0.4491167664527893,0.0,46.11289596557617,32.307701110839844,1,1,0.0,0.0,0.0
hf_github_codereview,a43ec4db4161989e,0.19671793282032013,0.14395185187458992,0.10553216189146042,0.14395185187458992,0.17732512950897217,0.19671793282032013,0.0,39.84971618652344,39.271925926208496,1,2,0.0,0.0,0.0
hf_github_codereview,7007d7df5d0fa3ee,0.28589096665382385,0.23837489634752274,0.09503214061260223,0.23837489634752274,0.28205204010009766,0.28589096665382385,0.0,39.84971618652344,34.583407402038574,1,2,0.0,0.0,0.0
hf_github_codereview,ba231fd42f9198de,0.284087210893631,0.2748883068561554,0.018397808074951172,0.2748883068561554,0.3169853389263153,0.284087210893631,0.0,39.84971618652344,39.39758110046387,1,2,0.0,0.0,0.0
hf_github_codereview,b7fbc4f4ef22a438,0.2834431827068329,0.19123752042651176,0.18441132456064224,0.19123752042651176,0.22233840823173523,0.2834431827068329,0.0,39.84971618652344,39.171966552734375,1,2,0.0,0.0,0.0
hf_github_codereview,97c0d951449ac6a3,0.5647672414779663,0.489001601934433,0.15153127908706665,0.489001601934433,0.5489703416824341,0.5647672414779663,0.0,44.013832092285156,37.8592643737793,1,2,0.0,0.0,0.0
hf_github_codereview,d3030505c115deda,0.6137770414352417,0.46692824363708496,0.2936975955963135,0.46692824363708496,0.5241900086402893,0.6137770414352417,0.0,44.87183380126953,37.8592643737793,1,2,0.5,0.0,0.0
hf_github_codereview,b3ae132bf589077b,0.4357717037200928,0.4357717037200928,0.4357717037200928,0.4357717037200928,0.4357717037200928,0.4357717037200928,0.0,45.069881439208984,32.258235931396484,1,1,0.0,0.0,0.0
hf_github_codereview,3db278bcf94bbcc0,0.5176469087600708,0.41612347960472107,0.20304685831069946,0.41612347960472107,0.49963101744651794,0.5176469087600708,0.0,45.59574890136719,39.4063777923584,1,2,0.0,0.0,0.0
hf_github_codereview,17394834bf981e79,0.7620519399642944,0.601683959364891,0.32073596119880676,0.601683959364891,0.6858786344528198,0.7620519399642944,0.0,46.77342987060547,37.734639167785645,1,2,0.5,0.5,0.0
hf_github_codereview,0bf6d7e911f779f1,0.218298077583313,0.218298077583313,0.218298077583313,0.218298077583313,0.2182980626821518,0.218298077583313,0.0,42.87896728515625,35.49648666381836,1,1,0.0,0.0,0.0
hf_github_codereview,536a50cd03f58ec4,0.2887837588787079,0.2887837588787079,0.2887837588787079,0.2887837588787079,0.2887837290763855,0.2887837588787079,0.0,41.64810562133789,35.49648666381836,1,1,0.0,0.0,0.0
hf_github_codereview,7d26d09a53c3fdac,0.9981262683868408,0.9981262683868408,0.9981262683868408,0.9981262683868408,0.9981262683868408,0.9981262683868408,0.0,46.18402862548828,46.668113708496094,1,1,1.0,1.0,1.0
hf_github_codereview,2ef257c19964d5dc,1.0,1.0,1.0,1.0,1.0,1.0,0.0,46.79222869873047,46.79222869873047,1,1,1.0,1.0,1.0
hf_github_codereview,30c27fc2f8cdae78,0.6863810420036316,0.6863810420036316,0.6863810420036316,0.6863810420036316,0.6863810420036316,0.6863810420036316,0.0,35.94013595581055,37.657527923583984,1,1,1.0,0.0,0.0
hf_github_codereview,765701fbffa3ad72,0.8337401151657104,0.5632270574569702,0.383294939994812,0.5632270574569702,0.6357090473175049,0.8337401151657104,0.0,39.0437126159668,46.28867848714193,1,3,0.3333333333333333,0.3333333333333333,0.3333333333333333
hf_github_codereview,70472df111bd0537,0.9999998807907104,0.5481109619140625,0.9037778377532959,0.5481109619140625,0.7403451204299927,0.9999998807907104,0.0,23.44670867919922,32.19198799133301,1,2,0.5,0.5,0.5
hf_github_codereview,72cd769218160212,0.7488646507263184,0.6189543157815933,0.2598206698894501,0.6189543157815933,0.6978557705879211,0.7488646507263184,0.0,30.4598331451416,46.422319412231445,1,2,0.5,0.5,0.0
hf_github_codereview,1fa70855903210c0,1.0,0.5459735790888468,0.6081144213676453,0.5459735790888468,0.7352314591407776,1.0,0.0,42.21971893310547,44.94112650553385,1,3,0.3333333333333333,0.3333333333333333,0.3333333333333333
hf_github_codereview,acd869560ac3af04,0.6601274013519287,0.48498421907424927,0.16112658381462097,0.48498421907424927,0.5988978743553162,0.6601274013519287,0.0,38.6152458190918,45.1964225769043,1,3,0.3333333333333333,0.0,0.0
hf_github_codereview,77dc25cc8e734c78,0.8838367462158203,0.6080949505170187,0.29963958263397217,0.5400015562772751,0.7194237112998962,0.8838367462158203,0.0,44.45991134643555,43.94290065765381,1,4,0.25,0.25,0.25
hf_github_codereview,9f869e84bd618cec,0.9990068078041077,0.9990068078041077,0.9990068078041077,0.9990068078041077,0.9990068078041077,0.9990068078041077,0.0,37.77700424194336,37.412776947021484,1,1,1.0,1.0,1.0
hf_github_codereview,3684913a17c0e9fc,0.9999997615814209,0.9999997615814209,0.9999997615814209,0.9999997615814209,0.9999998807907104,0.9999997615814209,0.0,44.3703498840332,44.3703498840332,1,1,1.0,1.0,1.0
hf_github_codereview,8938d54d48b19003,0.6306868195533752,0.6306868195533752,0.6306868195533752,0.6306868195533752,0.6306867599487305,0.6306868195533752,0.0,32.075897216796875,47.132869720458984,1,1,1.0,0.0,0.0
hf_github_codereview,2e1436327e95a3dd,0.9378117322921753,0.9378117322921753,0.9378117322921753,0.9378117322921753,0.9378116130828857,0.9378117322921753,0.0,47.60265350341797,47.132869720458984,1,1,1.0,1.0,1.0
hf_github_codereview,0a63032667c105ab,0.611962616443634,0.611962616443634,0.611962616443634,0.611962616443634,0.611962616443634,0.611962616443634,0.0,43.32119369506836,41.260562896728516,1,1,1.0,0.0,0.0
hf_github_codereview,0be098bfa45c2a1b,0.6960818767547607,0.5418870896100998,0.3083895742893219,0.5418870896100998,0.6114372611045837,0.6960818767547607,0.0,46.1978645324707,42.22038650512695,1,2,0.5,0.0,0.0
hf_github_codereview,470caf5924141a13,1.0,0.7416242957115173,0.5167514085769653,0.7416242957115173,0.8611761331558228,1.0,0.0,46.018104553222656,40.47487831115723,1,2,0.5,0.5,0.5
hf_github_codereview,1e3582b141dd39b2,0.7773767709732056,0.452523872256279,0.2922079563140869,0.452523872256279,0.6471213102340698,0.7773767709732056,0.0,41.98377227783203,41.75347137451172,1,3,0.3333333333333333,0.3333333333333333,0.0
hf_github_codereview,b00120e68aab59c4,0.40947744250297546,0.40947744250297546,0.40947744250297546,0.40947744250297546,0.4094774127006531,0.40947744250297546,0.0,46.603912353515625,47.06369400024414,1,1,0.0,0.0,0.0
hf_github_codereview,d6f63a0d782b0ade,0.8259663581848145,0.8259663581848145,0.8259663581848145,0.8259663581848145,0.8259662389755249,0.8259663581848145,0.0,40.66663360595703,47.06369400024414,1,1,1.0,1.0,1.0
hf_github_codereview,9d4d71f70991ed1a,0.9997658133506775,0.9997658133506775,0.9997658133506775,0.9997658133506775,0.9997657537460327,0.9997658133506775,0.0,47.24619674682617,47.06369400024414,1,1,1.0,1.0,1.0
hf_github_codereview,6487222432e41ffa,1.0,1.0,1.0,1.0,1.0,1.0,0.0,45.187644958496094,45.187644958496094,1,1,1.0,1.0,1.0
hf_github_codereview,3b7c6c1e01c517fd,1.0,0.7542603313922882,0.4914793372154236,0.7542603313922882,0.8684815168380737,1.0,0.0,34.696861267089844,39.42506790161133,1,2,0.5,0.5,0.5
hf_github_codereview,d1175c8bfc92faaa,0.9999999403953552,0.9999999403953552,0.9999999403953552,0.9999999403953552,1.0,0.9999999403953552,0.0,45.96864700317383,45.96864700317383,1,1,1.0,1.0,1.0
hf_github_codereview,57adf090e83c585f,0.4123457670211792,0.31416139006614685,0.1963687539100647,0.31416139006614685,0.38112613558769226,0.4123457670211792,0.0,40.04542922973633,32.97917175292969,1,2,0.0,0.0,0.0
hf_github_codereview,39a95516dbfa6569,0.40765923261642456,0.30703434348106384,0.20124977827072144,0.30703434348106384,0.3724799156188965,0.40765923261642456,0.0,43.963504791259766,32.97917175292969,1,2,0.0,0.0,0.0
hf_github_codereview,db2f2b617629a635,0.34370025992393494,0.28742366035779315,0.032825738191604614,0.28742366035779315,0.3902089595794678,0.34370025992393494,0.0,43.15183639526367,37.401512145996094,1,3,0.0,0.0,0.0
hf_github_codereview,88ee56cee69839ac,0.8210192918777466,0.7550780177116394,0.13188254833221436,0.7550780177116394,0.8313970565795898,0.8210192918777466,0.0,45.099971771240234,42.92161750793457,1,2,1.0,0.5,0.5
hf_github_codereview,7a730993e21ff21d,0.6513357162475586,0.6494133174419403,0.0038447976112365723,0.6494133174419403,0.6808818578720093,0.6513357162475586,0.0,44.85026931762695,43.20635986328125,1,2,1.0,0.0,0.0
hf_github_codereview,dac4283bf67d589a,0.8879585266113281,0.7420421838760376,0.29183268547058105,0.7420421838760376,0.7999346256256104,0.8879585266113281,0.0,46.66192626953125,40.28512382507324,1,2,0.5,0.5,0.5
hf_github_codereview,3eed07cf2b339743,0.011305641382932663,-0.003206951543688774,0.029025185853242874,-0.003206951543688774,-0.003320246934890747,0.011305641382932663,0.0,20.50194549560547,42.19204902648926,1,2,0.0,0.0,0.0
hf_github_codereview,57dfb94002a70a76,0.6431699991226196,0.5808610916137695,0.1246178150177002,0.5808610916137695,0.6033042669296265,0.6431699991226196,0.0,43.74494552612305,41.02758979797363,1,2,0.5,0.0,0.0
hf_github_codereview,5a71185cf00bba8c,1.0,0.4833105305830638,0.7655899822711945,0.4833105305830638,0.6207155585289001,1.0,0.0,47.55455017089844,43.644744873046875,1,3,0.3333333333333333,0.3333333333333333,0.3333333333333333
hf_github_codereview,386a9102acfe57d8,1.0,1.0,1.0,1.0,1.0,1.0,0.0,39.9048957824707,39.9048957824707,1,1,1.0,1.0,1.0
hf_github_codereview,56a34352e94d52fd,0.9744234085083008,0.7031561732292175,0.5425344705581665,0.7031561732292175,0.830150842666626,0.9744234085083008,0.0,39.753448486328125,39.74010467529297,1,2,0.5,0.5,0.5
hf_github_codereview,db4433f3d95fd826,0.8780462741851807,0.8780462741851807,0.8780462741851807,0.8780462741851807,0.8780462741851807,0.8780462741851807,0.0,36.28137969970703,41.458709716796875,1,1,1.0,1.0,1.0
hf_github_codereview,f392f43e84e6a87f,0.7258872389793396,0.7258872389793396,0.7258872389793396,0.7258872389793396,0.7258872389793396,0.7258872389793396,0.0,34.815208435058594,41.458709716796875,1,1,1.0,1.0,0.0
hf_github_codereview,f0ed5fa729dc8600,0.0,0.0,0.0,0.0,0.0,0.0,0.0,44.702239990234375,0.0,1,0,0.0,0.0,0.0
hf_github_codereview,ef23ae628dc5dea9,0.589939534664154,0.3972998261451721,0.38527941703796387,0.3972998261451721,0.48901796340942383,0.589939534664154,0.0,47.832618713378906,28.528656005859375,1,2,0.0,0.0,0.0
hf_github_codereview,51d0665dcd5c261d,0.6206974983215332,0.4333437383174896,0.37470752000808716,0.4333437383174896,0.5129834413528442,0.6206974983215332,0.0,43.39030075073242,29.91688632965088,1,2,0.5,0.0,0.0
hf_github_codereview,d59015313803f96e,0.38889598846435547,0.38889598846435547,0.38889598846435547,0.38889598846435547,0.38889604806900024,0.38889598846435547,0.0,47.961341857910156,46.88473129272461,1,1,0.0,0.0,0.0
hf_github_codereview,232889a1d4af7ad5,0.1730908453464508,0.13208856681982675,0.053631871938705444,0.13208856681982675,0.17431360483169556,0.1730908453464508,0.0,37.89842224121094,38.63470458984375,1,3,0.0,0.0,0.0
hf_github_codereview,5d064a1588419b8b,1.0,1.0,1.0,1.0,1.0,1.0,0.0,45.93647384643555,45.93647384643555,1,1,1.0,1.0,1.0
hf_github_codereview,9ce7246fe729f56b,0.2787954807281494,0.2734662592411041,0.010658442974090576,0.2734662592411041,0.32924115657806396,0.2787954807281494,0.0,33.88559341430664,36.68636417388916,1,2,0.0,0.0,0.0
hf_github_codereview,48acb91d867cc848,0.5767773389816284,0.3866235986351967,0.38030748069286346,0.3866235986351967,0.4661755859851837,0.5767773389816284,0.0,33.35177993774414,42.32388496398926,1,2,0.0,0.0,0.0
hf_github_codereview,171485fd5c35fddb,0.7545202970504761,0.5025701026121775,0.2431545853614807,0.5025701026121775,0.6427887082099915,0.7545202970504761,0.0,36.44004821777344,39.97820917765299,1,3,0.3333333333333333,0.3333333333333333,0.0
hf_github_codereview,aca00c17486b5953,0.7324365973472595,0.45236779501040775,0.2212437391281128,0.45236779501040775,0.6642475128173828,0.7324365973472595,0.0,39.867454528808594,36.357870737711586,1,3,0.3333333333333333,0.3333333333333333,0.0
hf_github_codereview,fc1d44a8fff6c735,0.9808589816093445,0.45911703010400134,0.5923067331314087,0.45911703010400134,0.6883730888366699,0.9808589816093445,0.0,34.22407913208008,33.7011661529541,1,3,0.3333333333333333,0.3333333333333333,0.3333333333333333
hf_github_codereview,e5df795190d68904,0.8404291868209839,0.8404291868209839,0.8404291868209839,0.8404291868209839,0.8404292464256287,0.8404291868209839,0.0,47.776790618896484,42.260799407958984,1,1,1.0,1.0,1.0
hf_github_codereview,df39d6cb06de2786,0.22381821274757385,0.2081480696797371,0.03134028613567352,0.2081480696797371,0.24688437581062317,0.22381821274757385,0.0,25.25519371032715,32.92550086975098,1,2,0.0,0.0,0.0
hf_github_codereview,d2ad8e31aaa30040,0.9303147792816162,0.9303147792816162,0.9303147792816162,0.9303147792816162,0.9303147792816162,0.9303147792816162,0.0,40.489986419677734,42.645652770996094,1,1,1.0,1.0,1.0
hf_github_codereview,161437c2e5f63e75,0.14288762211799622,0.12370685487985611,0.03836153447628021,0.12370685487985611,0.13272371888160706,0.14288762211799622,0.0,40.688087463378906,26.61913776397705,1,2,0.0,0.0,0.0
hf_github_codereview,76229b81ad306110,0.5671278238296509,0.5006071031093597,0.13304144144058228,0.5006071031093597,0.5972450971603394,0.5671278238296509,0.0,45.09730911254883,42.01675605773926,1,2,0.0,0.0,0.0
hf_github_codereview,c1aa44ce4573c5a9,0.6505366563796997,0.6505366563796997,0.6505366563796997,0.6505366563796997,0.6505366563796997,0.6505366563796997,0.0,36.650569915771484,35.71017837524414,1,1,1.0,0.0,0.0
hf_github_codereview,5fc97c8658b65001,0.2721685767173767,0.2721685767173767,0.2721685767173767,0.2721685767173767,0.2721685767173767,0.2721685767173767,0.0,43.0818977355957,23.370168685913086,1,1,0.0,0.0,0.0
hf_github_codereview,40e409176396440b,0.2860574424266815,0.2454260289669037,0.05827513337135315,0.2454260289669037,0.29891008138656616,0.2860574424266815,0.0,42.538536071777344,37.833024978637695,1,3,0.0,0.0,0.0
hf_github_codereview,6c8914caf7b78c9e,0.21736694872379303,0.19373884052038193,0.047256216406822205,0.19373884052038193,0.24345263838768005,0.21736694872379303,0.0,31.63746452331543,46.12512969970703,1,2,0.0,0.0,0.0
hf_github_codereview,d5997dd53dffca03,0.0,0.0,0.0,0.0,0.0,0.0,0.0,42.79037857055664,0.0,1,0,0.0,0.0,0.0
hf_github_codereview,452950bdd810f229,0.45998862385749817,0.45998862385749817,0.45998862385749817,0.45998862385749817,0.45998862385749817,0.45998862385749817,0.0,43.34526443481445,30.759750366210938,1,1,0.0,0.0,0.0
hf_github_codereview,4160c1322f4de799,0.09073309600353241,0.08327258750796318,0.014921016991138458,0.08327258750796318,0.09171521663665771,0.09073309600353241,0.0,28.683834075927734,34.36684226989746,1,2,0.0,0.0,0.0
hf_github_codereview,2c5efe72e38bc645,0.8473432064056396,0.6019604404767355,0.23912155628204346,0.6019604404767355,0.7465054988861084,0.8473432064056396,0.0,38.45317459106445,40.73103586832682,1,3,0.6666666666666666,0.3333333333333333,0.3333333333333333
hf_github_codereview,756a83d005136102,0.9407408237457275,0.5578173398971558,0.4387115240097046,0.5578173398971558,0.7491180896759033,0.9407408237457275,0.0,36.74534225463867,35.76389757792155,1,3,0.3333333333333333,0.3333333333333333,0.3333333333333333
hf_github_codereview,ccee16c8ea207a02,0.9416418075561523,0.9416418075561523,0.9416418075561523,0.9416418075561523,0.9416418075561523,0.9416418075561523,0.0,34.488136291503906,30.262964248657227,1,1,1.0,1.0,1.0
hf_github_codereview,914e6a6de755ad49,0.3515458106994629,0.3515458106994629,0.3515458106994629,0.3515458106994629,0.3515457510948181,0.3515458106994629,0.0,42.81991195678711,24.711694717407227,1,1,0.0,0.0,0.0
hf_github_codereview,f6253a5bfd6281b5,0.47663819789886475,0.3327220678329468,0.28783226013183594,0.3327220678329468,0.4331930875778198,0.47663819789886475,0.0,36.98237228393555,41.80908203125,1,2,0.0,0.0,0.0
hf_github_codereview,db68d46701b6e65a,0.9999999403953552,0.5801513195037842,0.8396972417831421,0.5801513195037842,0.7616766691207886,0.9999999403953552,0.0,46.6583366394043,41.64506530761719,1,2,0.5,0.5,0.5
hf_github_codereview,a6d2a700ad830053,1.0,1.0,1.0,1.0,1.0,1.0,0.0,20.145282745361328,20.145282745361328,1,1,1.0,1.0,1.0
hf_github_codereview,2ccc01718f92793c,0.9999998807907104,0.5801512897014618,0.8396971821784973,0.5801512897014618,0.761676549911499,0.9999998807907104,0.0,36.63179397583008,41.64506530761719,1,2,0.5,0.5,0.5
hf_github_codereview,0e62f626483bd5ec,0.32763051986694336,0.32763051986694336,0.32763051986694336,0.32763051986694336,0.32763051986694336,0.32763051986694336,0.0,43.376808166503906,32.09944534301758,1,1,0.0,0.0,0.0
hf_github_codereview,2f19b7ccfccddafe,0.3415122330188751,0.3415122330188751,0.3415122330188751,0.3415122330188751,0.3415122330188751,0.3415122330188751,0.0,35.18099594116211,32.09944534301758,1,1,0.0,0.0,0.0
hf_github_codereview,dae69b7fe300ef01,0.17140232026576996,0.17140232026576996,0.17140232026576996,0.17140232026576996,0.17140232026576996,0.17140232026576996,0.0,34.94436264038086,32.09944534301758,1,1,0.0,0.0,0.0
hf_github_codereview,8cf5190bef0c6f93,0.4931098222732544,0.4931098222732544,0.4931098222732544,0.4931098222732544,0.4931098222732544,0.4931098222732544,0.0,43.26686477661133,32.09944534301758,1,1,0.0,0.0,0.0
hf_github_codereview,42a9cec4efd6dd0c,1.0,1.0,1.0,1.0,1.0,1.0,0.0,45.5447883605957,45.5447883605957,1,1,1.0,1.0,1.0
hf_github_codereview,8c69bf8ace53e3ec,0.9999998807907104,0.9999998807907104,0.9999998807907104,0.9999998807907104,0.9999999403953552,0.9999998807907104,0.0,26.506996154785156,26.506996154785156,1,1,1.0,1.0,1.0
hf_github_codereview,54d153512c5706c9,0.9999998807907104,0.9999998807907104,0.9999998807907104,0.9999998807907104,0.9999999403953552,0.9999998807907104,0.0,26.506996154785156,26.506996154785156,1,1,1.0,1.0,1.0
hf_github_codereview,a209790cd28d0767,1.0,0.5986401438713074,0.8027197122573853,0.5986401438713074,0.7737184166908264,1.0,0.0,27.531978607177734,31.72722053527832,1,2,0.5,0.5,0.5
hf_github_codereview,942ee296af0f29ef,0.9960342645645142,0.4753026266892751,0.7406442761421204,0.4753026266892751,0.6425900459289551,0.9960342645645142,0.0,49.2844123840332,39.05547968546549,1,3,0.3333333333333333,0.3333333333333333,0.3333333333333333
hf_github_codereview,3866f11fa70f8871,0.870189368724823,0.6190467476844788,0.5022852420806885,0.6190467476844788,0.7192286849021912,0.870189368724823,0.0,39.44278335571289,45.444786071777344,1,2,0.5,0.5,0.5
hf_github_codereview,d70f6a755aad41af,0.8540123105049133,0.8540123105049133,0.8540123105049133,0.8540123105049133,0.8540123105049133,0.8540123105049133,0.0,43.055484771728516,39.93349075317383,1,1,1.0,1.0,1.0
hf_github_codereview,f9c8a90427f64bfd,0.7734650373458862,0.7734650373458862,0.7734650373458862,0.7734650373458862,0.7734650373458862,0.7734650373458862,0.0,44.778076171875,39.93349075317383,1,1,1.0,1.0,0.0
hf_github_codereview,a946dfd93f0541de,1.0,1.0,1.0,1.0,1.0,1.0,0.0,41.96865463256836,41.96865463256836,1,1,1.0,1.0,1.0
hf_github_codereview,1324be94afaa249f,0.5785889625549316,0.5785889625549316,0.5785889625549316,0.5785889625549316,0.5785889625549316,0.5785889625549316,0.0,30.82210350036621,38.28481674194336,1,1,0.0,0.0,0.0
hf_github_codereview,dd0b1580e9fbad97,0.41247862577438354,0.40656201044718426,0.00836181640625,0.40656201044718426,0.44621479511260986,0.41247862577438354,0.0,36.086036682128906,38.673678716023765,1,3,0.0,0.0,0.0
hf_github_codereview,0975ac9352a13aa7,0.6199266314506531,0.6199266314506531,0.6199266314506531,0.6199266314506531,0.6199266314506531,0.6199266314506531,0.0,30.491878509521484,45.75528335571289,1,1,1.0,0.0,0.0
hf_github_codereview,6afefde0fa2bf283,0.6071841716766357,0.4926315248012543,0.22910529375076294,0.4926315248012543,0.5740045309066772,0.6071841716766357,0.0,36.94500732421875,34.68804168701172,1,2,0.5,0.0,0.0
hf_github_codereview,659aef27dfd5c5da,0.519692599773407,0.519692599773407,0.519692599773407,0.519692599773407,0.519692599773407,0.519692599773407,0.0,42.16639709472656,23.1939697265625,1,1,0.0,0.0,0.0
hf_github_codereview,0029e8d573da3eed,0.44210416078567505,0.44210416078567505,0.44210416078567505,0.44210416078567505,0.44210416078567505,0.44210416078567505,0.0,44.639747619628906,23.1939697265625,1,1,0.0,0.0,0.0
hf_github_codereview,f08581e2cd11fe80,0.4305412769317627,0.4305412769317627,0.4305412769317627,0.4305412769317627,0.4305412769317627,0.4305412769317627,0.0,44.639747619628906,22.736568450927734,1,1,0.0,0.0,0.0
hf_github_codereview,c706ec9abf6b2638,0.26398563385009766,0.26398563385009766,0.26398563385009766,0.26398563385009766,0.26398569345474243,0.26398563385009766,0.0,43.10451126098633,22.736568450927734,1,1,0.0,0.0,0.0
hf_github_codereview,c7e6b21c10b4ce8e,0.3524267375469208,0.3524267375469208,0.3524267375469208,0.3524267375469208,0.35242676734924316,0.3524267375469208,0.0,41.90459060668945,23.219112396240234,1,1,0.0,0.0,0.0
hf_github_codereview,ba5791d4a27dcc1f,0.9999998807907104,0.6038317680358887,0.7923362255096436,0.6038317680358887,0.7770661115646362,0.9999998807907104,0.0,45.18749237060547,42.47124481201172,1,2,0.5,0.5,0.5
hf_github_codereview,ab4971f5557f0835,0.26747584342956543,0.26747584342956543,0.26747584342956543,0.26747584342956543,0.26747584342956543,0.26747584342956543,0.0,40.82057189941406,24.334869384765625,1,1,0.0,0.0,0.0
hf_github_codereview,c032d7840b663f4e,0.8026407957077026,0.8026407957077026,0.8026407957077026,0.8026407957077026,0.8026407957077026,0.8026407957077026,0.0,48.16398239135742,46.960079193115234,1,1,1.0,1.0,1.0
hf_github_codereview,b7d320ac042d30e5,0.7965381145477295,0.6450778543949127,0.30292052030563354,0.6450778543949127,0.7242487072944641,0.7965381145477295,0.0,47.07525634765625,44.248212814331055,1,2,0.5,0.5,0.0
hf_github_codereview,1b8fa199fd47b8a8,0.8567776679992676,0.7339212000370026,0.24571293592453003,0.7339212000370026,0.82399582862854,0.8567776679992676,0.0,38.762123107910156,44.248212814331055,1,2,1.0,0.5,0.5
hf_github_codereview,d53f5d49f0749231,0.7484506964683533,0.4135521501302719,0.6697970926761627,0.4135521501302719,0.5879579782485962,0.7484506964683533,0.0,31.808290481567383,24.243733406066895,1,2,0.5,0.5,0.0
hf_github_codereview,ca8d05fda49467df,0.2631259560585022,0.2631259560585022,0.2631259560585022,0.2631259560585022,0.2631259560585022,0.2631259560585022,0.0,27.16956329345703,26.195446014404297,1,1,0.0,0.0,0.0
hf_github_codereview,d83f7790d434b411,0.26701778173446655,0.26701778173446655,0.26701778173446655,0.26701778173446655,0.26701778173446655,0.26701778173446655,0.0,31.143875122070312,26.195446014404297,1,1,0.0,0.0,0.0
hf_github_codereview,20fe0b97cbb5c83b,0.3892536759376526,0.24201375246047974,0.2944798469543457,0.24201375246047974,0.300437331199646,0.3892536759376526,0.0,44.217037200927734,39.047006607055664,1,2,0.0,0.0,0.0
hf_github_codereview,3c4cf8deea2df99e,0.45186418294906616,0.27671894431114197,0.3502904772758484,0.27671894431114197,0.34352055191993713,0.45186418294906616,0.0,43.04717254638672,39.047006607055664,1,2,0.0,0.0,0.0
hf_github_codereview,e4f0c481f156bd0c,0.40307217836380005,0.28971050679683685,0.2267233431339264,0.28971050679683685,0.35964834690093994,0.40307217836380005,0.0,41.37614822387695,39.047006607055664,1,2,0.0,0.0,0.0
hf_github_codereview,5405b542ae1d2417,0.9205117225646973,0.7668423652648926,0.3073387145996094,0.7668423652648926,0.8406069278717041,0.9205117225646973,0.0,43.3873176574707,44.12152671813965,1,2,1.0,0.5,0.5
hf_github_codereview,f6eaad6c95c61527,0.8067357540130615,0.6425449252128601,0.32838165760040283,0.6425449252128601,0.760159969329834,0.8067357540130615,0.0,43.74657440185547,46.67593002319336,1,2,0.5,0.5,0.5
hf_github_codereview,5c1050dbfed662a8,0.6468726396560669,0.43434978276491165,0.4250457137823105,0.43434978276491165,0.5510426759719849,0.6468726396560669,0.0,42.741050720214844,43.54413604736328,1,2,0.5,0.0,0.0
hf_github_codereview,ab959442328cea1f,1.0,1.0,1.0,1.0,1.0,1.0,0.0,35.79724884033203,35.79724884033203,1,1,1.0,1.0,1.0
hf_github_codereview,3b2faea381f8b730,0.5043421983718872,0.5043421983718872,0.5043421983718872,0.5043421983718872,0.5043421983718872,0.5043421983718872,0.0,44.08652114868164,31.47930908203125,1,1,0.0,0.0,0.0
hf_github_codereview,1af3d30721091372,0.61883145570755,0.5014352798461914,0.23479235172271729,0.5014352798461914,0.627684473991394,0.61883145570755,0.0,33.8792724609375,35.07914447784424,1,2,0.5,0.0,0.0
hf_github_codereview,a46b4f7c80a98702,0.9992270469665527,0.9992270469665527,0.9992270469665527,0.9992270469665527,0.9992270469665527,0.9992270469665527,0.0,41.402976989746094,41.01149368286133,1,1,1.0,1.0,1.0
hf_github_codereview,2618148555e8967c,0.6654806137084961,0.6654806137084961,0.6654806137084961,0.6654806137084961,0.6654807329177856,0.6654806137084961,0.0,44.73343276977539,39.854610443115234,1,1,1.0,0.0,0.0
hf_github_codereview,9bfee1831fbea476,0.6574720740318298,0.40314753353595734,0.508649080991745,0.40314753353595734,0.5186917781829834,0.6574720740318298,0.0,31.92494010925293,37.702531814575195,1,2,0.5,0.0,0.0
hf_github_codereview,996dc32bc9eb58ab,0.6852500438690186,0.582405224442482,0.20568963885307312,0.582405224442482,0.6402534246444702,0.6852500438690186,0.0,44.1953239440918,46.82954788208008,1,2,0.5,0.0,0.0
hf_github_codereview,c7a65cf8d59bf7d6,0.7140547633171082,0.7071469724178314,0.013815581798553467,0.7071469724178314,0.7773853540420532,0.7140547633171082,0.0,45.218082427978516,46.82954788208008,1,2,1.0,1.0,0.0
hf_github_codereview,bced614e9aff0bce,0.7298756241798401,0.6795789301395416,0.10059338808059692,0.6795789301395416,0.7470791339874268,0.7298756241798401,0.0,44.472755432128906,46.82954788208008,1,2,1.0,0.5,0.0
hf_github_codereview,6af25ca7475e6513,0.8657287955284119,0.6905548274517059,0.35034793615341187,0.6905548274517059,0.7591451406478882,0.8657287955284119,0.0,43.75701141357422,46.82954788208008,1,2,0.5,0.5,0.5
hf_github_codereview,485153ed592c0426,0.6188316345214844,0.6188316345214844,0.6188316345214844,0.6188316345214844,0.6188316345214844,0.6188316345214844,0.0,34.0935173034668,38.12286376953125,1,1,1.0,0.0,0.0
hf_github_codereview,49f4d95daa1ca438,0.7122412919998169,0.7122412919998169,0.7122412919998169,0.7122412919998169,0.7122412919998169,0.7122412919998169,0.0,36.01872253417969,38.12286376953125,1,1,1.0,1.0,0.0
hf_github_codereview,46ca582a2a83e17a,0.5093441009521484,0.38633137941360474,0.2460254430770874,0.38633137941360474,0.4860561490058899,0.5093441009521484,0.0,34.70217514038086,40.101301193237305,1,2,0.0,0.0,0.0
hf_github_codereview,2b799b4701506b3f,0.5240494012832642,0.43569184839725494,0.17671510577201843,0.43569184839725494,0.5652958750724792,0.5240494012832642,0.0,44.18971252441406,42.465335845947266,1,2,0.0,0.0,0.0
hf_github_codereview,6377291add2169b8,0.479541540145874,0.38740555942058563,0.18427196145057678,0.38740555942058563,0.5026459693908691,0.479541540145874,0.0,46.477264404296875,42.465335845947266,1,2,0.0,0.0,0.0
hf_github_codereview,0e5f05c6909f38b0,0.555442750453949,0.45005542039871216,0.21077466011047363,0.45005542039871216,0.5839321613311768,0.555442750453949,0.0,46.480072021484375,42.465335845947266,1,2,0.0,0.0,0.0
hf_github_codereview,8c9bc0d94e9017fe,-0.0016578659415245056,-0.04324309900403023,0.08317046612501144,-0.04324309900403023,-0.054784804582595825,-0.0016578659415245056,0.0,20.50194549560547,41.755144119262695,1,2,0.0,0.0,0.0
hf_github_codereview,0082a3271bac4b16,0.6343315839767456,0.46832311153411865,0.3320169448852539,0.46832311153411865,0.5862368941307068,0.6343315839767456,0.0,34.0935173034668,40.44710731506348,1,2,0.5,0.0,0.0
hf_github_codereview,113928e854e4ce28,0.3634996712207794,0.25589530169963837,0.2152087390422821,0.25589530169963837,0.32055091857910156,0.3634996712207794,0.0,38.53767395019531,34.1334114074707,1,2,0.0,0.0,0.0
hf_github_codereview,0b03900c37054f7f,0.7731800079345703,0.7731800079345703,0.7731800079345703,0.7731800079345703,0.7731800079345703,0.7731800079345703,0.0,37.9334716796875,36.005584716796875,1,1,1.0,1.0,0.0
hf_github_codereview,090d01112726a483,0.38145381212234497,0.38145381212234497,0.38145381212234497,0.38145381212234497,0.38145381212234497,0.38145381212234497,0.0,36.648841857910156,45.565032958984375,1,1,0.0,0.0,0.0
hf_github_codereview,3f246bab4dfe66f6,0.9500986337661743,0.5663637891411781,0.7674696892499924,0.5663637891411781,0.7490296363830566,0.9500986337661743,0.0,42.608848571777344,44.707895278930664,1,2,0.5,0.5,0.5
hf_github_codereview,ca75d872fd73def6,0.9999998807907104,0.5727566331624985,0.854486495256424,0.5727566331624985,0.7568068504333496,0.9999998807907104,0.0,27.223852157592773,35.00565814971924,1,2,0.5,0.5,0.5
hf_github_codereview,d1d0e71c969cbaa3,1.0,1.0,1.0,1.0,1.0,1.0,0.0,41.98985290527344,41.98985290527344,1,1,1.0,1.0,1.0
hf_github_codereview,233d2550bd22b598,0.5849511623382568,0.3877640515565872,0.39437422156333923,0.3877640515565872,0.5189334154129028,0.5849511623382568,0.0,33.885379791259766,36.998857498168945,1,2,0.0,0.0,0.0
hf_github_codereview,242eb3a2990d8d09,0.3085566759109497,0.2164257913827896,0.1842617690563202,0.2164257913827896,0.30084729194641113,0.3085566759109497,0.0,31.00205421447754,31.357709884643555,1,2,0.0,0.0,0.0
hf_github_codereview,11dff9516ce73ff7,0.8430713415145874,0.6578518599271774,0.37043896317481995,0.6578518599271774,0.7461363673210144,0.8430713415145874,0.0,35.292850494384766,30.510626792907715,1,2,0.5,0.5,0.5
hf_github_codereview,7939bc6e778909bc,0.4159155488014221,0.23231476545333862,0.367201566696167,0.23231476545333862,0.3202143907546997,0.4159155488014221,0.0,45.49791717529297,37.69158363342285,1,2,0.0,0.0,0.0
hf_github_codereview,1bc8ba4f0fccde82,0.47982966899871826,0.45572511851787567,0.04820910096168518,0.45572511851787567,0.5256569385528564,0.47982966899871826,0.0,28.30272674560547,35.34992790222168,1,2,0.0,0.0,0.0
hf_github_codereview,b18d154c3a69eb32,0.6080499887466431,0.6080499887466431,0.6080499887466431,0.6080499887466431,0.6080499887466431,0.6080499887466431,0.0,49.18053436279297,43.101497650146484,1,1,1.0,0.0,0.0
hf_github_codereview,3c8aaafcc5de0428,1.0,0.5910270661115646,0.8179458677768707,0.5910270661115646,0.7687828540802002,1.0,0.0,47.744998931884766,48.226768493652344,1,2,0.5,0.5,0.5
hf_github_codereview,97f3f2ed2c806acf,0.3863333463668823,0.3863333463668823,0.3863333463668823,0.3863333463668823,0.3863333463668823,0.3863333463668823,0.0,42.13811111450195,42.755001068115234,1,1,0.0,0.0,0.0
hf_github_codereview,db3c1295257a82f0,1.0,0.743569627404213,0.5128607451915741,0.743569627404213,0.8623048067092896,1.0,0.0,42.49824905395508,39.63224411010742,1,2,0.5,0.5,0.5
hf_github_codereview,d5832ecea7802e74,0.1715041697025299,0.13354627415537834,0.07591579109430313,0.13354627415537834,0.14928551018238068,0.1715041697025299,0.0,28.727619171142578,30.503286361694336,1,2,0.0,0.0,0.0
hf_github_codereview,ca5761ebef91c688,0.7722510695457458,0.459416426718235,0.6256692856550217,0.459416426718235,0.6092715263366699,0.7722510695457458,0.0,34.528011322021484,28.325124740600586,1,2,0.5,0.5,0.0
hf_github_codereview,7fdda3ffc02c972b,0.9544327259063721,0.5487392544746399,0.8113869428634644,0.5487392544746399,0.7277302742004395,0.9544327259063721,0.0,38.05466842651367,28.325124740600586,1,2,0.5,0.5,0.5
hf_github_codereview,3b8e26c8d37d3baa,1.0,1.0,1.0,1.0,1.0,1.0,0.0,36.1483039855957,36.1483039855957,1,1,1.0,1.0,1.0
hf_github_codereview,1490b2b73c9f8891,0.855880856513977,0.4244961192210515,0.644583210349083,0.4244961192210515,0.6251251697540283,0.855880856513977,0.0,40.468505859375,39.42565155029297,1,3,0.3333333333333333,0.3333333333333333,0.3333333333333333
hf_github_codereview,9d868b228bed83e1,0.5517624616622925,0.3531525805592537,0.3972197622060776,0.3531525805592537,0.4113604426383972,0.5517624616622925,0.0,32.643978118896484,35.993242263793945,1,2,0.0,0.0,0.0
hf_github_codereview,a58e5612780658d4,0.2944888174533844,0.2944888174533844,0.2944888174533844,0.2944888174533844,0.2944888174533844,0.2944888174533844,0.0,38.13246536254883,40.52491760253906,1,1,0.0,0.0,0.0
hf_github_codereview,4b02c11de9da3761,0.7809856534004211,0.7809856534004211,0.7809856534004211,0.7809856534004211,0.7809856534004211,0.7809856534004211,0.0,32.19974136352539,41.715415954589844,1,1,1.0,1.0,0.0
hf_github_codereview,6dbafaf7fe8acff8,0.2754669487476349,0.27370280027389526,0.003528296947479248,0.27370280027389526,0.30310094356536865,0.2754669487476349,0.0,40.16178512573242,36.38924217224121,1,2,0.0,0.0,0.0
hf_github_codereview,15fdad31455da085,0.24906322360038757,0.23612284660339355,0.025880753993988037,0.23612284660339355,0.272541344165802,0.24906322360038757,0.0,32.90559768676758,30.521459579467773,1,2,0.0,0.0,0.0
hf_github_codereview,fe2de4df95fe5d5c,0.283067524433136,0.26320110261440277,0.03973284363746643,0.26320110261440277,0.27469709515571594,0.283067524433136,0.0,37.291133880615234,25.892430305480957,1,2,0.0,0.0,0.0
hf_github_codereview,7c5e5ce0b9125ef7,0.23621603846549988,0.18432973325252533,0.1037726104259491,0.18432973325252533,0.22784414887428284,0.23621603846549988,0.0,35.572269439697266,30.698725700378418,1,2,0.0,0.0,0.0
hf_github_codereview,a3f493901ab15008,1.0,1.0,1.0,1.0,1.0,1.0,0.0,43.17596435546875,43.17596435546875,1,1,1.0,1.0,1.0
hf_github_codereview,5b79fbe0a98c8317,0.5552078485488892,0.5372937321662903,0.035828232765197754,0.5372937321662903,0.6566064357757568,0.5552078485488892,0.0,33.99374008178711,40.53769302368164,1,2,0.0,0.0,0.0
hf_github_codereview,673a1acda0ff20a5,0.8843586444854736,0.5871610641479492,0.5943951606750488,0.5871610641479492,0.7175474762916565,0.8843586444854736,0.0,43.2543830871582,40.53769302368164,1,2,0.5,0.5,0.5
hf_github_codereview,983824b735ee0b00,0.9999999403953552,0.9999999403953552,0.9999999403953552,0.9999999403953552,0.9999999403953552,0.9999999403953552,0.0,32.307491302490234,32.307491302490234,1,1,1.0,1.0,1.0
hf_github_codereview,ba1517adee09c07b,1.0,1.0,1.0,1.0,1.0,1.0,0.0,27.418071746826172,27.418071746826172,1,1,1.0,1.0,1.0
hf_github_codereview,7651a618ebc9521c,1.0,1.0,1.0,1.0,1.0,1.0,0.0,44.30013656616211,44.30013656616211,1,1,1.0,1.0,1.0
hf_github_codereview,2abb71b4a2ade2f7,1.0,1.0,1.0,1.0,1.0,1.0,0.0,44.30013656616211,44.30013656616211,1,1,1.0,1.0,1.0
hf_github_codereview,9ee5fc5a2fad6136,0.4591549038887024,0.4591549038887024,0.4591549038887024,0.4591549038887024,0.45915487408638,0.4591549038887024,0.0,39.20945358276367,32.752140045166016,1,1,0.0,0.0,0.0
hf_github_codereview,fa51086bab05ad03,0.12413179874420166,0.12413179874420166,0.12413179874420166,0.12413179874420166,0.12413181364536285,0.12413179874420166,0.0,45.066261291503906,22.6519832611084,1,1,0.0,0.0,0.0
hf_github_codereview,4b6a8a6d9846e504,0.505822479724884,0.505822479724884,0.505822479724884,0.505822479724884,0.5058225393295288,0.505822479724884,0.0,31.749727249145508,46.834861755371094,1,1,0.0,0.0,0.0
hf_github_codereview,8e13f44bd666b040,0.5787478089332581,0.5787478089332581,0.5787478089332581,0.5787478089332581,0.5787478685379028,0.5787478089332581,0.0,43.44248962402344,46.834861755371094,1,1,0.0,0.0,0.0
hf_github_codereview,5c80e9edda969383,0.2573018968105316,0.2573018968105316,0.2573018968105316,0.2573018968105316,0.2573018968105316,0.2573018968105316,0.0,44.52975082397461,46.834861755371094,1,1,0.0,0.0,0.0
hf_github_codereview,079a7e739cf6d4cc,0.41548117995262146,0.41548117995262146,0.41548117995262146,0.41548117995262146,0.4154812693595886,0.41548117995262146,0.0,30.55571746826172,20.195898056030273,1,1,0.0,0.0,0.0
hf_github_codereview,88122ae93aabc3ff,0.4078640937805176,0.3043792098760605,0.13001272082328796,0.3043792098760605,0.4203229248523712,0.4078640937805176,0.0,36.67348098754883,42.45823669433594,1,3,0.0,0.0,0.0
hf_github_codereview,62fefb38b98b7f12,0.5630302429199219,0.3415960321823756,0.32850155234336853,0.3415960321823756,0.46322333812713623,0.5630302429199219,0.0,37.44001388549805,33.16308275858561,1,3,0.0,0.0,0.0
hf_github_codereview,2fe722c38ed60225,0.7321388721466064,0.5244260728359222,0.4154255986213684,0.5244260728359222,0.6466525793075562,0.7321388721466064,0.0,42.757972717285156,43.479705810546875,1,2,0.5,0.5,0.0
hf_github_codereview,e70eb835db60154c,0.5316341519355774,0.5316341519355774,0.5316341519355774,0.5316341519355774,0.5316341519355774,0.5316341519355774,0.0,33.526031494140625,44.1863899230957,1,1,0.0,0.0,0.0
hf_github_codereview,5808abccbe63e0ae,0.3380368947982788,0.3187256306409836,0.038622528314590454,0.3187256306409836,0.3437103033065796,0.3380368947982788,0.0,43.05215835571289,35.76175498962402,1,2,0.0,0.0,0.0
hf_github_codereview,252305797b5bf323,0.3997085690498352,0.3986034095287323,0.0022103190422058105,0.3986034095287323,0.4352852702140808,0.3997085690498352,0.0,41.29713439941406,37.17909240722656,1,2,0.0,0.0,0.0
hf_github_codereview,6f703961e86627d5,0.8180128335952759,0.8180128335952759,0.8180128335952759,0.8180128335952759,0.8180128335952759,0.8180128335952759,0.0,47.363956451416016,45.8072509765625,1,1,1.0,1.0,1.0
hf_github_codereview,0d651b1bcc34f38b,0.45632898807525635,0.45632898807525635,0.45632898807525635,0.45632898807525635,0.4563290476799011,0.45632898807525635,0.0,34.26993942260742,24.802080154418945,1,1,0.0,0.0,0.0
hf_github_codereview,7c2fe86e461f63bc,0.8879154324531555,0.5805698931217194,0.6146910786628723,0.5805698931217194,0.721165120601654,0.8879154324531555,0.0,47.593570709228516,42.33883857727051,1,2,0.5,0.5,0.5
hf_github_codereview,33f00548fa653ff9,0.9999998807907104,0.9999998807907104,0.9999998807907104,0.9999998807907104,0.9999999403953552,0.9999998807907104,0.0,44.14107894897461,44.14107894897461,1,1,1.0,1.0,1.0
hf_github_codereview,19e3be8ab2722e25,0.5523848533630371,0.5523848533630371,0.5523848533630371,0.5523848533630371,0.5523849129676819,0.5523848533630371,0.0,41.0688591003418,42.70084762573242,1,1,0.0,0.0,0.0
hf_github_codereview,5ca9e837d8ff09f2,0.10156814008951187,0.10156814008951187,0.10156814008951187,0.10156814008951187,0.10156813263893127,0.10156814008951187,0.0,41.32420349121094,20.023656845092773,1,1,0.0,0.0,0.0
hf_github_codereview,0b768741cc397e94,0.9999998807907104,0.9999998807907104,0.9999998807907104,0.9999998807907104,1.0,0.9999998807907104,0.0,39.14873504638672,39.14873504638672,1,1,1.0,1.0,1.0
hf_github_codereview,df15c96ad3468c32,0.9999998807907104,0.5892822071909904,0.82143534719944,0.5892822071909904,0.7676472067832947,0.9999998807907104,0.0,28.288204193115234,36.259450912475586,1,2,0.5,0.5,0.5
hf_github_codereview,b25bd9dfc52b2f76,0.2510741055011749,0.2510741055011749,0.2510741055011749,0.2510741055011749,0.2510741353034973,0.2510741055011749,0.0,30.442102432250977,45.94502639770508,1,1,0.0,0.0,0.0
hf_github_codereview,c886c99469973fac,0.7788177728652954,0.7788177728652954,0.7788177728652954,0.7788177728652954,0.7788177728652954,0.7788177728652954,0.0,44.974639892578125,45.94502639770508,1,1,1.0,1.0,0.0
hf_github_codereview,389929ec9c4c0c20,0.5400322675704956,0.29517802099386853,0.34879691898822784,0.29517802099386853,0.4466126561164856,0.5400322675704956,0.0,38.25819778442383,37.451499938964844,1,3,0.0,0.0,0.0
hf_github_codereview,9f4b6158de79c75a,0.9946725964546204,0.9946725964546204,0.9946725964546204,0.9946725964546204,0.9946725964546204,0.9946725964546204,0.0,41.647926330566406,42.0546989440918,1,1,1.0,1.0,1.0
hf_github_codereview,a6e35b906c0a8c0b,1.0,1.0,1.0,1.0,1.0,1.0,0.0,42.0546989440918,42.0546989440918,1,1,1.0,1.0,1.0
hf_github_codereview,5daba1f35210af4a,0.7253007292747498,0.4667283371090889,0.5171447843313217,0.4667283371090889,0.6214163303375244,0.7253007292747498,0.0,40.08470916748047,39.819589614868164,1,2,0.5,0.5,0.0
hf_github_codereview,20d994c528a65838,0.4264354705810547,0.39235833287239075,0.06815427541732788,0.39235833287239075,0.45730310678482056,0.4264354705810547,0.0,41.642974853515625,30.985267639160156,1,2,0.0,0.0,0.0
hf_github_codereview,2bf69344070740ff,0.20947910845279694,0.20947910845279694,0.20947910845279694,0.20947910845279694,0.20947910845279694,0.20947910845279694,0.0,26.714374542236328,27.0007266998291,1,1,0.0,0.0,0.0
hf_github_codereview,945c78f3233052b6,0.9999999403953552,0.9999999403953552,0.9999999403953552,0.9999999403953552,1.0,0.9999999403953552,0.0,40.764225006103516,40.764225006103516,1,1,1.0,1.0,1.0
hf_github_codereview,31c8c1a1f9ba0d5a,0.9999998807907104,0.9999998807907104,0.9999998807907104,0.9999998807907104,1.0,0.9999998807907104,0.0,47.96156311035156,47.96156311035156,1,1,1.0,1.0,1.0
hf_github_codereview,ea1daadf4f3115fd,0.2298102080821991,0.1954444721341133,0.06873147189617157,0.1954444721341133,0.21888136863708496,0.2298102080821991,0.0,34.37107467651367,35.48568630218506,1,2,0.0,0.0,0.0
hf_github_codereview,8b9fc20a6b77008c,1.0,1.0,1.0,1.0,1.0,1.0,0.0,39.56932067871094,39.56932067871094,1,1,1.0,1.0,1.0
hf_github_codereview,7429405fa67cc468,0.2649219036102295,0.2649219036102295,0.2649219036102295,0.2649219036102295,0.2649219036102295,0.2649219036102295,0.0,27.531940460205078,27.921615600585938,1,1,0.0,0.0,0.0
hf_github_codereview,bbf44a15b8dc7c79,0.9999996423721313,0.9999996423721313,0.9999996423721313,0.9999996423721313,0.9999998807907104,0.9999996423721313,0.0,34.66841506958008,34.66841506958008,1,1,1.0,1.0,1.0
hf_github_codereview,f36b6a212a5a1e95,0.3664349317550659,0.3664349317550659,0.3664349317550659,0.3664349317550659,0.3664349913597107,0.3664349317550659,0.0,20.880515416463215,34.66841506958008,3,1,0.0,0.0,0.0
hf_github_codereview,853795e63890583a,0.3737165927886963,0.3737165927886963,0.3737165927886963,0.3737165927886963,0.3737165927886963,0.3737165927886963,0.0,32.05875778198242,20.759944915771484,1,1,0.0,0.0,0.0
hf_github_codereview,b6e4b0e2a832660e,0.9930278658866882,0.6251364946365356,0.7357827425003052,0.6251364946365356,0.7860785722732544,0.9930278658866882,0.0,47.80516815185547,42.58276176452637,1,2,0.5,0.5,0.5
hf_github_codereview,9fc3c7b64bdb9f91,0.6610592603683472,0.5067777931690216,0.3085629343986511,0.5067777931690216,0.5747156739234924,0.6610592603683472,0.0,42.26704406738281,41.96223258972168,1,2,0.5,0.0,0.0
hf_github_codereview,684b16201d41d275,1.0,1.0,1.0,1.0,1.0,1.0,0.0,22.51180076599121,22.51180076599121,1,1,1.0,1.0,1.0
hf_github_codereview,dfcef98384a93101,1.0,1.0,1.0,1.0,1.0,1.0,0.0,47.887332916259766,47.887332916259766,1,1,1.0,1.0,1.0
hf_github_codereview,8181a47303117ad5,0.49610865116119385,0.49610865116119385,0.49610865116119385,0.49610865116119385,0.49610865116119385,0.49610865116119385,0.0,39.7298698425293,27.093852996826172,1,1,0.0,0.0,0.0
hf_github_codereview,b7e2a9a7f1c591a1,0.21326720714569092,0.1612878553569317,0.10395870357751846,0.1612878553569317,0.19240263104438782,0.21326720714569092,0.0,41.914085388183594,39.72151756286621,1,2,0.0,0.0,0.0
hf_github_codereview,3026e3c317133e5e,0.8084771633148193,0.8084771633148193,0.8084771633148193,0.8084771633148193,0.8084771633148193,0.8084771633148193,0.0,44.41688537597656,43.59418869018555,1,1,1.0,1.0,1.0
hf_github_codereview,184b760743b41e05,0.9870972633361816,0.9870972633361816,0.9870972633361816,0.9870972633361816,0.9870971441268921,0.9870972633361816,0.0,32.23648452758789,33.981544494628906,1,1,1.0,1.0,1.0
hf_github_codereview,73e355c3684f5560,1.0,1.0,1.0,1.0,1.0,1.0,0.0,37.61217498779297,37.61217498779297,1,1,1.0,1.0,1.0
hf_github_codereview,78d34aca8f9fdf9c,0.599189043045044,0.599189043045044,0.599189043045044,0.599189043045044,0.599189043045044,0.599189043045044,0.0,44.88379669189453,30.8809757232666,1,1,0.0,0.0,0.0
hf_github_codereview,e4aeedf94bf7cb3f,0.5095629692077637,0.5095629692077637,0.5095629692077637,0.5095629692077637,0.5095629692077637,0.5095629692077637,0.0,45.051300048828125,30.8809757232666,1,1,0.0,0.0,0.0
hf_github_codereview,dc39fe155a3000c6,0.7386422157287598,0.5317243933677673,0.41383564472198486,0.5317243933677673,0.6457000970840454,0.7386422157287598,0.0,37.229976654052734,37.645660400390625,1,2,0.5,0.5,0.0
hf_github_codereview,2bd80f5de837911b,1.0,0.5479409197966257,0.5717001557350159,0.5479409197966257,0.7695199251174927,1.0,0.0,27.63422203063965,36.248013178507485,1,3,0.3333333333333333,0.3333333333333333,0.3333333333333333
hf_github_codereview,8549f464c3b7e670,1.0,0.6086876913905144,0.7826246172189713,0.6086876913905144,0.7801843881607056,1.0,0.0,41.04521179199219,42.45562934875488,1,2,0.5,0.5,0.5
hf_github_codereview,aa961cdcefc4a79b,0.7881065607070923,0.7881065607070923,0.7881065607070923,0.7881065607070923,0.7881065607070923,0.7881065607070923,0.0,41.91663360595703,36.61919403076172,1,1,1.0,1.0,0.0
hf_github_codereview,81c9d7e7ac4b7a58,0.6741330027580261,0.40685316920280457,0.5345596671104431,0.40685316920280457,0.5438494086265564,0.6741330027580261,0.0,41.30223083496094,39.30595779418945,1,2,0.5,0.0,0.0
hf_github_codereview,3089e25326be3d63,0.5922863483428955,0.5922863483428955,0.5922863483428955,0.5922863483428955,0.5922864675521851,0.5922863483428955,0.0,33.70477294921875,41.99120330810547,1,1,0.0,0.0,0.0
hf_github_codereview,03c4fb72a17722a6,0.8088371753692627,0.8088371753692627,0.8088371753692627,0.8088371753692627,0.8088371753692627,0.8088371753692627,0.0,36.12968444824219,41.475765228271484,1,1,1.0,1.0,1.0
hf_github_codereview,839c55c02617f035,0.9355422258377075,0.9355422258377075,0.9355422258377075,0.9355422258377075,0.9355422258377075,0.9355422258377075,0.0,45.202117919921875,44.68344497680664,1,1,1.0,1.0,1.0
hf_github_codereview,a72907c76991fd6a,0.9999998807907104,0.9999998807907104,0.9999998807907104,0.9999998807907104,0.9999999403953552,0.9999998807907104,0.0,44.35527038574219,44.35527038574219,1,1,1.0,1.0,1.0
hf_github_codereview,30d7185e899cded6,0.9261555075645447,0.9261555075645447,0.9261555075645447,0.9261555075645447,0.9261555075645447,0.9261555075645447,0.0,40.68312072753906,40.64091873168945,1,1,1.0,1.0,1.0
hf_github_codereview,4dce5adcf28fa763,0.7816876173019409,0.7816876173019409,0.7816876173019409,0.7816876173019409,0.7816876173019409,0.7816876173019409,0.0,43.491676330566406,33.6458854675293,1,1,1.0,1.0,0.0
hf_github_codereview,fb00c62afc3a5a7c,0.6329367160797119,0.6329367160797119,0.6329367160797119,0.6329367160797119,0.6329366564750671,0.6329367160797119,0.0,42.77978515625,46.621707916259766,1,1,1.0,0.0,0.0
hf_github_codereview,e7ac244868e43f0a,1.0,1.0,1.0,1.0,1.0,1.0,0.0,41.991485595703125,41.991485595703125,1,1,1.0,1.0,1.0
hf_github_codereview,7a76445156cf9922,0.5128046870231628,0.4467008113861084,0.1322077512741089,0.4467008113861084,0.5089521408081055,0.5128046870231628,0.0,39.629024505615234,36.019195556640625,1,2,0.0,0.0,0.0
hf_github_codereview,75a66c6151dea96d,0.6249167919158936,0.5363920231660207,0.06206810474395752,0.31454998254776,0.42100346088409424,0.6249167919158936,0.0,40.88037109375,30.322078159877233,1,7,0.14285714285714285,0.0,0.0
hf_github_codereview,e87b1ee5d8ded09f,0.16950878500938416,0.16950878500938416,0.16950878500938416,0.16950878500938416,0.16950878500938416,0.16950878500938416,0.0,29.078174591064453,29.499731063842773,1,1,0.0,0.0,0.0
hf_github_codereview,59495fd634d4abd9,0.7705293297767639,0.45761852463086444,0.42581647634506226,0.32044240335623425,0.4135318994522095,0.7705293297767639,0.0,43.710601806640625,30.085288683573406,1,6,0.16666666666666666,0.16666666666666666,0.0
hf_github_codereview,4460393bf9158447,0.768481969833374,0.44975481430689496,0.42484015226364136,0.3120070894559224,0.4026460647583008,0.768481969833374,0.0,41.40861129760742,30.085288683573406,1,6,0.16666666666666666,0.16666666666666666,0.0
hf_github_codereview,679a8e4e07bec09a,0.291007936000824,0.291007936000824,0.291007936000824,0.291007936000824,0.291007936000824,0.291007936000824,0.0,45.67717361450195,27.728925704956055,1,1,0.0,0.0,0.0
hf_github_codereview,f467e4b46660fefb,0.6088590621948242,0.3567213602364063,0.5042754039168358,0.3567213602364063,0.4431675970554352,0.6088590621948242,0.0,40.85282897949219,40.7338752746582,1,2,0.5,0.0,0.0
hf_github_codereview,84c0b1be857befb6,0.9931418895721436,0.5793889462947845,0.827505886554718,0.5793889462947845,0.7591332197189331,0.9931418895721436,0.0,42.74430847167969,37.089439392089844,1,2,0.5,0.5,0.5
hf_github_codereview,e83cd7436ff95d32,0.4351274371147156,0.3707772046327591,0.12870046496391296,0.3707772046327591,0.42912688851356506,0.4351274371147156,0.0,38.821651458740234,33.54458045959473,1,2,0.0,0.0,0.0
hf_github_codereview,b82fb2dad48242ad,0.26688408851623535,0.2214297503232956,0.09090867638587952,0.2214297503232956,0.256276398897171,0.26688408851623535,0.0,37.52962112426758,33.54458045959473,1,2,0.0,0.0,0.0
hf_github_codereview,6055d1933da3c0dd,0.5420555472373962,0.5420555472373962,0.5420555472373962,0.5420555472373962,0.542055606842041,0.5420555472373962,0.0,36.4808235168457,44.62574768066406,1,1,0.0,0.0,0.0
hf_github_codereview,bbd52b34dab55cdd,0.8662363886833191,0.8662363886833191,0.8662363886833191,0.8662363886833191,0.8662365674972534,0.8662363886833191,0.0,44.99388885498047,44.62574768066406,1,1,1.0,1.0,1.0
hf_github_codereview,61d6815cd9ba254d,0.2142767757177353,0.2142767757177353,0.2142767757177353,0.2142767757177353,0.21427679061889648,0.2142767757177353,0.0,24.167011260986328,44.62574768066406,1,1,0.0,0.0,0.0
hf_github_codereview,5b75ead2fd4bb579,0.8072624802589417,0.8072624802589417,0.8072624802589417,0.8072624802589417,0.8072625398635864,0.8072624802589417,0.0,43.728267669677734,45.329341888427734,1,1,1.0,1.0,1.0
hf_github_codereview,6b01f90fcdb0d499,0.8762970566749573,0.8762970566749573,0.8762970566749573,0.8762970566749573,0.8762970566749573,0.8762970566749573,0.0,46.6448974609375,47.194278717041016,1,1,1.0,1.0,1.0
hf_github_codereview,3edeeca9700dd182,1.0,1.0,1.0,1.0,1.0,1.0,0.0,39.18212127685547,39.18212127685547,1,1,1.0,1.0,1.0
hf_github_codereview,7f7a9c2190e04e9d,0.6362391710281372,0.6362391710281372,0.6362391710281372,0.6362391710281372,0.6362391710281372,0.6362391710281372,0.0,38.13932418823242,40.862545013427734,1,1,1.0,0.0,0.0
hf_github_codereview,eb5574ca8f6914b0,1.0,1.0,1.0,1.0,1.0,1.0,0.0,40.862545013427734,40.862545013427734,1,1,1.0,1.0,1.0
hf_github_codereview,d88b50e3b9216169,0.864936351776123,0.864936351776123,0.864936351776123,0.864936351776123,0.864936351776123,0.864936351776123,0.0,43.68450164794922,38.4132194519043,1,1,1.0,1.0,1.0
hf_github_codereview,51a79e58a98562bf,0.32381606101989746,0.2634916454553604,0.1206488311290741,0.2634916454553604,0.3598078191280365,0.32381606101989746,0.0,39.954559326171875,45.496978759765625,1,2,0.0,0.0,0.0
hf_github_codereview,3fd5582f3846d09e,0.0350586399435997,0.0350586399435997,0.0350586399435997,0.0350586399435997,0.0350586399435997,0.0350586399435997,0.0,20.587251663208008,46.10170364379883,1,1,0.0,0.0,0.0
hf_github_codereview,adce74a28be7c9f2,0.8757912516593933,0.8757912516593933,0.8757912516593933,0.8757912516593933,0.8757912516593933,0.8757912516593933,0.0,47.77821350097656,49.02860641479492,1,1,1.0,1.0,1.0
hf_github_codereview,2b4462cff5036186,0.35855036973953247,0.35855036973953247,0.35855036973953247,0.35855036973953247,0.3585503399372101,0.35855036973953247,0.0,24.459453582763672,46.83937454223633,1,1,0.0,0.0,0.0
hf_github_codereview,fe8a6a4380aa127e,0.6336359977722168,0.6336359977722168,0.6336359977722168,0.6336359977722168,0.6336359977722168,0.6336359977722168,0.0,37.450462341308594,26.883689880371094,1,1,1.0,0.0,0.0
hf_github_codereview,296123b2c7107065,1.0,1.0,1.0,1.0,1.0,1.0,0.0,43.791954040527344,43.791954040527344,1,1,1.0,1.0,1.0
hf_github_codereview,d3d29d02b7c45512,0.4374210834503174,0.33456191420555115,0.20571833848953247,0.33456191420555115,0.38413751125335693,0.4374210834503174,0.0,42.214759826660156,30.962284088134766,1,2,0.0,0.0,0.0
hf_github_codereview,eb547ca31a1b3180,0.729792058467865,0.41073185950517654,0.6381203979253769,0.41073185950517654,0.5553917288780212,0.729792058467865,0.0,40.73136901855469,45.400569915771484,1,2,0.5,0.5,0.0
hf_github_codereview,cc7dd7f4303372df,0.31965190172195435,0.31965190172195435,0.31965190172195435,0.31965190172195435,0.31965184211730957,0.31965190172195435,0.0,31.18356704711914,43.845611572265625,1,1,0.0,0.0,0.0
hf_github_codereview,12fe1b7fefe2ae8c,0.7853840589523315,0.4694400429725647,0.6318880319595337,0.4694400429725647,0.6024889349937439,0.7853840589523315,0.0,41.60723876953125,39.471750259399414,1,2,0.5,0.5,0.0
hf_github_codereview,e0b827058a863f93,0.4883127808570862,0.36284321546554565,0.25093913078308105,0.36284321546554565,0.44324061274528503,0.4883127808570862,0.0,42.77878952026367,37.864980697631836,1,2,0.0,0.0,0.0
hf_github_codereview,2624abaa9b0a2476,0.26928144693374634,0.2379690706729889,0.06262475252151489,0.2379690706729889,0.26244056224823,0.26928144693374634,0.0,40.4977912902832,40.683916091918945,1,2,0.0,0.0,0.0
hf_github_codereview,beb580611c85645b,0.13651666045188904,0.13270089775323868,0.00763152539730072,0.13270089775323868,0.15142840147018433,0.13651666045188904,0.0,23.10055923461914,39.91271781921387,1,2,0.0,0.0,0.0
hf_github_codereview,a2f8acc348dca178,0.6794757843017578,0.3854302118221919,0.36927103996276855,0.3854302118221919,0.548818826675415,0.6794757843017578,0.0,41.32645034790039,45.50430425008138,1,3,0.3333333333333333,0.0,0.0
hf_github_codereview,46280fc1308aaab6,0.7860637903213501,0.4984675447146098,0.3937624990940094,0.4984675447146098,0.6597993969917297,0.7860637903213501,0.0,43.163814544677734,46.09887186686198,1,3,0.3333333333333333,0.3333333333333333,0.0
hf_github_codereview,27d99536fade3622,1.0,0.5498032371203104,0.6318473517894745,0.5498032371203104,0.7338393330574036,1.0,0.0,51.00563049316406,40.169411977132164,1,3,0.3333333333333333,0.3333333333333333,0.3333333333333333
hf_github_codereview,3356938d22c95d15,0.9086148738861084,0.9086148738861084,0.9086148738861084,0.9086148738861084,0.9086147546768188,0.9086148738861084,0.0,29.741199493408203,35.619441986083984,1,1,1.0,1.0,1.0
hf_github_codereview,a339df8b553c5ab9,0.9999998211860657,0.9999998211860657,0.9999998211860657,0.9999998211860657,1.0,0.9999998211860657,0.0,38.71757507324219,38.71757507324219,1,1,1.0,1.0,1.0
hf_github_codereview,7033e785fa29a6d2,0.8894696235656738,0.8532578349113464,0.07242357730865479,0.8532578349113464,0.8686085939407349,0.8894696235656738,0.0,46.70045471191406,45.25786209106445,1,2,1.0,1.0,1.0
hf_github_codereview,66bc3126761472c4,0.874495267868042,0.6705318987369537,0.00013971328735351562,0.6705318987369537,0.8257776498794556,0.874495267868042,0.0,45.52721405029297,44.753283182779946,1,3,0.6666666666666666,0.6666666666666666,0.6666666666666666
hf_github_codereview,8703626b73cb17b1,0.5077495574951172,0.5077495574951172,0.5077495574951172,0.5077495574951172,0.5077495574951172,0.5077495574951172,0.0,34.37744903564453,46.61748123168945,1,1,0.0,0.0,0.0
hf_github_codereview,0e4f5b6d24c278b5,0.7889657020568848,0.7889657020568848,0.7889657020568848,0.7889657020568848,0.7889655828475952,0.7889657020568848,0.0,44.463714599609375,34.40821075439453,1,1,1.0,1.0,0.0
hf_github_codereview,692c7cd5f640fa06,1.0,1.0,1.0,1.0,1.0,1.0,0.0,40.89103698730469,40.89103698730469,1,1,1.0,1.0,1.0
hf_github_codereview,48ebda5113934f08,0.3205280601978302,0.3205280601978302,0.3205280601978302,0.3205280601978302,0.3205280601978302,0.3205280601978302,0.0,41.644405364990234,31.152050018310547,1,1,0.0,0.0,0.0
hf_github_codereview,f22a2d9a4d8ded0e,0.26138949394226074,0.23065496236085892,0.06146906316280365,0.23065496236085892,0.2555677592754364,0.26138949394226074,0.0,48.83339309692383,27.103571891784668,1,2,0.0,0.0,0.0
hf_github_codereview,a26d9ea474b73b87,0.8292359113693237,0.7931954860687256,0.07208085060119629,0.7931954860687256,0.8642980456352234,0.8292359113693237,0.0,38.65442657470703,41.36752128601074,1,2,1.0,1.0,0.5
hf_github_codereview,d3efdfbc1e3b5d78,0.7577045559883118,0.689763754606247,0.13588160276412964,0.689763754606247,0.7515946626663208,0.7577045559883118,0.0,36.09257125854492,41.36752128601074,1,2,1.0,0.5,0.0
hf_github_codereview,078fc8f706471e47,0.8136945962905884,0.75612673163414,0.11513572931289673,0.75612673163414,0.8239063620567322,0.8136945962905884,0.0,35.247650146484375,41.36752128601074,1,2,1.0,0.5,0.5
hf_github_codereview,b8450f7c6ddd907a,0.46634840965270996,0.4639235734939575,0.004849672317504883,0.4639235734939575,0.5055099725723267,0.46634840965270996,0.0,27.97293472290039,41.36752128601074,1,2,0.0,0.0,0.0
hf_github_codereview,6a49e36107aa994f,0.6038918495178223,0.5164957791566849,0.17479214072227478,0.5164957791566849,0.5627948045730591,0.6038918495178223,0.0,34.864837646484375,41.36752128601074,1,2,0.5,0.0,0.0
hf_github_codereview,3a9b1f83f2ae80bc,1.0,1.0,1.0,1.0,1.0,1.0,0.0,34.763614654541016,34.763614654541016,1,1,1.0,1.0,1.0
hf_github_codereview,c8bbae7a5a8a4fc9,1.0,1.0,1.0,1.0,1.0,1.0,0.0,34.763614654541016,34.763614654541016,1,1,1.0,1.0,1.0
hf_github_codereview,d2065aa2a6b06d47,0.29267942905426025,0.27876900136470795,0.027820855379104614,0.27876900136470795,0.2855493426322937,0.29267942905426025,0.0,47.72901153564453,27.484317779541016,1,2,0.0,0.0,0.0
hf_github_codereview,fe13a048e7028376,0.5782331228256226,0.5782331228256226,0.5782331228256226,0.5782331228256226,0.5782331228256226,0.5782331228256226,0.0,45.59718322753906,41.85954284667969,1,1,0.0,0.0,0.0
hf_github_codereview,7aa2d9dd4faee739,0.9999998807907104,0.5724585652351379,0.855082631111145,0.5724585652351379,0.7566099166870117,0.9999998807907104,0.0,42.67066192626953,33.92785453796387,1,2,0.5,0.5,0.5
hf_github_codereview,5066bbefb6b857d0,0.9983283877372742,0.611514613032341,0.7736275494098663,0.611514613032341,0.7817102670669556,0.9983283877372742,0.0,37.478431701660156,39.76438903808594,1,2,0.5,0.5,0.5
hf_github_codereview,0f63ae39a3da9fa7,0.5813231468200684,0.5341377407312393,0.09437081217765808,0.5341377407312393,0.6102994084358215,0.5813231468200684,0.0,40.92054748535156,41.49935340881348,1,2,0.0,0.0,0.0
hf_github_codereview,db3e62ea926edac8,0.44877326488494873,0.4202568233013153,0.057032883167266846,0.4202568233013153,0.5282320976257324,0.44877326488494873,0.0,43.707950592041016,33.2835636138916,1,2,0.0,0.0,0.0
hf_github_codereview,4540b2d552f60de4,0.5502513647079468,0.40516307950019836,0.2901765704154968,0.40516307950019836,0.4791048765182495,0.5502513647079468,0.0,46.95868682861328,35.53514862060547,1,2,0.0,0.0,0.0
hf_github_codereview,3a9034f2770cf290,0.4192230701446533,0.38257476687431335,0.07329660654067993,0.38257476687431335,0.4485597312450409,0.4192230701446533,0.0,24.046417236328125,40.53054618835449,1,2,0.0,0.0,0.0
hf_github_codereview,b5f0efb0103d6cdd,0.6588329076766968,0.4546424150466919,0.40838098526000977,0.4546424150466919,0.5554751753807068,0.6588329076766968,0.0,38.32762908935547,39.26506423950195,1,2,0.5,0.0,0.0
hf_github_codereview,bc1a4d2470d9c623,0.704045295715332,0.5721273024876913,0.0006856918334960938,0.5721273024876913,0.7351751327514648,0.704045295715332,0.0,39.81480407714844,38.1042226155599,1,3,0.6666666666666666,0.6666666666666666,0.0
hf_github_codereview,96d6ff90ab4d43c7,0.4295257329940796,0.4295257329940796,0.4295257329940796,0.4295257329940796,0.4295257329940796,0.4295257329940796,0.0,37.61223220825195,41.66669845581055,1,1,0.0,0.0,0.0
hf_github_codereview,d6c05e987326d267,0.9999997019767761,0.9999997019767761,0.9999997019767761,0.9999997019767761,0.9999999403953552,0.9999997019767761,0.0,41.6201171875,41.6201171875,1,1,1.0,1.0,1.0
hf_github_codereview,5010c012dc5c14a0,0.7639704346656799,0.5096741318702698,0.5085926055908203,0.5096741318702698,0.6214171648025513,0.7639704346656799,0.0,44.82745361328125,42.188819885253906,1,2,0.5,0.5,0.0
hf_github_codereview,a4be4ea582ea783b,0.9080625772476196,0.9080625772476196,0.9080625772476196,0.9080625772476196,0.9080625772476196,0.9080625772476196,0.0,38.67364501953125,41.333961486816406,1,1,1.0,1.0,1.0
hf_github_codereview,a3b1732857061bc8,0.9755864143371582,0.9755864143371582,0.9755864143371582,0.9755864143371582,0.9755865335464478,0.9755864143371582,0.0,30.660423278808594,28.274738311767578,1,1,1.0,1.0,1.0
hf_github_codereview,2f7a46a943f58ae3,0.3864092230796814,0.3864092230796814,0.3864092230796814,0.3864092230796814,0.38640934228897095,0.3864092230796814,0.0,35.11006546020508,41.799068450927734,1,1,0.0,0.0,0.0
hf_github_codereview,61ed115cb4b984eb,0.7761619091033936,0.7761619091033936,0.7761619091033936,0.7761619091033936,0.7761619091033936,0.7761619091033936,0.0,37.64055252075195,34.34156036376953,1,1,1.0,1.0,0.0
hf_github_codereview,858f3a6c363e930e,0.5794830322265625,0.5051621695359548,0.08566141128540039,0.5051621695359548,0.602782130241394,0.5794830322265625,0.0,43.578102111816406,40.02960459391276,1,3,0.0,0.0,0.0
hf_github_codereview,e59da097ffbe1581,0.5609294176101685,0.5609294176101685,0.5609294176101685,0.5609294176101685,0.5609294176101685,0.5609294176101685,0.0,31.453977584838867,26.57796287536621,1,1,0.0,0.0,0.0
hf_github_codereview,4b8d415b6d3579d6,0.6102930307388306,0.3794270008802414,0.46173205971717834,0.3794270008802414,0.504101037979126,0.6102930307388306,0.0,43.85439682006836,28.30427837371826,1,2,0.5,0.0,0.0
hf_github_codereview,842747fd78de8b61,0.3215082883834839,0.3215082883834839,0.3215082883834839,0.3215082883834839,0.32150834798812866,0.3215082883834839,0.0,40.093467712402344,27.672000885009766,1,1,0.0,0.0,0.0
hf_github_codereview,6e98c990d8880d27,0.26692599058151245,0.26692599058151245,0.26692599058151245,0.26692599058151245,0.26692602038383484,0.26692599058151245,0.0,41.08510971069336,43.485984802246094,1,1,0.0,0.0,0.0
hf_github_codereview,60b532c2156f13e5,0.06466049700975418,0.06466049700975418,0.06466049700975418,0.06466049700975418,0.06466049700975418,0.06466049700975418,0.0,40.658172607421875,33.276023864746094,1,1,0.0,0.0,0.0
hf_github_codereview,1d35ba0d350b05fa,0.6759710311889648,0.48924100399017334,0.373460054397583,0.48924100399017334,0.6080889701843262,0.6759710311889648,0.0,45.636287689208984,35.581183433532715,1,2,0.5,0.0,0.0
hf_github_codereview,d7149d8331676a4f,0.3402411937713623,0.3402411937713623,0.3402411937713623,0.3402411937713623,0.3402412235736847,0.3402411937713623,0.0,43.51795196533203,37.153011322021484,1,1,0.0,0.0,0.0
hf_github_codereview,7be0696a0cfea693,0.40658846497535706,0.32612892240285873,0.16091908514499664,0.32612892240285873,0.3676275610923767,0.40658846497535706,0.0,42.83241271972656,28.47279930114746,1,2,0.0,0.0,0.0
hf_github_codereview,18b6f98a3e7c24e3,0.16288383305072784,0.16288383305072784,0.16288383305072784,0.16288383305072784,0.16288383305072784,0.16288383305072784,0.0,40.13136291503906,25.45174217224121,1,1,0.0,0.0,0.0
hf_github_codereview,096bce78587d8a0b,0.3773611783981323,0.3712707906961441,0.01218077540397644,0.3712707906961441,0.425458163022995,0.3773611783981323,0.0,43.82575988769531,33.42661476135254,1,2,0.0,0.0,0.0
hf_github_codereview,dc575e9b88dac93b,0.9315260648727417,0.9315260648727417,0.9315260648727417,0.9315260648727417,0.9315261244773865,0.9315260648727417,0.0,32.221702575683594,33.26527404785156,1,1,1.0,1.0,1.0
hf_github_codereview,ecffcdb5905bb69b,1.0,1.0,1.0,1.0,1.0,1.0,0.0,26.717592239379883,26.717592239379883,1,1,1.0,1.0,1.0
hf_github_codereview,81e6fea43f0c10a1,0.9999998807907104,0.9999998807907104,0.9999998807907104,0.9999998807907104,1.0,0.9999998807907104,0.0,41.272945404052734,41.272945404052734,1,1,1.0,1.0,1.0
hf_github_codereview,b7d041260514ba62,0.6229023933410645,0.5494702458381653,0.14686429500579834,0.5494702458381653,0.6070529818534851,0.6229023933410645,0.0,43.056640625,39.54420280456543,1,2,0.5,0.0,0.0
hf_github_codereview,1c9430c52b59d9c4,0.9750404357910156,0.9750404357910156,0.9750404357910156,0.9750404357910156,0.9750404357910156,0.9750404357910156,0.0,39.86238098144531,38.20068359375,1,1,1.0,1.0,1.0
hf_github_codereview,cb1e26132d4ffdc2,0.29430681467056274,0.2725774943828583,0.043458640575408936,0.2725774943828583,0.3174147605895996,0.29430681467056274,0.0,35.8638801574707,38.0092658996582,1,2,0.0,0.0,0.0
hf_github_codereview,64fdf752c9eeec96,0.43385493755340576,0.33900218456983566,0.1897055059671402,0.33900218456983566,0.4048342704772949,0.43385493755340576,0.0,35.89756393432617,39.35699462890625,1,2,0.0,0.0,0.0
hf_github_codereview,e412d5c3789c405c,0.5293697118759155,0.5293697118759155,0.5293697118759155,0.5293697118759155,0.5293698310852051,0.5293697118759155,0.0,35.95135498046875,43.14820098876953,1,1,0.0,0.0,0.0
hf_github_codereview,2874ee78466263fd,0.7696906328201294,0.7696906328201294,0.7696906328201294,0.7696906328201294,0.769690752029419,0.7696906328201294,0.0,41.12244415283203,37.60250473022461,1,1,1.0,1.0,0.0
hf_github_codereview,2e3a35b657f85095,1.0,1.0,1.0,1.0,1.0,1.0,0.0,37.096923828125,37.096923828125,1,1,1.0,1.0,1.0
hf_github_codereview,b0592abae94895d3,1.0,1.0,1.0,1.0,1.0,1.0,0.0,38.00943374633789,38.00943374633789,1,1,1.0,1.0,1.0
hf_github_codereview,bd83e82cf2e28f1c,0.5103106498718262,0.5103106498718262,0.5103106498718262,0.5103106498718262,0.5103105902671814,0.5103106498718262,0.0,30.847814559936523,44.72947311401367,1,1,0.0,0.0,0.0
hf_github_codereview,ff4b484b6d5c81fa,0.5557946562767029,0.5557946562767029,0.5557946562767029,0.5557946562767029,0.5557945966720581,0.5557946562767029,0.0,31.20157814025879,44.72947311401367,1,1,0.0,0.0,0.0
hf_github_codereview,d0f43f0ccdf8a52d,0.5095584392547607,0.5095584392547607,0.5095584392547607,0.5095584392547607,0.5095584392547607,0.5095584392547607,0.0,38.06067657470703,41.150726318359375,1,1,0.0,0.0,0.0
hf_github_codereview,ec26517be47e881b,0.4865182638168335,0.4865182638168335,0.4865182638168335,0.4865182638168335,0.4865182638168335,0.4865182638168335,0.0,40.92208480834961,33.334449768066406,1,1,0.0,0.0,0.0
hf_github_codereview,c5d095625852253e,0.7178027629852295,0.7178027629852295,0.7178027629852295,0.7178027629852295,0.7178027629852295,0.7178027629852295,0.0,35.70417785644531,32.09635543823242,1,1,1.0,1.0,0.0
hf_github_codereview,0eaec74bf0ad3a18,1.0,1.0,1.0,1.0,1.0,1.0,0.0,43.8136100769043,43.8136100769043,1,1,1.0,1.0,1.0
hf_github_codereview,0f3687d327f9c0e4,1.0,1.0,1.0,1.0,1.0,1.0,0.0,32.521034240722656,32.521034240722656,1,1,1.0,1.0,1.0
hf_github_codereview,37399fdb8d71a1ff,0.7029286026954651,0.553693488240242,0.29847022891044617,0.553693488240242,0.6597960591316223,0.7029286026954651,0.0,39.678653717041016,42.84340286254883,1,2,0.5,0.5,0.0
hf_github_codereview,1fd0b96b75f1cb39,0.7946956157684326,0.7946956157684326,0.7946956157684326,0.7946956157684326,0.7946956157684326,0.7946956157684326,0.0,26.79446792602539,40.00981903076172,1,1,1.0,1.0,0.0
hf_github_codereview,247c860db3189958,0.8126752376556396,0.8126752376556396,0.8126752376556396,0.8126752376556396,0.8126753568649292,0.8126752376556396,0.0,46.76742172241211,40.00981903076172,1,1,1.0,1.0,1.0
hf_github_codereview,57598d3c7c438425,0.682613730430603,0.682613730430603,0.682613730430603,0.682613730430603,0.6826138496398926,0.682613730430603,0.0,43.233375549316406,40.00981903076172,1,1,1.0,0.0,0.0
hf_github_codereview,69654ea72c95b067,0.8334547281265259,0.8334547281265259,0.8334547281265259,0.8334547281265259,0.8334547877311707,0.8334547281265259,0.0,46.80501937866211,40.00981903076172,1,1,1.0,1.0,1.0
hf_github_codereview,d98c35df278de14a,1.0,1.0,1.0,1.0,1.0,1.0,0.0,43.823822021484375,43.823822021484375,1,1,1.0,1.0,1.0
hf_github_codereview,d8244ad326b34508,0.679874837398529,0.45876070111989975,0.4422282725572586,0.45876070111989975,0.5610433220863342,0.679874837398529,0.0,42.19634246826172,40.787986755371094,1,2,0.5,0.0,0.0
hf_github_codereview,f70b8331744f28c8,1.0,1.0,1.0,1.0,1.0,1.0,0.0,34.91353225708008,34.91353225708008,1,1,1.0,1.0,1.0
hf_github_codereview,428390bf4348fa4f,0.7959557771682739,0.7959557771682739,0.7959557771682739,0.7959557771682739,0.7959557771682739,0.7959557771682739,0.0,29.93609619140625,22.16483497619629,1,1,1.0,1.0,0.0
hf_github_codereview,391c0d65e34dde2d,1.0,0.5672388598322868,0.8655222803354263,0.5672388598322868,0.75315260887146,1.0,0.0,40.47341537475586,43.1667423248291,1,2,0.5,0.5,0.5
hf_github_codereview,c4797ac451ac2e40,0.9279186725616455,0.6287409663200378,0.5983554124832153,0.6287409663200378,0.7818922996520996,0.9279186725616455,0.0,43.45407485961914,41.15933418273926,1,2,0.5,0.5,0.5
hf_github_codereview,c3b1be186f514c8b,0.5191229581832886,0.3196856118738651,0.3988746926188469,0.3196856118738651,0.40412864089012146,0.5191229581832886,0.0,34.077392578125,42.81599998474121,1,2,0.0,0.0,0.0
hf_github_codereview,82223144cd25fd60,0.343000590801239,0.20757846906781197,0.2708442434668541,0.20757846906781197,0.2661929130554199,0.343000590801239,0.0,38.38660430908203,41.28023910522461,1,2,0.0,0.0,0.0
hf_github_codereview,ea4d60c0c180b335,0.5258505940437317,0.5258505940437317,0.5258505940437317,0.5258505940437317,0.5258506536483765,0.5258505940437317,0.0,32.1248664855957,45.95006561279297,1,1,0.0,0.0,0.0
hf_github_codereview,1508ab90593989ec,0.29853275418281555,0.29853275418281555,0.29853275418281555,0.29853275418281555,0.29853278398513794,0.29853275418281555,0.0,41.69296646118164,23.122962951660156,1,1,0.0,0.0,0.0
hf_github_codereview,048c333ea7be99c6,0.2208331972360611,0.1867392584681511,0.06818787753582001,0.1867392584681511,0.231825590133667,0.2208331972360611,0.0,40.5830192565918,30.236376762390137,1,2,0.0,0.0,0.0
hf_github_codereview,3b787679ab262a9e,0.5516970157623291,0.4732954800128937,0.15680307149887085,0.4732954800128937,0.5837666988372803,0.5516970157623291,0.0,38.12976837158203,31.69404697418213,1,2,0.0,0.0,0.0
hf_github_codereview,6b38688dc6d6797c,0.2989266514778137,0.2989266514778137,0.2989266514778137,0.2989266514778137,0.2989266514778137,0.2989266514778137,0.0,33.76985549926758,43.663108825683594,1,1,0.0,0.0,0.0
hf_github_codereview,2a9dfe0518866d92,1.0,1.0,1.0,1.0,1.0,1.0,0.0,41.084102630615234,41.084102630615234,1,1,1.0,1.0,1.0
hf_github_codereview,8014871ea1602af0,0.8443717360496521,0.8443717360496521,0.8443717360496521,0.8443717360496521,0.8443717360496521,0.8443717360496521,0.0,40.42921447753906,44.55435562133789,1,1,1.0,1.0,1.0
hf_github_codereview,25528d67125dbe13,0.8143763542175293,0.8143763542175293,0.8143763542175293,0.8143763542175293,0.8143762350082397,0.8143763542175293,0.0,31.784658432006836,25.31121253967285,1,1,1.0,1.0,1.0
hf_github_codereview,9ee951c7fa6c1e29,0.5168656706809998,0.37354443222284317,0.28664247691631317,0.37354443222284317,0.419757217168808,0.5168656706809998,0.0,24.370359420776367,39.74398612976074,1,2,0.0,0.0,0.0
hf_github_codereview,b5ee06512edf6107,0.9999998807907104,0.9999998807907104,0.9999998807907104,0.9999998807907104,0.9999999403953552,0.9999998807907104,0.0,35.731239318847656,35.731239318847656,1,1,1.0,1.0,1.0
hf_github_codereview,690736a84266672a,1.0,1.0,1.0,1.0,1.0,1.0,0.0,37.733089447021484,37.733089447021484,1,1,1.0,1.0,1.0
hf_github_codereview,e859f056b1167b9f,0.8104172945022583,0.8104172945022583,0.8104172945022583,0.8104172945022583,0.8104172945022583,0.8104172945022583,0.0,31.13505744934082,34.45261764526367,1,1,1.0,1.0,1.0
hf_github_codereview,fad3e629c939d8c2,0.53268963098526,0.53268963098526,0.53268963098526,0.53268963098526,0.53268963098526,0.53268963098526,0.0,27.351112365722656,40.15312194824219,1,1,0.0,0.0,0.0
hf_github_codereview,edd51516bacc8682,0.937725305557251,0.937725305557251,0.937725305557251,0.937725305557251,0.9377254247665405,0.937725305557251,0.0,42.686012268066406,40.15312194824219,1,1,1.0,1.0,1.0
hf_github_codereview,c80b6d2db39a29e3,0.8875150680541992,0.8875150680541992,0.8875150680541992,0.8875150680541992,0.887515127658844,0.8875150680541992,0.0,34.10955047607422,36.64055633544922,1,1,1.0,1.0,1.0
hf_github_codereview,7148618552e71699,1.0,1.0,1.0,1.0,1.0,1.0,0.0,46.80723190307617,46.80723190307617,1,1,1.0,1.0,1.0
hf_github_codereview,d3ff37cc0a38fe24,0.9908463358879089,0.6054345592856407,0.7708235532045364,0.6054345592856407,0.7734485864639282,0.9908463358879089,0.0,42.11112594604492,38.248939514160156,1,2,0.5,0.5,0.5
hf_github_codereview,20b2780d3c61fef0,0.8528984785079956,0.8528984785079956,0.8528984785079956,0.8528984785079956,0.8528984785079956,0.8528984785079956,0.0,40.378013610839844,34.415523529052734,1,1,1.0,1.0,1.0
hf_github_codereview,bf27d11bd6e0d440,0.6693497896194458,0.6693497896194458,0.6693497896194458,0.6693497896194458,0.6693497896194458,0.6693497896194458,0.0,33.34939193725586,37.0683708190918,1,1,1.0,0.0,0.0
hf_github_codereview,08e00549e69620ab,0.7204363346099854,0.7204363346099854,0.7204363346099854,0.7204363346099854,0.7204363346099854,0.7204363346099854,0.0,38.59689712524414,41.340576171875,1,1,1.0,1.0,0.0
hf_github_codereview,b1862a6cf9ceab2e,0.6862027645111084,0.6862027645111084,0.6862027645111084,0.6862027645111084,0.686202883720398,0.6862027645111084,0.0,40.05698776245117,41.340576171875,1,1,1.0,0.0,0.0
hf_github_codereview,cf222ece5e13e3d6,0.7117418050765991,0.7117418050765991,0.7117418050765991,0.7117418050765991,0.7117418050765991,0.7117418050765991,0.0,40.350608825683594,41.340576171875,1,1,1.0,1.0,0.0
hf_github_codereview,d08ff33244ff4ab6,0.53623366355896,0.53623366355896,0.53623366355896,0.53623366355896,0.53623366355896,0.53623366355896,0.0,36.268455505371094,41.04623794555664,1,1,0.0,0.0,0.0
hf_github_codereview,27a60f0d15eef4bf,0.8265954256057739,0.8265954256057739,0.8265954256057739,0.8265954256057739,0.8265954256057739,0.8265954256057739,0.0,41.04623794555664,45.524723052978516,1,1,1.0,1.0,1.0
hf_github_codereview,e7c47fe7d240b5ab,0.9152743816375732,0.9152743816375732,0.9152743816375732,0.9152743816375732,0.9152743816375732,0.9152743816375732,0.0,41.697731018066406,38.91741943359375,1,1,1.0,1.0,1.0
hf_github_codereview,795ebb308e0e5344,0.6870386600494385,0.6870386600494385,0.6870386600494385,0.6870386600494385,0.6870386600494385,0.6870386600494385,0.0,35.2536506652832,34.94179916381836,1,1,1.0,0.0,0.0
hf_github_codereview,ba7021f35cafc240,0.6924099326133728,0.6924099326133728,0.6924099326133728,0.6924099326133728,0.6924099326133728,0.6924099326133728,0.0,44.0963134765625,34.94179916381836,1,1,1.0,0.0,0.0
hf_github_codereview,8763359372938ae3,0.6655723452568054,0.6655723452568054,0.6655723452568054,0.6655723452568054,0.6655723452568054,0.6655723452568054,0.0,43.041988372802734,34.94179916381836,1,1,1.0,0.0,0.0
hf_github_codereview,06b26d78a093fa19,0.8258109092712402,0.6348610371351242,0.38189974427223206,0.6348610371351242,0.7144241333007812,0.8258109092712402,0.0,23.474918365478516,37.24492835998535,1,2,0.5,0.5,0.5
hf_github_codereview,db19971b9cc88b3d,0.8121799826622009,0.729882001876831,0.16459596157073975,0.729882001876831,0.772027850151062,0.8121799826622009,0.0,32.68999099731445,29.83486557006836,1,2,1.0,0.5,0.5
hf_github_codereview,90f3d4c5f995d4ab,0.6883653402328491,0.6242659389972687,0.1281988024711609,0.6242659389972687,0.7362596988677979,0.6883653402328491,0.0,27.00564193725586,34.55380916595459,1,2,0.5,0.0,0.0
hf_github_codereview,098778a836cd15d1,0.17454765737056732,0.17454765737056732,0.17454765737056732,0.17454765737056732,0.17454767227172852,0.17454765737056732,0.0,48.015926361083984,25.06389045715332,1,1,0.0,0.0,0.0
hf_github_codereview,3a5ded5a99936259,0.9480139017105103,0.9480139017105103,0.9480139017105103,0.9480139017105103,0.9480137825012207,0.9480139017105103,0.0,42.42600631713867,39.54060363769531,1,1,1.0,1.0,1.0
hf_github_codereview,0d6657745e02a8ef,0.9999998807907104,0.9999998807907104,0.9999998807907104,0.9999998807907104,1.0,0.9999998807907104,0.0,26.912620544433594,26.912620544433594,1,1,1.0,1.0,1.0
hf_github_codereview,ab317cab2a54aa78,0.990627646446228,0.6899334490299225,0.6013883948326111,0.6899334490299225,0.8354942202568054,0.990627646446228,0.0,32.14098358154297,37.17853927612305,1,2,0.5,0.5,0.5
hf_github_codereview,34697e338781e955,1.0,1.0,1.0,1.0,1.0,1.0,0.0,42.95094680786133,42.95094680786133,1,1,1.0,1.0,1.0
hf_github_codereview,715c3e266a7dcc2c,1.0,1.0,1.0,1.0,1.0,1.0,0.0,29.434688568115234,29.434688568115234,1,1,1.0,1.0,1.0
hf_github_codereview,8d4255843f723085,0.16553393006324768,0.16553393006324768,0.16553393006324768,0.16553393006324768,0.16553394496440887,0.16553393006324768,0.0,36.43808364868164,45.49810028076172,1,1,0.0,0.0,0.0
hf_github_codereview,ec9545a0b9082a3a,0.627663254737854,0.627663254737854,0.627663254737854,0.627663254737854,0.627663254737854,0.627663254737854,0.0,40.16254806518555,45.216575622558594,1,1,1.0,0.0,0.0
hf_github_codereview,4009c101d8128f7f,0.3258413076400757,0.3258413076400757,0.3258413076400757,0.3258413076400757,0.3258413076400757,0.3258413076400757,0.0,41.01472854614258,41.83631134033203,1,1,0.0,0.0,0.0
hf_github_codereview,a064982c3a493670,0.3223179876804352,0.3223179876804352,0.3223179876804352,0.3223179876804352,0.3223179876804352,0.3223179876804352,0.0,44.703712463378906,41.367149353027344,1,1,0.0,0.0,0.0
hf_github_codereview,7e9eb94e44910421,0.4834985136985779,0.4834985136985779,0.4834985136985779,0.4834985136985779,0.4834985136985779,0.4834985136985779,0.0,43.230247497558594,25.130765914916992,1,1,0.0,0.0,0.0
hf_github_codereview,ca7f4162633db372,0.730779767036438,0.486992746591568,0.48757404088974,0.486992746591568,0.6292877197265625,0.730779767036438,0.0,23.465572357177734,36.036139488220215,1,2,0.5,0.5,0.0
hf_github_codereview,96de457d8f15f118,1.0,1.0,1.0,1.0,1.0,1.0,0.0,36.0732421875,36.0732421875,1,1,1.0,1.0,1.0
hf_github_codereview,ae5003665de2c46d,0.9202221632003784,0.9202221632003784,0.9202221632003784,0.9202221632003784,0.9202221632003784,0.9202221632003784,0.0,25.97490692138672,28.615324020385742,1,1,1.0,1.0,1.0
hf_github_codereview,bb085c3fff2e6b79,0.9700939655303955,0.5262502431869507,0.6356977224349976,0.5262502431869507,0.703462541103363,0.9700939655303955,0.0,35.269081115722656,38.53704325358073,1,3,0.3333333333333333,0.3333333333333333,0.3333333333333333
hf_github_codereview,2d6423608d5eef1e,0.24744907021522522,0.2106347382068634,0.07362866401672363,0.2106347382068634,0.24661925435066223,0.24744907021522522,0.0,31.571670532226562,31.381979942321777,1,2,0.0,0.0,0.0
hf_github_codereview,ecbbb85cf619b49f,0.849057137966156,0.755890280008316,0.18633371591567993,0.755890280008316,0.8016539812088013,0.849057137966156,0.0,32.81678009033203,38.12278938293457,1,2,1.0,0.5,0.5
hf_github_codereview,a8d7979eaa2667d7,0.28489142656326294,0.2093999683856964,0.15098291635513306,0.2093999683856964,0.2707471251487732,0.28489142656326294,0.0,30.252614974975586,32.92609882354736,1,2,0.0,0.0,0.0
hf_github_codereview,9fe1b0758c1c0fc6,1.0,1.0,1.0,1.0,1.0,1.0,0.0,40.16337966918945,40.16337966918945,1,1,1.0,1.0,1.0
hf_github_codereview,a96b4129d40baed0,0.9861164093017578,0.9861164093017578,0.9861164093017578,0.9861164093017578,0.9861164093017578,0.9861164093017578,0.0,34.06302261352539,34.78593444824219,1,1,1.0,1.0,1.0
hf_github_codereview,864e4c1074d17383,1.0,1.0,1.0,1.0,1.0,1.0,0.0,34.73207473754883,34.73207473754883,1,1,1.0,1.0,1.0
hf_github_codereview,cda5862202f66154,0.9995784759521484,0.6629253774881363,0.6733061969280243,0.6629253774881363,0.8152540326118469,0.9995784759521484,0.0,38.78309631347656,43.41803169250488,1,2,0.5,0.5,0.5
hf_github_codereview,f3f6087c7a13a880,0.9469628930091858,0.9469628930091858,0.9469628930091858,0.9469628930091858,0.9469629526138306,0.9469628930091858,0.0,40.4300537109375,39.061946868896484,1,1,1.0,1.0,1.0
hf_github_codereview,a2a382352528ee7f,1.0,1.0,1.0,1.0,1.0,1.0,0.0,33.12061309814453,33.12061309814453,1,1,1.0,1.0,1.0
hf_github_codereview,62be317489209a58,0.9999999403953552,0.5016573499888182,0.9966851808130741,0.5016573499888182,0.7082775831222534,0.9999999403953552,0.0,40.2127799987793,35.81548500061035,1,2,0.5,0.5,0.5
hf_github_codereview,8be94ab3702dc23c,1.0,1.0,1.0,1.0,1.0,1.0,0.0,38.720149993896484,38.720149993896484,1,1,1.0,1.0,1.0
hf_github_codereview,ce346b1b777b11a0,1.0,1.0,1.0,1.0,1.0,1.0,0.0,40.350093841552734,40.350093841552734,1,1,1.0,1.0,1.0
hf_github_codereview,c4fc6e55fd8517a2,0.9924254417419434,0.5447594746947289,0.895331934094429,0.5447594746947289,0.7344760894775391,0.9924254417419434,0.0,38.7961311340332,44.31117820739746,1,2,0.5,0.5,0.5
hf_github_codereview,f74ff0a5d3029dd3,0.9999999403953552,0.9999999403953552,0.9999999403953552,0.9999999403953552,1.0,0.9999999403953552,0.0,33.291839599609375,33.291839599609375,1,1,1.0,1.0,1.0
hf_github_codereview,63601f3fe68580ce,0.7201757431030273,0.4797842353582382,0.48078301548957825,0.4797842353582382,0.6133731603622437,0.7201757431030273,0.0,48.51676940917969,36.364986419677734,1,2,0.5,0.5,0.0
hf_github_codereview,99eaca4d8ebb7f08,0.9999999403953552,0.7202024459838867,0.559594988822937,0.7202024459838867,0.84864741563797,0.9999999403953552,0.0,42.744686126708984,44.578603744506836,1,2,0.5,0.5,0.5
hf_github_codereview,58d640efbbd4b101,0.46757423877716064,0.3085915818810463,0.3179653137922287,0.3085915818810463,0.39314156770706177,0.46757423877716064,0.0,43.842750549316406,34.75570297241211,1,2,0.0,0.0,0.0
hf_github_codereview,5ab42ea18a20b2f4,0.3566545248031616,0.21730392053723335,0.27870120853185654,0.21730392053723335,0.2748130261898041,0.3566545248031616,0.0,28.69849395751953,36.97968292236328,1,2,0.0,0.0,0.0
hf_github_codereview,ccd4cb3a0f0c24fd,0.3848349452018738,0.2599039226770401,0.24986204504966736,0.2599039226770401,0.31084614992141724,0.3848349452018738,0.0,38.526180267333984,38.79493713378906,1,2,0.0,0.0,0.0
hf_github_codereview,dc32abeb372051fb,0.8174434900283813,0.4580037295818329,0.7188795208930969,0.4580037295818329,0.6241330504417419,0.8174434900283813,0.0,29.18832015991211,35.39128398895264,1,2,0.5,0.5,0.5
hf_github_codereview,8f00eb4614b8b994,0.5841165781021118,0.5841165781021118,0.5841165781021118,0.5841165781021118,0.5841165781021118,0.5841165781021118,0.0,31.1799373626709,41.38471221923828,1,1,0.0,0.0,0.0
hf_github_codereview,8227f4d38066addd,0.4363557696342468,0.4363557696342468,0.4363557696342468,0.4363557696342468,0.4363557696342468,0.4363557696342468,0.0,43.53266906738281,35.071136474609375,1,1,0.0,0.0,0.0
hf_github_codereview,7b313240ea4ef97f,0.43227195739746094,0.4027668833732605,0.05901014804840088,0.4027668833732605,0.4573383033275604,0.43227195739746094,0.0,41.78849411010742,38.88413047790527,1,2,0.0,0.0,0.0
hf_github_codereview,c8625daf60d0464a,0.2284458577632904,0.2284458577632904,0.2284458577632904,0.2284458577632904,0.2284458428621292,0.2284458577632904,0.0,39.103214263916016,42.97551345825195,1,1,0.0,0.0,0.0
hf_github_codereview,2fc5c99ace17c4e8,0.9160019159317017,0.9160019159317017,0.9160019159317017,0.9160019159317017,0.9160019159317017,0.9160019159317017,0.0,48.1407356262207,38.68511962890625,1,1,1.0,1.0,1.0
hf_github_codereview,ab82234b4fd83e15,0.3493115305900574,0.2964160442352295,0.10579097270965576,0.2964160442352295,0.37592077255249023,0.3493115305900574,0.0,32.68137741088867,41.65060806274414,1,2,0.0,0.0,0.0
hf_github_codereview,fa10ec3e6606f066,0.5535973310470581,0.5535973310470581,0.5535973310470581,0.5535973310470581,0.5535973310470581,0.5535973310470581,0.0,24.103620529174805,39.79668426513672,1,1,0.0,0.0,0.0
hf_github_codereview,c1c5228089761225,0.28047382831573486,0.2395789474248886,0.0817897617816925,0.2395789474248886,0.313778817653656,0.28047382831573486,0.0,31.064659118652344,44.30270195007324,1,2,0.0,0.0,0.0
hf_github_codereview,166322ed6cb6e031,0.5760494470596313,0.4646042436361313,0.22289040684700012,0.4646042436361313,0.5153517723083496,0.5760494470596313,0.0,41.52098083496094,40.75882148742676,1,2,0.0,0.0,0.0
hf_github_codereview,42c71ff82ad8b115,0.3085593581199646,0.25744858384132385,0.07412788271903992,0.24109530076384544,0.2770996689796448,0.3085593581199646,0.0,45.24863052368164,26.77333354949951,1,4,0.0,0.0,0.0
hf_github_codereview,d0d9e75342226eed,0.8551003932952881,0.6034660637378693,0.3078111410140991,0.6034660637378693,0.7747350931167603,0.8551003932952881,0.0,35.860923767089844,38.180386225382485,1,3,0.3333333333333333,0.3333333333333333,0.3333333333333333
hf_github_codereview,813f3df0be0e2c05,1.0,0.6363531649112701,0.7272936701774597,0.6363531649112701,0.7977175712585449,1.0,0.0,43.64150619506836,38.71103477478027,1,2,0.5,0.5,0.5
hf_github_codereview,c36a51224facea7f,0.8577558994293213,0.6407029628753662,0.43410587310791016,0.6407029628753662,0.8008679747581482,0.8577558994293213,0.0,44.21678161621094,38.51574516296387,1,2,0.5,0.5,0.5
hf_github_codereview,cabd058d5f9d3044,0.3800141513347626,0.3800141513347626,0.3800141513347626,0.3800141513347626,0.38001418113708496,0.3800141513347626,0.0,33.631568908691406,42.100040435791016,1,1,0.0,0.0,0.0
hf_github_codereview,478a27d9ff7a3bf0,0.7378268837928772,0.637349933385849,0.2009539008140564,0.637349933385849,0.7551088333129883,0.7378268837928772,0.0,41.698482513427734,36.1083402633667,1,2,0.5,0.5,0.0
hf_github_codereview,9a3f29b2728f5a7a,1.0,0.6141153126955032,0.7717693746089935,0.6141153126955032,0.7836552858352661,1.0,0.0,42.54392623901367,37.292911529541016,1,2,0.5,0.5,0.5
hf_github_codereview,a637d8b04c748299,0.9424952268600464,0.6338935345411301,0.6172033846378326,0.6338935345411301,0.7806247472763062,0.9424952268600464,0.0,34.85818099975586,41.956748962402344,1,2,0.5,0.5,0.5
hf_github_codereview,480010c2d0662df7,0.6240240335464478,0.6240240335464478,0.6240240335464478,0.6240240335464478,0.6240240335464478,0.6240240335464478,0.0,33.52413558959961,34.569664001464844,1,1,1.0,0.0,0.0
hf_github_codereview,e2bf5e8c056774c8,0.8583695292472839,0.4094202344616254,0.593325138092041,0.4094202344616254,0.6000186800956726,0.8583695292472839,0.0,35.626617431640625,38.676928202311196,1,3,0.3333333333333333,0.3333333333333333,0.3333333333333333
hf_github_codereview,601ec6655d2ff301,0.9355087280273438,0.5713478922843933,0.3831931948661804,0.5713478922843933,0.7549870610237122,0.9355087280273438,0.0,39.262123107910156,39.66217803955078,1,3,0.3333333333333333,0.3333333333333333,0.3333333333333333
hf_github_codereview,fe837b500b656a16,0.4450211524963379,0.4450211524963379,0.4450211524963379,0.4450211524963379,0.4450211524963379,0.4450211524963379,0.0,40.45280456542969,23.883403778076172,1,1,0.0,0.0,0.0
hf_github_codereview,8cdddec42494f722,0.9535046815872192,0.6268019676208496,0.6534054279327393,0.6268019676208496,0.7897942066192627,0.9535046815872192,0.0,45.570709228515625,43.80839538574219,1,2,0.5,0.5,0.5
hf_github_codereview,a1a3c2e02a61ec70,0.982738733291626,0.5773617178201675,0.30370235443115234,0.5773617178201675,0.7912623882293701,0.982738733291626,0.0,48.8438720703125,37.566785176595054,1,3,0.6666666666666666,0.3333333333333333,0.3333333333333333
hf_github_codereview,32a24925311234eb,0.9943376779556274,0.9943376779556274,0.9943376779556274,0.9943376779556274,0.994337797164917,0.9943376779556274,0.0,42.66938781738281,42.21177291870117,1,1,1.0,1.0,1.0
hf_github_codereview,cdc5529c89c27d19,0.5780003070831299,0.4349728226661682,0.28605496883392334,0.4349728226661682,0.5091159343719482,0.5780003070831299,0.0,39.054603576660156,34.55080032348633,1,2,0.0,0.0,0.0
hf_github_codereview,383896fec54a6153,0.32234200835227966,0.2566256672143936,0.1314326822757721,0.2566256672143936,0.303669810295105,0.32234200835227966,0.0,21.320415496826172,36.604464530944824,1,2,0.0,0.0,0.0
hf_github_codereview,9ec3059ae9e9843a,1.0,1.0,1.0,1.0,1.0,1.0,0.0,40.68910217285156,40.68910217285156,1,1,1.0,1.0,1.0
hf_github_codereview,940458beb10c6621,0.641149640083313,0.641149640083313,0.641149640083313,0.641149640083313,0.6411496996879578,0.641149640083313,0.0,26.531553268432617,33.24713897705078,1,1,1.0,0.0,0.0
hf_github_codereview,8978d8a36f299ccc,0.8708179593086243,0.8708179593086243,0.8708179593086243,0.8708179593086243,0.870818018913269,0.8708179593086243,0.0,31.726795196533203,33.24713897705078,1,1,1.0,1.0,1.0
hf_github_codereview,14fe6c503b2f4939,0.9999998807907104,0.9999998807907104,0.9999998807907104,0.9999998807907104,1.0,0.9999998807907104,0.0,22.70063018798828,22.70063018798828,1,1,1.0,1.0,1.0
hf_github_codereview,6972dea389e278f4,0.6953417658805847,0.40260467678308487,0.5854741781949997,0.40260467678308487,0.5598695278167725,0.6953417658805847,0.0,37.14006805419922,35.67748832702637,1,2,0.5,0.0,0.0
hf_github_codereview,e3078f7c1046c169,0.7490437030792236,0.6623069643974304,0.17347347736358643,0.6623069643974304,0.7071435451507568,0.7490437030792236,0.0,34.44348907470703,39.05815124511719,1,2,0.5,0.5,0.0
hf_github_codereview,7ba34a1249610362,0.9974610805511475,0.9974610805511475,0.9974610805511475,0.9974610805511475,0.9974610805511475,0.9974610805511475,0.0,44.623138427734375,43.12470626831055,1,1,1.0,1.0,1.0
hf_github_codereview,242918180c162c81,0.5754932165145874,0.373010978102684,0.40496447682380676,0.373010978102684,0.4841201901435852,0.5754932165145874,0.0,27.141956329345703,44.82935333251953,1,2,0.0,0.0,0.0
hf_github_codereview,f833588313d463da,1.0,0.9085895419120789,0.18282091617584229,0.9085895419120789,0.9531996846199036,1.0,0.0,32.82475662231445,34.29813003540039,1,2,1.0,1.0,1.0
hf_github_codereview,42ad28a1319da14a,0.9999998211860657,0.9085894525051117,0.18282073736190796,0.9085894525051117,0.953199565410614,0.9999998211860657,0.0,35.77150344848633,34.29813003540039,1,2,1.0,1.0,1.0
hf_github_codereview,a55fe224cb852299,0.9341630339622498,0.7332184612751007,0.4018891453742981,0.7332184612751007,0.8319326639175415,0.9341630339622498,0.0,36.02820587158203,43.61123275756836,1,2,0.5,0.5,0.5
hf_github_codereview,ea77d97a7f74e140,0.4308232069015503,0.4308232069015503,0.4308232069015503,0.4308232069015503,0.4308232069015503,0.4308232069015503,0.0,42.46006774902344,32.52784729003906,1,1,0.0,0.0,0.0
hf_github_codereview,3e64eb2d56e7c553,0.40653732419013977,0.40653732419013977,0.40653732419013977,0.40653732419013977,0.40653732419013977,0.40653732419013977,0.0,44.7816162109375,23.15026092529297,1,1,0.0,0.0,0.0
hf_github_codereview,360ef9cba0b93846,0.36142054200172424,0.36142054200172424,0.36142054200172424,0.36142054200172424,0.361420601606369,0.36142054200172424,0.0,38.163116455078125,34.287601470947266,1,1,0.0,0.0,0.0
hf_github_codereview,044a9a04b3e8d102,0.5929843187332153,0.5595563352108002,0.06685596704483032,0.5595563352108002,0.6232360601425171,0.5929843187332153,0.0,43.23806381225586,34.14631175994873,1,2,0.0,0.0,0.0
hf_github_codereview,3a2a56aa4f67f5bf,0.24287539720535278,0.24287539720535278,0.24287539720535278,0.24287539720535278,0.24287539720535278,0.24287539720535278,0.0,37.22842788696289,40.09659194946289,1,1,0.0,0.0,0.0
hf_github_codereview,35500ff5c3cf39dc,0.7799211740493774,0.7645320892333984,0.030778169631958008,0.7645320892333984,0.7840644121170044,0.7799211740493774,0.0,28.14695930480957,40.79895210266113,1,2,1.0,1.0,0.0
hf_github_codereview,a36f3b1a17558d7f,1.0,0.5940984189510345,0.8118031620979309,0.5940984189510345,0.7707779407501221,1.0,0.0,41.9942741394043,43.39797782897949,1,2,0.5,0.5,0.5
hf_github_codereview,5a1b969ceec2a89b,0.2655400335788727,0.17139175037542978,0.1120285838842392,0.17139175037542978,0.22714102268218994,0.2655400335788727,0.0,31.631702423095703,46.68204243977865,1,3,0.0,0.0,0.0
hf_github_codereview,0564645296a7767d,0.23937389254570007,0.23937389254570007,0.23937389254570007,0.23937389254570007,0.23937389254570007,0.23937389254570007,0.0,34.795372009277344,45.75807189941406,1,1,0.0,0.0,0.0
hf_github_codereview,4c4bb6d4319fa78d,0.8653212189674377,0.6686959862709045,0.2642074227333069,0.6686959862709045,0.8189970254898071,0.8653212189674377,0.0,30.882282257080078,36.18431409200033,1,3,0.6666666666666666,0.3333333333333333,0.3333333333333333
hf_github_codereview,7085e898bb40bd05,1.0,1.0,1.0,1.0,1.0,1.0,0.0,43.34575271606445,43.34575271606445,1,1,1.0,1.0,1.0
hf_github_codereview,0722e295ee5efef5,0.9833502173423767,0.5790567249059677,0.808586984872818,0.5790567249059677,0.7590326070785522,0.9833502173423767,0.0,40.9033317565918,41.76003837585449,1,2,0.5,0.5,0.5
hf_github_codereview,b4a8536b228cd9e9,1.0,1.0,1.0,1.0,1.0,1.0,0.0,45.67852020263672,45.67852020263672,1,1,1.0,1.0,1.0
hf_github_codereview,188ba78d50af4113,1.0,1.0,1.0,1.0,1.0,1.0,0.0,33.95352554321289,33.95352554321289,1,1,1.0,1.0,1.0
hf_github_codereview,00df6849c11a1516,1.0,0.5918835252523422,0.8162329494953156,0.5918835252523422,0.7693395614624023,1.0,0.0,52.698387145996094,48.198801040649414,1,2,0.5,0.5,0.5
hf_github_codereview,7c118d580391c243,0.900331437587738,0.900331437587738,0.900331437587738,0.900331437587738,0.9003315567970276,0.900331437587738,0.0,43.08922576904297,48.15606689453125,1,1,1.0,1.0,1.0
hf_github_codereview,5087a9abab00cf75,0.9819713830947876,0.9819713830947876,0.9819713830947876,0.9819713830947876,0.9819713830947876,0.9819713830947876,0.0,36.976470947265625,38.88295364379883,1,1,1.0,1.0,1.0
hf_github_codereview,7c6e26e2a63c87d5,0.9927132725715637,0.5439750589430332,0.897476427257061,0.5439750589430332,0.7386494874954224,0.9927132725715637,0.0,43.99508285522461,35.89451026916504,1,2,0.5,0.5,0.5
hf_github_codereview,29a52f2a849e69ab,0.7699558734893799,0.5102898180484772,0.5193321108818054,0.5102898180484772,0.6225531101226807,0.7699558734893799,0.0,44.781890869140625,40.22568893432617,1,2,0.5,0.5,0.0
hf_github_codereview,cdfd3773103e2964,0.9235398173332214,0.6313405930995941,0.5843984484672546,0.6313405930995941,0.7702348828315735,0.9235398173332214,0.0,45.87914276123047,40.22568893432617,1,2,0.5,0.5,0.5
hf_github_codereview,350155b235056245,0.6420749425888062,0.4233097732067108,0.4375303387641907,0.4233097732067108,0.5341819524765015,0.6420749425888062,0.0,42.89651107788086,40.49696922302246,1,2,0.5,0.0,0.0
hf_github_codereview,bdf948afb48d8fe4,1.0,0.6479673236608505,0.704065352678299,0.6479673236608505,0.8049641847610474,1.0,0.0,31.343183517456055,35.06839847564697,1,2,0.5,0.5,0.5
hf_github_codereview,0d17ff4ad4c39a68,0.7461798191070557,0.7461798191070557,0.7461798191070557,0.7461798191070557,0.7461796998977661,0.7461798191070557,0.0,46.179134368896484,46.27156066894531,1,1,1.0,1.0,0.0
hf_github_codereview,9d5818af9b273286,1.0,0.5390548408031464,0.9218903183937073,0.5390548408031464,0.734203577041626,1.0,0.0,41.801551818847656,40.167964935302734,1,2,0.5,0.5,0.5
hf_github_codereview,b2651caf456e27f1,0.9999999403953552,0.9999999403953552,0.9999999403953552,0.9999999403953552,0.9999999403953552,0.9999999403953552,0.0,30.557697296142578,30.557697296142578,1,1,1.0,1.0,1.0
hf_github_codereview,9e2f146ed3d079a2,0.47300416231155396,0.47300416231155396,0.47300416231155396,0.47300416231155396,0.47300422191619873,0.47300416231155396,0.0,44.57326889038086,44.578128814697266,1,1,0.0,0.0,0.0
hf_github_codereview,44a4356bbc605974,0.28946149349212646,0.268305167555809,0.04231265187263489,0.268305167555809,0.30124861001968384,0.28946149349212646,0.0,26.842082977294922,37.93779373168945,1,2,0.0,0.0,0.0
hf_github_codereview,1095f4ce2defbced,0.9213113188743591,0.7664066851139069,0.30980926752090454,0.7664066851139069,0.8543456792831421,0.9213113188743591,0.0,39.935123443603516,44.90474891662598,1,2,1.0,0.5,0.5
hf_github_codereview,206b632ef4c601c9,0.9813018441200256,0.9813018441200256,0.9813018441200256,0.9813018441200256,0.9813018441200256,0.9813018441200256,0.0,40.44540786743164,41.074832916259766,1,1,1.0,1.0,1.0
hf_github_codereview,18da411e71e48c91,0.5727348327636719,0.5727348327636719,0.5727348327636719,0.5727348327636719,0.5727348327636719,0.5727348327636719,0.0,35.03245162963867,42.45406723022461,1,1,0.0,0.0,0.0
hf_github_codereview,15362451d4ba4af4,0.695529580116272,0.5015192329883575,0.38802069425582886,0.5015192329883575,0.6549186110496521,0.695529580116272,0.0,43.05455780029297,39.126054763793945,1,2,0.5,0.0,0.0
hf_github_codereview,624b8e3674e1b078,0.5116870403289795,0.5116870403289795,0.5116870403289795,0.5116870403289795,0.5116870403289795,0.5116870403289795,0.0,37.872657775878906,26.16026496887207,1,1,0.0,0.0,0.0
hf_github_codereview,c877d98de9f46965,0.9706937670707703,0.9706937670707703,0.9706937670707703,0.9706937670707703,0.9706937670707703,0.9706937670707703,0.0,25.211944580078125,24.131582260131836,1,1,1.0,1.0,1.0
hf_github_codereview,2ff48bb03d829f30,0.9999997019767761,0.6579020619392395,0.6841952800750732,0.6579020619392395,0.8111116290092468,0.9999997019767761,0.0,36.05618667602539,34.094879150390625,1,2,0.5,0.5,0.5
hf_github_codereview,b21783470d9f6850,0.1333247423171997,0.1333247423171997,0.1333247423171997,0.1333247423171997,0.1333247423171997,0.1333247423171997,0.0,45.45914077758789,29.36376190185547,1,1,0.0,0.0,0.0
hf_github_codereview,284a5a6f7cc1b991,0.594895601272583,0.39127135276794434,0.40724849700927734,0.39127135276794434,0.45644018054008484,0.594895601272583,0.0,46.929264068603516,39.85280799865723,1,2,0.0,0.0,0.0
hf_github_codereview,f73d575f0c4ee3b7,0.23321418464183807,0.23321418464183807,0.23321418464183807,0.23321418464183807,0.23321418464183807,0.23321418464183807,0.0,38.56773376464844,23.381349563598633,1,1,0.0,0.0,0.0
hf_github_codereview,aa48e61803c5875e,0.35982489585876465,0.35982489585876465,0.35982489585876465,0.35982489585876465,0.35982489585876465,0.35982489585876465,0.0,35.43254089355469,45.452877044677734,1,1,0.0,0.0,0.0
hf_github_codereview,18d7ac5d2d4c9524,0.6431500911712646,0.36787086725234985,0.5505584478378296,0.36787086725234985,0.48744773864746094,0.6431500911712646,0.0,40.60563659667969,32.317176818847656,1,2,0.5,0.0,0.0
hf_github_codereview,296f34b999d69eaa,0.24946169555187225,0.24946169555187225,0.24946169555187225,0.24946169555187225,0.24946171045303345,0.24946169555187225,0.0,30.697925567626953,29.58197593688965,1,1,0.0,0.0,0.0
hf_github_codereview,4bb766fc286009d1,0.8024123907089233,0.5469660609960556,0.5108926594257355,0.5469660609960556,0.6608051061630249,0.8024123907089233,0.0,44.28667068481445,37.198482513427734,1,2,0.5,0.5,0.5
hf_github_codereview,c93c027ba0df3436,0.7124773859977722,0.505954310297966,0.4130461513996124,0.505954310297966,0.6283132433891296,0.7124773859977722,0.0,47.12727737426758,40.19276237487793,1,2,0.5,0.5,0.0
hf_github_codereview,a9696522c622a414,0.6937772035598755,0.5316486656665802,0.3242570757865906,0.5316486656665802,0.6159307956695557,0.6937772035598755,0.0,41.27581787109375,41.8808536529541,1,2,0.5,0.0,0.0
hf_github_codereview,1956404fb8a2a987,0.3414933979511261,0.3414933979511261,0.3414933979511261,0.3414933979511261,0.3414934277534485,0.3414933979511261,0.0,42.146209716796875,30.136499404907227,1,1,0.0,0.0,0.0
hf_github_codereview,66ad4de641373009,0.9981497526168823,0.9981497526168823,0.9981497526168823,0.9981497526168823,0.9981497526168823,0.9981497526168823,0.0,49.154605865478516,49.11669158935547,1,1,1.0,1.0,1.0
hf_github_codereview,6fccd97f583a7813,0.9121707677841187,0.9121707677841187,0.9121707677841187,0.9121707677841187,0.9121708273887634,0.9121707677841187,0.0,34.20610809326172,39.19163513183594,1,1,1.0,1.0,1.0
hf_github_codereview,c98229b05fb59649,0.3808194696903229,0.2597292587161064,0.24218042194843292,0.2597292587161064,0.33084025979042053,0.3808194696903229,0.0,42.834957122802734,34.32258224487305,1,2,0.0,0.0,0.0
hf_github_codereview,60d8870bf730e43f,0.44015270471572876,0.44015270471572876,0.44015270471572876,0.44015270471572876,0.44015270471572876,0.44015270471572876,0.0,34.58510208129883,38.85371017456055,1,1,0.0,0.0,0.0
hf_github_codereview,8833849d356df1e2,0.3780782222747803,0.3780782222747803,0.3780782222747803,0.3780782222747803,0.3780782222747803,0.3780782222747803,0.0,41.43737030029297,42.766902923583984,1,1,0.0,0.0,0.0
hf_github_codereview,95a6dfe313c3495f,0.5751155614852905,0.5751155614852905,0.5751155614852905,0.5751155614852905,0.5751156210899353,0.5751155614852905,0.0,40.636146545410156,32.279029846191406,1,1,0.0,0.0,0.0
hf_github_codereview,57d3fbd60978db95,0.3706919848918915,0.3706919848918915,0.3706919848918915,0.3706919848918915,0.3706919848918915,0.3706919848918915,0.0,36.49251937866211,31.63201332092285,1,1,0.0,0.0,0.0
hf_github_codereview,00353fa190c2daeb,0.3095114827156067,0.3095114827156067,0.3095114827156067,0.3095114827156067,0.3095114827156067,0.3095114827156067,0.0,33.28630447387695,24.813690185546875,1,1,0.0,0.0,0.0
hf_github_codereview,07b2bcf860e8c73e,0.8041139245033264,0.8041139245033264,0.8041139245033264,0.8041139245033264,0.8041139245033264,0.8041139245033264,0.0,31.679792404174805,44.44160842895508,1,1,1.0,1.0,1.0
hf_github_codereview,1a7ffe9b80af2b97,0.7075462341308594,0.7075462341308594,0.7075462341308594,0.7075462341308594,0.7075462341308594,0.7075462341308594,0.0,44.798439025878906,43.53201675415039,1,1,1.0,1.0,0.0
hf_github_codereview,280d8ba6eb3b1358,1.0,0.5211356189101934,0.9577287621796131,0.5211356189101934,0.7218971848487854,1.0,0.0,41.99864959716797,37.98847961425781,1,2,0.5,0.5,0.5
hf_github_codereview,7bfcd60b5168b74d,0.12988054752349854,0.12988054752349854,0.12988054752349854,0.12988054752349854,0.12988056242465973,0.12988054752349854,0.0,38.17286682128906,45.18041229248047,1,1,0.0,0.0,0.0
hf_github_codereview,807d11e6e4adb6c5,0.8829473257064819,0.8829473257064819,0.8829473257064819,0.8829473257064819,0.8829473257064819,0.8829473257064819,0.0,44.7010498046875,51.958274841308594,1,1,1.0,1.0,1.0
hf_github_codereview,724b15453f8cd7fb,0.877041757106781,0.877041757106781,0.877041757106781,0.877041757106781,0.8770418167114258,0.877041757106781,0.0,48.40813064575195,51.958274841308594,1,1,1.0,1.0,1.0
hf_github_codereview,17899d5c0538da78,0.3674352765083313,0.35239727795124054,0.03007599711418152,0.35239727795124054,0.38603585958480835,0.3674352765083313,0.0,38.78036117553711,32.653255462646484,1,2,0.0,0.0,0.0
hf_github_codereview,9523c39db86992cc,0.8563032150268555,0.8563032150268555,0.8563032150268555,0.8563032150268555,0.8563032150268555,0.8563032150268555,0.0,34.74393081665039,42.16697311401367,1,1,1.0,1.0,1.0
hf_github_codereview,1c1db6425d37c785,1.0,0.6301697492599487,0.4363800883293152,0.6301697492599487,0.7953634262084961,1.0,0.0,34.62740707397461,38.78839874267578,1,3,0.3333333333333333,0.3333333333333333,0.3333333333333333
hf_github_codereview,f67b8af3b01a51a1,1.0,1.0,1.0,1.0,1.0,1.0,0.0,44.89262390136719,44.89262390136719,1,1,1.0,1.0,1.0
hf_github_codereview,eb396c52d7dca9bd,0.5786792039871216,0.40342895686626434,0.3505004942417145,0.40342895686626434,0.5172991752624512,0.5786792039871216,0.0,44.950374603271484,25.65865135192871,1,2,0.0,0.0,0.0
hf_github_codereview,63e940c36b1fc925,0.7330594062805176,0.7330594062805176,0.7330594062805176,0.7330594062805176,0.7330594062805176,0.7330594062805176,0.0,45.60219192504883,32.97996139526367,1,1,1.0,1.0,0.0
hf_github_codereview,05afc5a36961b0a1,0.22104758024215698,0.12844983860850334,0.18519548326730728,0.12844983860850334,0.16356411576271057,0.22104758024215698,0.0,42.17518997192383,23.331843376159668,1,2,0.0,0.0,0.0
hf_github_codereview,2ee31b06919afde0,0.9655351042747498,0.9655351042747498,0.9655351042747498,0.9655351042747498,0.9655351042747498,0.9655351042747498,0.0,38.33638381958008,42.316349029541016,1,1,1.0,1.0,1.0
hf_github_codereview,7ebb9a74af614d4f,0.15126746892929077,0.15126746892929077,0.15126746892929077,0.15126746892929077,0.15126748383045197,0.15126746892929077,0.0,40.836666107177734,28.559856414794922,1,1,0.0,0.0,0.0
hf_github_codereview,4764c57b8615e002,0.6439504623413086,0.4460080564022064,0.39588481187820435,0.4460080564022064,0.5717869997024536,0.6439504623413086,0.0,41.5064582824707,41.84528160095215,1,2,0.5,0.0,0.0
hf_github_codereview,d7fc91e12ca4a0cd,1.0,1.0,1.0,1.0,1.0,1.0,0.0,40.34459686279297,40.34459686279297,1,1,1.0,1.0,1.0
hf_github_codereview,bd381bc36ab88d4b,0.8629520535469055,0.5195214748382568,0.37678131461143494,0.5195214748382568,0.6970779299736023,0.8629520535469055,0.0,43.707820892333984,40.14657211303711,1,3,0.3333333333333333,0.3333333333333333,0.3333333333333333
hf_github_codereview,831d01ba1a1d28fb,0.6916106939315796,0.42728838324546814,0.5286446213722229,0.42728838324546814,0.5986016392707825,0.6916106939315796,0.0,34.53941345214844,32.034621238708496,1,2,0.5,0.0,0.0
hf_github_codereview,407cdd0c9198e293,0.5047364234924316,0.5047364234924316,0.5047364234924316,0.5047364234924316,0.5047364234924316,0.5047364234924316,0.0,43.53160858154297,43.56729507446289,1,1,0.0,0.0,0.0
hf_github_codereview,f4cf285693497d34,0.5344112515449524,0.41516874730587006,0.23848500847816467,0.41516874730587006,0.4939199388027191,0.5344112515449524,0.0,35.623043060302734,42.37701225280762,1,2,0.0,0.0,0.0
hf_github_codereview,e4f13e0b91a607bf,0.5627238154411316,0.3831695690751076,0.35910849273204803,0.3831695690751076,0.5046855807304382,0.5627238154411316,0.0,28.489137649536133,33.179694175720215,1,2,0.0,0.0,0.0
hf_github_codereview,5d22d80a44067b5f,0.7669837474822998,0.7669837474822998,0.7669837474822998,0.7669837474822998,0.7669837474822998,0.7669837474822998,0.0,31.725311279296875,36.11307144165039,1,1,1.0,1.0,0.0
hf_github_codereview,a3030c0cef5c73b9,0.9999998807907104,0.6418495774269104,0.7163006067276001,0.6418495774269104,0.801155149936676,0.9999998807907104,0.0,34.83974838256836,39.26196479797363,1,2,0.5,0.5,0.5
hf_github_codereview,6d791f1ed9ec6128,0.5473896265029907,0.5473896265029907,0.5473896265029907,0.5473896265029907,0.5473896265029907,0.5473896265029907,0.0,31.855607986450195,27.645835876464844,1,1,0.0,0.0,0.0
hf_github_codereview,36362b7683a3f79e,0.9999999403953552,0.7839838862419128,0.43203210830688477,0.7839838862419128,0.8854286670684814,0.9999999403953552,0.0,27.987335205078125,26.864168167114258,1,2,0.5,0.5,0.5
hf_github_codereview,04feada636a0d430,0.9815062284469604,0.7810225188732147,0.40096741914749146,0.7810225188732147,0.884655237197876,0.9815062284469604,0.0,39.033966064453125,39.900390625,1,2,0.5,0.5,0.5
hf_github_codereview,38ac2a3f496ebb36,0.37138959765434265,0.37138959765434265,0.37138959765434265,0.37138959765434265,0.37138962745666504,0.37138959765434265,0.0,27.76726722717285,28.032398223876953,1,1,0.0,0.0,0.0
hf_github_codereview,362a03827a164b0a,0.40761178731918335,0.40761178731918335,0.40761178731918335,0.40761178731918335,0.40761181712150574,0.40761178731918335,0.0,28.143747329711914,28.032398223876953,1,1,0.0,0.0,0.0
hf_github_codereview,aee8f7be4faa8fe5,0.9523284435272217,0.6781106889247894,0.5484355092048645,0.6781106889247894,0.8391119241714478,0.9523284435272217,0.0,29.431364059448242,29.941181182861328,1,2,0.5,0.5,0.5
hf_github_codereview,2d249636012d89e6,0.5998249053955078,0.5998249053955078,0.5998249053955078,0.5998249053955078,0.5998249650001526,0.5998249053955078,0.0,35.4686279296875,33.82891845703125,1,1,0.0,0.0,0.0
hf_github_codereview,77791e4be1c0baa6,0.9404085278511047,0.9404085278511047,0.9404085278511047,0.9404085278511047,0.9404086470603943,0.9404085278511047,0.0,31.91616439819336,33.82891845703125,1,1,1.0,1.0,1.0
hf_github_codereview,8f99e3b4926834b0,1.0,0.6609933376312256,0.6780133247375488,0.6609933376312256,0.8130149841308594,1.0,0.0,32.73318099975586,32.294198989868164,1,2,0.5,0.5,0.5
hf_github_codereview,64c2b8a465c0fdcb,0.7629750967025757,0.7629750967025757,0.7629750967025757,0.7629750967025757,0.7629751563072205,0.7629750967025757,0.0,25.914934158325195,20.274560928344727,1,1,1.0,1.0,0.0
hf_github_codereview,d246f02272c4237d,0.9474942684173584,0.9474942684173584,0.9474942684173584,0.9474942684173584,0.947494387626648,0.9474942684173584,0.0,32.394649505615234,35.265560150146484,1,1,1.0,1.0,1.0
hf_github_codereview,537c08c456440cb7,0.8836662769317627,0.6234347522258759,0.5204630494117737,0.6234347522258759,0.7407448291778564,0.8836662769317627,0.0,32.62015151977539,40.10580062866211,1,2,0.5,0.5,0.5
hf_github_codereview,b9c7b90c690286a0,0.38051295280456543,0.38051295280456543,0.38051295280456543,0.38051295280456543,0.38051295280456543,0.38051295280456543,0.0,28.92212677001953,33.45447540283203,1,1,0.0,0.0,0.0
hf_github_codereview,3a8251032a8e4432,0.08494307100772858,0.08494307100772858,0.08494307100772858,0.08494307100772858,0.08494307100772858,0.08494307100772858,0.0,19.3253231048584,31.514448165893555,1,1,0.0,0.0,0.0
hf_github_codereview,3bf7fcddba1801f2,0.4899510145187378,0.4899510145187378,0.4899510145187378,0.4899510145187378,0.4899510145187378,0.4899510145187378,0.0,33.69622039794922,31.514448165893555,1,1,0.0,0.0,0.0
hf_github_codereview,57eb87357af39350,0.5309253334999084,0.5309253334999084,0.5309253334999084,0.5309253334999084,0.5309253334999084,0.5309253334999084,0.0,32.39583969116211,34.93423843383789,1,1,0.0,0.0,0.0
hf_github_codereview,b556364a328cd4ea,0.6980749368667603,0.6980749368667603,0.6980749368667603,0.6980749368667603,0.6980749368667603,0.6980749368667603,0.0,26.85954475402832,21.90108299255371,1,1,1.0,0.0,0.0
hf_github_codereview,3bdced951131411e,0.31253582239151,0.31253582239151,0.31253582239151,0.31253582239151,0.31253582239151,0.31253582239151,0.0,37.87725067138672,23.71547508239746,1,1,0.0,0.0,0.0
hf_github_codereview,a45733907a12a080,0.38124310970306396,0.38124310970306396,0.38124310970306396,0.38124310970306396,0.38124310970306396,0.38124310970306396,0.0,32.033546447753906,27.357206344604492,1,1,0.0,0.0,0.0
hf_github_codereview,4849553900bb8e3a,0.27755463123321533,0.27755463123321533,0.27755463123321533,0.27755463123321533,0.27755463123321533,0.27755463123321533,0.0,30.56900978088379,34.95413589477539,1,1,0.0,0.0,0.0
hf_github_codereview,ca449711683a9361,0.7901284694671631,0.5513516664505005,0.4775536060333252,0.5513516664505005,0.6775835156440735,0.7901284694671631,0.0,26.839946746826172,33.906495094299316,1,2,0.5,0.5,0.0
hf_github_codereview,c414c7bc3e1373f6,0.5808571577072144,0.40147243440151215,0.3587694466114044,0.40147243440151215,0.48287439346313477,0.5808571577072144,0.0,43.65438461303711,29.97000789642334,1,2,0.0,0.0,0.0
hf_github_codereview,4eb6d974e9580715,0.4632144868373871,0.4632144868373871,0.4632144868373871,0.4632144868373871,0.4632144570350647,0.4632144868373871,0.0,34.22397994995117,31.23186683654785,1,1,0.0,0.0,0.0
hf_github_codereview,a98404af5c467f47,0.8777763843536377,0.8777763843536377,0.8777763843536377,0.8777763843536377,0.8777763843536377,0.8777763843536377,0.0,40.484317779541016,39.903709411621094,1,1,1.0,1.0,1.0
hf_github_codereview,7ec06390eb4c92b0,0.6394526958465576,0.6394526958465576,0.6394526958465576,0.6394526958465576,0.6394526958465576,0.6394526958465576,0.0,21.401384353637695,27.007143020629883,1,1,1.0,0.0,0.0
hf_github_codereview,170d9d40067951be,0.5992193818092346,0.5992193818092346,0.5992193818092346,0.5992193818092346,0.5992193818092346,0.5992193818092346,0.0,25.68903160095215,25.851316452026367,1,1,0.0,0.0,0.0
hf_github_codereview,d8fdc934e73adb4c,0.4461553692817688,0.3828245997428894,0.1266615390777588,0.3828245997428894,0.46599048376083374,0.4461553692817688,0.0,34.431243896484375,31.502452850341797,1,2,0.0,0.0,0.0
hf_github_codereview,b2c2ea86e0cc3e1d,0.7410398721694946,0.7410398721694946,0.7410398721694946,0.7410398721694946,0.7410399913787842,0.7410398721694946,0.0,31.61498260498047,24.101943969726562,1,1,1.0,1.0,0.0
hf_github_codereview,81ed93736388bd57,0.5302308797836304,0.5302308797836304,0.5302308797836304,0.5302308797836304,0.5302309989929199,0.5302308797836304,0.0,33.841617584228516,24.678071975708008,1,1,0.0,0.0,0.0
hf_github_codereview,3989419cb7c99c5c,0.4908062219619751,0.4908062219619751,0.4908062219619751,0.4908062219619751,0.4908061623573303,0.4908062219619751,0.0,26.685222625732422,29.431554794311523,1,1,0.0,0.0,0.0
hf_github_codereview,02c5fb00bbb700e1,0.4933716654777527,0.4933716654777527,0.4933716654777527,0.4933716654777527,0.4933716654777527,0.4933716654777527,0.0,39.434810638427734,28.67605209350586,1,1,0.0,0.0,0.0
hf_github_codereview,9de9fa1ffd63e30a,0.3093850016593933,0.3093850016593933,0.3093850016593933,0.3093850016593933,0.3093850016593933,0.3093850016593933,0.0,33.11580276489258,34.87041091918945,1,1,0.0,0.0,0.0
hf_github_codereview,5d36624e2341bd1b,0.5764899253845215,0.5549207031726837,0.04313844442367554,0.5549207031726837,0.6291511654853821,0.5764899253845215,0.0,34.16359329223633,29.35562515258789,1,2,0.0,0.0,0.0
hf_github_codereview,2121dafbf8049f8f,0.9999999403953552,0.5954125821590424,0.8091747164726257,0.5954125821590424,0.7716297507286072,0.9999999403953552,0.0,30.668699264526367,33.19344997406006,1,2,0.5,0.5,0.5
hf_github_codereview,b8b6faf938ba034b,0.9969494342803955,0.9969494342803955,0.9969494342803955,0.9969494342803955,0.9969494342803955,0.9969494342803955,0.0,38.6734504699707,38.92009735107422,1,1,1.0,1.0,1.0
hf_github_codereview,363ebe67720f3c09,0.9103776216506958,0.5655748769640923,0.6896054893732071,0.5655748769640923,0.723712682723999,0.9103776216506958,0.0,37.87196731567383,33.96461772918701,1,2,0.5,0.5,0.5
hf_github_codereview,2283adcdb8922a92,0.7578217387199402,0.547963872551918,0.4197157323360443,0.547963872551918,0.6693131923675537,0.7578217387199402,0.0,34.49596405029297,37.90094566345215,1,2,0.5,0.5,0.0
hf_github_codereview,61a3d9ccc9639d85,0.7761499881744385,0.4512462615966797,0.6498074531555176,0.4512462615966797,0.5989058017730713,0.7761499881744385,0.0,29.440141677856445,25.25130558013916,1,2,0.5,0.5,0.0
hf_github_codereview,d157fec223f51182,0.9999998807907104,0.6288579553365707,0.7422838509082794,0.6288579553365707,0.793005645275116,0.9999998807907104,0.0,44.97470474243164,33.976216316223145,1,2,0.5,0.5,0.5
hf_github_codereview,05b225b7770193b4,1.0,0.5350179113447666,0.9299641773104668,0.5350179113447666,0.7314492464065552,1.0,0.0,41.41085433959961,34.878323554992676,1,2,0.5,0.5,0.5
hf_github_codereview,6510338cf9e4dade,0.7658122777938843,0.7658122777938843,0.7658122777938843,0.7658122777938843,0.7658123970031738,0.7658122777938843,0.0,40.166019439697266,46.237552642822266,1,1,1.0,1.0,0.0
hf_github_codereview,29f8fb2ea0d31f40,0.5395057797431946,0.5395057797431946,0.5395057797431946,0.5395057797431946,0.5395057797431946,0.5395057797431946,0.0,47.33564376831055,33.825225830078125,1,1,0.0,0.0,0.0
hf_github_codereview,d5a8f0114687188b,0.9137990474700928,0.9137990474700928,0.9137990474700928,0.9137990474700928,0.9137990474700928,0.9137990474700928,0.0,36.23298645019531,33.825225830078125,1,1,1.0,1.0,1.0
hf_github_codereview,4e39ce99b5ec5800,0.7395342588424683,0.44495660066604614,0.5891553163528442,0.44495660066604614,0.5972629189491272,0.7395342588424683,0.0,29.670228958129883,29.904163360595703,1,2,0.5,0.5,0.0
hf_github_codereview,884819a8c34ad92d,0.5429053902626038,0.3989176005125046,0.28797557950019836,0.3989176005125046,0.5009005665779114,0.5429053902626038,0.0,27.52309226989746,32.63704776763916,1,2,0.0,0.0,0.0
hf_github_codereview,111c71dc6a2356f0,0.29654672741889954,0.2925534248352051,0.007986605167388916,0.2925534248352051,0.3574918806552887,0.29654672741889954,0.0,41.09921646118164,33.22876167297363,1,2,0.0,0.0,0.0
hf_github_codereview,b95086ea4efaf63d,0.17963546514511108,0.17963546514511108,0.17963546514511108,0.17963546514511108,0.1796354502439499,0.17963546514511108,0.0,23.880836486816406,34.00959014892578,1,1,0.0,0.0,0.0
hf_github_codereview,a021b89735818f34,0.3550916910171509,0.28310589492321014,0.14397159218788147,0.28310589492321014,0.3438565135002136,0.3550916910171509,0.0,28.88003921508789,29.12897777557373,1,2,0.0,0.0,0.0
hf_github_codereview,5af707f0016e27c3,0.3219706416130066,0.2806791365146637,0.08258301019668579,0.2806791365146637,0.30028092861175537,0.3219706416130066,0.0,34.279701232910156,33.140113830566406,1,2,0.0,0.0,0.0
hf_github_codereview,ece65fb7440177d9,0.3532680869102478,0.3532680869102478,0.3532680869102478,0.3532680869102478,0.3532681465148926,0.3532680869102478,0.0,24.079896926879883,32.16271209716797,1,1,0.0,0.0,0.0
hf_github_codereview,1d07d73fa50c9abb,0.45765045285224915,0.45765045285224915,0.45765045285224915,0.45765045285224915,0.45765045285224915,0.45765045285224915,0.0,37.63149642944336,32.92937088012695,1,1,0.0,0.0,0.0
hf_github_codereview,68c942f2b9e0376f,0.261773943901062,0.22998517006635666,0.0635775476694107,0.22998517006635666,0.2849143147468567,0.261773943901062,0.0,37.26265335083008,36.196590423583984,1,2,0.0,0.0,0.0
hf_github_codereview,9025f2d3d69ce108,0.20951971411705017,0.20951971411705017,0.20951971411705017,0.20951971411705017,0.20951968431472778,0.20951971411705017,0.0,43.62456512451172,25.957990646362305,1,1,0.0,0.0,0.0
hf_github_codereview,da8e58106304402d,0.17957061529159546,0.17957061529159546,0.17957061529159546,0.17957061529159546,0.17957061529159546,0.17957061529159546,0.0,30.933977127075195,31.435504913330078,1,1,0.0,0.0,0.0
hf_github_codereview,e1d2c2dbb0a0c7de,0.40014591813087463,0.40014591813087463,0.40014591813087463,0.40014591813087463,0.400145947933197,0.40014591813087463,0.0,38.74154281616211,27.961925506591797,1,1,0.0,0.0,0.0
hf_github_codereview,c5feda869989d122,0.9887434244155884,0.9887434244155884,0.9887434244155884,0.9887434244155884,0.9887435436248779,0.9887434244155884,0.0,41.641815185546875,45.33098602294922,1,1,1.0,1.0,1.0
hf_github_codereview,6bb16d46ca9b7273,0.9830172061920166,0.9830172061920166,0.9830172061920166,0.9830172061920166,0.9830172061920166,0.9830172061920166,0.0,41.61634063720703,41.97160720825195,1,1,1.0,1.0,1.0
hf_github_codereview,e8c45a6ef6713a67,0.18770940601825714,0.18770940601825714,0.18770940601825714,0.18770940601825714,0.18770940601825714,0.18770940601825714,0.0,37.786537170410156,46.62704086303711,1,1,0.0,0.0,0.0
hf_github_codereview,b58cab06635abefa,0.06437818706035614,0.06437818706035614,0.06437818706035614,0.06437818706035614,0.06437818706035614,0.06437818706035614,0.0,20.558494567871094,35.16103744506836,1,1,0.0,0.0,0.0
hf_github_codereview,d2665824e7730ed6,0.06277843564748764,0.06277843564748764,0.06277843564748764,0.06277843564748764,0.06277843564748764,0.06277843564748764,0.0,20.64828872680664,35.16103744506836,1,1,0.0,0.0,0.0
hf_github_codereview,1daa526ac8b85f58,0.4001348614692688,0.4001348614692688,0.4001348614692688,0.4001348614692688,0.4001348614692688,0.4001348614692688,0.0,42.0425910949707,45.88752746582031,1,1,0.0,0.0,0.0
hf_github_codereview,be867a6c70218a36,0.42616453766822815,0.42616453766822815,0.42616453766822815,0.42616453766822815,0.42616453766822815,0.42616453766822815,0.0,41.97354507446289,30.52207374572754,1,1,0.0,0.0,0.0
hf_github_codereview,c43b8bfdc9351dbd,0.5814343094825745,0.5814343094825745,0.5814343094825745,0.5814343094825745,0.5814343094825745,0.5814343094825745,0.0,36.186546325683594,30.846389770507812,1,1,0.0,0.0,0.0
hf_github_codereview,ccd7ee7a7344b0bf,0.4356424808502197,0.4356424808502197,0.4356424808502197,0.4356424808502197,0.4356424808502197,0.4356424808502197,0.0,41.745418548583984,25.187461853027344,1,1,0.0,0.0,0.0
hf_github_codereview,42631f3909c2a8c8,0.31476646661758423,0.31476646661758423,0.31476646661758423,0.31476646661758423,0.31476646661758423,0.31476646661758423,0.0,22.71336555480957,32.1338996887207,1,1,0.0,0.0,0.0
hf_github_codereview,154eb7ff323a8660,0.3950055241584778,0.3950055241584778,0.3950055241584778,0.3950055241584778,0.39500555396080017,0.3950055241584778,0.0,40.06564712524414,39.429443359375,1,1,0.0,0.0,0.0
hf_github_codereview,6a3530844ca1cfb4,0.9999999403953552,0.9999999403953552,0.9999999403953552,0.9999999403953552,1.0,0.9999999403953552,0.0,38.51456069946289,38.51456069946289,1,1,1.0,1.0,1.0
hf_github_codereview,5e5c0b62823cd423,0.8217597007751465,0.6060515493154526,0.4314163029193878,0.6060515493154526,0.743198573589325,0.8217597007751465,0.0,40.864585876464844,40.039878845214844,1,2,0.5,0.5,0.5
hf_github_codereview,da03e2d9d04c26a4,0.6928564310073853,0.6928564310073853,0.6928564310073853,0.6928564310073853,0.6928565502166748,0.6928564310073853,0.0,35.091617584228516,40.50699234008789,1,1,1.0,0.0,0.0
hf_github_codereview,50204d2451a85cdc,1.0,0.5244227983057499,0.9511544033885002,0.5244227983057499,0.7241703867912292,1.0,0.0,27.839725494384766,32.38446807861328,1,2,0.5,0.5,0.5
hf_github_codereview,be34c649ebe0e74a,0.7649683952331543,0.7649683952331543,0.7649683952331543,0.7649683952331543,0.7649685144424438,0.7649683952331543,0.0,28.470766067504883,34.76361083984375,1,1,1.0,1.0,0.0
hf_github_codereview,3dcd358548d835c6,0.5017783045768738,0.5017783045768738,0.5017783045768738,0.5017783045768738,0.501778244972229,0.5017783045768738,0.0,44.15166473388672,36.357521057128906,1,1,0.0,0.0,0.0
hf_github_codereview,27081267127a0310,0.7124835252761841,0.665020227432251,0.09492659568786621,0.665020227432251,0.6913444995880127,0.7124835252761841,0.0,42.069419860839844,42.35944366455078,1,2,1.0,0.5,0.0
hf_github_codereview,b03f3ad542544476,0.7657204866409302,0.6390304565429688,0.25338006019592285,0.6390304565429688,0.7016691565513611,0.7657204866409302,0.0,43.521583557128906,41.35265922546387,1,2,0.5,0.5,0.0
hf_github_codereview,92ab0ab91e78b0c5,1.0,0.5897912681102753,0.8204174637794495,0.5897912681102753,0.7679786682128906,1.0,0.0,20.83970832824707,25.07590389251709,1,2,0.5,0.5,0.5
hf_github_codereview,43f5d49f8a78bf3f,1.0,0.70587357878685,0.5882528424263,0.70587357878685,0.8401627540588379,1.0,0.0,23.17161750793457,26.703024864196777,1,2,0.5,0.5,0.5
hf_github_codereview,39b16b0294eb5950,0.5862941741943359,0.3979029804468155,0.3767823874950409,0.3979029804468155,0.5288544297218323,0.5862941741943359,0.0,47.96259307861328,41.788089752197266,1,2,0.0,0.0,0.0
hf_github_codereview,598d35fa4728ff23,0.11703614890575409,0.11703614890575409,0.11703614890575409,0.11703614890575409,0.11703614890575409,0.11703614890575409,0.0,32.101139068603516,45.168861389160156,1,1,0.0,0.0,0.0
hf_github_codereview,ae969ae0dc15f5c0,0.9058101177215576,0.7875587940216064,0.23650264739990234,0.7875587940216064,0.8568640351295471,0.9058101177215576,0.0,46.27086639404297,45.156686782836914,1,2,1.0,0.5,0.5
hf_github_codereview,64ae6f598147f251,0.7691657543182373,0.6705300807952881,0.19727134704589844,0.6705300807952881,0.7295368909835815,0.7691657543182373,0.0,32.106781005859375,45.156686782836914,1,2,0.5,0.5,0.0
hf_github_codereview,ed45c9a70b4acb58,0.7798072099685669,0.6823775172233582,0.19485938549041748,0.6823775172233582,0.742426872253418,0.7798072099685669,0.0,32.737449645996094,45.156686782836914,1,2,0.5,0.5,0.0
hf_github_codereview,bef6d22865ebd0d7,0.6972389221191406,0.6290723085403442,0.13633322715759277,0.6290723085403442,0.6844307780265808,0.6972389221191406,0.0,31.104604721069336,45.156686782836914,1,2,0.5,0.0,0.0
hf_github_codereview,d470808fe25e4a25,0.9999999403953552,0.5686482861638069,0.8627033084630966,0.5686482861638069,0.7540878057479858,0.9999999403953552,0.0,40.64751052856445,40.79729461669922,1,2,0.5,0.5,0.5
hf_github_codereview,fc444c38b967a8dd,0.9878683686256409,0.5051815137267113,0.9653737097978592,0.5051815137267113,0.7021099328994751,0.9878683686256409,0.0,43.334571838378906,35.48066234588623,1,2,0.5,0.5,0.5
hf_github_codereview,fbe504bd15d81eb7,1.0,0.613292396068573,0.773415207862854,0.613292396068573,0.783129870891571,1.0,0.0,39.66487121582031,38.21839904785156,1,2,0.5,0.5,0.5
hf_github_codereview,6667756c1b5796e6,1.0,1.0,1.0,1.0,1.0,1.0,0.0,37.836944580078125,37.836944580078125,1,1,1.0,1.0,1.0
hf_github_codereview,b94cbcf65da340c8,1.0,1.0,1.0,1.0,1.0,1.0,0.0,39.730106353759766,39.730106353759766,1,1,1.0,1.0,1.0
hf_github_codereview,59889f994de78d02,0.2049221396446228,0.2049221396446228,0.2049221396446228,0.2049221396446228,0.2049221396446228,0.2049221396446228,0.0,38.402732849121094,25.009136199951172,1,1,0.0,0.0,0.0
hf_github_codereview,039b9c806ca6a720,0.5833209753036499,0.48195621371269226,0.20272952318191528,0.48195621371269226,0.5929172039031982,0.5833209753036499,0.0,31.458650588989258,25.250205039978027,1,2,0.0,0.0,0.0
hf_github_codereview,afb64e96e6e116cd,0.33415088057518005,0.22664663195610046,0.14889341592788696,0.22664663195610046,0.3292815685272217,0.33415088057518005,0.0,39.35368347167969,33.40587933858236,1,3,0.0,0.0,0.0
hf_github_codereview,3dd1fdb6c2f4f762,0.2882568836212158,0.24277092516422272,0.046977698802948,0.24277092516422272,0.28612589836120605,0.2882568836212158,0.0,37.019798278808594,32.20704968770345,1,3,0.0,0.0,0.0
hf_github_codereview,3a9c47755c981241,0.1506429761648178,0.06374292355030775,0.17380010522902012,0.06374292355030775,0.0719219371676445,0.1506429761648178,0.0,40.58340835571289,36.29941749572754,1,2,0.0,0.0,0.0
hf_github_codereview,a65097a5115caeba,0.456964910030365,0.456964910030365,0.456964910030365,0.456964910030365,0.4569648206233978,0.456964910030365,0.0,37.642539978027344,37.7209358215332,1,1,0.0,0.0,0.0
hf_github_codereview,3e40d8207eb1c0aa,0.542905330657959,0.542905330657959,0.542905330657959,0.542905330657959,0.542905330657959,0.542905330657959,0.0,38.5120964050293,31.60690689086914,1,1,0.0,0.0,0.0
hf_github_codereview,8b845afd6f1b2986,0.5111544132232666,0.5111544132232666,0.5111544132232666,0.5111544132232666,0.5111544132232666,0.5111544132232666,0.0,30.05632972717285,42.647789001464844,1,1,0.0,0.0,0.0
hf_github_codereview,e682a769b46acc2e,0.22630929946899414,0.12546132504940033,0.13374359905719757,0.12546132504940033,0.17407900094985962,0.22630929946899414,0.0,17.970579147338867,38.56711196899414,1,3,0.0,0.0,0.0
