dataset_source,example_id,emb_unixcoder_encoder_best_cosine,emb_unixcoder_encoder_mean_top3_cosine,emb_unixcoder_encoder_best_second_margin,emb_unixcoder_encoder_candidate_mean_cosine,emb_unixcoder_encoder_landed_centroid_cosine,emb_unixcoder_encoder_same_file_best_cosine,emb_unixcoder_encoder_cross_file_best_cosine,emb_unixcoder_encoder_suggestion_raw_norm,emb_unixcoder_encoder_candidate_raw_norm,emb_unixcoder_encoder_suggestion_chunk_count,emb_unixcoder_encoder_candidate_chunk_count,emb_unixcoder_encoder_fraction_above_60,emb_unixcoder_encoder_fraction_above_70,emb_unixcoder_encoder_fraction_above_80
internal,cd2b0042572e07b5,0.5420185327529907,0.44571776191393536,0.06479331851005554,0.3905209362506866,0.5420513153076172,0.5420185327529907,0.4772252142429352,40.775089263916016,37.852326202392575,1,5,0.0,0.0,0.0
internal,d194cf145826059c,0.18849718570709229,0.1833813190460205,0.007319822907447815,0.15306528843939304,0.22356978058815002,0.0,0.18849718570709229,40.63309860229492,32.7631402015686,1,12,0.0,0.0,0.0
internal,dc9e6a6b54b060f0,0.18849718570709229,0.1833813190460205,0.007319822907447815,0.15306528843939304,0.22356978058815002,0.0,0.18849718570709229,40.63309860229492,32.7631402015686,1,12,0.0,0.0,0.0
internal,cc66db418d255fc8,0.18469777703285217,0.1547758231560389,0.030192628502845764,0.09368835917363565,0.13940241932868958,0.0,0.18469777703285217,35.854801177978516,33.61923678716024,1,12,0.0,0.0,0.0
internal,403e90a4c2db4136,0.9841440916061401,0.4698650936285655,0.7008630931377411,0.18411306757479906,0.28334444761276245,0.9841440916061401,0.12176026403903961,35.98368835449219,32.90719938278198,1,12,0.08333333333333333,0.08333333333333333,0.08333333333333333
internal,742ac3b0bb8297a0,0.18305924534797668,0.1776872823635737,0.0025197118520736694,0.11446196120232344,0.16718512773513794,0.0,0.18305924534797668,41.40226364135742,32.7631402015686,1,12,0.0,0.0,0.0
internal,1b748b260d77cd78,0.18305924534797668,0.1776872823635737,0.0025197118520736694,0.11446196120232344,0.16718512773513794,0.0,0.18305924534797668,41.40226364135742,32.7631402015686,1,12,0.0,0.0,0.0
internal,967cd6a03e5b5d19,0.1749788373708725,0.15365502734978995,0.029630407691001892,0.09639628153915207,0.1434316337108612,0.0,0.1749788373708725,37.83618927001953,33.61923678716024,1,12,0.0,0.0,0.0
internal,8f62a0b99cc9c89c,0.2231152206659317,0.20875011384487152,0.020763248205184937,0.13581532053649426,0.1983741968870163,0.0,0.2231152206659317,41.89379119873047,32.7631402015686,1,12,0.0,0.0,0.0
internal,23d104a53d5fc5c4,0.25250715017318726,0.1905089964469274,0.053258538246154785,0.12271638959646225,0.17924165725708008,0.0,0.25250715017318726,43.46896743774414,32.7631402015686,1,12,0.0,0.0,0.0
internal,de92cd9447f2fa47,0.23393619060516357,0.18629910051822662,0.06077200174331665,0.12386137650658686,0.18429796397686005,0.0,0.23393619060516357,47.390682220458984,33.61923678716024,1,12,0.0,0.0,0.0
internal,d3ab1e351262273a,0.2793152332305908,0.22192537784576416,0.08511887490749359,0.17883982509374619,0.26610246300697327,0.0,0.2793152332305908,40.410247802734375,33.61923678716024,1,12,0.0,0.0,0.0
internal,757368422f2749b4,0.18469777703285217,0.1547758231560389,0.030192628502845764,0.09368835917363565,0.13940241932868958,0.0,0.18469777703285217,35.854801177978516,33.61923678716024,1,12,0.0,0.0,0.0
internal,b658067ad0731da8,0.18469777703285217,0.1547758231560389,0.030192628502845764,0.09368835917363565,0.13940241932868958,0.0,0.18469777703285217,35.854801177978516,33.61923678716024,1,12,0.0,0.0,0.0
internal,3061ff62b29be147,0.18469777703285217,0.1547758231560389,0.030192628502845764,0.09368835917363565,0.13940241932868958,0.0,0.18469777703285217,35.854801177978516,33.61923678716024,1,12,0.0,0.0,0.0
internal,1126cd2fb10d2a29,0.18469777703285217,0.1547758231560389,0.030192628502845764,0.09368835917363565,0.13940241932868958,0.0,0.18469777703285217,35.854801177978516,33.61923678716024,1,12,0.0,0.0,0.0
internal,6cef07e270f1244a,0.18469777703285217,0.1547758231560389,0.030192628502845764,0.09368835917363565,0.13940241932868958,0.0,0.18469777703285217,35.854801177978516,33.61923678716024,1,12,0.0,0.0,0.0
internal,2ab762dd314235a2,0.18469777703285217,0.1547758231560389,0.030192628502845764,0.09368835917363565,0.13940241932868958,0.0,0.18469777703285217,35.854801177978516,33.61923678716024,1,12,0.0,0.0,0.0
internal,cd2d016f7c7b8481,0.23027902841567993,0.20784738659858704,0.02882477641105652,0.1569525357335806,0.2292475700378418,0.0,0.23027902841567993,42.90852737426758,32.7631402015686,1,12,0.0,0.0,0.0
internal,3ee9858f05443f9f,0.19738495349884033,0.18029466768105826,0.01945190131664276,0.11337391970058282,0.16869328916072845,0.0,0.19738495349884033,40.973976135253906,33.61923678716024,1,12,0.0,0.0,0.0
internal,2b161a20579548f7,0.46267685294151306,0.40082408984502155,0.010604143142700195,0.25246212631464005,0.3591754138469696,0.0,0.46267685294151306,46.795188903808594,30.0961242251926,1,18,0.0,0.0,0.0
internal,a27e9597f4a9fe69,0.7221224308013916,0.5219415724277496,0.28678223490715027,0.3927275157637066,0.5366872549057007,0.7221224308013916,0.43534019589424133,40.46681213378906,32.84680620829264,1,9,0.1111111111111111,0.1111111111111111,0.0
internal,3955503109943ea3,0.8745752573013306,0.6390743255615234,0.3473280668258667,0.3433353127911687,0.4980505108833313,0.8745752573013306,0.5272471904754639,37.19671630859375,29.379069685935974,1,16,0.0625,0.0625,0.0625
internal,80b221891ca9140c,0.8153403997421265,0.6262380878130595,0.27582716941833496,0.4589475095272064,0.6432368755340576,0.8153403997421265,0.5395132303237915,37.872413635253906,32.30399112701416,1,10,0.1,0.1,0.1
internal,fa9f06c7275bcf3e,0.2141912579536438,0.2118324190378189,0.002882525324821472,0.16919981794697897,0.2235938012599945,0.21130873262882233,0.2141912579536438,24.68061637878418,29.182600838797434,1,14,0.0,0.0,0.0
internal,71c68b9dedea6319,0.36236000061035156,0.34163422385851544,0.01793619990348816,0.23179225570389203,0.3037070035934448,0.36236000061035156,0.3181188702583313,26.865983963012695,29.492691584995814,1,14,0.0,0.0,0.0
internal,d3cd82df9aa5e25c,0.35045260190963745,0.3117251992225647,0.02660652995109558,0.22911835461854935,0.301979124546051,0.35045260190963745,0.32384607195854187,35.428466796875,29.890912328447616,1,14,0.0,0.0,0.0
internal,e5106bffc71fe0ef,0.24219678342342377,0.20361143350601196,0.05257004499435425,0.15739436282051933,0.21122418344020844,0.24219678342342377,0.0,37.9233512878418,36.66075197855631,1,9,0.0,0.0,0.0
internal,c43a1546a8e17df4,0.9032953977584839,0.7324396173159281,0.2533761262893677,0.591531677679582,0.764157772064209,0.9032953977584839,0.570345401763916,37.64246368408203,33.1506874778054,1,11,0.45454545454545453,0.09090909090909091,0.09090909090909091
internal,11c4648428c0c386,0.600260853767395,0.5521812041600546,0.05203413963317871,0.4479696816868252,0.5667974948883057,0.600260853767395,0.5080560445785522,48.27986526489258,33.87752321031358,1,9,0.1111111111111111,0.0,0.0
internal,4b99d7c39346d96f,0.3961852192878723,0.3501860002676646,0.03522813320159912,0.27759453157583874,0.37786439061164856,0.3961852192878723,0.29341569542884827,36.29286575317383,35.737180921766495,1,9,0.0,0.0,0.0
internal,3c0ae1370098fbfe,0.16344070434570312,0.1606884847084681,0.001816079020500183,0.12519847466187042,0.16158941388130188,0.0,0.16344070434570312,31.983821868896484,31.65536256269975,1,11,0.0,0.0,0.0
internal,71c4b1f498409b89,0.21816390752792358,0.20130160947640738,0.0079021155834198,0.13872167356312276,0.1914733648300171,0.0,0.21816390752792358,33.139225006103516,36.28965435028076,1,10,0.0,0.0,0.0
internal,95ffed536433a4d6,0.9494096040725708,0.5162730365991592,0.5820817351341248,0.25747471235015174,0.35345643758773804,0.9494096040725708,0.36732786893844604,37.82220458984375,31.861952694979582,1,11,0.09090909090909091,0.09090909090909091,0.09090909090909091
internal,77efe46a00c47062,0.84196937084198,0.5196382304032644,0.4779179096221924,0.23685774405797322,0.3172667324542999,0.84196937084198,0.23623807728290558,38.405548095703125,30.076270294189452,1,15,0.06666666666666667,0.06666666666666667,0.06666666666666667
internal,42a10ece27f320b2,0.84196937084198,0.5196382304032644,0.4779179096221924,0.23685774405797322,0.3172667324542999,0.84196937084198,0.23623807728290558,38.405548095703125,30.076270294189452,1,15,0.06666666666666667,0.06666666666666667,0.06666666666666667
internal,7b33bafebbe400aa,0.8607487678527832,0.720129668712616,0.16723090410232544,0.5357018927733104,0.690650224685669,0.8607487678527832,0.6061223745346069,31.658117294311523,30.414735666910808,1,15,0.2,0.06666666666666667,0.06666666666666667
internal,34017602ebc8d985,0.46556052565574646,0.43044313788414,0.02775821089744568,0.3591482937335968,0.4908892810344696,0.46556052565574646,0.3879665732383728,35.77500915527344,32.286563555399574,1,12,0.0,0.0,0.0
internal,50925e1bb1e94cf5,0.31906700134277344,0.2956979076067607,0.03192827105522156,0.19914752879628428,0.24725763499736786,0.28088799118995667,0.31906700134277344,44.858028411865234,25.80421899866175,1,27,0.0,0.0,0.0
internal,cf60be638884c2cf,0.3320940136909485,0.2935834626356761,0.038005053997039795,0.1575264549917645,0.19558170437812805,0.254567414522171,0.3320940136909485,45.42471694946289,25.80421899866175,1,27,0.0,0.0,0.0
internal,d65726bbc88e2f0a,0.3204270899295807,0.3163456122080485,0.005350172519683838,0.19838581261811433,0.24631190299987793,0.3204270899295807,0.3008154034614563,47.48637771606445,25.80421899866175,1,27,0.0,0.0,0.0
internal,2c2e98d2d28c9994,0.361351877450943,0.3444848259290059,0.018125027418136597,0.16315113918648827,0.20256519317626953,0.361351877450943,0.25611746311187744,48.53213882446289,25.80421899866175,1,27,0.0,0.0,0.0
internal,d9d8ac55ea3efbbf,0.42903268337249756,0.357414444287618,0.0997694730758667,0.22084960479427268,0.27420246601104736,0.42903268337249756,0.32926321029663086,41.3858528137207,25.80421899866175,1,27,0.0,0.0,0.0
internal,cd99a4ccd6f41d2a,0.6415605545043945,0.6213534275690714,0.023995399475097656,0.33342836424708366,0.4450448155403137,0.6415605545043945,0.6175651550292969,35.91345977783203,28.05357664823532,1,32,0.09375,0.0,0.0
internal,99ecc72f2785261f,0.5199230313301086,0.39024535814921063,0.1849069595336914,0.22923814256985983,0.32465028762817383,0.5199230313301086,0.24625897407531738,46.55946731567383,33.65951061248779,1,12,0.0,0.0,0.0
internal,5d96cdeffe1a29d1,0.8411837816238403,0.7254853049914042,0.1727704405784607,0.5835165567696095,0.7076830863952637,0.8411837816238403,0.6684133410453796,36.95640182495117,30.299322724342346,1,16,0.375,0.0625,0.0625
internal,9ea6a9fa60f9d398,0.7505702972412109,0.6016002297401428,0.21311700344085693,0.4056783459252781,0.5465940833091736,0.7505702972412109,0.5167770981788635,38.65790939331055,34.69546763102213,1,9,0.1111111111111111,0.1111111111111111,0.0
internal,e1770a1b33da3051,0.6155600547790527,0.5377159118652344,0.09322714805603027,0.34757288831930894,0.4525555968284607,0.6155600547790527,0.47525477409362793,38.19633102416992,30.978890198927658,1,13,0.07692307692307693,0.0,0.0
internal,f0b241261497d617,0.577733039855957,0.5136164625485738,0.0671309232711792,0.34696654631541324,0.45176616311073303,0.577733039855957,0.4525142312049866,39.93449783325195,30.978890198927658,1,13,0.0,0.0,0.0
internal,022aa699240596da,0.6623185873031616,0.5911749502023061,0.048494696617126465,0.40977031861742336,0.5563708543777466,0.6623185873031616,0.4064227044582367,42.54024887084961,33.33015696207682,1,12,0.16666666666666666,0.0,0.0
internal,3372495653d6e5de,0.4777676463127136,0.4665229717890422,0.00016361474990844727,0.38438063114881516,0.5363343954086304,0.37641653418540955,0.4777676463127136,46.96422576904297,33.82094303766886,1,12,0.0,0.0,0.0
internal,0a68efb97a28641c,0.9883469343185425,0.45361773669719696,0.7606990486383438,0.17679002094599935,0.2753663659095764,0.9883469343185425,0.14485839009284973,36.864383697509766,35.43813896179199,1,9,0.1111111111111111,0.1111111111111111,0.1111111111111111
internal,031ecec4ad5d2de9,0.4069848358631134,0.37116048733393353,0.018719136714935303,0.28566260188817977,0.4412016272544861,0.31251055002212524,0.4069848358631134,40.727210998535156,35.53559818267822,1,10,0.0,0.0,0.0
internal,99e6218b82e01624,0.3775874376296997,0.3637420137723287,0.005679309368133545,0.2917016687301489,0.40177398920059204,0.3775874376296997,0.37190812826156616,39.37730026245117,32.40510177612305,1,13,0.0,0.0,0.0
internal,1fdc72a79ebc0277,0.7169249653816223,0.6954158345858256,0.0115622878074646,0.5773486930590409,0.7527998685836792,0.7053626775741577,0.7169249653816223,39.930599212646484,32.24148911696214,1,13,0.46153846153846156,0.15384615384615385,0.0
internal,1153816b5ef57bae,0.5635796785354614,0.4145272572835286,0.20241296291351318,0.25082285358355594,0.33104395866394043,0.5635796785354614,0.31883537769317627,43.220001220703125,32.54131375826322,1,13,0.0,0.0,0.0
internal,1c37b2cda0db2d87,0.693023145198822,0.5047467152277628,0.27693718671798706,0.3069353149487422,0.4037814438343048,0.693023145198822,0.33236393332481384,47.224849700927734,32.0245361328125,1,13,0.07692307692307693,0.0,0.0
internal,f184196a1a2ab26a,0.9874502420425415,0.5343947807947794,0.5813428163528442,0.206609352849997,0.2795637845993042,0.9874502420425415,0.40610742568969727,40.420345306396484,32.904108634361855,1,13,0.07692307692307693,0.07692307692307693,0.07692307692307693
internal,4c24eaad10a3d1c9,0.9907572269439697,0.4450982411702474,0.8136743605136871,0.18242244164531046,0.22957521677017212,0.9907572269439697,0.1770828664302826,44.26565933227539,31.620299706092247,1,13,0.07692307692307693,0.07692307692307693,0.07692307692307693
internal,c383da4792fe1222,0.9797767400741577,0.43208340803782147,0.8103719651699066,0.23016195464879274,0.3340259790420532,0.9797767400741577,0.0,37.92671585083008,36.9479238986969,1,8,0.125,0.125,0.125
internal,92deeeb3c6e1cbba,0.9797767400741577,0.43208340803782147,0.8103719651699066,0.23016195464879274,0.3340259790420532,0.9797767400741577,0.0,37.92671585083008,36.9479238986969,1,8,0.125,0.125,0.125
internal,5541c01c69ff7bc2,0.7735926508903503,0.5200987259546915,0.354153037071228,0.33068114112723956,0.4195438623428345,0.7735926508903503,0.36726391315460205,41.00083923339844,33.56108301336115,1,11,0.09090909090909091,0.09090909090909091,0.0
internal,5a7d126918013fd8,0.7805259227752686,0.6464749972025553,0.18697643280029297,0.46151268780231475,0.5987980961799622,0.7805259227752686,0.3572365939617157,37.721900939941406,35.50861988067627,1,10,0.1,0.1,0.0
internal,e132b69170c1e4a4,0.4790991544723511,0.4581745167573293,0.023712486028671265,0.4030825098355611,0.5267785787582397,0.4790991544723511,0.44003772735595703,39.52845001220703,33.03833134969076,1,9,0.0,0.0,0.0
internal,b432fc4127054e6e,0.5438582897186279,0.5063139895598093,0.05278250575065613,0.3783870279788971,0.5079307556152344,0.5438582897186279,0.4040904939174652,44.463470458984375,37.61880168914795,1,10,0.0,0.0,0.0
internal,5bab9b9af098498f,0.9443422555923462,0.7683833241462708,0.23211878538131714,0.5294225867837667,0.7645551562309265,0.9443422555923462,0.46014147996902466,41.09661865234375,36.17727875709534,1,8,0.375,0.25,0.125
internal,be53318866c3698b,0.45814985036849976,0.33869127184152603,0.23891715705394745,0.33869127184152603,0.360706627368927,0.45814985036849976,0.0,44.37496566772461,28.583443641662598,1,2,0.0,0.0,0.0
internal,4c429448c78f3c3e,0.6336802840232849,0.4943069964647293,0.2787465751171112,0.4943069964647293,0.5264376401901245,0.6336802840232849,0.0,46.67972183227539,28.583443641662598,1,2,0.5,0.0,0.0
internal,8bb42bb584f7d410,0.5358248353004456,0.43660955131053925,0.19843056797981262,0.43660955131053925,0.4649897515773773,0.5358248353004456,0.0,43.5920295715332,28.583443641662598,1,2,0.0,0.0,0.0
internal,fec444cd0fc72a67,0.53538978099823,0.4939200282096863,0.0829395055770874,0.4939200282096863,0.5260254740715027,0.53538978099823,0.0,40.636993408203125,28.583443641662598,1,2,0.0,0.0,0.0
internal,3216449c1f1338a1,0.7692462205886841,0.6519554456075033,0.1510481834411621,0.4522170914757636,0.6320512294769287,0.7692462205886841,0.618198037147522,30.753686904907227,27.16825374480217,1,31,0.06451612903225806,0.03225806451612903,0.0
internal,e135857d810cf7f2,0.563079833984375,0.4779466887315114,0.12605878710746765,0.23039423626276753,0.32201558351516724,0.563079833984375,0.43702104687690735,44.49473571777344,27.16825374480217,1,31,0.0,0.0,0.0
internal,44684fae7e81b740,0.27862030267715454,0.2741098701953888,0.0046558678150177,0.17008391551433072,0.2377215325832367,0.22885523736476898,0.27862030267715454,40.91743469238281,27.16825374480217,1,31,0.0,0.0,0.0
internal,5a11a7f4e746cb73,0.23167303204536438,0.222586860259374,0.013512283563613892,0.12344860142717759,0.17180614173412323,0.19846171140670776,0.23167303204536438,44.60990905761719,27.475571632385254,1,30,0.0,0.0,0.0
internal,7f2802b977497fea,0.7561023235321045,0.6894896825154623,0.075775146484375,0.5010968558490276,0.6931815147399902,0.35350191593170166,0.7561023235321045,45.176387786865234,36.19030952453613,1,8,0.375,0.125,0.0
internal,15c0b3ca729c9de3,0.7559160590171814,0.6888275742530823,0.07689779996871948,0.5047711469233036,0.6982643008232117,0.0,0.7559160590171814,46.156028747558594,36.19030952453613,1,8,0.375,0.125,0.0
internal,4ce01340b2e21f4f,0.7205896973609924,0.6484658519426981,0.10794001817703247,0.4793629881582762,0.5829176902770996,0.7205896973609924,0.61264967918396,35.57883071899414,28.863130569458008,1,19,0.15789473684210525,0.05263157894736842,0.0
internal,6fb5025fcb384169,0.526005744934082,0.5056239863236746,0.010162532329559326,0.38862113742267385,0.47937995195388794,0.526005744934082,0.5158432126045227,40.93663787841797,29.060976701624252,1,17,0.0,0.0,0.0
internal,13e87294a6fa3c1a,0.5931000709533691,0.5448325077692667,0.054453372955322266,0.44187773851787343,0.5363659262657166,0.5931000709533691,0.49349257349967957,34.65840530395508,29.47201223934398,1,17,0.0,0.0,0.0
internal,319a45eb28fa283d,0.6966775059700012,0.6123372117678324,0.08298474550247192,0.4695226053396861,0.5934152603149414,0.5266413688659668,0.6966775059700012,44.859928131103516,35.62593099806044,1,9,0.2222222222222222,0.0,0.0
internal,39a543d25fd0fa31,0.6966775059700012,0.6123372117678324,0.08298474550247192,0.4695226053396861,0.5934152603149414,0.6966775059700012,0.5266413688659668,44.859928131103516,35.62593099806044,1,9,0.2222222222222222,0.0,0.0
internal,b756ab3d5f9d7df1,0.8149377703666687,0.6995325883229574,0.12293118238449097,0.542301078637441,0.685397744178772,0.6920065879821777,0.8149377703666687,41.51454162597656,35.62593099806044,1,9,0.2222222222222222,0.1111111111111111,0.1111111111111111
internal,6f1fb15bc2434972,0.8149377703666687,0.6995325883229574,0.12293118238449097,0.5456374088923136,0.6851673126220703,0.8149377703666687,0.6920065879821777,41.51454162597656,34.88556268480089,1,9,0.2222222222222222,0.1111111111111111,0.1111111111111111
internal,4811b0ab32921c84,0.446829617023468,0.4039804736773173,0.021219253540039062,0.31567300856113434,0.3989694118499756,0.3031955361366272,0.446829617023468,38.548675537109375,35.62593099806044,1,9,0.0,0.0,0.0
internal,3b4ab7fa4c4301bd,0.5039094090461731,0.42580388983090717,0.07269507646560669,0.18000509530644526,0.25403451919555664,0.4312143325805664,0.5039094090461731,40.56874084472656,33.519473335959695,1,11,0.0,0.0,0.0
internal,64be0c800d185f15,0.6660767793655396,0.5056038598219553,0.22736570239067078,0.33964364465914276,0.45445966720581055,0.6660767793655396,0.41202372312545776,39.17786407470703,27.42225596779271,1,19,0.05263157894736842,0.0,0.0
internal,2f4b9c6ae3b14bb1,0.9474769830703735,0.8537393013636271,0.11198151111602783,0.5324589312076569,0.7721861600875854,0.9474769830703735,0.7782454490661621,24.65245246887207,33.842625856399536,1,8,0.375,0.375,0.25
internal,73b7ffc669ae225c,0.29540547728538513,0.28166674574216205,0.020608097314834595,0.22757325880229473,0.3300328254699707,0.18113428354263306,0.29540547728538513,45.98241424560547,33.842625856399536,1,8,0.0,0.0,0.0
internal,a47be0d797167d35,0.5326974391937256,0.47057683269182843,0.08407747745513916,0.3405388668179512,0.49385857582092285,0.22630584239959717,0.5326974391937256,46.46147155761719,33.842625856399536,1,8,0.0,0.0,0.0
internal,2b23b19328b827ba,0.5326974391937256,0.47057683269182843,0.08407747745513916,0.3405388668179512,0.49385857582092285,0.5326974391937256,0.4304130971431732,46.46147155761719,33.842625856399536,1,8,0.0,0.0,0.0
internal,46b8bca808f89142,0.5326974391937256,0.47057683269182843,0.08407747745513916,0.3405388668179512,0.49385857582092285,0.5326974391937256,0.4304130971431732,46.46147155761719,33.842625856399536,1,8,0.0,0.0,0.0
internal,f8d77338f7ee33d1,0.5326974391937256,0.47057683269182843,0.08407747745513916,0.3405388668179512,0.49385857582092285,0.5326974391937256,0.4304130971431732,46.46147155761719,33.842625856399536,1,8,0.0,0.0,0.0
internal,74942f92ff1d98cb,1.0,0.6775149007638296,0.4051562547683716,0.44712432846426964,0.6484317779541016,1.0,0.5948437452316284,38.482364654541016,33.842625856399536,1,8,0.125,0.125,0.125
internal,ed787a506b3ae332,0.31906813383102417,0.28943424423535663,0.040615081787109375,0.19850343838334084,0.2770218253135681,0.0,0.31906813383102417,35.701499938964844,31.322267293930054,1,16,0.0,0.0,0.0
internal,17643cc9e2185699,0.26684820652008057,0.2464962601661682,0.01581665873527527,0.19124028763987802,0.29046449065208435,0.0,0.26684820652008057,29.83918571472168,33.10351579839533,1,11,0.0,0.0,0.0
internal,b0ca8c42fae0ebde,0.7796773910522461,0.7396419445673624,0.04536747932434082,0.6234657555818558,0.7439746856689453,0.7796773910522461,0.7343099117279053,38.48960876464844,31.004593467712404,1,20,0.7,0.15,0.0
internal,f41397da1cdb94ed,0.46269720792770386,0.43504735827445984,0.01711827516555786,0.34664776735007763,0.549601674079895,0.35487717390060425,0.46269720792770386,41.00084686279297,39.756101846694946,1,8,0.0,0.0,0.0
internal,9bf84c8d63a1c75f,0.6101070642471313,0.5882256428400675,0.03151881694793701,0.44581300765275955,0.685773491859436,0.6101070642471313,0.5785882472991943,38.645347595214844,38.834187746047974,1,8,0.125,0.0,0.0
internal,0cfb1add02fdf7d9,0.6906826496124268,0.6906826496124268,0.6906826496124268,0.6906826496124268,0.6906826496124268,0.6906826496124268,0.0,45.424583435058594,45.72770690917969,1,1,1.0,0.0,0.0
internal,fb9d8bdb1265249b,0.619416356086731,0.5905404686927795,0.014856696128845215,0.3825863681056283,0.5633825063705444,0.0,0.619416356086731,38.695899963378906,34.3210282759233,1,11,0.18181818181818182,0.0,0.0
internal,ac6d67e0e9214f37,0.619416356086731,0.5905404686927795,0.014856696128845215,0.3825863681056283,0.5633825063705444,0.619416356086731,0.6045596599578857,38.695899963378906,34.3210282759233,1,11,0.18181818181818182,0.0,0.0
internal,a74cad3b8dbe74fd,0.0,0.0,0.0,0.0,0.0,0.0,0.0,38.51951217651367,0.0,1,0,0.0,0.0,0.0
internal,e0d51b775b587295,0.73436439037323,0.47539349397023517,0.37791311740875244,0.3151359487521021,0.396450012922287,0.73436439037323,0.35645127296447754,44.2264289855957,30.61014747619629,1,19,0.05263157894736842,0.05263157894736842,0.0
internal,6bb2ced74bf0a336,0.6196134090423584,0.4116702675819397,0.4158862829208374,0.4116702675819397,0.47263389825820923,0.6196134090423584,0.0,35.27411651611328,38.567222595214844,1,2,0.5,0.0,0.0
internal,bbe44b2d20e208e3,0.8773160576820374,0.653349369764328,0.4479333758354187,0.653349369764328,0.7501028776168823,0.8773160576820374,0.0,29.973121643066406,38.567222595214844,1,2,0.5,0.5,0.5
internal,1d1e76f83eaf0330,0.6155834794044495,0.4304251472155253,0.20159673690795898,0.3038987261908395,0.40835249423980713,0.6155834794044495,0.24521201848983765,49.346885681152344,32.57991245814732,1,7,0.14285714285714285,0.0,0.0
internal,0c60f33ba180b6bf,0.5139451622962952,0.40833649039268494,0.12931877374649048,0.31292608806065153,0.42048266530036926,0.5139451622962952,0.13704600930213928,43.88957214355469,32.57991245814732,1,7,0.0,0.0,0.0
internal,7172e54eddc11d06,0.5535353422164917,0.43850216269493103,0.1290619671344757,0.34107957780361176,0.45831286907196045,0.5535353422164917,0.1546749621629715,42.732643127441406,32.57991245814732,1,7,0.0,0.0,0.0
internal,c70fff44064b0bef,0.5393400192260742,0.412058691183726,0.16463059186935425,0.3292991306100573,0.4424833059310913,0.5393400192260742,0.20198673009872437,46.21961975097656,32.57991245814732,1,7,0.0,0.0,0.0
internal,696285d7e6fd31f5,0.41432204842567444,0.2971554497877757,0.10587826371192932,0.20739629119634628,0.2786809802055359,0.41432204842567444,0.3084437847137451,44.363525390625,32.57991245814732,1,7,0.0,0.0,0.0
internal,dbe9c32b1aa63877,0.6988341808319092,0.45292651653289795,0.3683376610279083,0.2730484032317212,0.3679218292236328,0.6988341808319092,0.33049651980400085,42.264427185058594,29.44999795210989,1,19,0.05263157894736842,0.0,0.0
internal,ad4a74854409d2b6,0.8334022760391235,0.6657242576281229,0.15002739429473877,0.39279496980210143,0.5103452205657959,0.6833748817443848,0.8334022760391235,37.119178771972656,28.68009328842163,1,24,0.08333333333333333,0.041666666666666664,0.041666666666666664
internal,f27efe531a3a0348,0.7085592746734619,0.6957703232765198,0.005177319049835205,0.5490292002047811,0.693783700466156,0.7033819556236267,0.7085592746734619,30.65025520324707,28.68350648880005,1,28,0.32142857142857145,0.07142857142857142,0.0
internal,14a97789fce5a468,0.37834757566452026,0.35129709045092267,0.034068912267684937,0.2605558708310127,0.3645689785480499,0.33126503229141235,0.37834757566452026,42.587406158447266,29.091183556450737,1,18,0.0,0.0,0.0
internal,0cec9e0b8cb47970,0.40366101264953613,0.3934606711069743,0.014673233032226562,0.3059428703525792,0.41034674644470215,0.0,0.40366101264953613,39.10858154296875,28.84674420564071,1,23,0.0,0.0,0.0
internal,56659ad682dd6a0b,0.6914234161376953,0.5018257300059,0.25773972272872925,0.4183442344268163,0.49518758058547974,0.43368369340896606,0.6914234161376953,32.67234420776367,28.174867630004883,1,6,0.16666666666666666,0.0,0.0
internal,b8e90c4dfa467e26,0.5085445642471313,0.41515711943308514,0.13762050867080688,0.36855511864026386,0.4362529516220093,0.37092405557632446,0.5085445642471313,39.85956954956055,28.174867630004883,1,6,0.0,0.0,0.0
internal,6371f804f07096c9,0.5309476852416992,0.41162510712941486,0.1766904890537262,0.36193104088306427,0.4284121096134186,0.354257196187973,0.5309476852416992,42.03278350830078,28.174867630004883,1,6,0.0,0.0,0.0
internal,fd3fcf62cfe33a1a,0.6956395506858826,0.5249321560064951,0.23184189200401306,0.43128425379594165,0.5105044841766357,0.4637976586818695,0.6956395506858826,47.26768493652344,28.174867630004883,1,6,0.16666666666666666,0.0,0.0
internal,84d15a995e67f3e1,0.5875674486160278,0.5358835558096567,0.0044553279876708984,0.46364205082257587,0.548805832862854,0.5875674486160278,0.43697109818458557,32.740638732910156,28.174867630004883,1,6,0.0,0.0,0.0
internal,67a8b1ef4cf70d17,0.7220836877822876,0.5433877110481262,0.2502598166465759,0.46199338138103485,0.5468543171882629,0.47182387113571167,0.7220836877822876,47.51366424560547,28.174867630004883,1,6,0.16666666666666666,0.16666666666666666,0.0
internal,e5624db28e57c482,0.7161727547645569,0.6000757614771525,0.1578691005706787,0.5248984148104986,0.6213140487670898,0.5583036541938782,0.7161727547645569,40.392005920410156,28.174867630004883,1,6,0.16666666666666666,0.16666666666666666,0.0
internal,8e2dfad983ac1ed8,0.6420682668685913,0.4440099199612935,0.2621709704399109,0.3673197279373805,0.43479064106941223,0.3798972964286804,0.6420682668685913,34.58610153198242,28.174867630004883,1,6,0.16666666666666666,0.0,0.0
internal,65bfc0de6a702899,0.8837996125221252,0.7067116101582845,0.2559582591056824,0.5059525095499479,0.6594927310943604,0.8837996125221252,0.6278413534164429,35.3079833984375,30.09926546536959,1,13,0.3076923076923077,0.07692307692307693,0.07692307692307693
internal,1d9b5ba9f97ea847,0.8741103410720825,0.7332525451978048,0.20011579990386963,0.5050837856072646,0.6583603024482727,0.8741103410720825,0.6739945411682129,36.01400375366211,30.09926546536959,1,13,0.38461538461538464,0.07692307692307693,0.07692307692307693
internal,01c8f7e9ee59a956,0.9092692136764526,0.7110842068990072,0.17932236194610596,0.3505375600205018,0.4738672375679016,0.9092692136764526,0.49403655529022217,45.8115119934082,30.80963868361253,1,13,0.15384615384615385,0.15384615384615385,0.07692307692307693
internal,01d7dc528482a6f5,0.5889103412628174,0.5164119303226471,0.106170654296875,0.42809125551810634,0.5580030679702759,0.5889103412628174,0.4029921293258667,34.86567306518555,30.09926546536959,1,13,0.0,0.0,0.0
internal,7d2135871c58118c,0.4830144941806793,0.4016806185245514,0.08826485276222229,0.1767560441333514,0.23712845146656036,0.4830144941806793,0.3272777199745178,49.98835754394531,30.835198329045223,1,13,0.0,0.0,0.0
internal,8cea9b0c33f7139a,0.8898704051971436,0.7219647765159607,0.2209656834602356,0.480580740741321,0.7285007834434509,0.8898704051971436,0.668904721736908,42.072872161865234,38.03809193202427,1,7,0.42857142857142855,0.14285714285714285,0.14285714285714285
internal,dc2e849326379a88,0.9013819694519043,0.768542210261027,0.09774649143218994,0.5145638840539115,0.7800149321556091,0.9013819694519043,0.8036354780197144,44.15851593017578,38.03809193202427,1,7,0.42857142857142855,0.2857142857142857,0.2857142857142857
internal,dc4793a3353a8ccd,0.20257271826267242,0.18411760032176971,0.0223778635263443,0.14729678790484155,0.19675523042678833,0.0,0.20257271826267242,38.1600341796875,30.872626032148087,1,14,0.0,0.0,0.0
internal,075118cbf5c2ba40,0.948667049407959,0.5771252810955048,0.5531445145606995,0.33273393884301183,0.4791596531867981,0.948667049407959,0.3871862590312958,42.99276351928711,32.5290002822876,1,10,0.1,0.1,0.1
internal,028c0f05706e6ed2,0.4907926917076111,0.438123216231664,0.049895018339157104,0.3176509020003406,0.43467652797698975,0.34198880195617676,0.4907926917076111,45.75455856323242,32.026155125011094,1,11,0.0,0.0,0.0
internal,2660586568093fc4,0.18315111100673676,0.16656275590260824,0.023821264505386353,0.12688409198414197,0.16781120002269745,0.1103324145078659,0.18315111100673676,44.005836486816406,30.872498078779742,1,11,0.0,0.0,0.0
internal,d51cc7f3e71a9453,0.24427591264247894,0.21239337821801504,0.04705210030078888,0.10586127977479588,0.1423637419939041,0.03714174032211304,0.24427591264247894,42.25723648071289,31.46230194785378,1,11,0.0,0.0,0.0
internal,3effedf9a0a09928,0.5762882828712463,0.4881055951118469,0.03579896688461304,0.3382990333166989,0.4629315733909607,0.34753918647766113,0.5762882828712463,35.578739166259766,32.026155125011094,1,11,0.0,0.0,0.0
internal,e15fbb1419b3a0da,0.41830527782440186,0.37264331181844074,0.02847743034362793,0.28733986074274237,0.39319857954978943,0.41830527782440186,0.29123732447624207,45.26182556152344,32.026155125011094,1,11,0.0,0.0,0.0
internal,043f78241bead226,0.47076669335365295,0.39448031783103943,0.11319121718406677,0.2845507833090695,0.37972140312194824,0.47076669335365295,0.24929660558700562,40.218994140625,31.70691524852406,1,11,0.0,0.0,0.0
internal,c517adf359948c90,0.7622025012969971,0.45155805349349976,0.4343266189098358,0.22621839092327997,0.28645098209381104,0.7622025012969971,0.26459577679634094,34.216609954833984,26.963661707364597,1,26,0.038461538461538464,0.038461538461538464,0.0
internal,69271ffa5dbd80eb,0.42294204235076904,0.38498451312383014,0.01905035972595215,0.18412940170882003,0.27378296852111816,0.42294204235076904,0.4038916826248169,44.632991790771484,28.618159430367605,1,28,0.0,0.0,0.0
internal,db060d8ab85e3881,0.24776092171669006,0.21404884258906046,0.024219900369644165,0.06952264594535033,0.09837807714939117,0.24776092171669006,0.2235410213470459,42.74180221557617,29.388890796237522,1,18,0.0,0.0,0.0
internal,fa29c9692318ae00,0.29060226678848267,0.2500094523032506,0.05420403182506561,0.09833645847226892,0.1462169885635376,0.2062998265028,0.29060226678848267,43.78909683227539,28.618159430367605,1,28,0.0,0.0,0.0
internal,3d382fbc54e195b9,0.24776092171669006,0.21404884258906046,0.024219900369644165,0.06952264594535033,0.09837807714939117,0.24776092171669006,0.2235410213470459,42.74180221557617,29.388890796237522,1,18,0.0,0.0,0.0
internal,3aa14b3a7de60845,0.9158172011375427,0.825907309850057,0.13416671752929688,0.5310962936457466,0.7247225046157837,0.9158172011375427,0.7802542448043823,41.06003952026367,30.581099341897403,1,17,0.35294117647058826,0.17647058823529413,0.058823529411764705
internal,84435b09592f3463,0.8039101362228394,0.7062032620112101,0.14308273792266846,0.5227465212345124,0.6790645122528076,0.8039101362228394,0.6608273983001709,33.12227249145508,29.238870906829835,1,20,0.35,0.05,0.05
internal,d2c575e9e651437a,0.790087103843689,0.7626415491104126,0.027605056762695312,0.5609633535146713,0.72870934009552,0.790087103843689,0.7353554964065552,30.17837142944336,29.238870906829835,1,20,0.4,0.15,0.0
internal,55b3d623a760425d,0.5632471442222595,0.4726273715496063,0.09226423501968384,0.2420397573709488,0.3134385347366333,0.5632471442222595,0.32735925912857056,39.491432189941406,27.69119987487793,1,25,0.0,0.0,0.0
internal,1714c083587607d2,0.8332452774047852,0.6004438598950704,0.3391764163970947,0.3829992789971201,0.4909905195236206,0.8332452774047852,0.49406886100769043,44.997955322265625,29.22076335706209,1,19,0.05263157894736842,0.05263157894736842,0.05263157894736842
internal,40d010551bc05a07,0.8115624189376831,0.45304922262827557,0.5359179675579071,0.11612227209843695,0.17187842726707458,0.8115624189376831,0.275644451379776,45.80601119995117,29.01530361175537,1,24,0.041666666666666664,0.041666666666666664,0.041666666666666664
internal,c06cec604342c3b4,0.6294118762016296,0.4803406397501628,0.22051149606704712,0.3703126218812219,0.4012923836708069,0.6294118762016296,0.4089003801345825,49.43496322631836,34.00000539319269,1,29,0.034482758620689655,0.0,0.0
internal,c22470ee11abc815,0.5879414081573486,0.4665171504020691,0.1790410280227661,0.36888260574176396,0.399711012840271,0.5879414081573486,0.4089003801345825,49.43496322631836,33.93084868069353,1,29,0.0,0.0,0.0
internal,6a68025dd21afb99,0.5789711475372314,0.5431115825970968,0.05126535892486572,0.36110021322965624,0.42830121517181396,0.5789711475372314,0.5277057886123657,45.669002532958984,30.391664218902587,1,20,0.0,0.0,0.0
internal,2b5dda6cc8f7f928,0.5789711475372314,0.5431115825970968,0.05126535892486572,0.36110021322965624,0.42830121517181396,0.5277057886123657,0.5789711475372314,45.669002532958984,30.391664218902587,1,20,0.0,0.0,0.0
internal,e16e594dbda50c6e,0.5789711475372314,0.5431115825970968,0.05126535892486572,0.36110021322965624,0.42830121517181396,0.5226578116416931,0.5789711475372314,45.669002532958984,30.391664218902587,1,20,0.0,0.0,0.0
internal,fecbb15737b78ea5,0.7137573957443237,0.6367449760437012,0.07808864116668701,0.5891747400164604,0.641051173210144,0.7137573957443237,0.0,34.79103088378906,24.440757751464844,1,4,0.5,0.25,0.0
internal,f1b394c72eaf026b,0.3266439437866211,0.2911045253276825,0.016955316066741943,0.26526952534914017,0.2886263132095337,0.3266439437866211,0.0,45.269893646240234,24.440757751464844,1,4,0.0,0.0,0.0
internal,5cbf1c668d8efaab,0.5211746096611023,0.4648598829905192,0.0827862024307251,0.4408120959997177,0.47962528467178345,0.5211746096611023,0.0,40.79484176635742,24.440757751464844,1,4,0.0,0.0,0.0
internal,5d250f8757a707a2,0.6298329830169678,0.5402785738309225,0.12033796310424805,0.5062654316425323,0.550841748714447,0.6298329830169678,0.0,36.37199401855469,24.440757751464844,1,4,0.25,0.0,0.0
internal,30e228c77882a254,0.4427167773246765,0.3992446760336558,0.009338200092315674,0.37638186663389206,0.40952199697494507,0.4427167773246765,0.0,42.940269470214844,24.440757751464844,1,4,0.0,0.0,0.0
internal,6d335ddaa5c1edfc,0.27327486872673035,0.24914215505123138,0.02620123326778412,0.2366066910326481,0.2574397325515747,0.27327486872673035,0.0,44.62952423095703,24.440757751464844,1,4,0.0,0.0,0.0
internal,2f3a32c796b2a4f5,0.4811425805091858,0.44092652201652527,0.04778978228569031,0.33573800189928577,0.4231281876564026,0.4811425805091858,0.40828418731689453,43.03186798095703,29.909287539395418,1,22,0.0,0.0,0.0
internal,3758c8966ed3d924,0.37445172667503357,0.2521519362926483,0.1599794179201126,0.11154297476305682,0.1495743989944458,0.37445172667503357,0.21447230875492096,31.983821868896484,28.954697104061353,1,17,0.0,0.0,0.0
internal,40bb560ab40aa615,0.6281099915504456,0.3868189851442973,0.3587803244590759,0.1868423854834155,0.2558881640434265,0.6281099915504456,0.26932966709136963,35.701499938964844,30.705964038246556,1,19,0.05263157894736842,0.0,0.0
internal,adec60c8ff03ca67,0.4566115736961365,0.3605488936106364,0.11517280340194702,0.233706783503294,0.2879209816455841,0.4566115736961365,0.34143877029418945,40.979312896728516,29.303848934173583,1,20,0.0,0.0,0.0
internal,0dd294cf3281077e,0.2864208221435547,0.21667945881684622,0.09829476475715637,0.1465427721850574,0.20461995899677277,0.18812605738639832,0.2864208221435547,45.47446823120117,30.19935369491577,1,16,0.0,0.0,0.0
internal,587dbceb539d8e0c,0.3943326473236084,0.38895803689956665,0.003939330577850342,0.33243831992149353,0.44092512130737305,0.3943326473236084,0.39039331674575806,36.25310134887695,30.733127447275017,1,13,0.0,0.0,0.0
internal,83ca6900e513b5eb,0.43379533290863037,0.4167576730251312,0.0025466084480285645,0.33218566614847916,0.443571001291275,0.4312487244606018,0.43379533290863037,36.94147491455078,30.732485697819637,1,13,0.0,0.0,0.0
internal,37f93a76375dbcfa,0.2057211995124817,0.17526437838872275,0.04535210132598877,0.10923709667154721,0.1554882675409317,0.16036909818649292,0.2057211995124817,37.73368453979492,28.19429315839495,1,28,0.0,0.0,0.0
internal,beed0d7e5463e30a,0.5102322101593018,0.46903761227925617,0.049343645572662354,0.2892731124801295,0.40238213539123535,0.5102322101593018,0.4359920620918274,34.55755615234375,27.96548911503383,1,28,0.0,0.0,0.0
internal,967398ee80658add,0.30445608496665955,0.24758613606293997,0.05304965376853943,0.10322708179592155,0.14399337768554688,0.0,0.30445608496665955,44.55385971069336,27.272175431251526,1,32,0.0,0.0,0.0
internal,5047f4a93a3c25fe,0.48065871000289917,0.4098728398482005,0.08114081621170044,0.2138028085231781,0.2937210202217102,0.48065871000289917,0.3166619539260864,40.2978630065918,27.510343996683755,1,30,0.0,0.0,0.0
internal,7acd27bae7190c07,0.7956303358078003,0.5399350027243296,0.305315226316452,0.28086463262637457,0.3896953761577606,0.7956303358078003,0.33385956287384033,36.75314712524414,28.2571351369222,1,30,0.03333333333333333,0.03333333333333333,0.0
internal,f7dcbe3fa6a98b0b,0.7912896871566772,0.4897692600886027,0.419289231300354,0.22639381618549426,0.3141179084777832,0.7912896871566772,0.3060176372528076,41.15180969238281,28.2571351369222,1,30,0.03333333333333333,0.03333333333333333,0.0
internal,a502c9b7291d53c7,0.2739890515804291,0.27368303140004474,0.00039258599281311035,0.1660375829669647,0.22619947791099548,0.0,0.2739890515804291,45.425270080566406,26.606156051158905,1,32,0.0,0.0,0.0
internal,7809faae9b2a82ad,0.41983655095100403,0.29093200465043384,0.18220651149749756,0.11098286733721141,0.15446802973747253,0.0,0.41983655095100403,44.975746154785156,27.44145640620479,1,27,0.0,0.0,0.0
internal,0241e68088ffcaf8,0.8256949186325073,0.747218648592631,0.1147509217262268,0.4543160945177078,0.6827089190483093,0.8256949186325073,0.5545426607131958,33.62065887451172,31.980847040812176,1,12,0.25,0.25,0.08333333333333333
internal,b49492f805f5b937,0.4786599278450012,0.39930060505867004,0.09358641505241394,0.2444253663221995,0.3739820122718811,0.4786599278450012,0.2589035928249359,47.33135986328125,32.564385732014976,1,12,0.0,0.0,0.0
internal,7b3a01274417d1cc,0.7224363088607788,0.5552700857321421,0.166789710521698,0.306211198369662,0.4563584625720978,0.7224363088607788,0.5556465983390808,33.26411437988281,32.092590967814125,1,12,0.08333333333333333,0.08333333333333333,0.0
internal,4acc5cb179410225,0.40011823177337646,0.3244053324063619,0.10806912183761597,0.22644298523664474,0.3442555069923401,0.0,0.40011823177337646,40.60112380981445,32.32206630706787,1,12,0.0,0.0,0.0
internal,b027aea1beded653,0.24547073245048523,0.21379321813583374,0.04341879487037659,0.1579617077582761,0.20139116048812866,0.1908309906721115,0.24547073245048523,31.6682186126709,25.679919293052272,1,19,0.0,0.0,0.0
internal,5465cf4232987b41,0.5045048594474792,0.4376469949881236,0.05965927243232727,0.2346497241407633,0.3080865740776062,0.0,0.5045048594474792,34.50934982299805,29.20353994369507,1,20,0.0,0.0,0.0
internal,935b96ff75ebcc5c,0.36077213287353516,0.32435593008995056,0.04067730903625488,0.209253612317537,0.2720985412597656,0.36077213287353516,0.3200948238372803,37.42117691040039,26.479874962254573,1,19,0.0,0.0,0.0
internal,5c7bcf50690be1de,0.7140467166900635,0.4942328929901123,0.31905269622802734,0.38467074433962506,0.5538149476051331,0.7140467166900635,0.3736579418182373,38.48823165893555,40.1625124613444,1,6,0.16666666666666666,0.16666666666666666,0.0
internal,7b6f39fdbd3f6add,0.5295873284339905,0.5295873284339905,0.5295873284339905,0.5295873284339905,0.5295873880386353,0.5295873284339905,0.0,47.05052185058594,36.89238739013672,1,1,0.0,0.0,0.0
internal,a7e2e55e827548e8,0.922673225402832,0.46164918939272565,0.6880698502063751,0.23033858835697174,0.3350931406021118,0.922673225402832,0.0,36.4092903137207,36.6785472869873,1,10,0.1,0.1,0.1
internal,565a4f1d93ac8656,0.5512592196464539,0.4402893582979838,0.13684457540512085,0.3247929275035858,0.43706852197647095,0.5512592196464539,0.0,47.11076736450195,36.44752578735351,1,10,0.0,0.0,0.0
internal,d1ae2ff7d6a770ce,0.3649338483810425,0.3461401363213857,0.0008620023727416992,0.2476918109589153,0.33157408237457275,0.3649338483810425,0.0,39.29684066772461,36.02749464246962,1,9,0.0,0.0,0.0
internal,208bb11d40a15a9a,0.2998148798942566,0.29564087589581806,0.00038629770278930664,0.23900401443243027,0.3405584990978241,0.2998148798942566,0.0,45.743408203125,38.10884132385254,1,10,0.0,0.0,0.0
internal,3d790c9ce9f5b0cb,0.7299962043762207,0.49798481663068134,0.34752246737480164,0.3190742742556792,0.42984360456466675,0.7299962043762207,0.3814845085144043,42.45003890991211,29.049420283390926,1,13,0.07692307692307693,0.07692307692307693,0.0
internal,fc84bd3b0d7427a5,0.41562962532043457,0.3767402370770772,0.04030877351760864,0.2709409072995186,0.35640835762023926,0.41562962532043457,0.3753208518028259,42.63563919067383,29.291470808141373,1,17,0.0,0.0,0.0
internal,f97b1ebc7edea2de,1.0,0.5112124482790629,0.7268832921981812,0.26405262351036074,0.4116571247577667,1.0,0.27311670780181885,31.983821868896484,30.79272804260254,1,10,0.1,0.1,0.1
internal,a73f348566a7301b,0.6841971278190613,0.6462903618812561,0.004493653774261475,0.47074287906289103,0.6240030527114868,0.0,0.6841971278190613,34.711334228515625,28.255668544769286,1,20,0.1,0.0,0.0
internal,11fb43381f24dbf8,0.30176544189453125,0.2468769152959188,0.08041074872016907,0.1339495378461751,0.18673737347126007,0.19555407762527466,0.30176544189453125,46.23685836791992,28.028304880315606,1,22,0.0,0.0,0.0
internal,15c1b0b59796da0e,0.3339962363243103,0.3184303939342499,0.009773463010787964,0.17240659401498057,0.23762744665145874,0.25722527503967285,0.3339962363243103,39.1058349609375,28.834512277082965,1,22,0.0,0.0,0.0
internal,3030a31d1c73c404,0.32889533042907715,0.26820672551790875,0.08109918236732483,0.12171599017861097,0.17118403315544128,0.32889533042907715,0.24779614806175232,41.02472686767578,27.797334090523098,1,23,0.0,0.0,0.0
internal,299ea557f28dac75,0.24173550307750702,0.23314566413561502,0.0016519427299499512,0.08251015504356474,0.11892661452293396,0.24173550307750702,0.24008356034755707,45.49827575683594,28.59769105911255,1,24,0.0,0.0,0.0
internal,fe386ba1f05612e6,0.23821891844272614,0.2324028660853704,0.00805218517780304,0.07146837492473423,0.10301144421100616,0.2301667332649231,0.23821891844272614,45.25053405761719,28.59769105911255,1,24,0.0,0.0,0.0
internal,0d66f530d93a05a5,0.2110970914363861,0.20196094115575156,0.0017144083976745605,0.12399513663893397,0.1709021031856537,0.11802907288074493,0.2110970914363861,41.930938720703125,28.834512277082965,1,22,0.0,0.0,0.0
internal,84af76253b87c5fb,0.30783596634864807,0.29232315222422284,0.010313659906387329,0.21126910477876662,0.2815318703651428,0.24506515264511108,0.30783596634864807,36.55869674682617,27.25357093811035,1,25,0.0,0.0,0.0
internal,93a3be7230776f49,0.6831470727920532,0.6240262985229492,0.08562648296356201,0.31478543430566785,0.45573997497558594,0.6831470727920532,0.2810607850551605,37.68091583251953,29.67745730082194,1,15,0.06666666666666667,0.0,0.0
internal,adb92b3306c33a5e,0.2762230634689331,0.24472889304161072,0.037540435791015625,0.1708326798218947,0.2306942492723465,0.23868262767791748,0.2762230634689331,36.063663482666016,27.74720265315129,1,13,0.0,0.0,0.0
internal,061379cb4f387d33,0.24099069833755493,0.20490588744481406,0.036008208990097046,0.11463982066405672,0.15455345809459686,0.0,0.24099069833755493,49.17816162109375,29.284710952213832,1,28,0.0,0.0,0.0
internal,35c1cb69b0ac88d4,0.69919753074646,0.6551283796628317,0.028178751468658447,0.4474317477299617,0.5638219714164734,0.69919753074646,0.6710187792778015,34.41397476196289,28.046933907728928,1,26,0.07692307692307693,0.0,0.0
internal,e69ac2ae1cdb0772,0.6062701940536499,0.5569778283437093,0.07383066415786743,0.39305400289595127,0.49452370405197144,0.6062701940536499,0.5324395298957825,32.70320129394531,28.536940336227417,1,32,0.03125,0.0,0.0
internal,9e2e5cbadb741394,0.4443681240081787,0.414616862932841,0.012821853160858154,0.2820119824674394,0.3751324713230133,0.0,0.4443681240081787,45.90180969238281,27.841252432929146,1,18,0.0,0.0,0.0
internal,cc46dd7ba5dda297,0.43502867221832275,0.42357208331425983,0.0014388561248779297,0.2604418827427758,0.3464399576187134,0.0,0.43502867221832275,37.201297760009766,27.841252432929146,1,18,0.0,0.0,0.0
internal,aba434dc48e60fd7,0.6170122623443604,0.4682731628417969,0.22097331285476685,0.27204445161317525,0.3744010627269745,0.6170122623443604,0.39176827669143677,40.06871032714844,28.26442397268195,1,19,0.05263157894736842,0.0,0.0
internal,a35c44279c5e4e87,0.6939842104911804,0.6458708246548971,0.042062342166900635,0.3733299821615219,0.5154966115951538,0.0,0.6939842104911804,38.674007415771484,28.84324073791504,1,19,0.10526315789473684,0.0,0.0
internal,79796e12c350d103,0.4220737814903259,0.36921581625938416,0.04224023222923279,0.22834638643421626,0.3398093581199646,0.4220737814903259,0.3057401180267334,37.7729606628418,28.89917704933568,1,19,0.0,0.0,0.0
internal,8b93be38df67daf2,0.45016586780548096,0.41448233524958294,0.050672054290771484,0.2773953955620527,0.3346930146217346,0.45016586780548096,0.33264440298080444,47.74043273925781,26.70816433429718,1,16,0.0,0.0,0.0
internal,549b2e28bcc48aef,0.44909900426864624,0.4333876272042592,0.02121502161026001,0.23630527406930923,0.28511548042297363,0.44909900426864624,0.32637783885002136,47.35466384887695,26.70816433429718,1,16,0.0,0.0,0.0
internal,31d372ebc5f8ee66,0.6584877371788025,0.5336315333843231,0.18041101098060608,0.3635506648570299,0.4386441707611084,0.6584877371788025,0.4780767261981964,42.99116516113281,26.70816433429718,1,16,0.0625,0.0,0.0
internal,cbed4324a4dbb805,0.3921063244342804,0.313829372326533,0.06656324863433838,0.18741945177316666,0.26079803705215454,0.0,0.3921063244342804,32.51493453979492,28.43803825378418,1,20,0.0,0.0,0.0
internal,e8c2148265c37a1a,0.4670156240463257,0.4194868008295695,0.06574681401252747,0.2650868168898991,0.3639889359474182,0.0,0.4670156240463257,40.69044876098633,28.01012929280599,1,21,0.0,0.0,0.0
internal,9acd83a3179af89c,0.7240177392959595,0.6949404875437418,0.04250013828277588,0.45314791089012507,0.6222142577171326,0.0,0.7240177392959595,35.36945724487305,28.01012929280599,1,21,0.19047619047619047,0.047619047619047616,0.0
internal,ae69170058770e3e,0.37767142057418823,0.3506292700767517,0.007109850645065308,0.2248420760035515,0.31287238001823425,0.0,0.37767142057418823,50.27756881713867,28.43803825378418,1,20,0.0,0.0,0.0
internal,343d1f0a1d4ba6e0,0.30396491289138794,0.2528432458639145,0.07076050341129303,0.16566867856308817,0.23053139448165894,0.0,0.30396491289138794,38.83924102783203,28.43803825378418,1,20,0.0,0.0,0.0
internal,cc01474cfd506fc3,0.7319395542144775,0.6735930641492208,0.056207895278930664,0.42318711962018696,0.5810753107070923,0.0,0.7319395542144775,35.949989318847656,28.01012929280599,1,21,0.14285714285714285,0.047619047619047616,0.0
internal,a7c98d5952d77457,0.7969836592674255,0.7851963837941488,0.017393171787261963,0.6220828002691269,0.8053894639015198,0.7969836592674255,0.7790150046348572,28.01323127746582,28.746109924316407,1,25,0.64,0.32,0.0
internal,ce43057fa5a331cf,0.8922860026359558,0.8207346399625143,0.08216160535812378,0.6424527728557586,0.8317618370056152,0.8922860026359558,0.7529892921447754,29.279935836791992,28.746109924316407,1,25,0.72,0.32,0.08
internal,6919f9e070f24901,0.4175306260585785,0.35442120830218,0.09366700053215027,0.28167051196098325,0.36466923356056213,0.4175306260585785,0.3238636255264282,40.81394577026367,28.746109924316407,1,25,0.0,0.0,0.0
internal,8adfeceaeb2c0745,0.8924664258956909,0.8213668664296468,0.06989562511444092,0.41825371649530196,0.5768933296203613,0.0,0.8924664258956909,31.08692741394043,28.241606182522244,1,27,0.1111111111111111,0.1111111111111111,0.07407407407407407
internal,f28e825a055f9764,0.7149335145950317,0.6845369338989258,0.04444122314453125,0.4610476714593393,0.6359186768531799,0.0,0.7149335145950317,33.8161735534668,28.241606182522244,1,27,0.14814814814814814,0.037037037037037035,0.0
internal,a5eb85431f39cf72,0.47713369131088257,0.4670915404955546,0.006944000720977783,0.3241151160207288,0.4526423215866089,0.0,0.47713369131088257,30.85170555114746,27.570510732716528,1,29,0.0,0.0,0.0
internal,18d40843657bacde,0.5790592432022095,0.5339419643084208,0.05007755756378174,0.3310033085531202,0.46226203441619873,0.0,0.5790592432022095,31.690587997436523,27.570510732716528,1,29,0.0,0.0,0.0
internal,60f1080eb9cd452f,0.21312662959098816,0.20481976866722107,0.006688326597213745,0.10940443204405408,0.14568409323692322,0.0,0.21312662959098816,42.91364288330078,27.614781538645428,1,24,0.0,0.0,0.0
internal,2c1256077df74d34,0.398767352104187,0.3605803648630778,0.03994935750961304,0.23961978957608895,0.3305053114891052,0.0,0.398767352104187,38.27016067504883,28.241606182522244,1,27,0.0,0.0,0.0
internal,dc3ebf51fa21a70a,0.43572038412094116,0.3258739858865738,0.21969279646873474,0.3258739858865738,0.3699779808521271,0.43572038412094116,0.0,43.45433807373047,29.476941108703613,1,2,0.0,0.0,0.0
internal,1fa6db9950932879,0.384590744972229,0.343831866979599,0.08151775598526001,0.343831866979599,0.3903662860393524,0.384590744972229,0.0,40.72420120239258,29.476941108703613,1,2,0.0,0.0,0.0
internal,8fd18627fdc24413,0.5412052869796753,0.4370043873786926,0.20840179920196533,0.4370043873786926,0.49614882469177246,0.5412052869796753,0.0,40.81370544433594,29.476941108703613,1,2,0.0,0.0,0.0
internal,7fb902d95f6bc56c,0.5866259336471558,0.45260581374168396,0.2680402398109436,0.45260581374168396,0.5138617753982544,0.5866259336471558,0.0,46.2239990234375,29.476941108703613,1,2,0.0,0.0,0.0
internal,c028d395204a2520,0.38388440012931824,0.34769826134045917,0.04409363865852356,0.20736781809301602,0.27439936995506287,0.38388440012931824,0.3397907614707947,43.65621566772461,28.560136795043945,1,21,0.0,0.0,0.0
internal,36224bcb27488d4a,0.579359769821167,0.5505620439847311,0.03494834899902344,0.3647084127934206,0.4716250002384186,0.44090619683265686,0.579359769821167,35.82662582397461,28.476660592215403,1,21,0.0,0.0,0.0
internal,40dfd85b1bcd04ab,0.6598583459854126,0.6064937114715576,0.02406632900238037,0.3672903442666644,0.48601678013801575,0.433401882648468,0.6598583459854126,35.35633087158203,28.560136795043945,1,21,0.09523809523809523,0.0,0.0
internal,79c73ebf0f804f32,0.7141094207763672,0.6718611319859823,0.04800766706466675,0.4967113332379432,0.6423253417015076,0.5887492895126343,0.7141094207763672,35.017608642578125,28.476660592215403,1,21,0.23809523809523808,0.047619047619047616,0.0
internal,f88a2ee1e9819f85,0.39320769906044006,0.3751198848088582,0.02677518129348755,0.31988324522972106,0.422701358795166,0.39320769906044006,0.36571943759918213,40.430091857910156,27.438015747070313,1,15,0.0,0.0,0.0
internal,e7ebca553e1541d9,0.3304659128189087,0.32008372743924457,0.01317673921585083,0.26279383500417075,0.34726202487945557,0.3304659128189087,0.31728917360305786,39.90819549560547,27.438015747070313,1,15,0.0,0.0,0.0
internal,f03817bfe9dd8f56,0.2505209445953369,0.23669002950191498,0.016783908009529114,0.14454227616079152,0.21340219676494598,0.0,0.2505209445953369,37.34201431274414,28.483431458473206,1,16,0.0,0.0,0.0
internal,d2b7fd6a8f81bc0a,0.1574377417564392,0.15303327639897665,0.006222829222679138,0.1208347143495784,0.17496782541275024,0.0,0.1574377417564392,44.721622467041016,27.926030102898093,1,17,0.0,0.0,0.0
internal,3571bb010a6f07fc,0.6805717945098877,0.59393310546875,0.12294876575469971,0.39617641270160675,0.5627936720848083,0.0,0.6805717945098877,32.389068603515625,28.17375964210147,1,21,0.047619047619047616,0.0,0.0
internal,5d5eb278731cbebc,0.5171495676040649,0.4389886260032654,0.08022499084472656,0.2525426377024915,0.3495299220085144,0.4369245767593384,0.5171495676040649,45.35026550292969,30.803300857543945,1,18,0.0,0.0,0.0
internal,ad82d6abe12cf8b7,0.405812531709671,0.38165490825970966,0.019821137189865112,0.16073782846331597,0.22948068380355835,0.0,0.405812531709671,41.7137451171875,27.7991024017334,1,25,0.0,0.0,0.0
internal,20e99165f802a3a6,0.8362846970558167,0.609382152557373,0.31882673501968384,0.2983532555046536,0.40966469049453735,0.8362846970558167,0.4744037985801697,45.45270538330078,30.44905662536621,1,21,0.047619047619047616,0.047619047619047616,0.047619047619047616
internal,f43e7c99273ea092,0.49432438611984253,0.41952117284138996,0.06662800908088684,0.2533764239739288,0.3449883759021759,0.0,0.49432438611984253,41.46113586425781,29.406918699091133,1,22,0.0,0.0,0.0
internal,18839d9dd01a74a7,0.3132280111312866,0.2987179656823476,0.01143607497215271,0.24907850541851737,0.3336559534072876,0.25537458062171936,0.3132280111312866,44.446502685546875,29.75111371820623,1,11,0.0,0.0,0.0
internal,3912d9656b57350d,0.7169409990310669,0.6380648215611776,0.0682835578918457,0.491225133339564,0.65537428855896,0.7169409990310669,0.6486574411392212,34.65727615356445,27.787936051686604,1,12,0.16666666666666666,0.08333333333333333,0.0
internal,894b52ea84474d5f,0.721049427986145,0.6272916992505392,0.1213526725769043,0.523195338745912,0.6980277299880981,0.721049427986145,0.5996967554092407,38.437984466552734,27.787936051686604,1,12,0.08333333333333333,0.08333333333333333,0.0
internal,87e6828b031ebe6c,0.0,0.0,0.0,0.0,0.0,0.0,0.0,37.97611999511719,0.0,1,0,0.0,0.0,0.0
internal,59ece7aefacfc969,0.7622447609901428,0.7169557809829712,0.02019578218460083,0.4776318187897022,0.6380422115325928,0.742048978805542,0.7622447609901428,37.66965103149414,26.91545119652381,2,13,0.3076923076923077,0.15384615384615385,0.0
internal,6bcca438e86457e3,0.5476096868515015,0.47532544533411664,0.014153122901916504,0.3441183567047119,0.4574674665927887,0.3334575295448303,0.5476096868515015,48.43867111206055,27.757417332042348,1,11,0.0,0.0,0.0
internal,50178ce5e014009e,0.5925590991973877,0.4560403823852539,0.1903122067451477,0.3517891669815237,0.467664897441864,0.3396071195602417,0.5925590991973877,45.80642318725586,27.757417332042348,1,11,0.0,0.0,0.0
internal,8557ba5041f74deb,0.31831780076026917,0.29036761323610943,0.03142961859703064,0.2303756123239344,0.3062589764595032,0.2331865429878235,0.31831780076026917,44.614013671875,27.757417332042348,1,11,0.0,0.0,0.0
internal,df197089cf18a66c,0.3541331887245178,0.27060599625110626,0.11521996557712555,0.21359229494224896,0.27755624055862427,0.3541331887245178,0.21738925576210022,46.41449737548828,31.11419088190252,1,11,0.0,0.0,0.0
internal,c632c05c90fc8984,0.49068304896354675,0.4568508764108022,0.0410904586315155,0.3276331655003808,0.43065592646598816,0.49068304896354675,0.4302769899368286,46.97711181640625,31.862853136929598,1,11,0.0,0.0,0.0
internal,27848ff21ef27eaf,0.5565931797027588,0.5319615403811137,0.033345162868499756,0.46997339075261896,0.6115292310714722,0.523248016834259,0.5565931797027588,34.06265640258789,30.731395721435547,1,11,0.0,0.0,0.0
internal,d200021363a7bc83,0.5338385105133057,0.5086531440416971,0.02209419012069702,0.3765313923358917,0.4892902672290802,0.5338385105133057,0.4564667046070099,44.476436614990234,31.11419088190252,1,11,0.0,0.0,0.0
internal,197963e054b43c45,0.3059287667274475,0.29880865414937335,0.003596484661102295,0.22563313218680295,0.2902333736419678,0.25953471660614014,0.3059287667274475,33.775489807128906,30.74053261496804,1,11,0.0,0.0,0.0
internal,0dbac171fae3b004,0.3059287667274475,0.29880865414937335,0.003596484661102295,0.22563313218680295,0.2902333736419678,0.25953471660614014,0.3059287667274475,33.775489807128906,30.74053261496804,1,11,0.0,0.0,0.0
internal,9eac56ac24e60034,0.4165297746658325,0.30084426204363507,0.10299915075302124,0.16438502507905164,0.23470310866832733,0.3135306239128113,0.4165297746658325,33.26418685913086,27.9133726755778,1,12,0.0,0.0,0.0
internal,a3542825e488255d,0.8184479475021362,0.7358656922976176,0.06123393774032593,0.4829550541582562,0.6304429769515991,0.8184479475021362,0.7572140097618103,35.354618072509766,28.872650237310502,1,21,0.19047619047619047,0.09523809523809523,0.047619047619047616
internal,14aa4385c81c4305,0.6891881823539734,0.5730350613594055,0.1699771285057068,0.4062929084667793,0.5477361679077148,0.6891881823539734,0.5192110538482666,33.67059326171875,28.14064444028414,1,26,0.038461538461538464,0.0,0.0
internal,012ea1f1f7d559e6,0.4021559953689575,0.3416393001874288,0.07967662811279297,0.2525783832135953,0.3372228741645813,0.21187150478363037,0.4021559953689575,41.28942108154297,28.574622605976305,1,19,0.0,0.0,0.0
internal,f9606eedd8e73d32,0.4745195806026459,0.40780837337176007,0.0809532105922699,0.20720776209705755,0.27664756774902344,0.4745195806026459,0.3553391695022583,38.236568450927734,28.574622605976305,1,19,0.0,0.0,0.0
internal,fb71b9fe038ed0a2,0.43142423033714294,0.40983234842618305,0.003351062536239624,0.30052678659558296,0.3820839524269104,0.43142423033714294,0.0,46.90763473510742,34.26378583908081,1,8,0.0,0.0,0.0
internal,aacfafe6729f0786,0.6776735782623291,0.6297685106595358,0.039336442947387695,0.5186120979487896,0.6593533754348755,0.6776735782623291,0.0,40.69221878051758,34.26378583908081,1,8,0.25,0.0,0.0
internal,ba90af434cdbbbd8,0.7599279880523682,0.7599279880523682,0.7599279880523682,0.7599279880523682,0.7599278688430786,0.7599279880523682,0.0,42.21919250488281,34.791221618652344,1,1,1.0,1.0,0.0
internal,4dbf6d31fa65daef,0.801445722579956,0.801445722579956,0.801445722579956,0.801445722579956,0.8014456629753113,0.801445722579956,0.0,37.893760681152344,34.791221618652344,1,1,1.0,1.0,1.0
internal,a0a7b69ab1eb64ab,0.6067737340927124,0.5419002175331116,0.07965695858001709,0.392856878729967,0.513147234916687,0.6067737340927124,0.5271167755126953,47.43879318237305,31.895735373863808,1,13,0.07692307692307693,0.0,0.0
internal,d5b5ccb7b0a1fdbf,0.8866488337516785,0.6884294946988424,0.2841256260871887,0.4667250720354227,0.6096334457397461,0.8866488337516785,0.6025232076644897,43.98381042480469,31.895735373863808,1,13,0.15384615384615385,0.07692307692307693,0.07692307692307693
internal,01c2ea2547abb9c2,0.5853582620620728,0.4863919218381246,0.1242598295211792,0.3161366914327328,0.41293585300445557,0.32118356227874756,0.5853582620620728,44.81884002685547,31.895735373863808,1,13,0.0,0.0,0.0
internal,04ea4d8dde1371b4,0.33014485239982605,0.2703719486792882,0.08039985597133636,0.16303873778535768,0.21296021342277527,0.14401639997959137,0.33014485239982605,34.8223876953125,31.895735373863808,1,13,0.0,0.0,0.0
internal,37639e9183f3c7f5,0.6935712099075317,0.5028576950232188,0.22564682364463806,0.3429787401109934,0.4873279631137848,0.6935712099075317,0.4679243862628937,39.470333099365234,34.90801811218262,1,8,0.125,0.0,0.0
internal,b8e151a5e7c9db05,0.5108947157859802,0.38561373949050903,0.17122775316238403,0.31380560621619225,0.4458767771720886,0.3396669626235962,0.5108947157859802,30.737934112548828,34.90801811218262,1,8,0.0,0.0,0.0
internal,bac8c7dc67cd286a,0.6935712099075317,0.5028576950232188,0.22564682364463806,0.3429787401109934,0.4873279631137848,0.6935712099075317,0.4679243862628937,39.470333099365234,34.90801811218262,1,8,0.125,0.0,0.0
internal,2b6af7b5b476e38e,0.778347373008728,0.5709525644779205,0.2670738697052002,0.4022516533732414,0.5715470314025879,0.5112735033035278,0.778347373008728,42.133262634277344,34.90801811218262,1,8,0.125,0.125,0.0
internal,a1dbff3f7eff1b14,0.6754226088523865,0.46441467603047687,0.3123689889907837,0.35024021938443184,0.4976455569267273,0.6754226088523865,0.3630536198616028,44.48309326171875,34.90801811218262,1,8,0.125,0.0,0.0
internal,bc2628c5bee1772e,0.09709250181913376,0.039711919613182545,0.07170852646231651,0.027421800419688225,0.029852325096726418,0.09709250181913376,0.0,40.56256866455078,26.913184642791748,1,4,0.0,0.0,0.0
internal,eea2dbb7248bc9cc,0.4533919095993042,0.286172812183698,0.24473455548286438,0.1384449602663517,0.17192229628562927,0.4533919095993042,0.20865735411643982,34.912254333496094,30.79385772705078,1,25,0.0,0.0,0.0
internal,996b6a496fafaf75,0.4533919095993042,0.286172812183698,0.24473455548286438,0.1384449602663517,0.17192229628562927,0.4533919095993042,0.20865735411643982,34.912254333496094,30.79385772705078,1,25,0.0,0.0,0.0
hf_github_codereview,4cd17d7210f1d44c,0.9999997019767761,0.9999997019767761,0.9999997019767761,0.9999997019767761,0.9999998807907104,0.9999997019767761,0.0,38.15067672729492,38.15067672729492,1,1,1.0,1.0,1.0
hf_github_codereview,df8df776d03104b9,1.0,1.0,1.0,1.0,1.0,1.0,0.0,35.79095458984375,35.79095458984375,1,1,1.0,1.0,1.0
hf_github_codereview,7186e02bba1d1f02,0.8570141792297363,0.6224554777145386,0.4691174030303955,0.6224554777145386,0.7588979005813599,0.8570141792297363,0.0,39.483463287353516,42.318777084350586,1,2,0.5,0.5,0.5
hf_github_codereview,f134b46dced33312,1.0,1.0,1.0,1.0,1.0,1.0,0.0,44.67487716674805,44.67487716674805,1,1,1.0,1.0,1.0
hf_github_codereview,b69cfae6585cc713,0.8755794763565063,0.6389164924621582,0.4733259677886963,0.6389164924621582,0.7412291169166565,0.8755794763565063,0.0,42.27728271484375,40.49701499938965,1,2,0.5,0.5,0.5
hf_github_codereview,5410d52810a5c331,0.3875226378440857,0.2626030892133713,0.24983909726142883,0.2626030892133713,0.32638007402420044,0.3875226378440857,0.0,42.73939514160156,33.820844650268555,1,2,0.0,0.0,0.0
hf_github_codereview,389f75d5e99249e8,0.877082347869873,0.877082347869873,0.877082347869873,0.877082347869873,0.8770824074745178,0.877082347869873,0.0,39.24673843383789,35.049415588378906,1,1,1.0,1.0,1.0
hf_github_codereview,e8d9a574d827f4d3,0.727720320224762,0.727720320224762,0.727720320224762,0.727720320224762,0.7277204394340515,0.727720320224762,0.0,43.797386169433594,41.071868896484375,1,1,1.0,1.0,0.0
hf_github_codereview,14c45213ad94ded9,0.7429791688919067,0.4931623786687851,0.4996335804462433,0.4931623786687851,0.6145060062408447,0.7429791688919067,0.0,27.002084732055664,38.85950469970703,1,2,0.5,0.5,0.0
hf_github_codereview,d437bedd31d52014,0.9235535860061646,0.5903327763080597,0.6664416193962097,0.5903327763080597,0.7579036951065063,0.9235535860061646,0.0,37.679649353027344,36.646196365356445,1,2,0.5,0.5,0.5
hf_github_codereview,3c25abfe8f27780e,0.16720980405807495,0.16720980405807495,0.16720980405807495,0.16720980405807495,0.16720977425575256,0.16720980405807495,0.0,35.750328063964844,38.12102127075195,1,1,0.0,0.0,0.0
hf_github_codereview,6afa2e5143c51be9,0.9142059087753296,0.5625528693199158,0.7033060789108276,0.5625528693199158,0.7256200313568115,0.9142059087753296,0.0,33.76582717895508,42.0752067565918,1,2,0.5,0.5,0.5
hf_github_codereview,ec153757a9d407af,0.37198925018310547,0.29166873296101886,0.07541623711585999,0.29166873296101886,0.380454957485199,0.37198925018310547,0.0,44.00137710571289,40.14029312133789,1,3,0.0,0.0,0.0
hf_github_codereview,df33327eca448d47,0.9999998807907104,0.9999998807907104,0.9999998807907104,0.9999998807907104,1.0,0.9999998807907104,0.0,40.85877227783203,40.85877227783203,1,1,1.0,1.0,1.0
hf_github_codereview,cd8a4b62c7fca75d,0.8210742473602295,0.8210742473602295,0.8210742473602295,0.8210742473602295,0.8210742473602295,0.8210742473602295,0.0,42.84606170654297,43.91166687011719,1,1,1.0,1.0,1.0
hf_github_codereview,d1a6976fcd1926e1,0.7071560621261597,0.7071560621261597,0.7071560621261597,0.7071560621261597,0.7071560621261597,0.7071560621261597,0.0,42.99867630004883,35.76985168457031,1,1,1.0,1.0,0.0
hf_github_codereview,c078a94cd8edef43,0.31963443756103516,0.31963443756103516,0.31963443756103516,0.31963443756103516,0.31963443756103516,0.31963443756103516,0.0,47.018367767333984,33.98876953125,1,1,0.0,0.0,0.0
hf_github_codereview,4b7fb01d5a55b031,0.5786495804786682,0.4501914083957672,0.256916344165802,0.4501914083957672,0.4992530643939972,0.5786495804786682,0.0,43.369022369384766,41.8200740814209,1,2,0.0,0.0,0.0
hf_github_codereview,c9cbceb64d919140,0.856630802154541,0.856630802154541,0.856630802154541,0.856630802154541,0.856630802154541,0.856630802154541,0.0,42.643310546875,38.25440216064453,1,1,1.0,1.0,1.0
hf_github_codereview,b20bee588840dabf,0.7002986669540405,0.7002986669540405,0.7002986669540405,0.7002986669540405,0.7002986669540405,0.7002986669540405,0.0,39.99348449707031,38.25440216064453,1,1,1.0,1.0,0.0
hf_github_codereview,8961069ac4abf068,0.925200343132019,0.8104878067970276,0.2294250726699829,0.8104878067970276,0.876201868057251,0.925200343132019,0.0,43.13096237182617,41.99271583557129,1,2,1.0,0.5,0.5
hf_github_codereview,3d7574a43b9ff863,0.9999999403953552,0.9999999403953552,0.9999999403953552,0.9999999403953552,0.9999999403953552,0.9999999403953552,0.0,40.8470573425293,40.8470573425293,1,1,1.0,1.0,1.0
hf_github_codereview,3fe50f8d257172d3,0.9766672849655151,0.9766672849655151,0.9766672849655151,0.9766672849655151,0.9766674041748047,0.9766672849655151,0.0,40.8470573425293,40.02619552612305,1,1,1.0,1.0,1.0
hf_github_codereview,d39b00a13ed904a1,1.0,1.0,1.0,1.0,1.0,1.0,0.0,34.6061897277832,34.6061897277832,1,1,1.0,1.0,1.0
hf_github_codereview,4737c34cfe47495e,0.9330618381500244,0.666938066482544,0.5322475433349609,0.666938066482544,0.788668692111969,0.9330618381500244,0.0,41.63129425048828,41.56442642211914,1,2,0.5,0.5,0.5
hf_github_codereview,b154923e6fcfd101,0.2951526641845703,0.2951526641845703,0.2951526641845703,0.2951526641845703,0.2951527237892151,0.2951526641845703,0.0,36.669342041015625,32.565032958984375,1,1,0.0,0.0,0.0
hf_github_codereview,dbb493267fe87e05,0.6419006586074829,0.6419006586074829,0.6419006586074829,0.6419006586074829,0.6419006586074829,0.6419006586074829,0.0,44.555179595947266,42.49502944946289,1,1,1.0,0.0,0.0
hf_github_codereview,60fa7ba71fcd1fd2,1.0,1.0,1.0,1.0,1.0,1.0,0.0,48.112483978271484,48.112483978271484,1,1,1.0,1.0,1.0
hf_github_codereview,4702e4776e462412,0.48815417289733887,0.48815417289733887,0.48815417289733887,0.48815417289733887,0.48815417289733887,0.48815417289733887,0.0,35.69813919067383,34.6456413269043,1,1,0.0,0.0,0.0
hf_github_codereview,45422b1207b4e89d,0.7523081302642822,0.7523081302642822,0.7523081302642822,0.7523081302642822,0.7523081302642822,0.7523081302642822,0.0,44.919986724853516,45.17001724243164,1,1,1.0,1.0,0.0
hf_github_codereview,8fe2e2675934ad33,0.8449705839157104,0.5325001031160355,0.62494096159935,0.5325001031160355,0.685639500617981,0.8449705839157104,0.0,41.842342376708984,35.65853786468506,1,2,0.5,0.5,0.5
hf_github_codereview,6cf332abbff94fb3,0.16165107488632202,0.16165107488632202,0.16165107488632202,0.16165107488632202,0.16165107488632202,0.16165107488632202,0.0,39.3215446472168,41.51298522949219,1,1,0.0,0.0,0.0
hf_github_codereview,d9f01f80c689cbbe,0.45747390389442444,0.2915535668532054,0.19055581092834473,0.2915535668532054,0.36862364411354065,0.45747390389442444,0.0,37.40810775756836,37.04062080383301,1,3,0.0,0.0,0.0
hf_github_codereview,732a5235577856a0,0.9999998211860657,0.9999998211860657,0.9999998211860657,0.9999998211860657,1.0,0.9999998211860657,0.0,42.467857360839844,42.467857360839844,1,1,1.0,1.0,1.0
hf_github_codereview,84f5d213955e16c5,0.9922009110450745,0.7520175278186798,0.4803667664527893,0.7520175278186798,0.8644328713417053,0.9922009110450745,0.0,40.17831039428711,38.4401969909668,1,2,0.5,0.5,0.5
hf_github_codereview,7b0f1884ae0c71ac,1.0,1.0,1.0,1.0,1.0,1.0,0.0,38.9289665222168,38.9289665222168,1,1,1.0,1.0,1.0
hf_github_codereview,e130331cd4717104,1.0,1.0,1.0,1.0,1.0,1.0,0.0,38.9289665222168,38.9289665222168,1,1,1.0,1.0,1.0
hf_github_codereview,bf166ea291ceea14,0.9999999403953552,0.9999999403953552,0.9999999403953552,0.9999999403953552,1.0,0.9999999403953552,0.0,38.127342224121094,38.127342224121094,1,1,1.0,1.0,1.0
hf_github_codereview,ceb5acdf30f767c8,1.0,0.5077827175458273,0.7289204597473145,0.5077827175458273,0.7153847217559814,1.0,0.0,45.02922058105469,40.45600954691569,1,3,0.3333333333333333,0.3333333333333333,0.3333333333333333
hf_github_codereview,5364d16aaefa972f,0.9999997615814209,0.9999997615814209,0.9999997615814209,0.9999997615814209,0.9999999403953552,0.9999997615814209,0.0,40.46683883666992,40.46683883666992,1,1,1.0,1.0,1.0
hf_github_codereview,8847de6cfa50e361,0.920488715171814,0.920488715171814,0.920488715171814,0.920488715171814,0.920488715171814,0.920488715171814,0.0,41.40241241455078,40.19681167602539,1,1,1.0,1.0,1.0
hf_github_codereview,b037adb45fd6bc1e,0.9974560141563416,0.9974560141563416,0.9974560141563416,0.9974560141563416,0.9974560141563416,0.9974560141563416,0.0,45.766056060791016,46.32422637939453,1,1,1.0,1.0,1.0
hf_github_codereview,d41057d1700e298d,0.9993206262588501,0.9993206262588501,0.9993206262588501,0.9993206262588501,0.9993208050727844,0.9993206262588501,0.0,43.47357940673828,43.29680252075195,1,1,1.0,1.0,1.0
hf_github_codereview,7ec15053fc500ee1,1.0,1.0,1.0,1.0,1.0,1.0,0.0,44.43332290649414,44.43332290649414,1,1,1.0,1.0,1.0
hf_github_codereview,49c96b8ff4cc0265,0.9999998211860657,0.9999998211860657,0.9999998211860657,0.9999998211860657,0.9999999403953552,0.9999998211860657,0.0,38.62574768066406,38.62574768066406,1,1,1.0,1.0,1.0
hf_github_codereview,959d73bf17213d0f,0.707154393196106,0.707154393196106,0.707154393196106,0.707154393196106,0.707154393196106,0.707154393196106,0.0,44.90920639038086,39.34382247924805,1,1,1.0,1.0,0.0
hf_github_codereview,64a26779f906dd47,1.0,1.0,1.0,1.0,1.0,1.0,0.0,43.67871856689453,43.67871856689453,1,1,1.0,1.0,1.0
hf_github_codereview,0e32b8caadf9bc43,1.0,1.0,1.0,1.0,1.0,1.0,0.0,43.67871856689453,43.67871856689453,1,1,1.0,1.0,1.0
hf_github_codereview,5612ccd651443f80,0.9999998807907104,0.9999998807907104,0.9999998807907104,0.9999998807907104,1.0,0.9999998807907104,0.0,32.55859375,32.55859375,1,1,1.0,1.0,1.0
hf_github_codereview,184dddbc0750c6a4,0.46780988574028015,0.46780988574028015,0.46780988574028015,0.46780988574028015,0.46780988574028015,0.46780988574028015,0.0,42.412357330322266,38.755401611328125,1,1,0.0,0.0,0.0
hf_github_codereview,5d6825f45ebf20dd,0.42466944456100464,0.2197142243385315,0.29414841532707214,0.2197142243385315,0.2937614917755127,0.42466944456100464,0.0,39.476295471191406,41.300619761149086,1,3,0.0,0.0,0.0
hf_github_codereview,fc95be84637a7c7a,0.45338174700737,0.24193310737609863,0.305865541100502,0.24193310737609863,0.3188316226005554,0.45338174700737,0.0,39.2538948059082,43.07621383666992,1,3,0.0,0.0,0.0
hf_github_codereview,3b374c4dfeacefc9,0.6572256088256836,0.5104349851608276,0.2935812473297119,0.5104349851608276,0.5634318590164185,0.6572256088256836,0.0,38.70615005493164,37.8695068359375,1,2,0.5,0.0,0.0
hf_github_codereview,6c5fa40f9d6baa5e,0.9999999403953552,0.9999999403953552,0.9999999403953552,0.9999999403953552,1.0,0.9999999403953552,0.0,38.84651184082031,38.84651184082031,1,1,1.0,1.0,1.0
hf_github_codereview,808448b88dbb88db,0.9659043550491333,0.9659043550491333,0.9659043550491333,0.9659043550491333,0.9659043550491333,0.9659043550491333,0.0,45.78776168823242,43.63710021972656,1,1,1.0,1.0,1.0
hf_github_codereview,29d58a5698e55fdc,0.8687131404876709,0.8687131404876709,0.8687131404876709,0.8687131404876709,0.8687132596969604,0.8687131404876709,0.0,45.10078430175781,43.1990852355957,1,1,1.0,1.0,1.0
hf_github_codereview,0b201f517dfa9fab,0.6846523284912109,0.5945781171321869,0.1801484227180481,0.5945781171321869,0.6847374439239502,0.6846523284912109,0.0,43.78266525268555,40.84649658203125,1,2,0.5,0.0,0.0
hf_github_codereview,c328ff71b3af6bf4,1.0,1.0,1.0,1.0,1.0,1.0,0.0,24.244165420532227,24.244165420532227,1,1,1.0,1.0,1.0
hf_github_codereview,04f8511321a14249,0.47495532035827637,0.3740978389978409,0.20171496272087097,0.3740978389978409,0.4702756404876709,0.47495532035827637,0.0,43.99069595336914,40.869455337524414,1,2,0.0,0.0,0.0
hf_github_codereview,5b612e4b586589b5,0.4273506700992584,0.3880121260881424,0.07867708802223206,0.3880121260881424,0.4884060025215149,0.4273506700992584,0.0,47.36130142211914,41.48414421081543,1,2,0.0,0.0,0.0
hf_github_codereview,a14332921a1b8585,0.8517965078353882,0.6608935594558716,0.3818058967590332,0.6608935594558716,0.7796423435211182,0.8517965078353882,0.0,39.05074691772461,40.2465934753418,1,2,0.5,0.5,0.5
hf_github_codereview,61d9829dd9b5b5bf,0.7567622065544128,0.5920055955648422,0.32951322197914124,0.5920055955648422,0.7070931196212769,0.7567622065544128,0.0,44.341896057128906,43.321664810180664,1,2,0.5,0.5,0.0
hf_github_codereview,61d3d6becfa2be62,0.646899402141571,0.646899402141571,0.646899402141571,0.646899402141571,0.6468995213508606,0.646899402141571,0.0,30.259519577026367,38.28481674194336,1,1,1.0,0.0,0.0
hf_github_codereview,54467dca4c9c4016,0.9866452217102051,0.8205423355102539,0.21589922904968262,0.8205423355102539,0.898878276348114,0.9866452217102051,0.0,36.79832458496094,40.45724105834961,1,3,1.0,1.0,0.3333333333333333
hf_github_codereview,1cef3b6a90d89d8e,0.9516943097114563,0.7897907296816508,0.15451711416244507,0.7338749319314957,0.8372839689254761,0.9516943097114563,0.0,41.26885986328125,41.785030364990234,1,4,0.75,0.5,0.25
hf_github_codereview,cd3b6261dd89d4c2,0.8790744543075562,0.7210641503334045,0.1408969759941101,0.6625662446022034,0.7559272050857544,0.8790744543075562,0.0,42.35417175292969,41.785030364990234,1,4,0.5,0.5,0.25
hf_github_codereview,026588fd2c91f73c,0.9585423469543457,0.8120590448379517,0.08423978090286255,0.7478061318397522,0.8531782031059265,0.9585423469543457,0.0,44.55195236206055,41.785030364990234,1,4,0.75,0.5,0.5
hf_github_codereview,85cc77b7401ac27f,0.903266429901123,0.5462453663349152,0.7140421271324158,0.5462453663349152,0.7134308815002441,0.903266429901123,0.0,41.62385177612305,34.80881309509277,1,2,0.5,0.5,0.5
hf_github_codereview,439f6615759bad97,0.8196271657943726,0.8196271657943726,0.8196271657943726,0.8196271657943726,0.8196271657943726,0.8196271657943726,0.0,39.31429672241211,42.5415153503418,1,1,1.0,1.0,1.0
hf_github_codereview,fb0a6f5cb5ff5c0e,0.5017111301422119,0.5017111301422119,0.5017111301422119,0.5017111301422119,0.5017111301422119,0.5017111301422119,0.0,36.71552276611328,42.5415153503418,1,1,0.0,0.0,0.0
hf_github_codereview,b254fff997e200c8,0.9999999403953552,0.5315190156300863,0.5424127578735352,0.5315190156300863,0.737258791923523,0.9999999403953552,0.0,40.76350021362305,39.7428944905599,1,3,0.3333333333333333,0.3333333333333333,0.3333333333333333
hf_github_codereview,33fe1ece98fda613,0.6912070512771606,0.6912070512771606,0.6912070512771606,0.6912070512771606,0.6912070512771606,0.6912070512771606,0.0,47.1993293762207,40.816314697265625,1,1,1.0,0.0,0.0
hf_github_codereview,41c9729a1a617ef2,0.8398863077163696,0.8398863077163696,0.8398863077163696,0.8398863077163696,0.8398864269256592,0.8398863077163696,0.0,38.36833190917969,45.10107421875,1,1,1.0,1.0,1.0
hf_github_codereview,29ddac2c1df04fd6,0.767179012298584,0.767179012298584,0.767179012298584,0.767179012298584,0.767179012298584,0.767179012298584,0.0,38.05723571777344,42.15625,1,1,1.0,1.0,0.0
hf_github_codereview,7f586f319bca7992,0.4428313970565796,0.4428313970565796,0.4428313970565796,0.4428313970565796,0.44283151626586914,0.4428313970565796,0.0,37.92739486694336,38.732540130615234,1,1,0.0,0.0,0.0
hf_github_codereview,dfa7bbff3f82e76c,0.9815175533294678,0.5302437543869019,0.9025475978851318,0.5302437543869019,0.7189040780067444,0.9815175533294678,0.0,30.2119197845459,27.473689079284668,1,2,0.5,0.5,0.5
hf_github_codereview,fa41c33cd449e41c,0.6605194807052612,0.6605194807052612,0.6605194807052612,0.6605194807052612,0.6605194807052612,0.6605194807052612,0.0,36.746612548828125,43.348175048828125,1,1,1.0,0.0,0.0
hf_github_codereview,fc926b5a2fe7b0ca,0.5690168738365173,0.4326109290122986,0.2728118896484375,0.4326109290122986,0.4780229926109314,0.5690168738365173,0.0,42.617576599121094,35.22323417663574,1,2,0.0,0.0,0.0
hf_github_codereview,807c7c29790b94c1,0.4111855626106262,0.3230533301830292,0.1762644648551941,0.3230533301830292,0.3681755065917969,0.4111855626106262,0.0,43.591796875,33.76956367492676,1,2,0.0,0.0,0.0
hf_github_codereview,aeee0b6b686fa23b,0.6160037517547607,0.61590576171875,0.00019598007202148438,0.61590576171875,0.7181471586227417,0.6160037517547607,0.0,34.48999786376953,39.07146072387695,1,2,1.0,0.0,0.0
hf_github_codereview,07f0c1e6b5f06040,0.9999998211860657,0.7540483772754669,0.4919028878211975,0.7540483772754669,0.8683595657348633,0.9999998211860657,0.0,45.34817123413086,41.97777557373047,1,2,0.5,0.5,0.5
hf_github_codereview,a546681c5937122f,0.2768385410308838,0.2575681259234746,0.016730457544326782,0.2303459830582142,0.25345346331596375,0.2768385410308838,0.0,42.08442306518555,28.564090728759766,1,4,0.0,0.0,0.0
hf_github_codereview,670a31f427196bba,0.2954100966453552,0.2954100966453552,0.2954100966453552,0.2954100966453552,0.2954100966453552,0.2954100966453552,0.0,49.65666198730469,31.74371337890625,1,1,0.0,0.0,0.0
hf_github_codereview,87ca11d35a7d55ac,0.9858531951904297,0.7323996424674988,0.5069071054458618,0.7323996424674988,0.8541940450668335,0.9858531951904297,0.0,41.32377243041992,39.506704330444336,1,2,0.5,0.5,0.5
hf_github_codereview,b445b1af0f1bcea2,0.8145021200180054,0.6442089527845383,0.3405863344669342,0.6442089527845383,0.7994136810302734,0.8145021200180054,0.0,35.785858154296875,36.081417083740234,1,2,0.5,0.5,0.5
hf_github_codereview,aa568bf59d4fa1eb,0.8506866693496704,0.8506866693496704,0.8506866693496704,0.8506866693496704,0.8506866693496704,0.8506866693496704,0.0,42.923465728759766,43.39813995361328,1,1,1.0,1.0,1.0
hf_github_codereview,6ec97cdc2abeeafc,0.6376653909683228,0.6147579550743103,0.0458148717880249,0.6147579550743103,0.7070789337158203,0.6376653909683228,0.0,33.81396484375,34.322378158569336,1,2,0.5,0.0,0.0
hf_github_codereview,701b41e3e9dafee0,0.5684082508087158,0.5684082508087158,0.5684082508087158,0.5684082508087158,0.5684082508087158,0.5684082508087158,0.0,39.175994873046875,30.919782638549805,1,1,0.0,0.0,0.0
hf_github_codereview,b4e03ea343462902,0.33396148681640625,0.33396148681640625,0.33396148681640625,0.33396148681640625,0.33396148681640625,0.33396148681640625,0.0,41.73563766479492,32.422122955322266,1,1,0.0,0.0,0.0
hf_github_codereview,c8035bea579a4de6,0.45508986711502075,0.34822694957256317,0.21372583508491516,0.34822694957256317,0.44867968559265137,0.45508986711502075,0.0,44.65743637084961,34.098045349121094,1,2,0.0,0.0,0.0
hf_github_codereview,95c8b23cf3f2de15,0.3957192599773407,0.3957192599773407,0.3957192599773407,0.3957192599773407,0.3957192897796631,0.3957192599773407,0.0,45.132171630859375,31.430387496948242,1,1,0.0,0.0,0.0
hf_github_codereview,376c9caa92681781,0.3214433789253235,0.28301896899938583,0.0768488198518753,0.28301896899938583,0.3734005093574524,0.3214433789253235,0.0,33.17195510864258,31.33502197265625,1,2,0.0,0.0,0.0
hf_github_codereview,b40abcc167008c98,0.4896014332771301,0.44015994668006897,0.09888297319412231,0.44015994668006897,0.5238288640975952,0.4896014332771301,0.0,37.769779205322266,35.134817123413086,1,2,0.0,0.0,0.0
hf_github_codereview,a517a58250a032ed,0.8036725521087646,0.8036725521087646,0.8036725521087646,0.8036725521087646,0.8036726713180542,0.8036725521087646,0.0,44.184085845947266,40.56123352050781,1,1,1.0,1.0,1.0
hf_github_codereview,cdf9fcd70e3e7d31,1.0,1.0,1.0,1.0,1.0,1.0,0.0,39.10144805908203,39.10144805908203,1,1,1.0,1.0,1.0
hf_github_codereview,b7f9123846c24470,1.0,0.8272041082382202,0.34559178352355957,0.8272041082382202,0.909507691860199,1.0,0.0,39.10144805908203,38.550912857055664,1,2,1.0,0.5,0.5
hf_github_codereview,c7b7a7faec42a330,0.9999998807907104,0.8272040486335754,0.34559166431427,0.8272040486335754,0.9095075726509094,0.9999998807907104,0.0,38.0003776550293,38.550912857055664,1,2,1.0,0.5,0.5
hf_github_codereview,6073f74990a1437b,1.0,1.0,1.0,1.0,1.0,1.0,0.0,40.67517852783203,40.67517852783203,1,1,1.0,1.0,1.0
hf_github_codereview,0788fb19ea70a119,0.8424681425094604,0.6185210645198822,0.4478941559791565,0.6185210645198822,0.6870642900466919,0.8424681425094604,0.0,44.465145111083984,35.79521179199219,1,2,0.5,0.5,0.5
hf_github_codereview,f51f881d184dd122,1.0,1.0,1.0,1.0,1.0,1.0,0.0,31.177799224853516,31.177799224853516,1,1,1.0,1.0,1.0
hf_github_codereview,2dd9e4467237bfe5,0.9999998211860657,0.9999998211860657,0.9999998211860657,0.9999998211860657,0.9999998807907104,0.9999998211860657,0.0,42.29848098754883,42.29848098754883,1,1,1.0,1.0,1.0
hf_github_codereview,0f0b6fc6daa8fbea,0.9999998211860657,0.9999998211860657,0.9999998211860657,0.9999998211860657,0.9999998807907104,0.9999998211860657,0.0,42.29848098754883,42.29848098754883,1,1,1.0,1.0,1.0
hf_github_codereview,c443341734fec35e,0.6563093662261963,0.6563093662261963,0.6563093662261963,0.6563093662261963,0.6563094854354858,0.6563093662261963,0.0,40.89802169799805,33.994606018066406,1,1,1.0,0.0,0.0
hf_github_codereview,14c034f70c19d763,0.9999999403953552,0.9999999403953552,0.9999999403953552,0.9999999403953552,1.0,0.9999999403953552,0.0,38.90144348144531,38.90144348144531,1,1,1.0,1.0,1.0
hf_github_codereview,0a8696f0f1a1b801,1.0,1.0,1.0,1.0,1.0,1.0,0.0,42.30170822143555,42.30170822143555,1,1,1.0,1.0,1.0
hf_github_codereview,384163525d7ae765,0.9401427507400513,0.6020202338695526,0.6762450337409973,0.6020202338695526,0.768837571144104,0.9401427507400513,0.0,32.851470947265625,35.531490325927734,1,2,0.5,0.5,0.5
hf_github_codereview,d3930dc8390e5b16,0.45472046732902527,0.34839167445898056,0.21265758574008942,0.34839167445898056,0.44301170110702515,0.45472046732902527,0.0,42.79633331298828,36.81117820739746,1,2,0.0,0.0,0.0
hf_github_codereview,36f4c32cac9b3848,0.3091713786125183,0.3091713786125183,0.3091713786125183,0.3091713786125183,0.3091713786125183,0.3091713786125183,0.0,43.98673629760742,31.935361862182617,1,1,0.0,0.0,0.0
hf_github_codereview,86b33787f2cb364f,0.2075570821762085,0.2075570821762085,0.2075570821762085,0.2075570821762085,0.2075570970773697,0.2075570821762085,0.0,44.92701721191406,29.222665786743164,1,1,0.0,0.0,0.0
hf_github_codereview,797c4ecd49be3e03,0.4152064323425293,0.4114585518836975,0.007495760917663574,0.4114585518836975,0.5109235644340515,0.4152064323425293,0.0,43.5790901184082,42.140201568603516,1,2,0.0,0.0,0.0
hf_github_codereview,3a0c291f80f8a628,0.44554591178894043,0.44554591178894043,0.44554591178894043,0.44554591178894043,0.4455459713935852,0.44554591178894043,0.0,35.747955322265625,36.85590362548828,1,1,0.0,0.0,0.0
hf_github_codereview,0a9de208fd0ae201,0.41612517833709717,0.41612517833709717,0.41612517833709717,0.41612517833709717,0.41612523794174194,0.41612517833709717,0.0,43.34840774536133,41.029972076416016,1,1,0.0,0.0,0.0
hf_github_codereview,3763b0f60752dfd4,1.0,1.0,1.0,1.0,1.0,1.0,0.0,35.10672378540039,35.10672378540039,1,1,1.0,1.0,1.0
hf_github_codereview,1da1ec130ce63c67,1.0,1.0,1.0,1.0,1.0,1.0,0.0,25.459413528442383,25.459413528442383,1,1,1.0,1.0,1.0
hf_github_codereview,556cd9453b9d1bc1,0.9999997615814209,0.7762404978275299,0.447518527507782,0.7762404978275299,0.8810451030731201,0.9999997615814209,0.0,27.02523422241211,34.68778419494629,1,2,0.5,0.5,0.5
hf_github_codereview,ac9f9e9c3b5d4975,0.9528624415397644,0.9528624415397644,0.9528624415397644,0.9528624415397644,0.9528624415397644,0.9528624415397644,0.0,39.47229766845703,42.470069885253906,1,1,1.0,1.0,1.0
hf_github_codereview,89aa3564c476c90d,1.0,1.0,1.0,1.0,1.0,1.0,0.0,38.331912994384766,38.331912994384766,1,1,1.0,1.0,1.0
hf_github_codereview,f3371d86a0aa9eef,1.0,1.0,1.0,1.0,1.0,1.0,0.0,44.011356353759766,44.011356353759766,1,1,1.0,1.0,1.0
hf_github_codereview,982b3882aa2fd385,0.7353249192237854,0.5064282417297363,0.45779335498809814,0.5064282417297363,0.6046982407569885,0.7353249192237854,0.0,44.910133361816406,34.139923095703125,1,2,0.5,0.5,0.0
hf_github_codereview,f0559989db4b5654,0.1770123988389969,0.1770123988389969,0.1770123988389969,0.1770123988389969,0.1770123839378357,0.1770123988389969,0.0,40.393531799316406,34.895591735839844,1,1,0.0,0.0,0.0
hf_github_codereview,ea3b2f9fe4712ce8,0.49344879388809204,0.40539640188217163,0.17610478401184082,0.40539640188217163,0.5122934579849243,0.49344879388809204,0.0,39.96465301513672,43.606449127197266,1,2,0.0,0.0,0.0
hf_github_codereview,bddfd164865ddddb,0.40083733201026917,0.40083733201026917,0.40083733201026917,0.40083733201026917,0.40083733201026917,0.40083733201026917,0.0,46.79606246948242,35.166500091552734,1,1,0.0,0.0,0.0
hf_github_codereview,cba5a2afd1d01553,0.9999998807907104,0.9999998807907104,0.9999998807907104,0.9999998807907104,0.9999999403953552,0.9999998807907104,0.0,35.253849029541016,35.253849029541016,1,1,1.0,1.0,1.0
hf_github_codereview,d859929c7d66bc81,1.0,1.0,1.0,1.0,1.0,1.0,0.0,37.68351745605469,37.68351745605469,1,1,1.0,1.0,1.0
hf_github_codereview,36f03706235bdca8,1.0,1.0,1.0,1.0,1.0,1.0,0.0,39.920135498046875,39.920135498046875,1,1,1.0,1.0,1.0
hf_github_codereview,8e07e2979418ef34,1.0,1.0,1.0,1.0,1.0,1.0,0.0,35.083343505859375,35.083343505859375,1,1,1.0,1.0,1.0
hf_github_codereview,dafb38dc8d2004b9,0.8237963914871216,0.6149551570415497,0.4176824688911438,0.6149551570415497,0.7464959621429443,0.8237963914871216,0.0,43.558616638183594,42.18007278442383,1,2,0.5,0.5,0.5
hf_github_codereview,f2a543399a927dfa,0.31145912408828735,0.31145912408828735,0.31145912408828735,0.31145912408828735,0.31145912408828735,0.31145912408828735,0.0,47.536170959472656,39.03143310546875,1,1,0.0,0.0,0.0
hf_github_codereview,9e2daed8d5f16608,0.8863586187362671,0.5999632477760315,0.5727907419204712,0.5999632477760315,0.7292579412460327,0.8863586187362671,0.0,41.48336410522461,35.93192100524902,1,2,0.5,0.5,0.5
hf_github_codereview,029739864ef85065,0.8863586187362671,0.5751595199108124,0.6223981976509094,0.5751595199108124,0.7206045389175415,0.8863586187362671,0.0,41.48336410522461,36.585567474365234,1,2,0.5,0.5,0.5
hf_github_codereview,1c574e37d37dced8,0.6697512865066528,0.5464731901884079,0.24655619263648987,0.5464731901884079,0.618783712387085,0.6697512865066528,0.0,48.00957107543945,44.074079513549805,1,2,0.5,0.0,0.0
hf_github_codereview,bb7a7beb4459f7c1,0.8362063765525818,0.7760040760040283,0.12040460109710693,0.7760040760040283,0.8282006978988647,0.8362063765525818,0.0,39.8572998046875,40.48080825805664,1,2,1.0,1.0,0.5
hf_github_codereview,285bec4194625d3b,0.7163719534873962,0.4409560263156891,0.5508318543434143,0.4409560263156891,0.5722004175186157,0.7163719534873962,0.0,35.02105712890625,35.232181549072266,1,2,0.5,0.5,0.0
hf_github_codereview,0bf6ca9327c17876,1.0,0.6524182558059692,0.6951634883880615,0.6524182558059692,0.8077240586280823,1.0,0.0,39.34062194824219,39.94436264038086,1,2,0.5,0.5,0.5
hf_github_codereview,0d957a9d6200075f,0.9999998807907104,0.6524181962013245,0.695163369178772,0.6524181962013245,0.8077239990234375,0.9999998807907104,0.0,40.54810333251953,39.94436264038086,1,2,0.5,0.5,0.5
hf_github_codereview,3fcb63d95b5f3189,0.905322790145874,0.6986009627580643,0.4134436547756195,0.6986009627580643,0.876235842704773,0.905322790145874,0.0,42.29436111450195,37.89638710021973,1,2,0.5,0.5,0.5
hf_github_codereview,a42f23a902db423a,0.6877292394638062,0.5493577917416891,0.11531376838684082,0.5493577917416891,0.7551542520523071,0.6877292394638062,0.0,34.49406051635742,39.20046742757162,1,3,0.3333333333333333,0.0,0.0
hf_github_codereview,38ec44bbe983fb0e,0.9999997615814209,0.9999997615814209,0.9999997615814209,0.9999997615814209,0.9999998211860657,0.9999997615814209,0.0,38.83323669433594,38.83323669433594,1,1,1.0,1.0,1.0
hf_github_codereview,c0689572c2aa635c,0.3104504942893982,0.28918124238650006,0.023208558559417725,0.2831839770078659,0.30698084831237793,0.3104504942893982,0.0,43.515411376953125,27.446778774261475,1,4,0.0,0.0,0.0
hf_github_codereview,917f8e357a2a88bb,0.3087785243988037,0.28454436858495075,0.029974699020385742,0.2775884121656418,0.3020867109298706,0.3087785243988037,0.0,44.8764533996582,27.89099884033203,1,4,0.0,0.0,0.0
hf_github_codereview,5c304baf268ea446,0.9999999403953552,0.9999999403953552,0.9999999403953552,0.9999999403953552,1.0,0.9999999403953552,0.0,31.840490341186523,31.840490341186523,1,1,1.0,1.0,1.0
hf_github_codereview,1758c6fd5e2b39d4,0.9999999403953552,0.9999999403953552,0.9999999403953552,0.9999999403953552,1.0,0.9999999403953552,0.0,31.840490341186523,31.840490341186523,1,1,1.0,1.0,1.0
hf_github_codereview,968e882a79911a77,0.5924986600875854,0.5924986600875854,0.5924986600875854,0.5924986600875854,0.5924986600875854,0.5924986600875854,0.0,40.93486404418945,27.574609756469727,1,1,0.0,0.0,0.0
hf_github_codereview,6fd9be60cb2947c3,1.0,1.0,1.0,1.0,1.0,1.0,0.0,34.15023422241211,34.15023422241211,1,1,1.0,1.0,1.0
hf_github_codereview,1fc7f9c70b05e362,1.0,0.7047964632511139,0.5904070734977722,0.7047964632511139,0.839521586894989,1.0,0.0,44.450923919677734,40.87935256958008,1,2,0.5,0.5,0.5
hf_github_codereview,752f2a62c51b5cd1,1.0,0.8888628482818604,0.14168298244476318,0.7327480763196945,0.9034776091575623,1.0,0.0,45.273799896240234,41.23757219314575,1,4,0.75,0.75,0.75
hf_github_codereview,f6403ae5e414e64f,0.8784260749816895,0.8702077865600586,0.01643657684326172,0.8702077865600586,0.9027719497680664,0.8784260749816895,0.0,44.75823211669922,45.28421974182129,1,2,1.0,1.0,1.0
hf_github_codereview,a9a857ef6c4900a6,1.0,1.0,1.0,1.0,1.0,1.0,0.0,36.988075256347656,36.988075256347656,1,1,1.0,1.0,1.0
hf_github_codereview,1226c3d61b990646,0.7390007972717285,0.7390007972717285,0.7390007972717285,0.7390007972717285,0.7390009164810181,0.7390007972717285,0.0,45.31881332397461,43.01313018798828,1,1,1.0,1.0,0.0
hf_github_codereview,952fd50ff411d79d,0.8325321078300476,0.6158378720283508,0.43338847160339355,0.6158378720283508,0.7441035509109497,0.8325321078300476,0.0,41.41032791137695,41.88283348083496,1,2,0.5,0.5,0.5
hf_github_codereview,795e78f4e2262434,0.9999998807907104,0.9999998807907104,0.9999998807907104,0.9999998807907104,1.0,0.9999998807907104,0.0,36.44643020629883,36.44643020629883,1,1,1.0,1.0,1.0
hf_github_codereview,2af5663f8b2005a0,1.0,1.0,1.0,1.0,1.0,1.0,0.0,33.75749206542969,33.75749206542969,1,1,1.0,1.0,1.0
hf_github_codereview,9bf065d12c499655,0.7873508930206299,0.7873508930206299,0.7873508930206299,0.7873508930206299,0.7873509526252747,0.7873508930206299,0.0,43.40430450439453,40.24437713623047,1,1,1.0,1.0,0.0
hf_github_codereview,0b00ab447a6ff107,0.9041194915771484,0.9041194915771484,0.9041194915771484,0.9041194915771484,0.904119610786438,0.9041194915771484,0.0,43.2425422668457,40.24437713623047,1,1,1.0,1.0,1.0
hf_github_codereview,10539540a4dd7c7d,0.9999998211860657,0.9999998211860657,0.9999998211860657,0.9999998211860657,0.9999999403953552,0.9999998211860657,0.0,44.68857192993164,44.68857192993164,1,1,1.0,1.0,1.0
hf_github_codereview,ce1606a583b8c9ad,1.0,0.6345818340778351,0.7308363318443298,0.6345818340778351,0.7966066002845764,1.0,0.0,45.41858673095703,42.9591007232666,1,2,0.5,0.5,0.5
hf_github_codereview,a92c996a7aeb0e23,0.6179967522621155,0.5617685317993164,0.11245644092559814,0.5617685317993164,0.6898475289344788,0.6179967522621155,0.0,35.499507904052734,38.79521942138672,1,2,0.5,0.0,0.0
hf_github_codereview,e953026e3f88ec0b,0.9817965626716614,0.8563324511051178,0.25092822313308716,0.8563324511051178,0.9411557912826538,0.9817965626716614,0.0,35.85285186767578,35.099894523620605,1,2,1.0,1.0,0.5
hf_github_codereview,9d6b6b7c080b4d66,0.5187675952911377,0.5187675952911377,0.5187675952911377,0.5187675952911377,0.5187675952911377,0.5187675952911377,0.0,35.75421142578125,31.723106384277344,1,1,0.0,0.0,0.0
hf_github_codereview,0b2654877ca58686,0.6859198808670044,0.6859198808670044,0.6859198808670044,0.6859198808670044,0.6859198808670044,0.6859198808670044,0.0,39.39689636230469,29.932395935058594,1,1,1.0,0.0,0.0
hf_github_codereview,0659f552a13c3207,1.0,0.6159689426422119,0.568967878818512,0.5661843866109848,0.683097243309021,1.0,0.0,35.424068450927734,32.281174182891846,1,4,0.25,0.25,0.25
hf_github_codereview,86b259de90c8fe84,0.46090638637542725,0.46090638637542725,0.46090638637542725,0.46090638637542725,0.46090638637542725,0.46090638637542725,0.0,35.424068450927734,31.60016632080078,1,1,0.0,0.0,0.0
hf_github_codereview,f4b13b9adb24873b,0.5837795734405518,0.5837795734405518,0.5837795734405518,0.5837795734405518,0.5837796926498413,0.5837795734405518,0.0,38.154457092285156,33.60206985473633,1,1,0.0,0.0,0.0
hf_github_codereview,e3148169ebffe624,0.5180571675300598,0.46832385659217834,0.09946662187576294,0.46832385659217834,0.5892328023910522,0.5180571675300598,0.0,40.21278381347656,41.53337478637695,1,2,0.0,0.0,0.0
hf_github_codereview,cbd9508fa9f19a0c,0.2044934183359146,0.15123237172762552,0.045045047998428345,0.15123237172762552,0.22204920649528503,0.2044934183359146,0.0,37.35658264160156,42.26475397745768,1,3,0.0,0.0,0.0
hf_github_codereview,d8701e9e3e440b0e,0.6873316764831543,0.6873316764831543,0.6873316764831543,0.6873316764831543,0.6873317956924438,0.6873316764831543,0.0,37.00747299194336,41.96535110473633,1,1,1.0,0.0,0.0
hf_github_codereview,a15386ea399477c7,0.8297014832496643,0.546037346124649,0.5673282742500305,0.546037346124649,0.7137438058853149,0.8297014832496643,0.0,39.85391616821289,35.81332778930664,1,2,0.5,0.5,0.5
hf_github_codereview,bca92c7429790ab9,0.8967323899269104,0.7229814231395721,0.3475019335746765,0.7229814231395721,0.807053804397583,0.8967323899269104,0.0,33.2291259765625,38.35244369506836,1,2,0.5,0.5,0.5
hf_github_codereview,d56150cfb6715ec2,0.9336289167404175,0.5525519773364067,0.7621538788080215,0.5525519773364067,0.7220765352249146,0.9336289167404175,0.0,36.128414154052734,34.30354404449463,1,2,0.5,0.5,0.5
hf_github_codereview,960b40bcf4102806,0.9180370569229126,0.6709344685077667,0.49420517683029175,0.6709344685077667,0.8077538013458252,0.9180370569229126,0.0,35.480323791503906,37.585609436035156,1,2,0.5,0.5,0.5
hf_github_codereview,24d57ba728066d39,0.3728579580783844,0.3728579580783844,0.3728579580783844,0.3728579580783844,0.3728579878807068,0.3728579580783844,0.0,32.079219818115234,41.8580207824707,1,1,0.0,0.0,0.0
hf_github_codereview,ab16fbe93bb0af4a,0.9102596044540405,0.9102596044540405,0.9102596044540405,0.9102596044540405,0.9102597236633301,0.9102596044540405,0.0,46.005332946777344,41.8580207824707,1,1,1.0,1.0,1.0
hf_github_codereview,e6a0d0289daaac72,0.9963356256484985,0.9963356256484985,0.9963356256484985,0.9963356256484985,0.9963356852531433,0.9963356256484985,0.0,44.59300994873047,44.64645767211914,1,1,1.0,1.0,1.0
hf_github_codereview,b1779d8ce2264abf,0.6116161942481995,0.6116161942481995,0.6116161942481995,0.6116161942481995,0.6116161942481995,0.6116161942481995,0.0,46.13560485839844,42.733760833740234,1,1,1.0,0.0,0.0
hf_github_codereview,431a4e6dca9dc6f2,0.994468092918396,0.994468092918396,0.994468092918396,0.994468092918396,0.994468092918396,0.994468092918396,0.0,43.909149169921875,42.733760833740234,1,1,1.0,1.0,1.0
hf_github_codereview,3f4734fcb8631611,0.7877588868141174,0.7877588868141174,0.7877588868141174,0.7877588868141174,0.7877588868141174,0.7877588868141174,0.0,40.18556594848633,45.88227844238281,1,1,1.0,1.0,0.0
hf_github_codereview,eb52fef4935505bb,1.0,0.6987338364124298,0.10379230976104736,0.6987338364124298,0.876340389251709,1.0,0.0,37.42072296142578,37.925907135009766,1,3,0.6666666666666666,0.6666666666666666,0.6666666666666666
hf_github_codereview,58d0598de8ea798f,0.9067451357841492,0.653727134068807,0.08145660161972046,0.653727134068807,0.823519229888916,0.9067451357841492,0.0,37.793243408203125,39.18095143636068,1,3,0.6666666666666666,0.6666666666666666,0.6666666666666666
hf_github_codereview,bfcf3a69cfa10fb6,0.8395194411277771,0.669047549366951,0.3409437835216522,0.669047549366951,0.7726037502288818,0.8395194411277771,0.0,38.84729766845703,32.15418243408203,1,2,0.5,0.5,0.5
hf_github_codereview,2db16f0aef453bd3,0.9222149848937988,0.8034123778343201,0.23760521411895752,0.8034123778343201,0.8718826770782471,0.9222149848937988,0.0,36.93745422363281,33.350229263305664,1,2,1.0,0.5,0.5
hf_github_codereview,19617e3e7e6e2b5a,1.0,1.0,1.0,1.0,1.0,1.0,0.0,33.91641616821289,33.91641616821289,1,1,1.0,1.0,1.0
hf_github_codereview,cfb0fc9502b49ad1,0.9999998211860657,0.9999998211860657,0.9999998211860657,0.9999998211860657,0.9999999403953552,0.9999998211860657,0.0,43.38179397583008,43.38179397583008,1,1,1.0,1.0,1.0
hf_github_codereview,3c78e97f2d98ee3d,0.7749040126800537,0.6702832778294882,0.03459066152572632,0.6702832778294882,0.7848200798034668,0.7749040126800537,0.0,35.76632308959961,39.28644307454427,1,3,0.6666666666666666,0.6666666666666666,0.0
hf_github_codereview,55b29b9d739459df,0.5070254802703857,0.5070254802703857,0.5070254802703857,0.5070254802703857,0.5070254802703857,0.5070254802703857,0.0,39.77803421020508,28.982887268066406,1,1,0.0,0.0,0.0
hf_github_codereview,01017cf1c58767f2,0.7921724915504456,0.7921724915504456,0.7921724915504456,0.7921724915504456,0.7921724915504456,0.7921724915504456,0.0,43.20468521118164,44.704132080078125,1,1,1.0,1.0,0.0
hf_github_codereview,f962f63b25121669,0.7921724915504456,0.7921724915504456,0.7921724915504456,0.7921724915504456,0.7921724915504456,0.7921724915504456,0.0,43.20468521118164,44.704132080078125,1,1,1.0,1.0,0.0
hf_github_codereview,a090b7cbe1e07617,0.9510464072227478,0.9510464072227478,0.9510464072227478,0.9510464072227478,0.9510464072227478,0.9510464072227478,0.0,39.45750427246094,39.51057052612305,1,1,1.0,1.0,1.0
hf_github_codereview,d6c749aebcb19f9a,0.8751590251922607,0.8751590251922607,0.8751590251922607,0.8751590251922607,0.8751590847969055,0.8751590251922607,0.0,46.73210144042969,38.99307632446289,1,1,1.0,1.0,1.0
hf_github_codereview,9aed09c8e557fd0c,0.7416175603866577,0.7416175603866577,0.7416175603866577,0.7416175603866577,0.7416176199913025,0.7416175603866577,0.0,39.029666900634766,38.99307632446289,1,1,1.0,1.0,0.0
hf_github_codereview,574dd307a08c16c3,0.24746236205101013,0.24746236205101013,0.24746236205101013,0.24746236205101013,0.24746236205101013,0.24746236205101013,0.0,42.988468170166016,36.75004196166992,1,1,0.0,0.0,0.0
hf_github_codereview,5837d61bf4f4be11,0.26726871728897095,0.26726871728897095,0.26726871728897095,0.26726871728897095,0.26726871728897095,0.26726871728897095,0.0,36.91098403930664,27.09276008605957,1,1,0.0,0.0,0.0
hf_github_codereview,c65cdda764108332,0.6255787014961243,0.6255787014961243,0.6255787014961243,0.6255787014961243,0.6255788207054138,0.6255787014961243,0.0,25.80367660522461,27.605436325073242,1,1,1.0,0.0,0.0
hf_github_codereview,f7d8a936eee6925c,0.27260997891426086,0.27260997891426086,0.27260997891426086,0.27260997891426086,0.27260997891426086,0.27260997891426086,0.0,38.140316009521484,27.605436325073242,1,1,0.0,0.0,0.0
hf_github_codereview,42bd0f698be07a66,0.8970766067504883,0.8970766067504883,0.8970766067504883,0.8970766067504883,0.8970766067504883,0.8970766067504883,0.0,42.02910614013672,45.44106674194336,1,1,1.0,1.0,1.0
hf_github_codereview,e659611f8565d046,0.5177714824676514,0.47878143191337585,0.07798010110855103,0.47878143191337585,0.554951548576355,0.5177714824676514,0.0,32.86336898803711,33.13591003417969,1,2,0.0,0.0,0.0
hf_github_codereview,2b3306530ac9006c,0.5619387626647949,0.5619387626647949,0.5619387626647949,0.5619387626647949,0.5619387626647949,0.5619387626647949,0.0,36.300262451171875,33.53913116455078,1,1,0.0,0.0,0.0
hf_github_codereview,69db091ac28c5901,0.15976189076900482,0.1558137983083725,0.007896184921264648,0.1558137983083725,0.17898577451705933,0.15976189076900482,0.0,37.310447692871094,42.81018257141113,1,2,0.0,0.0,0.0
hf_github_codereview,d76afa3447281f67,0.49376970529556274,0.3491959944367409,0.28914742171764374,0.3491959944367409,0.4579407572746277,0.49376970529556274,0.0,40.72459411621094,43.66671180725098,1,2,0.0,0.0,0.0
hf_github_codereview,965e3d1e74f6073e,0.19651782512664795,0.1736053004860878,0.0458250492811203,0.1736053004860878,0.19942311942577362,0.19651782512664795,0.0,44.911033630371094,42.81018257141113,1,2,0.0,0.0,0.0
hf_github_codereview,300971631faf2b30,0.5754867196083069,0.45858163634936017,0.06003612279891968,0.45858163634936017,0.6197614669799805,0.5754867196083069,0.0,36.30500030517578,41.327415466308594,1,3,0.0,0.0,0.0
hf_github_codereview,7c98bf045800b625,0.5531366467475891,0.36336762209733325,0.15839695930480957,0.36336762209733325,0.4782370328903198,0.5531366467475891,0.0,45.86858367919922,38.13876088460287,1,3,0.0,0.0,0.0
hf_github_codereview,ad2d1db42c1adea5,0.7157589793205261,0.5010829071203867,0.0235326886177063,0.5010829071203867,0.6863620281219482,0.7157589793205261,0.0,47.98760223388672,36.67602284749349,1,3,0.6666666666666666,0.3333333333333333,0.0
hf_github_codereview,9b711ef9234b931e,0.23146647214889526,0.23146647214889526,0.23146647214889526,0.23146647214889526,0.23146648705005646,0.23146647214889526,0.0,44.012840270996094,24.729904174804688,1,1,0.0,0.0,0.0
hf_github_codereview,ef55e91958f77a10,1.0,0.8969961404800415,0.206007719039917,0.8969961404800415,0.9470988512039185,1.0,0.0,42.129573822021484,43.78339958190918,1,2,1.0,1.0,0.5
hf_github_codereview,aafc00dc89b9c294,0.5673442482948303,0.4239100068807602,0.28686848282814026,0.4239100068807602,0.4941388964653015,0.5673442482948303,0.0,41.79118347167969,34.42666435241699,1,2,0.0,0.0,0.0
hf_github_codereview,43b92ef4ccdab57b,0.7142126560211182,0.7142126560211182,0.7142126560211182,0.7142126560211182,0.7142126560211182,0.7142126560211182,0.0,41.43562698364258,42.3173713684082,1,1,1.0,1.0,0.0
hf_github_codereview,108f56c8d2068ec7,1.0,1.0,1.0,1.0,1.0,1.0,0.0,33.95893096923828,33.95893096923828,1,1,1.0,1.0,1.0
hf_github_codereview,30678bcb66d06cdb,0.618852436542511,0.618852436542511,0.618852436542511,0.618852436542511,0.6188525557518005,0.618852436542511,0.0,43.04618453979492,34.418148040771484,1,1,1.0,0.0,0.0
hf_github_codereview,17fb71cd798fed03,0.8443126678466797,0.7880744636058807,0.1124764084815979,0.7880744636058807,0.8282703757286072,0.8443126678466797,0.0,33.06886672973633,32.14863872528076,1,2,1.0,1.0,0.5
hf_github_codereview,3cb7a7cee756e70b,0.2533275783061981,0.2533275783061981,0.2533275783061981,0.2533275783061981,0.2533275783061981,0.2533275783061981,0.0,47.94261932373047,33.273494720458984,1,1,0.0,0.0,0.0
hf_github_codereview,fa0204ab7b17931b,0.6524224281311035,0.6524224281311035,0.6524224281311035,0.6524224281311035,0.6524224877357483,0.6524224281311035,0.0,37.80055236816406,29.226665496826172,1,1,1.0,0.0,0.0
hf_github_codereview,132599a4300bd28a,0.5215166807174683,0.5215166807174683,0.5215166807174683,0.5215166807174683,0.521516740322113,0.5215166807174683,0.0,43.03510665893555,40.684165954589844,1,1,0.0,0.0,0.0
hf_github_codereview,fcb73e9bdbfd5aa2,0.46330538392066956,0.46330538392066956,0.46330538392066956,0.46330538392066956,0.46330541372299194,0.46330538392066956,0.0,29.653860092163086,45.628273010253906,1,1,0.0,0.0,0.0
hf_github_codereview,38c0860d20006fde,0.8414509296417236,0.5876309871673584,0.5076398849487305,0.5876309871673584,0.711089015007019,0.8414509296417236,0.0,29.804428100585938,38.29335021972656,1,2,0.5,0.5,0.5
hf_github_codereview,c5a1a6b869700f40,0.47813278436660767,0.3445042719443639,0.05042576789855957,0.3445042719443639,0.45877179503440857,0.47813278436660767,0.0,34.17238998413086,43.38203557332357,1,3,0.0,0.0,0.0
hf_github_codereview,566e2d062bc8c0d1,0.7509181499481201,0.50860995054245,0.48461639881134033,0.50860995054245,0.6328843832015991,0.7509181499481201,0.0,39.45820236206055,36.10224533081055,1,2,0.5,0.5,0.0
hf_github_codereview,be5edf7ab627587c,0.09451764822006226,0.09451764822006226,0.09451764822006226,0.09451764822006226,0.09451764822006226,0.09451764822006226,0.0,45.4427490234375,22.862348556518555,1,1,0.0,0.0,0.0
hf_github_codereview,c506b15b76d25868,0.5184880495071411,0.5184880495071411,0.5184880495071411,0.5184880495071411,0.5184880495071411,0.5184880495071411,0.0,43.85501480102539,42.36406707763672,1,1,0.0,0.0,0.0
hf_github_codereview,7784530e507963e8,0.7557523250579834,0.7557523250579834,0.7557523250579834,0.7557523250579834,0.7557523846626282,0.7557523250579834,0.0,39.68890380859375,42.36406707763672,1,1,1.0,1.0,0.0
hf_github_codereview,7765ef4474fece71,0.5791036486625671,0.5791036486625671,0.5791036486625671,0.5791036486625671,0.5791036486625671,0.5791036486625671,0.0,39.945594787597656,23.38579559326172,1,1,0.0,0.0,0.0
hf_github_codereview,09217d5bc576ac0f,1.0,0.5895325466990471,0.8209349066019058,0.5895325466990471,0.7678103446960449,1.0,0.0,42.62676239013672,41.17992401123047,1,2,0.5,0.5,0.5
hf_github_codereview,2edfd3817813f46d,0.8343687057495117,0.7346485257148743,0.1994403600692749,0.7346485257148743,0.819957971572876,0.8343687057495117,0.0,41.48542022705078,39.31875228881836,1,2,1.0,0.5,0.5
hf_github_codereview,f49855cc9140cc4b,0.8473069667816162,0.8473069667816162,0.8473069667816162,0.8473069667816162,0.8473069667816162,0.8473069667816162,0.0,45.4495735168457,35.08913803100586,1,1,1.0,1.0,1.0
hf_github_codereview,992e1aefbbf73056,0.7228569984436035,0.7228569984436035,0.7228569984436035,0.7228569984436035,0.7228569984436035,0.7228569984436035,0.0,47.30607986450195,39.19295883178711,1,1,1.0,1.0,0.0
hf_github_codereview,a9ff6cc5213e57cd,0.9973469376564026,0.9973469376564026,0.9973469376564026,0.9973469376564026,0.9973469376564026,0.9973469376564026,0.0,39.909942626953125,39.00447082519531,1,1,1.0,1.0,1.0
hf_github_codereview,83a83fbe3da9a6b0,0.5697137117385864,0.5420273244380951,0.012423276901245117,0.5420273244380951,0.6589140892028809,0.5697137117385864,0.0,24.975751876831055,39.92962137858073,1,3,0.0,0.0,0.0
hf_github_codereview,f2b90b3b0bcc75cf,0.9977468252182007,0.9977468252182007,0.9977468252182007,0.9977468252182007,0.9977468252182007,0.9977468252182007,0.0,46.69231033325195,46.67857360839844,1,1,1.0,1.0,1.0
hf_github_codereview,2c1ef2a3166a8e0d,0.354264497756958,0.3156893054644267,0.04251265525817871,0.3060549721121788,0.36351871490478516,0.354264497756958,0.0,45.82954406738281,41.149394035339355,1,4,0.0,0.0,0.0
hf_github_codereview,9631738e5f984e61,0.25981560349464417,0.25981560349464417,0.25981560349464417,0.25981560349464417,0.25981563329696655,0.25981560349464417,0.0,38.28789138793945,42.962249755859375,1,1,0.0,0.0,0.0
hf_github_codereview,f8f23a183740a943,0.7094443440437317,0.7094443440437317,0.7094443440437317,0.7094443440437317,0.7094444036483765,0.7094443440437317,0.0,43.38632583618164,44.5481071472168,1,1,1.0,1.0,0.0
hf_github_codereview,7a946b6861e9ead0,0.8901265859603882,0.8901265859603882,0.8901265859603882,0.8901265859603882,0.8901265859603882,0.8901265859603882,0.0,36.53776550292969,41.454647064208984,1,1,1.0,1.0,1.0
hf_github_codereview,824b252ecdefae6c,0.9999999403953552,0.9999999403953552,0.9999999403953552,0.9999999403953552,1.0,0.9999999403953552,0.0,42.711631774902344,42.711631774902344,1,1,1.0,1.0,1.0
hf_github_codereview,3aeb2ef27fe4e950,0.7938714027404785,0.5476160049438477,0.2914928197860718,0.5476160049438477,0.6826908588409424,0.7938714027404785,0.0,39.01670837402344,38.00582758585612,1,3,0.3333333333333333,0.3333333333333333,0.0
hf_github_codereview,9456e4927ef97139,0.19560308754444122,0.18748285621404648,0.01624046266078949,0.18748285621404648,0.2225508987903595,0.19560308754444122,0.0,36.9932746887207,32.48935127258301,1,2,0.0,0.0,0.0
hf_github_codereview,369fdfb11695b3fe,0.7164849042892456,0.5356234014034271,0.2561666965484619,0.5356234014034271,0.6288847923278809,0.7164849042892456,0.0,39.600250244140625,36.552955627441406,1,3,0.3333333333333333,0.3333333333333333,0.0
hf_github_codereview,e293645dd9847c4a,0.5045469403266907,0.4504895806312561,0.04422873258590698,0.4504895806312561,0.5714216232299805,0.5045469403266907,0.0,39.600250244140625,37.13185246785482,1,3,0.0,0.0,0.0
hf_github_codereview,caf4ed920acd6855,0.6479983925819397,0.537531167268753,0.2209344506263733,0.537531167268753,0.6210909485816956,0.6479983925819397,0.0,39.39346694946289,33.112863540649414,1,2,0.5,0.0,0.0
hf_github_codereview,b452378ae1f631d6,0.5321770906448364,0.5321770906448364,0.5321770906448364,0.5321770906448364,0.5321770906448364,0.5321770906448364,0.0,36.8859977722168,34.576255798339844,1,1,0.0,0.0,0.0
hf_github_codereview,18ff6bf61238e683,0.28576165437698364,0.27827009558677673,0.014983117580413818,0.27827009558677673,0.3506302833557129,0.28576165437698364,0.0,39.781494140625,38.76749801635742,1,2,0.0,0.0,0.0
hf_github_codereview,858bbc77b77c8b81,0.6919935941696167,0.6919935941696167,0.6919935941696167,0.6919935941696167,0.6919935941696167,0.6919935941696167,0.0,32.55021286010742,30.360877990722656,1,1,1.0,0.0,0.0
hf_github_codereview,288a6ba45e530a7f,1.0,1.0,1.0,1.0,1.0,1.0,0.0,24.699356079101562,24.699356079101562,1,1,1.0,1.0,1.0
hf_github_codereview,6709e91a46a41a04,0.9999998807907104,0.9999998807907104,0.9999998807907104,0.9999998807907104,0.9999999403953552,0.9999998807907104,0.0,38.526729583740234,38.526729583740234,1,1,1.0,1.0,1.0
hf_github_codereview,3f67bd16f7934917,0.2798821032047272,0.2703586667776108,0.019046872854232788,0.2703586667776108,0.2872704863548279,0.2798821032047272,0.0,28.578086853027344,38.884164810180664,1,2,0.0,0.0,0.0
hf_github_codereview,37af0abadcb66bef,0.5365411639213562,0.5365411639213562,0.5365411639213562,0.5365411639213562,0.536541223526001,0.5365411639213562,0.0,47.51622009277344,47.1159782409668,1,1,0.0,0.0,0.0
hf_github_codereview,d5f7bb99dc97882d,0.9999999403953552,0.9999999403953552,0.9999999403953552,0.9999999403953552,1.0,0.9999999403953552,0.0,47.1159782409668,47.1159782409668,1,1,1.0,1.0,1.0
hf_github_codereview,559a2d88ab883ad7,1.0,1.0,1.0,1.0,1.0,1.0,0.0,38.70789337158203,38.70789337158203,1,1,1.0,1.0,1.0
hf_github_codereview,c326d38c326c7aae,0.44509392976760864,0.44509392976760864,0.44509392976760864,0.44509392976760864,0.44509392976760864,0.44509392976760864,0.0,30.174583435058594,35.60744857788086,1,1,0.0,0.0,0.0
hf_github_codereview,90eddde2d4ec6a5c,0.42575591802597046,0.42575591802597046,0.42575591802597046,0.42575591802597046,0.42575597763061523,0.42575591802597046,0.0,40.38764190673828,43.67243576049805,1,1,0.0,0.0,0.0
hf_github_codereview,3bab5bca8b658694,0.737984299659729,0.737984299659729,0.737984299659729,0.737984299659729,0.737984299659729,0.737984299659729,0.0,47.20999526977539,32.38407897949219,1,1,1.0,1.0,0.0
hf_github_codereview,12166cc85d9b89f7,1.0,1.0,1.0,1.0,1.0,1.0,0.0,45.76806640625,45.76806640625,1,1,1.0,1.0,1.0
hf_github_codereview,88a7114cd3f019d7,0.6862539052963257,0.5182374119758606,0.3360329866409302,0.5182374119758606,0.6424016952514648,0.6862539052963257,0.0,40.328948974609375,38.70907211303711,1,2,0.5,0.0,0.0
hf_github_codereview,0f77c03d7fb622be,0.7194885015487671,0.7194885015487671,0.7194885015487671,0.7194885015487671,0.7194884419441223,0.7194885015487671,0.0,36.58043670654297,30.08669662475586,1,1,1.0,1.0,0.0
hf_github_codereview,3e23db91af7f0627,0.9131871461868286,0.9131871461868286,0.9131871461868286,0.9131871461868286,0.9131872057914734,0.9131871461868286,0.0,34.43111801147461,30.536643981933594,1,1,1.0,1.0,1.0
hf_github_codereview,f1b176cd9e901ee4,0.6166527271270752,0.6166527271270752,0.6166527271270752,0.6166527271270752,0.61665278673172,0.6166527271270752,0.0,33.74250793457031,35.014827728271484,1,1,1.0,0.0,0.0
hf_github_codereview,40d9f3a2f0470764,0.3432031273841858,0.3432031273841858,0.3432031273841858,0.3432031273841858,0.3432031273841858,0.3432031273841858,0.0,40.96005630493164,36.89869689941406,1,1,0.0,0.0,0.0
hf_github_codereview,31eaae11b21485de,0.3418506383895874,0.3418506383895874,0.3418506383895874,0.3418506383895874,0.3418506383895874,0.3418506383895874,0.0,42.75990295410156,36.89869689941406,1,1,0.0,0.0,0.0
hf_github_codereview,18c515bbe4a152b2,1.0,0.6413084268569946,0.4592757821083069,0.5659639239311218,0.7561870217323303,1.0,0.0,47.41080093383789,39.61058855056763,1,4,0.25,0.25,0.25
hf_github_codereview,95bf21682731ac52,0.42399752140045166,0.35359156131744385,0.14081192016601562,0.35359156131744385,0.3977110981941223,0.42399752140045166,0.0,46.96809005737305,32.206857681274414,1,2,0.0,0.0,0.0
hf_github_codereview,60dfcc1b3cd696ee,0.9936845898628235,0.9936845898628235,0.9936845898628235,0.9936845898628235,0.9936845898628235,0.9936845898628235,0.0,43.14120864868164,42.37183380126953,1,1,1.0,1.0,1.0
hf_github_codereview,7df52a73827c83e3,1.0,1.0,1.0,1.0,1.0,1.0,0.0,37.8671875,37.8671875,1,1,1.0,1.0,1.0
hf_github_codereview,eb947e491586f3ce,1.0,1.0,1.0,1.0,1.0,1.0,0.0,40.53142166137695,40.53142166137695,1,1,1.0,1.0,1.0
hf_github_codereview,fd6d0e37201028d4,0.9999998807907104,0.9999998807907104,0.9999998807907104,0.9999998807907104,0.9999999403953552,0.9999998807907104,0.0,39.765220642089844,39.765220642089844,1,1,1.0,1.0,1.0
hf_github_codereview,de097d5bf586edc2,1.0,1.0,1.0,1.0,1.0,1.0,0.0,45.34148025512695,45.34148025512695,1,1,1.0,1.0,1.0
hf_github_codereview,bd9c5f91add701f0,0.4388362169265747,0.4388362169265747,0.4388362169265747,0.4388362169265747,0.4388362169265747,0.4388362169265747,0.0,46.56155776977539,32.123939514160156,1,1,0.0,0.0,0.0
hf_github_codereview,701f47d0d22d6768,0.636080801486969,0.42576640099287033,0.4206288009881973,0.42576640099287033,0.50128573179245,0.636080801486969,0.0,33.504817962646484,43.853885650634766,1,2,0.5,0.0,0.0
hf_github_codereview,23fde59519d4298b,0.3448270559310913,0.3448270559310913,0.3448270559310913,0.3448270559310913,0.3448271155357361,0.3448270559310913,0.0,45.3973388671875,29.68990707397461,1,1,0.0,0.0,0.0
hf_github_codereview,4f564eaf7e37f6c8,0.5109362602233887,0.5109362602233887,0.5109362602233887,0.5109362602233887,0.5109362602233887,0.5109362602233887,0.0,34.227630615234375,36.04601287841797,1,1,0.0,0.0,0.0
hf_github_codereview,0f2bbd92830df629,1.0,1.0,1.0,1.0,1.0,1.0,0.0,36.45488357543945,36.45488357543945,1,1,1.0,1.0,1.0
hf_github_codereview,88c8321d58d58b11,0.22236990928649902,0.22236990928649902,0.22236990928649902,0.22236990928649902,0.22236990928649902,0.22236990928649902,0.0,24.729904174804688,27.255340576171875,1,1,0.0,0.0,0.0
hf_github_codereview,a955a5e3f72ea713,0.6077136993408203,0.4632953455050786,0.0480351448059082,0.4632953455050786,0.6160371899604797,0.6077136993408203,0.0,40.57124328613281,37.11081504821777,1,3,0.3333333333333333,0.0,0.0
hf_github_codereview,36c49bc018099c35,0.9961137771606445,0.9961137771606445,0.9961137771606445,0.9961137771606445,0.9961137771606445,0.9961137771606445,0.0,45.89965057373047,45.78940963745117,1,1,1.0,1.0,1.0
hf_github_codereview,5584728d3e74ba7f,0.7695612907409668,0.5544478297233582,0.4302269220352173,0.5544478297233582,0.6952122449874878,0.7695612907409668,0.0,39.470787048339844,33.50475311279297,1,2,0.5,0.5,0.0
hf_github_codereview,7562ca7c36484e05,0.9999998211860657,0.9999998211860657,0.9999998211860657,0.9999998211860657,1.0,0.9999998211860657,0.0,29.588119506835938,29.588119506835938,1,1,1.0,1.0,1.0
hf_github_codereview,b17fef04cada9fbb,1.0,1.0,1.0,1.0,1.0,1.0,0.0,41.401065826416016,41.401065826416016,1,1,1.0,1.0,1.0
hf_github_codereview,6887c9597905894d,1.0,1.0,1.0,1.0,1.0,1.0,0.0,39.4512939453125,39.4512939453125,1,1,1.0,1.0,1.0
hf_github_codereview,3e6546e6a038494e,1.0,1.0,1.0,1.0,1.0,1.0,0.0,30.350894927978516,30.350894927978516,1,1,1.0,1.0,1.0
hf_github_codereview,2ab55890d3312683,1.0,1.0,1.0,1.0,1.0,1.0,0.0,35.7523307800293,35.7523307800293,1,1,1.0,1.0,1.0
hf_github_codereview,30588209c826e28a,1.0,1.0,1.0,1.0,1.0,1.0,0.0,35.7523307800293,35.7523307800293,1,1,1.0,1.0,1.0
hf_github_codereview,3bc1096ebc036d3a,1.0,1.0,1.0,1.0,1.0,1.0,0.0,31.853466033935547,31.853466033935547,1,1,1.0,1.0,1.0
hf_github_codereview,bb4e6ab3e22836aa,0.5010408759117126,0.5010408759117126,0.5010408759117126,0.5010408759117126,0.5010409355163574,0.5010408759117126,0.0,38.11249542236328,35.14498519897461,1,1,0.0,0.0,0.0
hf_github_codereview,38d1931e7b15ce91,0.19370326399803162,0.19370326399803162,0.19370326399803162,0.19370326399803162,0.1937032788991928,0.19370326399803162,0.0,36.34137725830078,28.66238784790039,1,1,0.0,0.0,0.0
hf_github_codereview,c84172e7fd42d39a,1.0,1.0,1.0,1.0,1.0,1.0,0.0,40.39360046386719,40.39360046386719,1,1,1.0,1.0,1.0
hf_github_codereview,e89ce6634e67dec0,0.9391947984695435,0.7724750936031342,0.3334394097328186,0.7724750936031342,0.8611469864845276,0.9391947984695435,0.0,37.479698181152344,37.95339393615723,1,2,1.0,0.5,0.5
hf_github_codereview,7f24e719084a3b0c,0.988714873790741,0.988714873790741,0.988714873790741,0.988714873790741,0.9887149930000305,0.988714873790741,0.0,41.65910720825195,40.53788757324219,1,1,1.0,1.0,1.0
hf_github_codereview,34f5ba998b54c8ed,1.0,1.0,1.0,1.0,1.0,1.0,0.0,36.641597747802734,36.641597747802734,1,1,1.0,1.0,1.0
hf_github_codereview,ca068eeef872e700,0.4355618357658386,0.2908535972237587,0.28941647708415985,0.2908535972237587,0.37093544006347656,0.4355618357658386,0.0,46.90761184692383,34.936601638793945,1,2,0.0,0.0,0.0
hf_github_codereview,a2e34e9471749e8c,0.7547988891601562,0.4644974619150162,0.5806028544902802,0.4644974619150162,0.6066039800643921,0.7547988891601562,0.0,48.02865219116211,36.79287910461426,1,2,0.5,0.5,0.0
hf_github_codereview,115002cabe230dec,0.8564276695251465,0.8564276695251465,0.8564276695251465,0.8564276695251465,0.8564276695251465,0.8564276695251465,0.0,42.70561599731445,45.30009078979492,1,1,1.0,1.0,1.0
hf_github_codereview,c29fc541a1b6adb0,0.5243121981620789,0.4329519271850586,0.18272054195404053,0.4329519271850586,0.5414974689483643,0.5243121981620789,0.0,35.20587921142578,34.91007709503174,1,2,0.0,0.0,0.0
hf_github_codereview,cb3e10095e2243bd,0.4877283275127411,0.4877283275127411,0.4877283275127411,0.4877283275127411,0.4877283573150635,0.4877283275127411,0.0,32.31222915649414,38.37384796142578,1,1,0.0,0.0,0.0
hf_github_codereview,7b6cf8e35920afc8,0.8550102710723877,0.5716911256313324,0.5666382908821106,0.5716911256313324,0.7164795994758606,0.8550102710723877,0.0,36.02946090698242,35.8722505569458,1,2,0.5,0.5,0.5
hf_github_codereview,bf250ee4c9ee8ebb,0.8962879776954651,0.450464703142643,0.8916465491056442,0.450464703142643,0.6420372724533081,0.8962879776954651,0.0,36.86870574951172,30.0721378326416,1,2,0.5,0.5,0.5
hf_github_codereview,5d2c8ab658abf528,0.2081824243068695,0.19367210070292154,0.01244094967842102,0.19367210070292154,0.2717905044555664,0.2081824243068695,0.0,32.28738021850586,34.99074045817057,1,3,0.0,0.0,0.0
hf_github_codereview,f5a7e16360d2bf81,0.4494665563106537,0.3599006036917369,0.10263034701347351,0.3599006036917369,0.5054997205734253,0.4494665563106537,0.0,40.5657844543457,37.4349479675293,1,3,0.0,0.0,0.0
hf_github_codereview,8458fb28932ade2b,0.4899420142173767,0.4899420142173767,0.4899420142173767,0.4899420142173767,0.4899420738220215,0.4899420142173767,0.0,40.16450500488281,28.460071563720703,1,1,0.0,0.0,0.0
hf_github_codereview,f762bcbc9073335e,0.08703415095806122,0.08703415095806122,0.08703415095806122,0.08703415095806122,0.08703415095806122,0.08703415095806122,0.0,42.708255767822266,30.841968536376953,1,1,0.0,0.0,0.0
hf_github_codereview,89ec34d3bd422d27,0.9930477738380432,0.9930477738380432,0.9930477738380432,0.9930477738380432,0.9930479526519775,0.9930477738380432,0.0,43.53572463989258,43.71571350097656,1,1,1.0,1.0,1.0
hf_github_codereview,af16aebc42cf536d,0.5773727297782898,0.5773727297782898,0.5773727297782898,0.5773727297782898,0.5773727893829346,0.5773727297782898,0.0,43.846038818359375,42.58598327636719,1,1,0.0,0.0,0.0
hf_github_codereview,4e75a800869a6ec4,1.0,0.6112635880708694,0.7774728238582611,0.6112635880708694,0.7818335294723511,1.0,0.0,37.91071319580078,35.44535827636719,1,2,0.5,0.5,0.5
hf_github_codereview,6be36df067ae0caf,0.3951937258243561,0.3401331752538681,0.11012110114097595,0.3401331752538681,0.41228920221328735,0.3951937258243561,0.0,38.92210388183594,31.71629047393799,1,2,0.0,0.0,0.0
hf_github_codereview,dfde8d56d13b9dd0,0.9999999403953552,0.5853027328848839,0.8293944150209427,0.5853027328848839,0.7650507688522339,0.9999999403953552,0.0,42.14226150512695,36.78775405883789,1,2,0.5,0.5,0.5
hf_github_codereview,7b24b2e8d655edf8,0.25755566358566284,0.25755566358566284,0.25755566358566284,0.25755566358566284,0.25755566358566284,0.25755566358566284,0.0,35.165130615234375,28.732200622558594,1,1,0.0,0.0,0.0
hf_github_codereview,9332437894751407,0.8293942213058472,0.7505383193492889,0.15771180391311646,0.7505383193492889,0.8484405279159546,0.8293942213058472,0.0,35.33393478393555,31.701661109924316,1,2,1.0,0.5,0.5
hf_github_codereview,f71376566cb700e2,0.7899244427680969,0.7225221693515778,0.13480454683303833,0.7225221693515778,0.8167699575424194,0.7899244427680969,0.0,36.17208480834961,31.701661109924316,1,2,1.0,0.5,0.0
hf_github_codereview,4540c2fdad90e55a,0.2748956084251404,0.2748956084251404,0.2748956084251404,0.2748956084251404,0.2748956084251404,0.2748956084251404,0.0,33.874481201171875,38.70188522338867,1,1,0.0,0.0,0.0
hf_github_codereview,fdacb5bda9bf1b7e,0.18425250053405762,0.18425250053405762,0.18425250053405762,0.18425250053405762,0.18425250053405762,0.18425250053405762,0.0,33.874481201171875,26.737178802490234,1,1,0.0,0.0,0.0
hf_github_codereview,f43d426148954df2,0.6024196147918701,0.6024196147918701,0.6024196147918701,0.6024196147918701,0.6024196147918701,0.6024196147918701,0.0,33.57476043701172,25.025461196899414,1,1,1.0,0.0,0.0
hf_github_codereview,eb54e6ef81332cb4,0.964514970779419,0.964514970779419,0.964514970779419,0.964514970779419,0.964514970779419,0.964514970779419,0.0,33.85873794555664,33.42097473144531,1,1,1.0,1.0,1.0
hf_github_codereview,7a8f12466ae5f89c,0.3141145706176758,0.3141145706176758,0.3141145706176758,0.3141145706176758,0.3141145706176758,0.3141145706176758,0.0,40.686851501464844,27.87236976623535,1,1,0.0,0.0,0.0
hf_github_codereview,eb91bb51d24fd71d,0.4974372982978821,0.4974372982978821,0.4974372982978821,0.4974372982978821,0.4974372982978821,0.4974372982978821,0.0,35.310585021972656,45.47828674316406,1,1,0.0,0.0,0.0
hf_github_codereview,e26ea6b7ab2dff12,0.32610929012298584,0.32610929012298584,0.32610929012298584,0.32610929012298584,0.32610929012298584,0.32610929012298584,0.0,38.43046569824219,43.110599517822266,1,1,0.0,0.0,0.0
hf_github_codereview,3290cd78c2107352,0.9999996423721313,0.9999996423721313,0.9999996423721313,0.9999996423721313,0.9999998807907104,0.9999996423721313,0.0,32.84634017944336,32.84634017944336,1,1,1.0,1.0,1.0
hf_github_codereview,64e1a1014b16cd90,1.0,1.0,1.0,1.0,1.0,1.0,0.0,41.19090270996094,41.19090270996094,1,1,1.0,1.0,1.0
hf_github_codereview,2fd56e49449b3981,0.688347578048706,0.688347578048706,0.688347578048706,0.688347578048706,0.688347578048706,0.688347578048706,0.0,32.97379684448242,40.395912170410156,1,1,1.0,0.0,0.0
hf_github_codereview,e4ee92a239241071,0.7553451657295227,0.7553451657295227,0.7553451657295227,0.7553451657295227,0.7553451657295227,0.7553451657295227,0.0,37.059715270996094,40.395912170410156,1,1,1.0,1.0,0.0
hf_github_codereview,a011d0f8cf2a093b,0.9999998807907104,0.9999998807907104,0.9999998807907104,0.9999998807907104,1.0,0.9999998807907104,0.0,43.448482513427734,43.448482513427734,1,1,1.0,1.0,1.0
hf_github_codereview,7b641f145a078211,0.32505562901496887,0.32505562901496887,0.32505562901496887,0.32505562901496887,0.32505562901496887,0.32505562901496887,0.0,40.69230651855469,26.57435417175293,1,1,0.0,0.0,0.0
hf_github_codereview,456bf29fc9205e69,0.48281314969062805,0.24583065509796143,0.3316285312175751,0.24583065509796143,0.3327195942401886,0.48281314969062805,0.0,31.240596771240234,36.73939514160156,1,3,0.0,0.0,0.0
hf_github_codereview,feacc0ae3d5b5249,0.6722508668899536,0.5777352452278137,0.18903124332427979,0.5777352452278137,0.6417830586433411,0.6722508668899536,0.0,39.804195404052734,41.92390251159668,1,2,0.5,0.0,0.0
hf_github_codereview,a355d88401a0a9c9,0.4905337989330292,0.4905337989330292,0.4905337989330292,0.4905337989330292,0.49053382873535156,0.4905337989330292,0.0,46.543052673339844,39.76155471801758,1,1,0.0,0.0,0.0
hf_github_codereview,68f8f60eb651cdf8,0.517500638961792,0.517500638961792,0.517500638961792,0.517500638961792,0.517500638961792,0.517500638961792,0.0,44.321250915527344,39.76155471801758,1,1,0.0,0.0,0.0
hf_github_codereview,efff0295ad3770b2,0.4462173879146576,0.4462173879146576,0.4462173879146576,0.4462173879146576,0.44621741771698,0.4462173879146576,0.0,40.71933364868164,39.76155471801758,1,1,0.0,0.0,0.0
hf_github_codereview,b81e7c6f165df36c,0.9561069011688232,0.9561069011688232,0.9561069011688232,0.9561069011688232,0.9561071395874023,0.9561069011688232,0.0,45.10585403442383,42.08753967285156,1,1,1.0,1.0,1.0
hf_github_codereview,e6e39734ce7c581f,0.6491773128509521,0.6491773128509521,0.6491773128509521,0.6491773128509521,0.6491773128509521,0.6491773128509521,0.0,31.851856231689453,43.63673400878906,1,1,1.0,0.0,0.0
hf_github_codereview,e1358aa74e27326b,0.9999998807907104,0.9999998807907104,0.9999998807907104,0.9999998807907104,1.0,0.9999998807907104,0.0,45.15156173706055,45.15156173706055,1,1,1.0,1.0,1.0
hf_github_codereview,9ffe167919e1187a,0.7557236552238464,0.7557236552238464,0.7557236552238464,0.7557236552238464,0.7557236552238464,0.7557236552238464,0.0,37.86241149902344,43.63673400878906,1,1,1.0,1.0,0.0
hf_github_codereview,ed9683f2898fc402,1.0,1.0,1.0,1.0,1.0,1.0,0.0,42.487281799316406,42.487281799316406,1,1,1.0,1.0,1.0
hf_github_codereview,14c3bd9db2ebc5ee,0.37803396582603455,0.37803396582603455,0.37803396582603455,0.37803396582603455,0.37803396582603455,0.37803396582603455,0.0,43.86728286743164,33.2619514465332,1,1,0.0,0.0,0.0
hf_github_codereview,abbd848eadd5b7a0,0.42470383644104004,0.42470383644104004,0.42470383644104004,0.42470383644104004,0.42470383644104004,0.42470383644104004,0.0,42.13818359375,29.80068016052246,1,1,0.0,0.0,0.0
hf_github_codereview,63a56886aa29910f,1.0,1.0,1.0,1.0,1.0,1.0,0.0,47.3558464050293,47.3558464050293,1,1,1.0,1.0,1.0
hf_github_codereview,6dd2070278a6b86b,1.0,0.8336052596569061,0.33278948068618774,0.8336052596569061,0.9130199551582336,1.0,0.0,42.42258834838867,43.11767578125,1,2,1.0,0.5,0.5
hf_github_codereview,53f6525ae56d26a2,1.0,0.8336052596569061,0.33278948068618774,0.8336052596569061,0.9130197763442993,1.0,0.0,43.81276321411133,43.11767578125,1,2,1.0,0.5,0.5
hf_github_codereview,4cd0ef33cc742ef7,0.6257902383804321,0.5467797070741653,0.15802106261253357,0.5467797070741653,0.6569323539733887,0.6257902383804321,0.0,40.49126434326172,42.685752868652344,1,2,0.5,0.0,0.0
hf_github_codereview,3a525721ed0179b1,0.9999998807907104,0.6654163151979446,0.6691671311855316,0.6654163151979446,0.8157304525375366,0.9999998807907104,0.0,44.14640808105469,38.99224090576172,1,2,0.5,0.5,0.5
hf_github_codereview,9dfcba9b4de0ecdc,0.3484315872192383,0.3484315872192383,0.3484315872192383,0.3484315872192383,0.3484315872192383,0.3484315872192383,0.0,38.379215240478516,31.088123321533203,1,1,0.0,0.0,0.0
hf_github_codereview,ccd54adcf2c487ac,0.22004611790180206,0.22004611790180206,0.22004611790180206,0.22004611790180206,0.22004611790180206,0.22004611790180206,0.0,38.379215240478516,43.701324462890625,1,1,0.0,0.0,0.0
hf_github_codereview,eb1e22c841a6277a,0.3484210968017578,0.30147207776705426,0.005239158868789673,0.2752198651432991,0.38125768303871155,0.3484210968017578,0.0,45.350059509277344,42.85786724090576,1,4,0.0,0.0,0.0
hf_github_codereview,cd5463f0a3a791a1,0.07762664556503296,0.07762664556503296,0.07762664556503296,0.07762664556503296,0.07762664556503296,0.07762664556503296,0.0,41.94392776489258,38.478057861328125,1,1,0.0,0.0,0.0
hf_github_codereview,5c1d69a1f26d9ee8,0.4399351477622986,0.4399351477622986,0.4399351477622986,0.4399351477622986,0.4399351477622986,0.4399351477622986,0.0,38.379215240478516,30.09126091003418,1,1,0.0,0.0,0.0
hf_github_codereview,16f03302b6770fdc,0.8108264803886414,0.4389403983950615,0.7437721639871597,0.4389403983950615,0.5922462344169617,0.8108264803886414,0.0,41.03289031982422,37.3732795715332,1,2,0.5,0.5,0.5
hf_github_codereview,d51616cc3aa85eb3,0.9771575927734375,0.6510970592498779,0.6521210670471191,0.6510970592498779,0.8022192120552063,0.9771575927734375,0.0,44.198490142822266,35.05366516113281,1,2,0.5,0.5,0.5
hf_github_codereview,842156a216fc29f8,0.3632867932319641,0.3280959129333496,0.04642254114151001,0.31547878682613373,0.44430893659591675,0.3632867932319641,0.0,33.99616622924805,39.65221405029297,1,4,0.0,0.0,0.0
hf_github_codereview,b031e1f6ed00d8c3,0.5483713150024414,0.39689989387989044,0.10988414287567139,0.39689989387989044,0.5155936479568481,0.5483713150024414,0.0,28.284603118896484,38.16767692565918,1,3,0.0,0.0,0.0
hf_github_codereview,357ba3b40aab2e80,0.6135848760604858,0.5259350339571635,0.04736053943634033,0.5259350339571635,0.68321692943573,0.6135848760604858,0.0,32.848899841308594,38.16767692565918,1,3,0.3333333333333333,0.0,0.0
hf_github_codereview,55c71d7c6a29686c,0.9999998807907104,0.6122246086597443,0.7755505442619324,0.6122246086597443,0.7824478149414062,0.9999998807907104,0.0,44.36534881591797,41.33796691894531,1,2,0.5,0.5,0.5
hf_github_codereview,37ab5403a9fa5c35,0.30261853337287903,0.30261853337287903,0.30261853337287903,0.30261853337287903,0.30261853337287903,0.30261853337287903,0.0,36.45309066772461,34.292640686035156,1,1,0.0,0.0,0.0
hf_github_codereview,d9495d372a82be6f,0.09831950068473816,0.09831950068473816,0.09831950068473816,0.09831950068473816,0.09831948578357697,0.09831950068473816,0.0,40.41265106201172,30.0515193939209,1,1,0.0,0.0,0.0
hf_github_codereview,22481a30a3cc075f,0.7712513208389282,0.7712513208389282,0.7712513208389282,0.7712513208389282,0.7712513208389282,0.7712513208389282,0.0,30.622146606445312,27.133991241455078,1,1,1.0,1.0,0.0
hf_github_codereview,932e1fbdcb03abef,0.45514994859695435,0.325669527053833,0.2589608430862427,0.325669527053833,0.3895590901374817,0.45514994859695435,0.0,39.3272590637207,36.49724769592285,1,2,0.0,0.0,0.0
hf_github_codereview,d9c491a6f51aa0b9,0.27040621638298035,0.2575548514723778,0.02570272982120514,0.2575548514723778,0.3331906199455261,0.27040621638298035,0.0,30.352293014526367,37.35257530212402,1,2,0.0,0.0,0.0
hf_github_codereview,16117283dc87b1ea,0.8400450944900513,0.8400450944900513,0.8400450944900513,0.8400450944900513,0.8400450944900513,0.8400450944900513,0.0,35.11608123779297,43.72175216674805,1,1,1.0,1.0,1.0
hf_github_codereview,8cc9a3e52be59d56,0.9416136145591736,0.5216597318649292,0.6151459813117981,0.3664567366242409,0.48857778310775757,0.9416136145591736,0.0,40.321128845214844,30.657835388183592,1,5,0.2,0.2,0.2
hf_github_codereview,0108aec3d1f1f993,0.6406197547912598,0.5319582223892212,0.21732306480407715,0.5319582223892212,0.6368128061294556,0.6406197547912598,0.0,35.873008728027344,36.71456718444824,1,2,0.5,0.0,0.0
hf_github_codereview,31b327600eebb7dd,0.0,0.0,0.0,0.0,0.0,0.0,0.0,31.729415893554688,0.0,1,0,0.0,0.0,0.0
hf_github_codereview,53ce9bd1c4878310,0.5221726894378662,0.5221726894378662,0.5221726894378662,0.5221726894378662,0.5221726894378662,0.5221726894378662,0.0,27.584793090820312,41.662208557128906,1,1,0.0,0.0,0.0
hf_github_codereview,f62dafaef17dbf39,0.6425188183784485,0.39304183423519135,0.4989539682865143,0.39304183423519135,0.5170361399650574,0.6425188183784485,0.0,33.572269439697266,35.80818557739258,1,2,0.5,0.0,0.0
hf_github_codereview,96101782beecee67,0.3783978223800659,0.3007032523552577,0.04021996259689331,0.3007032523552577,0.3914744257926941,0.3783978223800659,0.0,39.56536102294922,40.32163619995117,1,3,0.0,0.0,0.0
hf_github_codereview,46b9ec6fb7dfe681,0.3694518208503723,0.24915344268083572,0.24059675633907318,0.24915344268083572,0.31945356726646423,0.3694518208503723,0.0,43.65869903564453,38.069313049316406,1,2,0.0,0.0,0.0
hf_github_codereview,63ef422328dd8cea,0.310016930103302,0.310016930103302,0.310016930103302,0.310016930103302,0.310016930103302,0.310016930103302,0.0,33.79606246948242,33.42080307006836,1,1,0.0,0.0,0.0
hf_github_codereview,3b0351145e2042f5,0.7394143342971802,0.44471289217472076,0.5894028842449188,0.44471289217472076,0.5921667814254761,0.7394143342971802,0.0,47.9141960144043,36.92521667480469,1,2,0.5,0.5,0.0
hf_github_codereview,de15f0ef6663d4a3,0.7638445496559143,0.5140372601648172,0.04431629180908203,0.5140372601648172,0.6638031005859375,0.7638445496559143,0.0,37.149078369140625,40.73116811116537,1,3,0.6666666666666666,0.6666666666666666,0.0
hf_github_codereview,a46fc20734528231,0.6573688387870789,0.39921538531780243,0.5163069069385529,0.39921538531780243,0.5251573324203491,0.6573688387870789,0.0,33.42103958129883,35.80818557739258,1,2,0.5,0.0,0.0
hf_github_codereview,f0c50fbe009f4468,0.2990032434463501,0.2990032434463501,0.2990032434463501,0.2990032434463501,0.2990032434463501,0.2990032434463501,0.0,41.753414154052734,28.386491775512695,1,1,0.0,0.0,0.0
hf_github_codereview,1dcd357279624ccf,0.6924279928207397,0.6924279928207397,0.6924279928207397,0.6924279928207397,0.6924281120300293,0.6924279928207397,0.0,32.609397888183594,30.02630043029785,1,1,1.0,0.0,0.0
hf_github_codereview,a6c603f23ba6a152,0.9999999403953552,0.9999999403953552,0.9999999403953552,0.9999999403953552,1.0,0.9999999403953552,0.0,44.21104431152344,44.21104431152344,1,1,1.0,1.0,1.0
hf_github_codereview,96d4e649e584d957,0.9999999403953552,0.9999999403953552,0.9999999403953552,0.9999999403953552,1.0,0.9999999403953552,0.0,44.21104431152344,44.21104431152344,1,1,1.0,1.0,1.0
hf_github_codereview,c3a8ad2f1e5b8db6,0.6779019832611084,0.6779019832611084,0.6779019832611084,0.6779019832611084,0.6779019832611084,0.6779019832611084,0.0,43.169029235839844,43.027137756347656,1,1,1.0,0.0,0.0
hf_github_codereview,0185388223614dc2,0.9178317785263062,0.9178317785263062,0.9178317785263062,0.9178317785263062,0.9178319573402405,0.9178317785263062,0.0,36.82465362548828,37.44063949584961,1,1,1.0,1.0,1.0
hf_github_codereview,0eec40d97d21c94e,0.8296101093292236,0.4936230331659317,0.6719741523265839,0.4936230331659317,0.6335570216178894,0.8296101093292236,0.0,35.715511322021484,41.80516815185547,1,2,0.5,0.5,0.5
hf_github_codereview,f9cd0609386664dc,0.8770331144332886,0.5526571124792099,0.6487520039081573,0.5526571124792099,0.7045920491218567,0.8770331144332886,0.0,43.773780822753906,36.45241355895996,1,2,0.5,0.5,0.5
hf_github_codereview,0d56302131818af5,0.9677335619926453,0.6042067855596542,0.7270535528659821,0.6042067855596542,0.7656022310256958,0.9677335619926453,0.0,38.2469482421875,40.1296272277832,1,2,0.5,0.5,0.5
hf_github_codereview,9e217213ed71fc1f,0.40427809953689575,0.40427809953689575,0.40427809953689575,0.40427809953689575,0.4042781591415405,0.40427809953689575,0.0,42.444610595703125,29.160898208618164,1,1,0.0,0.0,0.0
hf_github_codereview,305febacbf69f3a5,0.7058237791061401,0.7058237791061401,0.7058237791061401,0.7058237791061401,0.7058238387107849,0.7058237791061401,0.0,37.05723190307617,37.36246109008789,1,1,1.0,1.0,0.0
hf_github_codereview,dcd4dfa2cf1a86ae,0.9999998211860657,0.9999998211860657,0.9999998211860657,0.9999998211860657,0.9999998807907104,0.9999998211860657,0.0,37.05723190307617,37.05723190307617,1,1,1.0,1.0,1.0
hf_github_codereview,b960608c15a3c680,0.6029918193817139,0.5381950438022614,0.12959355115890503,0.5381950438022614,0.572812557220459,0.6029918193817139,0.0,40.83356475830078,39.030168533325195,1,2,0.5,0.0,0.0
hf_github_codereview,b7751ed3cbdd5e82,0.8752925395965576,0.5981397827466329,0.1886771321296692,0.5981397827466329,0.752173662185669,0.8752925395965576,0.0,35.079315185546875,31.426659901936848,1,3,0.6666666666666666,0.3333333333333333,0.3333333333333333
hf_github_codereview,0541a8b1ff98c44d,0.4581708610057831,0.3873414397239685,0.14165884256362915,0.3873414397239685,0.4467852711677551,0.4581708610057831,0.0,40.58037185668945,38.27268409729004,1,2,0.0,0.0,0.0
hf_github_codereview,157c4bc1b46032e4,0.5296724438667297,0.5296724438667297,0.5296724438667297,0.5296724438667297,0.5296724438667297,0.5296724438667297,0.0,39.8693962097168,37.53445816040039,1,1,0.0,0.0,0.0
hf_github_codereview,48a24c72a663d821,0.49506691098213196,0.49506691098213196,0.49506691098213196,0.49506691098213196,0.49506691098213196,0.49506691098213196,0.0,40.39281463623047,37.53445816040039,1,1,0.0,0.0,0.0
hf_github_codereview,6eabaadc49d6e4f4,0.9771609902381897,0.9771609902381897,0.9771609902381897,0.9771609902381897,0.9771609902381897,0.9771609902381897,0.0,37.205257415771484,37.53445816040039,1,1,1.0,1.0,1.0
hf_github_codereview,fcce64c09c8d410c,0.2989312708377838,0.2989312708377838,0.2989312708377838,0.2989312708377838,0.2989312708377838,0.2989312708377838,0.0,37.231781005859375,34.176109313964844,1,1,0.0,0.0,0.0
hf_github_codereview,9c1009ab1634b817,0.9915353059768677,0.9915353059768677,0.9915353059768677,0.9915353059768677,0.9915354251861572,0.9915353059768677,0.0,45.688594818115234,46.257164001464844,1,1,1.0,1.0,1.0
hf_github_codereview,2468950c713f5e88,0.8926624059677124,0.8926624059677124,0.8926624059677124,0.8926624059677124,0.8926624059677124,0.8926624059677124,0.0,39.78178024291992,40.447208404541016,1,1,1.0,1.0,1.0
hf_github_codereview,9e1132854edc14d1,0.3019646108150482,0.26962511241436005,0.06467899680137634,0.26962511241436005,0.3372766077518463,0.3019646108150482,0.0,35.072418212890625,34.28473472595215,1,2,0.0,0.0,0.0
hf_github_codereview,3e8fe05f8b5d83a7,0.8848394751548767,0.8848394751548767,0.8848394751548767,0.8848394751548767,0.8848395347595215,0.8848394751548767,0.0,45.50026321411133,46.028961181640625,1,1,1.0,1.0,1.0
hf_github_codereview,3b47ee72d1f7cc92,0.9054185152053833,0.9054185152053833,0.9054185152053833,0.9054185152053833,0.9054185152053833,0.9054185152053833,0.0,44.86079025268555,43.892112731933594,1,1,1.0,1.0,1.0
hf_github_codereview,572bc908ad945b21,0.8781853914260864,0.7734597325325012,0.2094513177871704,0.7734597325325012,0.860935389995575,0.8781853914260864,0.0,45.298641204833984,45.126991271972656,1,2,1.0,0.5,0.5
hf_github_codereview,16f6d9bce0f6295e,0.9999999403953552,0.9999999403953552,0.9999999403953552,0.9999999403953552,1.0,0.9999999403953552,0.0,46.028961181640625,46.028961181640625,1,1,1.0,1.0,1.0
hf_github_codereview,ca122353a5125b59,1.0,0.6343142092227936,0.7313715815544128,0.6343142092227936,0.7964385747909546,1.0,0.0,46.03723907470703,41.46731185913086,1,2,0.5,0.5,0.5
hf_github_codereview,4e3b75f54c0ccfb5,1.0,1.0,1.0,1.0,1.0,1.0,0.0,43.892112731933594,43.892112731933594,1,1,1.0,1.0,1.0
hf_github_codereview,c8891e57c1bf54ff,1.0,1.0,1.0,1.0,1.0,1.0,0.0,44.26703643798828,44.26703643798828,1,1,1.0,1.0,1.0
hf_github_codereview,5379d4c473877599,1.0,0.9369698166847229,0.1260603666305542,0.9369698166847229,0.967971920967102,1.0,0.0,45.43935012817383,45.71612548828125,1,2,1.0,1.0,1.0
hf_github_codereview,5aa498a9bfba3bbf,0.9999999403953552,0.9369697868824005,0.12606030702590942,0.9369697868824005,0.967971920967102,0.9999999403953552,0.0,45.99290084838867,45.71612548828125,1,2,1.0,1.0,1.0
hf_github_codereview,77397327a7b06817,0.5634244680404663,0.36357520520687103,0.39969852566719055,0.36357520520687103,0.48310157656669617,0.5634244680404663,0.0,41.026302337646484,40.50138854980469,1,2,0.0,0.0,0.0
hf_github_codereview,9e26c77611e17d94,0.49351269006729126,0.49351269006729126,0.49351269006729126,0.49351269006729126,0.49351271986961365,0.49351269006729126,0.0,36.421234130859375,32.9527587890625,1,1,0.0,0.0,0.0
hf_github_codereview,e6456ebe86e8e21a,0.9464989900588989,0.9464989900588989,0.9464989900588989,0.9464989900588989,0.9464989900588989,0.9464989900588989,0.0,31.171527862548828,30.07485580444336,1,1,1.0,1.0,1.0
hf_github_codereview,63d046012ca0cb47,0.4321661591529846,0.3878285884857178,0.08867514133453369,0.3878285884857178,0.5065211057662964,0.4321661591529846,0.0,38.98768615722656,34.18698310852051,1,2,0.0,0.0,0.0
hf_github_codereview,935483c82aa669d6,0.6857098937034607,0.6857098937034607,0.6857098937034607,0.6857098937034607,0.6857098937034607,0.6857098937034607,0.0,39.40326690673828,38.51255798339844,1,1,1.0,0.0,0.0
hf_github_codereview,329c69e20733f55a,0.15747620165348053,0.15747620165348053,0.15747620165348053,0.15747620165348053,0.15747620165348053,0.15747620165348053,0.0,42.00204086303711,41.54204559326172,1,1,0.0,0.0,0.0
hf_github_codereview,ff86e387c8120690,1.0,1.0,1.0,1.0,1.0,1.0,0.0,27.363882064819336,27.363882064819336,1,1,1.0,1.0,1.0
hf_github_codereview,9b3e5b363e5009e7,1.0,1.0,1.0,1.0,1.0,1.0,0.0,32.13148498535156,32.13148498535156,1,1,1.0,1.0,1.0
hf_github_codereview,b76e54ef1178f2a0,0.9999999403953552,0.9999999403953552,0.9999999403953552,0.9999999403953552,1.0,0.9999999403953552,0.0,36.53763198852539,36.53763198852539,1,1,1.0,1.0,1.0
hf_github_codereview,7a2e3bd845c8ccae,0.4937562346458435,0.4172605872154236,0.15299129486083984,0.4172605872154236,0.5147872567176819,0.4937562346458435,0.0,39.900634765625,36.09148025512695,1,2,0.0,0.0,0.0
hf_github_codereview,d69bd4dd54ef5bdb,0.407166063785553,0.407166063785553,0.407166063785553,0.407166063785553,0.40716615319252014,0.407166063785553,0.0,35.171939849853516,35.96958541870117,1,1,0.0,0.0,0.0
hf_github_codereview,e739a4eb059a01e2,0.9999998807907104,0.9999998807907104,0.9999998807907104,0.9999998807907104,0.9999999403953552,0.9999998807907104,0.0,32.89846420288086,32.89846420288086,1,1,1.0,1.0,1.0
hf_github_codereview,cc61939ac9a1075f,0.5625030994415283,0.5625030994415283,0.5625030994415283,0.5625030994415283,0.5625030398368835,0.5625030994415283,0.0,37.58315658569336,42.139312744140625,1,1,0.0,0.0,0.0
hf_github_codereview,3215956dea3cb036,1.0,1.0,1.0,1.0,1.0,1.0,0.0,38.867130279541016,38.867130279541016,1,1,1.0,1.0,1.0
hf_github_codereview,164ee541e389eb5e,0.9999998807907104,0.9999998807907104,0.9999998807907104,0.9999998807907104,0.9999998807907104,0.9999998807907104,0.0,42.517608642578125,42.517608642578125,1,1,1.0,1.0,1.0
hf_github_codereview,b44cdd3c632bebfb,0.2736832797527313,0.2736832797527313,0.2736832797527313,0.2736832797527313,0.2736832797527313,0.2736832797527313,0.0,39.51841354370117,40.6693000793457,1,1,0.0,0.0,0.0
hf_github_codereview,396c39957a071d6e,1.0,1.0,1.0,1.0,1.0,1.0,0.0,40.587791442871094,40.587791442871094,1,1,1.0,1.0,1.0
hf_github_codereview,86eed574f608d946,0.8057513236999512,0.8055103421211243,0.0004819631576538086,0.8055103421211243,0.8799916505813599,0.8057513236999512,0.0,45.24078369140625,37.61471366882324,1,2,1.0,1.0,1.0
hf_github_codereview,9806a0a715a18cfc,0.366033673286438,0.366033673286438,0.366033673286438,0.366033673286438,0.366033673286438,0.366033673286438,0.0,42.50224685668945,33.33188247680664,1,1,0.0,0.0,0.0
hf_github_codereview,96563c74f9d8eed2,0.32185256481170654,0.3069594204425812,0.029786288738250732,0.3069594204425812,0.3930632472038269,0.32185256481170654,0.0,38.44935989379883,36.97138023376465,1,2,0.0,0.0,0.0
hf_github_codereview,1e08f583f69e03fa,0.48853182792663574,0.36053253213564557,0.11819177865982056,0.36053253213564557,0.48830646276474,0.48853182792663574,0.0,30.873353958129883,39.24759165445963,1,3,0.0,0.0,0.0
hf_github_codereview,05c7a0dec7587072,0.412840336561203,0.412840336561203,0.412840336561203,0.412840336561203,0.412840336561203,0.412840336561203,0.0,32.33527755737305,39.18329620361328,1,1,0.0,0.0,0.0
hf_github_codereview,2017e5edf16b3ebf,0.412840336561203,0.412840336561203,0.412840336561203,0.412840336561203,0.412840336561203,0.412840336561203,0.0,32.33527755737305,39.18329620361328,1,1,0.0,0.0,0.0
hf_github_codereview,f29be5c82bf50cec,0.4125463664531708,0.4125463664531708,0.4125463664531708,0.4125463664531708,0.4125463664531708,0.4125463664531708,0.0,32.330902099609375,39.18329620361328,1,1,0.0,0.0,0.0
hf_github_codereview,b287569ccd0b559c,0.8058589696884155,0.4884657859802246,0.6347863674163818,0.4884657859802246,0.5785237550735474,0.8058589696884155,0.0,45.566734313964844,37.90141296386719,1,2,0.5,0.5,0.5
hf_github_codereview,0d7b732cfdc9d7bb,0.841071605682373,0.5529547929763794,0.5762336254119873,0.5529547929763794,0.6945968866348267,0.841071605682373,0.0,44.890907287597656,39.24867630004883,1,2,0.5,0.5,0.5
hf_github_codereview,7818793b22d3cb83,0.8146524429321289,0.5672181844711304,0.49486851692199707,0.5672181844711304,0.6436607241630554,0.8146524429321289,0.0,45.88365936279297,43.91616630554199,1,2,0.5,0.5,0.5
hf_github_codereview,bad6962d54d76719,1.0,1.0,1.0,1.0,1.0,1.0,0.0,41.94974136352539,41.94974136352539,1,1,1.0,1.0,1.0
hf_github_codereview,1fdb293367721117,0.9999998807907104,0.9999998807907104,0.9999998807907104,0.9999998807907104,1.0,0.9999998807907104,0.0,37.68821716308594,37.68821716308594,1,1,1.0,1.0,1.0
hf_github_codereview,d0fc482423f99ed4,0.642218828201294,0.642218828201294,0.642218828201294,0.642218828201294,0.642218828201294,0.642218828201294,0.0,41.620811462402344,44.86731719970703,1,1,1.0,0.0,0.0
hf_github_codereview,4c768b846a945f58,0.7375631332397461,0.5959856063127518,0.28315505385398865,0.5959856063127518,0.6808597445487976,0.7375631332397461,0.0,34.07301330566406,33.455698013305664,1,2,0.5,0.5,0.0
hf_github_codereview,401e16eb7f653d5c,0.7229892611503601,0.7229892611503601,0.7229892611503601,0.7229892611503601,0.7229892611503601,0.7229892611503601,0.0,42.168670654296875,37.08477020263672,1,1,1.0,1.0,0.0
hf_github_codereview,64c9904fe73a479f,0.184631809592247,0.184631809592247,0.184631809592247,0.184631809592247,0.184631809592247,0.184631809592247,0.0,39.61746597290039,40.258148193359375,1,1,0.0,0.0,0.0
hf_github_codereview,9ba6a415fdc7fb8b,0.1807822287082672,0.1807822287082672,0.1807822287082672,0.1807822287082672,0.1807822287082672,0.1807822287082672,0.0,38.50783920288086,41.29250717163086,1,1,0.0,0.0,0.0
hf_github_codereview,e4bee5dbcef75f1a,0.9277775287628174,0.9277775287628174,0.9277775287628174,0.9277775287628174,0.9277775287628174,0.9277775287628174,0.0,43.721580505371094,44.84953308105469,1,1,1.0,1.0,1.0
hf_github_codereview,8644c5883d43c36b,1.0,1.0,1.0,1.0,1.0,1.0,0.0,36.995750427246094,36.995750427246094,1,1,1.0,1.0,1.0
hf_github_codereview,d9f4bfb4634bcb45,0.6764234304428101,0.6459405720233917,0.06096571683883667,0.6459405720233917,0.7363183498382568,0.6764234304428101,0.0,40.26603698730469,43.60902786254883,1,2,1.0,0.0,0.0
hf_github_codereview,82b47923b8b3e5cb,0.9999998807907104,0.9999998807907104,0.9999998807907104,0.9999998807907104,1.0,0.9999998807907104,0.0,41.841854095458984,41.841854095458984,1,1,1.0,1.0,1.0
hf_github_codereview,a3813db715d0bdaa,0.22516396641731262,0.22516396641731262,0.22516396641731262,0.22516396641731262,0.22516396641731262,0.22516396641731262,0.0,40.84696578979492,36.29134750366211,1,1,0.0,0.0,0.0
hf_github_codereview,dba398e8c5d49cd4,0.9454934597015381,0.9454934597015381,0.9454934597015381,0.9454934597015381,0.9454935193061829,0.9454934597015381,0.0,29.52100372314453,29.755035400390625,1,1,1.0,1.0,1.0
hf_github_codereview,c38faf85a8c6dfcc,0.9432365894317627,0.9432365894317627,0.9432365894317627,0.9432365894317627,0.9432366490364075,0.9432365894317627,0.0,29.316843032836914,29.43572235107422,1,1,1.0,1.0,1.0
hf_github_codereview,1d8552b392994451,1.0,1.0,1.0,1.0,1.0,1.0,0.0,40.094093322753906,40.094093322753906,1,1,1.0,1.0,1.0
hf_github_codereview,3d22b57721d2f6b8,0.9999998807907104,0.6053767204284668,0.7892463207244873,0.6053767204284668,0.7780595421791077,0.9999998807907104,0.0,37.12961196899414,37.96272087097168,1,2,0.5,0.5,0.5
hf_github_codereview,5419b29df53d1159,0.31254225969314575,0.31254225969314575,0.31254225969314575,0.31254225969314575,0.31254228949546814,0.31254225969314575,0.0,32.70536804199219,31.862287521362305,1,1,0.0,0.0,0.0
hf_github_codereview,9a7da997cc094edb,0.962604820728302,0.6372245947519938,0.2055850625038147,0.6372245947519938,0.8422228097915649,0.962604820728302,0.0,35.20806121826172,35.320926666259766,1,3,0.6666666666666666,0.6666666666666666,0.3333333333333333
hf_github_codereview,7ea810f73dacb446,0.396015465259552,0.396015465259552,0.396015465259552,0.396015465259552,0.396015465259552,0.396015465259552,0.0,35.20806121826172,31.761823654174805,1,1,0.0,0.0,0.0
hf_github_codereview,4ce9e9e3cc841546,0.35280343890190125,0.26603320240974426,0.12537284195423126,0.23098312616348265,0.321439266204834,0.35280343890190125,0.0,38.332801818847656,34.24644889831543,1,5,0.0,0.0,0.0
hf_github_codereview,1f252bca09cc5b84,0.29390275478363037,0.28054532408714294,0.026714861392974854,0.28054532408714294,0.3679775595664978,0.29390275478363037,0.0,44.19502639770508,28.8319034576416,1,2,0.0,0.0,0.0
hf_github_codereview,282534fc954e552c,0.7303937673568726,0.4332270324230194,0.5943334698677063,0.4332270324230194,0.5682427883148193,0.7303937673568726,0.0,37.61553955078125,28.8319034576416,1,2,0.5,0.5,0.0
hf_github_codereview,b95688bfc91d73f3,0.9972094297409058,0.7651178240776062,0.4641832113265991,0.7651178240776062,0.8729767799377441,0.9972094297409058,0.0,36.151268005371094,39.50241470336914,1,2,0.5,0.5,0.5
hf_github_codereview,817040a0b6504a2d,0.28952622413635254,0.28952622413635254,0.28952622413635254,0.28952622413635254,0.28952622413635254,0.28952622413635254,0.0,44.693607330322266,24.729904174804688,1,1,0.0,0.0,0.0
hf_github_codereview,d1955d6c143852f0,0.09683247655630112,0.09683247655630112,0.09683247655630112,0.09683247655630112,0.09683248400688171,0.09683247655630112,0.0,32.29115676879883,42.89512252807617,1,1,0.0,0.0,0.0
hf_github_codereview,61a7afef4d1d64f9,1.0,1.0,1.0,1.0,1.0,1.0,0.0,35.12178421020508,35.12178421020508,1,1,1.0,1.0,1.0
hf_github_codereview,bd90db1d6b508756,0.9687267541885376,0.5830163285136223,0.7714208513498306,0.5830163285136223,0.7557170391082764,0.9687267541885376,0.0,33.83983612060547,38.34524345397949,1,2,0.5,0.5,0.5
hf_github_codereview,380feea6c0ac6173,0.8948976993560791,0.8948976993560791,0.8948976993560791,0.8948976993560791,0.8948976993560791,0.8948976993560791,0.0,30.878520965576172,35.360923767089844,1,1,1.0,1.0,1.0
hf_github_codereview,bf0d08e11dacdd0c,0.8030824661254883,0.8030824661254883,0.8030824661254883,0.8030824661254883,0.8030824661254883,0.8030824661254883,0.0,43.81856918334961,35.15458297729492,1,1,1.0,1.0,1.0
hf_github_codereview,d8ef3362061e6a54,0.7679362297058105,0.5221216529607773,0.19375360012054443,0.5221216529607773,0.6978832483291626,0.7679362297058105,0.0,38.9411506652832,36.20899963378906,1,3,0.3333333333333333,0.3333333333333333,0.0
hf_github_codereview,f38c9656d7b9cd58,0.8818109035491943,0.6295527219772339,0.24184322357177734,0.6295527219772339,0.7588600516319275,0.8818109035491943,0.0,40.074424743652344,36.125326792399086,1,3,0.6666666666666666,0.3333333333333333,0.3333333333333333
hf_github_codereview,304bd8f7c5a7c128,0.9960930347442627,0.9960930347442627,0.9960930347442627,0.9960930347442627,0.9960930347442627,0.9960930347442627,0.0,41.439212799072266,41.6451416015625,1,1,1.0,1.0,1.0
hf_github_codereview,f870141e1fff849a,0.5252546668052673,0.5252546668052673,0.5252546668052673,0.5252546668052673,0.5252546668052673,0.5252546668052673,0.0,32.155731201171875,44.221229553222656,1,1,0.0,0.0,0.0
hf_github_codereview,110623123b86d909,0.9999999403953552,0.9999999403953552,0.9999999403953552,0.9999999403953552,1.0,0.9999999403953552,0.0,35.836151123046875,35.836151123046875,1,1,1.0,1.0,1.0
hf_github_codereview,67c5dd7ec1799b7d,0.9999998211860657,0.9999998211860657,0.9999998211860657,0.9999998211860657,0.9999998807907104,0.9999998211860657,0.0,29.476564407348633,29.476564407348633,1,1,1.0,1.0,1.0
hf_github_codereview,d809368bdbc31646,0.9128538966178894,0.9128538966178894,0.9128538966178894,0.9128538966178894,0.9128538966178894,0.9128538966178894,0.0,43.382877349853516,40.6291618347168,1,1,1.0,1.0,1.0
hf_github_codereview,f985f70bced736b7,1.0,1.0,1.0,1.0,1.0,1.0,0.0,44.51676940917969,44.51676940917969,1,1,1.0,1.0,1.0
hf_github_codereview,6c78103b3f235f67,0.8358646631240845,0.6385184228420258,0.39469248056411743,0.6385184228420258,0.7629146575927734,0.8358646631240845,0.0,34.33408737182617,37.64698791503906,1,2,0.5,0.5,0.5
hf_github_codereview,b0a0d1ec0c6aa946,0.9561856985092163,0.9561856985092163,0.9561856985092163,0.9561856985092163,0.9561856985092163,0.9561856985092163,0.0,33.37416076660156,35.16387939453125,1,1,1.0,1.0,1.0
hf_github_codereview,7b8ed6f390bf5895,0.9999998211860657,0.9999998211860657,0.9999998211860657,0.9999998211860657,0.9999998807907104,0.9999998211860657,0.0,38.96113204956055,38.96113204956055,1,1,1.0,1.0,1.0
hf_github_codereview,48413a925fda59f4,1.0,0.6389028131961823,0.7221943736076355,0.6389028131961823,0.7993140816688538,1.0,0.0,37.26478576660156,30.997344970703125,1,2,0.5,0.5,0.5
hf_github_codereview,90e9874f8143217f,0.8506605625152588,0.5968875885009766,0.5075459480285645,0.5968875885009766,0.7527875900268555,0.8506605625152588,0.0,31.205875396728516,32.04136943817139,1,2,0.5,0.5,0.5
hf_github_codereview,e842dc6d8c4ab6e0,0.8579238653182983,0.6172163287798563,0.3388279676437378,0.6172163287798563,0.7487155199050903,0.8579238653182983,0.0,40.201229095458984,35.931095123291016,1,3,0.3333333333333333,0.3333333333333333,0.3333333333333333
hf_github_codereview,cd234ec0bf7a2d66,0.7168614864349365,0.624539335568746,0.1267094612121582,0.624539335568746,0.74847012758255,0.7168614864349365,0.0,37.05047607421875,36.28204600016276,1,3,0.3333333333333333,0.3333333333333333,0.0
hf_github_codereview,a1654018cf141242,0.9494480490684509,0.9494480490684509,0.9494480490684509,0.9494480490684509,0.9494481682777405,0.9494480490684509,0.0,39.037715911865234,42.140174865722656,1,1,1.0,1.0,1.0
hf_github_codereview,8dd0ebe51a833e56,1.0,1.0,1.0,1.0,1.0,1.0,0.0,29.95519256591797,29.95519256591797,1,1,1.0,1.0,1.0
hf_github_codereview,b2ecc1e90e05f6c7,0.22720184922218323,0.1489376723766327,0.15652835369110107,0.1489376723766327,0.1674199402332306,0.22720184922218323,0.0,40.94519805908203,40.790788650512695,1,2,0.0,0.0,0.0
hf_github_codereview,0c58f011e0bc5c9e,0.6963990330696106,0.6047612130641937,0.18327564001083374,0.6047612130641937,0.7628082036972046,0.6963990330696106,0.0,28.442777633666992,37.716949462890625,1,2,0.5,0.0,0.0
hf_github_codereview,611c70552afa05e2,0.5035718679428101,0.37415342032909393,0.25883689522743225,0.37415342032909393,0.4640379548072815,0.5035718679428101,0.0,39.815513610839844,37.978126525878906,1,2,0.0,0.0,0.0
hf_github_codereview,2dd4d88493e0ea97,0.4339900016784668,0.4339900016784668,0.4339900016784668,0.4339900016784668,0.433989942073822,0.4339900016784668,0.0,30.119102478027344,36.25190734863281,3,1,0.0,0.0,0.0
hf_github_codereview,edc5ecec6dba9cfc,1.0,1.0,1.0,1.0,1.0,1.0,0.0,35.71165084838867,35.71165084838867,1,1,1.0,1.0,1.0
hf_github_codereview,2afcab5b58089283,0.5834120512008667,0.48653095960617065,0.1937621831893921,0.48653095960617065,0.5777517557144165,0.5834120512008667,0.0,42.5578498840332,37.823028564453125,1,2,0.0,0.0,0.0
hf_github_codereview,d1ad18b4f02b8158,0.9454796314239502,0.6147774457931519,0.6614043712615967,0.6147774457931519,0.7696292400360107,0.9454796314239502,0.0,28.06733512878418,35.02846813201904,1,2,0.5,0.5,0.5
hf_github_codereview,b3ceeb93f5feb006,0.9434832334518433,0.5494071692228317,0.7881521284580231,0.5494071692228317,0.7232722043991089,0.9434832334518433,0.0,38.20688247680664,37.38431739807129,1,2,0.5,0.5,0.5
hf_github_codereview,60087d7d6962bdc5,0.9999998807907104,0.651262104511261,0.5008183419704437,0.57648766040802,0.7470648288726807,0.9999998807907104,0.0,42.20547866821289,37.50183582305908,1,4,0.25,0.25,0.25
hf_github_codereview,52c52b42e69d46ff,0.6313618421554565,0.6313618421554565,0.6313618421554565,0.6313618421554565,0.6313619017601013,0.6313618421554565,0.0,44.76504898071289,42.987064361572266,1,1,1.0,0.0,0.0
hf_github_codereview,9e7d6dfcb06ce72b,0.5316274762153625,0.3597734868526459,0.34370797872543335,0.3597734868526459,0.4875045418739319,0.5316274762153625,0.0,37.99576950073242,39.231441497802734,1,2,0.0,0.0,0.0
hf_github_codereview,c2a3131cfdce4aeb,0.9085785746574402,0.7716348171234131,0.2738875150680542,0.7716348171234131,0.8510117530822754,0.9085785746574402,0.0,39.749141693115234,43.37179374694824,1,2,1.0,0.5,0.5
hf_github_codereview,fc2f94e84fe747ea,0.39377501606941223,0.31791261583566666,0.15172480046749115,0.31791261583566666,0.4082014858722687,0.39377501606941223,0.0,30.88236427307129,39.10308647155762,1,2,0.0,0.0,0.0
hf_github_codereview,0c1ea8d596eb448a,1.0,1.0,1.0,1.0,1.0,1.0,0.0,43.03580093383789,43.03580093383789,1,1,1.0,1.0,1.0
hf_github_codereview,270ccf7ae7f462df,0.8815167546272278,0.5822475552558899,0.5985383987426758,0.5822475552558899,0.7192361354827881,0.8815167546272278,0.0,26.065332412719727,32.860859870910645,1,2,0.5,0.5,0.5
hf_github_codereview,562bd2599205ad06,0.49136650562286377,0.49136650562286377,0.49136650562286377,0.49136650562286377,0.49136653542518616,0.49136650562286377,0.0,34.91950988769531,41.759761810302734,1,1,0.0,0.0,0.0
hf_github_codereview,fea3b4701d78dc57,0.9565961360931396,0.9565961360931396,0.9565961360931396,0.9565961360931396,0.9565959572792053,0.9565961360931396,0.0,40.45811462402344,41.02004623413086,1,1,1.0,1.0,1.0
hf_github_codereview,1aa8b99b7a3bc9df,0.9980801939964294,0.49997372925281525,0.7089251279830933,0.49997372925281525,0.7235299348831177,0.9980801939964294,0.0,40.96281051635742,34.27277374267578,1,3,0.3333333333333333,0.3333333333333333,0.3333333333333333
hf_github_codereview,ed1f466088eb0056,0.8067069053649902,0.6997377872467041,0.21393823623657227,0.6997377872467041,0.7324526309967041,0.8067069053649902,0.0,39.844024658203125,32.784671783447266,1,2,0.5,0.5,0.5
hf_github_codereview,1802da79b1e88b42,0.7049634456634521,0.6630372405052185,0.08385241031646729,0.6630372405052185,0.786845862865448,0.7049634456634521,0.0,33.824790954589844,35.87215042114258,1,2,1.0,0.5,0.0
hf_github_codereview,887c8abbb300c060,1.0,1.0,1.0,1.0,1.0,1.0,0.0,38.349632263183594,38.349632263183594,1,1,1.0,1.0,1.0
hf_github_codereview,c53be16063547a0c,1.0,1.0,1.0,1.0,1.0,1.0,0.0,38.16780090332031,38.16780090332031,1,1,1.0,1.0,1.0
hf_github_codereview,50f75e50bee6431b,0.9899529218673706,0.6619936525821686,0.655918538570404,0.6619936525821686,0.810905933380127,0.9899529218673706,0.0,36.283782958984375,39.08164978027344,1,2,0.5,0.5,0.5
hf_github_codereview,619f53faa164a9ae,0.9999998807907104,0.6347154974937439,0.5198276042938232,0.6347154974937439,0.8287582397460938,0.9999998807907104,0.0,34.39280700683594,36.849491119384766,1,3,0.3333333333333333,0.3333333333333333,0.3333333333333333
hf_github_codereview,51195615da6c4164,0.9999999403953552,0.9999999403953552,0.9999999403953552,0.9999999403953552,1.0,0.9999999403953552,0.0,32.32969665527344,32.32969665527344,1,1,1.0,1.0,1.0
hf_github_codereview,b7e07d71ee9774f7,0.6247135400772095,0.5576174110174179,0.13419225811958313,0.5576174110174179,0.6416317224502563,0.6247135400772095,0.0,40.842140197753906,32.00698661804199,1,2,0.5,0.0,0.0
hf_github_codereview,9ae27226c5db9335,0.5568745732307434,0.5568745732307434,0.5568745732307434,0.5568745732307434,0.5568745136260986,0.5568745732307434,0.0,44.31086349487305,36.185298919677734,1,1,0.0,0.0,0.0
hf_github_codereview,479b4fe5125b26a6,0.8615449666976929,0.8615449666976929,0.8615449666976929,0.8615449666976929,0.8615450859069824,0.8615449666976929,0.0,43.00155258178711,38.823482513427734,1,1,1.0,1.0,1.0
hf_github_codereview,1b81b9dc5541bdc4,0.13293850421905518,0.13293850421905518,0.13293850421905518,0.13293850421905518,0.13293850421905518,0.13293850421905518,0.0,38.20474624633789,36.185298919677734,1,1,0.0,0.0,0.0
hf_github_codereview,1b8a9b628578588a,0.8573771119117737,0.8573771119117737,0.8573771119117737,0.8573771119117737,0.8573770523071289,0.8573771119117737,0.0,31.267812728881836,32.21054458618164,1,1,1.0,1.0,1.0
hf_github_codereview,46de483d3a497f79,0.7468910217285156,0.7468910217285156,0.7468910217285156,0.7468910217285156,0.7468911409378052,0.7468910217285156,0.0,36.98678207397461,28.15470314025879,1,1,1.0,1.0,0.0
hf_github_codereview,9a0c1952129f9850,0.8459566235542297,0.5707748134930929,0.31004589796066284,0.4855847917497158,0.6882902383804321,0.8459566235542297,0.0,42.20145034790039,39.91931629180908,1,4,0.25,0.25,0.25
hf_github_codereview,0145d6f21fdca8c6,0.9100607633590698,0.9100607633590698,0.9100607633590698,0.9100607633590698,0.9100607633590698,0.9100607633590698,0.0,43.85227584838867,38.100608825683594,1,1,1.0,1.0,1.0
hf_github_codereview,385e34c4f27a90d7,0.0,0.0,0.0,0.0,0.0,0.0,0.0,26.385223388671875,0.0,1,0,0.0,0.0,0.0
hf_github_codereview,e933ce9aff7067d9,1.0,1.0,1.0,1.0,1.0,1.0,0.0,34.19289016723633,34.19289016723633,1,1,1.0,1.0,1.0
hf_github_codereview,a0f95e14d4d2360c,1.0,1.0,1.0,1.0,1.0,1.0,0.0,32.97439956665039,32.97439956665039,1,1,1.0,1.0,1.0
hf_github_codereview,9a4e62da43a92f64,0.9782555103302002,0.9782555103302002,0.9782555103302002,0.9782555103302002,0.9782556295394897,0.9782555103302002,0.0,37.4368896484375,39.496185302734375,1,1,1.0,1.0,1.0
hf_github_codereview,8fc6dcb346aa3e4a,0.7744637131690979,0.7744637131690979,0.7744637131690979,0.7744637131690979,0.7744637727737427,0.7744637131690979,0.0,40.053714752197266,38.33976745605469,1,1,1.0,1.0,0.0
hf_github_codereview,bcfdd13c6a0f5340,0.19987905025482178,0.19987905025482178,0.19987905025482178,0.19987905025482178,0.19987905025482178,0.19987905025482178,0.0,27.567258834838867,29.915508270263672,1,1,0.0,0.0,0.0
hf_github_codereview,fb06a87db4afb33b,0.31937992572784424,0.31937992572784424,0.31937992572784424,0.31937992572784424,0.31937992572784424,0.31937992572784424,0.0,38.77628707885742,38.33976745605469,1,1,0.0,0.0,0.0
hf_github_codereview,4e38bbb69adba3d6,0.9082430601119995,0.9082430601119995,0.9082430601119995,0.9082430601119995,0.9082430601119995,0.9082430601119995,0.0,39.81724166870117,36.5248908996582,1,1,1.0,1.0,1.0
hf_github_codereview,fe50e2c0d5c3babb,0.49574393033981323,0.49574393033981323,0.49574393033981323,0.49574393033981323,0.49574393033981323,0.49574393033981323,0.0,44.64423751831055,33.390098571777344,1,1,0.0,0.0,0.0
hf_github_codereview,eb062612e04e0808,0.7037748694419861,0.7037748694419861,0.7037748694419861,0.7037748694419861,0.7037749290466309,0.7037748694419861,0.0,33.29545593261719,30.33919334411621,1,1,1.0,1.0,0.0
hf_github_codereview,4da08a30004e29de,0.43210047483444214,0.43210047483444214,0.43210047483444214,0.43210047483444214,0.43210047483444214,0.43210047483444214,0.0,38.56904983520508,30.979204177856445,1,1,0.0,0.0,0.0
hf_github_codereview,9d2a02038f580ca6,1.0,1.0,1.0,1.0,1.0,1.0,0.0,42.58059310913086,42.58059310913086,1,1,1.0,1.0,1.0
hf_github_codereview,ee11dafda38c8694,1.0,1.0,1.0,1.0,1.0,1.0,0.0,41.17856979370117,41.17856979370117,1,1,1.0,1.0,1.0
hf_github_codereview,31893ff431e3a7ff,0.8633847236633301,0.8633847236633301,0.8633847236633301,0.8633847236633301,0.8633845448493958,0.8633847236633301,0.0,43.03821563720703,41.17856979370117,1,1,1.0,1.0,1.0
hf_github_codereview,b8bf98457554b370,0.6955945491790771,0.6955945491790771,0.6955945491790771,0.6955945491790771,0.6955945491790771,0.6955945491790771,0.0,32.948551177978516,29.669445037841797,1,1,1.0,0.0,0.0
hf_github_codereview,e5736b2295d6b51d,0.7184439301490784,0.4927801489830017,0.4513275623321533,0.4927801489830017,0.5675824880599976,0.7184439301490784,0.0,32.08984375,36.16976737976074,1,2,0.5,0.5,0.0
hf_github_codereview,af6b1cdbedbddcce,0.8730309009552002,0.8730309009552002,0.8730309009552002,0.8730309009552002,0.8730310201644897,0.8730309009552002,0.0,43.160911560058594,42.07987976074219,1,1,1.0,1.0,1.0
hf_github_codereview,5667db04ba8c46e6,0.6309458017349243,0.6309458017349243,0.6309458017349243,0.6309458017349243,0.6309459209442139,0.6309458017349243,0.0,39.99853515625,32.50819778442383,1,1,1.0,0.0,0.0
hf_github_codereview,b68a9655bbf58bed,0.6967594623565674,0.6967594623565674,0.6967594623565674,0.6967594623565674,0.6967595815658569,0.6967594623565674,0.0,39.99853515625,32.00010299682617,1,1,1.0,0.0,0.0
hf_github_codereview,28b316c4f0d03fd7,0.25495806336402893,0.2342740297317505,0.041368067264556885,0.2342740297317505,0.247697114944458,0.25495806336402893,0.0,35.74319839477539,31.504106521606445,1,2,0.0,0.0,0.0
hf_github_codereview,df9c03f3b342d653,0.7702731490135193,0.7702731490135193,0.7702731490135193,0.7702731490135193,0.7702732682228088,0.7702731490135193,0.0,41.00587463378906,43.654048919677734,1,1,1.0,1.0,0.0
hf_github_codereview,44aa44b88fb7e2d8,0.9999998211860657,0.6601249724626541,0.6797496974468231,0.6601249724626541,0.812480628490448,0.9999998211860657,0.0,42.136966705322266,36.08580017089844,1,2,0.5,0.5,0.5
hf_github_codereview,553c586acc78b114,0.9999997615814209,0.6184242963790894,0.7631509304046631,0.6184242963790894,0.7863996028900146,0.9999997615814209,0.0,38.783775329589844,37.837310791015625,1,2,0.5,0.5,0.5
hf_github_codereview,a9f1bbd5fa7df595,0.5267935991287231,0.5267935991287231,0.5267935991287231,0.5267935991287231,0.5267935991287231,0.5267935991287231,0.0,35.56532669067383,30.84946060180664,1,1,0.0,0.0,0.0
hf_github_codereview,d9148550343b01db,0.5640637874603271,0.5640637874603271,0.5640637874603271,0.5640637874603271,0.5640637874603271,0.5640637874603271,0.0,40.20057678222656,30.84946060180664,1,1,0.0,0.0,0.0
hf_github_codereview,17bbe87523876f7d,1.0,1.0,1.0,1.0,1.0,1.0,0.0,44.18885803222656,44.18885803222656,1,1,1.0,1.0,1.0
hf_github_codereview,b7daa9b7667f5297,1.0,1.0,1.0,1.0,1.0,1.0,0.0,42.808982849121094,42.808982849121094,1,1,1.0,1.0,1.0
hf_github_codereview,29e043c01081a6be,0.9999998807907104,0.9999998807907104,0.9999998807907104,0.9999998807907104,0.9999998807907104,0.9999998807907104,0.0,30.000242233276367,30.000242233276367,1,1,1.0,1.0,1.0
hf_github_codereview,d0ee2f5a9126f6c3,1.0,1.0,1.0,1.0,1.0,1.0,0.0,40.9637336730957,40.9637336730957,1,1,1.0,1.0,1.0
hf_github_codereview,7291edaf1f4d9e95,0.6996694803237915,0.5643984973430634,0.2705419659614563,0.5643984973430634,0.6162729263305664,0.6996694803237915,0.0,41.98357391357422,33.7194242477417,1,2,0.5,0.0,0.0
hf_github_codereview,6483d26d2a3fdebc,0.7860819101333618,0.7860819101333618,0.7860819101333618,0.7860819101333618,0.7860820293426514,0.7860819101333618,0.0,36.04017639160156,33.359214782714844,1,1,1.0,1.0,0.0
hf_github_codereview,51da48a32707a68f,0.8925004601478577,0.8925004601478577,0.8925004601478577,0.8925004601478577,0.8925005197525024,0.8925004601478577,0.0,33.49114990234375,36.156394958496094,1,1,1.0,1.0,1.0
hf_github_codereview,99e168f736f4940f,0.49954336881637573,0.4889717996120453,0.02114313840866089,0.4889717996120453,0.5736057758331299,0.49954336881637573,0.0,32.34778594970703,32.80867576599121,1,2,0.0,0.0,0.0
hf_github_codereview,f5d4883c31cdee8f,0.8143070936203003,0.5845949351787567,0.07124781608581543,0.5845949351787567,0.7915763258934021,0.8143070936203003,0.0,43.809242248535156,39.58182907104492,1,3,0.6666666666666666,0.6666666666666666,0.3333333333333333
hf_github_codereview,fc966a84bbb7cf2c,0.9308094382286072,0.8909736573696136,0.07967156171798706,0.8909736573696136,0.9230316281318665,0.9308094382286072,0.0,34.10739517211914,33.645962715148926,1,2,1.0,1.0,1.0
hf_github_codereview,81073400e81dd34c,0.9229797124862671,0.7458014090855917,0.16198205947875977,0.7458014090855917,0.883882999420166,0.9229797124862671,0.0,40.11358642578125,38.3146006266276,1,3,0.6666666666666666,0.6666666666666666,0.3333333333333333
hf_github_codereview,b358928a6165278d,0.5711742639541626,0.5360920131206512,0.0701645016670227,0.5360920131206512,0.6243255138397217,0.5711742639541626,0.0,38.16903305053711,34.36679267883301,1,2,0.0,0.0,0.0
hf_github_codereview,50c20c9466340396,0.7027006149291992,0.6204481522242228,0.09980297088623047,0.4683555029332638,0.6527237892150879,0.7027006149291992,0.0,42.05990982055664,39.90019702911377,1,4,0.5,0.25,0.0
hf_github_codereview,88eedf008a5b0639,0.8174268007278442,0.5875942508379618,0.26429325342178345,0.5875942508379618,0.7083247900009155,0.8174268007278442,0.0,43.900386810302734,34.95350011189779,1,3,0.3333333333333333,0.3333333333333333,0.3333333333333333
hf_github_codereview,78b32ffe9fa3ad62,0.5016040802001953,0.5016040802001953,0.5016040802001953,0.5016040802001953,0.5016040802001953,0.5016040802001953,0.0,39.552024841308594,28.78961944580078,1,1,0.0,0.0,0.0
hf_github_codereview,df46cb2037aa5e66,0.7304160594940186,0.692027747631073,0.07677662372589111,0.692027747631073,0.7416571378707886,0.7304160594940186,0.0,42.42512130737305,37.6950569152832,1,2,1.0,0.5,0.0
hf_github_codereview,8e690d940f19a6c6,0.6174851655960083,0.6174851655960083,0.6174851655960083,0.6174851655960083,0.6174851655960083,0.6174851655960083,0.0,43.75315856933594,34.642730712890625,1,1,1.0,0.0,0.0
hf_github_codereview,abd759c9895a0dd0,0.7966187000274658,0.6062820851802826,0.38067322969436646,0.6062820851802826,0.6958774328231812,0.7966187000274658,0.0,44.556739807128906,34.21431922912598,1,2,0.5,0.5,0.0
hf_github_codereview,ba50eaf74cd37795,0.9180407524108887,0.7947920560836792,0.24649739265441895,0.7947920560836792,0.8995606303215027,0.9180407524108887,0.0,37.513668060302734,36.395681381225586,1,2,1.0,0.5,0.5
hf_github_codereview,f5f99554ed1ee01c,0.7129541635513306,0.5594635605812073,0.3069812059402466,0.5594635605812073,0.6725544333457947,0.7129541635513306,0.0,44.39210891723633,33.020132064819336,1,2,0.5,0.5,0.0
hf_github_codereview,230607d6ecb7ba74,0.9999998807907104,0.9999998807907104,0.9999998807907104,0.9999998807907104,1.0,0.9999998807907104,0.0,42.25273513793945,42.25273513793945,1,1,1.0,1.0,1.0
hf_github_codereview,41ceb79c8278a9b6,1.0,0.616289883852005,0.26588404178619385,0.616289883852005,0.8219244480133057,1.0,0.0,38.645896911621094,38.50445556640625,1,3,0.6666666666666666,0.6666666666666666,0.3333333333333333
hf_github_codereview,83d5158456c06f2b,0.9371130466461182,0.6270575920740763,0.1613239049911499,0.6270575920740763,0.8338049650192261,0.9371130466461182,0.0,40.191383361816406,40.34553654988607,1,3,0.6666666666666666,0.6666666666666666,0.3333333333333333
hf_github_codereview,bb4478ebc2e796eb,0.7467934489250183,0.5391905307769775,0.41520583629608154,0.5391905307769775,0.6515566110610962,0.7467934489250183,0.0,38.645896911621094,39.19326210021973,1,2,0.5,0.5,0.0
hf_github_codereview,0434eabb79edcdca,0.8366362452507019,0.7814421355724335,0.11038821935653687,0.7814421355724335,0.878089427947998,0.8366362452507019,0.0,40.191383361816406,36.182016372680664,1,2,1.0,1.0,0.5
hf_github_codereview,19e692af86a493b9,1.0,0.5753138661384583,0.8493722677230835,0.5753138661384583,0.7584946751594543,1.0,0.0,39.44905471801758,41.60751152038574,1,2,0.5,0.5,0.5
hf_github_codereview,774c60a3681809d3,0.9882324934005737,0.6645882278680801,0.6472885310649872,0.6645882278680801,0.8190608024597168,0.9882324934005737,0.0,39.44905471801758,34.22811412811279,1,2,0.5,0.5,0.5
hf_github_codereview,c0af4a0eaaf3aecf,0.697663426399231,0.4835262596607208,0.42827433347702026,0.4835262596607208,0.5813230276107788,0.697663426399231,0.0,42.49904251098633,36.793439865112305,1,2,0.5,0.0,0.0
hf_github_codereview,e1266cf572d597e1,0.9380629062652588,0.7292726039886475,0.41758060455322266,0.7292726039886475,0.8433030843734741,0.9380629062652588,0.0,37.310157775878906,39.84293746948242,1,2,0.5,0.5,0.5
hf_github_codereview,7e448b3885f52b1f,0.7822601795196533,0.5948674976825714,0.3747853636741638,0.5948674976825714,0.6731140613555908,0.7822601795196533,0.0,41.51749038696289,37.731292724609375,1,2,0.5,0.5,0.0
hf_github_codereview,8e9a4908a948c914,0.8702961206436157,0.6925526857376099,0.3554868698120117,0.6925526857376099,0.7925848364830017,0.8702961206436157,0.0,41.946746826171875,37.386579513549805,1,2,0.5,0.5,0.5
hf_github_codereview,a9e5c43f5f31a724,0.725277841091156,0.5831315815448761,0.2842925190925598,0.5831315815448761,0.6903210878372192,0.725277841091156,0.0,41.887393951416016,39.04887008666992,1,2,0.5,0.5,0.0
hf_github_codereview,04a79917dc3151df,0.6619836091995239,0.4968265891075134,0.330314040184021,0.4968265891075134,0.5996885299682617,0.6619836091995239,0.0,42.40275192260742,33.99174690246582,1,2,0.5,0.0,0.0
hf_github_codereview,3962c9df86ee5356,0.8423426151275635,0.8423426151275635,0.8423426151275635,0.8423426151275635,0.8423426151275635,0.8423426151275635,0.0,40.07908630371094,33.156856536865234,1,1,1.0,1.0,1.0
hf_github_codereview,29b68f5ea579891f,0.9926536679267883,0.7230708201726278,0.2684172987937927,0.7230708201726278,0.8588756322860718,0.9926536679267883,0.0,43.76393127441406,40.46124013264974,1,3,0.6666666666666666,0.6666666666666666,0.3333333333333333
hf_github_codereview,20cc852d7a284ee4,1.0,0.7362001736958822,0.28557008504867554,0.7362001736958822,0.8831238150596619,1.0,0.0,44.52889633178711,42.70219039916992,1,3,0.6666666666666666,0.6666666666666666,0.3333333333333333
hf_github_codereview,975945d463148a55,1.0,1.0,1.0,1.0,1.0,1.0,0.0,42.709739685058594,42.709739685058594,1,1,1.0,1.0,1.0
hf_github_codereview,c55f822b2c7550a3,0.9999998807907104,0.570340484380722,0.6306390166282654,0.570340484380722,0.7561631202697754,0.9999998807907104,0.0,35.8899040222168,33.55890719095866,1,3,0.3333333333333333,0.3333333333333333,0.3333333333333333
hf_github_codereview,85df53d5d6d4a2dc,0.33804672956466675,0.30062317848205566,0.07484710216522217,0.30062317848205566,0.38842374086380005,0.33804672956466675,0.0,33.83018112182617,35.38482189178467,1,2,0.0,0.0,0.0
hf_github_codereview,9eda0e100d34f5ac,0.27762293815612793,0.27762293815612793,0.27762293815612793,0.27762293815612793,0.27762293815612793,0.27762293815612793,0.0,36.14706802368164,45.843902587890625,1,1,0.0,0.0,0.0
hf_github_codereview,c0b1b2be4b67f022,0.9048088192939758,0.9048088192939758,0.9048088192939758,0.9048088192939758,0.9048088192939758,0.9048088192939758,0.0,44.0396842956543,43.51613998413086,1,1,1.0,1.0,1.0
hf_github_codereview,6c8f46f233ae87b6,0.819769024848938,0.819769024848938,0.819769024848938,0.819769024848938,0.819769024848938,0.819769024848938,0.0,39.85313034057617,42.13059997558594,1,1,1.0,1.0,1.0
hf_github_codereview,8384a9d2f1ca2aa7,0.9999998807907104,0.6558646410703659,0.6882704794406891,0.6558646410703659,0.8098547458648682,0.9999998807907104,0.0,34.55088424682617,33.264869689941406,1,2,0.5,0.5,0.5
hf_github_codereview,2011a6a2f47191b6,0.840804934501648,0.5655764043331146,0.5504570603370667,0.5655764043331146,0.695010781288147,0.840804934501648,0.0,42.35235595703125,37.30744552612305,1,2,0.5,0.5,0.5
hf_github_codereview,80554a32989161ee,1.0,1.0,1.0,1.0,1.0,1.0,0.0,42.478515625,42.478515625,1,1,1.0,1.0,1.0
hf_github_codereview,166842db2ce63c5f,1.0,1.0,1.0,1.0,1.0,1.0,0.0,36.36275100708008,36.36275100708008,1,1,1.0,1.0,1.0
hf_github_codereview,d92a25b57233a4d6,0.6680535078048706,0.4004642864068349,0.26515814661979675,0.4004642864068349,0.5222399830818176,0.6680535078048706,0.0,37.669185638427734,41.59192148844401,1,3,0.3333333333333333,0.0,0.0
hf_github_codereview,d224abad23c537f8,0.7353502511978149,0.512897769610087,0.21260547637939453,0.512897769610087,0.6688629984855652,0.7353502511978149,0.0,40.10837936401367,41.59192148844401,1,3,0.3333333333333333,0.3333333333333333,0.0
hf_github_codereview,a458136540621383,0.9516749382019043,0.9516749382019043,0.9516749382019043,0.9516749382019043,0.95167475938797,0.9516749382019043,0.0,42.23310089111328,41.64616775512695,1,1,1.0,1.0,1.0
hf_github_codereview,7b9194c0bace41b2,1.0,1.0,1.0,1.0,1.0,1.0,0.0,43.650760650634766,43.650760650634766,1,1,1.0,1.0,1.0
hf_github_codereview,2ea5b216bc0ae20b,1.0,0.6763931810855865,0.6472136378288269,0.6763931810855865,0.8224313259124756,1.0,0.0,35.662994384765625,38.108869552612305,1,2,0.5,0.5,0.5
hf_github_codereview,fab87977b7feb201,1.0,0.6869484335184097,0.6261031329631805,0.6869484335184097,0.8288235664367676,1.0,0.0,43.24442672729492,42.931053161621094,1,2,0.5,0.5,0.5
hf_github_codereview,e5183a177f410598,0.4557754099369049,0.3315286263823509,0.24849356710910797,0.3315286263823509,0.39999905228614807,0.4557754099369049,0.0,34.81410217285156,42.931053161621094,1,2,0.0,0.0,0.0
hf_github_codereview,456a8c7422a90016,0.9999997019767761,0.6913690268993378,0.6172613501548767,0.6913690268993378,0.8314859867095947,0.9999997019767761,0.0,46.03179168701172,44.63810920715332,1,2,0.5,0.5,0.5
hf_github_codereview,2bfc74fb2a553464,0.9999998211860657,0.7176671028137207,0.5646654367446899,0.7176671028137207,0.8471522927284241,0.9999998211860657,0.0,40.697750091552734,38.577911376953125,1,2,0.5,0.5,0.5
hf_github_codereview,155ef5ae861c7f5a,0.7923916578292847,0.7923916578292847,0.7923916578292847,0.7923916578292847,0.7923917174339294,0.7923916578292847,0.0,45.20159912109375,44.427032470703125,1,1,1.0,1.0,0.0
hf_github_codereview,fd855a9eaf904e9c,0.9748738408088684,0.6816597282886505,0.5864282250404358,0.6816597282886505,0.8224426507949829,0.9748738408088684,0.0,41.18429183959961,42.931053161621094,1,2,0.5,0.5,0.5
hf_github_codereview,843f9750cd8e792d,0.8332622051239014,0.5935839712619781,0.47935646772384644,0.5935839712619781,0.7222790718078613,0.8332622051239014,0.0,35.051780700683594,37.178303718566895,1,2,0.5,0.5,0.5
hf_github_codereview,f73c199cae54a010,0.41066235303878784,0.41066235303878784,0.41066235303878784,0.41066235303878784,0.41066235303878784,0.41066235303878784,0.0,32.77629852294922,38.372623443603516,1,1,0.0,0.0,0.0
hf_github_codereview,2316af738fd8b3e5,0.8794801235198975,0.8794801235198975,0.8794801235198975,0.8794801235198975,0.8794801831245422,0.8794801235198975,0.0,46.285099029541016,44.469573974609375,1,1,1.0,1.0,1.0
hf_github_codereview,e51ed1b7afc675c8,0.7538849115371704,0.7538849115371704,0.7538849115371704,0.7538849115371704,0.75388503074646,0.7538849115371704,0.0,31.912128448486328,32.741294860839844,1,1,1.0,1.0,0.0
hf_github_codereview,ed56c1a47ddc542c,0.8384530544281006,0.45565687616666156,0.5163589417934418,0.45565687616666156,0.65392005443573,0.8384530544281006,0.0,40.88768005371094,39.55564498901367,1,3,0.3333333333333333,0.3333333333333333,0.3333333333333333
hf_github_codereview,5c72a44c9b4b522e,0.719113290309906,0.4561987817287445,0.525829017162323,0.4561987817287445,0.6016571521759033,0.719113290309906,0.0,41.71733093261719,36.40504455566406,1,2,0.5,0.5,0.0
hf_github_codereview,7c3f7c62ceb0806c,0.45731815695762634,0.35883699357509613,0.19696232676506042,0.35883699357509613,0.4732516407966614,0.45731815695762634,0.0,38.23702621459961,36.40504455566406,1,2,0.0,0.0,0.0
hf_github_codereview,034f617cffdcda23,0.7098122835159302,0.43743064254522324,0.5447632819414139,0.43743064254522324,0.5769047737121582,0.7098122835159302,0.0,42.23309326171875,36.40504455566406,1,2,0.5,0.5,0.0
hf_github_codereview,a06d325abf4bc036,0.6334270238876343,0.506842851638794,0.25316834449768066,0.506842851638794,0.5732592344284058,0.6334270238876343,0.0,44.30036926269531,40.07305335998535,1,2,0.5,0.0,0.0
hf_github_codereview,38257d0765714f03,0.4728461802005768,0.45222386717796326,0.04124462604522705,0.45222386717796326,0.5114830136299133,0.4728461802005768,0.0,30.816204071044922,40.07305335998535,1,2,0.0,0.0,0.0
hf_github_codereview,bf6d67ef63ba3ff2,0.40874773263931274,0.29553164541721344,0.2264321744441986,0.29553164541721344,0.3912874460220337,0.40874773263931274,0.0,45.96921920776367,35.81466865539551,1,2,0.0,0.0,0.0
hf_github_codereview,dd8317fba53186c0,0.5618211030960083,0.5618211030960083,0.5618211030960083,0.5618211030960083,0.5618211030960083,0.5618211030960083,0.0,46.54107666015625,36.588050842285156,1,1,0.0,0.0,0.0
hf_github_codereview,8def8a1425dd372c,0.8603677749633789,0.6363873034715652,0.4479609429836273,0.6363873034715652,0.7529686689376831,0.8603677749633789,0.0,42.69187545776367,38.72991371154785,1,2,0.5,0.5,0.5
hf_github_codereview,124b5053765d0f49,0.4114558696746826,0.4114558696746826,0.4114558696746826,0.4114558696746826,0.41145581007003784,0.4114558696746826,0.0,38.13538360595703,40.73386001586914,1,1,0.0,0.0,0.0
hf_github_codereview,babb59c8f892bcce,0.43817174434661865,0.35037511587142944,0.17559325695037842,0.35037511587142944,0.4595320224761963,0.43817174434661865,0.0,41.40245056152344,32.03674602508545,1,2,0.0,0.0,0.0
hf_github_codereview,68722d7ef1f22b12,0.453978031873703,0.3789707124233246,0.15001463890075684,0.3789707124233246,0.4970363974571228,0.453978031873703,0.0,45.8048095703125,32.03674602508545,1,2,0.0,0.0,0.0
hf_github_codereview,8d7f1d9374be591c,0.7266668081283569,0.7266668081283569,0.7266668081283569,0.7266668081283569,0.7266668081283569,0.7266668081283569,0.0,38.03932189941406,43.132484436035156,1,1,1.0,1.0,0.0
hf_github_codereview,62b5041fc2d91055,0.6747418642044067,0.6747418642044067,0.6747418642044067,0.6747418642044067,0.6747418642044067,0.6747418642044067,0.0,41.910804748535156,43.132484436035156,1,1,1.0,0.0,0.0
hf_github_codereview,620d5eec076e11f6,0.7314013242721558,0.7314013242721558,0.7314013242721558,0.7314013242721558,0.7314013838768005,0.7314013242721558,0.0,45.058868408203125,33.757545471191406,1,1,1.0,1.0,0.0
hf_github_codereview,1096218ab7dfe3d6,0.6353229284286499,0.6353229284286499,0.6353229284286499,0.6353229284286499,0.6353229284286499,0.6353229284286499,0.0,40.91361999511719,40.47435760498047,1,1,1.0,0.0,0.0
hf_github_codereview,df9481e21bb20d22,0.9999998807907104,0.5867293477058411,0.6161600947380066,0.5076769441366196,0.7153829336166382,0.9999998807907104,0.0,43.74164962768555,42.83211708068848,1,4,0.25,0.25,0.25
hf_github_codereview,59ee262061f2b175,1.0,0.6222233573595682,0.2850358486175537,0.6222233573595682,0.8178074359893799,1.0,0.0,42.300716400146484,41.674879709879555,1,3,0.6666666666666666,0.6666666666666666,0.3333333333333333
hf_github_codereview,c0aa836dede9c2a6,0.9999998807907104,0.6737244327863058,0.28503572940826416,0.5808915346860886,0.8156764507293701,0.9999998807907104,0.0,44.17522430419922,41.256131172180176,1,4,0.5,0.5,0.25
hf_github_codereview,d05c0fce8c1372af,0.9999999403953552,0.5608525276184082,0.6236515641212463,0.4941873624920845,0.6890177726745605,0.9999999403953552,0.0,41.56280517578125,42.70907497406006,1,4,0.25,0.25,0.25
hf_github_codereview,fe8559a8b5c84857,1.0,0.6476621031761169,0.7046757936477661,0.6476621031761169,0.8047745823860168,1.0,0.0,42.796897888183594,42.16565132141113,1,2,0.5,0.5,0.5
hf_github_codereview,78f10844c4473f3b,0.9656407833099365,0.9656407833099365,0.9656407833099365,0.9656407833099365,0.9656407833099365,0.9656407833099365,0.0,39.6112060546875,40.47435760498047,1,1,1.0,1.0,1.0
hf_github_codereview,dad952a76336c009,0.6355465650558472,0.6355465650558472,0.6355465650558472,0.6355465650558472,0.6355465650558472,0.6355465650558472,0.0,45.6041145324707,36.0241584777832,1,1,1.0,0.0,0.0
hf_github_codereview,67876322470e6de4,0.5700222849845886,0.5700222849845886,0.5700222849845886,0.5700222849845886,0.5700222849845886,0.5700222849845886,0.0,40.7347297668457,33.05826187133789,1,1,0.0,0.0,0.0
hf_github_codereview,275a41efc5eda16e,0.6150442361831665,0.41929419835408527,0.25116997957229614,0.41929419835408527,0.531366765499115,0.6150442361831665,0.0,36.71420669555664,36.18493334452311,1,3,0.3333333333333333,0.0,0.0
hf_github_codereview,386ba9d75f9cf8e4,0.884519100189209,0.6449024478594462,0.1715703010559082,0.6449024478594462,0.7997764348983765,0.884519100189209,0.0,41.60795974731445,35.823434829711914,1,3,0.6666666666666666,0.6666666666666666,0.3333333333333333
hf_github_codereview,150062aa87451e86,0.6882494688034058,0.6882494688034058,0.6882494688034058,0.6882494688034058,0.6882495284080505,0.6882494688034058,0.0,38.82835006713867,46.995296478271484,1,1,1.0,0.0,0.0
hf_github_codereview,fca80dc2729f2c60,0.844619631767273,0.6748882830142975,0.3394626975059509,0.6748882830142975,0.8003562688827515,0.844619631767273,0.0,40.91337585449219,43.96323585510254,1,2,0.5,0.5,0.5
hf_github_codereview,30ea40352c284c0d,0.7572558522224426,0.6094782650470734,0.2955551743507385,0.6094782650470734,0.721135139465332,0.7572558522224426,0.0,39.15000915527344,45.39669227600098,1,2,0.5,0.5,0.0
hf_github_codereview,953402302bb908c1,0.8490884304046631,0.6371009647846222,0.4239749312400818,0.6371009647846222,0.7567771673202515,0.8490884304046631,0.0,40.931175231933594,45.785743713378906,1,2,0.5,0.5,0.5
hf_github_codereview,bf35ea37b7ca7d1f,0.7643351554870605,0.5485918521881104,0.30980032682418823,0.5485918521881104,0.6557960510253906,0.7643351554870605,0.0,36.97740936279297,43.636854807535805,1,3,0.3333333333333333,0.3333333333333333,0.0
hf_github_codereview,26aef64659926ed2,0.9359800219535828,0.6814427971839905,0.5090744495391846,0.6814427971839905,0.8186057806015015,0.9359800219535828,0.0,42.578392028808594,41.75852394104004,1,2,0.5,0.5,0.5
hf_github_codereview,70f19dc88286a92d,0.8627680540084839,0.8627680540084839,0.8627680540084839,0.8627680540084839,0.8627679347991943,0.8627680540084839,0.0,42.071510314941406,46.53963851928711,1,1,1.0,1.0,1.0
hf_github_codereview,fbdf8a013515ae0c,1.0,0.8069337010383606,0.3861325979232788,0.8069337010383606,0.8982948660850525,1.0,0.0,44.63705825805664,43.43889808654785,1,2,1.0,0.5,0.5
hf_github_codereview,d532a1e60d8dcb82,1.0,0.8069337010383606,0.3861325979232788,0.8069337010383606,0.8982949256896973,1.0,0.0,42.24073791503906,43.43889808654785,1,2,1.0,0.5,0.5
hf_github_codereview,6a6290cecd02774b,0.9999999403953552,0.6822659571965536,0.2914259433746338,0.6822659571965536,0.879909873008728,0.9999999403953552,0.0,37.10930252075195,37.07983271280924,1,3,0.6666666666666666,0.6666666666666666,0.3333333333333333
hf_github_codereview,a59586eade069c88,1.0,1.0,1.0,1.0,1.0,1.0,0.0,43.184574127197266,43.184574127197266,1,1,1.0,1.0,1.0
hf_github_codereview,13eebcc02095e1b9,0.9999999403953552,0.9999999403953552,0.9999999403953552,0.9999999403953552,1.0,0.9999999403953552,0.0,39.805816650390625,39.805816650390625,1,1,1.0,1.0,1.0
hf_github_codereview,6ad61172cef50af7,1.0,1.0,1.0,1.0,1.0,1.0,0.0,39.1517333984375,39.1517333984375,1,1,1.0,1.0,1.0
hf_github_codereview,7c02fe581c804c37,0.5016202926635742,0.5016202926635742,0.5016202926635742,0.5016202926635742,0.5016202926635742,0.5016202926635742,0.0,27.7863826751709,39.232574462890625,1,1,0.0,0.0,0.0
hf_github_codereview,33e8bd10c46230b2,0.9019792079925537,0.9019792079925537,0.9019792079925537,0.9019792079925537,0.9019792675971985,0.9019792079925537,0.0,43.67588424682617,39.232574462890625,1,1,1.0,1.0,1.0
hf_github_codereview,ae19e634e255e94a,0.855022668838501,0.855022668838501,0.855022668838501,0.855022668838501,0.855022668838501,0.855022668838501,0.0,43.67588424682617,39.252960205078125,1,1,1.0,1.0,1.0
hf_github_codereview,d038c5d2edfefdbb,0.9019792079925537,0.9019792079925537,0.9019792079925537,0.9019792079925537,0.9019792675971985,0.9019792079925537,0.0,43.67588424682617,39.232574462890625,1,1,1.0,1.0,1.0
hf_github_codereview,a4058b7c3d022e87,0.9023739099502563,0.9023739099502563,0.9023739099502563,0.9023739099502563,0.9023739099502563,0.9023739099502563,0.0,43.67588424682617,37.66291046142578,1,1,1.0,1.0,1.0
hf_github_codereview,61097ec3e6bd5350,0.7708204984664917,0.7708204984664917,0.7708204984664917,0.7708204984664917,0.7708203792572021,0.7708204984664917,0.0,43.67588424682617,41.54930877685547,1,1,1.0,1.0,0.0
hf_github_codereview,a191d918570224f9,0.9023739099502563,0.9023739099502563,0.9023739099502563,0.9023739099502563,0.9023739099502563,0.9023739099502563,0.0,43.67588424682617,37.66291046142578,1,1,1.0,1.0,1.0
hf_github_codereview,2a586fd7ac9ed87c,1.0,1.0,1.0,1.0,1.0,1.0,0.0,42.248817443847656,42.248817443847656,1,1,1.0,1.0,1.0
hf_github_codereview,9e74ccf72fd8ed61,0.7412631511688232,0.7412631511688232,0.7412631511688232,0.7412631511688232,0.741263210773468,0.7412631511688232,0.0,44.237518310546875,43.98466110229492,1,1,1.0,1.0,0.0
hf_github_codereview,5fdd5b80f88cba84,0.29852503538131714,0.29852503538131714,0.29852503538131714,0.29852503538131714,0.29852503538131714,0.29852503538131714,0.0,43.74479675292969,33.75107955932617,1,1,0.0,0.0,0.0
hf_github_codereview,c0c359b0b73e33e1,0.4476676881313324,0.3438441827893257,0.20764701068401337,0.3438441827893257,0.39498817920684814,0.4476676881313324,0.0,44.57778549194336,35.3581485748291,1,2,0.0,0.0,0.0
hf_github_codereview,85345284a403e31e,0.9004009962081909,0.6907304525375366,0.4193410873413086,0.6907304525375366,0.7823463678359985,0.9004009962081909,0.0,35.74287796020508,33.00461959838867,1,2,0.5,0.5,0.5
hf_github_codereview,34f2dedfbda3febc,0.9999999403953552,0.9999999403953552,0.9999999403953552,0.9999999403953552,1.0,0.9999999403953552,0.0,45.505428314208984,45.505428314208984,1,1,1.0,1.0,1.0
hf_github_codereview,28013a9b4798a1d7,0.9759803414344788,0.9759803414344788,0.9759803414344788,0.9759803414344788,0.9759803414344788,0.9759803414344788,0.0,44.28274154663086,42.607444763183594,1,1,1.0,1.0,1.0
hf_github_codereview,77b3341cadffcde9,0.9759803414344788,0.6370267570018768,0.6779071688652039,0.6370267570018768,0.7874895930290222,0.9759803414344788,0.0,44.28274154663086,35.15647029876709,1,2,0.5,0.5,0.5
hf_github_codereview,ec712678547da933,0.9759803414344788,0.6148857176303864,0.7221892476081848,0.6148857176303864,0.7743200063705444,0.9759803414344788,0.0,44.28274154663086,39.035295486450195,1,2,0.5,0.5,0.5
hf_github_codereview,cb710a7b7f65a094,0.9759803414344788,0.5814064890146255,0.7891477048397064,0.5814064890146255,0.7528078556060791,0.9759803414344788,0.0,44.28274154663086,42.030555725097656,1,2,0.5,0.5,0.5
hf_github_codereview,ad6d25c93f65ee2d,0.9759803414344788,0.538443960249424,0.8750727623701096,0.538443960249424,0.7230899930000305,0.9759803414344788,0.0,44.28274154663086,37.83833694458008,1,2,0.5,0.5,0.5
hf_github_codereview,0aa02f8c8e67cf49,0.9759803414344788,0.7860714197158813,0.3798178434371948,0.7860714197158813,0.8775143623352051,0.9759803414344788,0.0,44.28274154663086,42.33733940124512,1,2,0.5,0.5,0.5
hf_github_codereview,c6f315a009ffff46,0.9759803414344788,0.8299144208431244,0.29213184118270874,0.8299144208431244,0.900171160697937,0.9759803414344788,0.0,44.28274154663086,40.12438201904297,1,2,1.0,0.5,0.5
hf_github_codereview,9a1ed05d29ae6df2,0.9759803414344788,0.7073612809181213,0.5372381210327148,0.7073612809181213,0.8280627727508545,0.9759803414344788,0.0,44.28274154663086,36.46165752410889,1,2,0.5,0.5,0.5
hf_github_codereview,4af11a809892437b,0.9759803414344788,0.7092986404895782,0.533363401889801,0.7092986404895782,0.8290974497795105,0.9759803414344788,0.0,44.28274154663086,37.63719367980957,1,2,0.5,0.5,0.5
hf_github_codereview,8e56e28654bfad33,0.9759803414344788,0.5427370741963387,0.8664865344762802,0.5427370741963387,0.7273285984992981,0.9759803414344788,0.0,44.28274154663086,35.614070892333984,1,2,0.5,0.5,0.5
hf_github_codereview,2fe5c69870b49af0,0.9759803414344788,0.5411201640963554,0.8697203546762466,0.5411201640963554,0.7269484996795654,0.9759803414344788,0.0,44.28274154663086,35.485650062561035,1,2,0.5,0.5,0.5
hf_github_codereview,1895d62911d380e1,0.9759803414344788,0.5400773026049137,0.8718060776591301,0.5400773026049137,0.7237291932106018,0.9759803414344788,0.0,44.28274154663086,35.380377769470215,1,2,0.5,0.5,0.5
hf_github_codereview,818c5218d83248b4,0.9704722166061401,0.6858812123537064,0.5691820085048676,0.6858812123537064,0.82179856300354,0.9704722166061401,0.0,44.28274154663086,38.34201431274414,1,2,0.5,0.5,0.5
hf_github_codereview,42e70d5dedd1316f,0.17198531329631805,0.17198531329631805,0.17198531329631805,0.17198531329631805,0.17198531329631805,0.17198531329631805,0.0,41.74421310424805,30.063173294067383,1,1,0.0,0.0,0.0
hf_github_codereview,6847622f8fbba870,0.9759803414344788,0.9759803414344788,0.9759803414344788,0.9759803414344788,0.9759803414344788,0.9759803414344788,0.0,44.28274154663086,42.607444763183594,1,1,1.0,1.0,1.0
hf_github_codereview,98024169d9853a78,0.9759803414344788,0.5755437761545181,0.8008731305599213,0.5755437761545181,0.7442026138305664,0.9759803414344788,0.0,44.28274154663086,40.19658851623535,1,2,0.5,0.5,0.5
hf_github_codereview,d46f15b6dcaeaaf9,0.9759803414344788,0.5678635314106941,0.8162336200475693,0.5678635314106941,0.7420126795768738,0.9759803414344788,0.0,44.28274154663086,38.777509689331055,1,2,0.5,0.5,0.5
hf_github_codereview,309646b453d6d8d6,0.9759803414344788,0.5769924446940422,0.7979757934808731,0.5769924446940422,0.7545196413993835,0.9759803414344788,0.0,44.28274154663086,39.551795959472656,1,2,0.5,0.5,0.5
hf_github_codereview,86d9a617d38610f6,0.9759803414344788,0.538443960249424,0.8750727623701096,0.538443960249424,0.7230899930000305,0.9759803414344788,0.0,44.28274154663086,37.83833694458008,1,2,0.5,0.5,0.5
hf_github_codereview,edfa3a2161e5cfc9,0.9759803414344788,0.5827766209840775,0.7864074409008026,0.5827766209840775,0.7586883902549744,0.9759803414344788,0.0,44.28274154663086,38.94864463806152,1,2,0.5,0.5,0.5
hf_github_codereview,034254df5a77d301,0.9759803414344788,0.5756830945611,0.8005944937467575,0.5756830945611,0.7532954216003418,0.9759803414344788,0.0,44.28274154663086,38.30573844909668,1,2,0.5,0.5,0.5
hf_github_codereview,3ba8a2a57e7b7a20,0.9759803414344788,0.7247649878263474,0.5024307072162628,0.7247649878263474,0.8432682752609253,0.9759803414344788,0.0,44.28274154663086,41.320247650146484,1,2,0.5,0.5,0.5
hf_github_codereview,2ec981572feb8089,0.9759803414344788,0.6889780163764954,0.5740046501159668,0.6889780163764954,0.8156417608261108,0.9759803414344788,0.0,44.28274154663086,37.620365142822266,1,2,0.5,0.5,0.5
hf_github_codereview,79df9a7ed3521bd9,0.9759803414344788,0.5427370741963387,0.8664865344762802,0.5427370741963387,0.7273285984992981,0.9759803414344788,0.0,44.28274154663086,35.614070892333984,1,2,0.5,0.5,0.5
hf_github_codereview,a1073969bdec1151,0.9759803414344788,0.5411201640963554,0.8697203546762466,0.5411201640963554,0.7269484996795654,0.9759803414344788,0.0,44.28274154663086,35.485650062561035,1,2,0.5,0.5,0.5
hf_github_codereview,06ef33204c0ec783,0.9759803414344788,0.5379288792610168,0.8761029243469238,0.5379288792610168,0.7232658863067627,0.9759803414344788,0.0,44.28274154663086,35.53097724914551,1,2,0.5,0.5,0.5
hf_github_codereview,1dbd3e08e7be8890,0.9704722166061401,0.5470135062932968,0.8469174206256866,0.5470135062932968,0.7277288436889648,0.9704722166061401,0.0,44.28274154663086,39.48407745361328,1,2,0.5,0.5,0.5
hf_github_codereview,4a9ca163d8887f05,0.28316834568977356,0.28316834568977356,0.28316834568977356,0.28316834568977356,0.28316837549209595,0.28316834568977356,0.0,44.416343688964844,31.434968948364258,1,1,0.0,0.0,0.0
hf_github_codereview,f002a3c9f43b7880,0.2462920844554901,0.2462920844554901,0.2462920844554901,0.2462920844554901,0.2462920844554901,0.2462920844554901,0.0,45.36963653564453,31.434968948364258,1,1,0.0,0.0,0.0
hf_github_codereview,05241b60977e3769,0.39303702116012573,0.3131560981273651,0.15976184606552124,0.3131560981273651,0.3624267578125,0.39303702116012573,0.0,36.82721710205078,33.204057693481445,1,2,0.0,0.0,0.0
hf_github_codereview,dd35aa8f0c982f65,0.9301069974899292,0.6315840482711792,0.5970458984375,0.6315840482711792,0.7642236948013306,0.9301069974899292,0.0,45.859981536865234,40.43996620178223,1,2,0.5,0.5,0.5
hf_github_codereview,98bd88bdaae39782,0.8847755193710327,0.8847755193710327,0.8847755193710327,0.8847755193710327,0.8847755193710327,0.8847755193710327,0.0,43.157596588134766,47.168617248535156,1,1,1.0,1.0,1.0
hf_github_codereview,81f4452f41dd7e09,0.9212372303009033,0.9212372303009033,0.9212372303009033,0.9212372303009033,0.9212372303009033,0.9212372303009033,0.0,44.99799346923828,47.168617248535156,1,1,1.0,1.0,1.0
hf_github_codereview,0b2467e4fe43b4f9,1.0,1.0,1.0,1.0,1.0,1.0,0.0,30.789846420288086,30.789846420288086,1,1,1.0,1.0,1.0
hf_github_codereview,fd3a083099b6c8d8,1.0,1.0,1.0,1.0,1.0,1.0,0.0,30.789846420288086,30.789846420288086,1,1,1.0,1.0,1.0
hf_github_codereview,8c270a7007df237b,0.43890875577926636,0.337708443403244,0.20240062475204468,0.337708443403244,0.39913317561149597,0.43890875577926636,0.0,40.88578796386719,38.81537628173828,1,2,0.0,0.0,0.0
hf_github_codereview,cb14624181f93ba2,0.9999998807907104,0.9999998807907104,0.9999998807907104,0.9999998807907104,1.0,0.9999998807907104,0.0,41.24020004272461,41.24020004272461,1,1,1.0,1.0,1.0
hf_github_codereview,1575387036a5a23c,1.0,1.0,1.0,1.0,1.0,1.0,0.0,41.06010055541992,41.06010055541992,1,1,1.0,1.0,1.0
hf_github_codereview,e256e8352f90644e,1.0,1.0,1.0,1.0,1.0,1.0,0.0,41.247711181640625,41.247711181640625,1,1,1.0,1.0,1.0
hf_github_codereview,27db8572241915d6,0.27726393938064575,0.1519098924472928,0.2507080938667059,0.1519098924472928,0.17984279990196228,0.27726393938064575,0.0,35.63279724121094,45.3452033996582,1,2,0.0,0.0,0.0
hf_github_codereview,9c2f5c7b207f4df7,0.6917645335197449,0.42526142795880634,0.3679370880126953,0.42526142795880634,0.5561096668243408,0.6917645335197449,0.0,44.30203628540039,45.14102427164713,1,3,0.3333333333333333,0.0,0.0
hf_github_codereview,535a54c3ee3cdad6,0.6964613199234009,0.4558523992697398,0.2972524166107178,0.4558523992697398,0.5961132049560547,0.6964613199234009,0.0,43.18891525268555,45.14102427164713,1,3,0.3333333333333333,0.0,0.0
hf_github_codereview,5ddaebe4e87040a9,0.6865532398223877,0.4630754292011261,0.31360480189323425,0.4630754292011261,0.6055586338043213,0.6865532398223877,0.0,43.586822509765625,45.14102427164713,1,3,0.3333333333333333,0.0,0.0
hf_github_codereview,48913c3df46e8146,0.6298339366912842,0.514688511689504,0.15804451704025269,0.514688511689504,0.6730525493621826,0.6298339366912842,0.0,45.64874267578125,45.14102427164713,1,3,0.3333333333333333,0.0,0.0
hf_github_codereview,81136c9e69835199,0.3761879801750183,0.27031293511390686,0.2117500901222229,0.27031293511390686,0.32500171661376953,0.3761879801750183,0.0,32.051849365234375,45.00665855407715,1,2,0.0,0.0,0.0
hf_github_codereview,27d6a636986e1c5a,0.6136469841003418,0.5464198887348175,0.13445419073104858,0.5464198887348175,0.6569697260856628,0.6136469841003418,0.0,44.00418472290039,45.00665855407715,1,2,0.5,0.0,0.0
hf_github_codereview,13d0d6c6003dc8e2,0.779386579990387,0.5036406964063644,0.551491767168045,0.5036406964063644,0.605535626411438,0.779386579990387,0.0,42.931678771972656,45.00665855407715,1,2,0.5,0.5,0.0
hf_github_codereview,0fed37e138b268e0,0.9999998211860657,0.9999998211860657,0.9999998211860657,0.9999998211860657,0.9999998807907104,0.9999998211860657,0.0,39.923866271972656,39.923866271972656,1,1,1.0,1.0,1.0
hf_github_codereview,c88b7d5e75559079,0.9999998807907104,0.9999998807907104,0.9999998807907104,0.9999998807907104,1.0,0.9999998807907104,0.0,32.51276397705078,32.51276397705078,1,1,1.0,1.0,1.0
hf_github_codereview,29a287d24459f9c9,0.46166497468948364,0.46166497468948364,0.46166497468948364,0.46166497468948364,0.46166497468948364,0.46166497468948364,0.0,42.40934753417969,45.15839385986328,1,1,0.0,0.0,0.0
hf_github_codereview,054c8ddd46d71c41,0.4700765609741211,0.4700765609741211,0.4700765609741211,0.4700765609741211,0.4700765609741211,0.4700765609741211,0.0,40.266334533691406,45.15839385986328,1,1,0.0,0.0,0.0
hf_github_codereview,ce778ab8d6e58142,0.6551134586334229,0.6551134586334229,0.6551134586334229,0.6551134586334229,0.6551134586334229,0.6551134586334229,0.0,38.62883377075195,45.15839385986328,1,1,1.0,0.0,0.0
hf_github_codereview,625e9ae2a69d79db,0.46648937463760376,0.46648937463760376,0.46648937463760376,0.46648937463760376,0.46648937463760376,0.46648937463760376,0.0,39.581642150878906,45.15839385986328,1,1,0.0,0.0,0.0
hf_github_codereview,6289148133db5cd7,0.6383194923400879,0.6383194923400879,0.6383194923400879,0.6383194923400879,0.6383194923400879,0.6383194923400879,0.0,42.04753494262695,45.15839385986328,1,1,1.0,0.0,0.0
hf_github_codereview,d3a4d2b20c399512,1.0,1.0,1.0,1.0,1.0,1.0,0.0,33.209754943847656,33.209754943847656,1,1,1.0,1.0,1.0
hf_github_codereview,d524f97c40900179,1.0,1.0,1.0,1.0,1.0,1.0,0.0,44.12364959716797,44.12364959716797,1,1,1.0,1.0,1.0
hf_github_codereview,cf94aa53834baeb4,0.9002577662467957,0.9002577662467957,0.9002577662467957,0.9002577662467957,0.9002577662467957,0.9002577662467957,0.0,44.014305114746094,43.29182052612305,1,1,1.0,1.0,1.0
hf_github_codereview,957120388ef0710b,0.5842030048370361,0.5842030048370361,0.5842030048370361,0.5842030048370361,0.5842030048370361,0.5842030048370361,0.0,37.99658966064453,43.29182052612305,1,1,0.0,0.0,0.0
hf_github_codereview,8abbc680b3adae7f,0.862308144569397,0.862308144569397,0.862308144569397,0.862308144569397,0.862308144569397,0.862308144569397,0.0,35.9316520690918,34.60742950439453,1,1,1.0,1.0,1.0
hf_github_codereview,9339b1ddded4c177,0.4230574071407318,0.4230574071407318,0.4230574071407318,0.4230574071407318,0.4230574071407318,0.4230574071407318,0.0,29.787067413330078,39.8941535949707,1,1,0.0,0.0,0.0
hf_github_codereview,073d68181d950158,0.9342154264450073,0.9342154264450073,0.9342154264450073,0.9342154264450073,0.9342154264450073,0.9342154264450073,0.0,43.58903121948242,39.8941535949707,1,1,1.0,1.0,1.0
hf_github_codereview,3ad1207218506cff,0.9999998807907104,0.5890282094478607,0.8219433426856995,0.5890282094478607,0.767481803894043,0.9999998807907104,0.0,37.175655364990234,37.10067558288574,1,2,0.5,0.5,0.5
hf_github_codereview,3e40f33c242f574a,1.0,0.6710438430309296,0.6579123139381409,0.6710438430309296,0.8191726207733154,1.0,0.0,39.10041046142578,34.933204650878906,1,2,0.5,0.5,0.5
hf_github_codereview,aa4e00e5464373e6,0.7369865775108337,0.49974068999290466,0.47449177503585815,0.49974068999290466,0.645278811454773,0.7369865775108337,0.0,42.80575180053711,37.69928741455078,1,2,0.5,0.5,0.0
hf_github_codereview,6b8d0b6b525cc25f,0.7642250061035156,0.4622393324971199,0.6039713472127914,0.4622393324971199,0.6142575144767761,0.7642250061035156,0.0,46.27592468261719,41.887643814086914,1,2,0.5,0.5,0.0
hf_github_codereview,434b571cd798ed97,0.7194874882698059,0.48954880237579346,0.4598773717880249,0.48954880237579346,0.6359233856201172,0.7194874882698059,0.0,46.7967643737793,39.028907775878906,1,2,0.5,0.5,0.0
hf_github_codereview,ed7a46d5590d192b,0.7687100768089294,0.5479026436805725,0.44161486625671387,0.5479026436805725,0.6919677257537842,0.7687100768089294,0.0,46.09861373901367,37.29581832885742,1,2,0.5,0.5,0.0
hf_github_codereview,f07af26a48ed1b6c,0.7463036775588989,0.5137590318918228,0.4650892913341522,0.5137590318918228,0.6481138467788696,0.7463036775588989,0.0,47.200164794921875,35.13493728637695,1,2,0.5,0.5,0.0
hf_github_codereview,94b30e08b4deed25,0.8820111751556396,0.5807022899389267,0.6026177704334259,0.5807022899389267,0.7631738185882568,0.8820111751556396,0.0,34.56293487548828,35.10600757598877,1,2,0.5,0.5,0.5
hf_github_codereview,6cea53472dfeb298,0.6227678060531616,0.6227678060531616,0.6227678060531616,0.6227678060531616,0.6227678656578064,0.6227678060531616,0.0,45.54949951171875,41.68109130859375,1,1,1.0,0.0,0.0
hf_github_codereview,b351f01489c5c264,0.7895764112472534,0.4158875960856676,0.7473776303231716,0.4158875960856676,0.561028003692627,0.7895764112472534,0.0,39.80405044555664,43.5830020904541,1,2,0.5,0.5,0.0
hf_github_codereview,36b195b6a4dd71cb,0.7863951921463013,0.7133204936981201,0.1461493968963623,0.7133204936981201,0.777685821056366,0.7863951921463013,0.0,46.73085021972656,45.45493125915527,1,2,1.0,0.5,0.0
hf_github_codereview,d35d9446f5c321c7,0.7270978689193726,0.7270978689193726,0.7270978689193726,0.7270978689193726,0.7270979285240173,0.7270978689193726,0.0,44.96452713012695,43.9570198059082,1,1,1.0,1.0,0.0
hf_github_codereview,243e3c61f586485c,0.5540006160736084,0.5540006160736084,0.5540006160736084,0.5540006160736084,0.5540006160736084,0.5540006160736084,0.0,31.333066940307617,43.9570198059082,1,1,0.0,0.0,0.0
hf_github_codereview,194f45490514583f,0.7379722595214844,0.7379722595214844,0.7379722595214844,0.7379722595214844,0.7379723787307739,0.7379722595214844,0.0,36.632110595703125,43.9570198059082,1,1,1.0,1.0,0.0
hf_github_codereview,8961200ca0b517f8,0.3395102918148041,0.3395102918148041,0.3395102918148041,0.3395102918148041,0.33951032161712646,0.3395102918148041,0.0,30.061330795288086,33.512271881103516,1,1,0.0,0.0,0.0
hf_github_codereview,27eca3e9916fbffa,0.4061462879180908,0.4061462879180908,0.4061462879180908,0.4061462879180908,0.4061463475227356,0.4061462879180908,0.0,44.8941764831543,33.512271881103516,1,1,0.0,0.0,0.0
hf_github_codereview,27d275f8d6c3855a,0.5869489908218384,0.5869489908218384,0.5869489908218384,0.5869489908218384,0.5869490504264832,0.5869489908218384,0.0,35.9210319519043,33.512271881103516,1,1,0.0,0.0,0.0
hf_github_codereview,165be65d8e4d90bd,0.7827378511428833,0.7827378511428833,0.7827378511428833,0.7827378511428833,0.7827379107475281,0.7827378511428833,0.0,43.84726333618164,37.5255126953125,1,1,1.0,1.0,0.0
hf_github_codereview,8815caaa38d74491,0.652442216873169,0.652442216873169,0.652442216873169,0.652442216873169,0.652442216873169,0.652442216873169,0.0,41.74234390258789,37.5255126953125,1,1,1.0,0.0,0.0
hf_github_codereview,df62771b78a87548,0.7392888069152832,0.7392888069152832,0.7392888069152832,0.7392888069152832,0.7392888069152832,0.7392888069152832,0.0,35.14471435546875,37.5255126953125,1,1,1.0,1.0,0.0
hf_github_codereview,ad945cd3b65f5f15,0.5971489548683167,0.5971489548683167,0.5971489548683167,0.5971489548683167,0.5971490144729614,0.5971489548683167,0.0,35.56052017211914,37.076507568359375,1,1,0.0,0.0,0.0
hf_github_codereview,28c89103791ac3e1,0.4361235201358795,0.4361235201358795,0.4361235201358795,0.4361235201358795,0.4361236095428467,0.4361235201358795,0.0,42.43049240112305,37.076507568359375,1,1,0.0,0.0,0.0
hf_github_codereview,503ddff9dab1024b,0.7987807989120483,0.7987807989120483,0.7987807989120483,0.7987807989120483,0.7987809181213379,0.7987807989120483,0.0,45.89171600341797,37.076507568359375,1,1,1.0,1.0,0.0
hf_github_codereview,afd78560dd1ce236,0.47595036029815674,0.47595036029815674,0.47595036029815674,0.47595036029815674,0.4759504199028015,0.47595036029815674,0.0,47.456600189208984,38.92946243286133,1,1,0.0,0.0,0.0
hf_github_codereview,5deaa18b0aa8c55a,0.5751152038574219,0.5751152038574219,0.5751152038574219,0.5751152038574219,0.5751152038574219,0.5751152038574219,0.0,39.0174560546875,32.18083953857422,1,1,0.0,0.0,0.0
hf_github_codereview,3ae6c04193b52e7b,0.7643477916717529,0.7643477916717529,0.7643477916717529,0.7643477916717529,0.7643477916717529,0.7643477916717529,0.0,39.38971710205078,41.7361946105957,1,1,1.0,1.0,0.0
hf_github_codereview,626a075dd5a9df97,0.8280644416809082,0.8280644416809082,0.8280644416809082,0.8280644416809082,0.8280644416809082,0.8280644416809082,0.0,36.89961624145508,41.7361946105957,1,1,1.0,1.0,1.0
hf_github_codereview,6f1a6b298b485545,0.39513862133026123,0.39513862133026123,0.39513862133026123,0.39513862133026123,0.39513862133026123,0.39513862133026123,0.0,35.35999298095703,37.830692291259766,1,1,0.0,0.0,0.0
hf_github_codereview,0b4847c602e9e59b,0.7509956359863281,0.7509956359863281,0.7509956359863281,0.7509956359863281,0.7509956359863281,0.7509956359863281,0.0,33.87080764770508,41.9959716796875,1,1,1.0,1.0,0.0
hf_github_codereview,38408ae16c39f4df,0.7509924173355103,0.7509924173355103,0.7509924173355103,0.7509924173355103,0.7509925365447998,0.7509924173355103,0.0,43.41256332397461,41.9959716796875,1,1,1.0,1.0,0.0
hf_github_codereview,c46fe470b3726e21,0.8853510022163391,0.8853510022163391,0.8853510022163391,0.8853510022163391,0.8853510022163391,0.8853510022163391,0.0,44.631553649902344,43.87389373779297,1,1,1.0,1.0,1.0
hf_github_codereview,d407a9990abd5a57,0.6301950216293335,0.4278688927491506,0.1908915638923645,0.4278688927491506,0.5307146906852722,0.6301950216293335,0.0,36.16511154174805,44.45853042602539,1,3,0.3333333333333333,0.0,0.0
hf_github_codereview,b2ff6a2d48eeb87e,0.6131588220596313,0.5236432701349258,0.179031103849411,0.5236432701349258,0.5825914144515991,0.6131588220596313,0.0,36.01410675048828,42.36603927612305,1,2,0.5,0.0,0.0
hf_github_codereview,995f4eb5bb6d9b51,0.7955924272537231,0.7955924272537231,0.7955924272537231,0.7955924272537231,0.7955924272537231,0.7955924272537231,0.0,40.11479949951172,37.28360366821289,1,1,1.0,1.0,0.0
hf_github_codereview,8a463ba8b8f31638,0.0,0.0,0.0,0.0,0.0,0.0,0.0,38.84947204589844,0.0,1,0,0.0,0.0,0.0
hf_github_codereview,9c6f1e060d065861,0.5766205787658691,0.5766205787658691,0.5766205787658691,0.5766205787658691,0.5766205787658691,0.5766205787658691,0.0,36.402706146240234,33.761531829833984,1,1,0.0,0.0,0.0
hf_github_codereview,72197a444f7617b0,0.5890296697616577,0.5890296697616577,0.5890296697616577,0.5890296697616577,0.5890295505523682,0.5890296697616577,0.0,41.14225387573242,33.761531829833984,1,1,0.0,0.0,0.0
hf_github_codereview,7d45c3d93d79bebe,0.6285333633422852,0.6285333633422852,0.6285333633422852,0.6285333633422852,0.6285333633422852,0.6285333633422852,0.0,44.40797805786133,33.761531829833984,1,1,1.0,0.0,0.0
hf_github_codereview,cefd4c0a38a256d5,0.5172950625419617,0.5172950625419617,0.5172950625419617,0.5172950625419617,0.5172950029373169,0.5172950625419617,0.0,38.08214569091797,32.50986862182617,1,1,0.0,0.0,0.0
hf_github_codereview,6e4b6ad566301c77,0.5944085717201233,0.5944085717201233,0.5944085717201233,0.5944085717201233,0.5944085121154785,0.5944085717201233,0.0,44.40797805786133,32.50986862182617,1,1,0.0,0.0,0.0
hf_github_codereview,072407734ce9cb28,0.2901408076286316,0.2901408076286316,0.2901408076286316,0.2901408076286316,0.2901407778263092,0.2901408076286316,0.0,29.343996047973633,33.761531829833984,1,1,0.0,0.0,0.0
hf_github_codereview,e7cb4f5b3d42e44d,0.4602488875389099,0.4602488875389099,0.4602488875389099,0.4602488875389099,0.4602488875389099,0.4602488875389099,0.0,44.40797805786133,27.852144241333008,1,1,0.0,0.0,0.0
hf_github_codereview,d4d4c4ef63b919d6,0.24685297906398773,0.24685297906398773,0.24685297906398773,0.24685297906398773,0.24685297906398773,0.24685297906398773,0.0,29.343996047973633,27.852144241333008,1,1,0.0,0.0,0.0
hf_github_codereview,3bf64ff464ccd79d,0.40252816677093506,0.40252816677093506,0.40252816677093506,0.40252816677093506,0.4025281071662903,0.40252816677093506,0.0,37.18692398071289,38.720802307128906,1,1,0.0,0.0,0.0
hf_github_codereview,4b4da12b20ae7260,0.43984878063201904,0.24077905900776386,0.39813944324851036,0.24077905900776386,0.3459744453430176,0.43984878063201904,0.0,44.65716552734375,39.19656276702881,1,2,0.0,0.0,0.0
hf_github_codereview,e80c266c36e6f4e0,0.4178280532360077,0.4178280532360077,0.4178280532360077,0.4178280532360077,0.4178280532360077,0.4178280532360077,0.0,37.58449935913086,27.852144241333008,1,1,0.0,0.0,0.0
hf_github_codereview,1421276bc057ee5c,0.45146292448043823,0.45146292448043823,0.45146292448043823,0.45146292448043823,0.45146292448043823,0.45146292448043823,0.0,39.094390869140625,27.852144241333008,1,1,0.0,0.0,0.0
hf_github_codereview,3f13b108d3b58a52,0.378884881734848,0.378884881734848,0.378884881734848,0.378884881734848,0.378884881734848,0.378884881734848,0.0,38.31190872192383,27.852144241333008,1,1,0.0,0.0,0.0
hf_github_codereview,4ecdffdfd96346fc,0.3791438043117523,0.3791438043117523,0.3791438043117523,0.3791438043117523,0.3791438043117523,0.3791438043117523,0.0,46.62883758544922,27.852144241333008,1,1,0.0,0.0,0.0
hf_github_codereview,8f0d1071f61da592,0.5664585828781128,0.5664585828781128,0.5664585828781128,0.5664585828781128,0.5664584636688232,0.5664585828781128,0.0,43.00686264038086,32.50986862182617,1,1,0.0,0.0,0.0
hf_github_codereview,05a20b9441094bf6,0.6462236046791077,0.6462236046791077,0.6462236046791077,0.6462236046791077,0.6462236046791077,0.6462236046791077,0.0,44.40797805786133,35.57917785644531,1,1,1.0,0.0,0.0
hf_github_codereview,a3888b8e94ed3242,0.5610226988792419,0.5610226988792419,0.5610226988792419,0.5610226988792419,0.5610226988792419,0.5610226988792419,0.0,42.316734313964844,35.57917785644531,1,1,0.0,0.0,0.0
hf_github_codereview,e873c22bcc1df083,0.2913569211959839,0.2913569211959839,0.2913569211959839,0.2913569211959839,0.2913569211959839,0.2913569211959839,0.0,29.343996047973633,35.57917785644531,1,1,0.0,0.0,0.0
hf_github_codereview,e97ce1eda047591d,0.5801911354064941,0.5801911354064941,0.5801911354064941,0.5801911354064941,0.5801911354064941,0.5801911354064941,0.0,34.57726287841797,35.57917785644531,1,1,0.0,0.0,0.0
hf_github_codereview,17086e8d001e983b,0.9395605325698853,0.9182014465332031,0.04271817207336426,0.9182014465332031,0.9377356767654419,0.9395605325698853,0.0,34.93501281738281,32.639333724975586,1,2,1.0,1.0,1.0
hf_github_codereview,b81a45f8bedc01cd,0.9577873945236206,0.7874540289243063,0.01822686195373535,0.7874540289243063,0.900112509727478,0.9577873945236206,0.0,34.93501281738281,33.068925857543945,1,3,0.6666666666666666,0.6666666666666666,0.6666666666666666
hf_github_codereview,c275c65473af2d1d,0.4968673586845398,0.44482116401195526,0.10409238934516907,0.44482116401195526,0.5263557434082031,0.4968673586845398,0.0,44.547760009765625,39.64406204223633,1,2,0.0,0.0,0.0
hf_github_codereview,6573fb383a849bec,0.41735348105430603,0.21158920228481293,0.26964864134788513,0.13211765736341477,0.19602112472057343,0.41735348105430603,0.0,44.026222229003906,32.45731620788574,1,5,0.0,0.0,0.0
hf_github_codereview,65b8670224a9764e,0.4787951707839966,0.23938516279061636,0.34344837069511414,0.18028925061225892,0.2674926817417145,0.4787951707839966,0.0,31.035381317138672,32.45731620788574,1,5,0.0,0.0,0.0
hf_github_codereview,e18ea43e0e0e6f5a,0.8218234777450562,0.8218234777450562,0.8218234777450562,0.8218234777450562,0.8218234777450562,0.8218234777450562,0.0,36.95229721069336,37.27016830444336,1,1,1.0,1.0,1.0
hf_github_codereview,6f0f6df2bcd26b5c,0.6195381283760071,0.6195381283760071,0.6195381283760071,0.6195381283760071,0.6195381283760071,0.6195381283760071,0.0,33.96580505371094,32.05274200439453,1,1,1.0,0.0,0.0
hf_github_codereview,6af8bf8b8686cbb8,0.9999998807907104,0.9999998807907104,0.9999998807907104,0.9999998807907104,1.0,0.9999998807907104,0.0,35.666263580322266,35.666263580322266,1,1,1.0,1.0,1.0
hf_github_codereview,75c268a39a019c57,0.9999998807907104,0.9999998807907104,0.9999998807907104,0.9999998807907104,1.0,0.9999998807907104,0.0,46.76533508300781,46.76533508300781,1,1,1.0,1.0,1.0
hf_github_codereview,b975538b50ab708d,1.0,1.0,1.0,1.0,1.0,1.0,0.0,34.64559555053711,34.64559555053711,1,1,1.0,1.0,1.0
hf_github_codereview,4587e8b9b3220c79,0.725326418876648,0.725326418876648,0.725326418876648,0.725326418876648,0.725326418876648,0.725326418876648,0.0,43.98186492919922,46.210208892822266,1,1,1.0,1.0,0.0
hf_github_codereview,961bfd98c7d57ad1,0.6150301694869995,0.6150301694869995,0.6150301694869995,0.6150301694869995,0.6150302290916443,0.6150301694869995,0.0,38.59748840332031,46.210208892822266,1,1,1.0,0.0,0.0
hf_github_codereview,fc0116133c54dbb9,0.9281398057937622,0.9281398057937622,0.9281398057937622,0.9281398057937622,0.9281398057937622,0.9281398057937622,0.0,44.37848663330078,46.210208892822266,1,1,1.0,1.0,1.0
hf_github_codereview,6abe9ac280e7f42a,1.0,1.0,1.0,1.0,1.0,1.0,0.0,42.173500061035156,42.173500061035156,1,1,1.0,1.0,1.0
hf_github_codereview,2905cab50d7581af,1.0,1.0,1.0,1.0,1.0,1.0,0.0,42.173500061035156,42.173500061035156,1,1,1.0,1.0,1.0
hf_github_codereview,018fae8539472d04,1.0,1.0,1.0,1.0,1.0,1.0,0.0,46.01416015625,46.01416015625,1,1,1.0,1.0,1.0
hf_github_codereview,55c613436f5578bf,0.7305667400360107,0.7305667400360107,0.7305667400360107,0.7305667400360107,0.7305667400360107,0.7305667400360107,0.0,43.98186492919922,47.12119674682617,1,1,1.0,1.0,0.0
hf_github_codereview,2df40a0621c49730,0.6145964860916138,0.6145964860916138,0.6145964860916138,0.6145964860916138,0.6145964860916138,0.6145964860916138,0.0,38.59748840332031,47.12119674682617,1,1,1.0,0.0,0.0
hf_github_codereview,96d282e567feadda,0.9252288937568665,0.9252288937568665,0.9252288937568665,0.9252288937568665,0.9252288937568665,0.9252288937568665,0.0,45.00448226928711,47.12119674682617,1,1,1.0,1.0,1.0
hf_github_codereview,59ad625093701c99,1.0,1.0,1.0,1.0,1.0,1.0,0.0,42.173500061035156,42.173500061035156,1,1,1.0,1.0,1.0
hf_github_codereview,7d7ed3f6fb452a6d,1.0,1.0,1.0,1.0,1.0,1.0,0.0,42.173500061035156,42.173500061035156,1,1,1.0,1.0,1.0
hf_github_codereview,7e9db8c198dbb7d3,0.5829578638076782,0.5829578638076782,0.5829578638076782,0.5829578638076782,0.5829578638076782,0.5829578638076782,0.0,39.630245208740234,45.16648864746094,1,1,0.0,0.0,0.0
hf_github_codereview,1ae6cc3b427d2445,0.9563088417053223,0.9563088417053223,0.9563088417053223,0.9563088417053223,0.9563089609146118,0.9563088417053223,0.0,46.14602279663086,45.16648864746094,1,1,1.0,1.0,1.0
hf_github_codereview,c92aa50df4d573c0,0.8687832951545715,0.8687832951545715,0.8687832951545715,0.8687832951545715,0.8687834143638611,0.8687832951545715,0.0,44.44319534301758,45.16648864746094,1,1,1.0,1.0,1.0
hf_github_codereview,4ae733359bef2a09,1.0,1.0,1.0,1.0,1.0,1.0,0.0,41.782596588134766,41.782596588134766,1,1,1.0,1.0,1.0
hf_github_codereview,cafe86eed1f817ac,1.0,1.0,1.0,1.0,1.0,1.0,0.0,41.782596588134766,41.782596588134766,1,1,1.0,1.0,1.0
hf_github_codereview,51cf24112f375fc8,1.0,1.0,1.0,1.0,1.0,1.0,0.0,41.782596588134766,41.782596588134766,1,1,1.0,1.0,1.0
hf_github_codereview,ea15bca905207377,1.0,1.0,1.0,1.0,1.0,1.0,0.0,41.782596588134766,41.782596588134766,1,1,1.0,1.0,1.0
hf_github_codereview,fb35cd7611f6091c,1.0,0.9823194146156311,0.03536117076873779,0.9823194146156311,0.9911203384399414,1.0,0.0,41.782596588134766,41.24423789978027,1,2,1.0,1.0,1.0
hf_github_codereview,81c67b2ceab6a981,0.9999997615814209,0.9823192954063416,0.03536093235015869,0.9823192954063416,0.9911201000213623,0.9999997615814209,0.0,40.70587921142578,41.24423789978027,1,2,1.0,1.0,1.0
hf_github_codereview,346c3446829f8c5d,1.0,0.9823194146156311,0.03536117076873779,0.9823194146156311,0.9911203384399414,1.0,0.0,41.782596588134766,41.24423789978027,1,2,1.0,1.0,1.0
hf_github_codereview,71319192e339083d,1.0,1.0,1.0,1.0,1.0,1.0,0.0,41.782596588134766,41.782596588134766,1,1,1.0,1.0,1.0
hf_github_codereview,7c52c9a29bb6e782,0.9999998807907104,0.9999998807907104,0.9999998807907104,0.9999998807907104,0.9999999403953552,0.9999998807907104,0.0,37.3868522644043,37.3868522644043,1,1,1.0,1.0,1.0
hf_github_codereview,9180627dc7ec3b3d,1.0,1.0,1.0,1.0,1.0,1.0,0.0,43.478797912597656,43.478797912597656,1,1,1.0,1.0,1.0
hf_github_codereview,2c4adfcb58f7c5f9,0.9535118937492371,0.9535118937492371,0.9535118937492371,0.9535118937492371,0.9535118937492371,0.9535118937492371,0.0,45.461280822753906,44.356651306152344,1,1,1.0,1.0,1.0
hf_github_codereview,e994896c413c18d0,0.8685238361358643,0.8685238361358643,0.8685238361358643,0.8685238361358643,0.8685238361358643,0.8685238361358643,0.0,39.24790573120117,44.356651306152344,1,1,1.0,1.0,1.0
hf_github_codereview,d4d1bf4e8f394d2a,1.0,1.0,1.0,1.0,1.0,1.0,0.0,41.446800231933594,41.446800231933594,1,1,1.0,1.0,1.0
hf_github_codereview,cf771957c7802490,1.0,1.0,1.0,1.0,1.0,1.0,0.0,35.63551712036133,35.63551712036133,1,1,1.0,1.0,1.0
hf_github_codereview,b0e8c9fcbf2444c3,1.0,0.8257516026496887,0.34849679470062256,0.8257516026496887,0.908708930015564,1.0,0.0,36.6161003112793,39.30523490905762,1,2,1.0,0.5,0.5
hf_github_codereview,802a44949919a2d7,1.0,0.8257516026496887,0.34849679470062256,0.8257516026496887,0.9087086915969849,1.0,0.0,41.99436950683594,39.30523490905762,1,2,1.0,0.5,0.5
hf_github_codereview,4c2e83a8d974410a,1.0,1.0,1.0,1.0,1.0,1.0,0.0,41.446800231933594,41.446800231933594,1,1,1.0,1.0,1.0
hf_github_codereview,6257a0d237cf3cef,0.9999998211860657,0.9999998211860657,0.9999998211860657,0.9999998211860657,1.0,0.9999998211860657,0.0,44.613460540771484,44.613460540771484,1,1,1.0,1.0,1.0
hf_github_codereview,7784ff0f281c482e,0.6777527332305908,0.6777527332305908,0.6777527332305908,0.6777527332305908,0.6777528524398804,0.6777527332305908,0.0,42.14906311035156,46.801639556884766,1,1,1.0,0.0,0.0
hf_github_codereview,947e891daa76f571,0.7644506692886353,0.7644506692886353,0.7644506692886353,0.7644506692886353,0.76445072889328,0.7644506692886353,0.0,43.1920280456543,46.801639556884766,1,1,1.0,1.0,0.0
hf_github_codereview,2fe681574bfa9b9e,1.0,1.0,1.0,1.0,1.0,1.0,0.0,38.507450103759766,38.507450103759766,1,1,1.0,1.0,1.0
hf_github_codereview,90ba96f301bf2547,0.45138755440711975,0.45138755440711975,0.45138755440711975,0.45138755440711975,0.45138755440711975,0.45138755440711975,0.0,39.29590606689453,41.72119903564453,1,1,0.0,0.0,0.0
hf_github_codereview,da970b357608749b,0.6171035170555115,0.6171035170555115,0.6171035170555115,0.6171035170555115,0.6171035170555115,0.6171035170555115,0.0,44.37976837158203,41.72119903564453,1,1,1.0,0.0,0.0
hf_github_codereview,c93ccf8df70df3b1,0.9490008354187012,0.6309454143047333,0.6361108422279358,0.6309454143047333,0.7850961089134216,0.9490008354187012,0.0,38.806209564208984,34.22039794921875,1,2,0.5,0.5,0.5
hf_github_codereview,0e4f30f408670ecf,0.6945683360099792,0.6945683360099792,0.6945683360099792,0.6945683360099792,0.694568395614624,0.6945683360099792,0.0,40.40840530395508,36.39615249633789,1,1,1.0,0.0,0.0
hf_github_codereview,76b1f29c0c7e2506,0.7946321368217468,0.44724147394299507,0.6947813257575035,0.44724147394299507,0.5845756530761719,0.7946321368217468,0.0,40.919288635253906,42.67622756958008,1,2,0.5,0.5,0.0
hf_github_codereview,1ced9b7dcb6e25e3,1.0,1.0,1.0,1.0,1.0,1.0,0.0,30.3393497467041,30.3393497467041,1,1,1.0,1.0,1.0
hf_github_codereview,31a34f5c79534ce8,0.8419008255004883,0.8419008255004883,0.8419008255004883,0.8419008255004883,0.8419008255004883,0.8419008255004883,0.0,44.33453369140625,44.08731460571289,1,1,1.0,1.0,1.0
hf_github_codereview,02670390033d6a9d,1.0,0.5150118079036474,0.9699763841927052,0.5150118079036474,0.7176433205604553,1.0,0.0,39.56235885620117,45.15081787109375,1,2,0.5,0.5,0.5
hf_github_codereview,e0c0701c892e2b6e,1.0,1.0,1.0,1.0,1.0,1.0,0.0,41.996124267578125,41.996124267578125,1,1,1.0,1.0,1.0
hf_github_codereview,51ae98736e2de9ec,0.48380112648010254,0.3339192271232605,0.2997637987136841,0.3339192271232605,0.397325336933136,0.48380112648010254,0.0,44.375587463378906,40.26515007019043,1,2,0.0,0.0,0.0
hf_github_codereview,266e974f90ae86cb,0.32023775577545166,0.32023775577545166,0.32023775577545166,0.32023775577545166,0.32023781538009644,0.32023775577545166,0.0,35.3532829284668,36.54063034057617,1,1,0.0,0.0,0.0
hf_github_codereview,2ed45129776c306b,0.2751721143722534,0.2751721143722534,0.2751721143722534,0.2751721143722534,0.2751721143722534,0.2751721143722534,0.0,34.14308166503906,41.48780059814453,1,1,0.0,0.0,0.0
hf_github_codereview,d4f8826df30265f1,0.3443172574043274,0.3443172574043274,0.3443172574043274,0.3443172574043274,0.3443172574043274,0.3443172574043274,0.0,31.481430053710938,44.32186508178711,1,1,0.0,0.0,0.0
hf_github_codereview,6a8dd893fc6c50ce,0.40991535782814026,0.3504008948802948,0.11902892589569092,0.3504008948802948,0.404064804315567,0.40991535782814026,0.0,37.95232391357422,38.98843193054199,1,2,0.0,0.0,0.0
hf_github_codereview,56e88079459655ff,0.46441131830215454,0.45372408628463745,0.02137446403503418,0.45372408628463745,0.5198184251785278,0.46441131830215454,0.0,41.27587890625,42.88039779663086,1,2,0.0,0.0,0.0
hf_github_codereview,10fd0bc33c74608d,0.3401075303554535,0.28882405906915665,0.10256694257259369,0.28882405906915665,0.31531643867492676,0.3401075303554535,0.0,43.05183029174805,43.873695373535156,1,2,0.0,0.0,0.0
hf_github_codereview,aba20873f034996d,0.9999998807907104,0.6001912107070287,0.3313734531402588,0.6001912107070287,0.8139533400535583,0.9999998807907104,0.0,36.20622253417969,39.64196523030599,1,3,0.6666666666666666,0.3333333333333333,0.3333333333333333
hf_github_codereview,e49bb2f44f9f990d,0.6669695377349854,0.4085543155670166,0.3809781074523926,0.3645602911710739,0.5114668607711792,0.6669695377349854,0.0,39.2808837890625,36.93321895599365,1,4,0.25,0.0,0.0
hf_github_codereview,2f12cf53d58c85ab,0.6843993663787842,0.43710868060588837,0.30448752641677856,0.43710868060588837,0.60697340965271,0.6843993663787842,0.0,34.286102294921875,40.548988342285156,1,3,0.3333333333333333,0.0,0.0
hf_github_codereview,9bf8d408a7e7010d,0.6518528461456299,0.5241899490356445,0.2553257942199707,0.5241899490356445,0.6164424419403076,0.6518528461456299,0.0,44.10320281982422,42.900028228759766,1,2,0.5,0.0,0.0
hf_github_codereview,a2e7d7302bc0b5ad,0.7398371696472168,0.5328735858201981,0.4139271676540375,0.5328735858201981,0.6696082353591919,0.7398371696472168,0.0,29.657119750976562,37.78421211242676,1,2,0.5,0.5,0.0
hf_github_codereview,a626afeed345e1f5,0.6468013525009155,0.5028028090794882,0.19158923625946045,0.5028028090794882,0.6539976596832275,0.6468013525009155,0.0,29.878355026245117,34.55941836039225,1,3,0.3333333333333333,0.0,0.0
hf_github_codereview,38cd90a887272561,0.5026292204856873,0.3101981629927953,0.23893257975578308,0.3101981629927953,0.4239259362220764,0.5026292204856873,0.0,40.35173034667969,36.45660909016927,1,3,0.0,0.0,0.0
hf_github_codereview,e277291d063d1a1d,0.9999999403953552,0.6137596815824509,0.3527570366859436,0.6137596815824509,0.8131905794143677,0.9999999403953552,0.0,30.613384246826172,32.51435852050781,1,3,0.6666666666666666,0.3333333333333333,0.3333333333333333
hf_github_codereview,1edc8ed394cdfadc,0.9999998211860657,0.5970180109143257,0.8059636205434799,0.5970180109143257,0.7726694345474243,0.9999998211860657,0.0,36.52532958984375,33.56935691833496,1,2,0.5,0.5,0.5
hf_github_codereview,812522b480a0bb85,0.47202181816101074,0.3369305481513341,0.11208224296569824,0.3369305481513341,0.42267554998397827,0.47202181816101074,0.0,36.61042022705078,41.036749521891274,1,3,0.0,0.0,0.0
hf_github_codereview,a5eff9fa3f97b806,0.5499690175056458,0.44619226455688477,0.14844852685928345,0.44619226455688477,0.5699487924575806,0.5499690175056458,0.0,43.41976547241211,41.29963938395182,1,3,0.0,0.0,0.0
hf_github_codereview,a0082d53581b7dd6,0.31315895915031433,0.2709640711545944,0.018953651189804077,0.2709640711545944,0.3461190462112427,0.31315895915031433,0.0,29.750900268554688,41.29963938395182,1,3,0.0,0.0,0.0
hf_github_codereview,b6f4e792dee2666c,0.728327751159668,0.4792938530445099,0.19954460859298706,0.4792938530445099,0.6121466159820557,0.728327751159668,0.0,39.90843200683594,40.71022415161133,1,3,0.3333333333333333,0.3333333333333333,0.0
hf_github_codereview,58225eb5644a583b,0.38035649061203003,0.35996753970781964,0.02367335557937622,0.35996753970781964,0.46294987201690674,0.38035649061203003,0.0,32.845802307128906,39.369040171305336,1,3,0.0,0.0,0.0
hf_github_codereview,ae947f753d2b4a26,0.47510334849357605,0.41854068636894226,0.03334251046180725,0.41854068636894226,0.5382800102233887,0.47510334849357605,0.0,38.204647064208984,39.369040171305336,1,3,0.0,0.0,0.0
hf_github_codereview,c018adc1569a6144,0.9999997615814209,0.6478350162506104,0.33137333393096924,0.5406087189912796,0.7552720904350281,0.9999997615814209,0.0,39.99449157714844,38.80469226837158,1,4,0.5,0.25,0.25
hf_github_codereview,ddfd297c25e17c50,0.4886845350265503,0.3595448036988576,0.18204176425933838,0.3316829353570938,0.47446781396865845,0.4886845350265503,0.0,36.12580871582031,40.222418785095215,1,4,0.0,0.0,0.0
hf_github_codereview,d100e38b09031274,0.4186890721321106,0.32581061124801636,0.0963931679725647,0.32581061124801636,0.4500003457069397,0.4186890721321106,0.0,29.916595458984375,40.930102030436196,1,3,0.0,0.0,0.0
hf_github_codereview,5c8d2c92ec1770c3,0.4378790855407715,0.3705856104691823,0.0483628511428833,0.3705856104691823,0.5112773180007935,0.4378790855407715,0.0,29.668947219848633,40.77577590942383,1,3,0.0,0.0,0.0
hf_github_codereview,c55433e483a1a1f7,0.3607177436351776,0.3251044601202011,0.071226567029953,0.3251044601202011,0.37372374534606934,0.3607177436351776,0.0,28.80698013305664,43.0605525970459,1,2,0.0,0.0,0.0
hf_github_codereview,eca553c7be38328b,1.0,1.0,1.0,1.0,1.0,1.0,0.0,44.9532585144043,44.9532585144043,1,1,1.0,1.0,1.0
hf_github_codereview,42a1913641c2db2e,0.652980387210846,0.652980387210846,0.652980387210846,0.652980387210846,0.6529803276062012,0.652980387210846,0.0,37.084754943847656,41.7403678894043,1,1,1.0,0.0,0.0
hf_github_codereview,81953824faf86ba4,0.6559942960739136,0.6559942960739136,0.6559942960739136,0.6559942960739136,0.6559943556785583,0.6559942960739136,0.0,37.084754943847656,41.782466888427734,1,1,1.0,0.0,0.0
hf_github_codereview,71cd4da993aa4559,0.9999998211860657,0.6368341892957687,0.7263312637805939,0.6368341892957687,0.7980188727378845,0.9999998211860657,0.0,44.488746643066406,40.98099708557129,1,2,0.5,0.5,0.5
hf_github_codereview,9dc22ca80f6583ee,1.0,1.0,1.0,1.0,1.0,1.0,0.0,39.221683502197266,39.221683502197266,1,1,1.0,1.0,1.0
hf_github_codereview,c55e14f972ec4aec,1.0,1.0,1.0,1.0,1.0,1.0,0.0,45.97233963012695,45.97233963012695,1,1,1.0,1.0,1.0
hf_github_codereview,d0c6637aff4a1357,0.7096619606018066,0.7096619606018066,0.7096619606018066,0.7096619606018066,0.7096619606018066,0.7096619606018066,0.0,42.48921585083008,46.438499450683594,1,1,1.0,1.0,0.0
hf_github_codereview,c77601078f5eed6f,1.0,0.6322961151599884,0.7354077696800232,0.6322961151599884,0.7951704859733582,1.0,0.0,46.38817596435547,43.21328163146973,1,2,0.5,0.5,0.5
hf_github_codereview,d2fde005038083f1,1.0,0.4742218554019928,0.7354077696800232,0.4742218554019928,0.6817977428436279,1.0,0.0,40.038387298583984,42.26769765218099,1,3,0.3333333333333333,0.3333333333333333,0.3333333333333333
hf_github_codereview,a378a349c969fc4d,0.7212735414505005,0.7212735414505005,0.7212735414505005,0.7212735414505005,0.7212735414505005,0.7212735414505005,0.0,37.02411651611328,38.0305290222168,1,1,1.0,1.0,0.0
hf_github_codereview,d7b0b207585652e4,0.4348662793636322,0.4348662793636322,0.4348662793636322,0.4348662793636322,0.4348663091659546,0.4348662793636322,0.0,36.566200256347656,32.29901885986328,1,1,0.0,0.0,0.0
hf_github_codereview,31b730fdc39b2f24,0.8105052709579468,0.8105052709579468,0.8105052709579468,0.8105052709579468,0.8105053305625916,0.8105052709579468,0.0,43.33938217163086,44.562442779541016,1,1,1.0,1.0,1.0
hf_github_codereview,10a99bf850ac3925,0.5800267457962036,0.5800267457962036,0.5800267457962036,0.5800267457962036,0.5800267457962036,0.5800267457962036,0.0,38.67951202392578,40.2154655456543,1,1,0.0,0.0,0.0
hf_github_codereview,ba07630231e95b61,0.9999998807907104,0.6019627898931503,0.7960741817951202,0.6019627898931503,0.7758625745773315,0.9999998807907104,0.0,48.03546905517578,43.55104637145996,1,2,0.5,0.5,0.5
hf_github_codereview,e5c72b0a49684430,0.4495875835418701,0.39280998706817627,0.1135551929473877,0.39280998706817627,0.462790310382843,0.4495875835418701,0.0,47.17286682128906,35.60384750366211,1,2,0.0,0.0,0.0
hf_github_codereview,2bd56f41e2ca8e85,0.35316842794418335,0.35316842794418335,0.35316842794418335,0.35316842794418335,0.35316842794418335,0.35316842794418335,0.0,39.7823371887207,34.99209213256836,1,1,0.0,0.0,0.0
hf_github_codereview,9a323eb63e598993,0.1427295207977295,0.13689503073692322,0.011668980121612549,0.13689503073692322,0.14466562867164612,0.1427295207977295,0.0,41.34115982055664,41.769601821899414,1,2,0.0,0.0,0.0
hf_github_codereview,93e49d83e398e68a,0.6271528601646423,0.5037400722503662,0.24682557582855225,0.5037400722503662,0.586868166923523,0.6271528601646423,0.0,44.68552017211914,41.30674171447754,1,2,0.5,0.0,0.0
hf_github_codereview,74a7bf326b3dfe77,0.9999999403953552,0.9999999403953552,0.9999999403953552,0.9999999403953552,1.0,0.9999999403953552,0.0,35.160400390625,35.160400390625,1,1,1.0,1.0,1.0
hf_github_codereview,c6d7be045e1498bd,0.9999997615814209,0.9999997615814209,0.9999997615814209,0.9999997615814209,0.9999998807907104,0.9999997615814209,0.0,37.3077278137207,37.3077278137207,1,1,1.0,1.0,1.0
hf_github_codereview,92e91542d15884b0,0.37847501039505005,0.33286653459072113,0.09121695160865784,0.33286653459072113,0.41865402460098267,0.37847501039505005,0.0,35.81038284301758,43.264883041381836,1,2,0.0,0.0,0.0
hf_github_codereview,92af49d30e810798,1.0,1.0,1.0,1.0,1.0,1.0,0.0,33.71614456176758,33.71614456176758,1,1,1.0,1.0,1.0
hf_github_codereview,28e3cfd94d593cc9,0.829044759273529,0.829044759273529,0.829044759273529,0.829044759273529,0.829044759273529,0.829044759273529,0.0,33.841365814208984,34.54228591918945,1,1,1.0,1.0,1.0
hf_github_codereview,14bda8f1a59c0fb4,0.6627610921859741,0.6627610921859741,0.6627610921859741,0.6627610921859741,0.6627610921859741,0.6627610921859741,0.0,39.7803955078125,34.54228591918945,1,1,1.0,0.0,0.0
hf_github_codereview,0fdd3f228bfb0859,0.8630086183547974,0.8630086183547974,0.8630086183547974,0.8630086183547974,0.8630086183547974,0.8630086183547974,0.0,34.808101654052734,34.54228591918945,1,1,1.0,1.0,1.0
hf_github_codereview,0251c6982d3ec58c,1.0,0.7484327256679535,0.503134548664093,0.7484327256679535,0.8651202321052551,1.0,0.0,34.71054458618164,36.57390213012695,1,2,0.5,0.5,0.5
hf_github_codereview,e98022a7706d791d,1.0,1.0,1.0,1.0,1.0,1.0,0.0,40.57673645019531,40.57673645019531,1,1,1.0,1.0,1.0
hf_github_codereview,7f26275adf18ec81,0.8658999800682068,0.8658999800682068,0.8658999800682068,0.8658999800682068,0.8658999800682068,0.8658999800682068,0.0,31.347183227539062,34.62023162841797,1,1,1.0,1.0,1.0
hf_github_codereview,0d6ab0d93bc4000b,0.7389618158340454,0.4654192328453064,0.547085165977478,0.4654192328453064,0.595741868019104,0.7389618158340454,0.0,38.03678512573242,38.6776065826416,1,2,0.5,0.5,0.0
hf_github_codereview,0ef4b24222426646,0.44676798582077026,0.41085144877433777,0.07183307409286499,0.41085144877433777,0.4530991315841675,0.44676798582077026,0.0,40.286502838134766,34.62641525268555,1,2,0.0,0.0,0.0
hf_github_codereview,24f142df878f8f7b,0.6903841495513916,0.5221353769302368,0.33649754524230957,0.5221353769302368,0.6554259061813354,0.6903841495513916,0.0,39.499237060546875,30.3331356048584,1,2,0.5,0.0,0.0
hf_github_codereview,95423be330054edb,0.7181929349899292,0.7181929349899292,0.7181929349899292,0.7181929349899292,0.7181929349899292,0.7181929349899292,0.0,42.04631423950195,40.57673645019531,1,1,1.0,1.0,0.0
hf_github_codereview,d71b9f11471c9e35,0.8527748584747314,0.7423195242881775,0.2209106683731079,0.7423195242881775,0.8125702142715454,0.8527748584747314,0.0,34.967193603515625,42.16430854797363,1,2,1.0,0.5,0.5
hf_github_codereview,65f7a896309b3301,0.7556071281433105,0.7556071281433105,0.7556071281433105,0.7556071281433105,0.7556071281433105,0.7556071281433105,0.0,35.36378860473633,37.383243560791016,1,1,1.0,1.0,0.0
hf_github_codereview,d1141984f0668287,0.9662800431251526,0.7034253031015396,0.525709480047226,0.7034253031015396,0.8281233310699463,0.9662800431251526,0.0,46.34553146362305,35.860209465026855,1,2,0.5,0.5,0.5
hf_github_codereview,4e477643b504f9eb,1.0,1.0,1.0,1.0,1.0,1.0,0.0,39.100852966308594,39.100852966308594,1,1,1.0,1.0,1.0
hf_github_codereview,b55a593369c32c95,1.0,1.0,1.0,1.0,1.0,1.0,0.0,39.38142013549805,39.38142013549805,1,1,1.0,1.0,1.0
hf_github_codereview,bf927b08753b7aa2,1.0,1.0,1.0,1.0,1.0,1.0,0.0,39.100852966308594,39.100852966308594,1,1,1.0,1.0,1.0
hf_github_codereview,c508a48ed9284845,0.7882380485534668,0.7882380485534668,0.7882380485534668,0.7882380485534668,0.7882380485534668,0.7882380485534668,0.0,42.00965118408203,42.25332260131836,1,1,1.0,1.0,0.0
hf_github_codereview,45e0502b5fcc5f05,0.8546648025512695,0.5635959804058075,0.5821376442909241,0.5635959804058075,0.7235826253890991,0.8546648025512695,0.0,45.01129913330078,39.87418270111084,1,2,0.5,0.5,0.5
hf_github_codereview,be2bc626a39a466a,0.8238866329193115,0.8238866329193115,0.8238866329193115,0.8238866329193115,0.8238867521286011,0.8238866329193115,0.0,39.980899810791016,42.25332260131836,1,1,1.0,1.0,1.0
hf_github_codereview,371517c44e89f968,0.8350566625595093,0.687587559223175,0.29493820667266846,0.687587559223175,0.7331949472427368,0.8350566625595093,0.0,43.843746185302734,45.26400375366211,1,2,0.5,0.5,0.5
hf_github_codereview,b4db2bf99ffe5bc7,0.9959979057312012,0.9959979057312012,0.9959979057312012,0.9959979057312012,0.9959979057312012,0.9959979057312012,0.0,48.85598373413086,49.50553512573242,1,1,1.0,1.0,1.0
hf_github_codereview,b6d1d55fafca87be,0.9314501285552979,0.9314501285552979,0.9314501285552979,0.9314501285552979,0.9314501285552979,0.9314501285552979,0.0,40.32915115356445,40.33198547363281,1,1,1.0,1.0,1.0
hf_github_codereview,a713007891f6ef51,0.9923576712608337,0.9923576712608337,0.9923576712608337,0.9923576712608337,0.9923576712608337,0.9923576712608337,0.0,41.84213638305664,40.33198547363281,1,1,1.0,1.0,1.0
hf_github_codereview,64494fe4bdd8b4f8,0.9257081747055054,0.6505527198314667,0.5503109097480774,0.6505527198314667,0.8016905784606934,0.9257081747055054,0.0,36.231597900390625,38.29031562805176,1,2,0.5,0.5,0.5
hf_github_codereview,eada7ef30ff0a27d,1.0,1.0,1.0,1.0,1.0,1.0,0.0,24.68061637878418,24.68061637878418,1,1,1.0,1.0,1.0
hf_github_codereview,3905e8b98117e3b2,0.9193294048309326,0.9193294048309326,0.9193294048309326,0.9193294048309326,0.9193294048309326,0.9193294048309326,0.0,45.914608001708984,39.19486999511719,1,1,1.0,1.0,1.0
hf_github_codereview,f0e6f199b78978b5,0.6819167137145996,0.6819167137145996,0.6819167137145996,0.6819167137145996,0.6819167137145996,0.6819167137145996,0.0,40.698509216308594,39.19486999511719,1,1,1.0,0.0,0.0
hf_github_codereview,62c4cacc24155f3d,0.7380103468894958,0.5969405919313431,0.28213950991630554,0.5969405919313431,0.732565701007843,0.7380103468894958,0.0,33.90031433105469,39.05202865600586,1,2,0.5,0.5,0.0
hf_github_codereview,ce75c3aa70603fc6,0.9461314082145691,0.9461314082145691,0.9461314082145691,0.9461314082145691,0.9461314082145691,0.9461314082145691,0.0,34.13774108886719,36.87665557861328,1,1,1.0,1.0,1.0
hf_github_codereview,0579e5228718a9b8,0.5424274802207947,0.5424274802207947,0.5424274802207947,0.5424274802207947,0.5424275398254395,0.5424274802207947,0.0,38.289268493652344,41.54920959472656,1,1,0.0,0.0,0.0
hf_github_codereview,3888bc2d40fb1b91,1.0,0.6252899318933487,0.7494201362133026,0.6252899318933487,0.7907528877258301,1.0,0.0,45.07120132446289,44.23235893249512,1,2,0.5,0.5,0.5
hf_github_codereview,b5289da2a008b4ca,0.9999998807907104,0.6252898722887039,0.7494200170040131,0.6252898722887039,0.7907527089118958,0.9999998807907104,0.0,43.393516540527344,44.23235893249512,1,2,0.5,0.5,0.5
hf_github_codereview,2f751deffa44665c,0.6533321142196655,0.35882339626550674,0.5890174359083176,0.35882339626550674,0.475085586309433,0.6533321142196655,0.0,45.566856384277344,41.612295150756836,1,2,0.5,0.0,0.0
hf_github_codereview,550a24bf9816320f,0.7904729843139648,0.7904729843139648,0.7904729843139648,0.7904729843139648,0.7904730439186096,0.7904729843139648,0.0,37.83852005004883,43.777774810791016,1,1,1.0,1.0,0.0
hf_github_codereview,0baffd74a142fcbc,0.7522357702255249,0.7522357702255249,0.7522357702255249,0.7522357702255249,0.7522358298301697,0.7522357702255249,0.0,42.66984558105469,43.777774810791016,1,1,1.0,1.0,0.0
hf_github_codereview,e40b4763129d634b,0.2979903221130371,0.2979903221130371,0.2979903221130371,0.2979903221130371,0.2979903519153595,0.2979903221130371,0.0,36.91334915161133,42.42548370361328,1,1,0.0,0.0,0.0
hf_github_codereview,846b4ab48984b353,0.5022454261779785,0.42277994751930237,0.1589309573173523,0.42277994751930237,0.5163726210594177,0.5022454261779785,0.0,30.124717712402344,39.710208892822266,1,2,0.0,0.0,0.0
hf_github_codereview,2eaf9af091aad0ae,0.14924083650112152,0.14924083650112152,0.14924083650112152,0.14924083650112152,0.14924083650112152,0.14924083650112152,0.0,36.6078987121582,37.91075897216797,1,1,0.0,0.0,0.0
hf_github_codereview,f6b74317b67ccbe7,0.8934471011161804,0.8934471011161804,0.8934471011161804,0.8934471011161804,0.8934471011161804,0.8934471011161804,0.0,39.66754150390625,39.71733093261719,1,1,1.0,1.0,1.0
hf_github_codereview,1dab8f6fc6b000ed,0.5853772759437561,0.5733424127101898,0.02406972646713257,0.5733424127101898,0.6161314249038696,0.5853772759437561,0.0,44.193336486816406,40.16346740722656,1,2,0.0,0.0,0.0
hf_github_codereview,51e05b6234fbea41,1.0,1.0,1.0,1.0,1.0,1.0,0.0,43.694068908691406,43.694068908691406,1,1,1.0,1.0,1.0
hf_github_codereview,4fa406908107a901,0.9999998807907104,0.9999998807907104,0.9999998807907104,0.9999998807907104,1.0,0.9999998807907104,0.0,45.5365104675293,45.5365104675293,1,1,1.0,1.0,1.0
hf_github_codereview,623872437a4e229f,0.9999998211860657,0.9999998211860657,0.9999998211860657,0.9999998211860657,0.9999999403953552,0.9999998211860657,0.0,35.6518669128418,35.6518669128418,1,1,1.0,1.0,1.0
hf_github_codereview,eb526b16c12db93c,0.9999998211860657,0.9999998211860657,0.9999998211860657,0.9999998211860657,0.9999999403953552,0.9999998211860657,0.0,35.6518669128418,35.6518669128418,1,1,1.0,1.0,1.0
hf_github_codereview,e454b956cfe921f6,0.9999998211860657,0.9999998211860657,0.9999998211860657,0.9999998211860657,0.9999999403953552,0.9999998211860657,0.0,35.6518669128418,35.6518669128418,1,1,1.0,1.0,1.0
hf_github_codereview,1b42827b0d4d471a,0.9999998211860657,0.9999998211860657,0.9999998211860657,0.9999998211860657,0.9999999403953552,0.9999998211860657,0.0,35.6518669128418,35.6518669128418,1,1,1.0,1.0,1.0
hf_github_codereview,5782972cb1992046,0.9999998211860657,0.9999998211860657,0.9999998211860657,0.9999998211860657,0.9999999403953552,0.9999998211860657,0.0,35.6518669128418,35.6518669128418,1,1,1.0,1.0,1.0
hf_github_codereview,8f7c420d8f69830f,0.9999998211860657,0.9999998211860657,0.9999998211860657,0.9999998211860657,0.9999999403953552,0.9999998211860657,0.0,35.6518669128418,35.6518669128418,1,1,1.0,1.0,1.0
hf_github_codereview,3bc56892b995eca2,0.9999998211860657,0.9999998211860657,0.9999998211860657,0.9999998211860657,0.9999999403953552,0.9999998211860657,0.0,35.6518669128418,35.6518669128418,1,1,1.0,1.0,1.0
hf_github_codereview,5977c4e3de7de98f,0.9999998211860657,0.9999998211860657,0.9999998211860657,0.9999998211860657,0.9999999403953552,0.9999998211860657,0.0,35.6518669128418,35.6518669128418,1,1,1.0,1.0,1.0
hf_github_codereview,59ff29fe225ef86c,0.9999998211860657,0.9999998211860657,0.9999998211860657,0.9999998211860657,0.9999999403953552,0.9999998211860657,0.0,35.6518669128418,35.6518669128418,1,1,1.0,1.0,1.0
hf_github_codereview,0aa133d668c110ad,0.9999998211860657,0.9999998211860657,0.9999998211860657,0.9999998211860657,0.9999999403953552,0.9999998211860657,0.0,35.6518669128418,35.6518669128418,1,1,1.0,1.0,1.0
hf_github_codereview,ed9347abad319069,0.9999998211860657,0.9999998211860657,0.9999998211860657,0.9999998211860657,0.9999999403953552,0.9999998211860657,0.0,35.6518669128418,35.6518669128418,1,1,1.0,1.0,1.0
hf_github_codereview,44483e5a0ed5b621,0.9999998211860657,0.9999998211860657,0.9999998211860657,0.9999998211860657,0.9999999403953552,0.9999998211860657,0.0,35.6518669128418,35.6518669128418,1,1,1.0,1.0,1.0
hf_github_codereview,8d278119fc357d35,1.0,1.0,1.0,1.0,1.0,1.0,0.0,37.09686279296875,37.09686279296875,1,1,1.0,1.0,1.0
hf_github_codereview,6bf4fdc41f3626b9,0.5360987186431885,0.5360987186431885,0.5360987186431885,0.5360987186431885,0.5360987186431885,0.5360987186431885,0.0,47.82228088378906,41.906524658203125,1,1,0.0,0.0,0.0
hf_github_codereview,a866772d57f9fefc,0.6700324416160583,0.6700324416160583,0.6700324416160583,0.6700324416160583,0.6700324416160583,0.6700324416160583,0.0,41.330657958984375,41.906524658203125,1,1,1.0,0.0,0.0
hf_github_codereview,dc90eee385582567,0.6731637716293335,0.6731637716293335,0.6731637716293335,0.6731637716293335,0.6731637716293335,0.6731637716293335,0.0,42.85139083862305,41.906524658203125,1,1,1.0,0.0,0.0
hf_github_codereview,dbb77593da163357,0.4993971288204193,0.4993971288204193,0.4993971288204193,0.4993971288204193,0.4993971288204193,0.4993971288204193,0.0,43.07276153564453,41.906524658203125,1,1,0.0,0.0,0.0
hf_github_codereview,b478b0114b7b717b,0.43451571464538574,0.43451571464538574,0.43451571464538574,0.43451571464538574,0.43451571464538574,0.43451571464538574,0.0,46.46003341674805,33.97226333618164,1,1,0.0,0.0,0.0
hf_github_codereview,830ccdef2a8b69dc,0.8803403377532959,0.8803403377532959,0.8803403377532959,0.8803403377532959,0.8803403973579407,0.8803403377532959,0.0,42.85139083862305,44.53977584838867,1,1,1.0,1.0,1.0
hf_github_codereview,11b90bc72b804db0,0.3900659382343292,0.3900659382343292,0.3900659382343292,0.3900659382343292,0.3900659382343292,0.3900659382343292,0.0,42.85139083862305,33.97226333618164,1,1,0.0,0.0,0.0
hf_github_codereview,b2335d0978cbd91d,0.3949160873889923,0.3949160873889923,0.3949160873889923,0.3949160873889923,0.3949160873889923,0.3949160873889923,0.0,41.330657958984375,33.97226333618164,1,1,0.0,0.0,0.0
hf_github_codereview,a54e386feb16181c,0.8905805945396423,0.8905805945396423,0.8905805945396423,0.8905805945396423,0.8905806541442871,0.8905805945396423,0.0,41.330657958984375,44.53977584838867,1,1,1.0,1.0,1.0
hf_github_codereview,05ba26bb49e11e71,0.9999999403953552,0.9999999403953552,0.9999999403953552,0.9999999403953552,1.0,0.9999999403953552,0.0,38.681480407714844,38.681480407714844,1,1,1.0,1.0,1.0
hf_github_codereview,c380562766d7d5b0,1.0,1.0,1.0,1.0,1.0,1.0,0.0,41.492740631103516,41.492740631103516,1,1,1.0,1.0,1.0
hf_github_codereview,5cb486a390dd0539,0.9999998807907104,0.9999998807907104,0.9999998807907104,0.9999998807907104,0.9999998807907104,0.9999998807907104,0.0,31.571697235107422,31.571697235107422,1,1,1.0,1.0,1.0
hf_github_codereview,eb2aff6c652f7dc8,0.2215510904788971,0.2211783081293106,0.0007455646991729736,0.2211783081293106,0.2522074580192566,0.2215510904788971,0.0,44.492156982421875,37.40365695953369,1,2,0.0,0.0,0.0
hf_github_codereview,fa424fdd3b169ea1,0.9999998211860657,0.9999998211860657,0.9999998211860657,0.9999998211860657,0.9999998211860657,0.9999998211860657,0.0,37.834075927734375,37.834075927734375,1,1,1.0,1.0,1.0
hf_github_codereview,78ae847b6016675b,1.0,1.0,1.0,1.0,1.0,1.0,0.0,31.619731903076172,31.619731903076172,1,1,1.0,1.0,1.0
hf_github_codereview,9c9ed28d5a3be23c,0.3388139605522156,0.3388139605522156,0.3388139605522156,0.3388139605522156,0.33881402015686035,0.3388139605522156,0.0,36.25645446777344,37.34286880493164,1,1,0.0,0.0,0.0
hf_github_codereview,d698b5323c524d8a,0.9999998807907104,0.6411619782447815,0.7176758050918579,0.6411619782447815,0.8007258772850037,0.9999998807907104,0.0,35.803287506103516,35.1183967590332,1,2,0.5,0.5,0.5
hf_github_codereview,50438859f75d4a51,0.3433372676372528,0.3433372676372528,0.3433372676372528,0.3433372676372528,0.3433372676372528,0.3433372676372528,0.0,36.7239875793457,31.320547103881836,1,1,0.0,0.0,0.0
hf_github_codereview,88b933d51c80ba08,0.9785652160644531,0.9785652160644531,0.9785652160644531,0.9785652160644531,0.9785652160644531,0.9785652160644531,0.0,46.039825439453125,45.591434478759766,1,1,1.0,1.0,1.0
hf_github_codereview,e1dfed92000927c8,0.9999998807907104,0.9999998807907104,0.9999998807907104,0.9999998807907104,1.0,0.9999998807907104,0.0,41.06796646118164,41.06796646118164,1,1,1.0,1.0,1.0
hf_github_codereview,fdfa3d8a0d5b16de,0.7740752100944519,0.6653273502985636,0.0756792426109314,0.6653273502985636,0.8149431943893433,0.7740752100944519,0.0,35.681053161621094,39.04048411051432,1,3,0.6666666666666666,0.3333333333333333,0.0
hf_github_codereview,adc978da92e8bafc,1.0,1.0,1.0,1.0,1.0,1.0,0.0,38.035518646240234,38.035518646240234,1,1,1.0,1.0,1.0
hf_github_codereview,50e622f07ba65551,0.42446842789649963,0.42446842789649963,0.42446842789649963,0.42446842789649963,0.42446842789649963,0.42446842789649963,0.0,40.33049392700195,35.43075942993164,1,1,0.0,0.0,0.0
hf_github_codereview,db021ba9e6e9cdec,0.2508966624736786,0.2508966624736786,0.2508966624736786,0.2508966624736786,0.2508966624736786,0.2508966624736786,0.0,44.2115478515625,39.88126754760742,1,1,0.0,0.0,0.0
hf_github_codereview,ba96684ae0cd14b3,1.0,0.7351703643798828,0.5296592712402344,0.7351703643798828,0.8574206829071045,1.0,0.0,39.04703903198242,37.61599159240723,1,2,0.5,0.5,0.5
hf_github_codereview,0fba7fe81be12fd2,1.0,0.6823089122772217,0.6353821754455566,0.6823089122772217,0.8260199427604675,1.0,0.0,42.96864700317383,41.47173500061035,1,2,0.5,0.5,0.5
hf_github_codereview,c348b51c89e4b252,0.6775161027908325,0.4871039390563965,0.38082432746887207,0.4871039390563965,0.5953584909439087,0.6775161027908325,0.0,33.66703414916992,38.41537284851074,1,2,0.5,0.0,0.0
hf_github_codereview,479c1d9c9b5843d2,1.0,1.0,1.0,1.0,1.0,1.0,0.0,34.53310775756836,34.53310775756836,1,1,1.0,1.0,1.0
hf_github_codereview,4a615fad9ebfe9f7,0.8489434719085693,0.8489434719085693,0.8489434719085693,0.8489434719085693,0.8489434719085693,0.8489434719085693,0.0,38.8629150390625,35.07465744018555,1,1,1.0,1.0,1.0
hf_github_codereview,37599b494b6a40cd,1.0,1.0,1.0,1.0,1.0,1.0,0.0,46.99151611328125,46.99151611328125,1,1,1.0,1.0,1.0
hf_github_codereview,e778bcb450cfb3c5,0.46393418312072754,0.46393418312072754,0.46393418312072754,0.46393418312072754,0.4639340937137604,0.46393418312072754,0.0,44.43169021606445,39.57699966430664,1,1,0.0,0.0,0.0
hf_github_codereview,21599aa7049e8f9a,0.5465437173843384,0.5465437173843384,0.5465437173843384,0.5465437173843384,0.5465436577796936,0.5465437173843384,0.0,44.245426177978516,39.57699966430664,1,1,0.0,0.0,0.0
hf_github_codereview,67b05fe93e9b5ff5,0.6219702959060669,0.6219702959060669,0.6219702959060669,0.6219702959060669,0.6219702959060669,0.6219702959060669,0.0,45.98085403442383,42.017757415771484,1,1,1.0,0.0,0.0
hf_github_codereview,8ad66a4c4af442e3,0.7739419937133789,0.7739419937133789,0.7739419937133789,0.7739419937133789,0.7739418745040894,0.7739419937133789,0.0,40.7769889831543,39.57699966430664,1,1,1.0,1.0,0.0
hf_github_codereview,69315ddc9eef0d8b,0.6846638917922974,0.6846638917922974,0.6846638917922974,0.6846638917922974,0.6846638917922974,0.6846638917922974,0.0,43.781532287597656,33.61810302734375,1,1,1.0,0.0,0.0
hf_github_codereview,97a5cc4ecd525a63,0.780827522277832,0.780827522277832,0.780827522277832,0.780827522277832,0.7808275818824768,0.780827522277832,0.0,44.964908599853516,41.38075256347656,1,1,1.0,1.0,0.0
hf_github_codereview,102c7e9c48bc1ba8,1.0,1.0,1.0,1.0,1.0,1.0,0.0,43.42325973510742,43.42325973510742,1,1,1.0,1.0,1.0
hf_github_codereview,9bc7850418e2a338,0.9539414644241333,0.45954228440920514,0.6900653541088104,0.45954228440920514,0.6754422187805176,0.9539414644241333,0.0,45.494850158691406,41.248409271240234,1,3,0.3333333333333333,0.3333333333333333,0.3333333333333333
hf_github_codereview,174e9e9f96df07a4,1.0,1.0,1.0,1.0,1.0,1.0,0.0,39.955238342285156,39.955238342285156,1,1,1.0,1.0,1.0
hf_github_codereview,eb8760ce8ccec3fc,0.7851194143295288,0.6342232823371887,0.3017922639846802,0.6342232823371887,0.7796108722686768,0.7851194143295288,0.0,36.05950927734375,45.42749214172363,1,2,0.5,0.5,0.0
hf_github_codereview,1139f05c331c9ca3,0.6065902709960938,0.6065902709960938,0.6065902709960938,0.6065902709960938,0.6065902709960938,0.6065902709960938,0.0,45.1529541015625,33.62335968017578,1,1,1.0,0.0,0.0
hf_github_codereview,5a6def6d4b2db1aa,0.38440001010894775,0.38440001010894775,0.38440001010894775,0.38440001010894775,0.38440003991127014,0.38440001010894775,0.0,46.799190521240234,36.71860122680664,1,1,0.0,0.0,0.0
hf_github_codereview,c56b40bc80015693,0.4285207688808441,0.4285207688808441,0.4285207688808441,0.4285207688808441,0.4285207688808441,0.4285207688808441,0.0,43.17512130737305,29.15475082397461,1,1,0.0,0.0,0.0
hf_github_codereview,37b4751e92b63ebc,0.39935919642448425,0.3556342124938965,0.08744996786117554,0.3556342124938965,0.4382624924182892,0.39935919642448425,0.0,38.50233840942383,38.5484676361084,1,2,0.0,0.0,0.0
hf_github_codereview,1dfe8ef727cd861c,1.0,1.0,1.0,1.0,1.0,1.0,0.0,40.00959014892578,40.00959014892578,1,1,1.0,1.0,1.0
hf_github_codereview,234f2ea0d1a6b0d6,0.9999998211860657,0.9999998211860657,0.9999998211860657,0.9999998211860657,0.9999999403953552,0.9999998211860657,0.0,39.183441162109375,39.183441162109375,1,1,1.0,1.0,1.0
hf_github_codereview,f9ea9ec2424bca43,0.9999998211860657,0.6969569325447083,0.6060857772827148,0.6969569325447083,0.8348394632339478,0.9999998211860657,0.0,39.183441162109375,37.48011779785156,1,2,0.5,0.5,0.5
hf_github_codereview,476b92009d3c79d0,0.9999998211860657,0.6969569325447083,0.6060857772827148,0.6969569325447083,0.8348394632339478,0.9999998211860657,0.0,39.183441162109375,37.48011779785156,1,2,0.5,0.5,0.5
hf_github_codereview,018b6fd6c3a3e536,1.0,0.7120619614919027,0.2577281594276428,0.7120619614919027,0.8283355236053467,1.0,0.0,35.77679443359375,38.33511225382487,1,3,0.6666666666666666,0.6666666666666666,0.3333333333333333
hf_github_codereview,abb87cbbd3aa30e2,0.9999998211860657,0.7757331132888794,0.31084996461868286,0.6802783459424973,0.8330526947975159,0.9999998211860657,0.0,39.183441162109375,39.17548084259033,1,4,0.75,0.25,0.25
hf_github_codereview,8e950b82392693cf,0.9999998211860657,0.8104738394419352,0.2577279806137085,0.76539146900177,0.9204431772232056,0.9999998211860657,0.0,40.045101165771484,37.90850257873535,1,4,1.0,0.5,0.25
hf_github_codereview,36c4f0365188fd5d,0.9999998807907104,0.6739947398503622,0.36985552310943604,0.6739947398503622,0.8569413423538208,0.9999998807907104,0.0,36.6286735534668,38.7043571472168,1,3,0.6666666666666666,0.3333333333333333,0.3333333333333333
hf_github_codereview,9413d72738e65f96,0.8410645723342896,0.5479961633682251,0.5861368179321289,0.5479961633682251,0.685849666595459,0.8410645723342896,0.0,40.472618103027344,36.41186332702637,1,2,0.5,0.5,0.5
hf_github_codereview,c1aae4512e698818,0.12212240695953369,0.12212240695953369,0.12212240695953369,0.12212240695953369,0.12212240695953369,0.12212240695953369,0.0,43.60832595825195,31.212656021118164,1,1,0.0,0.0,0.0
hf_github_codereview,db49a2a3721cb927,0.587541401386261,0.38995087146759033,0.3951810598373413,0.38995087146759033,0.4567422866821289,0.587541401386261,0.0,39.20980453491211,37.372493743896484,1,2,0.0,0.0,0.0
hf_github_codereview,51043698622deead,0.7938459515571594,0.566979318857193,0.45373326539993286,0.566979318857193,0.712390661239624,0.7938459515571594,0.0,45.715179443359375,39.749542236328125,1,2,0.5,0.5,0.0
hf_github_codereview,9805d86cb25a60e8,0.38921302556991577,0.38921302556991577,0.38921302556991577,0.38921302556991577,0.3892129957675934,0.38921302556991577,0.0,37.451141357421875,32.943058013916016,1,1,0.0,0.0,0.0
hf_github_codereview,1403ab485cbf5f7e,0.44759681820869446,0.3386067847410838,0.11814519762992859,0.3386067847410838,0.4355660080909729,0.44759681820869446,0.0,43.40196228027344,37.05581537882487,1,3,0.0,0.0,0.0
hf_github_codereview,f4f9d14eb1ffa38c,0.3162195682525635,0.3162195682525635,0.3162195682525635,0.3162195682525635,0.31621959805488586,0.3162195682525635,0.0,40.56163787841797,29.907018661499023,1,1,0.0,0.0,0.0
hf_github_codereview,f6965662bb2d9dbf,0.33638110756874084,0.33638110756874084,0.33638110756874084,0.33638110756874084,0.33638110756874084,0.33638110756874084,0.0,38.940460205078125,30.818239212036133,1,1,0.0,0.0,0.0
hf_github_codereview,05096db7f29dd19a,0.3443967401981354,0.3443967401981354,0.3443967401981354,0.3443967401981354,0.3443967401981354,0.3443967401981354,0.0,30.498842239379883,32.02906799316406,1,1,0.0,0.0,0.0
hf_github_codereview,99642a20c30fbe04,0.5182824730873108,0.5182824730873108,0.5182824730873108,0.5182824730873108,0.5182825326919556,0.5182824730873108,0.0,43.20196533203125,46.86045455932617,1,1,0.0,0.0,0.0
hf_github_codereview,6cbfa83dff367302,0.6853874921798706,0.5660593807697296,0.23865622282028198,0.5660593807697296,0.606421709060669,0.6853874921798706,0.0,41.34928512573242,42.31499671936035,1,2,0.5,0.0,0.0
hf_github_codereview,1de5ea5fe25c5b4b,0.9999998807907104,0.9999998807907104,0.9999998807907104,0.9999998807907104,1.0,0.9999998807907104,0.0,34.02037048339844,34.02037048339844,1,1,1.0,1.0,1.0
hf_github_codereview,f61701b2831ed0a5,1.0,1.0,1.0,1.0,1.0,1.0,0.0,48.21072769165039,48.21072769165039,1,1,1.0,1.0,1.0
hf_github_codereview,e4b15abff8320f5c,1.0,0.7204858660697937,0.5590282678604126,0.7204858660697937,0.8488143682479858,1.0,0.0,43.382938385009766,43.492788314819336,1,2,0.5,0.5,0.5
hf_github_codereview,17692fccbe41edc4,0.4017145335674286,0.33558210730552673,0.1322648525238037,0.33558210730552673,0.38602715730667114,0.4017145335674286,0.0,35.35822296142578,41.323028564453125,1,2,0.0,0.0,0.0
hf_github_codereview,743573fcc07abef1,0.771061360836029,0.737531820933024,0.042935967445373535,0.737531820933024,0.8712011575698853,0.771061360836029,0.0,43.92031478881836,40.90359115600586,1,3,1.0,1.0,0.0
hf_github_codereview,457dffc1dd1e8ba2,0.6859451532363892,0.5229351669549942,0.3260199725627899,0.5229351669549942,0.6868858933448792,0.6859451532363892,0.0,45.83677291870117,44.51667404174805,1,2,0.5,0.0,0.0
hf_github_codereview,06541eab45e2fd73,0.7904446125030518,0.6253051161766052,0.0890880823135376,0.6253051161766052,0.7222340106964111,0.7904446125030518,0.0,39.14210891723633,45.66750971476237,1,3,0.6666666666666666,0.6666666666666666,0.0
hf_github_codereview,a2846ef378d61964,0.29133790731430054,0.2754758298397064,0.03172415494918823,0.2754758298397064,0.30869096517562866,0.29133790731430054,0.0,43.79430389404297,33.90868854522705,1,2,0.0,0.0,0.0
hf_github_codereview,5da612541b8e21ec,0.9401787519454956,0.9401787519454956,0.9401787519454956,0.9401787519454956,0.9401788711547852,0.9401787519454956,0.0,48.53185272216797,48.04864501953125,1,1,1.0,1.0,1.0
hf_github_codereview,a84307a83e3ac7df,0.6834167242050171,0.6834167242050171,0.6834167242050171,0.6834167242050171,0.6834167242050171,0.6834167242050171,0.0,39.569095611572266,32.12696838378906,1,1,1.0,0.0,0.0
hf_github_codereview,10efb1d1e549d1b3,1.0,0.6520179063081741,0.6959641873836517,0.6520179063081741,0.807476282119751,1.0,0.0,46.85419464111328,41.12542533874512,1,2,0.5,0.5,0.5
hf_github_codereview,97780c370a78ee1b,0.5632486343383789,0.5008260011672974,0.12484526634216309,0.5008260011672974,0.5961982011795044,0.5632486343383789,0.0,43.92095947265625,37.396873474121094,1,2,0.0,0.0,0.0
hf_github_codereview,0c1ad064e3fb75f1,0.2100425809621811,0.2100425809621811,0.2100425809621811,0.2100425809621811,0.2100425809621811,0.2100425809621811,0.0,27.792179107666016,44.938602447509766,1,1,0.0,0.0,0.0
hf_github_codereview,77fb322905da062e,0.8809344172477722,0.6786954005559286,0.05891209840774536,0.6786954005559286,0.8430992364883423,0.8809344172477722,0.0,42.43418502807617,41.64584604899088,1,3,0.6666666666666666,0.6666666666666666,0.6666666666666666
hf_github_codereview,b8c146b62ce19407,0.8809344172477722,0.7239570915699005,0.05891209840774536,0.7239570915699005,0.8678880333900452,0.8809344172477722,0.0,42.43418502807617,41.1484260559082,1,3,0.6666666666666666,0.6666666666666666,0.6666666666666666
hf_github_codereview,8a314d842f36353e,0.7899978160858154,0.6045253177483877,0.08034539222717285,0.6045253177483877,0.7568203210830688,0.7899978160858154,0.0,46.08658981323242,42.01233164469401,1,3,0.6666666666666666,0.6666666666666666,0.0
hf_github_codereview,ef97f6591aaef97b,0.9999998807907104,0.7188658267259598,0.5622681081295013,0.7188658267259598,0.8478595018386841,0.9999998807907104,0.0,48.04864501953125,44.61932182312012,1,2,0.5,0.5,0.5
hf_github_codereview,36834a4612114958,0.9656214714050293,0.9656214714050293,0.9656214714050293,0.9656214714050293,0.9656214714050293,0.9656214714050293,0.0,45.66945266723633,46.330204010009766,1,1,1.0,1.0,1.0
hf_github_codereview,51116923dc9d4fd5,0.9999999403953552,0.7643871208031973,0.11887675523757935,0.7643871208031973,0.897463321685791,0.9999999403953552,0.0,44.921199798583984,42.25083669026693,1,3,0.6666666666666666,0.6666666666666666,0.6666666666666666
hf_github_codereview,f0e1f19c748bb2e4,0.7101903557777405,0.5969526767730713,0.006137549877166748,0.5969526767730713,0.6949904561042786,0.7101903557777405,0.0,38.92228698730469,41.73221079508463,1,3,0.6666666666666666,0.6666666666666666,0.0
hf_github_codereview,3ffa2aedbd23710b,0.9999998807907104,0.6616057455539703,0.6767882704734802,0.6616057455539703,0.8133915066719055,0.9999998807907104,0.0,42.54158020019531,42.25955772399902,1,2,0.5,0.5,0.5
hf_github_codereview,2c21bb0f9b656968,1.0,1.0,1.0,1.0,1.0,1.0,0.0,45.97731018066406,45.97731018066406,1,1,1.0,1.0,1.0
hf_github_codereview,c4bbd337f11698cc,0.4613999128341675,0.4613999128341675,0.4613999128341675,0.4613999128341675,0.4613999128341675,0.4613999128341675,0.0,34.15028381347656,40.12324905395508,1,1,0.0,0.0,0.0
hf_github_codereview,12d52bfe9cb0d749,0.9999998807907104,0.9999998807907104,0.9999998807907104,0.9999998807907104,0.9999998807907104,0.9999998807907104,0.0,40.118202209472656,40.118202209472656,1,1,1.0,1.0,1.0
hf_github_codereview,b4028cf033fee766,0.9058221578598022,0.657787561416626,0.49606919288635254,0.657787561416626,0.7801042199134827,0.9058221578598022,0.0,32.65802001953125,35.36214065551758,1,2,0.5,0.5,0.5
hf_github_codereview,8f98d02ab53e52de,0.9955758452415466,0.7054902911186218,0.5801711082458496,0.7054902911186218,0.8366773128509521,0.9955758452415466,0.0,37.31380844116211,35.36214065551758,1,2,0.5,0.5,0.5
hf_github_codereview,f97316fa0a230ce1,0.7417523264884949,0.6902974545955658,0.10290974378585815,0.6902974545955658,0.7617387175559998,0.7417523264884949,0.0,37.70804977416992,44.68470764160156,1,2,1.0,0.5,0.0
hf_github_codereview,dcc9a7bd3146d7d3,0.8244406580924988,0.5194359868764877,0.6100093424320221,0.5194359868764877,0.6736742258071899,0.8244406580924988,0.0,44.492191314697266,41.896881103515625,1,2,0.5,0.5,0.5
hf_github_codereview,c816db505e6033ff,0.5755892992019653,0.4620988368988037,0.22698092460632324,0.4620988368988037,0.5478265881538391,0.5755892992019653,0.0,36.426109313964844,35.20899963378906,1,2,0.0,0.0,0.0
hf_github_codereview,a224b7073e8efa91,1.0,1.0,1.0,1.0,1.0,1.0,0.0,45.968650817871094,45.968650817871094,1,1,1.0,1.0,1.0
hf_github_codereview,38b3c67a94d56ed9,1.0,1.0,1.0,1.0,1.0,1.0,0.0,42.159523010253906,42.159523010253906,1,1,1.0,1.0,1.0
hf_github_codereview,5183c38449f63e56,0.9999996423721313,0.9999996423721313,0.9999996423721313,0.9999996423721313,0.9999997615814209,0.9999996423721313,0.0,36.61028289794922,36.61028289794922,1,1,1.0,1.0,1.0
hf_github_codereview,6394afd91e3b0e9a,1.0,1.0,1.0,1.0,1.0,1.0,0.0,38.75347900390625,38.75347900390625,1,1,1.0,1.0,1.0
hf_github_codereview,255f40293948ac73,0.2918877601623535,0.24402815103530884,0.09571921825408936,0.24402815103530884,0.2950177788734436,0.2918877601623535,0.0,32.64042282104492,35.95816421508789,1,2,0.0,0.0,0.0
hf_github_codereview,14a08dad6e4bc4f3,0.5305169224739075,0.42920413613319397,0.202625572681427,0.42920413613319397,0.5301071405410767,0.5305169224739075,0.0,38.11700439453125,33.34889030456543,1,2,0.0,0.0,0.0
hf_github_codereview,217564a08f087349,0.8068363070487976,0.8068363070487976,0.8068363070487976,0.8068363070487976,0.8068363070487976,0.8068363070487976,0.0,30.821638107299805,33.50604248046875,1,1,1.0,1.0,1.0
hf_github_codereview,abb0a03cb66230e2,0.8731330037117004,0.5059381425380707,0.7343897223472595,0.5059381425380707,0.6778014302253723,0.8731330037117004,0.0,41.883609771728516,39.78395462036133,1,2,0.5,0.5,0.5
hf_github_codereview,ed8c7714231bb98d,0.937191367149353,0.937191367149353,0.937191367149353,0.937191367149353,0.937191367149353,0.937191367149353,0.0,41.3804931640625,41.67888259887695,1,1,1.0,1.0,1.0
hf_github_codereview,6e859c8e697ac95a,0.6446805000305176,0.574141800403595,0.14107739925384521,0.574141800403595,0.6704491376876831,0.6446805000305176,0.0,43.742774963378906,40.25763511657715,1,2,0.5,0.0,0.0
hf_github_codereview,514aae8fcfa529da,0.32493799924850464,0.32493799924850464,0.32493799924850464,0.32493799924850464,0.324938029050827,0.32493799924850464,0.0,34.319461822509766,44.715187072753906,1,1,0.0,0.0,0.0
hf_github_codereview,bfa5a4c0f26a5452,0.9999998807907104,0.9999998807907104,0.9999998807907104,0.9999998807907104,1.0,0.9999998807907104,0.0,33.689292907714844,33.689292907714844,1,1,1.0,1.0,1.0
hf_github_codereview,f5913a492fc528a7,0.543976902961731,0.543976902961731,0.543976902961731,0.543976902961731,0.543976902961731,0.543976902961731,0.0,32.28818893432617,42.2968635559082,1,1,0.0,0.0,0.0
hf_github_codereview,c19ec4c0c9b63008,0.543976902961731,0.543976902961731,0.543976902961731,0.543976902961731,0.543976902961731,0.543976902961731,0.0,32.28818893432617,42.2968635559082,1,1,0.0,0.0,0.0
hf_github_codereview,2a6b131390727ae9,0.3686048686504364,0.3097933232784271,0.11762309074401855,0.3097933232784271,0.38878709077835083,0.3686048686504364,0.0,41.319969177246094,42.06999206542969,1,2,0.0,0.0,0.0
hf_github_codereview,6c591b9753aa709d,0.14616575837135315,0.14616575837135315,0.14616575837135315,0.14616575837135315,0.14616575837135315,0.14616575837135315,0.0,36.26935577392578,32.657249450683594,1,1,0.0,0.0,0.0
hf_github_codereview,7eadf3fa1c5ccd5f,0.569923996925354,0.569923996925354,0.569923996925354,0.569923996925354,0.569923996925354,0.569923996925354,0.0,47.462867736816406,33.10015106201172,1,1,0.0,0.0,0.0
hf_github_codereview,8b310aa981054587,0.36529237031936646,0.35349564254283905,0.02359345555305481,0.35349564254283905,0.3832487165927887,0.36529237031936646,0.0,35.26277160644531,32.4608154296875,1,2,0.0,0.0,0.0
hf_github_codereview,f3dd826155219a48,0.9286752343177795,0.7576983571052551,0.14195233583450317,0.7576983571052551,0.8262644410133362,0.9286752343177795,0.0,38.906410217285156,43.67924245198568,1,3,0.6666666666666666,0.6666666666666666,0.3333333333333333
hf_github_codereview,43733e227d47148e,0.9999998211860657,0.72990383207798,0.5401919782161713,0.72990383207798,0.8543441295623779,0.9999998211860657,0.0,35.855567932128906,36.5817928314209,1,2,0.5,0.5,0.5
hf_github_codereview,2da0c28cb5dd0803,0.9999998807907104,0.9999998807907104,0.9999998807907104,0.9999998807907104,0.9999999403953552,0.9999998807907104,0.0,41.84317398071289,41.84317398071289,1,1,1.0,1.0,1.0
hf_github_codereview,fb579daf70112138,0.9219514727592468,0.9219514727592468,0.9219514727592468,0.9219514727592468,0.9219514727592468,0.9219514727592468,0.0,39.42732620239258,37.85246658325195,1,1,1.0,1.0,1.0
hf_github_codereview,9758e1bb823c479b,0.8078886270523071,0.8078886270523071,0.8078886270523071,0.8078886270523071,0.8078885078430176,0.8078886270523071,0.0,43.5131721496582,39.08183288574219,1,1,1.0,1.0,1.0
hf_github_codereview,9ad0ae780c07c9e4,0.6592459678649902,0.6592459678649902,0.6592459678649902,0.6592459678649902,0.6592458486557007,0.6592459678649902,0.0,42.24568176269531,39.08183288574219,1,1,1.0,0.0,0.0
hf_github_codereview,000554a49a94343b,0.8412133455276489,0.8412133455276489,0.8412133455276489,0.8412133455276489,0.8412134647369385,0.8412133455276489,0.0,37.4225959777832,35.56084442138672,1,1,1.0,1.0,1.0
hf_github_codereview,188a28d8c02a7ec5,1.0,0.8848146796226501,0.2303706407546997,0.8848146796226501,0.9406459331512451,1.0,0.0,47.73897933959961,46.619672775268555,1,2,1.0,1.0,0.5
hf_github_codereview,3d041991b31fca82,0.873088538646698,0.8579700291156769,0.030237019062042236,0.8579700291156769,0.9121073484420776,0.873088538646698,0.0,46.32953643798828,46.619672775268555,1,2,1.0,1.0,1.0
hf_github_codereview,280d789c323ff6da,1.0,1.0,1.0,1.0,1.0,1.0,0.0,47.73897933959961,47.73897933959961,1,1,1.0,1.0,1.0
hf_github_codereview,e05c44cbeca8824e,0.6330334544181824,0.6153856217861176,0.03529566526412964,0.6153856217861176,0.6320177316665649,0.6330334544181824,0.0,44.66147232055664,33.681575775146484,1,2,0.5,0.0,0.0
hf_github_codereview,c6162aae7238cbbb,0.6441568732261658,0.6441568732261658,0.6441568732261658,0.6441568732261658,0.6441568732261658,0.6441568732261658,0.0,40.93035125732422,36.92451477050781,1,1,1.0,0.0,0.0
hf_github_codereview,4e14496d5c9dfd5f,0.3131522834300995,0.2969542592763901,0.03239604830741882,0.2969542592763901,0.38308435678482056,0.3131522834300995,0.0,40.9605598449707,37.93830108642578,1,2,0.0,0.0,0.0
hf_github_codereview,103fa7b37105938b,0.9335974454879761,0.6182631452878317,0.34579169750213623,0.6182631452878317,0.7738968133926392,0.9335974454879761,0.0,40.48854064941406,36.64568519592285,1,3,0.3333333333333333,0.3333333333333333,0.3333333333333333
hf_github_codereview,c4e2efcd2b14555e,0.9999999403953552,0.7986198663711548,0.4027601480484009,0.7986198663711548,0.8936553001403809,0.9999999403953552,0.0,35.540531158447266,36.77248573303223,1,2,0.5,0.5,0.5
hf_github_codereview,0ab37c3bbc571200,0.22998175024986267,0.2063514143228531,0.047260671854019165,0.2063514143228531,0.257951557636261,0.22998175024986267,0.0,34.493560791015625,36.94989013671875,1,2,0.0,0.0,0.0
hf_github_codereview,4f3a616f71ade3db,0.5666981935501099,0.3786558285355568,0.37608473002910614,0.3786558285355568,0.49771198630332947,0.5666981935501099,0.0,35.24597930908203,38.46627235412598,1,2,0.0,0.0,0.0
hf_github_codereview,7c0dfb92bff1782b,0.7817164659500122,0.7817164659500122,0.7817164659500122,0.7817164659500122,0.781716525554657,0.7817164659500122,0.0,38.69377517700195,33.2691650390625,1,1,1.0,1.0,0.0
hf_github_codereview,d6b11f5bef1abb2c,0.9592922329902649,0.9592922329902649,0.9592922329902649,0.9592922329902649,0.9592922329902649,0.9592922329902649,0.0,30.260169982910156,32.72600173950195,1,1,1.0,1.0,1.0
hf_github_codereview,bbfdbd636fe901ed,0.2755376696586609,0.2755376696586609,0.2755376696586609,0.2755376696586609,0.2755376696586609,0.2755376696586609,0.0,30.88412094116211,32.72600173950195,1,1,0.0,0.0,0.0
hf_github_codereview,1b81a8986c3eadfe,0.4176784157752991,0.4176784157752991,0.4176784157752991,0.4176784157752991,0.4176784157752991,0.4176784157752991,0.0,40.93412780761719,31.940980911254883,1,1,0.0,0.0,0.0
hf_github_codereview,30786d01d65ff932,0.4208911657333374,0.4208911657333374,0.4208911657333374,0.4208911657333374,0.4208911657333374,0.4208911657333374,0.0,40.93412780761719,35.795166015625,1,1,0.0,0.0,0.0
hf_github_codereview,e11029693b000304,0.5695215463638306,0.5695215463638306,0.5695215463638306,0.5695215463638306,0.5695216059684753,0.5695215463638306,0.0,40.709251403808594,41.25170135498047,1,1,0.0,0.0,0.0
hf_github_codereview,ffcf395dac0c35e0,0.9835379123687744,0.9835379123687744,0.9835379123687744,0.9835379123687744,0.9835379123687744,0.9835379123687744,0.0,41.61398696899414,41.4352912902832,1,1,1.0,1.0,1.0
hf_github_codereview,4aba7b8c0d74dba1,0.26249271631240845,0.21967953443527222,0.08562636375427246,0.21967953443527222,0.24103018641471863,0.26249271631240845,0.0,46.06936264038086,32.99919509887695,1,2,0.0,0.0,0.0
hf_github_codereview,8abdc533a573218e,0.9722997546195984,0.9722997546195984,0.9722997546195984,0.9722997546195984,0.9722999334335327,0.9722997546195984,0.0,34.20765686035156,37.39808654785156,1,1,1.0,1.0,1.0
hf_github_codereview,1e8019877e457813,0.8043944835662842,0.6088559627532959,0.2591978907585144,0.6088559627532959,0.7329751253128052,0.8043944835662842,0.0,34.06243896484375,37.1561024983724,1,3,0.3333333333333333,0.3333333333333333,0.3333333333333333
hf_github_codereview,eb4a5baf3b952281,0.45194685459136963,0.31401534378528595,0.27586302161216736,0.31401534378528595,0.41484203934669495,0.45194685459136963,0.0,41.28614807128906,29.17927837371826,1,2,0.0,0.0,0.0
hf_github_codereview,74662f3e39d9fca3,0.427419513463974,0.32449114322662354,0.20585674047470093,0.32449114322662354,0.4364137649536133,0.427419513463974,0.0,42.20674514770508,29.041275024414062,1,2,0.0,0.0,0.0
hf_github_codereview,2f0b899a8ce2a984,0.456116259098053,0.31651924550533295,0.27919402718544006,0.31651924550533295,0.42569220066070557,0.456116259098053,0.0,41.28614807128906,29.041275024414062,1,2,0.0,0.0,0.0
hf_github_codereview,1807e27b63ae1a9b,0.44771766662597656,0.3358115777373314,0.22381217777729034,0.3358115777373314,0.44363683462142944,0.44771766662597656,0.0,42.20674514770508,29.17927837371826,1,2,0.0,0.0,0.0
hf_github_codereview,f834b78296bbd7a2,0.2190401554107666,0.2089097648859024,0.020260781049728394,0.2089097648859024,0.27857065200805664,0.2190401554107666,0.0,42.916168212890625,38.87574577331543,1,2,0.0,0.0,0.0
hf_github_codereview,5c7f48ea96c899a5,0.5510057210922241,0.34083329141139984,0.42034485936164856,0.34083329141139984,0.45820489525794983,0.5510057210922241,0.0,36.54121017456055,29.82093048095703,1,2,0.0,0.0,0.0
hf_github_codereview,7a8c377647138c55,0.6145620346069336,0.6145620346069336,0.6145620346069336,0.6145620346069336,0.6145620346069336,0.6145620346069336,0.0,36.54121017456055,34.787376403808594,1,1,1.0,0.0,0.0
hf_github_codereview,f89033731dd40557,0.509441614151001,0.509441614151001,0.509441614151001,0.509441614151001,0.5094415545463562,0.509441614151001,0.0,42.62229919433594,31.394752502441406,1,1,0.0,0.0,0.0
hf_github_codereview,318c5929620a64f7,0.597291111946106,0.597291111946106,0.597291111946106,0.597291111946106,0.597291111946106,0.597291111946106,0.0,32.43973922729492,32.976993560791016,1,1,0.0,0.0,0.0
hf_github_codereview,a6e1d0d5a30bb211,0.9900305867195129,0.6570967733860016,0.6658676266670227,0.6570967733860016,0.807349443435669,0.9900305867195129,0.0,37.48645782470703,37.92179298400879,1,2,0.5,0.5,0.5
hf_github_codereview,d17bd0754aa7dc66,0.3307695984840393,0.3307695984840393,0.3307695984840393,0.3307695984840393,0.3307695984840393,0.3307695984840393,0.0,44.46235656738281,40.74151611328125,1,1,0.0,0.0,0.0
hf_github_codereview,a1ebbe2f91bf134d,0.6523094177246094,0.5847642421722412,0.13509035110473633,0.5847642421722412,0.7138906717300415,0.6523094177246094,0.0,31.86747932434082,31.216346740722656,1,2,0.5,0.0,0.0
hf_github_codereview,a987b27bfc3f7ac4,0.6279667615890503,0.4293116629123688,0.39731019735336304,0.4293116629123688,0.547245979309082,0.6279667615890503,0.0,40.75429153442383,39.735342025756836,1,2,0.5,0.0,0.0
hf_github_codereview,afa24ad297d19b8b,0.9999998807907104,0.9999998807907104,0.9999998807907104,0.9999998807907104,1.0,0.9999998807907104,0.0,43.240360260009766,43.240360260009766,1,1,1.0,1.0,1.0
hf_github_codereview,7081598878cfea42,0.1936366856098175,0.1936366856098175,0.1936366856098175,0.1936366856098175,0.1936366856098175,0.1936366856098175,0.0,37.147361755371094,42.58943176269531,1,1,0.0,0.0,0.0
hf_github_codereview,338221fb7780396c,0.609885573387146,0.3806527107954025,0.45846572518348694,0.3806527107954025,0.5251449346542358,0.609885573387146,0.0,31.67790985107422,39.29626655578613,1,2,0.5,0.0,0.0
hf_github_codereview,31d3c30399fce3f4,0.8053001165390015,0.7394434213638306,0.1317133903503418,0.7394434213638306,0.8221663236618042,0.8053001165390015,0.0,42.00876235961914,42.91380500793457,1,2,1.0,0.5,0.5
hf_github_codereview,74f3a68edf2d7546,0.7203861474990845,0.5411129146814346,0.3585464656352997,0.5411129146814346,0.601648211479187,0.7203861474990845,0.0,38.713844299316406,42.91380500793457,1,2,0.5,0.5,0.0
hf_github_codereview,bd97995a0a35af31,0.8146222829818726,0.8146222829818726,0.8146222829818726,0.8146222829818726,0.8146224021911621,0.8146222829818726,0.0,41.99778366088867,42.29627990722656,1,1,1.0,1.0,1.0
hf_github_codereview,d832bd6b2ac565d6,0.7289482355117798,0.7289482355117798,0.7289482355117798,0.7289482355117798,0.7289482355117798,0.7289482355117798,0.0,42.02680969238281,42.29627990722656,1,1,1.0,1.0,0.0
hf_github_codereview,e8f87fbaa685f7e7,0.7219442129135132,0.7219442129135132,0.7219442129135132,0.7219442129135132,0.7219442129135132,0.7219442129135132,0.0,39.27845764160156,37.747501373291016,1,1,1.0,1.0,0.0
hf_github_codereview,365187bde43df51c,0.9126759767532349,0.6569743603467941,0.5114032328128815,0.6569743603467941,0.790184736251831,0.9126759767532349,0.0,41.74632263183594,36.29759883880615,1,2,0.5,0.5,0.5
hf_github_codereview,1a32e296f9ba60c4,0.7778469324111938,0.5185095717509588,0.2151808738708496,0.5185095717509588,0.6795200109481812,0.7778469324111938,0.0,39.38724899291992,39.728659311930336,1,3,0.3333333333333333,0.3333333333333333,0.0
hf_github_codereview,9abda997f47b2a1f,0.7778469324111938,0.5185095717509588,0.2151808738708496,0.5185095717509588,0.6795200109481812,0.7778469324111938,0.0,39.38724899291992,39.728659311930336,1,3,0.3333333333333333,0.3333333333333333,0.0
hf_github_codereview,fff4e815a50146de,1.0,1.0,1.0,1.0,1.0,1.0,0.0,38.87331771850586,38.87331771850586,1,1,1.0,1.0,1.0
hf_github_codereview,462c219537cdf024,1.0,1.0,1.0,1.0,1.0,1.0,0.0,36.084293365478516,36.084293365478516,1,1,1.0,1.0,1.0
hf_github_codereview,a90f2ff7d7a712c5,0.9999998807907104,0.9999998807907104,0.9999998807907104,0.9999998807907104,1.0,0.9999998807907104,0.0,33.62883758544922,33.62883758544922,1,1,1.0,1.0,1.0
hf_github_codereview,11a8a4291c7bba9a,0.6024543046951294,0.5228824317455292,0.15914374589920044,0.5228824317455292,0.6823312044143677,0.6024543046951294,0.0,38.32965850830078,34.973087310791016,1,2,0.5,0.0,0.0
hf_github_codereview,0c1799b2d3537207,1.0,0.625440388917923,0.749119222164154,0.625440388917923,0.790847897529602,1.0,0.0,37.57016372680664,35.57024955749512,1,2,0.5,0.5,0.5
hf_github_codereview,bb453b6e5f0e5d52,1.0,0.6214080229401588,0.7571839541196823,0.6214080229401588,0.7882944345474243,1.0,0.0,40.14336013793945,38.87643241882324,1,2,0.5,0.5,0.5
hf_github_codereview,7b8496c0ae41bb14,0.9999998807907104,0.9999998807907104,0.9999998807907104,0.9999998807907104,0.9999998807907104,0.9999998807907104,0.0,40.189544677734375,40.189544677734375,1,1,1.0,1.0,1.0
hf_github_codereview,63608038fec6e84d,1.0,1.0,1.0,1.0,1.0,1.0,0.0,37.57016372680664,37.57016372680664,1,1,1.0,1.0,1.0
hf_github_codereview,edb591eecadf108b,1.0,1.0,1.0,1.0,1.0,1.0,0.0,37.57016372680664,37.57016372680664,1,1,1.0,1.0,1.0
hf_github_codereview,b3b066b724ce7905,1.0,0.7504787445068359,0.4990425109863281,0.7504787445068359,0.8663018345832825,1.0,0.0,44.295021057128906,41.51241683959961,1,2,0.5,0.5,0.5
hf_github_codereview,f3b41f5b0de3b039,0.9999998807907104,0.6662448545296987,0.4990423917770386,0.6662448545296987,0.7566196322441101,0.9999998807907104,0.0,38.72981262207031,42.03276062011719,1,3,0.3333333333333333,0.3333333333333333,0.3333333333333333
hf_github_codereview,5c676c631210c075,0.9999999403953552,0.7488885670900345,0.5022227466106415,0.7488885670900345,0.865383505821228,0.9999999403953552,0.0,43.073448181152344,40.90163040161133,1,2,0.5,0.5,0.5
hf_github_codereview,543901c5e7844404,1.0,1.0,1.0,1.0,1.0,1.0,0.0,41.32675552368164,41.32675552368164,1,1,1.0,1.0,1.0
hf_github_codereview,74f730920bb97603,0.4205203652381897,0.4205203652381897,0.4205203652381897,0.4205203652381897,0.4205203652381897,0.4205203652381897,0.0,44.44718551635742,36.33861541748047,1,1,0.0,0.0,0.0
hf_github_codereview,bd82c8edb036c521,0.555262565612793,0.4934464544057846,0.12363222241401672,0.4934464544057846,0.6350447535514832,0.555262565612793,0.0,39.628929138183594,39.904279708862305,1,2,0.0,0.0,0.0
hf_github_codereview,cf9dd3c4a2064169,0.9906884431838989,0.5696936324238777,0.8419896215200424,0.5696936324238777,0.7561466693878174,0.9906884431838989,0.0,44.212520599365234,41.68258476257324,1,2,0.5,0.5,0.5
hf_github_codereview,28b435502e9be932,0.9989586472511292,0.43851400911808014,0.8293232172727585,0.43851400911808014,0.6590807437896729,0.9989586472511292,0.0,45.204551696777344,41.38575998942057,1,3,0.3333333333333333,0.3333333333333333,0.3333333333333333
hf_github_codereview,01c099e68db32f69,0.9999998807907104,0.6985690295696259,0.6028617024421692,0.6985690295696259,0.8358043432235718,0.9999998807907104,0.0,28.94403648376465,31.844775199890137,1,2,0.5,0.5,0.5
hf_github_codereview,64e2ead756d052a2,0.30562353134155273,0.30562353134155273,0.30562353134155273,0.30562353134155273,0.30562353134155273,0.30562353134155273,0.0,39.609458923339844,32.34341812133789,1,1,0.0,0.0,0.0
hf_github_codereview,0a8465736ab96d28,0.9654578566551208,0.6879342198371887,0.5550472736358643,0.6879342198371887,0.8244825601577759,0.9654578566551208,0.0,29.82263946533203,33.54915237426758,1,2,0.5,0.5,0.5
hf_github_codereview,7cbea71e5939de92,0.9195930361747742,0.9195930361747742,0.9195930361747742,0.9195930361747742,0.9195930361747742,0.9195930361747742,0.0,46.2779426574707,46.447608947753906,1,1,1.0,1.0,1.0
hf_github_codereview,d2b85f607ed31b0f,0.9826728701591492,0.9826728701591492,0.9826728701591492,0.9826728701591492,0.9826730489730835,0.9826728701591492,0.0,39.119388580322266,38.450870513916016,1,1,1.0,1.0,1.0
hf_github_codereview,eda17a6b86a26708,0.7642781734466553,0.7642781734466553,0.7642781734466553,0.7642781734466553,0.7642781734466553,0.7642781734466553,0.0,30.9412899017334,31.246240615844727,1,1,1.0,1.0,0.0
hf_github_codereview,f20b4e0d6302b09f,0.7722210884094238,0.7722210884094238,0.7722210884094238,0.7722210884094238,0.7722210884094238,0.7722210884094238,0.0,33.02275466918945,32.28059387207031,1,1,1.0,1.0,0.0
hf_github_codereview,20b87ca028f4b32a,0.9408009052276611,0.7164554446935654,0.44869092106819153,0.7164554446935654,0.8318564891815186,0.9408009052276611,0.0,35.94843292236328,36.6828670501709,1,2,0.5,0.5,0.5
hf_github_codereview,e2c68428de084a8f,0.9999999403953552,0.9999999403953552,0.9999999403953552,0.9999999403953552,1.0,0.9999999403953552,0.0,30.268661499023438,30.268661499023438,1,1,1.0,1.0,1.0
hf_github_codereview,865a324977c27716,0.9260289669036865,0.9260289669036865,0.9260289669036865,0.9260289669036865,0.926028847694397,0.9260289669036865,0.0,37.08610534667969,32.4713134765625,1,1,1.0,1.0,1.0
hf_github_codereview,78e9983514c4c3c6,0.4822278618812561,0.4060074985027313,0.15244072675704956,0.4060074985027313,0.5268101692199707,0.4822278618812561,0.0,38.916290283203125,35.853275299072266,1,2,0.0,0.0,0.0
hf_github_codereview,898122cba217b53d,0.7463711500167847,0.7463711500167847,0.7463711500167847,0.7463711500167847,0.7463711500167847,0.7463711500167847,0.0,41.19190979003906,33.739479064941406,1,1,1.0,1.0,0.0
hf_github_codereview,d07970e7d6c7bf49,0.7854066491127014,0.7854066491127014,0.7854066491127014,0.7854066491127014,0.7854066491127014,0.7854066491127014,0.0,43.317626953125,33.739479064941406,1,1,1.0,1.0,0.0
hf_github_codereview,b4088f46444213fb,0.6861026287078857,0.4024290032684803,0.5673472508788109,0.4024290032684803,0.5511546730995178,0.6861026287078857,0.0,39.27657699584961,38.14940071105957,1,2,0.5,0.0,0.0
hf_github_codereview,d4f3a98bae90d434,1.0,1.0,1.0,1.0,1.0,1.0,0.0,35.77320861816406,35.77320861816406,1,1,1.0,1.0,1.0
hf_github_codereview,430c01ab3b1b2cc2,0.8717551231384277,0.8717551231384277,0.8717551231384277,0.8717551231384277,0.8717551231384277,0.8717551231384277,0.0,37.29572296142578,40.20225524902344,1,1,1.0,1.0,1.0
hf_github_codereview,e7397d8b413cc39b,0.9460453987121582,0.9103009104728699,0.07148897647857666,0.9103009104728699,0.9409692287445068,0.9460453987121582,0.0,37.40742874145508,38.74898910522461,1,2,1.0,1.0,1.0
hf_github_codereview,26858dd8aa70f7ca,0.9604177474975586,0.9160864353179932,0.08866262435913086,0.9160864353179932,0.9272410869598389,0.9604177474975586,0.0,37.29572296142578,40.289710998535156,1,2,1.0,1.0,1.0
hf_github_codereview,fcd8fd683165f744,0.9491157531738281,0.9232391913731893,0.003070354461669922,0.9232391913731893,0.9461899995803833,0.9491157531738281,0.0,37.40742874145508,39.29171498616537,1,3,1.0,1.0,1.0
hf_github_codereview,0e30ab103c6a75e1,0.9999999403953552,0.9688210288683573,0.03958219289779663,0.9535687416791916,0.9736965894699097,0.9999999403953552,0.0,37.29572296142578,38.89376258850098,1,4,1.0,1.0,1.0
hf_github_codereview,3e1dd7a5c8329562,0.9499471187591553,0.9483694235483805,0.0008313655853271484,0.9483694235483805,0.9686576128005981,0.9499471187591553,0.0,37.40742874145508,40.18001174926758,1,3,1.0,1.0,1.0
hf_github_codereview,a64a10f572fd8f22,0.9999999403953552,0.9688210288683573,0.03958219289779663,0.9517192989587784,0.9727017879486084,0.9999999403953552,0.0,37.29572296142578,39.48686599731445,1,4,1.0,1.0,1.0
hf_github_codereview,e57a5c0e79478e29,0.9499471187591553,0.9483694235483805,0.0008313655853271484,0.9483694235483805,0.9686576128005981,0.9499471187591553,0.0,37.40742874145508,40.18001174926758,1,3,1.0,1.0,1.0
hf_github_codereview,6a940f93f8ebd031,0.9372299909591675,0.9300503929456075,0.004978597164154053,0.9300503929456075,0.9518314599990845,0.9372299909591675,0.0,38.410091400146484,39.19009908040365,1,3,1.0,1.0,1.0
hf_github_codereview,0c6169ee101c56b8,1.0,0.7727446556091309,0.4545106887817383,0.7727446556091309,0.8790589570999146,1.0,0.0,35.06025314331055,34.23960494995117,1,2,0.5,0.5,0.5
hf_github_codereview,572bb7fba8bed1a2,0.9999998807907104,0.6118693500757217,0.7762610614299774,0.6118693500757217,0.7822207808494568,0.9999998807907104,0.0,43.64765930175781,44.13564109802246,1,2,0.5,0.5,0.5
hf_github_codereview,e320824a9d889e49,0.3256048858165741,0.3256048858165741,0.3256048858165741,0.3256048858165741,0.3256049156188965,0.3256048858165741,0.0,30.312522888183594,44.61037826538086,1,1,0.0,0.0,0.0
hf_github_codereview,73f7dcf0ffb21ba4,0.9999997019767761,0.54121200243632,0.641830325126648,0.54121200243632,0.7443520426750183,0.9999997019767761,0.0,38.99531555175781,35.745896657307945,1,3,0.3333333333333333,0.3333333333333333,0.3333333333333333
hf_github_codereview,6a1497ed3d7ff784,0.9557174444198608,0.5781615227460861,0.7551118433475494,0.5781615227460861,0.7380239367485046,0.9557174444198608,0.0,45.08346939086914,39.40483283996582,1,2,0.5,0.5,0.5
hf_github_codereview,889111b0868a365d,0.8553346991539001,0.8553346991539001,0.8553346991539001,0.8553346991539001,0.8553347587585449,0.8553346991539001,0.0,45.5074348449707,37.86743927001953,1,1,1.0,1.0,1.0
hf_github_codereview,24c8565f2123b5e6,0.7938936948776245,0.7938936948776245,0.7938936948776245,0.7938936948776245,0.7938938140869141,0.7938936948776245,0.0,43.80667495727539,37.86743927001953,1,1,1.0,1.0,0.0
hf_github_codereview,8d14bd483254ef91,0.7698947787284851,0.7698947787284851,0.7698947787284851,0.7698947787284851,0.7698947787284851,0.7698947787284851,0.0,30.700342178344727,35.65865707397461,1,1,1.0,1.0,0.0
hf_github_codereview,3fc48a633a3aaaf0,0.9999998211860657,0.9999998211860657,0.9999998211860657,0.9999998211860657,1.0,0.9999998211860657,0.0,44.27290344238281,44.27290344238281,1,1,1.0,1.0,1.0
hf_github_codereview,a292ef691e87ea34,0.7230283617973328,0.5604645162820816,0.3251276910305023,0.5604645162820816,0.6858469247817993,0.7230283617973328,0.0,35.559383392333984,37.32822799682617,1,2,0.5,0.5,0.0
hf_github_codereview,f2a69e1ed18d680b,0.6366590857505798,0.4480721751848857,0.2725682258605957,0.4480721751848857,0.6004887819290161,0.6366590857505798,0.0,34.10177993774414,37.50562985738119,1,3,0.3333333333333333,0.0,0.0
hf_github_codereview,d5a8c66614ba02fa,0.2147049903869629,0.162904754281044,0.10360047221183777,0.162904754281044,0.196682408452034,0.2147049903869629,0.0,37.744327545166016,36.30225849151611,1,2,0.0,0.0,0.0
hf_github_codereview,969c940781d87eae,0.9556282758712769,0.9556282758712769,0.9556282758712769,0.9556282758712769,0.9556282758712769,0.9556282758712769,0.0,35.16181564331055,38.87516403198242,1,1,1.0,1.0,1.0
hf_github_codereview,1a6cc6a42d18d540,1.0,1.0,1.0,1.0,1.0,1.0,0.0,39.37533187866211,39.37533187866211,1,1,1.0,1.0,1.0
hf_github_codereview,c0ded574dffe88e0,1.0,0.6684719324111938,0.6630561351776123,0.6684719324111938,0.8176014423370361,1.0,0.0,42.623748779296875,40.445695877075195,1,2,0.5,0.5,0.5
hf_github_codereview,06e995c76a75e09c,1.0,1.0,1.0,1.0,1.0,1.0,0.0,41.07100296020508,41.07100296020508,1,1,1.0,1.0,1.0
hf_github_codereview,b755201cc77900cd,0.5125832557678223,0.5125832557678223,0.5125832557678223,0.5125832557678223,0.512583315372467,0.5125832557678223,0.0,35.88309860229492,44.99264907836914,1,1,0.0,0.0,0.0
hf_github_codereview,a6235e6e02364f31,0.9634478688240051,0.9634478688240051,0.9634478688240051,0.9634478688240051,0.9634479284286499,0.9634478688240051,0.0,44.8765983581543,44.99264907836914,1,1,1.0,1.0,1.0
hf_github_codereview,4ab0b6350326b2e9,1.0,0.6600572615861893,0.6798854768276215,0.6600572615861893,0.8124392032623291,1.0,0.0,45.06349182128906,44.290822982788086,1,2,0.5,0.5,0.5
hf_github_codereview,591be84057c61c7d,0.2768917381763458,0.2428424209356308,0.06809863448143005,0.2428424209356308,0.3164498507976532,0.2768917381763458,0.0,36.05197525024414,40.148141860961914,1,2,0.0,0.0,0.0
hf_github_codereview,a4af5fa9f9968626,0.7498419284820557,0.6093237400054932,0.281036376953125,0.6093237400054932,0.6987491250038147,0.7498419284820557,0.0,37.29091262817383,34.71905326843262,1,2,0.5,0.5,0.0
hf_github_codereview,082c6378d74f6c0e,0.9999998807907104,0.67325559258461,0.6534885764122009,0.67325559258461,0.8205215334892273,0.9999998807907104,0.0,41.71719741821289,36.18019771575928,1,2,0.5,0.5,0.5
hf_github_codereview,39eb4ae51c8b6446,0.6527912616729736,0.4350817898909251,0.30325162410736084,0.4350817898909251,0.5934997797012329,0.6527912616729736,0.0,29.812517166137695,37.67114384969076,1,3,0.3333333333333333,0.0,0.0
hf_github_codereview,025793c1f685caec,1.0,1.0,1.0,1.0,1.0,1.0,0.0,39.44340896606445,39.44340896606445,1,1,1.0,1.0,1.0
hf_github_codereview,1892998f4ef74f64,0.4377751350402832,0.4336255043745041,0.008299261331558228,0.4336255043745041,0.48302584886550903,0.4377751350402832,0.0,33.861480712890625,36.04820442199707,1,2,0.0,0.0,0.0
hf_github_codereview,e6affb33e9320e59,0.5481570959091187,0.37128739058971405,0.3537394106388092,0.37128739058971405,0.47044023871421814,0.5481570959091187,0.0,35.86418533325195,36.222646713256836,1,2,0.0,0.0,0.0
hf_github_codereview,f1fd695308c308dc,0.4535049796104431,0.4535049796104431,0.4535049796104431,0.4535049796104431,0.4535049796104431,0.4535049796104431,0.0,46.3641357421875,34.070213317871094,1,1,0.0,0.0,0.0
hf_github_codereview,daf0b1e1ea6686ec,0.9999999403953552,0.9999999403953552,0.9999999403953552,0.9999999403953552,1.0,0.9999999403953552,0.0,44.023643493652344,44.023643493652344,1,1,1.0,1.0,1.0
hf_github_codereview,5356ca3297fe72b9,0.35923197865486145,0.35923197865486145,0.35923197865486145,0.35923197865486145,0.35923197865486145,0.35923197865486145,0.0,40.50412368774414,34.858741760253906,1,1,0.0,0.0,0.0
hf_github_codereview,36480b87dfbfea8e,0.18157704174518585,0.18157704174518585,0.18157704174518585,0.18157704174518585,0.18157704174518585,0.18157704174518585,0.0,39.93692398071289,33.879600524902344,1,1,0.0,0.0,0.0
hf_github_codereview,a4a796424094011b,0.4010360836982727,0.4010360836982727,0.4010360836982727,0.4010360836982727,0.4010360836982727,0.4010360836982727,0.0,46.48997497558594,32.753360748291016,1,1,0.0,0.0,0.0
hf_github_codereview,e4e308c775b78a9a,0.19539499282836914,0.19539499282836914,0.19539499282836914,0.19539499282836914,0.19539502263069153,0.19539499282836914,0.0,39.71173095703125,32.72008514404297,1,1,0.0,0.0,0.0
hf_github_codereview,7b43cb05ce269840,0.4733138978481293,0.4733138978481293,0.4733138978481293,0.4733138978481293,0.4733138978481293,0.4733138978481293,0.0,47.150062561035156,31.97630500793457,1,1,0.0,0.0,0.0
hf_github_codereview,4d754648dadcf6e6,0.49035966396331787,0.383101224899292,0.21451687812805176,0.383101224899292,0.4750297963619232,0.49035966396331787,0.0,46.498985290527344,35.90260028839111,1,2,0.0,0.0,0.0
hf_github_codereview,b349d04b9ce4da00,0.21206334233283997,0.21206334233283997,0.21206334233283997,0.21206334233283997,0.21206332743167877,0.21206334233283997,0.0,34.21445846557617,34.53479766845703,1,1,0.0,0.0,0.0
hf_github_codereview,02784f37500df148,0.644970178604126,0.644970178604126,0.644970178604126,0.644970178604126,0.644970178604126,0.644970178604126,0.0,31.242473602294922,33.81294631958008,1,1,1.0,0.0,0.0
hf_github_codereview,5b0427dc2acd1d82,0.5498892664909363,0.46786896387736004,0.0383753776550293,0.46786896387736004,0.6441664695739746,0.5498892664909363,0.0,39.11460876464844,41.57027689615885,1,3,0.0,0.0,0.0
hf_github_codereview,94ac0565a1b004c3,1.0,1.0,1.0,1.0,1.0,1.0,0.0,37.58950424194336,37.58950424194336,1,1,1.0,1.0,1.0
hf_github_codereview,93cd398b8b65c20c,0.6061024069786072,0.3739686608314514,0.4642674922943115,0.3739686608314514,0.4647257328033447,0.6061024069786072,0.0,44.12789535522461,36.31259822845459,1,2,0.5,0.0,0.0
hf_github_codereview,0a29732b7b152f66,0.7375668287277222,0.7375668287277222,0.7375668287277222,0.7375668287277222,0.7375668287277222,0.7375668287277222,0.0,45.26627731323242,45.067867279052734,1,1,1.0,1.0,0.0
hf_github_codereview,2c34cdf5f5eb9972,0.2958190441131592,0.2958190441131592,0.2958190441131592,0.2958190441131592,0.2958190441131592,0.2958190441131592,0.0,41.472530364990234,37.30424880981445,1,1,0.0,0.0,0.0
hf_github_codereview,e4ec764bd8e68d85,0.21085435152053833,0.21085435152053833,0.21085435152053833,0.21085435152053833,0.21085438132286072,0.21085435152053833,0.0,42.64225387573242,32.305206298828125,1,1,0.0,0.0,0.0
hf_github_codereview,8aca661034a8c428,0.5581755042076111,0.3562200292944908,0.40391094982624054,0.3562200292944908,0.47901690006256104,0.5581755042076111,0.0,38.65206527709961,43.194087982177734,1,2,0.0,0.0,0.0
hf_github_codereview,4b5985a85f6102c9,0.7637887001037598,0.7637887001037598,0.7637887001037598,0.7637887001037598,0.7637887001037598,0.7637887001037598,0.0,40.315006256103516,44.756961822509766,1,1,1.0,1.0,0.0
hf_github_codereview,de52bfc67ed4f590,0.3979452848434448,0.3979452848434448,0.3979452848434448,0.3979452848434448,0.3979452848434448,0.3979452848434448,0.0,43.08279037475586,41.7332763671875,1,1,0.0,0.0,0.0
hf_github_codereview,a498be6cf84fa11d,0.3036747872829437,0.3036747872829437,0.3036747872829437,0.3036747872829437,0.3036747872829437,0.3036747872829437,0.0,39.50265121459961,41.7332763671875,1,1,0.0,0.0,0.0
hf_github_codereview,4effd34ecf35a365,0.9208680987358093,0.9208680987358093,0.9208680987358093,0.9208680987358093,0.9208680987358093,0.9208680987358093,0.0,40.31084060668945,41.7332763671875,1,1,1.0,1.0,1.0
hf_github_codereview,044aeeb953df9a23,0.45580026507377625,0.45580026507377625,0.45580026507377625,0.45580026507377625,0.455800324678421,0.45580026507377625,0.0,46.66303253173828,32.56269073486328,1,1,0.0,0.0,0.0
hf_github_codereview,5f0be0da6f91feda,0.5656775236129761,0.4282759428024292,0.27480316162109375,0.4282759428024292,0.5559566617012024,0.5656775236129761,0.0,45.544395446777344,39.19693946838379,1,2,0.0,0.0,0.0
hf_github_codereview,28edd1c1f3ad8308,1.0,0.5866198738416036,0.608309268951416,0.5866198738416036,0.7938412427902222,1.0,0.0,34.66072082519531,33.215493520100914,1,3,0.3333333333333333,0.3333333333333333,0.3333333333333333
hf_github_codereview,b016f5ed964fab44,0.6332388520240784,0.43487313389778137,0.21029773354530334,0.43487313389778137,0.5834841132164001,0.6332388520240784,0.0,32.176700592041016,37.76323445638021,1,3,0.3333333333333333,0.0,0.0
hf_github_codereview,a4f9c4a45c95c73e,0.6508181095123291,0.4758911430835724,0.3498539328575134,0.4758911430835724,0.5684821009635925,0.6508181095123291,0.0,33.14267349243164,42.100297927856445,1,2,0.5,0.0,0.0
hf_github_codereview,5021664c661a5346,0.3350028991699219,0.3350028991699219,0.3350028991699219,0.3350028991699219,0.33500295877456665,0.3350028991699219,0.0,41.8212890625,40.28775405883789,1,1,0.0,0.0,0.0
hf_github_codereview,fb60a32d388f18bf,0.675276517868042,0.6733043491840363,0.003944337368011475,0.6733043491840363,0.716500461101532,0.675276517868042,0.0,30.837665557861328,35.139649391174316,1,2,1.0,0.0,0.0
hf_github_codereview,7c73ccbbc790fb4d,0.5884850025177002,0.5884850025177002,0.5884850025177002,0.5884850025177002,0.5884850025177002,0.5884850025177002,0.0,39.2724609375,38.92963790893555,1,1,0.0,0.0,0.0
hf_github_codereview,ed00d9c768a24e0e,0.9411009550094604,0.5607660785317421,0.7606697529554367,0.5607660785317421,0.7321199774742126,0.9411009550094604,0.0,32.06611633300781,32.69438552856445,1,2,0.5,0.5,0.5
hf_github_codereview,347ea9971f745ee8,0.7562840580940247,0.7562840580940247,0.7562840580940247,0.7562840580940247,0.7562840580940247,0.7562840580940247,0.0,40.16476058959961,40.993865966796875,1,1,1.0,1.0,0.0
hf_github_codereview,d48438cdfcbdd8a7,0.8496947288513184,0.8496947288513184,0.8496947288513184,0.8496947288513184,0.8496948480606079,0.8496947288513184,0.0,31.347546577453613,30.4686279296875,2,1,1.0,1.0,1.0
hf_github_codereview,6b3f248fd259c059,0.4884154796600342,0.4884154796600342,0.4884154796600342,0.4884154796600342,0.48841553926467896,0.4884154796600342,0.0,38.00688934326172,29.66173553466797,1,1,0.0,0.0,0.0
hf_github_codereview,50949ee77f45a682,0.9841737747192383,0.8129298090934753,0.3424879312515259,0.8129298090934753,0.89603590965271,0.9841737747192383,0.0,37.440696716308594,41.05172920227051,1,2,1.0,0.5,0.5
hf_github_codereview,32930277d41bc4d1,0.45519062876701355,0.45519062876701355,0.45519062876701355,0.45519062876701355,0.45519062876701355,0.45519062876701355,0.0,37.37574005126953,31.193544387817383,1,1,0.0,0.0,0.0
hf_github_codereview,c17aee101cedbb21,0.3569183945655823,0.3569183945655823,0.3569183945655823,0.3569183945655823,0.3569183945655823,0.3569183945655823,0.0,39.4379768371582,32.369266510009766,1,1,0.0,0.0,0.0
hf_github_codereview,dc9c79b63665592c,0.20339053869247437,0.20339053869247437,0.20339053869247437,0.20339053869247437,0.20339053869247437,0.20339053869247437,0.0,39.926090240478516,35.260894775390625,1,1,0.0,0.0,0.0
hf_github_codereview,b8e515a7e7c6fa3b,0.22645045816898346,0.22645045816898346,0.22645045816898346,0.22645045816898346,0.22645044326782227,0.22645045816898346,0.0,36.95844650268555,36.44438552856445,1,1,0.0,0.0,0.0
hf_github_codereview,c91258301b33c9fc,0.37829798460006714,0.37829798460006714,0.37829798460006714,0.37829798460006714,0.37829798460006714,0.37829798460006714,0.0,37.92491149902344,31.070369720458984,1,1,0.0,0.0,0.0
hf_github_codereview,8b1859351cf8b350,0.7339295744895935,0.7339295744895935,0.7339295744895935,0.7339295744895935,0.7339295744895935,0.7339295744895935,0.0,36.11720275878906,45.978851318359375,1,1,1.0,1.0,0.0
hf_github_codereview,23cf01b419a6efa9,0.22782355546951294,0.22782355546951294,0.22782355546951294,0.22782355546951294,0.22782355546951294,0.22782355546951294,0.0,45.30002212524414,31.663490295410156,1,1,0.0,0.0,0.0
hf_github_codereview,9e69ac616269fff8,0.244798481464386,0.244798481464386,0.244798481464386,0.244798481464386,0.24479852616786957,0.244798481464386,0.0,33.3018913269043,38.914241790771484,1,1,0.0,0.0,0.0
hf_github_codereview,26e9f970d0ae9f8e,0.9168905019760132,0.44691256433725357,0.5644100904464722,0.44691256433725357,0.6312365531921387,0.9168905019760132,0.0,40.84543991088867,38.780904134114586,1,3,0.3333333333333333,0.3333333333333333,0.3333333333333333
hf_github_codereview,9c719925bcbdddb8,0.8867553472518921,0.8867553472518921,0.8867553472518921,0.8867553472518921,0.8867553472518921,0.8867553472518921,0.0,34.19131851196289,40.20402908325195,1,1,1.0,1.0,1.0
hf_github_codereview,52b9984d6f1adcc1,1.0,0.3924735685189565,0.9034405499696732,0.24008517488837242,0.34603726863861084,1.0,0.0,33.600399017333984,31.46089286804199,1,5,0.2,0.2,0.2
hf_github_codereview,86ca6f13be4456de,0.6059431433677673,0.6059431433677673,0.6059431433677673,0.6059431433677673,0.6059432029724121,0.6059431433677673,0.0,36.80585861206055,41.282997131347656,1,1,1.0,0.0,0.0
hf_github_codereview,32803674906e73a4,0.7711249589920044,0.7711249589920044,0.7711249589920044,0.7711249589920044,0.7711249589920044,0.7711249589920044,0.0,41.2323112487793,41.282997131347656,1,1,1.0,1.0,0.0
hf_github_codereview,cb47bd3901444b43,0.22396224737167358,0.1951774259408315,0.039728760719299316,0.14022370766509662,0.19372734427452087,0.22396224737167358,0.0,38.55078125,33.171533757990055,1,11,0.0,0.0,0.0
hf_github_codereview,d08e6edffecc4261,0.21853145956993103,0.21853145956993103,0.21853145956993103,0.21853145956993103,0.21853142976760864,0.21853145956993103,0.0,34.651123046875,28.796138763427734,1,1,0.0,0.0,0.0
hf_github_codereview,685ff7d490d7e6ca,0.16367875039577484,0.16367875039577484,0.16367875039577484,0.16367875039577484,0.16367873549461365,0.16367875039577484,0.0,37.686092376708984,31.889997482299805,1,1,0.0,0.0,0.0
hf_github_codereview,c1d9befc75bcf827,0.2691086530685425,0.2597866952419281,0.01864391565322876,0.2597866952419281,0.33191561698913574,0.2691086530685425,0.0,43.63713836669922,34.358954429626465,1,2,0.0,0.0,0.0
hf_github_codereview,79f289cf5b660f61,0.18817582726478577,0.18817582726478577,0.18817582726478577,0.18817582726478577,0.18817585706710815,0.18817582726478577,0.0,42.28424835205078,37.6564826965332,1,1,0.0,0.0,0.0
hf_github_codereview,bddbd4a2ab339948,0.44322267174720764,0.34283173084259033,0.20078188180923462,0.34283173084259033,0.4055575132369995,0.44322267174720764,0.0,38.29814147949219,36.10901641845703,1,2,0.0,0.0,0.0
hf_github_codereview,9293b1a8e6bcc94b,0.14860546588897705,0.14860546588897705,0.14860546588897705,0.14860546588897705,0.14860546588897705,0.14860546588897705,0.0,41.52570343017578,32.15449523925781,1,1,0.0,0.0,0.0
hf_github_codereview,6f8e3496518ea0fa,1.0,0.7747803628444672,0.4504392743110657,0.7747803628444672,0.8802160620689392,1.0,0.0,35.75395202636719,34.06896209716797,1,2,0.5,0.5,0.5
hf_github_codereview,302b8788bb60cf90,0.4338747560977936,0.4338747560977936,0.4338747560977936,0.4338747560977936,0.4338747560977936,0.4338747560977936,0.0,39.710426330566406,34.771583557128906,1,1,0.0,0.0,0.0
hf_github_codereview,64f2f9a4ecff7add,0.20221847295761108,0.20221847295761108,0.20221847295761108,0.20221847295761108,0.2022184580564499,0.20221847295761108,0.0,39.90285873413086,35.2606315612793,1,1,0.0,0.0,0.0
hf_github_codereview,e6bc982f46fee053,0.1884266436100006,0.1884266436100006,0.1884266436100006,0.1884266436100006,0.1884266436100006,0.1884266436100006,0.0,44.2213134765625,34.945350646972656,1,1,0.0,0.0,0.0
hf_github_codereview,59f8660b19ac2917,0.14861659705638885,0.14861659705638885,0.14861659705638885,0.14861659705638885,0.14861661195755005,0.14861659705638885,0.0,32.38397216796875,37.0551872253418,1,1,0.0,0.0,0.0
hf_github_codereview,646d147f2414dfe5,0.5095301866531372,0.5095301866531372,0.5095301866531372,0.5095301866531372,0.5095301866531372,0.5095301866531372,0.0,30.693464279174805,35.4308967590332,1,1,0.0,0.0,0.0
hf_github_codereview,20a5dfc93e01cc71,0.1589832603931427,0.1589832603931427,0.1589832603931427,0.1589832603931427,0.1589832603931427,0.1589832603931427,0.0,40.28209686279297,36.972782135009766,1,1,0.0,0.0,0.0
hf_github_codereview,c60151fd356a1253,0.8120321035385132,0.8120321035385132,0.8120321035385132,0.8120321035385132,0.8120321035385132,0.8120321035385132,0.0,37.59077453613281,34.937931060791016,1,1,1.0,1.0,1.0
hf_github_codereview,467da3305e0a21b6,0.20865407586097717,0.20865407586097717,0.20865407586097717,0.20865407586097717,0.20865407586097717,0.20865407586097717,0.0,35.16847610473633,30.14103889465332,1,1,0.0,0.0,0.0
hf_github_codereview,1e6fa1530cf6ffff,0.4697851538658142,0.4697851538658142,0.4697851538658142,0.4697851538658142,0.4697851538658142,0.4697851538658142,0.0,32.67916488647461,30.077913284301758,1,1,0.0,0.0,0.0
hf_github_codereview,65abd85d6f0552d6,0.576202929019928,0.4491719901561737,0.024716615676879883,0.4491719901561737,0.684739351272583,0.576202929019928,0.0,38.91181182861328,43.937007904052734,1,3,0.0,0.0,0.0
hf_github_codereview,c59bd4df79c0e1fd,0.9718971848487854,0.40299586703379947,0.7893968522548676,0.40299586703379947,0.616736114025116,0.9718971848487854,0.0,48.29684066772461,43.00261433919271,1,3,0.3333333333333333,0.3333333333333333,0.3333333333333333
hf_github_codereview,6aa3adf70b864881,0.5321088433265686,0.4641479551792145,0.13592177629470825,0.4641479551792145,0.5856472849845886,0.5321088433265686,0.0,34.51460647583008,45.0221061706543,1,2,0.0,0.0,0.0
hf_github_codereview,cc308b7c93e66065,1.0,1.0,1.0,1.0,1.0,1.0,0.0,42.068084716796875,42.068084716796875,1,1,1.0,1.0,1.0
hf_github_codereview,6aba0901cb9ce3d3,0.5377846956253052,0.5377846956253052,0.5377846956253052,0.5377846956253052,0.53778475522995,0.5377846956253052,0.0,39.29328155517578,40.387088775634766,1,1,0.0,0.0,0.0
hf_github_codereview,1f9e18baaaaf249a,0.34527596831321716,0.28803741931915283,0.11447709798812866,0.28803741931915283,0.38332852721214294,0.34527596831321716,0.0,46.47431182861328,39.82928657531738,1,2,0.0,0.0,0.0
hf_github_codereview,dccf005649b0c74d,0.7067664265632629,0.7067664265632629,0.7067664265632629,0.7067664265632629,0.7067665457725525,0.7067664265632629,0.0,41.36887741088867,42.71076583862305,1,1,1.0,1.0,0.0
hf_github_codereview,19e5b45e3eda87d8,0.4073827266693115,0.4073827266693115,0.4073827266693115,0.4073827266693115,0.4073827862739563,0.4073827266693115,0.0,34.55344772338867,35.54035568237305,1,1,0.0,0.0,0.0
hf_github_codereview,fce5b82e523e0b51,0.5639835596084595,0.39538182814915973,0.19432243704795837,0.39538182814915973,0.5243265628814697,0.5639835596084595,0.0,35.861026763916016,39.381917317708336,1,3,0.0,0.0,0.0
hf_github_codereview,1d30252709a05732,0.31696179509162903,0.2575913965702057,0.11874079704284668,0.2575913965702057,0.31282636523246765,0.31696179509162903,0.0,31.498271942138672,38.25981140136719,1,2,0.0,0.0,0.0
hf_github_codereview,977fda72097bd159,0.31696179509162903,0.26190584401289624,0.013257473707199097,0.26190584401289624,0.34292691946029663,0.31696179509162903,0.0,31.498271942138672,40.64946746826172,1,3,0.0,0.0,0.0
hf_github_codereview,fb2bfc053460f6cb,0.28714120388031006,0.24552801251411438,0.08322638273239136,0.24552801251411438,0.3194291889667511,0.28714120388031006,0.0,31.498271942138672,39.81636047363281,1,2,0.0,0.0,0.0
hf_github_codereview,689d1381a126ed8d,0.9469297528266907,0.9469297528266907,0.9469297528266907,0.9469297528266907,0.9469297528266907,0.9469297528266907,0.0,44.07880401611328,39.66837692260742,1,1,1.0,1.0,1.0
hf_github_codereview,7cbb8a4217bb4232,0.44460800290107727,0.44460800290107727,0.44460800290107727,0.44460800290107727,0.44460806250572205,0.44460800290107727,0.0,40.91958236694336,33.710533142089844,1,1,0.0,0.0,0.0
hf_github_codereview,a30fd22bb2fd83bc,0.7054203152656555,0.7054203152656555,0.7054203152656555,0.7054203152656555,0.7054203152656555,0.7054203152656555,0.0,38.51155090332031,31.730562210083008,1,1,1.0,1.0,0.0
hf_github_codereview,03d97b650f4cd6aa,0.29951244592666626,0.29951244592666626,0.29951244592666626,0.29951244592666626,0.29951244592666626,0.29951244592666626,0.0,41.500667572021484,32.43809127807617,1,1,0.0,0.0,0.0
hf_github_codereview,3eb037a62a6fbcb7,0.4612160623073578,0.3580760409434636,0.00039520859718322754,0.2660668581724167,0.31615421175956726,0.4612160623073578,0.0,40.31160354614258,38.79140930175781,1,5,0.0,0.0,0.0
hf_github_codereview,3ed7d1c34f3f2a08,1.0,0.6560248881578445,0.6879502236843109,0.6560248881578445,0.8099536299705505,1.0,0.0,29.76866340637207,32.950995445251465,1,2,0.5,0.5,0.5
hf_github_codereview,25cfac26296e77c8,0.5351302027702332,0.5239969789981842,0.0222664475440979,0.5239969789981842,0.5433874726295471,0.5351302027702332,0.0,40.03510665893555,30.107336044311523,1,2,0.0,0.0,0.0
hf_github_codereview,c0c27328934e8a52,0.25727415084838867,0.25727415084838867,0.25727415084838867,0.25727415084838867,0.25727421045303345,0.25727415084838867,0.0,42.04558563232422,34.22023010253906,1,1,0.0,0.0,0.0
hf_github_codereview,32825eef8e5962d9,1.0,0.5965832571188608,0.5857653021812439,0.5965832571188608,0.8026883006095886,1.0,0.0,44.42461013793945,40.61164093017578,1,3,0.3333333333333333,0.3333333333333333,0.3333333333333333
hf_github_codereview,d3e4f61f316d87f4,0.4745476245880127,0.4745476245880127,0.4745476245880127,0.4745476245880127,0.47454768419265747,0.4745476245880127,0.0,42.62199401855469,30.988828659057617,1,1,0.0,0.0,0.0
hf_github_codereview,6915ec2c08f87f37,0.3925413489341736,0.3925413489341736,0.3925413489341736,0.3925413489341736,0.39254140853881836,0.3925413489341736,0.0,36.56985092163086,34.22023010253906,1,1,0.0,0.0,0.0
hf_github_codereview,5a452962096f2031,0.3922230303287506,0.32028181105852127,0.14388243854045868,0.32028181105852127,0.3896612226963043,0.3922230303287506,0.0,36.87559127807617,37.10568046569824,1,2,0.0,0.0,0.0
hf_github_codereview,7a5bb1d257b0e2ce,0.3684329092502594,0.3684329092502594,0.3684329092502594,0.3684329092502594,0.3684329390525818,0.3684329092502594,0.0,40.725399017333984,27.110248565673828,1,1,0.0,0.0,0.0
hf_github_codereview,d9a2f6189f97aa69,0.7594199180603027,0.7594199180603027,0.7594199180603027,0.7594199180603027,0.7594199180603027,0.7594199180603027,0.0,32.130998611450195,28.84713363647461,2,1,1.0,1.0,0.0
hf_github_codereview,bd063944c5821863,0.2241150140762329,0.2002604454755783,0.047709137201309204,0.2002604454755783,0.2670171856880188,0.2241150140762329,0.0,44.14341735839844,28.97996711730957,1,2,0.0,0.0,0.0
hf_github_codereview,a27e1bfa66dd3536,0.9999998211860657,0.6521996855735779,0.6956002712249756,0.6521996855735779,0.8075888156890869,0.9999998211860657,0.0,32.15053176879883,33.47434043884277,1,2,0.5,0.5,0.5
hf_github_codereview,970901b3878eb825,1.0,0.6387730240821838,0.7224539518356323,0.6387730240821838,0.7992327213287354,1.0,0.0,33.68647766113281,35.80043983459473,1,2,0.5,0.5,0.5
hf_github_codereview,431e7cab8e3a45fc,0.7985367774963379,0.6851391494274139,0.2267952561378479,0.6851391494274139,0.7681363821029663,0.7985367774963379,0.0,36.40709686279297,41.52762222290039,1,2,0.5,0.5,0.0
hf_github_codereview,3dc53652414cf195,0.9949913024902344,0.6670326590538025,0.36973369121551514,0.6670326590538025,0.8431211709976196,0.9949913024902344,0.0,41.51583480834961,38.02167065938314,1,3,0.6666666666666666,0.3333333333333333,0.3333333333333333
hf_github_codereview,90120efad8df4664,0.495314359664917,0.3806931972503662,0.22924232482910156,0.3806931972503662,0.39783018827438354,0.495314359664917,0.0,38.8785285949707,34.8725700378418,1,2,0.0,0.0,0.0
hf_github_codereview,428481838ec941e9,0.5486195683479309,0.5486195683479309,0.5486195683479309,0.5486195683479309,0.5486195683479309,0.5486195683479309,0.0,44.656211853027344,32.97191619873047,1,1,0.0,0.0,0.0
hf_github_codereview,9b20ba4958b6e8dd,0.3970162272453308,0.3741317093372345,0.04576903581619263,0.3741317093372345,0.4769159257411957,0.3970162272453308,0.0,33.141788482666016,36.54308891296387,1,2,0.0,0.0,0.0
hf_github_codereview,1dd22b3e3bb31c60,0.7390033006668091,0.7390033006668091,0.7390033006668091,0.7390033006668091,0.7390033006668091,0.7390033006668091,0.0,41.810184478759766,33.442413330078125,1,1,1.0,1.0,0.0
hf_github_codereview,78ea06031a4bfedf,0.8161296844482422,0.8161296844482422,0.8161296844482422,0.8161296844482422,0.8161298036575317,0.8161296844482422,0.0,34.20936584472656,39.258460998535156,1,1,1.0,1.0,1.0
hf_github_codereview,017fdd96cbc9ac9d,0.569382905960083,0.569382905960083,0.569382905960083,0.569382905960083,0.5693828463554382,0.569382905960083,0.0,40.56706237792969,42.20901107788086,1,1,0.0,0.0,0.0
hf_github_codereview,24e379054c2a0cc7,0.8288029432296753,0.8288029432296753,0.8288029432296753,0.8288029432296753,0.8288028836250305,0.8288029432296753,0.0,45.4864387512207,42.46269226074219,1,1,1.0,1.0,1.0
hf_github_codereview,0d9f94557b79489b,0.45000165700912476,0.3246333375573158,0.25073663890361786,0.3246333375573158,0.4240196943283081,0.45000165700912476,0.0,43.36885070800781,37.69589614868164,1,2,0.0,0.0,0.0
hf_github_codereview,904a74379fb81119,0.921726405620575,0.921726405620575,0.921726405620575,0.921726405620575,0.9217265248298645,0.921726405620575,0.0,49.80925369262695,48.933387756347656,1,1,1.0,1.0,1.0
hf_github_codereview,fac881a56b93d614,0.32633769512176514,0.30324922502040863,0.04617694020271301,0.30324922502040863,0.37082064151763916,0.32633769512176514,0.0,40.3920783996582,37.876474380493164,1,2,0.0,0.0,0.0
hf_github_codereview,b78f0aefc2b5c185,0.4613008499145508,0.34563880413770676,0.23132409155368805,0.34563880413770676,0.4581329822540283,0.4613008499145508,0.0,42.63235092163086,31.50931453704834,1,2,0.0,0.0,0.0
hf_github_codereview,4b24c3639d012351,0.45000165700912476,0.3246333375573158,0.25073663890361786,0.3246333375573158,0.4240196943283081,0.45000165700912476,0.0,43.36885070800781,37.69589614868164,1,2,0.0,0.0,0.0
hf_github_codereview,8dd3e96de631df98,0.32633769512176514,0.30324922502040863,0.04617694020271301,0.30324922502040863,0.37082064151763916,0.32633769512176514,0.0,40.3920783996582,37.876474380493164,1,2,0.0,0.0,0.0
hf_github_codereview,7de93449ff185c45,0.4613008499145508,0.34563880413770676,0.23132409155368805,0.34563880413770676,0.4581329822540283,0.4613008499145508,0.0,42.63235092163086,31.50931453704834,1,2,0.0,0.0,0.0
hf_github_codereview,13acb38f2c65a5ef,0.921726405620575,0.921726405620575,0.921726405620575,0.921726405620575,0.9217265248298645,0.921726405620575,0.0,49.80925369262695,48.933387756347656,1,1,1.0,1.0,1.0
hf_github_codereview,a1f5594e1963c743,0.9684280753135681,0.9684280753135681,0.9684280753135681,0.9684280753135681,0.9684281349182129,0.9684280753135681,0.0,44.654327392578125,45.30934143066406,1,1,1.0,1.0,1.0
hf_github_codereview,0ae9e475b9c8d604,0.5976659059524536,0.4942873567342758,0.2067570984363556,0.4942873567342758,0.5301713943481445,0.5976659059524536,0.0,49.80925369262695,32.8200569152832,1,2,0.0,0.0,0.0
hf_github_codereview,38aa4005fb04095b,0.5976659059524536,0.4942873567342758,0.2067570984363556,0.4942873567342758,0.5301713943481445,0.5976659059524536,0.0,49.80925369262695,32.8200569152832,1,2,0.0,0.0,0.0
hf_github_codereview,47d2fd04afdc3198,0.259874552488327,0.23116160929203033,0.057425886392593384,0.23116160929203033,0.24736006557941437,0.259874552488327,0.0,41.94221496582031,35.873613357543945,1,2,0.0,0.0,0.0
hf_github_codereview,c36d4014c314ab7a,0.38934245705604553,0.38934245705604553,0.38934245705604553,0.38934245705604553,0.38934245705604553,0.38934245705604553,0.0,41.503150939941406,27.814163208007812,1,1,0.0,0.0,0.0
hf_github_codereview,9e5559a9492d4e66,0.4413890838623047,0.4413890838623047,0.4413890838623047,0.4413890838623047,0.4413890838623047,0.4413890838623047,0.0,42.97988510131836,28.648162841796875,1,1,0.0,0.0,0.0
hf_github_codereview,ccf28a898be800b2,0.2903946042060852,0.22976404428482056,0.1212611198425293,0.22976404428482056,0.24607521295547485,0.2903946042060852,0.0,41.94221496582031,35.251150131225586,1,2,0.0,0.0,0.0
hf_github_codereview,f742315e7f927617,0.38479432463645935,0.38479432463645935,0.38479432463645935,0.38479432463645935,0.38479435443878174,0.38479432463645935,0.0,42.058448791503906,27.814163208007812,1,1,0.0,0.0,0.0
hf_github_codereview,19b03c6bcd051832,0.43217340111732483,0.43217340111732483,0.43217340111732483,0.43217340111732483,0.43217340111732483,0.43217340111732483,0.0,47.76637268066406,28.648162841796875,1,1,0.0,0.0,0.0
hf_github_codereview,d4f4bc0e30ba0cd3,0.2903946042060852,0.22976404428482056,0.1212611198425293,0.22976404428482056,0.24607521295547485,0.2903946042060852,0.0,41.94221496582031,35.251150131225586,1,2,0.0,0.0,0.0
hf_github_codereview,04f3bbbe9af3d94d,0.9862861633300781,0.6268690824508667,0.7188341617584229,0.6268690824508667,0.7918425798416138,0.9862861633300781,0.0,45.01393127441406,44.64990997314453,1,2,0.5,0.5,0.5
hf_github_codereview,d9f6cc6ac6783fcc,0.21159425377845764,0.21159425377845764,0.21159425377845764,0.21159425377845764,0.21159425377845764,0.21159425377845764,0.0,25.751388549804688,42.55113983154297,1,1,0.0,0.0,0.0
hf_github_codereview,7e1a2f55ad6df83b,0.21159425377845764,0.21159425377845764,0.21159425377845764,0.21159425377845764,0.21159425377845764,0.21159425377845764,0.0,25.751388549804688,42.55113983154297,1,1,0.0,0.0,0.0
hf_github_codereview,53d72d325aa26872,0.9992063045501709,0.5971134454011917,0.8041857182979584,0.5971134454011917,0.7710590362548828,0.9992063045501709,0.0,41.32180404663086,37.48365020751953,1,2,0.5,0.5,0.5
hf_github_codereview,b7863940c37ed838,0.24739544093608856,0.24739544093608856,0.24739544093608856,0.24739544093608856,0.24739544093608856,0.24739544093608856,0.0,40.3920783996582,37.27724838256836,1,1,0.0,0.0,0.0
hf_github_codereview,9414036457a5bb5f,0.6671464443206787,0.39026642218232155,0.5537600442767143,0.39026642218232155,0.52816241979599,0.6671464443206787,0.0,29.443557739257812,39.169992446899414,1,2,0.5,0.0,0.0
hf_github_codereview,cf9366d03e411e71,0.24739544093608856,0.24739544093608856,0.24739544093608856,0.24739544093608856,0.24739544093608856,0.24739544093608856,0.0,40.3920783996582,37.27724838256836,1,1,0.0,0.0,0.0
hf_github_codereview,1b7deeb64ecbc83e,0.872069239616394,0.5371115356683731,0.6699154078960419,0.5371115356683731,0.6935779452323914,0.872069239616394,0.0,40.09653854370117,37.48365020751953,1,2,0.5,0.5,0.5
hf_github_codereview,4445e26bef480347,0.3949168920516968,0.33020856976509094,0.12941664457321167,0.33020856976509094,0.41211479902267456,0.3949168920516968,0.0,41.15553283691406,43.373464584350586,1,2,0.0,0.0,0.0
hf_github_codereview,ab245d8ea3277230,0.29088521003723145,0.29088521003723145,0.29088521003723145,0.29088521003723145,0.2908852696418762,0.29088521003723145,0.0,35.07486343383789,32.586158752441406,1,1,0.0,0.0,0.0
hf_github_codereview,86dccdf3eadd0876,0.9939290285110474,0.9939290285110474,0.9939290285110474,0.9939290285110474,0.9939291477203369,0.9939290285110474,0.0,46.571346282958984,46.847957611083984,1,1,1.0,1.0,1.0
hf_github_codereview,238da0ccaa2a8dd6,0.8696233630180359,0.5719766616821289,0.595293402671814,0.5719766616821289,0.7080510854721069,0.8696233630180359,0.0,46.036598205566406,39.76577949523926,1,2,0.5,0.5,0.5
hf_github_codereview,dfaef8f5ec365c49,0.9999998807907104,0.9999998807907104,0.9999998807907104,0.9999998807907104,0.9999999403953552,0.9999998807907104,0.0,48.3552131652832,48.3552131652832,1,1,1.0,1.0,1.0
hf_github_codereview,ff576e62961ab111,0.9456514120101929,0.9456514120101929,0.9456514120101929,0.9456514120101929,0.9456512928009033,0.9456514120101929,0.0,46.036598205566406,41.203712463378906,1,1,1.0,1.0,1.0
hf_github_codereview,a19580e2afc30afa,0.5277285575866699,0.38539454340934753,0.17360693216323853,0.38539454340934753,0.5547178983688354,0.5277285575866699,0.0,41.50162124633789,45.25713094075521,1,3,0.0,0.0,0.0
hf_github_codereview,9262039fbf1a0a15,0.6977490186691284,0.5270682573318481,0.34136152267456055,0.5270682573318481,0.5935906767845154,0.6977490186691284,0.0,43.86073303222656,39.83790397644043,1,2,0.5,0.0,0.0
hf_github_codereview,02360cbf1f46c80c,0.9221346974372864,0.6189498603343964,0.60636967420578,0.6189498603343964,0.7601252794265747,0.9221346974372864,0.0,46.74612045288086,48.208627700805664,1,2,0.5,0.5,0.5
hf_github_codereview,29ac72c69bc5bbf7,0.8463208675384521,0.5665405988693237,0.5595605373382568,0.5665405988693237,0.6997942924499512,0.8463208675384521,0.0,46.743316650390625,40.04233932495117,1,2,0.5,0.5,0.5
hf_github_codereview,f102c03435139bb3,0.6483885645866394,0.6483885645866394,0.6483885645866394,0.6483885645866394,0.6483885645866394,0.6483885645866394,0.0,42.06733322143555,31.485973358154297,1,1,1.0,0.0,0.0
hf_github_codereview,b2d97f6a5fc1e123,0.616646409034729,0.616646409034729,0.616646409034729,0.616646409034729,0.6166465282440186,0.616646409034729,0.0,42.87444305419922,32.77825164794922,1,1,1.0,0.0,0.0
hf_github_codereview,abc18d77c801a5cf,0.651397705078125,0.651397705078125,0.651397705078125,0.651397705078125,0.651397705078125,0.651397705078125,0.0,44.30697250366211,31.485973358154297,1,1,1.0,0.0,0.0
hf_github_codereview,d819b48fc61a9c08,0.6210391521453857,0.6210391521453857,0.6210391521453857,0.6210391521453857,0.6210391521453857,0.6210391521453857,0.0,42.20112991333008,32.77825164794922,1,1,1.0,0.0,0.0
hf_github_codereview,930e021d8be01d4c,0.3200628161430359,0.30038218200206757,0.039361268281936646,0.30038218200206757,0.3574150800704956,0.3200628161430359,0.0,45.62700653076172,36.06689643859863,1,2,0.0,0.0,0.0
hf_github_codereview,09505ab32d23c5b0,0.4325057566165924,0.4325057566165924,0.4325057566165924,0.4325057566165924,0.4325057566165924,0.4325057566165924,0.0,43.6109733581543,29.33835220336914,1,1,0.0,0.0,0.0
hf_github_codereview,bfc9e32dcc93b061,0.39333635568618774,0.39333635568618774,0.39333635568618774,0.39333635568618774,0.39333638548851013,0.39333635568618774,0.0,43.52651596069336,27.691871643066406,1,1,0.0,0.0,0.0
hf_github_codereview,034c30ae5dfb581d,0.5020148754119873,0.5020148754119873,0.5020148754119873,0.5020148754119873,0.5020148754119873,0.5020148754119873,0.0,44.11967468261719,29.072473526000977,1,1,0.0,0.0,0.0
hf_github_codereview,5066edd420794c30,0.859561562538147,0.5047995671629906,0.7095239907503128,0.5047995671629906,0.6641288995742798,0.859561562538147,0.0,33.763309478759766,30.54411029815674,1,2,0.5,0.5,0.5
hf_github_codereview,0455586ab55328c9,0.39333635568618774,0.39333635568618774,0.39333635568618774,0.39333635568618774,0.39333638548851013,0.39333635568618774,0.0,43.52651596069336,27.691871643066406,1,1,0.0,0.0,0.0
hf_github_codereview,9d4ec173471e1ea8,0.20938418805599213,0.20938418805599213,0.20938418805599213,0.20938418805599213,0.20938420295715332,0.20938418805599213,0.0,28.326269149780273,28.340913772583008,1,1,0.0,0.0,0.0
hf_github_codereview,05b2d2d3fae42347,0.20938418805599213,0.20938418805599213,0.20938418805599213,0.20938418805599213,0.20938420295715332,0.20938418805599213,0.0,28.326269149780273,28.340913772583008,1,1,0.0,0.0,0.0
hf_github_codereview,1c9e6f0cdecded42,0.4922831058502197,0.3870253264904022,0.210515558719635,0.3870253264904022,0.4353589415550232,0.4922831058502197,0.0,43.52170944213867,32.20467662811279,1,2,0.0,0.0,0.0
hf_github_codereview,27e5d72ff344c21b,0.3469330668449402,0.3469330668449402,0.3469330668449402,0.3469330668449402,0.3469330668449402,0.3469330668449402,0.0,45.03577423095703,32.5322151184082,1,1,0.0,0.0,0.0
hf_github_codereview,e8568b596717802c,0.9925731420516968,0.9925731420516968,0.9925731420516968,0.9925731420516968,0.9925733804702759,0.9925731420516968,0.0,43.870384216308594,44.15019989013672,1,1,1.0,1.0,1.0
hf_github_codereview,6a4deb44214e2497,0.83295077085495,0.83295077085495,0.83295077085495,0.83295077085495,0.83295077085495,0.83295077085495,0.0,41.47343444824219,33.157920837402344,1,1,1.0,1.0,1.0
hf_github_codereview,78db22535a359612,0.9317810535430908,0.9317810535430908,0.9317810535430908,0.9317810535430908,0.9317810535430908,0.9317810535430908,0.0,34.709503173828125,32.334747314453125,1,1,1.0,1.0,1.0
hf_github_codereview,766ea0349d757726,0.7137407064437866,0.7137407064437866,0.7137407064437866,0.7137407064437866,0.7137407660484314,0.7137407064437866,0.0,47.09001159667969,47.14480209350586,1,1,1.0,1.0,0.0
hf_github_codereview,bd0d0dff2b0f09c9,0.3142111003398895,0.257262259721756,0.11389768123626709,0.257262259721756,0.3098132610321045,0.3142111003398895,0.0,43.79192352294922,37.873769760131836,1,2,0.0,0.0,0.0
hf_github_codereview,361ceaffa1e066a4,0.34710225462913513,0.34710225462913513,0.34710225462913513,0.34710225462913513,0.3471022844314575,0.34710225462913513,0.0,34.1552619934082,33.373600006103516,1,1,0.0,0.0,0.0
hf_github_codereview,43a420d88ccb2c5e,0.8610803484916687,0.8610803484916687,0.8610803484916687,0.8610803484916687,0.8610802888870239,0.8610803484916687,0.0,39.75506591796875,39.8555908203125,1,1,1.0,1.0,1.0
hf_github_codereview,32a5aba744c0b35e,0.6093753576278687,0.5894083976745605,0.03993391990661621,0.5894083976745605,0.6732348203659058,0.6093753576278687,0.0,45.86055374145508,40.21565246582031,1,2,0.5,0.0,0.0
hf_github_codereview,72080c17b61267ad,0.9979282021522522,0.7230711132287979,0.5497141778469086,0.7230711132287979,0.8481229543685913,0.9979282021522522,0.0,48.271728515625,45.54731750488281,1,2,0.5,0.5,0.5
hf_github_codereview,496d8c97584506c0,0.26623305678367615,0.26623305678367615,0.26623305678367615,0.26623305678367615,0.26623308658599854,0.26623305678367615,0.0,34.474639892578125,26.820446014404297,1,1,0.0,0.0,0.0
hf_github_codereview,7b8378ef117a0e0a,0.9979282021522522,0.7230711132287979,0.5497141778469086,0.7230711132287979,0.8481229543685913,0.9979282021522522,0.0,48.271728515625,45.54731750488281,1,2,0.5,0.5,0.5
hf_github_codereview,f16445a25ec07da7,0.9635888338088989,0.7576939761638641,0.4117897152900696,0.7576939761638641,0.8654541969299316,0.9635888338088989,0.0,36.198463439941406,40.21565246582031,1,2,0.5,0.5,0.5
hf_github_codereview,0a086431cfa04731,0.8610803484916687,0.8610803484916687,0.8610803484916687,0.8610803484916687,0.8610802888870239,0.8610803484916687,0.0,39.75506591796875,39.8555908203125,1,1,1.0,1.0,1.0
hf_github_codereview,41ef7c19f51da305,0.26623305678367615,0.26623305678367615,0.26623305678367615,0.26623305678367615,0.26623308658599854,0.26623305678367615,0.0,34.474639892578125,26.820446014404297,1,1,0.0,0.0,0.0
hf_github_codereview,64e1e89cfcf6068a,0.5467588305473328,0.35481956601142883,0.38387852907180786,0.35481956601142883,0.47518956661224365,0.5467588305473328,0.0,45.00442886352539,35.615285873413086,1,2,0.0,0.0,0.0
hf_github_codereview,bd43c9090a09a888,0.9999998807907104,0.7268491983413696,0.5463013648986816,0.7268491983413696,0.8525543808937073,0.9999998807907104,0.0,48.44974136352539,45.54731750488281,1,2,0.5,0.5,0.5
hf_github_codereview,1bb1df659ff20889,0.8969780206680298,0.7434366941452026,0.3070826530456543,0.7434366941452026,0.8329081535339355,0.8969780206680298,0.0,36.8039436340332,34.431461334228516,1,2,0.5,0.5,0.5
hf_github_codereview,b70cbc7709677de5,0.7781131267547607,0.7781131267547607,0.7781131267547607,0.7781131267547607,0.778113067150116,0.7781131267547607,0.0,37.69913101196289,27.170217514038086,1,1,1.0,1.0,0.0
hf_github_codereview,5ce0ff3d3cbb2a72,0.8394676446914673,0.8394676446914673,0.8394676446914673,0.8394676446914673,0.8394677042961121,0.8394676446914673,0.0,37.0969123840332,32.57780075073242,1,1,1.0,1.0,1.0
hf_github_codereview,3702e15001ca9f1e,0.8816132545471191,0.8816132545471191,0.8816132545471191,0.8816132545471191,0.8816132545471191,0.8816132545471191,0.0,42.34242248535156,45.817230224609375,1,1,1.0,1.0,1.0
hf_github_codereview,7f042799cb8334d1,0.596017599105835,0.5869888067245483,0.018057584762573242,0.5869888067245483,0.6449919939041138,0.596017599105835,0.0,39.486061096191406,37.462974548339844,1,2,0.0,0.0,0.0
hf_github_codereview,61d8bababeb70be2,0.5282860994338989,0.5282860994338989,0.5282860994338989,0.5282860994338989,0.5282860994338989,0.5282860994338989,0.0,39.98601531982422,36.646541595458984,1,1,0.0,0.0,0.0
hf_github_codereview,b0567348c10f9daf,0.5851359367370605,0.4120815694332123,0.34610873460769653,0.4120815694332123,0.5015259981155396,0.5851359367370605,0.0,34.1839485168457,38.377519607543945,1,2,0.0,0.0,0.0
hf_github_codereview,2a6061f3512555f3,0.6837380528450012,0.6837380528450012,0.6837380528450012,0.6837380528450012,0.6837380528450012,0.6837380528450012,0.0,46.30324935913086,42.34889221191406,1,1,1.0,0.0,0.0
hf_github_codereview,6a41e737d47513c5,0.9366052746772766,0.9366052746772766,0.9366052746772766,0.9366052746772766,0.9366052746772766,0.9366052746772766,0.0,42.92649459838867,42.34889221191406,1,1,1.0,1.0,1.0
hf_github_codereview,3e9b811af560dfde,0.5291552543640137,0.5291552543640137,0.5291552543640137,0.5291552543640137,0.5291553139686584,0.5291552543640137,0.0,44.707786560058594,33.946041107177734,1,1,0.0,0.0,0.0
hf_github_codereview,cdac19559fc8077c,0.5295462608337402,0.5295462608337402,0.5295462608337402,0.5295462608337402,0.5295463800430298,0.5295462608337402,0.0,41.86603546142578,36.646541595458984,1,1,0.0,0.0,0.0
hf_github_codereview,6fa9f1202234cb18,0.561431348323822,0.561431348323822,0.561431348323822,0.561431348323822,0.5614314079284668,0.561431348323822,0.0,39.370365142822266,36.646541595458984,1,1,0.0,0.0,0.0
hf_github_codereview,48b9b5cd49a77fc7,0.526964545249939,0.4008207321166992,0.2522876262664795,0.4008207321166992,0.48967260122299194,0.526964545249939,0.0,39.370365142822266,32.4730749130249,1,2,0.0,0.0,0.0
hf_github_codereview,71a2dc8850af2632,0.5541256666183472,0.5541256666183472,0.5541256666183472,0.5541256666183472,0.5541257262229919,0.5541256666183472,0.0,37.416194915771484,35.054019927978516,1,1,0.0,0.0,0.0
hf_github_codereview,a28993bc858f7522,0.5541256666183472,0.5541256666183472,0.5541256666183472,0.5541256666183472,0.5541257262229919,0.5541256666183472,0.0,37.416194915771484,35.054019927978516,1,1,0.0,0.0,0.0
hf_github_codereview,aa65d851ab14c807,1.0,0.685969740152359,0.628060519695282,0.685969740152359,0.828233003616333,1.0,0.0,45.686622619628906,46.44400405883789,1,2,0.5,0.5,0.5
hf_github_codereview,d3f9850a21868c68,1.0,0.685969740152359,0.628060519695282,0.685969740152359,0.828233003616333,1.0,0.0,45.686622619628906,46.44400405883789,1,2,0.5,0.5,0.5
hf_github_codereview,203bfcd395821e94,0.708232581615448,0.499746173620224,0.416972815990448,0.499746173620224,0.603546679019928,0.708232581615448,0.0,46.43080520629883,43.481523513793945,1,2,0.5,0.5,0.0
hf_github_codereview,ddeae3ecf9780311,0.6665725708007812,0.5013571977615356,0.3304307460784912,0.5013571977615356,0.5903420448303223,0.6665725708007812,0.0,44.45390319824219,39.84047508239746,1,2,0.5,0.0,0.0
hf_github_codereview,36bf95187da939bb,0.8036391139030457,0.8036391139030457,0.8036391139030457,0.8036391139030457,0.8036391139030457,0.8036391139030457,0.0,47.23105239868164,45.192569732666016,1,1,1.0,1.0,1.0
hf_github_codereview,b60ba22cbee71929,0.7036751508712769,0.7036751508712769,0.7036751508712769,0.7036751508712769,0.7036751508712769,0.7036751508712769,0.0,48.76896667480469,45.192569732666016,1,1,1.0,1.0,0.0
hf_github_codereview,7c3babe4b4e64785,0.8337961435317993,0.8337961435317993,0.8337961435317993,0.8337961435317993,0.8337961435317993,0.8337961435317993,0.0,35.15424346923828,33.48240661621094,1,1,1.0,1.0,1.0
hf_github_codereview,5dbc37734a854c17,0.6880859136581421,0.6880859136581421,0.6880859136581421,0.6880859136581421,0.6880859136581421,0.6880859136581421,0.0,40.50456237792969,45.192569732666016,1,1,1.0,0.0,0.0
hf_github_codereview,f15b806d84faa2c0,0.5513952374458313,0.5513952374458313,0.5513952374458313,0.5513952374458313,0.5513952374458313,0.5513952374458313,0.0,41.31521987915039,42.746315002441406,1,1,0.0,0.0,0.0
hf_github_codereview,8b633fce232803fc,0.48101478815078735,0.48101478815078735,0.48101478815078735,0.48101478815078735,0.48101478815078735,0.48101478815078735,0.0,41.39304733276367,43.39369201660156,1,1,0.0,0.0,0.0
hf_github_codereview,e566ce2eb6ac041b,0.567520022392273,0.567520022392273,0.567520022392273,0.567520022392273,0.5675199031829834,0.567520022392273,0.0,44.563018798828125,36.34221267700195,1,1,0.0,0.0,0.0
hf_github_codereview,5a47d4100b0c1cc1,0.7249206900596619,0.7249206900596619,0.7249206900596619,0.7249206900596619,0.7249206304550171,0.7249206900596619,0.0,43.22563171386719,36.34221267700195,1,1,1.0,1.0,0.0
hf_github_codereview,0b4f8a6a93230b37,0.9217661619186401,0.9217661619186401,0.9217661619186401,0.9217661619186401,0.9217660427093506,0.9217661619186401,0.0,34.68437957763672,36.34221267700195,1,1,1.0,1.0,1.0
hf_github_codereview,3e5d0b7ed2a1fa81,0.8100192546844482,0.8100192546844482,0.8100192546844482,0.8100192546844482,0.8100191950798035,0.8100192546844482,0.0,34.17402267456055,36.34221267700195,1,1,1.0,1.0,1.0
hf_github_codereview,6e7b2dbafb3035c9,0.4424125552177429,0.4424125552177429,0.4424125552177429,0.4424125552177429,0.4424126446247101,0.4424125552177429,0.0,35.619049072265625,44.1363410949707,1,1,0.0,0.0,0.0
hf_github_codereview,f717354c3cfc166f,0.4372708201408386,0.4372708201408386,0.4372708201408386,0.4372708201408386,0.4372708201408386,0.4372708201408386,0.0,35.26246643066406,44.1363410949707,1,1,0.0,0.0,0.0
hf_github_codereview,7cf810ca88f1705a,0.7854189872741699,0.7854189872741699,0.7854189872741699,0.7854189872741699,0.7854189872741699,0.7854189872741699,0.0,49.42631912231445,38.362640380859375,1,1,1.0,1.0,0.0
hf_github_codereview,42ac4f80e75d9d76,0.6831799745559692,0.553629606962204,0.2591007351875305,0.553629606962204,0.6511362791061401,0.6831799745559692,0.0,48.8870849609375,42.54286193847656,1,2,0.5,0.0,0.0
hf_github_codereview,1bf33753504d60f3,0.4053478240966797,0.4053478240966797,0.4053478240966797,0.4053478240966797,0.4053478240966797,0.4053478240966797,0.0,37.33417510986328,38.122947692871094,1,1,0.0,0.0,0.0
hf_github_codereview,b7e9df0eb804c2b5,0.6184009313583374,0.3864118456840515,0.4639781713485718,0.3864118456840515,0.4919101297855377,0.6184009313583374,0.0,49.434959411621094,38.75959777832031,1,2,0.5,0.0,0.0
hf_github_codereview,e2081f7652401c3b,0.7312532663345337,0.7312532663345337,0.7312532663345337,0.7312532663345337,0.7312532663345337,0.7312532663345337,0.0,44.95509719848633,45.70809555053711,1,1,1.0,1.0,0.0
hf_github_codereview,b5694b542c2cf39b,0.8898226618766785,0.5145125637451807,0.37613290548324585,0.5145125637451807,0.6926621198654175,0.8898226618766785,0.0,41.579952239990234,37.072120666503906,1,3,0.3333333333333333,0.3333333333333333,0.3333333333333333
hf_github_codereview,1aa7644d368ea43b,0.5689457058906555,0.36033470431963605,0.23016637563705444,0.36033470431963605,0.5071346163749695,0.5689457058906555,0.0,46.95196533203125,34.579977671305336,1,3,0.0,0.0,0.0
hf_github_codereview,c2d89d0281ff1506,0.440893292427063,0.407841960589091,0.033521175384521484,0.407841960589091,0.5463200807571411,0.440893292427063,0.0,42.75361633300781,32.22115961710612,1,3,0.0,0.0,0.0
hf_github_codereview,4bd5d68679a88b1b,0.8775947093963623,0.524215375383695,0.3481818437576294,0.524215375383695,0.7057244777679443,0.8775947093963623,0.0,41.575103759765625,37.072120666503906,1,3,0.3333333333333333,0.3333333333333333,0.3333333333333333
hf_github_codereview,407860575f31504a,0.593733549118042,0.593733549118042,0.593733549118042,0.593733549118042,0.593733549118042,0.593733549118042,0.0,38.59408187866211,38.948448181152344,1,1,0.0,0.0,0.0
hf_github_codereview,bcba4ef5c338c8c5,0.6698353886604309,0.6698353886604309,0.6698353886604309,0.6698353886604309,0.6698353886604309,0.6698353886604309,0.0,44.2874755859375,39.87932586669922,1,1,1.0,0.0,0.0
hf_github_codereview,b1534e5cacb3f4bb,0.6698353886604309,0.6698353886604309,0.6698353886604309,0.6698353886604309,0.6698353886604309,0.6698353886604309,0.0,44.2874755859375,39.87932586669922,1,1,1.0,0.0,0.0
hf_github_codereview,85a2e03f6c2bd261,0.6698353886604309,0.6698353886604309,0.6698353886604309,0.6698353886604309,0.6698353886604309,0.6698353886604309,0.0,44.2874755859375,39.87932586669922,1,1,1.0,0.0,0.0
hf_github_codereview,575911eeef17810e,0.7452248334884644,0.7452248334884644,0.7452248334884644,0.7452248334884644,0.7452248334884644,0.7452248334884644,0.0,44.2874755859375,38.22910690307617,1,1,1.0,1.0,0.0
hf_github_codereview,0dd64e53e5f2605c,0.7452248334884644,0.7452248334884644,0.7452248334884644,0.7452248334884644,0.7452248334884644,0.7452248334884644,0.0,44.2874755859375,38.22910690307617,1,1,1.0,1.0,0.0
hf_github_codereview,3afeedba6ed6b618,0.6698353886604309,0.6698353886604309,0.6698353886604309,0.6698353886604309,0.6698353886604309,0.6698353886604309,0.0,44.2874755859375,39.87932586669922,1,1,1.0,0.0,0.0
hf_github_codereview,7ad35a967c0fd604,0.6698353886604309,0.6698353886604309,0.6698353886604309,0.6698353886604309,0.6698353886604309,0.6698353886604309,0.0,44.2874755859375,39.87932586669922,1,1,1.0,0.0,0.0
hf_github_codereview,0e8e395a595db16f,0.6698353886604309,0.6698353886604309,0.6698353886604309,0.6698353886604309,0.6698353886604309,0.6698353886604309,0.0,44.2874755859375,39.87932586669922,1,1,1.0,0.0,0.0
hf_github_codereview,e7808c47ef20744b,0.6698353886604309,0.6698353886604309,0.6698353886604309,0.6698353886604309,0.6698353886604309,0.6698353886604309,0.0,44.2874755859375,39.87932586669922,1,1,1.0,0.0,0.0
hf_github_codereview,9bbc639a896c0b47,0.6292650103569031,0.5323694199323654,0.19379118084907532,0.5323694199323654,0.5874916315078735,0.6292650103569031,0.0,45.815101623535156,38.23087692260742,1,2,0.5,0.0,0.0
hf_github_codereview,177b74498e724742,0.6292650103569031,0.5323694199323654,0.19379118084907532,0.5323694199323654,0.5874916315078735,0.6292650103569031,0.0,45.815101623535156,38.23087692260742,1,2,0.5,0.0,0.0
hf_github_codereview,717777da5938da55,0.4082874059677124,0.4042402654886246,0.00809428095817566,0.4042402654886246,0.4878072142601013,0.4082874059677124,0.0,45.815101623535156,31.600444793701172,1,2,0.0,0.0,0.0
hf_github_codereview,1ed73cf75130bf6e,0.7717791795730591,0.6847984194755554,0.17396152019500732,0.6847984194755554,0.755703330039978,0.7717791795730591,0.0,44.45766067504883,38.23087692260742,1,2,0.5,0.5,0.0
hf_github_codereview,20ebdb67c878e60f,0.7717791795730591,0.6847984194755554,0.17396152019500732,0.6847984194755554,0.755703330039978,0.7717791795730591,0.0,44.45766067504883,38.23087692260742,1,2,0.5,0.5,0.0
hf_github_codereview,a4ee76e13190e819,0.7717791795730591,0.6847984194755554,0.17396152019500732,0.6847984194755554,0.755703330039978,0.7717791795730591,0.0,44.45766067504883,38.23087692260742,1,2,0.5,0.5,0.0
hf_github_codereview,cefecc1f7b8a52b0,0.7717791795730591,0.677731066942215,0.18809622526168823,0.677731066942215,0.7501311302185059,0.7717791795730591,0.0,44.45766067504883,38.2883243560791,1,2,0.5,0.5,0.0
hf_github_codereview,ca0b7740a0802c03,0.6292650103569031,0.5323694199323654,0.19379118084907532,0.5323694199323654,0.5874916315078735,0.6292650103569031,0.0,45.815101623535156,38.23087692260742,1,2,0.5,0.0,0.0
hf_github_codereview,70262ac75a3fe651,0.6292650103569031,0.5323694199323654,0.19379118084907532,0.5323694199323654,0.5874916315078735,0.6292650103569031,0.0,45.815101623535156,38.23087692260742,1,2,0.5,0.0,0.0
hf_github_codereview,e2a12d1485e45a08,0.6292650103569031,0.5279169678688049,0.2026960849761963,0.5279169678688049,0.5843127965927124,0.6292650103569031,0.0,45.815101623535156,38.2883243560791,1,2,0.5,0.0,0.0
hf_github_codereview,e0c973ba44cf06dd,0.7717791795730591,0.6847984194755554,0.17396152019500732,0.6847984194755554,0.755703330039978,0.7717791795730591,0.0,44.45766067504883,38.23087692260742,1,2,0.5,0.5,0.0
hf_github_codereview,507bf16cbf087b93,0.7717791795730591,0.6847984194755554,0.17396152019500732,0.6847984194755554,0.755703330039978,0.7717791795730591,0.0,44.45766067504883,38.23087692260742,1,2,0.5,0.5,0.0
hf_github_codereview,9f7878be8911ee0f,0.7717791795730591,0.677731066942215,0.18809622526168823,0.677731066942215,0.7501311302185059,0.7717791795730591,0.0,44.45766067504883,38.2883243560791,1,2,0.5,0.5,0.0
hf_github_codereview,fc1f6fee46c2e3b0,0.7717791795730591,0.6847984194755554,0.17396152019500732,0.6847984194755554,0.755703330039978,0.7717791795730591,0.0,44.45766067504883,38.23087692260742,1,2,0.5,0.5,0.0
hf_github_codereview,229ae8490649c5cf,0.7717791795730591,0.6847984194755554,0.17396152019500732,0.6847984194755554,0.755703330039978,0.7717791795730591,0.0,44.45766067504883,38.23087692260742,1,2,0.5,0.5,0.0
hf_github_codereview,f84e44345c91c823,0.7717791795730591,0.6847984194755554,0.17396152019500732,0.6847984194755554,0.755703330039978,0.7717791795730591,0.0,44.45766067504883,38.23087692260742,1,2,0.5,0.5,0.0
hf_github_codereview,cd44c32d9c61f320,0.604316771030426,0.5686867535114288,0.07126003503799438,0.5686867535114288,0.6187770366668701,0.604316771030426,0.0,38.91263961791992,37.02978515625,1,2,0.5,0.0,0.0
hf_github_codereview,fec34497e39f7c7a,0.7775464653968811,0.7775464653968811,0.7775464653968811,0.7775464653968811,0.7775465250015259,0.7775464653968811,0.0,33.930267333984375,32.924312591552734,1,1,1.0,1.0,0.0
hf_github_codereview,eb6a55cee7ab1dc7,0.4303910732269287,0.4303910732269287,0.4303910732269287,0.4303910732269287,0.43039101362228394,0.4303910732269287,0.0,42.25110626220703,29.749530792236328,1,1,0.0,0.0,0.0
hf_github_codereview,b4e4de2346f59ce0,0.5266698598861694,0.5266698598861694,0.5266698598861694,0.5266698598861694,0.5266698598861694,0.5266698598861694,0.0,43.399356842041016,38.148799896240234,1,1,0.0,0.0,0.0
hf_github_codereview,1bba226e8bbc20e7,0.43579304218292236,0.43579304218292236,0.43579304218292236,0.43579304218292236,0.43579307198524475,0.43579304218292236,0.0,45.837684631347656,32.924312591552734,1,1,0.0,0.0,0.0
hf_github_codereview,61b0034bbdd501f3,0.7055672407150269,0.4871038794517517,0.4369267225265503,0.4871038794517517,0.5774311423301697,0.7055672407150269,0.0,39.64397048950195,39.27603530883789,1,2,0.5,0.5,0.0
hf_github_codereview,68b00bd5edf968af,0.5963343381881714,0.4776395261287689,0.23738962411880493,0.4776395261287689,0.5579236149787903,0.5963343381881714,0.0,46.869972229003906,36.42669105529785,1,2,0.0,0.0,0.0
hf_github_codereview,5c6224e80a34c43d,0.6291089057922363,0.6291089057922363,0.6291089057922363,0.6291089057922363,0.6291089057922363,0.6291089057922363,0.0,42.15159225463867,32.52873229980469,1,1,1.0,0.0,0.0
hf_github_codereview,3c6cbfb703c6f5d8,0.44071516394615173,0.44071516394615173,0.44071516394615173,0.44071516394615173,0.44071516394615173,0.44071516394615173,0.0,43.72943878173828,38.50053024291992,1,1,0.0,0.0,0.0
hf_github_codereview,1c243745d93ca966,0.27572503685951233,0.27572503685951233,0.27572503685951233,0.27572503685951233,0.2757250666618347,0.27572503685951233,0.0,42.29982376098633,34.23881530761719,1,1,0.0,0.0,0.0
hf_github_codereview,e7136967b714a8f3,0.45352664589881897,0.45352664589881897,0.45352664589881897,0.45352664589881897,0.45352664589881897,0.45352664589881897,0.0,41.5960578918457,38.50053024291992,1,1,0.0,0.0,0.0
hf_github_codereview,2cefd0643049618c,0.1156444177031517,0.1156444177031517,0.1156444177031517,0.1156444177031517,0.1156444177031517,0.1156444177031517,0.0,32.979801177978516,37.30750274658203,1,1,0.0,0.0,0.0
hf_github_codereview,93dfb22d330e3784,0.37708237767219543,0.37708237767219543,0.37708237767219543,0.37708237767219543,0.37708237767219543,0.37708237767219543,0.0,43.650264739990234,29.426349639892578,1,1,0.0,0.0,0.0
hf_github_codereview,c785f028d97275c1,0.2897661328315735,0.2897661328315735,0.2897661328315735,0.2897661328315735,0.2897661328315735,0.2897661328315735,0.0,38.56928634643555,32.24480438232422,1,1,0.0,0.0,0.0
hf_github_codereview,a36082081b0d2964,0.6267672777175903,0.6267672777175903,0.6267672777175903,0.6267672777175903,0.6267672777175903,0.6267672777175903,0.0,40.88570022583008,28.316007614135742,1,1,1.0,0.0,0.0
hf_github_codereview,c093655c2decf19c,0.47475799918174744,0.47475799918174744,0.47475799918174744,0.47475799918174744,0.47475799918174744,0.47475799918174744,0.0,43.29289627075195,28.83380126953125,1,1,0.0,0.0,0.0
hf_github_codereview,8fa59776700922c9,0.37708237767219543,0.37708237767219543,0.37708237767219543,0.37708237767219543,0.37708237767219543,0.37708237767219543,0.0,43.650264739990234,29.426349639892578,1,1,0.0,0.0,0.0
hf_github_codereview,6e3ea37044e21a86,0.618720293045044,0.618720293045044,0.618720293045044,0.618720293045044,0.618720293045044,0.618720293045044,0.0,44.01669692993164,29.63456153869629,1,1,1.0,0.0,0.0
hf_github_codereview,43df5fd09cbf72ed,0.40787971019744873,0.40787971019744873,0.40787971019744873,0.40787971019744873,0.40787971019744873,0.40787971019744873,0.0,42.35860824584961,30.041671752929688,1,1,0.0,0.0,0.0
hf_github_codereview,9f808acb6ed7b78d,0.4074118733406067,0.4074118733406067,0.4074118733406067,0.4074118733406067,0.40741193294525146,0.4074118733406067,0.0,45.966590881347656,30.7681941986084,1,1,0.0,0.0,0.0
hf_github_codereview,93f2bf04321b2c5a,0.7604445219039917,0.6100847125053406,0.30071961879730225,0.6100847125053406,0.6888470649719238,0.7604445219039917,0.0,44.733951568603516,42.09560775756836,1,2,0.5,0.5,0.0
hf_github_codereview,c43970bdba3a8b10,0.739479660987854,0.6014270037412643,0.2761053144931793,0.6014270037412643,0.6790716648101807,0.739479660987854,0.0,46.127052307128906,42.09560775756836,1,2,0.5,0.5,0.0
hf_github_codereview,e9badacac460e361,0.4700605273246765,0.41774073243141174,0.10463958978652954,0.41774073243141174,0.49214959144592285,0.4700605273246765,0.0,39.991397857666016,43.02383041381836,1,2,0.0,0.0,0.0
hf_github_codereview,dcf7e1e6cd7e782f,0.7655531764030457,0.5644534031550089,0.15569967031478882,0.5644534031550089,0.7251306772232056,0.7655531764030457,0.0,34.89002227783203,40.38217035929362,1,3,0.6666666666666666,0.3333333333333333,0.0
hf_github_codereview,c77139686fe3e28f,0.6733910441398621,0.6733910441398621,0.6733910441398621,0.6733910441398621,0.6733910441398621,0.6733910441398621,0.0,33.640567779541016,45.80396270751953,1,1,1.0,0.0,0.0
hf_github_codereview,e9edb587cf33d925,0.6733910441398621,0.6733910441398621,0.6733910441398621,0.6733910441398621,0.6733910441398621,0.6733910441398621,0.0,33.640567779541016,45.80396270751953,1,1,1.0,0.0,0.0
hf_github_codereview,4c764d745456a93b,0.6733910441398621,0.6733910441398621,0.6733910441398621,0.6733910441398621,0.6733910441398621,0.6733910441398621,0.0,33.640567779541016,45.80396270751953,1,1,1.0,0.0,0.0
hf_github_codereview,f30351832c746359,0.9854731559753418,0.9854731559753418,0.9854731559753418,0.9854731559753418,0.9854731559753418,0.9854731559753418,0.0,43.133460998535156,42.01665496826172,1,1,1.0,1.0,1.0
hf_github_codereview,c0cbb9002cae8f8d,0.8380390405654907,0.6236944496631622,0.428689181804657,0.6236944496631622,0.7361246347427368,0.8380390405654907,0.0,43.171775817871094,41.68729782104492,1,2,0.5,0.5,0.5
hf_github_codereview,117ca4f1191bc8d4,1.0,1.0,1.0,1.0,1.0,1.0,0.0,35.378387451171875,35.378387451171875,1,1,1.0,1.0,1.0
hf_github_codereview,1b61ddec8b08d113,1.0,1.0,1.0,1.0,1.0,1.0,0.0,35.378387451171875,35.378387451171875,1,1,1.0,1.0,1.0
hf_github_codereview,b1dec6ca49a8f598,1.0,0.6745988577604294,0.6508022844791412,0.6745988577604294,0.8213397264480591,1.0,0.0,35.378387451171875,37.779937744140625,1,2,0.5,0.5,0.5
hf_github_codereview,872b4b783a1ba546,0.7296004891395569,0.42796382308006287,0.603273332118988,0.42796382308006287,0.5169801115989685,0.7296004891395569,0.0,42.26995086669922,35.947410583496094,1,2,0.5,0.5,0.0
hf_github_codereview,bac04b363bbd82bd,0.21122191846370697,0.21122191846370697,0.21122191846370697,0.21122191846370697,0.21122191846370697,0.21122191846370697,0.0,43.79634475708008,27.225906372070312,1,1,0.0,0.0,0.0
hf_github_codereview,f5af143ffa805707,0.3043138384819031,0.233270563185215,0.14208655059337616,0.233270563185215,0.27989262342453003,0.3043138384819031,0.0,42.603187561035156,37.576008796691895,1,2,0.0,0.0,0.0
hf_github_codereview,89859dd96e32a605,0.9485887289047241,0.6338517367839813,0.6294739842414856,0.6338517367839813,0.7785098552703857,0.9485887289047241,0.0,42.11628723144531,42.50065231323242,1,2,0.5,0.5,0.5
hf_github_codereview,232ded299a378f74,0.9396855235099792,0.5167711563408375,0.8458287343382835,0.5167711563408375,0.700880229473114,0.9396855235099792,0.0,41.74540710449219,42.73133659362793,1,2,0.5,0.5,0.5
hf_github_codereview,fd86d3f1a6821c76,0.7907211780548096,0.5075786113739014,0.5662851333618164,0.5075786113739014,0.6131547689437866,0.7907211780548096,0.0,42.356327056884766,35.947410583496094,1,2,0.5,0.5,0.0
hf_github_codereview,f959e052c5338a8d,0.3824771046638489,0.3638874590396881,0.03717929124832153,0.3638874590396881,0.4013882875442505,0.3824771046638489,0.0,37.592376708984375,31.9530668258667,1,2,0.0,0.0,0.0
hf_github_codereview,8f4c7c48303ee5c6,0.7763148546218872,0.5019338801503181,0.5487619489431381,0.5019338801503181,0.6063358783721924,0.7763148546218872,0.0,41.19388961791992,35.947410583496094,1,2,0.5,0.5,0.0
hf_github_codereview,19d65fefa59c01b3,0.955747127532959,0.5438264608383179,0.8238413333892822,0.5438264608383179,0.7275157570838928,0.955747127532959,0.0,37.904998779296875,41.15911674499512,1,2,0.5,0.5,0.5
hf_github_codereview,5cd8952eb5442632,0.4760688543319702,0.32965750992298126,0.2928226888179779,0.32965750992298126,0.38469362258911133,0.4760688543319702,0.0,43.77720642089844,33.05291175842285,1,2,0.0,0.0,0.0
hf_github_codereview,7a90b96afe7dcd03,0.4729967713356018,0.4729967713356018,0.4729967713356018,0.4729967713356018,0.4729967713356018,0.4729967713356018,0.0,45.544620513916016,35.378387451171875,1,1,0.0,0.0,0.0
hf_github_codereview,4fa12d050eb5a215,0.33954113721847534,0.25229794532060623,0.17448638379573822,0.25229794532060623,0.3027229309082031,0.33954113721847534,0.0,39.94709777832031,37.576008796691895,1,2,0.0,0.0,0.0
hf_github_codereview,57a195e1c8cdd5f9,0.4998766779899597,0.4998766779899597,0.4998766779899597,0.4998766779899597,0.4998766779899597,0.4998766779899597,0.0,45.24641799926758,35.378387451171875,1,1,0.0,0.0,0.0
hf_github_codereview,5feca67ce87ea986,0.4998766779899597,0.414452463388443,0.17084842920303345,0.414452463388443,0.5046054720878601,0.4998766779899597,0.0,45.24641799926758,37.779937744140625,1,2,0.0,0.0,0.0
hf_github_codereview,837a32dab868dc33,0.4525415897369385,0.37938275933265686,0.14631766080856323,0.37938275933265686,0.461907297372818,0.4525415897369385,0.0,43.064857482910156,37.779937744140625,1,2,0.0,0.0,0.0
hf_github_codereview,25cc71e85890f6f2,0.4724077582359314,0.4724077582359314,0.4724077582359314,0.4724077582359314,0.4724077582359314,0.4724077582359314,0.0,45.715091705322266,35.378387451171875,1,1,0.0,0.0,0.0
hf_github_codereview,fa53c87748ac5f89,0.3824771046638489,0.3638874590396881,0.03717929124832153,0.3638874590396881,0.4013882875442505,0.3824771046638489,0.0,37.592376708984375,31.9530668258667,1,2,0.0,0.0,0.0
hf_github_codereview,d77c713c0c1c1adc,0.47927379608154297,0.47927379608154297,0.47927379608154297,0.47927379608154297,0.47927379608154297,0.47927379608154297,0.0,44.616249084472656,35.378387451171875,1,1,0.0,0.0,0.0
hf_github_codereview,db6be60a46829f83,0.3729298710823059,0.32864052057266235,0.08857870101928711,0.32864052057266235,0.4001274108886719,0.3729298710823059,0.0,44.400123596191406,37.779937744140625,1,2,0.0,0.0,0.0
hf_github_codereview,44970955bc60bcb5,0.4998766779899597,0.4998766779899597,0.4998766779899597,0.4998766779899597,0.4998766779899597,0.4998766779899597,0.0,45.24641799926758,35.378387451171875,1,1,0.0,0.0,0.0
hf_github_codereview,62d7a02598d0ef20,0.37317708134651184,0.3441293388605118,0.05809548497200012,0.3441293388605118,0.4083862602710724,0.37317708134651184,0.0,44.65480041503906,34.82333946228027,1,2,0.0,0.0,0.0
hf_github_codereview,e0bbceaeadf55f5c,0.21268081665039062,0.21268081665039062,0.21268081665039062,0.21268081665039062,0.21268081665039062,0.21268081665039062,0.0,42.825965881347656,27.225906372070312,1,1,0.0,0.0,0.0
hf_github_codereview,ad1a3d266e8519dc,0.4557397663593292,0.32426583766937256,0.26294785737991333,0.32426583766937256,0.40952616930007935,0.4557397663593292,0.0,46.63128662109375,35.45638084411621,1,2,0.0,0.0,0.0
hf_github_codereview,9ded18abb70c2aef,0.48570746183395386,0.4273827075958252,0.11664950847625732,0.4273827075958252,0.48409998416900635,0.48570746183395386,0.0,47.47853088378906,45.25970268249512,1,2,0.0,0.0,0.0
hf_github_codereview,6315c34a3f6d081e,0.26789742708206177,0.26789742708206177,0.26789742708206177,0.26789742708206177,0.26789742708206177,0.26789742708206177,0.0,40.101585388183594,34.83418655395508,1,1,0.0,0.0,0.0
hf_github_codereview,fe6d153ebc5db522,0.26366299390792847,0.26366299390792847,0.26366299390792847,0.26366299390792847,0.26366305351257324,0.26366299390792847,0.0,43.70383834838867,30.19704246520996,1,1,0.0,0.0,0.0
hf_github_codereview,80ea6806b5c52eea,0.26789742708206177,0.26789742708206177,0.26789742708206177,0.26789742708206177,0.26789742708206177,0.26789742708206177,0.0,40.101585388183594,34.83418655395508,1,1,0.0,0.0,0.0
hf_github_codereview,cdfe083a8ab3d326,0.691624641418457,0.691624641418457,0.691624641418457,0.691624641418457,0.691624641418457,0.691624641418457,0.0,44.88180160522461,36.98487854003906,1,1,1.0,0.0,0.0
hf_github_codereview,46b7e31da7864733,0.2550314962863922,0.2550314962863922,0.2550314962863922,0.2550314962863922,0.2550315260887146,0.2550314962863922,0.0,44.441383361816406,30.19704246520996,1,1,0.0,0.0,0.0
hf_github_codereview,6a422ea79b99dcf1,0.4067317843437195,0.3835950791835785,0.04627341032028198,0.3835950791835785,0.4310731589794159,0.4067317843437195,0.0,41.48976135253906,34.10051250457764,1,2,0.0,0.0,0.0
hf_github_codereview,741eb44917c96f4c,0.639112114906311,0.639112114906311,0.639112114906311,0.639112114906311,0.6391120553016663,0.639112114906311,0.0,38.841312408447266,42.11743927001953,1,1,1.0,0.0,0.0
hf_github_codereview,261ff110d53a8196,0.8444987535476685,0.8444987535476685,0.8444987535476685,0.8444987535476685,0.8444987535476685,0.8444987535476685,0.0,40.75101089477539,42.11743927001953,1,1,1.0,1.0,1.0
hf_github_codereview,539a64538d72da68,0.9477636218070984,0.7704192996025085,0.3546886444091797,0.7704192996025085,0.8563187122344971,0.9477636218070984,0.0,39.92669677734375,37.92843818664551,1,2,0.5,0.5,0.5
hf_github_codereview,6fb58e85b60fae5e,0.8879561424255371,0.8879561424255371,0.8879561424255371,0.8879561424255371,0.8879562020301819,0.8879561424255371,0.0,35.11697769165039,31.754915237426758,1,1,1.0,1.0,1.0
hf_github_codereview,f670a96639f1bf7b,0.8879561424255371,0.8879561424255371,0.8879561424255371,0.8879561424255371,0.8879562020301819,0.8879561424255371,0.0,35.11697769165039,31.754915237426758,1,1,1.0,1.0,1.0
hf_github_codereview,23361acb2d88f392,0.9477636218070984,0.7704192996025085,0.3546886444091797,0.7704192996025085,0.8563187122344971,0.9477636218070984,0.0,39.92669677734375,37.92843818664551,1,2,0.5,0.5,0.5
hf_github_codereview,6084190de7100735,0.4151774048805237,0.40727488696575165,0.015805035829544067,0.40727488696575165,0.4464994966983795,0.4151774048805237,0.0,37.091373443603516,31.43837833404541,1,2,0.0,0.0,0.0
hf_github_codereview,4e94c32146d9513f,0.47577568888664246,0.4518381506204605,0.04787507653236389,0.4518381506204605,0.5142368674278259,0.47577568888664246,0.0,37.091373443603516,35.75080108642578,1,2,0.0,0.0,0.0
hf_github_codereview,78ece8c6a0df736d,0.9888730049133301,0.9888730049133301,0.9888730049133301,0.9888730049133301,0.9888731241226196,0.9888730049133301,0.0,45.97843933105469,46.89375686645508,1,1,1.0,1.0,1.0
hf_github_codereview,b6091b9327c7695e,0.9888730049133301,0.9888730049133301,0.9888730049133301,0.9888730049133301,0.9888731241226196,0.9888730049133301,0.0,45.97843933105469,46.89375686645508,1,1,1.0,1.0,1.0
hf_github_codereview,a1f6a1cce1a84b13,0.9888730049133301,0.9888730049133301,0.9888730049133301,0.9888730049133301,0.9888731241226196,0.9888730049133301,0.0,45.97843933105469,46.89375686645508,1,1,1.0,1.0,1.0
hf_github_codereview,b57368401bceff1e,0.9888730049133301,0.9888730049133301,0.9888730049133301,0.9888730049133301,0.9888731241226196,0.9888730049133301,0.0,45.97843933105469,46.89375686645508,1,1,1.0,1.0,1.0
hf_github_codereview,b62dfeb06ed31da8,0.9888730049133301,0.9888730049133301,0.9888730049133301,0.9888730049133301,0.9888731241226196,0.9888730049133301,0.0,45.97843933105469,46.89375686645508,1,1,1.0,1.0,1.0
hf_github_codereview,878eaa6f434beeac,0.9888730049133301,0.9888730049133301,0.9888730049133301,0.9888730049133301,0.9888731241226196,0.9888730049133301,0.0,45.97843933105469,46.89375686645508,1,1,1.0,1.0,1.0
hf_github_codereview,87de9ef3dc1f3f6f,0.995832085609436,0.995832085609436,0.995832085609436,0.995832085609436,0.9958319664001465,0.995832085609436,0.0,45.35920333862305,45.40290832519531,1,1,1.0,1.0,1.0
hf_github_codereview,2998ea48a689814d,0.6083181500434875,0.3810117244720459,0.4546128511428833,0.3810117244720459,0.4894254505634308,0.6083181500434875,0.0,33.87324905395508,35.11804008483887,1,2,0.5,0.0,0.0
hf_github_codereview,d1a228ef4b0a08e7,0.9885252714157104,0.9885252714157104,0.9885252714157104,0.9885252714157104,0.9885251522064209,0.9885252714157104,0.0,46.635860443115234,45.40290832519531,1,1,1.0,1.0,1.0
hf_github_codereview,df91264810c03221,0.995832085609436,0.995832085609436,0.995832085609436,0.995832085609436,0.9958319664001465,0.995832085609436,0.0,45.35920333862305,45.40290832519531,1,1,1.0,1.0,1.0
hf_github_codereview,a0d44312538a8316,0.995832085609436,0.47151925911506015,0.6825761497020721,0.47151925911506015,0.6938599348068237,0.995832085609436,0.0,45.35920333862305,43.17706553141276,1,3,0.3333333333333333,0.3333333333333333,0.3333333333333333
hf_github_codereview,661500d0c05e9023,0.9885252714157104,0.5724833086133003,0.8320839256048203,0.5724833086133003,0.7499879598617554,0.9885252714157104,0.0,46.635860443115234,45.07341384887695,1,2,0.5,0.5,0.5
hf_github_codereview,899942407a7e7435,0.995832085609436,0.6120607703924179,0.7675426304340363,0.6120607703924179,0.780785083770752,0.995832085609436,0.0,45.35920333862305,38.78426933288574,1,2,0.5,0.5,0.5
hf_github_codereview,2d3ed4d19c8d9a6f,0.995832085609436,0.6884250193834305,0.6148141324520111,0.6884250193834305,0.8278841972351074,0.995832085609436,0.0,45.35920333862305,40.68425369262695,1,2,0.5,0.5,0.5
hf_github_codereview,5fa5f5913ff98d09,0.995832085609436,0.6302466690540314,0.7311708331108093,0.6302466690540314,0.7906472086906433,0.995832085609436,0.0,45.35920333862305,45.80522918701172,1,2,0.5,0.5,0.5
hf_github_codereview,39202a12db0018d9,0.995832085609436,0.9200176894664764,0.1516287922859192,0.9200176894664764,0.9586255550384521,0.995832085609436,0.0,45.35920333862305,45.334781646728516,1,2,1.0,1.0,1.0
hf_github_codereview,5a76ef5ccb350cad,0.995832085609436,0.6432339698076248,0.7051962316036224,0.6432339698076248,0.7995787858963013,0.995832085609436,0.0,45.35920333862305,44.397064208984375,1,2,0.5,0.5,0.5
hf_github_codereview,813f0a866e4b4c6a,0.6430922746658325,0.5087245255708694,0.26873549818992615,0.5087245255708694,0.6156971454620361,0.6430922746658325,0.0,40.046974182128906,43.37721633911133,1,2,0.5,0.0,0.0
hf_github_codereview,4c39f41a6aed253f,0.4792294502258301,0.38562344511349994,0.06917077302932739,0.38562344511349994,0.48085999488830566,0.4792294502258301,0.0,42.56173324584961,35.36422983805338,1,3,0.0,0.0,0.0
hf_github_codereview,29060718fa82ae36,0.28709056973457336,0.2399470955133438,0.0942869484424591,0.2399470955133438,0.29521292448043823,0.28709056973457336,0.0,45.97843933105469,42.90165138244629,1,2,0.0,0.0,0.0
hf_github_codereview,1c651ff2b767a54c,0.28709056973457336,0.2399470955133438,0.0942869484424591,0.2399470955133438,0.29521292448043823,0.28709056973457336,0.0,45.97843933105469,42.90165138244629,1,2,0.0,0.0,0.0
hf_github_codereview,81ed81e616834ea0,0.28709056973457336,0.28709056973457336,0.28709056973457336,0.28709056973457336,0.28709056973457336,0.28709056973457336,0.0,45.97843933105469,45.34446716308594,1,1,0.0,0.0,0.0
hf_github_codereview,0b33de3f1aa097e3,0.28709056973457336,0.2475092113018036,0.07916271686553955,0.2475092113018036,0.30793994665145874,0.28709056973457336,0.0,45.97843933105469,45.31628608703613,1,2,0.0,0.0,0.0
hf_github_codereview,74d91e006982d72b,0.3108556866645813,0.28838345408439636,0.04494446516036987,0.28838345408439636,0.3627443313598633,0.3108556866645813,0.0,45.28792190551758,41.41046714782715,1,2,0.0,0.0,0.0
hf_github_codereview,aea8336e0b449093,0.28709056973457336,0.25882815569639206,0.05652482807636261,0.25882815569639206,0.3089250326156616,0.28709056973457336,0.0,45.97843933105469,40.533851623535156,1,2,0.0,0.0,0.0
hf_github_codereview,e1b429d6d109c2f1,0.9799062013626099,0.9799062013626099,0.9799062013626099,0.9799062013626099,0.9799063205718994,0.9799062013626099,0.0,46.06594467163086,45.67769241333008,1,1,1.0,1.0,1.0
hf_github_codereview,248b332987f5c156,0.9174574613571167,0.5945939421653748,0.6457270383834839,0.5945939421653748,0.7298672199249268,0.9174574613571167,0.0,41.73520278930664,36.93435096740723,1,2,0.5,0.5,0.5
hf_github_codereview,4835eea0275ebe98,0.8231951594352722,0.8231951594352722,0.8231951594352722,0.8231951594352722,0.8231951594352722,0.8231951594352722,0.0,33.88097381591797,29.95016860961914,1,1,1.0,1.0,1.0
hf_github_codereview,00f3016b8c544657,0.8391971588134766,0.7204714417457581,0.237451434135437,0.7204714417457581,0.7929661273956299,0.8391971588134766,0.0,33.741573333740234,40.748952865600586,1,2,1.0,0.5,0.5
hf_github_codereview,a67251f8c89cf639,0.30303528904914856,0.24370326101779938,0.11866405606269836,0.24370326101779938,0.27973878383636475,0.30303528904914856,0.0,42.4023323059082,34.307743072509766,1,2,0.0,0.0,0.0
hf_github_codereview,8b8352db6a0dc703,0.356401264667511,0.272360235452652,0.04304042458534241,0.272360235452652,0.3296685814857483,0.356401264667511,0.0,44.73033905029297,40.43592325846354,1,3,0.0,0.0,0.0
hf_github_codereview,8b5a21ddbf02cead,0.7604235410690308,0.7604235410690308,0.7604235410690308,0.7604235410690308,0.7604234218597412,0.7604235410690308,0.0,35.964927673339844,32.67295837402344,1,1,1.0,1.0,0.0
hf_github_codereview,990331ccd75a4717,0.470337450504303,0.470337450504303,0.470337450504303,0.470337450504303,0.47033748030662537,0.470337450504303,0.0,38.48777770996094,31.268714904785156,1,1,0.0,0.0,0.0
hf_github_codereview,68a25167e9785fe6,0.3743567168712616,0.3743567168712616,0.3743567168712616,0.3743567168712616,0.3743567168712616,0.3743567168712616,0.0,44.24260711669922,44.06271743774414,1,1,0.0,0.0,0.0
hf_github_codereview,a68c42850787b869,0.30847159028053284,0.30228779713312787,0.0051694512367248535,0.30228779713312787,0.36455079913139343,0.30847159028053284,0.0,44.808258056640625,40.424355824788414,1,3,0.0,0.0,0.0
hf_github_codereview,54764a496dca4ad3,0.33897823095321655,0.33897823095321655,0.33897823095321655,0.33897823095321655,0.33897823095321655,0.33897823095321655,0.0,44.15599822998047,30.12450408935547,1,1,0.0,0.0,0.0
hf_github_codereview,9084ffa29dcbd67b,0.471449077129364,0.32800665497779846,0.2868848443031311,0.32800665497779846,0.36924028396606445,0.471449077129364,0.0,44.73033905029297,33.06540870666504,1,2,0.0,0.0,0.0
hf_github_codereview,5940d9bbadfd4b77,0.3691571056842804,0.26904358714818954,0.2002270370721817,0.26904358714818954,0.34576553106307983,0.3691571056842804,0.0,41.56373596191406,42.40178871154785,1,2,0.0,0.0,0.0
hf_github_codereview,398b6c0aecd5e562,0.2740124464035034,0.2717055231332779,0.00461384654045105,0.2717055231332779,0.3527068495750427,0.2740124464035034,0.0,28.618812561035156,42.21121597290039,1,2,0.0,0.0,0.0
hf_github_codereview,6979f73fc6492bc3,0.42924362421035767,0.42924362421035767,0.42924362421035767,0.42924362421035767,0.42924362421035767,0.42924362421035767,0.0,43.30250930786133,30.331758499145508,1,1,0.0,0.0,0.0
hf_github_codereview,aa16090dadff6953,0.696631908416748,0.696631908416748,0.696631908416748,0.696631908416748,0.6966317892074585,0.696631908416748,0.0,44.04847717285156,38.447792053222656,1,1,1.0,0.0,0.0
hf_github_codereview,450db6340de3afd4,0.7855724096298218,0.6544694304466248,0.26220595836639404,0.6544694304466248,0.7665934562683105,0.7855724096298218,0.0,44.28789138793945,43.87836265563965,1,2,0.5,0.5,0.0
hf_github_codereview,4474890e339eddc4,0.3893503248691559,0.27996429800987244,0.2187720537185669,0.27996429800987244,0.34617453813552856,0.3893503248691559,0.0,41.85884475708008,29.57308292388916,1,2,0.0,0.0,0.0
hf_github_codereview,0553bf584d95b2a5,0.521496057510376,0.42723535001277924,0.18852141499519348,0.42723535001277924,0.5132176876068115,0.521496057510376,0.0,48.363182067871094,38.99433517456055,1,2,0.0,0.0,0.0
hf_github_codereview,40d366f6faa21c43,0.6371519565582275,0.6371519565582275,0.6371519565582275,0.6371519565582275,0.6371520757675171,0.6371519565582275,0.0,41.149803161621094,35.10255813598633,1,1,1.0,0.0,0.0
hf_github_codereview,cc0a90c48d979a30,0.7850466966629028,0.6432896852493286,0.28351402282714844,0.6432896852493286,0.7534983158111572,0.7850466966629028,0.0,44.969783782958984,43.87836265563965,1,2,0.5,0.5,0.0
hf_github_codereview,05d7def79c23c328,0.9509792327880859,0.586174895366033,0.5079370439052582,0.586174895366033,0.7643386721611023,0.9509792327880859,0.0,38.62485885620117,42.64597829182943,1,3,0.3333333333333333,0.3333333333333333,0.3333333333333333
hf_github_codereview,6396daf4d3c24f25,0.8928788900375366,0.8928788900375366,0.8928788900375366,0.8928788900375366,0.8928788900375366,0.8928788900375366,0.0,36.623390197753906,37.427276611328125,1,1,1.0,1.0,1.0
hf_github_codereview,0bcf7fe0c65f9bea,0.589950680732727,0.43118026852607727,0.31754082441329956,0.43118026852607727,0.5358176827430725,0.589950680732727,0.0,48.31014633178711,32.53058338165283,1,2,0.0,0.0,0.0
hf_github_codereview,188058a6d7bc649d,0.9274097681045532,0.9274097681045532,0.9274097681045532,0.9274097681045532,0.9274098873138428,0.9274097681045532,0.0,43.487281799316406,45.8935661315918,1,1,1.0,1.0,1.0
hf_github_codereview,5c066c426edbca12,0.9870510697364807,0.9870510697364807,0.9870510697364807,0.9870510697364807,0.9870511889457703,0.9870510697364807,0.0,45.18630599975586,45.8935661315918,1,1,1.0,1.0,1.0
hf_github_codereview,61e053a7a297cda3,0.7217950820922852,0.6991689006487528,0.007085084915161133,0.6991689006487528,0.7595032453536987,0.7217950820922852,0.0,41.3749885559082,38.54194641113281,1,3,1.0,0.6666666666666666,0.0
hf_github_codereview,0889381c1c0197c0,0.589950680732727,0.43118026852607727,0.31754082441329956,0.43118026852607727,0.5358176827430725,0.589950680732727,0.0,48.31014633178711,32.53058338165283,1,2,0.0,0.0,0.0
hf_github_codereview,ee7fdeaa6e30f4c9,0.8071613311767578,0.5889524668455124,0.43641772866249084,0.5889524668455124,0.743956983089447,0.8071613311767578,0.0,44.94007110595703,40.98812484741211,1,2,0.5,0.5,0.5
hf_github_codereview,88831df5f0c5ebfc,0.8983994126319885,0.8983994126319885,0.8983994126319885,0.8983994126319885,0.8983994126319885,0.8983994126319885,0.0,41.06832504272461,44.36703109741211,1,1,1.0,1.0,1.0
hf_github_codereview,7aed9bdee0e02459,0.7345423698425293,0.7345423698425293,0.7345423698425293,0.7345423698425293,0.7345423698425293,0.7345423698425293,0.0,42.60502624511719,44.36703109741211,1,1,1.0,1.0,0.0
hf_github_codereview,f791d5660a85f21a,0.7459160089492798,0.5177636593580246,0.4563046991825104,0.5177636593580246,0.6538600921630859,0.7459160089492798,0.0,41.06832504272461,43.58880805969238,1,2,0.5,0.5,0.0
hf_github_codereview,c325ee0acb08e0f4,0.9774545431137085,0.9774545431137085,0.9774545431137085,0.9774545431137085,0.9774545431137085,0.9774545431137085,0.0,42.083900451660156,41.97357940673828,1,1,1.0,1.0,1.0
hf_github_codereview,ca15b92b5f3e495b,0.2878621220588684,0.2311253547668457,0.11347353458404541,0.2311253547668457,0.2528851628303528,0.2878621220588684,0.0,44.049041748046875,38.26166534423828,1,2,0.0,0.0,0.0
hf_github_codereview,9fa4e4ebd3dceab5,0.3401407301425934,0.3401407301425934,0.3401407301425934,0.3401407301425934,0.34014075994491577,0.3401407301425934,0.0,38.26404571533203,30.798343658447266,1,1,0.0,0.0,0.0
hf_github_codereview,a60af311e3c7660d,0.3521966338157654,0.3521966338157654,0.3521966338157654,0.3521966338157654,0.3521966338157654,0.3521966338157654,0.0,40.57593536376953,33.31013107299805,1,1,0.0,0.0,0.0
hf_github_codereview,4d85e48a9897770c,0.3521966338157654,0.3521966338157654,0.3521966338157654,0.3521966338157654,0.3521966338157654,0.3521966338157654,0.0,40.57593536376953,33.31013107299805,1,1,0.0,0.0,0.0
hf_github_codereview,d9febd6a71f6783e,0.9964261054992676,0.9964261054992676,0.9964261054992676,0.9964261054992676,0.9964262247085571,0.9964261054992676,0.0,40.57593536376953,40.484195709228516,1,1,1.0,1.0,1.0
hf_github_codereview,a18b22b8ba16602f,1.0,0.6568696200847626,0.6862607598304749,0.6568696200847626,0.8104749917984009,1.0,0.0,32.66169738769531,37.5074577331543,1,2,0.5,0.5,0.5
hf_github_codereview,4a2271d7aa80a4fc,1.0,0.6177866260210673,0.5230371356010437,0.6177866260210673,0.8324064612388611,1.0,0.0,31.290054321289062,34.217681884765625,1,3,0.3333333333333333,0.3333333333333333,0.3333333333333333
hf_github_codereview,b01e042e5ce73d70,1.0,0.5087270339330038,0.7322475910186768,0.5087270339330038,0.7140398025512695,1.0,0.0,40.57593536376953,36.62030537923177,1,3,0.3333333333333333,0.3333333333333333,0.3333333333333333
hf_github_codereview,3d717386367a9b3a,0.5856098532676697,0.3981066942214966,0.3750063180923462,0.3981066942214966,0.48365646600723267,0.5856098532676697,0.0,43.229801177978516,36.36990928649902,1,2,0.0,0.0,0.0
hf_github_codereview,bc96d5c7da17380b,0.8283056020736694,0.6754770874977112,0.3056570291519165,0.6754770874977112,0.7809206247329712,0.8283056020736694,0.0,36.68766403198242,42.86836814880371,1,2,0.5,0.5,0.5
hf_github_codereview,fa4ba4c7091e8f29,0.9195791482925415,0.9195791482925415,0.9195791482925415,0.9195791482925415,0.919579267501831,0.9195791482925415,0.0,25.84005355834961,26.264238357543945,1,1,1.0,1.0,1.0
hf_github_codereview,95d986d406d56dd5,0.7774232625961304,0.7774232625961304,0.7774232625961304,0.7774232625961304,0.7774233222007751,0.7774232625961304,0.0,37.114044189453125,37.37473678588867,1,1,1.0,1.0,0.0
hf_github_codereview,a592a41f72386e70,0.9999997615814209,0.9999997615814209,0.9999997615814209,0.9999997615814209,1.0,0.9999997615814209,0.0,37.37473678588867,37.37473678588867,1,1,1.0,1.0,1.0
hf_github_codereview,45d302563620774f,0.5756030082702637,0.40471839159727097,0.3417692333459854,0.40471839159727097,0.5101704597473145,0.5756030082702637,0.0,42.85828399658203,43.013933181762695,1,2,0.0,0.0,0.0
hf_github_codereview,7f7b1eeb62b2f2ed,0.4492056965827942,0.30995258688926697,0.27850621938705444,0.30995258688926697,0.41033506393432617,0.4492056965827942,0.0,41.516841888427734,42.395761489868164,1,2,0.0,0.0,0.0
hf_github_codereview,0b1dcdd8e3cecab3,0.8691776990890503,0.5665796101093292,0.6051961779594421,0.5665796101093292,0.7105658054351807,0.8691776990890503,0.0,45.689170837402344,43.4644889831543,1,2,0.5,0.5,0.5
hf_github_codereview,06de37e6e00c4bf3,0.42653363943099976,0.412289634346962,0.02848801016807556,0.412289634346962,0.4619426131248474,0.42653363943099976,0.0,39.58353805541992,37.28366661071777,1,2,0.0,0.0,0.0
hf_github_codereview,99c198614853dbc3,0.722885012626648,0.5575871566931406,0.19699132442474365,0.5575871566931406,0.6766787171363831,0.722885012626648,0.0,37.384971618652344,39.60102462768555,1,3,0.3333333333333333,0.3333333333333333,0.0
hf_github_codereview,22f8b32a55f83a9c,0.5484857559204102,0.5454399585723877,0.006091594696044922,0.5454399585723877,0.6386889815330505,0.5484857559204102,0.0,32.20246505737305,40.17732620239258,1,2,0.0,0.0,0.0
hf_github_codereview,b5f8471925e96076,0.722885012626648,0.5575871566931406,0.19699132442474365,0.5575871566931406,0.6766787171363831,0.722885012626648,0.0,37.384971618652344,39.60102462768555,1,3,0.3333333333333333,0.3333333333333333,0.0
hf_github_codereview,6fdec11db65fef9c,0.47793054580688477,0.436939001083374,0.08198308944702148,0.436939001083374,0.5207425355911255,0.47793054580688477,0.0,42.63276290893555,36.56482124328613,1,2,0.0,0.0,0.0
hf_github_codereview,acecc80b6ee254a2,0.6148743629455566,0.5235680192708969,0.18261268734931946,0.5235680192708969,0.5746045112609863,0.6148743629455566,0.0,43.59315872192383,32.64255142211914,1,2,0.5,0.0,0.0
hf_github_codereview,87c7bbe472a3cac2,0.7751977443695068,0.5384873449802399,0.3491261601448059,0.5384873449802399,0.7069358825683594,0.7751977443695068,0.0,44.074546813964844,39.68625132242838,1,3,0.3333333333333333,0.3333333333333333,0.0
hf_github_codereview,8be4431e156fc2be,0.7586125731468201,0.5167580942312876,0.3612772226333618,0.5167580942312876,0.6814825534820557,0.7586125731468201,0.0,43.877471923828125,39.3995246887207,1,3,0.3333333333333333,0.3333333333333333,0.0
hf_github_codereview,f14f6f4229e4654b,0.7444595098495483,0.530604233344396,0.31085824966430664,0.530604233344396,0.6982629299163818,0.7444595098495483,0.0,43.1861572265625,39.254319508870445,1,3,0.3333333333333333,0.3333333333333333,0.0
hf_github_codereview,6007cc6f70feae6b,0.9999999403953552,0.9999999403953552,0.9999999403953552,0.9999999403953552,1.0,0.9999999403953552,0.0,42.63276290893555,42.63276290893555,1,1,1.0,1.0,1.0
hf_github_codereview,e0b76d41b1e058da,0.1621406376361847,0.1621406376361847,0.1621406376361847,0.1621406376361847,0.1621406376361847,0.1621406376361847,0.0,46.147335052490234,44.981910705566406,1,1,0.0,0.0,0.0
hf_github_codereview,303afeaa8d1da3f7,1.0,1.0,1.0,1.0,1.0,1.0,0.0,44.981910705566406,44.981910705566406,1,1,1.0,1.0,1.0
hf_github_codereview,98d5956fea219dcc,0.7887006998062134,0.7887006998062134,0.7887006998062134,0.7887006998062134,0.7887006998062134,0.7887006998062134,0.0,44.09467315673828,34.220947265625,1,1,1.0,1.0,0.0
hf_github_codereview,39a806386cee5af9,0.7727107405662537,0.7727107405662537,0.7727107405662537,0.7727107405662537,0.7727107405662537,0.7727107405662537,0.0,42.96403503417969,34.220947265625,1,1,1.0,1.0,0.0
hf_github_codereview,6e762cfe7da30219,0.8506960868835449,0.8506960868835449,0.8506960868835449,0.8506960868835449,0.8506960868835449,0.8506960868835449,0.0,37.834564208984375,38.08747863769531,1,1,1.0,1.0,1.0
hf_github_codereview,74631c3af7b4a105,0.9999998807907104,0.5602135732769966,0.8795726150274277,0.5602135732769966,0.7484741806983948,0.9999998807907104,0.0,41.5584716796875,40.82880401611328,1,2,0.5,0.5,0.5
hf_github_codereview,33cea56ba8be5055,0.5493193864822388,0.5493193864822388,0.5493193864822388,0.5493193864822388,0.5493193864822388,0.5493193864822388,0.0,35.769954681396484,28.479951858520508,1,1,0.0,0.0,0.0
hf_github_codereview,69dde7976e01a566,0.6379334330558777,0.6379334330558777,0.6379334330558777,0.6379334330558777,0.6379334330558777,0.6379334330558777,0.0,47.47343063354492,44.45487594604492,1,1,1.0,0.0,0.0
hf_github_codereview,7823b5cd8ec3c3b8,0.5964504480361938,0.5964504480361938,0.5964504480361938,0.5964504480361938,0.5964504480361938,0.5964504480361938,0.0,41.43751907348633,45.4078369140625,1,1,0.0,0.0,0.0
hf_github_codereview,942be3531e3819ec,0.8745024800300598,0.8745024800300598,0.8745024800300598,0.8745024800300598,0.8745024800300598,0.8745024800300598,0.0,44.60189437866211,41.25852584838867,1,1,1.0,1.0,1.0
hf_github_codereview,f37789de9af6ee55,0.6329547166824341,0.46452951431274414,0.18368148803710938,0.41374337673187256,0.5077977180480957,0.6329547166824341,0.0,35.31961441040039,27.600255966186523,1,4,0.25,0.0,0.0
hf_github_codereview,46ca61ce6319c7bd,0.8760019540786743,0.5779112428426743,0.5961814224720001,0.5779112428426743,0.7216359972953796,0.8760019540786743,0.0,45.603981018066406,37.621299743652344,1,2,0.5,0.5,0.5
hf_github_codereview,4cef26f52a015862,0.5364322662353516,0.3652026951313019,0.34245914220809937,0.3652026951313019,0.4465456008911133,0.5364322662353516,0.0,45.603981018066406,39.49238395690918,1,2,0.0,0.0,0.0
hf_github_codereview,83c666cf0491f884,0.3555205464363098,0.3555205464363098,0.3555205464363098,0.3555205464363098,0.3555205464363098,0.3555205464363098,0.0,38.103599548339844,25.722612380981445,1,1,0.0,0.0,0.0
hf_github_codereview,05d4967ce3e1efe3,0.6507205963134766,0.4873608499765396,0.3267194926738739,0.4873608499765396,0.5593608617782593,0.6507205963134766,0.0,35.480003356933594,27.496826171875,1,2,0.5,0.0,0.0
hf_github_codereview,684f84a5119bee4e,0.7719088792800903,0.7719088792800903,0.7719088792800903,0.7719088792800903,0.7719087600708008,0.7719088792800903,0.0,35.945804595947266,37.43850326538086,1,1,1.0,1.0,0.0
hf_github_codereview,692c44cb25915b15,0.9999997615814209,0.608474001288414,0.7830515205860138,0.608474001288414,0.7800474762916565,0.9999997615814209,0.0,48.363304138183594,42.62633514404297,1,2,0.5,0.5,0.5
hf_github_codereview,18ac2171d9de3a58,0.1366272121667862,0.1366272121667862,0.1366272121667862,0.1366272121667862,0.1366272270679474,0.1366272121667862,0.0,31.694669723510742,30.601163864135742,1,1,0.0,0.0,0.0
hf_github_codereview,de6716a211048d24,0.7631166577339172,0.7631166577339172,0.7631166577339172,0.7631166577339172,0.7631165981292725,0.7631166577339172,0.0,35.703609466552734,40.18990707397461,1,1,1.0,1.0,0.0
hf_github_codereview,2049f1d7c2859099,0.9506901502609253,0.9506901502609253,0.9506901502609253,0.9506901502609253,0.9506901502609253,0.9506901502609253,0.0,36.14445114135742,35.61072540283203,1,1,1.0,1.0,1.0
hf_github_codereview,fe5631f5a2ff2a80,0.9999999403953552,0.6469925493001938,0.7060147821903229,0.6469925493001938,0.8043584823608398,0.9999999403953552,0.0,35.325992584228516,33.81437110900879,1,2,0.5,0.5,0.5
hf_github_codereview,b2a04dc0b192a9fa,0.6935406923294067,0.6935406923294067,0.6935406923294067,0.6935406923294067,0.6935406923294067,0.6935406923294067,0.0,38.414878845214844,44.06196212768555,1,1,1.0,0.0,0.0
hf_github_codereview,7cb1405605b1502b,0.7361852526664734,0.7361852526664734,0.7361852526664734,0.7361852526664734,0.7361852526664734,0.7361852526664734,0.0,41.150474548339844,44.06196212768555,1,1,1.0,1.0,0.0
hf_github_codereview,28a94cfac787a6c1,0.6682107448577881,0.46816812455654144,0.4000852406024933,0.46816812455654144,0.6311898827552795,0.6682107448577881,0.0,46.15591812133789,38.47393798828125,1,2,0.5,0.0,0.0
hf_github_codereview,8b8e750a3750c6dd,0.5895144939422607,0.5895144939422607,0.5895144939422607,0.5895144939422607,0.5895144939422607,0.5895144939422607,0.0,45.84714889526367,34.666908264160156,1,1,0.0,0.0,0.0
hf_github_codereview,fdee318446c7a126,0.44348961114883423,0.3343961834907532,0.2181868553161621,0.3343961834907532,0.42787298560142517,0.44348961114883423,0.0,45.94295120239258,39.55414390563965,1,2,0.0,0.0,0.0
hf_github_codereview,0066017fd6b6ccd6,1.0,1.0,1.0,1.0,1.0,1.0,0.0,46.69612503051758,46.69612503051758,1,1,1.0,1.0,1.0
hf_github_codereview,681be551b982b693,1.0,1.0,1.0,1.0,1.0,1.0,0.0,46.69612503051758,46.69612503051758,1,1,1.0,1.0,1.0
hf_github_codereview,9f858ff0e7734120,0.5470448732376099,0.5470448732376099,0.5470448732376099,0.5470448732376099,0.5470448732376099,0.5470448732376099,0.0,44.08780288696289,28.948528289794922,1,1,0.0,0.0,0.0
hf_github_codereview,151ef755b53d9277,0.344679057598114,0.344679057598114,0.344679057598114,0.344679057598114,0.344679057598114,0.344679057598114,0.0,27.004511833190918,37.52397155761719,8,1,0.0,0.0,0.0
hf_github_codereview,980c079d71cce9dc,0.9999998211860657,0.8104440271854401,0.3791115880012512,0.8104440271854401,0.9002466201782227,0.9999998211860657,0.0,38.78078079223633,39.79660606384277,1,2,1.0,0.5,0.5
hf_github_codereview,277850b8479bb585,0.9999999403953552,0.8104440867900848,0.37911170721054077,0.8104440867900848,0.9002466797828674,0.9999999403953552,0.0,40.81243133544922,39.79660606384277,1,2,1.0,0.5,0.5
hf_github_codereview,fc855cad3382b0b5,0.8003561496734619,0.6930307149887085,0.21465086936950684,0.6930307149887085,0.7888375520706177,0.8003561496734619,0.0,36.67031478881836,40.21823310852051,1,2,0.5,0.5,0.5
hf_github_codereview,2e5b9d32a5cd772e,0.3983895778656006,0.382088303565979,0.032602548599243164,0.382088303565979,0.4103972315788269,0.3983895778656006,0.0,41.10993957519531,33.64437294006348,1,2,0.0,0.0,0.0
hf_github_codereview,92ff76fc1b7a916e,0.2744572162628174,0.26351042091846466,0.021893590688705444,0.26351042091846466,0.3211864233016968,0.2744572162628174,0.0,42.53529739379883,41.864458084106445,1,2,0.0,0.0,0.0
hf_github_codereview,61e94e1553e35e91,0.9953460097312927,0.7735361754894257,0.44361966848373413,0.7735361754894257,0.875935435295105,0.9953460097312927,0.0,36.784976959228516,38.02033996582031,1,2,0.5,0.5,0.5
hf_github_codereview,4b4d53bde89878b0,0.7331859469413757,0.42554453015327454,0.4271508753299713,0.42554453015327454,0.5706729888916016,0.7331859469413757,0.0,45.96870803833008,42.17599868774414,1,3,0.3333333333333333,0.3333333333333333,0.0
hf_github_codereview,12af4ed7c73fc98b,0.5168840885162354,0.5168840885162354,0.5168840885162354,0.5168840885162354,0.5168840885162354,0.5168840885162354,0.0,43.30833053588867,31.563232421875,1,1,0.0,0.0,0.0
hf_github_codereview,0fff1ec1596f6ddb,0.38956528902053833,0.30974602699279785,0.11638540029525757,0.30974602699279785,0.42183178663253784,0.38956528902053833,0.0,30.17604637145996,39.01446024576823,1,3,0.0,0.0,0.0
hf_github_codereview,1425e9c621908ffc,0.7608802318572998,0.5167098045349121,0.4883408546447754,0.5167098045349121,0.6239852905273438,0.7608802318572998,0.0,45.80156707763672,35.374507904052734,1,2,0.5,0.5,0.0
hf_github_codereview,059da6f90bd942e6,0.6053772568702698,0.6053772568702698,0.6053772568702698,0.6053772568702698,0.6053772568702698,0.6053772568702698,0.0,34.29076385498047,31.343326568603516,1,1,1.0,0.0,0.0
hf_github_codereview,fd595e176f02c5ee,0.4687463939189911,0.4687463939189911,0.4687463939189911,0.4687463939189911,0.4687463939189911,0.4687463939189911,0.0,41.821571350097656,31.343326568603516,1,1,0.0,0.0,0.0
hf_github_codereview,a18e692cd83f7d9c,0.5733432769775391,0.5733432769775391,0.5733432769775391,0.5733432769775391,0.5733432173728943,0.5733432769775391,0.0,31.664045333862305,32.5617561340332,1,1,0.0,0.0,0.0
hf_github_codereview,98a0cf3da8786fdc,0.5099416971206665,0.4320676028728485,0.155748188495636,0.4320676028728485,0.4918290376663208,0.5099416971206665,0.0,39.665870666503906,36.75607872009277,1,2,0.0,0.0,0.0
hf_github_codereview,62767e9bc1bc6095,0.8626798391342163,0.7749021053314209,0.17555546760559082,0.7749021053314209,0.8169173002243042,0.8626798391342163,0.0,40.38578414916992,35.159549713134766,1,2,1.0,0.5,0.5
hf_github_codereview,2f87ddd39808b7c0,0.2212967574596405,0.2212967574596405,0.2212967574596405,0.2212967574596405,0.2212967574596405,0.2212967574596405,0.0,28.1349515914917,45.20066452026367,6,1,0.0,0.0,0.0
hf_github_codereview,84636400de78b37b,0.256671667098999,0.22039146224657694,0.04805108904838562,0.22039146224657694,0.27270665764808655,0.256671667098999,0.0,37.728336334228516,36.91235478719076,1,3,0.0,0.0,0.0
hf_github_codereview,9b9c245a53afbbb2,0.6294459104537964,0.6294459104537964,0.6294459104537964,0.6294459104537964,0.6294459104537964,0.6294459104537964,0.0,37.627105712890625,36.45491409301758,1,1,1.0,0.0,0.0
hf_github_codereview,66877ebc15ca4486,1.0,1.0,1.0,1.0,1.0,1.0,0.0,43.90586471557617,43.90586471557617,1,1,1.0,1.0,1.0
hf_github_codereview,8555873f1a819d1c,0.37147557735443115,0.23613794893026352,0.27067525684833527,0.23613794893026352,0.31495794653892517,0.37147557735443115,0.0,42.50810623168945,37.24627494812012,1,2,0.0,0.0,0.0
hf_github_codereview,be6e5e39ddebd194,0.5497996807098389,0.34337614476680756,0.4128470718860626,0.34337614476680756,0.45275190472602844,0.5497996807098389,0.0,41.459228515625,38.41688919067383,1,2,0.0,0.0,0.0
hf_github_codereview,ef6b8d4b74c23ce3,0.7698556184768677,0.7698556184768677,0.7698556184768677,0.7698556184768677,0.7698556780815125,0.7698556184768677,0.0,42.50068283081055,42.31034469604492,1,1,1.0,1.0,0.0
hf_github_codereview,5aabddc2743a63a9,0.99326092004776,0.7170106321573257,0.5525005757808685,0.7170106321573257,0.8420820236206055,0.99326092004776,0.0,41.09511184692383,39.281015396118164,1,2,0.5,0.5,0.5
hf_github_codereview,84e309057fcf9a92,0.8059532642364502,0.741865873336792,0.1281747817993164,0.741865873336792,0.8832871913909912,0.8059532642364502,0.0,40.76611328125,38.82919502258301,1,2,1.0,0.5,0.5
hf_github_codereview,b5025da3ee7af5ec,0.30613037943840027,0.30613037943840027,0.30613037943840027,0.30613037943840027,0.30613037943840027,0.30613037943840027,0.0,37.740901947021484,28.80144500732422,1,1,0.0,0.0,0.0
hf_github_codereview,f43d28e852b8d263,0.8949874043464661,0.8949874043464661,0.8949874043464661,0.8949874043464661,0.8949874043464661,0.8949874043464661,0.0,35.99533462524414,36.36934280395508,1,1,1.0,1.0,1.0
hf_github_codereview,c38d97f07c88a4cc,0.36179572343826294,0.36179572343826294,0.36179572343826294,0.36179572343826294,0.36179572343826294,0.36179572343826294,0.0,37.6143684387207,29.18856430053711,1,1,0.0,0.0,0.0
hf_github_codereview,4f496bcc62409e31,0.22782272100448608,0.22782272100448608,0.22782272100448608,0.22782272100448608,0.22782272100448608,0.22782272100448608,0.0,30.06999969482422,29.25939178466797,1,1,0.0,0.0,0.0
hf_github_codereview,3b49d360f39592b7,0.6272234320640564,0.4687635898590088,0.3169196844100952,0.4687635898590088,0.5014442205429077,0.6272234320640564,0.0,37.077491760253906,30.284780502319336,1,2,0.5,0.0,0.0
hf_github_codereview,4b465e1b4b837c61,0.7547028660774231,0.7344914078712463,0.040422916412353516,0.7344914078712463,0.775891900062561,0.7547028660774231,0.0,33.83961868286133,36.06364822387695,1,2,1.0,1.0,0.0
hf_github_codereview,58a329856ec361b6,0.4928637146949768,0.4928637146949768,0.4928637146949768,0.4928637146949768,0.4928637146949768,0.4928637146949768,0.0,44.07456588745117,35.263118743896484,1,1,0.0,0.0,0.0
hf_github_codereview,05828790aa942c17,0.3150125741958618,0.2540755867958069,0.12187397480010986,0.2540755867958069,0.33880168199539185,0.3150125741958618,0.0,44.06167984008789,39.379384994506836,1,2,0.0,0.0,0.0
hf_github_codereview,e59ca36ee65359f1,0.22079253196716309,0.1673000082373619,0.10698504745960236,0.1673000082373619,0.22267994284629822,0.22079253196716309,0.0,42.558502197265625,38.72510814666748,1,2,0.0,0.0,0.0
hf_github_codereview,46424284980e527e,0.6798425912857056,0.6798425912857056,0.6798425912857056,0.6798425912857056,0.679842472076416,0.6798425912857056,0.0,40.877418518066406,33.957908630371094,1,1,1.0,0.0,0.0
hf_github_codereview,4860b7247c91dd29,0.4753791093826294,0.4753791093826294,0.4753791093826294,0.4753791093826294,0.4753791093826294,0.4753791093826294,0.0,43.3499641418457,30.233177185058594,1,1,0.0,0.0,0.0
hf_github_codereview,698595ce83941467,0.6407512426376343,0.554995134472847,0.17151221632957458,0.554995134472847,0.6069761514663696,0.6407512426376343,0.0,45.51913833618164,36.62160301208496,1,2,0.5,0.0,0.0
hf_github_codereview,30cb2eb934952428,0.552352786064148,0.4937862157821655,0.11713314056396484,0.4937862157821655,0.5429742932319641,0.552352786064148,0.0,41.45904541015625,36.412681579589844,1,2,0.0,0.0,0.0
hf_github_codereview,d8622f446c54a1a0,0.22775903344154358,0.21815560013055801,0.01920686662197113,0.21815560013055801,0.24371269345283508,0.22775903344154358,0.0,37.99938201904297,34.64196968078613,1,2,0.0,0.0,0.0
hf_github_codereview,387481301b16c133,0.5606061816215515,0.5606061816215515,0.5606061816215515,0.5606061816215515,0.5606061816215515,0.5606061816215515,0.0,42.960147857666016,31.941049575805664,1,1,0.0,0.0,0.0
hf_github_codereview,86e58e7a1c353a30,0.861583948135376,0.6248040795326233,0.47355973720550537,0.6248040795326233,0.7344935536384583,0.861583948135376,0.0,38.60908889770508,42.535179138183594,1,2,0.5,0.5,0.5
hf_github_codereview,8e20bedcd86200ad,0.6643760204315186,0.6643760204315186,0.6643760204315186,0.6643760204315186,0.6643760204315186,0.6643760204315186,0.0,34.97478485107422,31.391128540039062,1,1,1.0,0.0,0.0
hf_github_codereview,64d79d10410341bc,0.5463854074478149,0.5463854074478149,0.5463854074478149,0.5463854074478149,0.5463855266571045,0.5463854074478149,0.0,42.46745681762695,43.93471908569336,1,1,0.0,0.0,0.0
hf_github_codereview,737136f4f18f0f68,0.9652902483940125,0.7578157484531403,0.4149489998817444,0.7578157484531403,0.8582748770713806,0.9652902483940125,0.0,41.122188568115234,45.436323165893555,1,2,0.5,0.5,0.5
hf_github_codereview,5e86333a4bc9250d,0.9999999403953552,0.9999999403953552,0.9999999403953552,0.9999999403953552,1.0,0.9999999403953552,0.0,35.40816116333008,35.40816116333008,1,1,1.0,1.0,1.0
hf_github_codereview,aa8fd83883ec60f5,1.0,0.7478296458721161,0.5043407082557678,0.7478296458721161,0.8647713661193848,1.0,0.0,34.93296432495117,41.28814506530762,1,2,0.5,0.5,0.5
hf_github_codereview,cbdb1572b57e1ed3,0.6091622114181519,0.6033911108970642,0.011542201042175293,0.6033911108970642,0.6597204208374023,0.6091622114181519,0.0,36.862667083740234,34.84436225891113,1,2,0.5,0.0,0.0
hf_github_codereview,0f228241175e1e08,0.8250148892402649,0.6533266305923462,0.3433765172958374,0.6533266305923462,0.7900735139846802,0.8250148892402649,0.0,39.54841995239258,43.476369857788086,1,2,0.5,0.5,0.5
hf_github_codereview,cf9323d531b93716,0.4264909029006958,0.32822951674461365,0.1965227723121643,0.32822951674461365,0.346238374710083,0.4264909029006958,0.0,44.679351806640625,32.074904441833496,1,2,0.0,0.0,0.0
hf_github_codereview,749772776986d94a,0.8464547991752625,0.574376180768013,0.5441572368144989,0.574376180768013,0.6990340948104858,0.8464547991752625,0.0,43.49126434326172,42.57720756530762,1,2,0.5,0.5,0.5
hf_github_codereview,c280ce9761603ec4,0.8414588570594788,0.6722917854785919,0.3383341431617737,0.6722917854785919,0.804262638092041,0.8414588570594788,0.0,39.36508560180664,37.384100914001465,1,2,0.5,0.5,0.5
hf_github_codereview,d9709be84e8c9d7b,0.49707263708114624,0.49707263708114624,0.49707263708114624,0.49707263708114624,0.49707263708114624,0.49707263708114624,0.0,44.994049072265625,29.675647735595703,1,1,0.0,0.0,0.0
hf_github_codereview,eef170114411f0c2,0.5058098435401917,0.4793350398540497,0.052949607372283936,0.4793350398540497,0.6107456684112549,0.5058098435401917,0.0,33.6650505065918,41.02665710449219,1,2,0.0,0.0,0.0
hf_github_codereview,3b052ea11b20e24e,0.6163829565048218,0.5345874130725861,0.16359108686447144,0.5345874130725861,0.6362917423248291,0.6163829565048218,0.0,41.592864990234375,38.82670211791992,1,2,0.5,0.0,0.0
hf_github_codereview,f82174d3a5646908,0.9888753890991211,0.5922133326530457,0.7933241128921509,0.5922133326530457,0.7681005001068115,0.9888753890991211,0.0,31.576297760009766,34.67572212219238,1,2,0.5,0.5,0.5
hf_github_codereview,9728aaeaf96ec5ed,0.619756817817688,0.619756817817688,0.619756817817688,0.619756817817688,0.619756817817688,0.619756817817688,0.0,33.953758239746094,42.08720779418945,1,1,1.0,0.0,0.0
hf_github_codereview,143f8d15ec488dd0,0.508122980594635,0.4948362112045288,0.0043621063232421875,0.46780019998550415,0.6092082858085632,0.508122980594635,0.0,33.68575668334961,40.319193840026855,1,4,0.0,0.0,0.0
hf_github_codereview,01afab29e05672d8,0.8180630207061768,0.8180630207061768,0.8180630207061768,0.8180630207061768,0.8180630207061768,0.8180630207061768,0.0,39.86005401611328,41.53287887573242,1,1,1.0,1.0,1.0
hf_github_codereview,7091333cf2b04e4c,1.0,0.46600478887557983,0.7406989634037018,0.46600478887557983,0.655375599861145,1.0,0.0,44.477989196777344,36.4244073232015,1,3,0.3333333333333333,0.3333333333333333,0.3333333333333333
hf_github_codereview,cf6e590043a142c7,0.792466938495636,0.792466938495636,0.792466938495636,0.792466938495636,0.792466938495636,0.792466938495636,0.0,36.117225646972656,32.87514114379883,1,1,1.0,1.0,0.0
hf_github_codereview,fa3719ad4301f39a,0.7434161305427551,0.7434161305427551,0.7434161305427551,0.7434161305427551,0.7434160709381104,0.7434161305427551,0.0,33.65179443359375,32.3513069152832,1,1,1.0,1.0,0.0
hf_github_codereview,d2ec8d09b32b6425,0.6537830233573914,0.6537830233573914,0.6537830233573914,0.6537830233573914,0.6537830829620361,0.6537830233573914,0.0,45.180721282958984,38.43642807006836,1,1,1.0,0.0,0.0
hf_github_codereview,746f96d35f5032b0,0.3652122914791107,0.3652122914791107,0.3652122914791107,0.3652122914791107,0.3652123510837555,0.3652122914791107,0.0,43.4922981262207,38.43642807006836,1,1,0.0,0.0,0.0
hf_github_codereview,bcdb0270621f75c4,0.48022162914276123,0.48022162914276123,0.48022162914276123,0.48022162914276123,0.48022156953811646,0.48022162914276123,0.0,43.298065185546875,34.03798294067383,1,1,0.0,0.0,0.0
hf_github_codereview,28eadf02da9c26ac,0.2348884642124176,0.2348884642124176,0.2348884642124176,0.2348884642124176,0.23488849401474,0.2348884642124176,0.0,37.918312072753906,32.81709671020508,1,1,0.0,0.0,0.0
hf_github_codereview,dfbebfa9931c866a,0.5225553512573242,0.42711499333381653,0.19088071584701538,0.42711499333381653,0.5861751437187195,0.5225553512573242,0.0,42.01632308959961,31.93647003173828,1,2,0.0,0.0,0.0
hf_github_codereview,cdba7a353bc95fdd,0.5902765989303589,0.5902765989303589,0.5902765989303589,0.5902765989303589,0.5902765989303589,0.5902765989303589,0.0,44.63104248046875,33.52037811279297,1,1,0.0,0.0,0.0
hf_github_codereview,afe9c798a4475bae,0.6298182010650635,0.6298182010650635,0.6298182010650635,0.6298182010650635,0.6298182010650635,0.6298182010650635,0.0,46.299339294433594,34.33443069458008,1,1,1.0,0.0,0.0
hf_github_codereview,33d1ffdda94cfdf8,0.6951115131378174,0.46314486116170883,0.4639333039522171,0.46314486116170883,0.6363332867622375,0.6951115131378174,0.0,31.19417953491211,32.89103889465332,1,2,0.5,0.0,0.0
hf_github_codereview,fe3603067c4e7003,0.4803353250026703,0.3974575102329254,0.16575562953948975,0.3974575102329254,0.49796661734580994,0.4803353250026703,0.0,39.689056396484375,37.273592948913574,1,2,0.0,0.0,0.0
hf_github_codereview,73adc5c9b15a8575,0.2993572950363159,0.2903420031070709,0.01803058385848999,0.2903420031070709,0.33516746759414673,0.2993572950363159,0.0,43.913597106933594,35.41108512878418,1,2,0.0,0.0,0.0
hf_github_codereview,43bc75d7ce297414,0.17430509626865387,0.15878729025522867,0.01887430250644684,0.15554486215114594,0.1821584403514862,0.17430509626865387,0.0,35.758880615234375,30.206107139587402,1,4,0.0,0.0,0.0
hf_github_codereview,e2f8afffb6bd97f1,0.1882583498954773,0.16343837479750314,0.032827556133270264,0.1590331755578518,0.18655619025230408,0.1882583498954773,0.0,35.758880615234375,30.690793991088867,1,4,0.0,0.0,0.0
hf_github_codereview,359c5007ffa74dda,1.0,1.0,1.0,1.0,1.0,1.0,0.0,41.45948791503906,41.45948791503906,1,1,1.0,1.0,1.0
hf_github_codereview,23e2dd2e3101ee69,0.47817885875701904,0.44004255533218384,0.07627260684967041,0.44004255533218384,0.4608440101146698,0.47817885875701904,0.0,38.793399810791016,37.447336196899414,1,2,0.0,0.0,0.0
hf_github_codereview,31f06cc0534d9d3d,0.7990343570709229,0.5627175569534302,0.2735983729362488,0.5627175569534302,0.7023320198059082,0.7990343570709229,0.0,36.470855712890625,38.63720194498698,1,3,0.3333333333333333,0.3333333333333333,0.0
hf_github_codereview,c8688aa759ab4417,1.0,0.7029011845588684,0.2592529058456421,0.7029011845588684,0.8474245667457581,1.0,0.0,36.49383544921875,37.6459592183431,1,3,0.6666666666666666,0.6666666666666666,0.3333333333333333
hf_github_codereview,24c19e071100de54,0.3471645414829254,0.2044493705034256,0.28543034195899963,0.2044493705034256,0.249576598405838,0.3471645414829254,0.0,39.38778305053711,38.087891578674316,1,2,0.0,0.0,0.0
hf_github_codereview,ceaccf86d90bd792,0.5913654565811157,0.402853362262249,0.37702418863773346,0.402853362262249,0.4743213355541229,0.5913654565811157,0.0,45.94894027709961,30.0382080078125,1,2,0.0,0.0,0.0
hf_github_codereview,a1001a2d61c45e56,0.35733526945114136,0.26920513063669205,0.17626027762889862,0.26920513063669205,0.362728476524353,0.35733526945114136,0.0,38.976402282714844,28.038735389709473,1,2,0.0,0.0,0.0
hf_github_codereview,253674389cbdcb1d,0.48395368456840515,0.48395368456840515,0.48395368456840515,0.48395368456840515,0.4839537441730499,0.48395368456840515,0.0,43.2864875793457,33.50547409057617,1,1,0.0,0.0,0.0
hf_github_codereview,607d628004d82007,1.0,0.6444989144802094,0.7110021710395813,0.6444989144802094,0.8028069138526917,1.0,0.0,38.005409240722656,35.536176681518555,1,2,0.5,0.5,0.5
hf_github_codereview,a01e858c0426f761,0.5841445922851562,0.5841445922851562,0.5841445922851562,0.5841445922851562,0.5841445922851562,0.5841445922851562,0.0,42.00667953491211,30.859926223754883,1,1,0.0,0.0,0.0
hf_github_codereview,1f70931eee41b95c,0.7739090919494629,0.45074792206287384,0.6463223397731781,0.45074792206287384,0.6073403358459473,0.7739090919494629,0.0,36.6819953918457,28.038735389709473,1,2,0.5,0.5,0.0
hf_github_codereview,e2839e0667a242b6,0.9914723634719849,0.6923481325308481,0.36281681060791016,0.6923481325308481,0.864845871925354,0.9914723634719849,0.0,41.0859375,43.06281407674154,1,3,0.6666666666666666,0.3333333333333333,0.3333333333333333
hf_github_codereview,593a67a969de6673,1.0,0.5889765620231628,0.8220468759536743,0.5889765620231628,0.7674480676651001,1.0,0.0,41.976627349853516,40.80377197265625,1,2,0.5,0.5,0.5
hf_github_codereview,c21c24d2906ce4da,0.325470507144928,0.325470507144928,0.325470507144928,0.325470507144928,0.32547053694725037,0.325470507144928,0.0,39.096065521240234,34.843711853027344,1,1,0.0,0.0,0.0
hf_github_codereview,8f042e7c55fdcbff,0.4450889825820923,0.4450889825820923,0.4450889825820923,0.4450889825820923,0.4450889825820923,0.4450889825820923,0.0,40.30183410644531,38.008113861083984,1,1,0.0,0.0,0.0
hf_github_codereview,06582e91e8cd938d,0.9931952357292175,0.9931952357292175,0.9931952357292175,0.9931952357292175,0.9931953549385071,0.9931952357292175,0.0,35.74951934814453,36.573116302490234,1,1,1.0,1.0,1.0
hf_github_codereview,a87b6a7871e56246,0.494936466217041,0.4069141745567322,0.17604458332061768,0.4069141745567322,0.5347528457641602,0.494936466217041,0.0,28.811729431152344,41.993661880493164,1,2,0.0,0.0,0.0
hf_github_codereview,0c342c8a436fda14,0.48771968483924866,0.48771968483924866,0.48771968483924866,0.48771968483924866,0.48771968483924866,0.48771968483924866,0.0,40.7054557800293,30.881975173950195,1,1,0.0,0.0,0.0
hf_github_codereview,23b80a10ecc034e1,0.7750603556632996,0.5305036008358002,0.4891135096549988,0.5305036008358002,0.6971698999404907,0.7750603556632996,0.0,41.10288619995117,41.993661880493164,1,2,0.5,0.5,0.0
hf_github_codereview,63617f3c111c1617,0.38715261220932007,0.38715261220932007,0.38715261220932007,0.38715261220932007,0.38715261220932007,0.38715261220932007,0.0,40.174957275390625,30.416255950927734,1,1,0.0,0.0,0.0
hf_github_codereview,47ffcc3bb5942bc5,0.23640213906764984,0.235599122941494,0.0016060322523117065,0.235599122941494,0.26039788126945496,0.23640213906764984,0.0,37.447750091552734,31.247892379760742,1,2,0.0,0.0,0.0
hf_github_codereview,5f8aed8b54d16756,0.8171777725219727,0.8171777725219727,0.8171777725219727,0.8171777725219727,0.8171778917312622,0.8171777725219727,0.0,41.58760070800781,39.638450622558594,1,1,1.0,1.0,1.0
hf_github_codereview,6910406abd44fb33,0.6199324131011963,0.6199324131011963,0.6199324131011963,0.6199324131011963,0.6199324131011963,0.6199324131011963,0.0,36.61402130126953,31.348615646362305,1,1,1.0,0.0,0.0
hf_github_codereview,0c1e6a4d15f17c83,0.45259690284729004,0.45259690284729004,0.45259690284729004,0.45259690284729004,0.45259690284729004,0.45259690284729004,0.0,38.98126220703125,33.54505920410156,1,1,0.0,0.0,0.0
hf_github_codereview,e6520f9b94cd0551,0.5270829200744629,0.38540028780698776,0.28336526453495026,0.38540028780698776,0.5032312870025635,0.5270829200744629,0.0,36.608924865722656,29.239192008972168,1,2,0.0,0.0,0.0
hf_github_codereview,72be889868bc787a,0.548317551612854,0.48633432388305664,0.12396645545959473,0.48633432388305664,0.5687460899353027,0.548317551612854,0.0,42.6054573059082,38.431522369384766,1,2,0.0,0.0,0.0
hf_github_codereview,17f4c12a5ed8cf86,1.0,1.0,1.0,1.0,1.0,1.0,0.0,34.221923828125,34.221923828125,1,1,1.0,1.0,1.0
hf_github_codereview,819e229e1a420c7f,0.5337058305740356,0.4147776613632838,0.006278038024902344,0.4147776613632838,0.5002422332763672,0.5337058305740356,0.0,32.64591598510742,38.005627950032554,1,3,0.0,0.0,0.0
hf_github_codereview,750ea19fc99e7a85,1.0,1.0,1.0,1.0,1.0,1.0,0.0,39.79971694946289,39.79971694946289,1,1,1.0,1.0,1.0
hf_github_codereview,7fbcfe24256ac214,0.6499471664428711,0.6499471664428711,0.6499471664428711,0.6499471664428711,0.6499471664428711,0.6499471664428711,0.0,32.3182487487793,35.071983337402344,1,1,1.0,0.0,0.0
hf_github_codereview,687787ac002e7525,0.6791887879371643,0.6791887879371643,0.6791887879371643,0.6791887879371643,0.6791887879371643,0.6791887879371643,0.0,41.39250946044922,35.071983337402344,1,1,1.0,0.0,0.0
hf_github_codereview,1a788b033fc3698b,1.0,1.0,1.0,1.0,1.0,1.0,0.0,39.32552719116211,39.32552719116211,1,1,1.0,1.0,1.0
hf_github_codereview,32de6653e9397cd4,1.0,1.0,1.0,1.0,1.0,1.0,0.0,36.0009765625,36.0009765625,1,1,1.0,1.0,1.0
hf_github_codereview,2864a9b8e0baae18,1.0,1.0,1.0,1.0,1.0,1.0,0.0,34.780120849609375,34.780120849609375,1,1,1.0,1.0,1.0
hf_github_codereview,43e93dd37e928d11,0.8219464421272278,0.6111918787161509,0.14354926347732544,0.49623069539666176,0.6975831985473633,0.8219464421272278,0.0,41.82950210571289,37.4663028717041,1,4,0.5,0.25,0.25
hf_github_codereview,ed3e9297ca039fd9,0.9693033695220947,0.9693033695220947,0.9693033695220947,0.9693033695220947,0.9693033695220947,0.9693033695220947,0.0,36.78349685668945,35.83113479614258,1,1,1.0,1.0,1.0
hf_github_codereview,b5d94f292de7dc9b,0.6849499940872192,0.47414520382881165,0.4216095805168152,0.47414520382881165,0.6233790516853333,0.6849499940872192,0.0,40.87528610229492,38.9862117767334,1,2,0.5,0.0,0.0
hf_github_codereview,2dda5944fa98d39a,0.7348885536193848,0.7348885536193848,0.7348885536193848,0.7348885536193848,0.7348886728286743,0.7348885536193848,0.0,46.498497009277344,39.733131408691406,1,1,1.0,1.0,0.0
hf_github_codereview,5d660dd78d7a73b3,0.6974956393241882,0.6974956393241882,0.6974956393241882,0.6974956393241882,0.697495698928833,0.6974956393241882,0.0,39.376014709472656,39.733131408691406,1,1,1.0,0.0,0.0
hf_github_codereview,62c2b5e5a5bf7953,0.3979071378707886,0.27741581946611404,0.24098263680934906,0.27741581946611404,0.35167396068573,0.3979071378707886,0.0,46.15522003173828,34.34911632537842,1,2,0.0,0.0,0.0
hf_github_codereview,f9e0b03843020200,0.2590634822845459,0.24644984304904938,0.025227278470993042,0.24644984304904938,0.31537961959838867,0.2590634822845459,0.0,43.26163864135742,37.450157165527344,1,2,0.0,0.0,0.0
hf_github_codereview,b6d897d8ef8b8098,0.8744208812713623,0.8744208812713623,0.8744208812713623,0.8744208812713623,0.8744210004806519,0.8744208812713623,0.0,43.8118782043457,43.51690673828125,1,1,1.0,1.0,1.0
hf_github_codereview,14542939668c8a1c,0.8166860342025757,0.609037384390831,0.4152972996234894,0.609037384390831,0.6961542367935181,0.8166860342025757,0.0,44.24904251098633,39.91281509399414,1,2,0.5,0.5,0.5
hf_github_codereview,e2e569e4ce74bcdf,0.3612936735153198,0.3121460974216461,0.09829515218734741,0.3121460974216461,0.3567955493927002,0.3612936735153198,0.0,39.86714172363281,39.91281509399414,1,2,0.0,0.0,0.0
hf_github_codereview,acdb51b7870347ec,0.6733218431472778,0.6733218431472778,0.6733218431472778,0.6733218431472778,0.6733218431472778,0.6733218431472778,0.0,39.622406005859375,32.66957473754883,1,1,1.0,0.0,0.0
hf_github_codereview,1abf4a0508d59d63,0.9999997615814209,0.9999997615814209,0.9999997615814209,0.9999997615814209,0.9999999403953552,0.9999997615814209,0.0,46.222625732421875,46.222625732421875,1,1,1.0,1.0,1.0
hf_github_codereview,cee1ddb79c3127c5,0.16972342133522034,0.16972342133522034,0.16972342133522034,0.16972342133522034,0.16972342133522034,0.16972342133522034,0.0,31.19782257080078,30.839120864868164,1,1,0.0,0.0,0.0
hf_github_codereview,46b820ffddec1ba4,0.7912822961807251,0.7912822961807251,0.7912822961807251,0.7912822961807251,0.7912824749946594,0.7912822961807251,0.0,34.09130096435547,39.58062744140625,1,1,1.0,1.0,0.0
hf_github_codereview,84c6f3ad43aec73b,0.8691755533218384,0.5821786224842072,0.5739938616752625,0.5821786224842072,0.7165572047233582,0.8691755533218384,0.0,44.353397369384766,40.83005905151367,1,2,0.5,0.5,0.5
hf_github_codereview,7e0371225e3cf2f8,0.2427668273448944,0.19777528444925943,0.04105660319328308,0.17360543087124825,0.20033317804336548,0.2427668273448944,0.0,41.976627349853516,28.913793087005615,1,4,0.0,0.0,0.0
hf_github_codereview,12828ebab3b3b18e,0.5282480716705322,0.4588141143321991,0.13886791467666626,0.4588141143321991,0.51417076587677,0.5282480716705322,0.0,35.233154296875,42.278703689575195,1,2,0.0,0.0,0.0
hf_github_codereview,a41c5dcad1a3f80a,0.9027099609375,0.6031023859977722,0.5992151498794556,0.6031023859977722,0.7419973611831665,0.9027099609375,0.0,37.69613265991211,39.35767936706543,1,2,0.5,0.5,0.5
hf_github_codereview,0f97d6ecbbff4ad0,1.0,0.9342062771320343,0.1315874457359314,0.9342062771320343,0.9665435552597046,1.0,0.0,35.31317138671875,35.30232620239258,1,2,1.0,1.0,1.0
hf_github_codereview,3a1b26ab5d80804e,1.0,0.9342062771320343,0.1315874457359314,0.9342062771320343,0.9665435552597046,1.0,0.0,35.291481018066406,35.30232620239258,1,2,1.0,1.0,1.0
hf_github_codereview,5c08358b76aab175,0.5284776091575623,0.40055665373802185,0.2558419108390808,0.40055665373802185,0.446245402097702,0.5284776091575623,0.0,43.960514068603516,36.78849220275879,1,2,0.0,0.0,0.0
hf_github_codereview,66d891bb0f061402,0.5606769919395447,0.45377063751220703,0.2138127088546753,0.45377063751220703,0.5029429793357849,0.5606769919395447,0.0,42.67877197265625,39.68816375732422,1,2,0.0,0.0,0.0
hf_github_codereview,be4a779ac30c05b0,0.9999999403953552,0.9999999403953552,0.9999999403953552,0.9999999403953552,0.9999999403953552,0.9999999403953552,0.0,27.10257911682129,27.10257911682129,1,1,1.0,1.0,1.0
hf_github_codereview,92e645e2b00165ce,0.9999999403953552,0.9999999403953552,0.9999999403953552,0.9999999403953552,1.0,0.9999999403953552,0.0,27.313663482666016,27.313663482666016,1,1,1.0,1.0,1.0
hf_github_codereview,8ac5211ec3d5132c,0.9983004331588745,0.9983004331588745,0.9983004331588745,0.9983004331588745,0.9983004927635193,0.9983004331588745,0.0,43.44582748413086,43.73929977416992,1,1,1.0,1.0,1.0
hf_github_codereview,d7cc747018e0cec9,0.8452930450439453,0.8452930450439453,0.8452930450439453,0.8452930450439453,0.8452930450439453,0.8452930450439453,0.0,40.08249282836914,45.97484588623047,1,1,1.0,1.0,1.0
hf_github_codereview,3c8228d193c2ee84,0.9929406642913818,0.9929406642913818,0.9929406642913818,0.9929406642913818,0.9929406642913818,0.9929406642913818,0.0,43.16184616088867,44.24906539916992,1,1,1.0,1.0,1.0
hf_github_codereview,c8f394e80f183a13,0.9999999403953552,0.7814426720142365,0.43711453676223755,0.7814426720142365,0.8839924335479736,0.9999999403953552,0.0,45.725807189941406,45.621089935302734,1,2,0.5,0.5,0.5
hf_github_codereview,af9b1172c8b734db,0.9113655090332031,0.511695422232151,0.7993401736021042,0.511695422232151,0.6615113019943237,0.9113655090332031,0.0,48.9306640625,37.47272300720215,1,2,0.5,0.5,0.5
hf_github_codereview,9d06418914489661,1.0,1.0,1.0,1.0,1.0,1.0,0.0,42.6235466003418,42.6235466003418,1,1,1.0,1.0,1.0
hf_github_codereview,f1652cdab186c625,0.8524717092514038,0.6741498559713364,0.3566437065601349,0.6741498559713364,0.7787187099456787,0.8524717092514038,0.0,45.229156494140625,42.32732009887695,1,2,0.5,0.5,0.5
hf_github_codereview,1810c23cf8b82c88,1.0,1.0,1.0,1.0,1.0,1.0,0.0,40.5058708190918,40.5058708190918,1,1,1.0,1.0,1.0
hf_github_codereview,19da64afe91e6313,0.9999998807907104,0.9999998807907104,0.9999998807907104,0.9999998807907104,1.0,0.9999998807907104,0.0,43.305641174316406,43.305641174316406,1,1,1.0,1.0,1.0
hf_github_codereview,f84f3b54f36acaa9,0.6870865821838379,0.5011370182037354,0.3718991279602051,0.5011370182037354,0.612678587436676,0.6870865821838379,0.0,43.50905227661133,37.8974494934082,1,2,0.5,0.0,0.0
hf_github_codereview,0deadeca30be05b6,0.9186674952507019,0.9186674952507019,0.9186674952507019,0.9186674952507019,0.9186676144599915,0.9186674952507019,0.0,44.190345764160156,45.78822326660156,1,1,1.0,1.0,1.0
hf_github_codereview,f625bc0ce20c8ce8,0.5513467192649841,0.537923663854599,0.026846110820770264,0.537923663854599,0.5496091246604919,0.5513467192649841,0.0,40.89309310913086,32.769723892211914,1,2,0.0,0.0,0.0
hf_github_codereview,414fc448ab8297e1,0.7929352521896362,0.7397198677062988,0.1064307689666748,0.7397198677062988,0.7557889819145203,0.7929352521896362,0.0,37.91047668457031,32.769723892211914,1,2,1.0,0.5,0.0
hf_github_codereview,c85ffae7ef667a73,0.5347554087638855,0.3439076989889145,0.381695419549942,0.3439076989889145,0.464451402425766,0.5347554087638855,0.0,45.59932327270508,28.970699310302734,1,2,0.0,0.0,0.0
hf_github_codereview,e4039895e97a2972,0.45804959535598755,0.3347548842430115,0.24658942222595215,0.3347548842430115,0.3702065050601959,0.45804959535598755,0.0,40.50905990600586,37.35409164428711,1,2,0.0,0.0,0.0
hf_github_codereview,8c38524a677040b0,0.5028340816497803,0.4252610355615616,0.15514609217643738,0.4252610355615616,0.49177196621894836,0.5028340816497803,0.0,47.07911682128906,31.361637115478516,1,2,0.0,0.0,0.0
hf_github_codereview,7830843d595942b8,0.8900480270385742,0.8900480270385742,0.8900480270385742,0.8900480270385742,0.890048086643219,0.8900480270385742,0.0,39.951927185058594,42.2679557800293,1,1,1.0,1.0,1.0
hf_github_codereview,0f20d9dbdafa4970,0.21946050226688385,0.21946050226688385,0.21946050226688385,0.21946050226688385,0.21946050226688385,0.21946050226688385,0.0,40.45646286010742,28.83420753479004,1,1,0.0,0.0,0.0
hf_github_codereview,c7c10bfaea3f2143,0.3367449641227722,0.3367449641227722,0.3367449641227722,0.3367449641227722,0.3367449641227722,0.3367449641227722,0.0,48.2867546081543,28.83420753479004,1,1,0.0,0.0,0.0
hf_github_codereview,592a0f2eed1dd3c5,0.4292198717594147,0.4292198717594147,0.4292198717594147,0.4292198717594147,0.4292198717594147,0.4292198717594147,0.0,40.691490173339844,32.73330307006836,1,1,0.0,0.0,0.0
hf_github_codereview,86f820d4f8220dad,0.9999998211860657,0.9999998211860657,0.9999998211860657,0.9999998211860657,1.0,0.9999998211860657,0.0,43.99291229248047,43.99291229248047,1,1,1.0,1.0,1.0
hf_github_codereview,4debd2da792ee011,0.9999998807907104,0.9999998807907104,0.9999998807907104,0.9999998807907104,1.0,0.9999998807907104,0.0,40.49812316894531,40.49812316894531,1,1,1.0,1.0,1.0
hf_github_codereview,2277d21722804e93,0.9999998807907104,0.9999998807907104,0.9999998807907104,0.9999998807907104,1.0,0.9999998807907104,0.0,44.23745346069336,44.23745346069336,1,1,1.0,1.0,1.0
hf_github_codereview,5f44660c2e3f1bde,0.5764864683151245,0.5764864683151245,0.5764864683151245,0.5764864683151245,0.5764865279197693,0.5764864683151245,0.0,35.40323257446289,44.23745346069336,1,1,0.0,0.0,0.0
hf_github_codereview,3ba54217462c9748,0.7238669395446777,0.7238669395446777,0.7238669395446777,0.7238669395446777,0.7238669395446777,0.7238669395446777,0.0,26.01302146911621,34.61664962768555,1,1,1.0,1.0,0.0
hf_github_codereview,dd0603b8d8634d2f,0.9973350763320923,0.9973350763320923,0.9973350763320923,0.9973350763320923,0.9973351955413818,0.9973350763320923,0.0,42.324066162109375,41.606327056884766,1,1,1.0,1.0,1.0
hf_github_codereview,52576e67029741a4,0.771575391292572,0.771575391292572,0.771575391292572,0.771575391292572,0.771575391292572,0.771575391292572,0.0,41.805152893066406,43.74449157714844,1,1,1.0,1.0,0.0
hf_github_codereview,eee3c247fdfc6354,0.7235236167907715,0.410552774866422,0.3576602339744568,0.410552774866422,0.539880633354187,0.7235236167907715,0.0,36.78245544433594,39.737754821777344,1,3,0.3333333333333333,0.3333333333333333,0.0
hf_github_codereview,aea5adcf3a122961,0.23739522695541382,0.23739522695541382,0.23739522695541382,0.23739522695541382,0.23739521205425262,0.23739522695541382,0.0,22.38572120666504,43.77583694458008,1,1,0.0,0.0,0.0
hf_github_codereview,51cc2f0fee2f2ab1,0.9999998807907104,0.9758522808551788,0.04829519987106323,0.9758522808551788,0.9878523349761963,0.9999998807907104,0.0,43.17753601074219,43.47668647766113,1,2,1.0,1.0,1.0
hf_github_codereview,6227a5b0743ab632,0.7188758850097656,0.5902791619300842,0.2571934461593628,0.5902791619300842,0.6373490691184998,0.7188758850097656,0.0,36.280059814453125,30.15944194793701,1,2,0.5,0.5,0.0
hf_github_codereview,d1a06652c76ea003,0.765008807182312,0.6863308250904083,0.15735596418380737,0.6863308250904083,0.7484700679779053,0.765008807182312,0.0,33.18473434448242,34.7447452545166,1,2,1.0,0.5,0.0
hf_github_codereview,4fd792e3641f55b0,0.8183603882789612,0.8183603882789612,0.8183603882789612,0.8183603882789612,0.818360447883606,0.8183603882789612,0.0,30.349300384521484,30.18206024169922,1,1,1.0,1.0,1.0
hf_github_codereview,253c3267a645286d,1.0,1.0,1.0,1.0,1.0,1.0,0.0,42.74209213256836,42.74209213256836,1,1,1.0,1.0,1.0
hf_github_codereview,8167aed99f6b07e3,0.9999998807907104,0.9999998807907104,0.9999998807907104,0.9999998807907104,1.0,0.9999998807907104,0.0,42.42426681518555,42.42426681518555,1,1,1.0,1.0,1.0
hf_github_codereview,44a0540f47bf7703,0.7647809982299805,0.4954935386776924,0.5385749191045761,0.4954935386776924,0.6636861562728882,0.7647809982299805,0.0,45.659095764160156,32.52287673950195,1,2,0.5,0.5,0.0
hf_github_codereview,3c7a80dec2c9209e,0.8364630937576294,0.8364630937576294,0.8364630937576294,0.8364630937576294,0.8364631533622742,0.8364630937576294,0.0,46.625328063964844,47.42460250854492,1,1,1.0,1.0,1.0
hf_github_codereview,cdc17dbb969889cf,0.8031951785087585,0.8031951785087585,0.8031951785087585,0.8031951785087585,0.8031951785087585,0.8031951785087585,0.0,45.907981872558594,41.1980094909668,1,1,1.0,1.0,1.0
hf_github_codereview,ae61b991ddd40a6c,0.6082491874694824,0.3946191221475601,0.4272601306438446,0.3946191221475601,0.49213066697120667,0.6082491874694824,0.0,36.515010833740234,32.68061828613281,1,2,0.5,0.0,0.0
hf_github_codereview,06b8597782868b57,1.0,0.6689134538173676,0.6621730923652649,0.6689134538173676,0.8178713917732239,1.0,0.0,43.903236389160156,42.81103706359863,1,2,0.5,0.5,0.5
hf_github_codereview,862a8d2b7c0d28a3,0.8025022745132446,0.6595786809921265,0.28584718704223633,0.6595786809921265,0.7251818180084229,0.8025022745132446,0.0,30.23592758178711,36.496826171875,1,2,0.5,0.5,0.5
hf_github_codereview,1b36dff450b3444a,1.0,0.8750391602516174,0.24992167949676514,0.8750391602516174,0.9354352951049805,1.0,0.0,34.10368347167969,34.12423133850098,1,2,1.0,1.0,0.5
hf_github_codereview,a1702545d5644118,0.9368761777877808,0.9368761777877808,0.9368761777877808,0.9368761777877808,0.9368761777877808,0.9368761777877808,0.0,37.21935272216797,37.49052047729492,1,1,1.0,1.0,1.0
hf_github_codereview,f3e551c87d4d64b0,0.7710013389587402,0.6350782215595245,0.2718462347984314,0.6350782215595245,0.7201458215713501,0.7710013389587402,0.0,37.188011169433594,35.73661804199219,1,2,0.5,0.5,0.0
hf_github_codereview,ee6af9db0d553457,0.3936479687690735,0.3936479687690735,0.3936479687690735,0.3936479687690735,0.3936479985713959,0.3936479687690735,0.0,34.35547637939453,28.984622955322266,1,1,0.0,0.0,0.0
hf_github_codereview,fc64f0b93b0ed00f,0.5164579749107361,0.5164579749107361,0.5164579749107361,0.5164579749107361,0.5164579749107361,0.5164579749107361,0.0,45.070560455322266,32.49608612060547,1,1,0.0,0.0,0.0
hf_github_codereview,204f9ec08934fd8c,0.43673595786094666,0.43673595786094666,0.43673595786094666,0.43673595786094666,0.43673595786094666,0.43673595786094666,0.0,43.68899154663086,33.6868896484375,1,1,0.0,0.0,0.0
hf_github_codereview,9875d2c770b3c113,0.5974897146224976,0.5974897146224976,0.5974897146224976,0.5974897146224976,0.5974897146224976,0.5974897146224976,0.0,38.14381408691406,36.89848327636719,1,1,0.0,0.0,0.0
hf_github_codereview,ac576795e676ed6f,0.7236462831497192,0.6834228336811066,0.08044689893722534,0.6834228336811066,0.7346242666244507,0.7236462831497192,0.0,39.908103942871094,33.85101890563965,1,2,1.0,0.5,0.0
hf_github_codereview,109ee77b4001b462,1.0,0.6545677781105042,0.6908644437789917,0.6545677781105042,0.8090536594390869,1.0,0.0,30.362228393554688,35.49981498718262,1,2,0.5,0.5,0.5
hf_github_codereview,0110cb357a377fbc,0.6859216690063477,0.5091539422671,0.2553926706314087,0.5091539422671,0.6349585056304932,0.6859216690063477,0.0,45.489803314208984,34.452622731526695,1,3,0.3333333333333333,0.0,0.0
hf_github_codereview,54af596b6755d749,0.578518271446228,0.5209539830684662,0.11512857675552368,0.5209539830684662,0.5441886186599731,0.578518271446228,0.0,41.05599594116211,32.67410945892334,1,2,0.0,0.0,0.0
hf_github_codereview,f827ae2a9d865e10,0.4628073573112488,0.3984692096710205,0.12867629528045654,0.3984692096710205,0.4359476566314697,0.4628073573112488,0.0,30.08769416809082,35.978294372558594,1,2,0.0,0.0,0.0
hf_github_codereview,b3fa9e066a898cdc,0.9254031777381897,0.7085458636283875,0.4337146282196045,0.7085458636283875,0.8470360040664673,0.9254031777381897,0.0,36.924781799316406,40.22460174560547,1,2,0.5,0.5,0.5
hf_github_codereview,d63cda192c149ae8,0.9614617824554443,0.9614617824554443,0.9614617824554443,0.9614617824554443,0.96146160364151,0.9614617824554443,0.0,42.358272552490234,39.36005401611328,1,1,1.0,1.0,1.0
hf_github_codereview,b8c60a23fd00a010,0.6941068768501282,0.577080766359965,0.1659671664237976,0.577080766359965,0.6963198781013489,0.6941068768501282,0.0,41.93794631958008,35.984849294026695,1,3,0.3333333333333333,0.0,0.0
hf_github_codereview,8e90ef99dd3d5cc3,1.0,0.719387024641037,0.561225950717926,0.719387024641037,0.8481668829917908,1.0,0.0,30.666379928588867,35.146878242492676,1,2,0.5,0.5,0.5
hf_github_codereview,1e3b1b56d0d35837,1.0,1.0,1.0,1.0,1.0,1.0,0.0,45.000701904296875,45.000701904296875,1,1,1.0,1.0,1.0
hf_github_codereview,0d024a5b46a456d7,0.9999997615814209,0.9999997615814209,0.9999997615814209,0.9999997615814209,0.9999998807907104,0.9999997615814209,0.0,49.1958122253418,49.1958122253418,1,1,1.0,1.0,1.0
hf_github_codereview,50290f3a766748e1,0.4321148693561554,0.4321148693561554,0.4321148693561554,0.4321148693561554,0.43211492896080017,0.4321148693561554,0.0,47.402618408203125,37.17954635620117,1,1,0.0,0.0,0.0
hf_github_codereview,d3950f620d297ae1,0.8487659692764282,0.8487659692764282,0.8487659692764282,0.8487659692764282,0.8487660884857178,0.8487659692764282,0.0,44.616973876953125,39.13324737548828,1,1,1.0,1.0,1.0
hf_github_codereview,6d65483cb1b6171f,1.0,0.6573860347270966,0.6852279305458069,0.6573860347270966,0.8107935190200806,1.0,0.0,42.007266998291016,42.078256607055664,1,2,0.5,0.5,0.5
hf_github_codereview,0ee1efe1423baccd,0.9386550784111023,0.6299713055292765,0.286834716796875,0.6299713055292765,0.80473792552948,0.9386550784111023,0.0,34.43116760253906,37.03762181599935,1,3,0.6666666666666666,0.3333333333333333,0.3333333333333333
hf_github_codereview,a7508a4ea7f306f4,1.0,1.0,1.0,1.0,1.0,1.0,0.0,37.514244079589844,37.514244079589844,1,1,1.0,1.0,1.0
hf_github_codereview,9d27d638f9daaf4e,0.9999998807907104,0.9999998807907104,0.9999998807907104,0.9999998807907104,0.9999998807907104,0.9999998807907104,0.0,34.658111572265625,34.658111572265625,1,1,1.0,1.0,1.0
hf_github_codereview,4e8c76358cd5833f,1.0,1.0,1.0,1.0,1.0,1.0,0.0,30.822160720825195,30.822160720825195,1,1,1.0,1.0,1.0
hf_github_codereview,bbdf9109a717ba5f,0.5863281488418579,0.5863281488418579,0.5863281488418579,0.5863281488418579,0.5863282084465027,0.5863281488418579,0.0,41.34944152832031,32.2250862121582,1,1,0.0,0.0,0.0
hf_github_codereview,1e4c995ee9dab04d,0.581089437007904,0.581089437007904,0.581089437007904,0.581089437007904,0.5810894966125488,0.581089437007904,0.0,34.21539306640625,32.2250862121582,1,1,0.0,0.0,0.0
hf_github_codereview,e148f9184f064783,1.0,0.8386861085891724,0.23249411582946777,0.8386861085891724,0.8913206458091736,1.0,0.0,39.2584228515625,40.93063481648763,1,3,1.0,1.0,0.3333333333333333
hf_github_codereview,f5414541de4c1f3c,0.9899866580963135,0.9899866580963135,0.9899866580963135,0.9899866580963135,0.9899866580963135,0.9899866580963135,0.0,35.78131866455078,36.43368148803711,1,1,1.0,1.0,1.0
hf_github_codereview,ad26656038244880,0.781708836555481,0.6054666042327881,0.25868940353393555,0.5067858099937439,0.6882001161575317,0.781708836555481,0.0,44.23680877685547,36.142592906951904,1,4,0.25,0.25,0.0
hf_github_codereview,e1fb2baf54ac7697,0.2939140796661377,0.28076066573460895,0.014436662197113037,0.25274335220456123,0.3337418735027313,0.2939140796661377,0.0,44.426788330078125,38.345285415649414,1,4,0.0,0.0,0.0
hf_github_codereview,b6c956b85e57a2f8,1.0,0.7775979340076447,0.4448041319847107,0.7775979340076447,0.8818151950836182,1.0,0.0,33.51856231689453,35.74139213562012,1,2,0.5,0.5,0.5
hf_github_codereview,7e7e4d8ebeb23557,0.30402863025665283,0.26730581124623615,0.03730207681655884,0.24465038627386093,0.27161961793899536,0.30402863025665283,0.0,32.21672058105469,28.281282901763916,1,4,0.0,0.0,0.0
hf_github_codereview,ebebf8e29cb9490a,1.0,1.0,1.0,1.0,1.0,1.0,0.0,39.53073501586914,39.53073501586914,1,1,1.0,1.0,1.0
hf_github_codereview,64b93e587d4e03c3,0.6570734977722168,0.5303196310997009,0.25350773334503174,0.5303196310997009,0.5985292196273804,0.6570734977722168,0.0,40.14494705200195,35.80184745788574,1,2,0.5,0.0,0.0
hf_github_codereview,de5f3661977c4e99,1.0,0.544987291097641,0.910025417804718,0.544987291097641,0.7382325530052185,1.0,0.0,45.13558578491211,34.9327449798584,1,2,0.5,0.5,0.5
hf_github_codereview,e15d831b4fce9d4a,0.30620718002319336,0.30620718002319336,0.30620718002319336,0.30620718002319336,0.30620720982551575,0.30620718002319336,0.0,47.709781646728516,43.000484466552734,1,1,0.0,0.0,0.0
hf_github_codereview,f86b0514edf88f78,0.8599071502685547,0.7414485216140747,0.23691725730895996,0.7414485216140747,0.8441389799118042,0.8599071502685547,0.0,31.685571670532227,32.632445335388184,1,2,1.0,0.5,0.5
hf_github_codereview,b11751af5a4fd401,0.9971802234649658,0.6709493100643158,0.6524618268013,0.6709493100643158,0.8152439594268799,0.9971802234649658,0.0,48.4425163269043,38.836140632629395,1,2,0.5,0.5,0.5
hf_github_codereview,41e3a936df4c6bd2,0.7760478258132935,0.7098308801651001,0.13243389129638672,0.7098308801651001,0.7464354634284973,0.7760478258132935,0.0,34.591400146484375,31.714241981506348,1,2,1.0,0.5,0.0
hf_github_codereview,44d2e1f329b39102,0.6479112505912781,0.6479112505912781,0.6479112505912781,0.6479112505912781,0.6479112505912781,0.6479112505912781,0.0,42.68180847167969,36.51384735107422,1,1,1.0,0.0,0.0
hf_github_codereview,70c3b0473c6fe31d,0.5676891803741455,0.5676891803741455,0.5676891803741455,0.5676891803741455,0.5676891803741455,0.5676891803741455,0.0,42.56564712524414,33.97227096557617,1,1,0.0,0.0,0.0
hf_github_codereview,f28993e10f279868,0.6028428673744202,0.6028428673744202,0.6028428673744202,0.6028428673744202,0.6028429269790649,0.6028428673744202,0.0,35.24602508544922,33.33001708984375,1,1,1.0,0.0,0.0
hf_github_codereview,559fc3c616a75b05,0.5036182403564453,0.3791220188140869,0.2489924430847168,0.3791220188140869,0.4539472758769989,0.5036182403564453,0.0,48.4853401184082,38.59481430053711,1,2,0.0,0.0,0.0
hf_github_codereview,6964bf0d26546a37,0.9999998807907104,0.9999998807907104,0.9999998807907104,0.9999998807907104,1.0,0.9999998807907104,0.0,30.822824478149414,30.822824478149414,1,1,1.0,1.0,1.0
hf_github_codereview,3b6be3c750c025a9,1.0,1.0,1.0,1.0,1.0,1.0,0.0,46.291893005371094,46.291893005371094,1,1,1.0,1.0,1.0
hf_github_codereview,a25d9f8f6fb195b7,1.0,1.0,1.0,1.0,1.0,1.0,0.0,41.18153762817383,41.18153762817383,1,1,1.0,1.0,1.0
hf_github_codereview,7baf60d6f2a29c28,0.9999998807907104,0.6400643438100815,0.7198710739612579,0.6400643438100815,0.8000401854515076,0.9999998807907104,0.0,44.71519470214844,43.24031448364258,1,2,0.5,0.5,0.5
hf_github_codereview,33cd8b6030a14f4d,0.9999998211860657,0.6431807577610016,0.7136381268501282,0.6431807577610016,0.801985502243042,0.9999998211860657,0.0,39.904296875,41.75764083862305,1,2,0.5,0.5,0.5
hf_github_codereview,d7fd6c2f1d01fdac,1.0,0.6431808471679688,0.7136383056640625,0.6431808471679688,0.8019856810569763,1.0,0.0,43.610984802246094,41.75764083862305,1,2,0.5,0.5,0.5
hf_github_codereview,dc81b93411acb3c1,0.9999998807907104,0.7582834362983704,0.4834328889846802,0.7582834362983704,0.8707946538925171,0.9999998807907104,0.0,36.663021087646484,34.74021530151367,1,2,0.5,0.5,0.5
hf_github_codereview,8321888b52643202,0.5739436745643616,0.5739436745643616,0.5739436745643616,0.5739436745643616,0.5739436745643616,0.5739436745643616,0.0,42.11216354370117,34.187686920166016,1,1,0.0,0.0,0.0
hf_github_codereview,699dee3d33d13add,0.9999999403953552,0.9999999403953552,0.9999999403953552,0.9999999403953552,1.0,0.9999999403953552,0.0,42.058685302734375,42.058685302734375,1,1,1.0,1.0,1.0
hf_github_codereview,f9bf0a8922e563cc,1.0,1.0,1.0,1.0,1.0,1.0,0.0,43.795448303222656,43.795448303222656,1,1,1.0,1.0,1.0
hf_github_codereview,43f6844429f00bc8,0.32044869661331177,0.26348909735679626,0.113919198513031,0.26348909735679626,0.2844981551170349,0.32044869661331177,0.0,42.43217086791992,28.099356651306152,1,2,0.0,0.0,0.0
hf_github_codereview,36c7b4c6277c4b77,1.0,1.0,1.0,1.0,1.0,1.0,0.0,31.812129974365234,31.812129974365234,1,1,1.0,1.0,1.0
hf_github_codereview,f7801e0728e72167,1.0,1.0,1.0,1.0,1.0,1.0,0.0,35.25276184082031,35.25276184082031,1,1,1.0,1.0,1.0
hf_github_codereview,5a4e5bf5b2cf275a,0.9999998807907104,0.9999998807907104,0.9999998807907104,0.9999998807907104,1.0,0.9999998807907104,0.0,34.22828674316406,34.22828674316406,1,1,1.0,1.0,1.0
hf_github_codereview,2f5cd430e974094f,0.446614533662796,0.3847431391477585,0.12374278903007507,0.3847431391477585,0.4815822243690491,0.446614533662796,0.0,33.0118522644043,36.36676788330078,1,2,0.0,0.0,0.0
hf_github_codereview,1d9b28d602202512,1.0,1.0,1.0,1.0,1.0,1.0,0.0,37.86674880981445,37.86674880981445,1,1,1.0,1.0,1.0
hf_github_codereview,6e7f8c99f0e61d57,1.0,1.0,1.0,1.0,1.0,1.0,0.0,33.78437042236328,33.78437042236328,1,1,1.0,1.0,1.0
hf_github_codereview,4460b64c81b70a2c,0.7557082772254944,0.7557082772254944,0.7557082772254944,0.7557082772254944,0.7557082772254944,0.7557082772254944,0.0,37.04838180541992,29.035005569458008,1,1,1.0,1.0,0.0
hf_github_codereview,651855e73c625cb1,1.0,1.0,1.0,1.0,1.0,1.0,0.0,45.96828842163086,45.96828842163086,1,1,1.0,1.0,1.0
hf_github_codereview,a1374d2c7f78a390,1.0,1.0,1.0,1.0,1.0,1.0,0.0,40.961029052734375,40.961029052734375,1,1,1.0,1.0,1.0
hf_github_codereview,e07b42d8e345f215,1.0,1.0,1.0,1.0,1.0,1.0,0.0,45.37739944458008,45.37739944458008,1,1,1.0,1.0,1.0
hf_github_codereview,902a9055fddd70a8,1.0,0.7021578997373581,0.5956842005252838,0.7021578997373581,0.8379486203193665,1.0,0.0,41.637351989746094,40.82401657104492,1,2,0.5,0.5,0.5
hf_github_codereview,07f83bbb4accd460,1.0,1.0,1.0,1.0,1.0,1.0,0.0,37.242069244384766,37.242069244384766,1,1,1.0,1.0,1.0
hf_github_codereview,9eb12f6e52419630,1.0,1.0,1.0,1.0,1.0,1.0,0.0,43.67210388183594,43.67210388183594,1,1,1.0,1.0,1.0
hf_github_codereview,067ee6d49cf6d578,0.7545657157897949,0.5357097387313843,0.4377119541168213,0.5357097387313843,0.6198038458824158,0.7545657157897949,0.0,38.7706298828125,40.425724029541016,1,2,0.5,0.5,0.0
hf_github_codereview,64357ec84e6cae30,1.0,1.0,1.0,1.0,1.0,1.0,0.0,40.198429107666016,40.198429107666016,1,1,1.0,1.0,1.0
hf_github_codereview,82399b385e79d3e7,1.0,1.0,1.0,1.0,1.0,1.0,0.0,47.55972671508789,47.55972671508789,1,1,1.0,1.0,1.0
hf_github_codereview,bc96634fe5ea1503,0.6173037886619568,0.6173037886619568,0.6173037886619568,0.6173037886619568,0.6173037886619568,0.6173037886619568,0.0,38.268280029296875,43.73516082763672,1,1,1.0,0.0,0.0
hf_github_codereview,69c043da4e689bf0,0.6819823384284973,0.6819823384284973,0.6819823384284973,0.6819823384284973,0.6819823384284973,0.6819823384284973,0.0,31.532258987426758,41.07640075683594,1,1,1.0,0.0,0.0
hf_github_codereview,fabff04978af02fe,0.9999999403953552,0.9999999403953552,0.9999999403953552,0.9999999403953552,1.0,0.9999999403953552,0.0,44.98240661621094,44.98240661621094,1,1,1.0,1.0,1.0
hf_github_codereview,9ee8fdf02c19d786,0.2862247824668884,0.2862247824668884,0.2862247824668884,0.2862247824668884,0.2862248420715332,0.2862247824668884,0.0,45.54838562011719,31.833972930908203,1,1,0.0,0.0,0.0
hf_github_codereview,ea3b61aeac13d8c4,1.0,1.0,1.0,1.0,1.0,1.0,0.0,33.77556610107422,33.77556610107422,1,1,1.0,1.0,1.0
hf_github_codereview,60fb0b3570780212,0.7241138219833374,0.7241138219833374,0.7241138219833374,0.7241138219833374,0.7241138219833374,0.7241138219833374,0.0,44.35939407348633,32.47757339477539,1,1,1.0,1.0,0.0
hf_github_codereview,aff478a7b42538c1,1.0,1.0,1.0,1.0,1.0,1.0,0.0,41.4560546875,41.4560546875,1,1,1.0,1.0,1.0
hf_github_codereview,02be8de52d7fc64a,1.0,0.5983010083436966,0.8033979833126068,0.5983010083436966,0.7734991312026978,1.0,0.0,41.62136459350586,40.22926712036133,1,2,0.5,0.5,0.5
hf_github_codereview,77904f1f10d1ca56,0.9103294610977173,0.9103294610977173,0.9103294610977173,0.9103294610977173,0.9103295803070068,0.9103294610977173,0.0,46.20285415649414,47.31855392456055,1,1,1.0,1.0,1.0
hf_github_codereview,35ab322afedab4a7,0.633751630783081,0.40698571503162384,0.45353183150291443,0.40698571503162384,0.5460048913955688,0.633751630783081,0.0,34.87458419799805,36.988932609558105,1,2,0.5,0.0,0.0
hf_github_codereview,cf4b58437e5d80e4,0.9999998807907104,0.5762624889612198,0.8474747836589813,0.5762624889612198,0.75911945104599,0.9999998807907104,0.0,45.51530075073242,40.15865707397461,1,2,0.5,0.5,0.5
hf_github_codereview,a79650d06d11aa25,1.0,0.9394009709358215,0.12119805812835693,0.9394009709358215,0.969227135181427,1.0,0.0,43.221458435058594,43.19471740722656,1,2,1.0,1.0,1.0
hf_github_codereview,e78ed3346d62dbab,1.0,0.9394009709358215,0.12119805812835693,0.9394009709358215,0.9692270755767822,1.0,0.0,43.16797637939453,43.19471740722656,1,2,1.0,1.0,1.0
hf_github_codereview,ec68eaf45cb8b6f7,0.49433422088623047,0.49433422088623047,0.49433422088623047,0.49433422088623047,0.49433422088623047,0.49433422088623047,0.0,46.84340286254883,32.244407653808594,1,1,0.0,0.0,0.0
hf_github_codereview,0c49a00b78652cab,1.0,0.5673796758055687,0.8652406483888626,0.5673796758055687,0.7532461881637573,1.0,0.0,39.63502502441406,42.846059799194336,1,2,0.5,0.5,0.5
hf_github_codereview,64a54756173bfcb8,1.0,1.0,1.0,1.0,1.0,1.0,0.0,35.98331069946289,35.98331069946289,1,1,1.0,1.0,1.0
hf_github_codereview,fd42c84164126b7e,1.0,1.0,1.0,1.0,1.0,1.0,0.0,40.79697799682617,40.79697799682617,1,1,1.0,1.0,1.0
hf_github_codereview,78f862e9d9d065b8,1.0,1.0,1.0,1.0,1.0,1.0,0.0,41.39530563354492,41.39530563354492,1,1,1.0,1.0,1.0
hf_github_codereview,09a6993bcbcd6119,0.889822244644165,0.7976474165916443,0.1843496561050415,0.7976474165916443,0.8800106048583984,0.889822244644165,0.0,31.29414939880371,30.047606468200684,1,2,1.0,1.0,0.5
hf_github_codereview,a98bf1398b9267eb,1.0,1.0,1.0,1.0,1.0,1.0,0.0,42.96205520629883,42.96205520629883,1,1,1.0,1.0,1.0
hf_github_codereview,3f04dcee78996dc5,0.8428266048431396,0.5397754609584808,0.6061022877693176,0.5397754609584808,0.6822565793991089,0.8428266048431396,0.0,40.175228118896484,42.21431541442871,1,2,0.5,0.5,0.5
hf_github_codereview,91142a6b91331456,0.9999998807907104,0.6256860196590424,0.7486277222633362,0.6256860196590424,0.7910032272338867,0.9999998807907104,0.0,39.655662536621094,36.663818359375,1,2,0.5,0.5,0.5
hf_github_codereview,6c46fe2ee287b479,0.45503148436546326,0.4216172695159912,0.06682842969894409,0.4216172695159912,0.4735010266304016,0.45503148436546326,0.0,40.02268981933594,32.15173625946045,1,2,0.0,0.0,0.0
hf_github_codereview,f0c1edc80ebfe010,0.9492762088775635,0.9492762088775635,0.9492762088775635,0.9492762088775635,0.9492760896682739,0.9492762088775635,0.0,39.02106857299805,40.12672805786133,1,1,1.0,1.0,1.0
hf_github_codereview,a5cc3c54216fadd2,0.7066330909729004,0.7066330909729004,0.7066330909729004,0.7066330909729004,0.7066330909729004,0.7066330909729004,0.0,46.39252853393555,34.458518981933594,1,1,1.0,1.0,0.0
hf_github_codereview,ff9753610d6cb240,0.829451322555542,0.829451322555542,0.829451322555542,0.829451322555542,0.829451322555542,0.829451322555542,0.0,42.254661560058594,34.458518981933594,1,1,1.0,1.0,1.0
hf_github_codereview,301f16781c55b892,0.6857039928436279,0.6857039928436279,0.6857039928436279,0.6857039928436279,0.6857039928436279,0.6857039928436279,0.0,45.56804275512695,34.458518981933594,1,1,1.0,0.0,0.0
hf_github_codereview,bbf297ec4eae1974,1.0,1.0,1.0,1.0,1.0,1.0,0.0,40.74093246459961,40.74093246459961,1,1,1.0,1.0,1.0
hf_github_codereview,89546e253b383cda,0.6175055503845215,0.579940398534139,0.006271719932556152,0.579940398534139,0.7629426121711731,0.6175055503845215,0.0,39.33964920043945,39.38860575358073,1,3,0.6666666666666666,0.0,0.0
hf_github_codereview,17021de8cfa2d95c,0.43787723779678345,0.42824477950731915,0.010330379009246826,0.42824477950731915,0.5182106494903564,0.43787723779678345,0.0,37.36474609375,34.67580795288086,1,3,0.0,0.0,0.0
hf_github_codereview,4b584016fc237c10,0.548332691192627,0.548332691192627,0.548332691192627,0.548332691192627,0.548332691192627,0.548332691192627,0.0,43.03071594238281,35.400421142578125,1,1,0.0,0.0,0.0
hf_github_codereview,de8e29b6dbadc895,0.8138980269432068,0.8138980269432068,0.8138980269432068,0.8138980269432068,0.8138980865478516,0.8138980269432068,0.0,33.8652229309082,32.48383712768555,1,1,1.0,1.0,1.0
hf_github_codereview,6c5a8771fe776f6d,0.4845699667930603,0.4845699667930603,0.4845699667930603,0.4845699667930603,0.4845699667930603,0.4845699667930603,0.0,39.634456634521484,36.58066940307617,1,1,0.0,0.0,0.0
hf_github_codereview,65f93a0be948055b,0.9931997656822205,0.9931997656822205,0.9931997656822205,0.9931997656822205,0.99319988489151,0.9931997656822205,0.0,38.82960891723633,38.815826416015625,1,1,1.0,1.0,1.0
hf_github_codereview,cd5c34a7ab803a11,0.6900417804718018,0.6900417804718018,0.6900417804718018,0.6900417804718018,0.6900417804718018,0.6900417804718018,0.0,44.229347229003906,41.90849685668945,1,1,1.0,0.0,0.0
hf_github_codereview,ea07366ba1cee4d5,0.2892330288887024,0.2756328880786896,0.027200281620025635,0.2756328880786896,0.35312917828559875,0.2892330288887024,0.0,40.05366897583008,43.00641441345215,1,2,0.0,0.0,0.0
hf_github_codereview,262dcef57a2faf52,0.7792174220085144,0.7792174220085144,0.7792174220085144,0.7792174220085144,0.7792172431945801,0.7792174220085144,0.0,36.10225296020508,35.08972930908203,1,1,1.0,1.0,0.0
hf_github_codereview,d8f8c21d3636d6dd,1.0,0.6976398825645447,0.6047202348709106,0.6976398825645447,0.8352484703063965,1.0,0.0,43.827964782714844,40.54597854614258,1,2,0.5,0.5,0.5
hf_github_codereview,a1231b11490a324d,0.9999998807907104,0.9999998807907104,0.9999998807907104,0.9999998807907104,1.0,0.9999998807907104,0.0,35.80953598022461,35.80953598022461,1,1,1.0,1.0,1.0
hf_github_codereview,9294ff20a8b69d40,0.6089978814125061,0.43371208012104034,0.3505716025829315,0.43371208012104034,0.5271371006965637,0.6089978814125061,0.0,37.20269012451172,38.558998107910156,1,2,0.5,0.0,0.0
hf_github_codereview,4c9546302bf1777f,0.7026616334915161,0.6510263681411743,0.1032705307006836,0.6510263681411743,0.7614765763282776,0.7026616334915161,0.0,41.44953536987305,37.349483489990234,1,2,0.5,0.5,0.0
hf_github_codereview,7e0dbd814e822851,1.0,1.0,1.0,1.0,1.0,1.0,0.0,35.860816955566406,35.860816955566406,1,1,1.0,1.0,1.0
hf_github_codereview,6dc0bb95928d573f,0.9045072197914124,0.9045072197914124,0.9045072197914124,0.9045072197914124,0.9045072793960571,0.9045072197914124,0.0,38.850181579589844,38.707733154296875,1,1,1.0,1.0,1.0
hf_github_codereview,bb5729e38b2e3737,0.08986254781484604,0.08986254781484604,0.08986254781484604,0.08986254781484604,0.08986254781484604,0.08986254781484604,0.0,31.18443489074707,31.933244705200195,1,1,0.0,0.0,0.0
hf_github_codereview,c8ee5fd7b9c4b6cd,1.0,0.47347621619701385,0.7658665925264359,0.47347621619701385,0.6471350193023682,1.0,0.0,40.242679595947266,40.01152038574219,1,3,0.3333333333333333,0.3333333333333333,0.3333333333333333
hf_github_codereview,b604927724aa41cf,0.8285008668899536,0.6556388437747955,0.34572404623031616,0.6556388437747955,0.7635613679885864,0.8285008668899536,0.0,39.2830810546875,38.172468185424805,1,2,0.5,0.5,0.5
hf_github_codereview,de1ffa52eb0fbf32,0.12749841809272766,0.12749841809272766,0.12749841809272766,0.12749841809272766,0.12749843299388885,0.12749841809272766,0.0,36.695152282714844,40.883846282958984,1,1,0.0,0.0,0.0
hf_github_codereview,84cd8aa15311bcd9,0.6312702894210815,0.6312702894210815,0.6312702894210815,0.6312702894210815,0.6312702894210815,0.6312702894210815,0.0,34.84259033203125,40.11050796508789,1,1,1.0,0.0,0.0
hf_github_codereview,80774ca46dc93772,0.5288152098655701,0.3406098932027817,0.3764106333255768,0.3406098932027817,0.43345898389816284,0.5288152098655701,0.0,42.720191955566406,35.851436614990234,1,2,0.0,0.0,0.0
hf_github_codereview,84037264c9bd26f6,1.0,0.6791292726993561,0.6417414546012878,0.6791292726993561,0.8240929841995239,1.0,0.0,43.975101470947266,43.39601516723633,1,2,0.5,0.5,0.5
hf_github_codereview,779366faa72864fd,0.9999998807907104,0.5975726991891861,0.8048543632030487,0.5975726991891861,0.7730282545089722,0.9999998807907104,0.0,43.80851745605469,34.26921081542969,1,2,0.5,0.5,0.5
hf_github_codereview,a59e5e88dd892b09,0.805321455001831,0.805321455001831,0.805321455001831,0.805321455001831,0.805321455001831,0.805321455001831,0.0,39.80174255371094,37.015384674072266,1,1,1.0,1.0,1.0
hf_github_codereview,7c78fbd484378d56,0.7912200689315796,0.6356334090232849,0.31117331981658936,0.6356334090232849,0.7810275554656982,0.7912200689315796,0.0,36.10182571411133,31.166712760925293,1,2,0.5,0.5,0.0
hf_github_codereview,13b676122f2b3086,0.7779030203819275,0.7779030203819275,0.7779030203819275,0.7779030203819275,0.7779030203819275,0.7779030203819275,0.0,21.892351150512695,25.217544555664062,1,1,1.0,1.0,0.0
hf_github_codereview,191884de2722277b,0.13371989130973816,0.13371989130973816,0.13371989130973816,0.13371989130973816,0.13371986150741577,0.13371989130973816,0.0,31.14021873474121,38.47498321533203,1,1,0.0,0.0,0.0
hf_github_codereview,effbed3fc524fdb6,1.0,1.0,1.0,1.0,1.0,1.0,0.0,35.396942138671875,35.396942138671875,1,1,1.0,1.0,1.0
hf_github_codereview,063169b106628f45,1.0,1.0,1.0,1.0,1.0,1.0,0.0,43.058349609375,43.058349609375,1,1,1.0,1.0,1.0
hf_github_codereview,6bdc362f543d8c52,0.6733323335647583,0.6733323335647583,0.6733323335647583,0.6733323335647583,0.6733323335647583,0.6733323335647583,0.0,37.011940002441406,37.59979248046875,1,1,1.0,0.0,0.0
hf_github_codereview,39181e95b63ed2fc,0.545378565788269,0.5275426506996155,0.03567183017730713,0.5275426506996155,0.5878171324729919,0.545378565788269,0.0,40.23171615600586,33.93537521362305,1,2,0.0,0.0,0.0
hf_github_codereview,65a666a68d6a1ebd,0.9761326313018799,0.9761326313018799,0.9761326313018799,0.9761326313018799,0.9761326313018799,0.9761326313018799,0.0,41.22229766845703,41.09267044067383,1,1,1.0,1.0,1.0
hf_github_codereview,79917549fec3d905,0.9999998807907104,0.9999998807907104,0.9999998807907104,0.9999998807907104,0.9999999403953552,0.9999998807907104,0.0,29.568309783935547,29.568309783935547,1,1,1.0,1.0,1.0
hf_github_codereview,3cd5828ad878ec51,0.5703867673873901,0.5703867673873901,0.5703867673873901,0.5703867673873901,0.5703867673873901,0.5703867673873901,0.0,35.90074920654297,37.108245849609375,1,1,0.0,0.0,0.0
hf_github_codereview,ee7504ab99730602,0.6486537456512451,0.38692032794157666,0.3596234917640686,0.38692032794157666,0.4782203435897827,0.6486537456512451,0.0,33.239559173583984,40.083839416503906,1,3,0.3333333333333333,0.0,0.0
hf_github_codereview,bb4eb80986d7bdd4,0.33171260356903076,0.2389797493815422,0.1854657083749771,0.2389797493815422,0.2921834886074066,0.33171260356903076,0.0,37.56890106201172,38.06903648376465,1,2,0.0,0.0,0.0
hf_github_codereview,1af5ce7e3e2618c5,0.9999998211860657,0.9999998211860657,0.9999998211860657,0.9999998211860657,1.0,0.9999998211860657,0.0,39.700721740722656,39.700721740722656,1,1,1.0,1.0,1.0
hf_github_codereview,12169bb446846dc0,0.47392773628234863,0.3756379683812459,0.1404062807559967,0.3756379683812459,0.45535820722579956,0.47392773628234863,0.0,27.954151153564453,37.75218518575033,1,3,0.0,0.0,0.0
hf_github_codereview,0c7dfdbdb95dc9a0,0.5790098905563354,0.5790098905563354,0.5790098905563354,0.5790098905563354,0.5790098905563354,0.5790098905563354,0.0,41.394290924072266,38.315635681152344,1,1,0.0,0.0,0.0
hf_github_codereview,9a0abc00b01767df,0.5517328977584839,0.5517328977584839,0.5517328977584839,0.5517328977584839,0.5517328977584839,0.5517328977584839,0.0,42.028743743896484,38.315635681152344,1,1,0.0,0.0,0.0
hf_github_codereview,1a66f505207cb24d,0.7051022052764893,0.7051022052764893,0.7051022052764893,0.7051022052764893,0.7051022052764893,0.7051022052764893,0.0,37.796119689941406,33.02993392944336,1,1,1.0,1.0,0.0
hf_github_codereview,14237c6999cac035,0.9999998807907104,0.9999998807907104,0.9999998807907104,0.9999998807907104,1.0,0.9999998807907104,0.0,36.873226165771484,36.873226165771484,1,1,1.0,1.0,1.0
hf_github_codereview,441b852f4683f6fa,0.29384690523147583,0.29384690523147583,0.29384690523147583,0.29384690523147583,0.29384690523147583,0.29384690523147583,0.0,42.84010696411133,30.57526969909668,1,1,0.0,0.0,0.0
hf_github_codereview,a2eb51e42eac7ce0,0.33715760707855225,0.2432052344083786,0.1879047453403473,0.2432052344083786,0.30765363574028015,0.33715760707855225,0.0,41.57987976074219,38.35128402709961,1,2,0.0,0.0,0.0
hf_github_codereview,3aeaedce6de8d95e,0.36705541610717773,0.36705541610717773,0.36705541610717773,0.36705541610717773,0.36705541610717773,0.36705541610717773,0.0,40.68794631958008,34.23958206176758,1,1,0.0,0.0,0.0
hf_github_codereview,5da37c5617872b58,0.9999998211860657,0.9999998211860657,0.9999998211860657,0.9999998211860657,1.0,0.9999998211860657,0.0,40.757930755615234,40.757930755615234,1,1,1.0,1.0,1.0
hf_github_codereview,0fe426f033ffd157,0.4093635678291321,0.38629841804504395,0.04613029956817627,0.38629841804504395,0.4989745616912842,0.4093635678291321,0.0,38.593074798583984,33.16194438934326,1,2,0.0,0.0,0.0
hf_github_codereview,bc6dd90790763eff,0.574969470500946,0.574969470500946,0.574969470500946,0.574969470500946,0.5749695897102356,0.574969470500946,0.0,38.73915100097656,39.82742691040039,1,1,0.0,0.0,0.0
hf_github_codereview,c2f0952c881a30ad,0.15983927249908447,0.15983927249908447,0.15983927249908447,0.15983927249908447,0.15983930230140686,0.15983927249908447,0.0,31.05756950378418,38.286834716796875,1,1,0.0,0.0,0.0
hf_github_codereview,aa08742bd1dd9903,0.29856255650520325,0.29856255650520325,0.29856255650520325,0.29856255650520325,0.29856255650520325,0.29856255650520325,0.0,39.862022399902344,33.89314651489258,1,1,0.0,0.0,0.0
hf_github_codereview,d077058d4a3a593c,0.1254483163356781,0.1254483163356781,0.1254483163356781,0.1254483163356781,0.1254483312368393,0.1254483163356781,0.0,45.22315216064453,45.658935546875,1,1,0.0,0.0,0.0
hf_github_codereview,707757cced87f80f,0.3109318017959595,0.3109318017959595,0.3109318017959595,0.3109318017959595,0.3109318017959595,0.3109318017959595,0.0,32.918312072753906,41.706626892089844,1,1,0.0,0.0,0.0
hf_github_codereview,c679882c23e46d21,0.18908755481243134,0.18908755481243134,0.18908755481243134,0.18908755481243134,0.18908756971359253,0.18908755481243134,0.0,34.4162483215332,31.879322052001953,1,1,0.0,0.0,0.0
hf_github_codereview,2f5b6952d3d391e6,0.8751956224441528,0.8751956224441528,0.8751956224441528,0.8751956224441528,0.8751956224441528,0.8751956224441528,0.0,31.05476188659668,34.337894439697266,1,1,1.0,1.0,1.0
hf_github_codereview,026ea3393f67c18c,1.0,1.0,1.0,1.0,1.0,1.0,0.0,41.18387222290039,41.18387222290039,1,1,1.0,1.0,1.0
hf_github_codereview,0ded5817bcc95459,0.4475937485694885,0.36751481890678406,0.16015785932540894,0.36751481890678406,0.4667227268218994,0.4475937485694885,0.0,36.28899002075195,32.18693447113037,1,2,0.0,0.0,0.0
hf_github_codereview,86503a57850fa63b,0.6524139642715454,0.6524139642715454,0.6524139642715454,0.6524139642715454,0.6524139642715454,0.6524139642715454,0.0,35.61540603637695,40.08928298950195,1,1,1.0,0.0,0.0
hf_github_codereview,d1748edb0300f1ae,0.471818745136261,0.471818745136261,0.471818745136261,0.471818745136261,0.471818745136261,0.471818745136261,0.0,40.611141204833984,40.08928298950195,1,1,0.0,0.0,0.0
hf_github_codereview,adbc3eca13bd3299,0.6708630919456482,0.6708630919456482,0.6708630919456482,0.6708630919456482,0.6708630919456482,0.6708630919456482,0.0,32.94789505004883,34.438575744628906,1,1,1.0,0.0,0.0
hf_github_codereview,ce7e1681fecdc4f8,1.0,1.0,1.0,1.0,1.0,1.0,0.0,45.763404846191406,45.763404846191406,1,1,1.0,1.0,1.0
hf_github_codereview,62bdf6e976966903,1.0,1.0,1.0,1.0,1.0,1.0,0.0,45.9721794128418,45.9721794128418,1,1,1.0,1.0,1.0
hf_github_codereview,5af9395c2381786a,0.6267821788787842,0.4660463184118271,0.3214717209339142,0.4660463184118271,0.5496874451637268,0.6267821788787842,0.0,36.63084030151367,33.73055362701416,1,2,0.5,0.0,0.0
hf_github_codereview,ce4a5158c2d76ef2,0.5962455868721008,0.5962455868721008,0.5962455868721008,0.5962455868721008,0.5962454676628113,0.5962455868721008,0.0,38.62297821044922,29.96434783935547,1,1,0.0,0.0,0.0
hf_github_codereview,a43ec4db4161989e,0.18978263437747955,0.1668214201927185,0.045922428369522095,0.1668214201927185,0.20494695007801056,0.18978263437747955,0.0,44.85224914550781,38.26283836364746,1,2,0.0,0.0,0.0
hf_github_codereview,7007d7df5d0fa3ee,0.33949145674705505,0.24166378378868103,0.19565534591674805,0.24166378378868103,0.2836494445800781,0.33949145674705505,0.0,44.85224914550781,34.16709041595459,1,2,0.0,0.0,0.0
hf_github_codereview,ba231fd42f9198de,0.40784454345703125,0.3196459859609604,0.17639711499214172,0.3196459859609604,0.3546673357486725,0.40784454345703125,0.0,44.85224914550781,38.71753406524658,1,2,0.0,0.0,0.0
hf_github_codereview,b7fbc4f4ef22a438,0.27319490909576416,0.22591334581375122,0.09456312656402588,0.22591334581375122,0.2547954320907593,0.27319490909576416,0.0,44.85224914550781,36.89048767089844,1,2,0.0,0.0,0.0
hf_github_codereview,97c0d951449ac6a3,0.638381838798523,0.5444203317165375,0.18792301416397095,0.5444203317165375,0.6081918478012085,0.638381838798523,0.0,41.791446685791016,35.046085357666016,1,2,0.5,0.0,0.0
hf_github_codereview,d3030505c115deda,0.6588570475578308,0.5190926194190979,0.2795288562774658,0.5190926194190979,0.5798972845077515,0.6588570475578308,0.0,45.543983459472656,35.046085357666016,1,2,0.5,0.0,0.0
hf_github_codereview,b3ae132bf589077b,0.5302209258079529,0.5302209258079529,0.5302209258079529,0.5302209258079529,0.5302209854125977,0.5302209258079529,0.0,45.43392562866211,32.96891403198242,1,1,0.0,0.0,0.0
hf_github_codereview,3db278bcf94bbcc0,0.5411795377731323,0.5194110572338104,0.0435369610786438,0.5194110572338104,0.6197099685668945,0.5411795377731323,0.0,40.26023864746094,39.168203353881836,1,2,0.0,0.0,0.0
hf_github_codereview,17394834bf981e79,0.8131740093231201,0.6706081032752991,0.2851318120956421,0.6706081032752991,0.7341196537017822,0.8131740093231201,0.0,43.06077194213867,35.444007873535156,1,2,0.5,0.5,0.5
hf_github_codereview,0bf6d7e911f779f1,0.2233952134847641,0.2233952134847641,0.2233952134847641,0.2233952134847641,0.2233952134847641,0.2233952134847641,0.0,43.31174087524414,30.629138946533203,1,1,0.0,0.0,0.0
hf_github_codereview,536a50cd03f58ec4,0.519085168838501,0.519085168838501,0.519085168838501,0.519085168838501,0.519085168838501,0.519085168838501,0.0,35.91133117675781,30.629138946533203,1,1,0.0,0.0,0.0
hf_github_codereview,7d26d09a53c3fdac,0.9952948689460754,0.9952948689460754,0.9952948689460754,0.9952948689460754,0.9952948689460754,0.9952948689460754,0.0,45.58852767944336,46.936092376708984,1,1,1.0,1.0,1.0
hf_github_codereview,2ef257c19964d5dc,0.9999998807907104,0.9999998807907104,0.9999998807907104,0.9999998807907104,0.9999998807907104,0.9999998807907104,0.0,48.793121337890625,48.793121337890625,1,1,1.0,1.0,1.0
hf_github_codereview,30c27fc2f8cdae78,0.7290103435516357,0.7290103435516357,0.7290103435516357,0.7290103435516357,0.7290103435516357,0.7290103435516357,0.0,29.78634262084961,34.684844970703125,1,1,1.0,1.0,0.0
hf_github_codereview,765701fbffa3ad72,0.9089013338088989,0.7104575236638387,0.28584861755371094,0.7104575236638387,0.792939305305481,0.9089013338088989,0.0,42.762840270996094,43.99609883626302,1,3,0.6666666666666666,0.3333333333333333,0.3333333333333333
hf_github_codereview,70472df111bd0537,1.0,0.5794006511569023,0.8411986976861954,0.5794006511569023,0.7611836791038513,1.0,0.0,34.72874069213867,35.343666076660156,1,2,0.5,0.5,0.5
hf_github_codereview,72cd769218160212,0.854909360408783,0.7382310926914215,0.2333565354347229,0.7382310926914215,0.8134319186210632,0.854909360408783,0.0,37.91900634765625,44.90793800354004,1,2,1.0,0.5,0.5
hf_github_codereview,1fa70855903210c0,1.0,0.5559460620085398,0.5850751399993896,0.5559460620085398,0.7426797747612,1.0,0.0,44.12700271606445,42.646401723225914,1,3,0.3333333333333333,0.3333333333333333,0.3333333333333333
hf_github_codereview,acd869560ac3af04,0.7354021072387695,0.529637336730957,0.14274007081985474,0.529637336730957,0.6424508094787598,0.7354021072387695,0.0,41.582061767578125,43.31762440999349,1,3,0.3333333333333333,0.3333333333333333,0.0
hf_github_codereview,77dc25cc8e734c78,0.9057135581970215,0.6385707954565684,0.26317548751831055,0.5557970926165581,0.7394602298736572,0.9057135581970215,0.0,46.15890121459961,42.61615753173828,1,4,0.5,0.25,0.25
hf_github_codereview,9f869e84bd618cec,0.9955688714981079,0.9955688714981079,0.9955688714981079,0.9955688714981079,0.9955688714981079,0.9955688714981079,0.0,33.815677642822266,34.252811431884766,1,1,1.0,1.0,1.0
hf_github_codereview,3684913a17c0e9fc,1.0,1.0,1.0,1.0,1.0,1.0,0.0,38.75151443481445,38.75151443481445,1,1,1.0,1.0,1.0
hf_github_codereview,8938d54d48b19003,0.6184160113334656,0.6184160113334656,0.6184160113334656,0.6184160113334656,0.6184160113334656,0.6184160113334656,0.0,38.046852111816406,39.67544937133789,1,1,1.0,0.0,0.0
hf_github_codereview,2e1436327e95a3dd,0.9183028340339661,0.9183028340339661,0.9183028340339661,0.9183028340339661,0.9183028340339661,0.9183028340339661,0.0,43.45679473876953,39.67544937133789,1,1,1.0,1.0,1.0
hf_github_codereview,0a63032667c105ab,0.6895033121109009,0.6895033121109009,0.6895033121109009,0.6895033121109009,0.6895033121109009,0.6895033121109009,0.0,43.955726623535156,43.415496826171875,1,1,1.0,0.0,0.0
hf_github_codereview,0be098bfa45c2a1b,0.7422513961791992,0.5393754988908768,0.4057517945766449,0.5393754988908768,0.6383296251296997,0.7422513961791992,0.0,45.44512176513672,38.20475673675537,1,2,0.5,0.5,0.0
hf_github_codereview,470caf5924141a13,1.0,0.6944189667701721,0.6111620664596558,0.6944189667701721,0.8333182334899902,1.0,0.0,46.23031234741211,37.79256534576416,1,2,0.5,0.5,0.5
hf_github_codereview,1e3582b141dd39b2,0.7973443865776062,0.43628908197085065,0.39783304929733276,0.43628908197085065,0.6224911212921143,0.7973443865776062,0.0,40.52788162231445,44.66662851969401,1,3,0.3333333333333333,0.3333333333333333,0.0
hf_github_codereview,b00120e68aab59c4,0.4636554718017578,0.4636554718017578,0.4636554718017578,0.4636554718017578,0.4636555314064026,0.4636554718017578,0.0,45.44999694824219,45.775672912597656,1,1,0.0,0.0,0.0
hf_github_codereview,d6f63a0d782b0ade,0.8658395409584045,0.8658395409584045,0.8658395409584045,0.8658395409584045,0.8658396601676941,0.8658395409584045,0.0,42.08828353881836,45.775672912597656,1,1,1.0,1.0,1.0
hf_github_codereview,9d4d71f70991ed1a,0.9998056888580322,0.9998056888580322,0.9998056888580322,0.9998056888580322,0.9998058080673218,0.9998056888580322,0.0,45.834102630615234,45.775672912597656,1,1,1.0,1.0,1.0
hf_github_codereview,6487222432e41ffa,1.0,1.0,1.0,1.0,1.0,1.0,0.0,42.999839782714844,42.999839782714844,1,1,1.0,1.0,1.0
hf_github_codereview,3b7c6c1e01c517fd,1.0,0.7761181890964508,0.4477636218070984,0.7761181890964508,0.8809757232666016,1.0,0.0,42.615142822265625,43.65233612060547,1,2,0.5,0.5,0.5
hf_github_codereview,d1175c8bfc92faaa,0.9999999403953552,0.9999999403953552,0.9999999403953552,0.9999999403953552,1.0,0.9999999403953552,0.0,43.23271942138672,43.23271942138672,1,1,1.0,1.0,1.0
hf_github_codereview,57adf090e83c585f,0.3690156936645508,0.2954590916633606,0.14711320400238037,0.2954590916633606,0.34889331459999084,0.3690156936645508,0.0,42.86265182495117,29.63107395172119,1,2,0.0,0.0,0.0
hf_github_codereview,39a95516dbfa6569,0.4003588557243347,0.3034140542149544,0.19388960301876068,0.3034140542149544,0.35828691720962524,0.4003588557243347,0.0,45.96483612060547,29.63107395172119,1,2,0.0,0.0,0.0
hf_github_codereview,db2f2b617629a635,0.43962427973747253,0.3702371617158254,0.0597594678401947,0.3702371617158254,0.48951438069343567,0.43962427973747253,0.0,36.3071403503418,37.5816707611084,1,3,0.0,0.0,0.0
hf_github_codereview,88ee56cee69839ac,0.830596923828125,0.7742215394973755,0.11275076866149902,0.7742215394973755,0.8395133018493652,0.830596923828125,0.0,46.97557067871094,41.90450859069824,1,2,1.0,1.0,0.5
hf_github_codereview,7a730993e21ff21d,0.680499792098999,0.6674010157585144,0.02619755268096924,0.6674010157585144,0.6985294818878174,0.680499792098999,0.0,46.11954116821289,40.91289520263672,1,2,1.0,0.0,0.0
hf_github_codereview,dac4283bf67d589a,0.8793994188308716,0.745141863822937,0.26851511001586914,0.745141863822937,0.7976500391960144,0.8793994188308716,0.0,47.10295104980469,38.159738540649414,1,2,1.0,0.5,0.5
hf_github_codereview,3eed07cf2b339743,0.19975247979164124,0.17475806921720505,0.049988821148872375,0.17475806921720505,0.18057020008563995,0.19975247979164124,0.0,26.509130477905273,46.05328178405762,1,2,0.0,0.0,0.0
hf_github_codereview,57dfb94002a70a76,0.652066707611084,0.5736657381057739,0.15680193901062012,0.5736657381057739,0.5922170877456665,0.652066707611084,0.0,44.106510162353516,45.754384994506836,1,2,0.5,0.0,0.0
hf_github_codereview,5a71185cf00bba8c,0.9999998211860657,0.4822073479493459,0.752639651298523,0.4822073479493459,0.6167811155319214,0.9999998211860657,0.0,48.600643157958984,47.05990727742513,1,3,0.3333333333333333,0.3333333333333333,0.3333333333333333
hf_github_codereview,386a9102acfe57d8,0.9999999403953552,0.9999999403953552,0.9999999403953552,0.9999999403953552,1.0,0.9999999403953552,0.0,41.841796875,41.841796875,1,1,1.0,1.0,1.0
hf_github_codereview,56a34352e94d52fd,0.9762712717056274,0.6921996176242828,0.5681433081626892,0.6921996176242828,0.8234624862670898,0.9762712717056274,0.0,36.78992462158203,40.395132064819336,1,2,0.5,0.5,0.5
hf_github_codereview,db4433f3d95fd826,0.9047743678092957,0.9047743678092957,0.9047743678092957,0.9047743678092957,0.9047744870185852,0.9047743678092957,0.0,41.143035888671875,42.96662139892578,1,1,1.0,1.0,1.0
hf_github_codereview,f392f43e84e6a87f,0.761847734451294,0.761847734451294,0.761847734451294,0.761847734451294,0.7618477940559387,0.761847734451294,0.0,37.88054275512695,42.96662139892578,1,1,1.0,1.0,0.0
hf_github_codereview,f0ed5fa729dc8600,0.0,0.0,0.0,0.0,0.0,0.0,0.0,47.06499099731445,0.0,1,0,0.0,0.0,0.0
hf_github_codereview,ef23ae628dc5dea9,0.49034348130226135,0.4003704935312271,0.17994597554206848,0.4003704935312271,0.5084920525550842,0.49034348130226135,0.0,46.63053894042969,30.841161727905273,1,2,0.0,0.0,0.0
hf_github_codereview,51d0665dcd5c261d,0.46396034955978394,0.4104735404253006,0.10697361826896667,0.4104735404253006,0.5008786916732788,0.46396034955978394,0.0,46.276817321777344,32.35616111755371,1,2,0.0,0.0,0.0
hf_github_codereview,d59015313803f96e,0.4995906352996826,0.4995906352996826,0.4995906352996826,0.4995906352996826,0.4995906352996826,0.4995906352996826,0.0,45.36863327026367,40.53127670288086,1,1,0.0,0.0,0.0
hf_github_codereview,232889a1d4af7ad5,0.2892393171787262,0.24234560132026672,0.053769126534461975,0.24234560132026672,0.29299768805503845,0.2892393171787262,0.0,40.21126937866211,40.577789306640625,1,3,0.0,0.0,0.0
hf_github_codereview,5d064a1588419b8b,1.0,1.0,1.0,1.0,1.0,1.0,0.0,43.24287414550781,43.24287414550781,1,1,1.0,1.0,1.0
hf_github_codereview,9ce7246fe729f56b,0.32979249954223633,0.3113501965999603,0.036884605884552,0.3113501965999603,0.3590344786643982,0.32979249954223633,0.0,35.77906799316406,37.60050678253174,1,2,0.0,0.0,0.0
hf_github_codereview,48acb91d867cc848,0.6682929992675781,0.5212005972862244,0.2941848039627075,0.5212005972862244,0.5790420770645142,0.6682929992675781,0.0,38.37385940551758,36.78396987915039,1,2,0.5,0.0,0.0
hf_github_codereview,171485fd5c35fddb,0.5626220703125,0.43829135100046795,0.13486206531524658,0.43829135100046795,0.5657702684402466,0.5626220703125,0.0,40.185203552246094,36.55615997314453,1,3,0.0,0.0,0.0
hf_github_codereview,aca00c17486b5953,0.5420564413070679,0.4320402443408966,0.026769578456878662,0.4320402443408966,0.5985738039016724,0.5420564413070679,0.0,42.86133575439453,39.31773885091146,1,3,0.0,0.0,0.0
hf_github_codereview,fc1d44a8fff6c735,0.9942840933799744,0.4945601870616277,0.7222054600715637,0.4945601870616277,0.7125170230865479,0.9942840933799744,0.0,43.677947998046875,34.82013702392578,1,3,0.3333333333333333,0.3333333333333333,0.3333333333333333
hf_github_codereview,e5df795190d68904,0.8535730838775635,0.8535730838775635,0.8535730838775635,0.8535730838775635,0.8535730838775635,0.8535730838775635,0.0,47.630699157714844,45.06619644165039,1,1,1.0,1.0,1.0
hf_github_codereview,df39d6cb06de2786,0.2269417941570282,0.20973078906536102,0.03442201018333435,0.20973078906536102,0.24315530061721802,0.2269417941570282,0.0,33.33014678955078,32.71558666229248,1,2,0.0,0.0,0.0
hf_github_codereview,d2ad8e31aaa30040,0.9027007818222046,0.9027007818222046,0.9027007818222046,0.9027007818222046,0.9027007818222046,0.9027007818222046,0.0,38.29783248901367,44.68642807006836,1,1,1.0,1.0,1.0
hf_github_codereview,161437c2e5f63e75,0.19972717761993408,0.18064914643764496,0.03815606236457825,0.18064914643764496,0.1958746761083603,0.19972717761993408,0.0,41.51200485229492,29.696937561035156,1,2,0.0,0.0,0.0
hf_github_codereview,76229b81ad306110,0.5900076627731323,0.555235743522644,0.06954383850097656,0.555235743522644,0.6116131544113159,0.5900076627731323,0.0,45.00112533569336,32.5709342956543,1,2,0.0,0.0,0.0
hf_github_codereview,c1aa44ce4573c5a9,0.3526454567909241,0.3526454567909241,0.3526454567909241,0.3526454567909241,0.3526454567909241,0.3526454567909241,0.0,39.829833984375,44.101654052734375,1,1,0.0,0.0,0.0
hf_github_codereview,5fc97c8658b65001,0.29250308871269226,0.29250308871269226,0.29250308871269226,0.29250308871269226,0.29250308871269226,0.29250308871269226,0.0,47.98098373413086,27.330251693725586,1,1,0.0,0.0,0.0
hf_github_codereview,40e409176396440b,0.388863742351532,0.34518373012542725,0.0033896565437316895,0.34518373012542725,0.4100169539451599,0.388863742351532,0.0,40.29487991333008,34.08627510070801,1,3,0.0,0.0,0.0
hf_github_codereview,6c8914caf7b78c9e,0.18720707297325134,0.1744707003235817,0.025472745299339294,0.1744707003235817,0.221000075340271,0.18720707297325134,0.0,38.22720718383789,44.35244941711426,1,2,0.0,0.0,0.0
hf_github_codereview,d5997dd53dffca03,0.0,0.0,0.0,0.0,0.0,0.0,0.0,41.054290771484375,0.0,1,0,0.0,0.0,0.0
hf_github_codereview,452950bdd810f229,0.47298097610473633,0.47298097610473633,0.47298097610473633,0.47298097610473633,0.4729810357093811,0.47298097610473633,0.0,42.94166564941406,34.00102996826172,1,1,0.0,0.0,0.0
hf_github_codereview,4160c1322f4de799,0.19009964168071747,0.1867736503481865,0.006651982665061951,0.1867736503481865,0.2150789350271225,0.19009964168071747,0.0,33.96393585205078,31.42854881286621,1,2,0.0,0.0,0.0
hf_github_codereview,2c5efe72e38bc645,0.9080600738525391,0.6343631446361542,0.27399742603302,0.6343631446361542,0.7884706258773804,0.9080600738525391,0.0,37.22289276123047,42.72506332397461,1,3,0.6666666666666666,0.3333333333333333,0.3333333333333333
hf_github_codereview,756a83d005136102,0.9839391708374023,0.595081110795339,0.506097137928009,0.595081110795339,0.7760530114173889,0.9839391708374023,0.0,41.70624542236328,39.42518742879232,1,3,0.3333333333333333,0.3333333333333333,0.3333333333333333
hf_github_codereview,ccee16c8ea207a02,0.9562424421310425,0.9562424421310425,0.9562424421310425,0.9562424421310425,0.9562424421310425,0.9562424421310425,0.0,37.544586181640625,35.204566955566406,1,1,1.0,1.0,1.0
hf_github_codereview,914e6a6de755ad49,0.3632330000400543,0.3632330000400543,0.3632330000400543,0.3632330000400543,0.3632330298423767,0.3632330000400543,0.0,43.05546188354492,28.962215423583984,1,1,0.0,0.0,0.0
hf_github_codereview,f6253a5bfd6281b5,0.46071380376815796,0.3051997721195221,0.31102806329727173,0.3051997721195221,0.39542874693870544,0.46071380376815796,0.0,39.66115951538086,43.25779151916504,1,2,0.0,0.0,0.0
hf_github_codereview,db68d46701b6e65a,0.9999999403953552,0.6365343630313873,0.7269311547279358,0.6365343630313873,0.7978309392929077,0.9999999403953552,0.0,43.134307861328125,42.579715728759766,1,2,0.5,0.5,0.5
hf_github_codereview,a6d2a700ad830053,1.0,1.0,1.0,1.0,1.0,1.0,0.0,27.086626052856445,27.086626052856445,1,1,1.0,1.0,1.0
hf_github_codereview,2ccc01718f92793c,1.0,0.6365343928337097,0.7269312143325806,0.6365343928337097,0.797831118106842,1.0,0.0,42.025123596191406,42.579715728759766,1,2,0.5,0.5,0.5
hf_github_codereview,0e62f626483bd5ec,0.36815768480300903,0.36815768480300903,0.36815768480300903,0.36815768480300903,0.36815768480300903,0.36815768480300903,0.0,44.257957458496094,32.78065872192383,1,1,0.0,0.0,0.0
hf_github_codereview,2f19b7ccfccddafe,0.31897974014282227,0.31897974014282227,0.31897974014282227,0.31897974014282227,0.31897974014282227,0.31897974014282227,0.0,41.810489654541016,32.78065872192383,1,1,0.0,0.0,0.0
hf_github_codereview,dae69b7fe300ef01,0.23674823343753815,0.23674823343753815,0.23674823343753815,0.23674823343753815,0.23674823343753815,0.23674823343753815,0.0,38.49810791015625,32.78065872192383,1,1,0.0,0.0,0.0
hf_github_codereview,8cf5190bef0c6f93,0.4380459189414978,0.4380459189414978,0.4380459189414978,0.4380459189414978,0.4380459189414978,0.4380459189414978,0.0,44.620243072509766,32.78065872192383,1,1,0.0,0.0,0.0
hf_github_codereview,42a9cec4efd6dd0c,1.0,1.0,1.0,1.0,1.0,1.0,0.0,43.2508430480957,43.2508430480957,1,1,1.0,1.0,1.0
hf_github_codereview,8c69bf8ace53e3ec,1.0,1.0,1.0,1.0,1.0,1.0,0.0,34.80644226074219,34.80644226074219,1,1,1.0,1.0,1.0
hf_github_codereview,54d153512c5706c9,1.0,1.0,1.0,1.0,1.0,1.0,0.0,34.80644226074219,34.80644226074219,1,1,1.0,1.0,1.0
hf_github_codereview,a209790cd28d0767,0.9999999403953552,0.6168687343597412,0.766262412071228,0.6168687343597412,0.7854099273681641,0.9999999403953552,0.0,31.63800048828125,32.555057525634766,1,2,0.5,0.5,0.5
hf_github_codereview,942ee296af0f29ef,0.9952359795570374,0.5226473609606425,0.6232972145080566,0.5226473609606425,0.6899087429046631,0.9952359795570374,0.0,47.59034729003906,40.67574564615885,1,3,0.3333333333333333,0.3333333333333333,0.3333333333333333
hf_github_codereview,3866f11fa70f8871,0.8918337225914001,0.6401549279689789,0.5033575892448425,0.6401549279689789,0.7323992848396301,0.8918337225914001,0.0,41.993141174316406,45.66862869262695,1,2,0.5,0.5,0.5
hf_github_codereview,d70f6a755aad41af,0.8544194102287292,0.8544194102287292,0.8544194102287292,0.8544194102287292,0.854419469833374,0.8544194102287292,0.0,41.861148834228516,36.861724853515625,1,1,1.0,1.0,1.0
hf_github_codereview,f9c8a90427f64bfd,0.7052587270736694,0.7052587270736694,0.7052587270736694,0.7052587270736694,0.705258846282959,0.7052587270736694,0.0,45.93510818481445,36.861724853515625,1,1,1.0,1.0,0.0
hf_github_codereview,a946dfd93f0541de,1.0,1.0,1.0,1.0,1.0,1.0,0.0,39.27376937866211,39.27376937866211,1,1,1.0,1.0,1.0
hf_github_codereview,1324be94afaa249f,0.6248123645782471,0.6248123645782471,0.6248123645782471,0.6248123645782471,0.6248123049736023,0.6248123645782471,0.0,41.356632232666016,32.40308380126953,1,1,1.0,0.0,0.0
hf_github_codereview,dd0b1580e9fbad97,0.5139772891998291,0.48535070816675824,0.008586645126342773,0.48535070816675824,0.5335466861724854,0.5139772891998291,0.0,38.602848052978516,38.865214029947914,1,3,0.0,0.0,0.0
hf_github_codereview,0975ac9352a13aa7,0.6509385108947754,0.6509385108947754,0.6509385108947754,0.6509385108947754,0.6509385704994202,0.6509385108947754,0.0,37.228389739990234,46.99982452392578,1,1,1.0,0.0,0.0
hf_github_codereview,6afefde0fa2bf283,0.46290138363838196,0.3822092264890671,0.16138431429862976,0.3822092264890671,0.42049431800842285,0.46290138363838196,0.0,45.0002326965332,30.03300666809082,1,2,0.0,0.0,0.0
hf_github_codereview,659aef27dfd5c5da,0.5466799736022949,0.5466799736022949,0.5466799736022949,0.5466799736022949,0.5466799736022949,0.5466799736022949,0.0,31.15263557434082,25.115482330322266,1,1,0.0,0.0,0.0
hf_github_codereview,0029e8d573da3eed,0.4963056445121765,0.4963056445121765,0.4963056445121765,0.4963056445121765,0.4963056445121765,0.4963056445121765,0.0,37.72785949707031,25.115482330322266,1,1,0.0,0.0,0.0
hf_github_codereview,f08581e2cd11fe80,0.5412006378173828,0.5412006378173828,0.5412006378173828,0.5412006378173828,0.5412006378173828,0.5412006378173828,0.0,37.72785949707031,26.01721954345703,1,1,0.0,0.0,0.0
hf_github_codereview,c706ec9abf6b2638,0.3917282819747925,0.3917282819747925,0.3917282819747925,0.3917282819747925,0.3917282819747925,0.3917282819747925,0.0,40.31950759887695,26.01721954345703,1,1,0.0,0.0,0.0
hf_github_codereview,c7e6b21c10b4ce8e,0.43289658427238464,0.43289658427238464,0.43289658427238464,0.43289658427238464,0.43289655447006226,0.43289658427238464,0.0,39.87758255004883,25.23133087158203,1,1,0.0,0.0,0.0
hf_github_codereview,ba5791d4a27dcc1f,0.9999998807907104,0.5778196454048157,0.8443604707717896,0.5778196454048157,0.7601445317268372,0.9999998807907104,0.0,46.37702560424805,39.16330146789551,1,2,0.5,0.5,0.5
hf_github_codereview,ab4971f5557f0835,0.32631373405456543,0.32631373405456543,0.32631373405456543,0.32631373405456543,0.32631373405456543,0.32631373405456543,0.0,40.70107650756836,30.031984329223633,1,1,0.0,0.0,0.0
hf_github_codereview,c032d7840b663f4e,0.8114746809005737,0.8114746809005737,0.8114746809005737,0.8114746809005737,0.8114746809005737,0.8114746809005737,0.0,43.39562225341797,43.22372817993164,1,1,1.0,1.0,1.0
hf_github_codereview,b7d320ac042d30e5,0.8577666878700256,0.7923626005649567,0.13080817461013794,0.7923626005649567,0.8430325388908386,0.8577666878700256,0.0,36.680747985839844,36.0754337310791,1,2,1.0,1.0,0.5
hf_github_codereview,1b8fa199fd47b8a8,0.921445369720459,0.8161033987998962,0.2106839418411255,0.8161033987998962,0.8682914972305298,0.921445369720459,0.0,31.74188804626465,36.0754337310791,1,2,1.0,1.0,0.5
hf_github_codereview,d53f5d49f0749231,0.5705170631408691,0.3448968008160591,0.45124052464962006,0.3448968008160591,0.45284324884414673,0.5705170631408691,0.0,28.613801956176758,28.79035186767578,1,2,0.0,0.0,0.0
hf_github_codereview,ca8d05fda49467df,0.3034422993659973,0.3034422993659973,0.3034422993659973,0.3034422993659973,0.3034423589706421,0.3034422993659973,0.0,35.48472213745117,28.092529296875,1,1,0.0,0.0,0.0
hf_github_codereview,d83f7790d434b411,0.24424999952316284,0.24424999952316284,0.24424999952316284,0.24424999952316284,0.24425001442432404,0.24424999952316284,0.0,34.34888458251953,28.092529296875,1,1,0.0,0.0,0.0
hf_github_codereview,20fe0b97cbb5c83b,0.4573606848716736,0.36100052297115326,0.19272032380104065,0.36100052297115326,0.44749748706817627,0.4573606848716736,0.0,41.8560791015625,35.65613555908203,1,2,0.0,0.0,0.0
hf_github_codereview,3c4cf8deea2df99e,0.4286328852176666,0.3392793610692024,0.1787070482969284,0.3392793610692024,0.4205719232559204,0.4286328852176666,0.0,43.240596771240234,35.65613555908203,1,2,0.0,0.0,0.0
hf_github_codereview,e4f0c481f156bd0c,0.42177337408065796,0.3387095630168915,0.16612762212753296,0.3387095630168915,0.41986554861068726,0.42177337408065796,0.0,44.01229476928711,35.65613555908203,1,2,0.0,0.0,0.0
hf_github_codereview,5405b542ae1d2417,0.9339112043380737,0.7962257862091064,0.27537083625793457,0.7962257862091064,0.8617494106292725,0.9339112043380737,0.0,43.66393280029297,44.5574836730957,1,2,1.0,0.5,0.5
hf_github_codereview,f6eaad6c95c61527,0.8103556632995605,0.7060683369636536,0.20857465267181396,0.7060683369636536,0.8003318309783936,0.8103556632995605,0.0,43.2642936706543,40.76311492919922,1,2,1.0,0.5,0.5
hf_github_codereview,5c1050dbfed662a8,0.7812800407409668,0.5061606019735336,0.5502388775348663,0.5061606019735336,0.6378692388534546,0.7812800407409668,0.0,45.59213638305664,43.885175704956055,1,2,0.5,0.5,0.0
hf_github_codereview,ab959442328cea1f,1.0,1.0,1.0,1.0,1.0,1.0,0.0,41.678558349609375,41.678558349609375,1,1,1.0,1.0,1.0
hf_github_codereview,3b2faea381f8b730,0.4892261326313019,0.4892261326313019,0.4892261326313019,0.4892261326313019,0.4892261326313019,0.4892261326313019,0.0,44.9278678894043,29.494369506835938,1,1,0.0,0.0,0.0
hf_github_codereview,1af3d30721091372,0.5387452840805054,0.45869120955467224,0.16010814905166626,0.45869120955467224,0.5341330170631409,0.5387452840805054,0.0,34.46539306640625,34.21873378753662,1,2,0.0,0.0,0.0
hf_github_codereview,a46b4f7c80a98702,0.9987069964408875,0.9987069964408875,0.9987069964408875,0.9987069964408875,0.9987069964408875,0.9987069964408875,0.0,40.1361083984375,40.94942092895508,1,1,1.0,1.0,1.0
hf_github_codereview,2618148555e8967c,0.6816360950469971,0.6816360950469971,0.6816360950469971,0.6816360950469971,0.6816360950469971,0.6816360950469971,0.0,43.395294189453125,33.3763427734375,1,1,1.0,0.0,0.0
hf_github_codereview,9bfee1831fbea476,0.5648882985115051,0.4323064088821411,0.265163779258728,0.4323064088821411,0.527319073677063,0.5648882985115051,0.0,39.05857467651367,34.1955623626709,1,2,0.0,0.0,0.0
hf_github_codereview,996dc32bc9eb58ab,0.7496823668479919,0.6281659603118896,0.2430328130722046,0.6281659603118896,0.6728777885437012,0.7496823668479919,0.0,44.41778564453125,42.13601493835449,1,2,0.5,0.5,0.0
hf_github_codereview,c7a65cf8d59bf7d6,0.8558876514434814,0.8133624792098999,0.08505034446716309,0.8133624792098999,0.8712563514709473,0.8558876514434814,0.0,42.132625579833984,42.13601493835449,1,2,1.0,1.0,0.5
hf_github_codereview,bced614e9aff0bce,0.8494150638580322,0.7931691110134125,0.1124919056892395,0.7931691110134125,0.8496255874633789,0.8494150638580322,0.0,43.26075744628906,42.13601493835449,1,2,1.0,1.0,0.5
hf_github_codereview,6af25ca7475e6513,0.8400377035140991,0.6905419528484344,0.29899150133132935,0.6905419528484344,0.7396937012672424,0.8400377035140991,0.0,45.160945892333984,42.13601493835449,1,2,0.5,0.5,0.5
hf_github_codereview,485153ed592c0426,0.4758260250091553,0.4758260250091553,0.4758260250091553,0.4758260250091553,0.4758260250091553,0.4758260250091553,0.0,45.361122131347656,30.63197135925293,1,1,0.0,0.0,0.0
hf_github_codereview,49f4d95daa1ca438,0.5505285263061523,0.5505285263061523,0.5505285263061523,0.5505285263061523,0.5505285263061523,0.5505285263061523,0.0,42.5688591003418,30.63197135925293,1,1,0.0,0.0,0.0
hf_github_codereview,46ca582a2a83e17a,0.4597183167934418,0.39077281951904297,0.1378909945487976,0.39077281951904297,0.47070449590682983,0.4597183167934418,0.0,43.02653121948242,37.12535762786865,1,2,0.0,0.0,0.0
hf_github_codereview,2b799b4701506b3f,0.6164505481719971,0.550750344991684,0.13140040636062622,0.550750344991684,0.6306061744689941,0.6164505481719971,0.0,41.02145767211914,34.85169315338135,1,2,0.5,0.0,0.0
hf_github_codereview,6377291add2169b8,0.6367031335830688,0.5567372292280197,0.15993180871009827,0.5567372292280197,0.6374610662460327,0.6367031335830688,0.0,41.9849853515625,34.85169315338135,1,2,0.5,0.0,0.0
hf_github_codereview,0e5f05c6909f38b0,0.7164503335952759,0.6263362467288971,0.18022817373275757,0.6263362467288971,0.7171516418457031,0.7164503335952759,0.0,40.427982330322266,34.85169315338135,1,2,0.5,0.5,0.0
hf_github_codereview,8c9bc0d94e9017fe,0.17151856422424316,0.16192400455474854,0.019189119338989258,0.16192400455474854,0.19258329272270203,0.17151856422424316,0.0,25.257843017578125,35.923157691955566,1,2,0.0,0.0,0.0
hf_github_codereview,0082a3271bac4b16,0.5075333118438721,0.42748165130615234,0.16010332107543945,0.42748165130615234,0.5119041800498962,0.5075333118438721,0.0,45.361122131347656,37.486090660095215,1,2,0.0,0.0,0.0
hf_github_codereview,113928e854e4ce28,0.4658399522304535,0.37588751316070557,0.17990487813949585,0.37588751316070557,0.44795551896095276,0.4658399522304535,0.0,44.12673568725586,39.9694766998291,1,2,0.0,0.0,0.0
hf_github_codereview,0b03900c37054f7f,0.901246964931488,0.901246964931488,0.901246964931488,0.901246964931488,0.9012469053268433,0.901246964931488,0.0,31.96973991394043,29.96214485168457,1,1,1.0,1.0,1.0
hf_github_codereview,090d01112726a483,0.4889387786388397,0.4889387786388397,0.4889387786388397,0.4889387786388397,0.4889388680458069,0.4889387786388397,0.0,38.75135803222656,44.74030303955078,1,1,0.0,0.0,0.0
hf_github_codereview,3f246bab4dfe66f6,0.9321473836898804,0.5806427597999573,0.7030092477798462,0.5806427597999573,0.7452824115753174,0.9321473836898804,0.0,46.007625579833984,44.154794692993164,1,2,0.5,0.5,0.5
hf_github_codereview,ca75d872fd73def6,1.0,0.6022913753986359,0.7954172492027283,0.6022913753986359,0.7760744094848633,1.0,0.0,31.122941970825195,36.32816219329834,1,2,0.5,0.5,0.5
hf_github_codereview,d1d0e71c969cbaa3,1.0,1.0,1.0,1.0,1.0,1.0,0.0,40.426429748535156,40.426429748535156,1,1,1.0,1.0,1.0
hf_github_codereview,233d2550bd22b598,0.5676244497299194,0.4366176128387451,0.26201367378234863,0.4366176128387451,0.5689367055892944,0.5676244497299194,0.0,33.274658203125,37.23209571838379,1,2,0.0,0.0,0.0
hf_github_codereview,242eb3a2990d8d09,0.45557230710983276,0.415772408246994,0.07959979772567749,0.415772408246994,0.540321946144104,0.45557230710983276,0.0,34.91293716430664,31.34903907775879,1,2,0.0,0.0,0.0
hf_github_codereview,11dff9516ce73ff7,0.8876641988754272,0.6947118639945984,0.3859046697616577,0.6947118639945984,0.7935175895690918,0.8876641988754272,0.0,37.611915588378906,35.66004180908203,1,2,0.5,0.5,0.5
hf_github_codereview,7939bc6e778909bc,0.466594934463501,0.28841422498226166,0.35636141896247864,0.28841422498226166,0.39309263229370117,0.466594934463501,0.0,45.32711410522461,38.597755432128906,1,2,0.0,0.0,0.0
hf_github_codereview,1bc8ba4f0fccde82,0.5314499735832214,0.43925870954990387,0.18438252806663513,0.43925870954990387,0.5180414915084839,0.5314499735832214,0.0,37.5700569152832,34.45192909240723,1,2,0.0,0.0,0.0
hf_github_codereview,b18d154c3a69eb32,0.6214877367019653,0.6214877367019653,0.6214877367019653,0.6214877367019653,0.6214877367019653,0.6214877367019653,0.0,47.39175796508789,35.546974182128906,1,1,1.0,0.0,0.0
hf_github_codereview,3c8aaafcc5de0428,0.9999998807907104,0.6196938157081604,0.7606121301651001,0.6196938157081604,0.7872063517570496,0.9999998807907104,0.0,47.467071533203125,47.16683578491211,1,2,0.5,0.5,0.5
hf_github_codereview,97f3f2ed2c806acf,0.4350675940513611,0.4350675940513611,0.4350675940513611,0.4350675940513611,0.43506765365600586,0.4350675940513611,0.0,44.39783477783203,44.23379898071289,1,1,0.0,0.0,0.0
hf_github_codereview,db3c1295257a82f0,1.0,0.7687915563583374,0.4624168872833252,0.7687915563583374,0.8768076300621033,1.0,0.0,46.52796936035156,44.29813575744629,1,2,0.5,0.5,0.5
hf_github_codereview,d5832ecea7802e74,0.1251623034477234,0.09726814180612564,0.055788323283195496,0.09726814180612564,0.10765160620212555,0.1251623034477234,0.0,32.6964225769043,27.35443878173828,1,2,0.0,0.0,0.0
hf_github_codereview,ca5761ebef91c688,0.5497523546218872,0.4666118919849396,0.16628092527389526,0.4666118919849396,0.5697565674781799,0.5497523546218872,0.0,37.72355651855469,31.797286987304688,1,2,0.0,0.0,0.0
hf_github_codereview,7fdda3ffc02c972b,0.9747971296310425,0.6559770256280899,0.6376402080059052,0.6559770256280899,0.8009809255599976,0.9747971296310425,0.0,39.03848648071289,31.797286987304688,1,2,0.5,0.5,0.5
hf_github_codereview,3b8e26c8d37d3baa,1.0,1.0,1.0,1.0,1.0,1.0,0.0,38.33673095703125,38.33673095703125,1,1,1.0,1.0,1.0
hf_github_codereview,1490b2b73c9f8891,0.8753937482833862,0.48046237230300903,0.5815481543540955,0.48046237230300903,0.6767563819885254,0.8753937482833862,0.0,45.034637451171875,42.947608947753906,1,3,0.3333333333333333,0.3333333333333333,0.3333333333333333
hf_github_codereview,9d868b228bed83e1,0.604161262512207,0.39746782183647156,0.41338688135147095,0.39746782183647156,0.4558148980140686,0.604161262512207,0.0,33.54439163208008,33.90583801269531,1,2,0.5,0.0,0.0
hf_github_codereview,a58e5612780658d4,0.3511779010295868,0.3511779010295868,0.3511779010295868,0.3511779010295868,0.3511779010295868,0.3511779010295868,0.0,38.5901985168457,37.04404067993164,1,1,0.0,0.0,0.0
hf_github_codereview,4b02c11de9da3761,0.9417563676834106,0.9417563676834106,0.9417563676834106,0.9417563676834106,0.9417564868927002,0.9417563676834106,0.0,30.269895553588867,31.205381393432617,1,1,1.0,1.0,1.0
hf_github_codereview,6dbafaf7fe8acff8,0.22451084852218628,0.22424687445163727,0.0005279481410980225,0.22424687445163727,0.25028401613235474,0.22451084852218628,0.0,46.31410217285156,36.175209045410156,1,2,0.0,0.0,0.0
hf_github_codereview,15fdad31455da085,0.25317132472991943,0.23121203482151031,0.04391857981681824,0.23121203482151031,0.270303875207901,0.25317132472991943,0.0,39.51576232910156,33.62578201293945,1,2,0.0,0.0,0.0
hf_github_codereview,fe2de4df95fe5d5c,0.23227983713150024,0.2194787710905075,0.025602132081985474,0.2194787710905075,0.23276594281196594,0.23227983713150024,0.0,43.44928741455078,29.568642616271973,1,2,0.0,0.0,0.0
hf_github_codereview,7c5e5ce0b9125ef7,0.34228232502937317,0.24484065175056458,0.1948833465576172,0.24484065175056458,0.2935624122619629,0.34228232502937317,0.0,43.19373321533203,31.25878143310547,1,2,0.0,0.0,0.0
hf_github_codereview,a3f493901ab15008,1.0,1.0,1.0,1.0,1.0,1.0,0.0,44.609840393066406,44.609840393066406,1,1,1.0,1.0,1.0
hf_github_codereview,5b79fbe0a98c8317,0.6402232646942139,0.5740010738372803,0.1324443817138672,0.5740010738372803,0.7102212905883789,0.6402232646942139,0.0,38.543033599853516,43.8119010925293,1,2,0.5,0.0,0.0
hf_github_codereview,673a1acda0ff20a5,0.9116342067718506,0.6076088398694992,0.6080507338047028,0.6076088398694992,0.7518047094345093,0.9116342067718506,0.0,45.011512756347656,43.8119010925293,1,2,0.5,0.5,0.5
hf_github_codereview,983824b735ee0b00,1.0,1.0,1.0,1.0,1.0,1.0,0.0,40.13343048095703,40.13343048095703,1,1,1.0,1.0,1.0
hf_github_codereview,ba1517adee09c07b,1.0,1.0,1.0,1.0,1.0,1.0,0.0,31.770288467407227,31.770288467407227,1,1,1.0,1.0,1.0
hf_github_codereview,7651a618ebc9521c,1.0,1.0,1.0,1.0,1.0,1.0,0.0,44.34422302246094,44.34422302246094,1,1,1.0,1.0,1.0
hf_github_codereview,2abb71b4a2ade2f7,1.0,1.0,1.0,1.0,1.0,1.0,0.0,44.34422302246094,44.34422302246094,1,1,1.0,1.0,1.0
hf_github_codereview,9ee5fc5a2fad6136,0.6388477087020874,0.6388477087020874,0.6388477087020874,0.6388477087020874,0.6388477087020874,0.6388477087020874,0.0,32.02206039428711,28.809532165527344,1,1,1.0,0.0,0.0
hf_github_codereview,fa51086bab05ad03,0.15177839994430542,0.15177839994430542,0.15177839994430542,0.15177839994430542,0.15177839994430542,0.15177839994430542,0.0,43.43305969238281,24.268882751464844,1,1,0.0,0.0,0.0
hf_github_codereview,4b6a8a6d9846e504,0.5522913336753845,0.5522913336753845,0.5522913336753845,0.5522913336753845,0.5522913336753845,0.5522913336753845,0.0,38.206138610839844,45.969417572021484,1,1,0.0,0.0,0.0
hf_github_codereview,8e13f44bd666b040,0.7654834985733032,0.7654834985733032,0.7654834985733032,0.7654834985733032,0.7654834985733032,0.7654834985733032,0.0,45.45817947387695,45.969417572021484,1,1,1.0,1.0,0.0
hf_github_codereview,5c80e9edda969383,0.293423593044281,0.293423593044281,0.293423593044281,0.293423593044281,0.293423593044281,0.293423593044281,0.0,43.876426696777344,45.969417572021484,1,1,0.0,0.0,0.0
hf_github_codereview,079a7e739cf6d4cc,0.39404720067977905,0.39404720067977905,0.39404720067977905,0.39404720067977905,0.39404720067977905,0.39404720067977905,0.0,35.20754623413086,26.083045959472656,1,1,0.0,0.0,0.0
hf_github_codereview,88122ae93aabc3ff,0.41695088148117065,0.32161790132522583,0.09968125820159912,0.32161790132522583,0.4232743978500366,0.41695088148117065,0.0,42.129459381103516,38.606605529785156,1,3,0.0,0.0,0.0
hf_github_codereview,62fefb38b98b7f12,0.4051532447338104,0.32390233874320984,0.10603019595146179,0.32390233874320984,0.4290642738342285,0.4051532447338104,0.0,41.0497932434082,35.62234369913737,1,3,0.0,0.0,0.0
hf_github_codereview,2fe722c38ed60225,0.5723507404327393,0.46562618017196655,0.2134491205215454,0.46562618017196655,0.5450683832168579,0.5723507404327393,0.0,43.535850524902344,36.390350341796875,1,2,0.0,0.0,0.0
hf_github_codereview,e70eb835db60154c,0.6444215774536133,0.6444215774536133,0.6444215774536133,0.6444215774536133,0.6444215774536133,0.6444215774536133,0.0,31.158132553100586,39.983951568603516,1,1,1.0,0.0,0.0
hf_github_codereview,5808abccbe63e0ae,0.34492987394332886,0.3199155330657959,0.05002868175506592,0.3199155330657959,0.34615224599838257,0.34492987394332886,0.0,45.05547332763672,37.30046272277832,1,2,0.0,0.0,0.0
hf_github_codereview,252305797b5bf323,0.44171616435050964,0.3983568698167801,0.0867185890674591,0.3983568698167801,0.43610677123069763,0.44171616435050964,0.0,40.35438537597656,36.87074851989746,1,2,0.0,0.0,0.0
hf_github_codereview,6f703961e86627d5,0.8259631395339966,0.8259631395339966,0.8259631395339966,0.8259631395339966,0.8259631395339966,0.8259631395339966,0.0,44.76716613769531,47.20391845703125,1,1,1.0,1.0,1.0
hf_github_codereview,0d651b1bcc34f38b,0.4110143184661865,0.4110143184661865,0.4110143184661865,0.4110143184661865,0.4110143184661865,0.4110143184661865,0.0,40.324241638183594,28.150287628173828,1,1,0.0,0.0,0.0
hf_github_codereview,7c2fe86e461f63bc,0.8605586290359497,0.59412881731987,0.5328596234321594,0.59412881731987,0.7257837057113647,0.8605586290359497,0.0,46.70918655395508,43.255868911743164,1,2,0.5,0.5,0.5
hf_github_codereview,33f00548fa653ff9,0.9999998807907104,0.9999998807907104,0.9999998807907104,0.9999998807907104,0.9999998807907104,0.9999998807907104,0.0,45.49286651611328,45.49286651611328,1,1,1.0,1.0,1.0
hf_github_codereview,19e3be8ab2722e25,0.8657224178314209,0.8657224178314209,0.8657224178314209,0.8657224178314209,0.8657222986221313,0.8657224178314209,0.0,41.17966842651367,38.03107452392578,1,1,1.0,1.0,1.0
hf_github_codereview,5ca9e837d8ff09f2,0.4796971380710602,0.4796971380710602,0.4796971380710602,0.4796971380710602,0.4796971380710602,0.4796971380710602,0.0,41.39351272583008,25.594444274902344,1,1,0.0,0.0,0.0
hf_github_codereview,0b768741cc397e94,1.0,1.0,1.0,1.0,1.0,1.0,0.0,41.60385513305664,41.60385513305664,1,1,1.0,1.0,1.0
hf_github_codereview,df15c96ad3468c32,1.0,0.6641184240579605,0.671763151884079,0.6641184240579605,0.8149346113204956,1.0,0.0,35.99105453491211,40.4970645904541,1,2,0.5,0.5,0.5
hf_github_codereview,b25bd9dfc52b2f76,0.402408242225647,0.402408242225647,0.402408242225647,0.402408242225647,0.40240827202796936,0.402408242225647,0.0,34.282371520996094,42.36656188964844,1,1,0.0,0.0,0.0
hf_github_codereview,c886c99469973fac,0.7629046440124512,0.7629046440124512,0.7629046440124512,0.7629046440124512,0.762904703617096,0.7629046440124512,0.0,40.42828369140625,42.36656188964844,1,1,1.0,1.0,0.0
hf_github_codereview,389929ec9c4c0c20,0.5630143880844116,0.3842588464419047,0.21143248677253723,0.3842588464419047,0.5593904852867126,0.5630143880844116,0.0,36.727691650390625,38.07874043782552,1,3,0.0,0.0,0.0
hf_github_codereview,9f4b6158de79c75a,0.9915188550949097,0.9915188550949097,0.9915188550949097,0.9915188550949097,0.9915189146995544,0.9915188550949097,0.0,34.30194091796875,35.762516021728516,1,1,1.0,1.0,1.0
hf_github_codereview,a6e35b906c0a8c0b,0.9999999403953552,0.9999999403953552,0.9999999403953552,0.9999999403953552,1.0,0.9999999403953552,0.0,35.762516021728516,35.762516021728516,1,1,1.0,1.0,1.0
hf_github_codereview,5daba1f35210af4a,0.757541298866272,0.48231103271245956,0.5504605323076248,0.48231103271245956,0.6316788196563721,0.757541298866272,0.0,41.872886657714844,38.95139408111572,1,2,0.5,0.5,0.0
hf_github_codereview,20d994c528a65838,0.5228676199913025,0.48257675766944885,0.08058172464370728,0.48257675766944885,0.5305214524269104,0.5228676199913025,0.0,37.94803237915039,30.81977939605713,1,2,0.0,0.0,0.0
hf_github_codereview,2bf69344070740ff,0.19118031859397888,0.19118031859397888,0.19118031859397888,0.19118031859397888,0.19118031859397888,0.19118031859397888,0.0,38.53369140625,30.84109115600586,1,1,0.0,0.0,0.0
hf_github_codereview,945c78f3233052b6,1.0,1.0,1.0,1.0,1.0,1.0,0.0,34.93038558959961,34.93038558959961,1,1,1.0,1.0,1.0
hf_github_codereview,31c8c1a1f9ba0d5a,1.0,1.0,1.0,1.0,1.0,1.0,0.0,43.83732223510742,43.83732223510742,1,1,1.0,1.0,1.0
hf_github_codereview,ea1daadf4f3115fd,0.2724645137786865,0.24203438311815262,0.06086026132106781,0.24203438311815262,0.26751798391342163,0.2724645137786865,0.0,37.171302795410156,36.01380729675293,1,2,0.0,0.0,0.0
hf_github_codereview,8b9fc20a6b77008c,1.0,1.0,1.0,1.0,1.0,1.0,0.0,43.110496520996094,43.110496520996094,1,1,1.0,1.0,1.0
hf_github_codereview,7429405fa67cc468,0.16277281939983368,0.16277281939983368,0.16277281939983368,0.16277281939983368,0.16277281939983368,0.16277281939983368,0.0,36.91404342651367,27.041614532470703,1,1,0.0,0.0,0.0
hf_github_codereview,bbf44a15b8dc7c79,1.0,1.0,1.0,1.0,1.0,1.0,0.0,40.21772384643555,40.21772384643555,1,1,1.0,1.0,1.0
hf_github_codereview,f36b6a212a5a1e95,0.3760531544685364,0.3760531544685364,0.3760531544685364,0.3760531544685364,0.3760531544685364,0.3760531544685364,0.0,24.19170316060384,40.21772384643555,3,1,0.0,0.0,0.0
hf_github_codereview,853795e63890583a,0.5007466077804565,0.5007466077804565,0.5007466077804565,0.5007466077804565,0.5007466077804565,0.5007466077804565,0.0,27.014646530151367,24.072715759277344,1,1,0.0,0.0,0.0
hf_github_codereview,b6e4b0e2a832660e,0.9942787885665894,0.646053671836853,0.6964502334594727,0.646053671836853,0.8025121092796326,0.9942787885665894,0.0,47.019596099853516,39.62601661682129,1,2,0.5,0.5,0.5
hf_github_codereview,9fc3c7b64bdb9f91,0.6005465388298035,0.5376212447881699,0.1258505880832672,0.5376212447881699,0.612007200717926,0.6005465388298035,0.0,46.744747161865234,41.63433837890625,1,2,0.5,0.0,0.0
hf_github_codereview,684b16201d41d275,0.9999998807907104,0.9999998807907104,0.9999998807907104,0.9999998807907104,1.0,0.9999998807907104,0.0,31.09280776977539,31.09280776977539,1,1,1.0,1.0,1.0
hf_github_codereview,dfcef98384a93101,1.0,1.0,1.0,1.0,1.0,1.0,0.0,49.094940185546875,49.094940185546875,1,1,1.0,1.0,1.0
hf_github_codereview,8181a47303117ad5,0.4029691219329834,0.4029691219329834,0.4029691219329834,0.4029691219329834,0.4029691219329834,0.4029691219329834,0.0,41.28695297241211,28.86516761779785,1,1,0.0,0.0,0.0
hf_github_codereview,b7e2a9a7f1c591a1,0.24744343757629395,0.22403936088085175,0.0468081533908844,0.22403936088085175,0.2579103410243988,0.24744343757629395,0.0,43.17079162597656,37.900760650634766,1,2,0.0,0.0,0.0
hf_github_codereview,3026e3c317133e5e,0.8854718208312988,0.8854718208312988,0.8854718208312988,0.8854718208312988,0.8854718208312988,0.8854718208312988,0.0,41.57468032836914,41.31236267089844,1,1,1.0,1.0,1.0
hf_github_codereview,184b760743b41e05,0.9919387102127075,0.9919387102127075,0.9919387102127075,0.9919387102127075,0.9919387102127075,0.9919387102127075,0.0,36.20603942871094,37.37082290649414,1,1,1.0,1.0,1.0
hf_github_codereview,73e355c3684f5560,1.0,1.0,1.0,1.0,1.0,1.0,0.0,43.30087661743164,43.30087661743164,1,1,1.0,1.0,1.0
hf_github_codereview,78d34aca8f9fdf9c,0.6027199625968933,0.6027199625968933,0.6027199625968933,0.6027199625968933,0.6027199625968933,0.6027199625968933,0.0,46.69097900390625,31.177837371826172,1,1,1.0,0.0,0.0
hf_github_codereview,e4aeedf94bf7cb3f,0.6890003085136414,0.6890003085136414,0.6890003085136414,0.6890003085136414,0.6890003085136414,0.6890003085136414,0.0,38.96776580810547,31.177837371826172,1,1,1.0,0.0,0.0
hf_github_codereview,dc39fe155a3000c6,0.6694282293319702,0.5295179784297943,0.2798205018043518,0.5295179784297943,0.6389570832252502,0.6694282293319702,0.0,37.335899353027344,40.616350173950195,1,2,0.5,0.0,0.0
hf_github_codereview,2bd80f5de837911b,0.9999999403953552,0.5798930525779724,0.5630388259887695,0.5798930525779724,0.7848485112190247,0.9999999403953552,0.0,34.15452194213867,38.019981384277344,1,3,0.3333333333333333,0.3333333333333333,0.3333333333333333
hf_github_codereview,8549f464c3b7e670,1.0,0.6271842867136002,0.7456314265727997,0.6271842867136002,0.7919495105743408,1.0,0.0,43.56917190551758,39.98085403442383,1,2,0.5,0.5,0.5
hf_github_codereview,aa961cdcefc4a79b,0.8768373727798462,0.8768373727798462,0.8768373727798462,0.8768373727798462,0.8768373727798462,0.8768373727798462,0.0,42.846012115478516,43.60179901123047,1,1,1.0,1.0,1.0
hf_github_codereview,81c9d7e7ac4b7a58,0.5814733505249023,0.36605801433324814,0.4308306723833084,0.36605801433324814,0.47582629323005676,0.5814733505249023,0.0,39.897247314453125,43.28752899169922,1,2,0.0,0.0,0.0
hf_github_codereview,3089e25326be3d63,0.6961795687675476,0.6961795687675476,0.6961795687675476,0.6961795687675476,0.6961795687675476,0.6961795687675476,0.0,37.769081115722656,42.99757385253906,1,1,1.0,0.0,0.0
hf_github_codereview,03c4fb72a17722a6,0.8568696975708008,0.8568696975708008,0.8568696975708008,0.8568696975708008,0.8568698167800903,0.8568696975708008,0.0,40.82646942138672,43.90549087524414,1,1,1.0,1.0,1.0
hf_github_codereview,839c55c02617f035,0.9685209393501282,0.9685209393501282,0.9685209393501282,0.9685209393501282,0.968520998954773,0.9685209393501282,0.0,41.5828742980957,40.02996826171875,1,1,1.0,1.0,1.0
hf_github_codereview,a72907c76991fd6a,1.0,1.0,1.0,1.0,1.0,1.0,0.0,46.50404357910156,46.50404357910156,1,1,1.0,1.0,1.0
hf_github_codereview,30d7185e899cded6,0.9421881437301636,0.9421881437301636,0.9421881437301636,0.9421881437301636,0.9421881437301636,0.9421881437301636,0.0,29.73836326599121,31.115612030029297,1,1,1.0,1.0,1.0
hf_github_codereview,4dce5adcf28fa763,0.8848718404769897,0.8848718404769897,0.8848718404769897,0.8848718404769897,0.8848718404769897,0.8848718404769897,0.0,46.661354064941406,40.25092697143555,1,1,1.0,1.0,1.0
hf_github_codereview,fb00c62afc3a5a7c,0.6479360461235046,0.6479360461235046,0.6479360461235046,0.6479360461235046,0.6479361057281494,0.6479360461235046,0.0,43.56803512573242,47.887245178222656,1,1,1.0,0.0,0.0
hf_github_codereview,e7ac244868e43f0a,1.0,1.0,1.0,1.0,1.0,1.0,0.0,42.71644973754883,42.71644973754883,1,1,1.0,1.0,1.0
hf_github_codereview,7a76445156cf9922,0.5710139870643616,0.42713674902915955,0.28775447607040405,0.42713674902915955,0.4935835003852844,0.5710139870643616,0.0,41.36928939819336,33.11224842071533,1,2,0.0,0.0,0.0
hf_github_codereview,75a66c6151dea96d,0.6740598678588867,0.5474675198396047,0.13655966520309448,0.3177626356482506,0.428633451461792,0.6740598678588867,0.0,39.05342102050781,31.06057221548898,1,7,0.14285714285714285,0.0,0.0
hf_github_codereview,e87b1ee5d8ded09f,0.2562204599380493,0.2562204599380493,0.2562204599380493,0.2562204599380493,0.2562204599380493,0.2562204599380493,0.0,36.09231948852539,28.55834197998047,1,1,0.0,0.0,0.0
hf_github_codereview,59495fd634d4abd9,0.7242804765701294,0.4478256007035573,0.3411574959754944,0.3079235752423604,0.39111843705177307,0.7242804765701294,0.0,44.101932525634766,29.750978469848633,1,6,0.16666666666666666,0.16666666666666666,0.0
hf_github_codereview,4460393bf9158447,0.6726590394973755,0.41721152265866596,0.3151335120201111,0.29150785505771637,0.37026751041412354,0.6726590394973755,0.0,43.39931869506836,29.750978469848633,1,6,0.16666666666666666,0.0,0.0
hf_github_codereview,679a8e4e07bec09a,0.40278831124305725,0.40278831124305725,0.40278831124305725,0.40278831124305725,0.40278831124305725,0.40278831124305725,0.0,43.12125778198242,27.49167823791504,1,1,0.0,0.0,0.0
hf_github_codereview,f467e4b46660fefb,0.7707132697105408,0.5661573708057404,0.40911179780960083,0.5661573708057404,0.6640328168869019,0.7707132697105408,0.0,41.61106872558594,42.48533058166504,1,2,0.5,0.5,0.0
hf_github_codereview,84c0b1be857befb6,0.9920120239257812,0.5919495075941086,0.8001250326633453,0.5919495075941086,0.7677900195121765,0.9920120239257812,0.0,42.322265625,39.91402626037598,1,2,0.5,0.5,0.5
hf_github_codereview,e83cd7436ff95d32,0.3999263346195221,0.3711186498403549,0.05761536955833435,0.3711186498403549,0.421379029750824,0.3999263346195221,0.0,42.94343185424805,36.518293380737305,1,2,0.0,0.0,0.0
hf_github_codereview,b82fb2dad48242ad,0.2820095717906952,0.27430203557014465,0.015415072441101074,0.27430203557014465,0.3114505708217621,0.2820095717906952,0.0,42.15287780761719,36.518293380737305,1,2,0.0,0.0,0.0
hf_github_codereview,6055d1933da3c0dd,0.5299564003944397,0.5299564003944397,0.5299564003944397,0.5299564003944397,0.5299564003944397,0.5299564003944397,0.0,39.18113327026367,37.21804428100586,1,1,0.0,0.0,0.0
hf_github_codereview,bbd52b34dab55cdd,0.8741610050201416,0.8741610050201416,0.8741610050201416,0.8741610050201416,0.8741610050201416,0.8741610050201416,0.0,42.322357177734375,37.21804428100586,1,1,1.0,1.0,1.0
hf_github_codereview,61d6815cd9ba254d,0.37554705142974854,0.37554705142974854,0.37554705142974854,0.37554705142974854,0.37554705142974854,0.37554705142974854,0.0,32.63582992553711,37.21804428100586,1,1,0.0,0.0,0.0
hf_github_codereview,5b75ead2fd4bb579,0.7302579283714294,0.7302579283714294,0.7302579283714294,0.7302579283714294,0.7302579283714294,0.7302579283714294,0.0,44.8058967590332,38.79867935180664,1,1,1.0,1.0,0.0
hf_github_codereview,6b01f90fcdb0d499,0.8929864168167114,0.8929864168167114,0.8929864168167114,0.8929864168167114,0.8929865956306458,0.8929864168167114,0.0,45.08198165893555,46.39331817626953,1,1,1.0,1.0,1.0
hf_github_codereview,3edeeca9700dd182,1.0,1.0,1.0,1.0,1.0,1.0,0.0,41.70014190673828,41.70014190673828,1,1,1.0,1.0,1.0
hf_github_codereview,7f7a9c2190e04e9d,0.6359739303588867,0.6359739303588867,0.6359739303588867,0.6359739303588867,0.6359739899635315,0.6359739303588867,0.0,35.072818756103516,44.203399658203125,1,1,1.0,0.0,0.0
hf_github_codereview,eb5574ca8f6914b0,0.9999998807907104,0.9999998807907104,0.9999998807907104,0.9999998807907104,1.0,0.9999998807907104,0.0,44.203399658203125,44.203399658203125,1,1,1.0,1.0,1.0
hf_github_codereview,d88b50e3b9216169,0.8156170845031738,0.8156170845031738,0.8156170845031738,0.8156170845031738,0.8156170845031738,0.8156170845031738,0.0,40.93441390991211,42.79450607299805,1,1,1.0,1.0,1.0
hf_github_codereview,51a79e58a98562bf,0.33379048109054565,0.2902577295899391,0.08706550300121307,0.2902577295899391,0.37003281712532043,0.33379048109054565,0.0,42.0187873840332,38.87530708312988,1,2,0.0,0.0,0.0
hf_github_codereview,3fd5582f3846d09e,0.28724735975265503,0.28724735975265503,0.28724735975265503,0.28724735975265503,0.2872474193572998,0.28724735975265503,0.0,26.230710983276367,45.81569290161133,1,1,0.0,0.0,0.0
hf_github_codereview,adce74a28be7c9f2,0.8896772265434265,0.8896772265434265,0.8896772265434265,0.8896772265434265,0.8896772265434265,0.8896772265434265,0.0,48.432586669921875,48.82622528076172,1,1,1.0,1.0,1.0
hf_github_codereview,2b4462cff5036186,0.40773284435272217,0.40773284435272217,0.40773284435272217,0.40773284435272217,0.40773284435272217,0.40773284435272217,0.0,26.5047607421875,41.49638366699219,1,1,0.0,0.0,0.0
hf_github_codereview,fe8a6a4380aa127e,0.5983200073242188,0.5983200073242188,0.5983200073242188,0.5983200073242188,0.5983198881149292,0.5983200073242188,0.0,38.83323669433594,26.422609329223633,1,1,0.0,0.0,0.0
hf_github_codereview,296123b2c7107065,0.9999998807907104,0.9999998807907104,0.9999998807907104,0.9999998807907104,1.0,0.9999998807907104,0.0,42.70166015625,42.70166015625,1,1,1.0,1.0,1.0
hf_github_codereview,d3d29d02b7c45512,0.3819155693054199,0.31500422954559326,0.13382267951965332,0.31500422954559326,0.34197425842285156,0.3819155693054199,0.0,44.872127532958984,29.538454055786133,1,2,0.0,0.0,0.0
hf_github_codereview,eb547ca31a1b3180,0.6389020085334778,0.3794042095541954,0.5189955979585648,0.3794042095541954,0.5063885450363159,0.6389020085334778,0.0,39.0511474609375,41.58042526245117,1,2,0.5,0.0,0.0
hf_github_codereview,cc7dd7f4303372df,0.3969356417655945,0.3969356417655945,0.3969356417655945,0.3969356417655945,0.3969356417655945,0.3969356417655945,0.0,30.849023818969727,42.71038818359375,1,1,0.0,0.0,0.0
hf_github_codereview,12fe1b7fefe2ae8c,0.6423343420028687,0.4436914846301079,0.39728571474552155,0.4436914846301079,0.49630242586135864,0.6423343420028687,0.0,44.77455139160156,35.33164596557617,1,2,0.5,0.0,0.0
hf_github_codereview,e0b827058a863f93,0.41131579875946045,0.3848654627799988,0.05290067195892334,0.3848654627799988,0.46747246384620667,0.41131579875946045,0.0,46.616172790527344,40.58377456665039,1,2,0.0,0.0,0.0
hf_github_codereview,2624abaa9b0a2476,0.5439836978912354,0.41611289978027344,0.25574159622192383,0.41611289978027344,0.47720593214035034,0.5439836978912354,0.0,35.73187255859375,38.792137145996094,1,2,0.0,0.0,0.0
hf_github_codereview,beb580611c85645b,0.28260958194732666,0.2728078365325928,0.019603490829467773,0.2728078365325928,0.315380334854126,0.28260958194732666,0.0,26.763492584228516,38.620567321777344,1,2,0.0,0.0,0.0
hf_github_codereview,a2f8acc348dca178,0.6169703006744385,0.3965410689512889,0.2930525541305542,0.3965410689512889,0.527590811252594,0.6169703006744385,0.0,44.73553466796875,41.198638916015625,1,3,0.3333333333333333,0.0,0.0
hf_github_codereview,46280fc1308aaab6,0.8423285484313965,0.5568556586901346,0.41335058212280273,0.5568556586901346,0.7139250040054321,0.8423285484313965,0.0,33.664737701416016,41.571598052978516,1,3,0.3333333333333333,0.3333333333333333,0.3333333333333333
hf_github_codereview,27d99536fade3622,0.9999998211860657,0.5649488170941671,0.5923939645290375,0.5649488170941671,0.7269762754440308,0.9999998211860657,0.0,46.701236724853516,37.02912203470866,1,3,0.3333333333333333,0.3333333333333333,0.3333333333333333
hf_github_codereview,3356938d22c95d15,0.9444034695625305,0.9444034695625305,0.9444034695625305,0.9444034695625305,0.9444034695625305,0.9444034695625305,0.0,38.633018493652344,41.01469802856445,1,1,1.0,1.0,1.0
hf_github_codereview,a339df8b553c5ab9,1.0,1.0,1.0,1.0,1.0,1.0,0.0,43.970829010009766,43.970829010009766,1,1,1.0,1.0,1.0
hf_github_codereview,7033e785fa29a6d2,0.9224304556846619,0.8801698088645935,0.08452129364013672,0.8801698088645935,0.9031342267990112,0.9224304556846619,0.0,42.475154876708984,40.69131851196289,1,2,1.0,1.0,1.0
hf_github_codereview,66bc3126761472c4,0.9137531518936157,0.7057661215464274,0.03394228219985962,0.7057661215464274,0.8609086871147156,0.9137531518936157,0.0,40.17168045043945,43.23565165201823,1,3,0.6666666666666666,0.6666666666666666,0.6666666666666666
hf_github_codereview,8703626b73cb17b1,0.5452414751052856,0.5452414751052856,0.5452414751052856,0.5452414751052856,0.5452414751052856,0.5452414751052856,0.0,36.64284896850586,37.043949127197266,1,1,0.0,0.0,0.0
hf_github_codereview,0e4f5b6d24c278b5,0.8499782085418701,0.8499782085418701,0.8499782085418701,0.8499782085418701,0.8499783277511597,0.8499782085418701,0.0,48.045833587646484,43.019840240478516,1,1,1.0,1.0,1.0
hf_github_codereview,692c7cd5f640fa06,1.0,1.0,1.0,1.0,1.0,1.0,0.0,43.22565460205078,43.22565460205078,1,1,1.0,1.0,1.0
hf_github_codereview,48ebda5113934f08,0.4487397074699402,0.4487397074699402,0.4487397074699402,0.4487397074699402,0.44873976707458496,0.4487397074699402,0.0,31.140769958496094,33.99789047241211,1,1,0.0,0.0,0.0
hf_github_codereview,f22a2d9a4d8ded0e,0.4340895116329193,0.4028712064027786,0.06243661046028137,0.4028712064027786,0.4557758569717407,0.4340895116329193,0.0,42.62974166870117,28.44270610809326,1,2,0.0,0.0,0.0
hf_github_codereview,a26d9ea474b73b87,0.7300974130630493,0.7085614502429962,0.0430719256401062,0.7085614502429962,0.761062502861023,0.7300974130630493,0.0,40.30729293823242,36.40692901611328,1,2,1.0,0.5,0.0
hf_github_codereview,d3efdfbc1e3b5d78,0.632733941078186,0.6028046607971191,0.05985856056213379,0.6028046607971191,0.6474696397781372,0.632733941078186,0.0,38.149147033691406,36.40692901611328,1,2,0.5,0.0,0.0
hf_github_codereview,078fc8f706471e47,0.8435733318328857,0.7400192618370056,0.20710813999176025,0.7400192618370056,0.7948512434959412,0.8435733318328857,0.0,39.219268798828125,36.40692901611328,1,2,1.0,0.5,0.5
hf_github_codereview,b8450f7c6ddd907a,0.4615596830844879,0.4509284645318985,0.021262437105178833,0.4509284645318985,0.484340101480484,0.4615596830844879,0.0,37.19118118286133,36.40692901611328,1,2,0.0,0.0,0.0
hf_github_codereview,6a49e36107aa994f,0.7297037839889526,0.6283393800258636,0.20272880792617798,0.6283393800258636,0.6748963594436646,0.7297037839889526,0.0,37.95948028564453,36.40692901611328,1,2,0.5,0.5,0.0
hf_github_codereview,3a9b1f83f2ae80bc,1.0,1.0,1.0,1.0,1.0,1.0,0.0,40.41035842895508,40.41035842895508,1,1,1.0,1.0,1.0
hf_github_codereview,c8bbae7a5a8a4fc9,1.0,1.0,1.0,1.0,1.0,1.0,0.0,40.41035842895508,40.41035842895508,1,1,1.0,1.0,1.0
hf_github_codereview,d2065aa2a6b06d47,0.30017998814582825,0.284618079662323,0.031123816967010498,0.284618079662323,0.2915211617946625,0.30017998814582825,0.0,48.62995529174805,31.25644588470459,1,2,0.0,0.0,0.0
hf_github_codereview,fe13a048e7028376,0.5847005248069763,0.5847005248069763,0.5847005248069763,0.5847005248069763,0.5847005844116211,0.5847005248069763,0.0,47.03590393066406,38.638816833496094,1,1,0.0,0.0,0.0
hf_github_codereview,7aa2d9dd4faee739,0.9999998807907104,0.5530244633555412,0.8939508348703384,0.5530244633555412,0.7436562180519104,0.9999998807907104,0.0,38.68055725097656,35.79835510253906,1,2,0.5,0.5,0.5
hf_github_codereview,5066bbefb6b857d0,0.9989064931869507,0.641266331076622,0.7152803242206573,0.641266331076622,0.8007180690765381,0.9989064931869507,0.0,40.50414276123047,42.42414665222168,1,2,0.5,0.5,0.5
hf_github_codereview,0f63ae39a3da9fa7,0.7252061367034912,0.6577191352844238,0.13497400283813477,0.6577191352844238,0.7338912487030029,0.7252061367034912,0.0,39.655391693115234,34.96832466125488,1,2,0.5,0.5,0.0
hf_github_codereview,db3e62ea926edac8,0.5414165258407593,0.5052014887332916,0.0724300742149353,0.5052014887332916,0.6174183487892151,0.5414165258407593,0.0,44.62107849121094,35.76072025299072,1,2,0.0,0.0,0.0
hf_github_codereview,4540b2d552f60de4,0.5396912097930908,0.45672735571861267,0.1659277081489563,0.45672735571861267,0.49729055166244507,0.5396912097930908,0.0,40.054229736328125,33.63833999633789,1,2,0.0,0.0,0.0
hf_github_codereview,3a9034f2770cf290,0.4717264771461487,0.460978627204895,0.021495699882507324,0.460978627204895,0.5154106616973877,0.4717264771461487,0.0,26.254255294799805,32.76175117492676,1,2,0.0,0.0,0.0
hf_github_codereview,b5f0efb0103d6cdd,0.681999921798706,0.549536868929863,0.26492610573768616,0.549536868929863,0.6309067606925964,0.681999921798706,0.0,36.79011535644531,35.02260208129883,1,2,0.5,0.0,0.0
hf_github_codereview,bc1a4d2470d9c623,0.7145926356315613,0.6222188770771027,0.018556654453277588,0.6222188770771027,0.7660790085792542,0.7145926356315613,0.0,40.63983917236328,35.65799331665039,1,3,0.6666666666666666,0.3333333333333333,0.0
hf_github_codereview,96d6ff90ab4d43c7,0.5343050360679626,0.5343050360679626,0.5343050360679626,0.5343050360679626,0.5343049764633179,0.5343050360679626,0.0,37.37528991699219,41.94342803955078,1,1,0.0,0.0,0.0
hf_github_codereview,d6c05e987326d267,0.9999998211860657,0.9999998211860657,0.9999998211860657,0.9999998211860657,0.9999998807907104,0.9999998211860657,0.0,42.4189338684082,42.4189338684082,1,1,1.0,1.0,1.0
hf_github_codereview,5010c012dc5c14a0,0.7844927310943604,0.5195789188146591,0.5298276245594025,0.5195789188146591,0.6352427005767822,0.7844927310943604,0.0,45.63316345214844,44.74452781677246,1,2,0.5,0.5,0.0
hf_github_codereview,a4be4ea582ea783b,0.9188383221626282,0.9188383221626282,0.9188383221626282,0.9188383221626282,0.9188383221626282,0.9188383221626282,0.0,34.18146896362305,37.46000289916992,1,1,1.0,1.0,1.0
hf_github_codereview,a3b1732857061bc8,0.9706206917762756,0.9706206917762756,0.9706206917762756,0.9706206917762756,0.97062087059021,0.9706206917762756,0.0,33.467369079589844,33.984580993652344,1,1,1.0,1.0,1.0
hf_github_codereview,2f7a46a943f58ae3,0.39264005422592163,0.39264005422592163,0.39264005422592163,0.39264005422592163,0.39263999462127686,0.39264005422592163,0.0,35.538455963134766,41.54201126098633,1,1,0.0,0.0,0.0
hf_github_codereview,61ed115cb4b984eb,0.8224267363548279,0.8224267363548279,0.8224267363548279,0.8224267363548279,0.8224269151687622,0.8224267363548279,0.0,35.320926666259766,35.01300811767578,1,1,1.0,1.0,1.0
hf_github_codereview,858f3a6c363e930e,0.5393089652061462,0.4956339995066325,0.010717332363128662,0.4956339995066325,0.5905362963676453,0.5393089652061462,0.0,46.58389663696289,37.63531366984049,1,3,0.0,0.0,0.0
hf_github_codereview,e59da097ffbe1581,0.5381821393966675,0.5381821393966675,0.5381821393966675,0.5381821393966675,0.5381821990013123,0.5381821393966675,0.0,38.20851135253906,31.805892944335938,1,1,0.0,0.0,0.0
hf_github_codereview,4b8d415b6d3579d6,0.5666423439979553,0.37036725878715515,0.39255017042160034,0.37036725878715515,0.48950931429862976,0.5666423439979553,0.0,46.57016372680664,33.75205612182617,1,2,0.0,0.0,0.0
hf_github_codereview,842747fd78de8b61,0.3526189923286438,0.3526189923286438,0.3526189923286438,0.3526189923286438,0.3526189923286438,0.3526189923286438,0.0,43.50568389892578,33.32560729980469,1,1,0.0,0.0,0.0
hf_github_codereview,6e98c990d8880d27,0.4880830645561218,0.4880830645561218,0.4880830645561218,0.4880830645561218,0.4880830645561218,0.4880830645561218,0.0,43.69019317626953,40.50615310668945,1,1,0.0,0.0,0.0
hf_github_codereview,60b532c2156f13e5,0.14356589317321777,0.14356589317321777,0.14356589317321777,0.14356589317321777,0.14356590807437897,0.14356589317321777,0.0,43.589027404785156,37.170143127441406,1,1,0.0,0.0,0.0
hf_github_codereview,1d35ba0d350b05fa,0.7252874970436096,0.5682604908943176,0.314054012298584,0.5682604908943176,0.7062200307846069,0.7252874970436096,0.0,39.53071594238281,36.76923084259033,1,2,0.5,0.5,0.0
hf_github_codereview,d7149d8331676a4f,0.4236829876899719,0.4236829876899719,0.4236829876899719,0.4236829876899719,0.4236831068992615,0.4236829876899719,0.0,44.123939514160156,35.254173278808594,1,1,0.0,0.0,0.0
hf_github_codereview,7be0696a0cfea693,0.33443787693977356,0.3126233220100403,0.04362910985946655,0.3126233220100403,0.35437485575675964,0.33443787693977356,0.0,42.06278991699219,30.167545318603516,1,2,0.0,0.0,0.0
hf_github_codereview,18b6f98a3e7c24e3,0.1954924613237381,0.1954924613237381,0.1954924613237381,0.1954924613237381,0.1954924315214157,0.1954924613237381,0.0,33.02995300292969,31.99897003173828,1,1,0.0,0.0,0.0
hf_github_codereview,096bce78587d8a0b,0.631523847579956,0.5624825805425644,0.13808253407478333,0.5624825805425644,0.6371434926986694,0.631523847579956,0.0,34.34305953979492,33.94509506225586,1,2,0.5,0.0,0.0
hf_github_codereview,dc575e9b88dac93b,0.9643756151199341,0.9643756151199341,0.9643756151199341,0.9643756151199341,0.9643756151199341,0.9643756151199341,0.0,36.55421447753906,35.11898422241211,1,1,1.0,1.0,1.0
hf_github_codereview,ecffcdb5905bb69b,1.0,1.0,1.0,1.0,1.0,1.0,0.0,37.47353744506836,37.47353744506836,1,1,1.0,1.0,1.0
hf_github_codereview,81e6fea43f0c10a1,1.0,1.0,1.0,1.0,1.0,1.0,0.0,45.49529266357422,45.49529266357422,1,1,1.0,1.0,1.0
hf_github_codereview,b7d041260514ba62,0.6344137191772461,0.5639327764511108,0.1409618854522705,0.5639327764511108,0.6181278824806213,0.6344137191772461,0.0,45.185302734375,41.64048194885254,1,2,0.5,0.0,0.0
hf_github_codereview,1c9430c52b59d9c4,0.9691131114959717,0.9691131114959717,0.9691131114959717,0.9691131114959717,0.9691132307052612,0.9691131114959717,0.0,36.98139953613281,40.26169967651367,1,1,1.0,1.0,1.0
hf_github_codereview,cb1e26132d4ffdc2,0.3116895854473114,0.2500104010105133,0.12335836887359619,0.2500104010105133,0.2839268445968628,0.3116895854473114,0.0,44.34383773803711,31.580101013183594,1,2,0.0,0.0,0.0
hf_github_codereview,64fdf752c9eeec96,0.5179904103279114,0.44934970140457153,0.1372814178466797,0.44934970140457153,0.5088790059089661,0.5179904103279114,0.0,40.290504455566406,32.63004493713379,1,2,0.0,0.0,0.0
hf_github_codereview,e412d5c3789c405c,0.5560406446456909,0.5560406446456909,0.5560406446456909,0.5560406446456909,0.5560407638549805,0.5560406446456909,0.0,39.28858947753906,42.51932144165039,1,1,0.0,0.0,0.0
hf_github_codereview,2874ee78466263fd,0.6851353049278259,0.6851353049278259,0.6851353049278259,0.6851353049278259,0.6851353645324707,0.6851353049278259,0.0,32.893402099609375,44.640438079833984,1,1,1.0,0.0,0.0
hf_github_codereview,2e3a35b657f85095,0.9999999403953552,0.9999999403953552,0.9999999403953552,0.9999999403953552,1.0,0.9999999403953552,0.0,38.1495475769043,38.1495475769043,1,1,1.0,1.0,1.0
hf_github_codereview,b0592abae94895d3,1.0,1.0,1.0,1.0,1.0,1.0,0.0,39.30954360961914,39.30954360961914,1,1,1.0,1.0,1.0
hf_github_codereview,bd83e82cf2e28f1c,0.6468258500099182,0.6468258500099182,0.6468258500099182,0.6468258500099182,0.6468258500099182,0.6468258500099182,0.0,37.39990997314453,41.94275665283203,1,1,1.0,0.0,0.0
hf_github_codereview,ff4b484b6d5c81fa,0.6567388772964478,0.6567388772964478,0.6567388772964478,0.6567388772964478,0.6567388772964478,0.6567388772964478,0.0,39.9103889465332,41.94275665283203,1,1,1.0,0.0,0.0
hf_github_codereview,d0f43f0ccdf8a52d,0.5444587469100952,0.5444587469100952,0.5444587469100952,0.5444587469100952,0.5444587469100952,0.5444587469100952,0.0,41.3736686706543,36.80216979980469,1,1,0.0,0.0,0.0
hf_github_codereview,ec26517be47e881b,0.441069632768631,0.441069632768631,0.441069632768631,0.441069632768631,0.441069632768631,0.441069632768631,0.0,45.179161071777344,37.95452880859375,1,1,0.0,0.0,0.0
hf_github_codereview,c5d095625852253e,0.7105871438980103,0.7105871438980103,0.7105871438980103,0.7105871438980103,0.7105870246887207,0.7105871438980103,0.0,39.71651077270508,37.2083854675293,1,1,1.0,1.0,0.0
hf_github_codereview,0eaec74bf0ad3a18,1.0,1.0,1.0,1.0,1.0,1.0,0.0,47.12832260131836,47.12832260131836,1,1,1.0,1.0,1.0
hf_github_codereview,0f3687d327f9c0e4,0.9999998807907104,0.9999998807907104,0.9999998807907104,0.9999998807907104,1.0,0.9999998807907104,0.0,39.001502990722656,39.001502990722656,1,1,1.0,1.0,1.0
hf_github_codereview,37399fdb8d71a1ff,0.7778123021125793,0.6075954139232635,0.3404337763786316,0.6075954139232635,0.7158138751983643,0.7778123021125793,0.0,31.910688400268555,41.04568290710449,1,2,0.5,0.5,0.0
hf_github_codereview,1fd0b96b75f1cb39,0.8317638039588928,0.8317638039588928,0.8317638039588928,0.8317638039588928,0.8317638635635376,0.8317638039588928,0.0,32.193355560302734,35.46925735473633,1,1,1.0,1.0,1.0
hf_github_codereview,247c860db3189958,0.8405066728591919,0.8405066728591919,0.8405066728591919,0.8405066728591919,0.8405066728591919,0.8405066728591919,0.0,39.79627990722656,35.46925735473633,1,1,1.0,1.0,1.0
hf_github_codereview,57598d3c7c438425,0.5872965455055237,0.5872965455055237,0.5872965455055237,0.5872965455055237,0.5872966051101685,0.5872965455055237,0.0,44.57390213012695,35.46925735473633,1,1,0.0,0.0,0.0
hf_github_codereview,69654ea72c95b067,0.8712304830551147,0.8712304830551147,0.8712304830551147,0.8712304830551147,0.8712305426597595,0.8712304830551147,0.0,38.402671813964844,35.46925735473633,1,1,1.0,1.0,1.0
hf_github_codereview,d98c35df278de14a,1.0,1.0,1.0,1.0,1.0,1.0,0.0,35.78416061401367,35.78416061401367,1,1,1.0,1.0,1.0
hf_github_codereview,d8244ad326b34508,0.7343848943710327,0.5270097106695175,0.4147503674030304,0.5270097106695175,0.6327447891235352,0.7343848943710327,0.0,42.784912109375,41.64962387084961,1,2,0.5,0.5,0.0
hf_github_codereview,f70b8331744f28c8,1.0,1.0,1.0,1.0,1.0,1.0,0.0,34.45283508300781,34.45283508300781,1,1,1.0,1.0,1.0
hf_github_codereview,428390bf4348fa4f,0.9192195534706116,0.9192195534706116,0.9192195534706116,0.9192195534706116,0.9192196130752563,0.9192195534706116,0.0,27.621912002563477,28.33173179626465,1,1,1.0,1.0,1.0
hf_github_codereview,391c0d65e34dde2d,1.0,0.5842147171497345,0.831570565700531,0.5842147171497345,0.7643395066261292,1.0,0.0,42.7461051940918,40.186723709106445,1,2,0.5,0.5,0.5
hf_github_codereview,c4797ac451ac2e40,0.8725401759147644,0.6534033268690109,0.43827369809150696,0.6534033268690109,0.7823620438575745,0.8725401759147644,0.0,38.102325439453125,40.41129112243652,1,2,0.5,0.5,0.5
hf_github_codereview,c3b1be186f514c8b,0.4885125160217285,0.34408198297023773,0.28886106610298157,0.34408198297023773,0.4278523921966553,0.4885125160217285,0.0,37.39582824707031,36.027801513671875,1,2,0.0,0.0,0.0
hf_github_codereview,82223144cd25fd60,0.2819002866744995,0.1963704265654087,0.1710597202181816,0.1963704265654087,0.2508261203765869,0.2819002866744995,0.0,41.793697357177734,37.20403480529785,1,2,0.0,0.0,0.0
hf_github_codereview,ea4d60c0c180b335,0.48244136571884155,0.48244136571884155,0.48244136571884155,0.48244136571884155,0.48244136571884155,0.48244136571884155,0.0,32.42633056640625,47.72473907470703,1,1,0.0,0.0,0.0
hf_github_codereview,1508ab90593989ec,0.5248343348503113,0.5248343348503113,0.5248343348503113,0.5248343348503113,0.5248343348503113,0.5248343348503113,0.0,36.5233039855957,24.30923843383789,1,1,0.0,0.0,0.0
hf_github_codereview,048c333ea7be99c6,0.30916303396224976,0.22491296380758286,0.1685001403093338,0.22491296380758286,0.2849109172821045,0.30916303396224976,0.0,44.24903106689453,34.63197040557861,1,2,0.0,0.0,0.0
hf_github_codereview,3b787679ab262a9e,0.5133324861526489,0.43488869071006775,0.15688759088516235,0.43488869071006775,0.4979872405529022,0.5133324861526489,0.0,38.26633834838867,29.501399993896484,1,2,0.0,0.0,0.0
hf_github_codereview,6b38688dc6d6797c,0.42103785276412964,0.42103785276412964,0.42103785276412964,0.42103785276412964,0.42103785276412964,0.42103785276412964,0.0,38.54034423828125,40.760353088378906,1,1,0.0,0.0,0.0
hf_github_codereview,2a9dfe0518866d92,0.9999998211860657,0.9999998211860657,0.9999998211860657,0.9999998211860657,0.9999998807907104,0.9999998211860657,0.0,42.04072570800781,42.04072570800781,1,1,1.0,1.0,1.0
hf_github_codereview,8014871ea1602af0,0.8400278091430664,0.8400278091430664,0.8400278091430664,0.8400278091430664,0.8400278687477112,0.8400278091430664,0.0,43.314170837402344,40.26593780517578,1,1,1.0,1.0,1.0
hf_github_codereview,25528d67125dbe13,0.8682624101638794,0.8682624101638794,0.8682624101638794,0.8682624101638794,0.8682623505592346,0.8682624101638794,0.0,31.031078338623047,31.802623748779297,1,1,1.0,1.0,1.0
hf_github_codereview,9ee951c7fa6c1e29,0.6808755397796631,0.4874444603919983,0.3868621587753296,0.4874444603919983,0.5556172728538513,0.6808755397796631,0.0,34.58116912841797,35.36815166473389,1,2,0.5,0.0,0.0
hf_github_codereview,b5ee06512edf6107,1.0,1.0,1.0,1.0,1.0,1.0,0.0,39.984947204589844,39.984947204589844,1,1,1.0,1.0,1.0
hf_github_codereview,690736a84266672a,0.9999998807907104,0.9999998807907104,0.9999998807907104,0.9999998807907104,0.9999998807907104,0.9999998807907104,0.0,39.2254524230957,39.2254524230957,1,1,1.0,1.0,1.0
hf_github_codereview,e859f056b1167b9f,0.84865802526474,0.84865802526474,0.84865802526474,0.84865802526474,0.8486580848693848,0.84865802526474,0.0,41.38901901245117,41.91579055786133,1,1,1.0,1.0,1.0
hf_github_codereview,fad3e629c939d8c2,0.5024042129516602,0.5024042129516602,0.5024042129516602,0.5024042129516602,0.5024041533470154,0.5024042129516602,0.0,33.47903060913086,42.23244857788086,1,1,0.0,0.0,0.0
hf_github_codereview,edd51516bacc8682,0.902264416217804,0.902264416217804,0.902264416217804,0.902264416217804,0.9022642970085144,0.902264416217804,0.0,46.43598175048828,42.23244857788086,1,1,1.0,1.0,1.0
hf_github_codereview,c80b6d2db39a29e3,0.9254916310310364,0.9254916310310364,0.9254916310310364,0.9254916310310364,0.9254916906356812,0.9254916310310364,0.0,38.7911262512207,38.531253814697266,1,1,1.0,1.0,1.0
hf_github_codereview,7148618552e71699,1.0,1.0,1.0,1.0,1.0,1.0,0.0,39.28774642944336,39.28774642944336,1,1,1.0,1.0,1.0
hf_github_codereview,d3ff37cc0a38fe24,0.9965574741363525,0.6508829742670059,0.6913489997386932,0.6508829742670059,0.8037594556808472,0.9965574741363525,0.0,44.579261779785156,39.55898857116699,1,2,0.5,0.5,0.5
hf_github_codereview,20b2780d3c61fef0,0.9045145511627197,0.9045145511627197,0.9045145511627197,0.9045145511627197,0.9045144319534302,0.9045145511627197,0.0,43.82313537597656,39.92882537841797,1,1,1.0,1.0,1.0
hf_github_codereview,bf27d11bd6e0d440,0.667221188545227,0.667221188545227,0.667221188545227,0.667221188545227,0.667221188545227,0.667221188545227,0.0,42.04241943359375,44.74703598022461,1,1,1.0,0.0,0.0
hf_github_codereview,08e00549e69620ab,0.7599636316299438,0.7599636316299438,0.7599636316299438,0.7599636316299438,0.7599636316299438,0.7599636316299438,0.0,42.54528045654297,40.55256652832031,1,1,1.0,1.0,0.0
hf_github_codereview,b1862a6cf9ceab2e,0.6825579404830933,0.6825579404830933,0.6825579404830933,0.6825579404830933,0.6825579404830933,0.6825579404830933,0.0,42.908531188964844,40.55256652832031,1,1,1.0,0.0,0.0
hf_github_codereview,cf222ece5e13e3d6,0.7515551447868347,0.7515551447868347,0.7515551447868347,0.7515551447868347,0.7515551447868347,0.7515551447868347,0.0,44.07530975341797,40.55256652832031,1,1,1.0,1.0,0.0
hf_github_codereview,d08ff33244ff4ab6,0.6745985746383667,0.6745985746383667,0.6745985746383667,0.6745985746383667,0.6745986938476562,0.6745985746383667,0.0,39.98759078979492,42.64030075073242,1,1,1.0,0.0,0.0
hf_github_codereview,27a60f0d15eef4bf,0.8112310171127319,0.8112310171127319,0.8112310171127319,0.8112310171127319,0.8112310171127319,0.8112310171127319,0.0,42.64030075073242,46.16285705566406,1,1,1.0,1.0,1.0
hf_github_codereview,e7c47fe7d240b5ab,0.9057208299636841,0.9057208299636841,0.9057208299636841,0.9057208299636841,0.9057208895683289,0.9057208299636841,0.0,44.39708709716797,41.03289794921875,1,1,1.0,1.0,1.0
hf_github_codereview,795ebb308e0e5344,0.5473496913909912,0.5473496913909912,0.5473496913909912,0.5473496913909912,0.5473496913909912,0.5473496913909912,0.0,41.28574752807617,31.679298400878906,1,1,0.0,0.0,0.0
hf_github_codereview,ba7021f35cafc240,0.6726936101913452,0.6726936101913452,0.6726936101913452,0.6726936101913452,0.6726936101913452,0.6726936101913452,0.0,43.283748626708984,31.679298400878906,1,1,1.0,0.0,0.0
hf_github_codereview,8763359372938ae3,0.5257396101951599,0.5257396101951599,0.5257396101951599,0.5257396101951599,0.5257396101951599,0.5257396101951599,0.0,46.08032989501953,31.679298400878906,1,1,0.0,0.0,0.0
hf_github_codereview,06b26d78a093fa19,0.8814220428466797,0.7621214389801025,0.2386012077331543,0.7621214389801025,0.8377336859703064,0.8814220428466797,0.0,29.019128799438477,35.137718200683594,1,2,1.0,0.5,0.5
hf_github_codereview,db19971b9cc88b3d,0.8729561567306519,0.7769722938537598,0.19196772575378418,0.7769722938537598,0.8271363973617554,0.8729561567306519,0.0,33.213932037353516,31.024919509887695,1,2,1.0,0.5,0.5
hf_github_codereview,90f3d4c5f995d4ab,0.7076223492622375,0.6756585836410522,0.0639275312423706,0.6756585836410522,0.7598398923873901,0.7076223492622375,0.0,32.36918640136719,37.028154373168945,1,2,1.0,0.5,0.0
hf_github_codereview,098778a836cd15d1,0.39617684483528137,0.39617684483528137,0.39617684483528137,0.39617684483528137,0.39617684483528137,0.39617684483528137,0.0,44.31470489501953,32.763702392578125,1,1,0.0,0.0,0.0
hf_github_codereview,3a5ded5a99936259,0.9724643230438232,0.9724643230438232,0.9724643230438232,0.9724643230438232,0.9724644422531128,0.9724643230438232,0.0,42.372093200683594,42.468101501464844,1,1,1.0,1.0,1.0
hf_github_codereview,0d6657745e02a8ef,1.0,1.0,1.0,1.0,1.0,1.0,0.0,36.73009490966797,36.73009490966797,1,1,1.0,1.0,1.0
hf_github_codereview,ab317cab2a54aa78,0.9979969263076782,0.8162860572338104,0.3634217381477356,0.8162860572338104,0.9050015211105347,0.9979969263076782,0.0,31.74168586730957,33.51895332336426,1,2,1.0,0.5,0.5
hf_github_codereview,34697e338781e955,0.9999997019767761,0.9999997019767761,0.9999997019767761,0.9999997019767761,0.9999998807907104,0.9999997019767761,0.0,44.351097106933594,44.351097106933594,1,1,1.0,1.0,1.0
hf_github_codereview,715c3e266a7dcc2c,1.0,1.0,1.0,1.0,1.0,1.0,0.0,35.795413970947266,35.795413970947266,1,1,1.0,1.0,1.0
hf_github_codereview,8d4255843f723085,0.253050297498703,0.253050297498703,0.253050297498703,0.253050297498703,0.253050297498703,0.253050297498703,0.0,42.41663360595703,44.20147705078125,1,1,0.0,0.0,0.0
hf_github_codereview,ec9545a0b9082a3a,0.5652893781661987,0.5652893781661987,0.5652893781661987,0.5652893781661987,0.565289318561554,0.5652893781661987,0.0,38.248653411865234,44.74895095825195,1,1,0.0,0.0,0.0
hf_github_codereview,4009c101d8128f7f,0.38685572147369385,0.38685572147369385,0.38685572147369385,0.38685572147369385,0.38685572147369385,0.38685572147369385,0.0,34.39514923095703,42.909915924072266,1,1,0.0,0.0,0.0
hf_github_codereview,a064982c3a493670,0.35632503032684326,0.35632503032684326,0.35632503032684326,0.35632503032684326,0.35632503032684326,0.35632503032684326,0.0,45.86766815185547,43.21037292480469,1,1,0.0,0.0,0.0
hf_github_codereview,7e9eb94e44910421,0.4991716146469116,0.4991716146469116,0.4991716146469116,0.4991716146469116,0.49917155504226685,0.4991716146469116,0.0,46.85527038574219,35.29771423339844,1,1,0.0,0.0,0.0
hf_github_codereview,ca7f4162633db372,0.7577195167541504,0.48262035846710205,0.5501983165740967,0.48262035846710205,0.6207541823387146,0.7577195167541504,0.0,31.315107345581055,40.08572959899902,1,2,0.5,0.5,0.0
hf_github_codereview,96de457d8f15f118,0.9999999403953552,0.9999999403953552,0.9999999403953552,0.9999999403953552,0.9999999403953552,0.9999999403953552,0.0,38.84735107421875,38.84735107421875,1,1,1.0,1.0,1.0
hf_github_codereview,ae5003665de2c46d,0.9692336320877075,0.9692336320877075,0.9692336320877075,0.9692336320877075,0.9692336320877075,0.9692336320877075,0.0,36.482139587402344,33.91386795043945,1,1,1.0,1.0,1.0
hf_github_codereview,bb085c3fff2e6b79,0.9565099477767944,0.5312887330849966,0.560424268245697,0.5312887330849966,0.701505184173584,0.9565099477767944,0.0,33.99142074584961,38.21637725830078,1,3,0.3333333333333333,0.3333333333333333,0.3333333333333333
hf_github_codereview,2d6423608d5eef1e,0.23467686772346497,0.22862057387828827,0.012112587690353394,0.22862057387828827,0.2741612195968628,0.23467686772346497,0.0,41.73358917236328,32.363219261169434,1,2,0.0,0.0,0.0
hf_github_codereview,ecbbb85cf619b49f,0.9017115831375122,0.793976902961731,0.2154693603515625,0.793976902961731,0.8411269187927246,0.9017115831375122,0.0,36.65276336669922,42.10465621948242,1,2,1.0,0.5,0.5
hf_github_codereview,a8d7979eaa2667d7,0.38630789518356323,0.32883420586586,0.1149473786354065,0.32883420586586,0.42352133989334106,0.38630789518356323,0.0,36.149818420410156,37.232967376708984,1,2,0.0,0.0,0.0
hf_github_codereview,9fe1b0758c1c0fc6,0.9999999403953552,0.9999999403953552,0.9999999403953552,0.9999999403953552,1.0,0.9999999403953552,0.0,44.043758392333984,44.043758392333984,1,1,1.0,1.0,1.0
hf_github_codereview,a96b4129d40baed0,0.9972448945045471,0.9972448945045471,0.9972448945045471,0.9972448945045471,0.9972448945045471,0.9972448945045471,0.0,39.898929595947266,40.034934997558594,1,1,1.0,1.0,1.0
hf_github_codereview,864e4c1074d17383,1.0,1.0,1.0,1.0,1.0,1.0,0.0,35.89500427246094,35.89500427246094,1,1,1.0,1.0,1.0
hf_github_codereview,cda5862202f66154,0.9980388283729553,0.7634358406066895,0.46920597553253174,0.7634358406066895,0.8730059862136841,0.9980388283729553,0.0,37.0717887878418,39.19174766540527,1,2,0.5,0.5,0.5
hf_github_codereview,f3f6087c7a13a880,0.9435644745826721,0.9435644745826721,0.9435644745826721,0.9435644745826721,0.9435644745826721,0.9435644745826721,0.0,32.69202423095703,31.32689666748047,1,1,1.0,1.0,1.0
hf_github_codereview,a2a382352528ee7f,1.0,1.0,1.0,1.0,1.0,1.0,0.0,35.428985595703125,35.428985595703125,1,1,1.0,1.0,1.0
hf_github_codereview,62be317489209a58,1.0,0.5344237312674522,0.9311525374650955,0.5344237312674522,0.7310429811477661,1.0,0.0,42.5040168762207,38.58491325378418,1,2,0.5,0.5,0.5
hf_github_codereview,8be94ab3702dc23c,1.0,1.0,1.0,1.0,1.0,1.0,0.0,40.6492805480957,40.6492805480957,1,1,1.0,1.0,1.0
hf_github_codereview,ce346b1b777b11a0,0.9999998807907104,0.9999998807907104,0.9999998807907104,0.9999998807907104,1.0,0.9999998807907104,0.0,44.35565948486328,44.35565948486328,1,1,1.0,1.0,1.0
hf_github_codereview,c4fc6e55fd8517a2,0.9934868216514587,0.6320188045501709,0.7229360342025757,0.6320188045501709,0.7908473014831543,0.9934868216514587,0.0,32.509273529052734,40.221683502197266,1,2,0.5,0.5,0.5
hf_github_codereview,f74ff0a5d3029dd3,0.9999997615814209,0.9999997615814209,0.9999997615814209,0.9999997615814209,0.9999999403953552,0.9999997615814209,0.0,38.1424446105957,38.1424446105957,1,1,1.0,1.0,1.0
hf_github_codereview,63601f3fe68580ce,0.7588695883750916,0.5906626135110855,0.3364139497280121,0.5906626135110855,0.716252863407135,0.7588695883750916,0.0,45.04990768432617,35.55164337158203,1,2,0.5,0.5,0.0
hf_github_codereview,99eaca4d8ebb7f08,0.9999999403953552,0.7443482577800751,0.5113033652305603,0.7443482577800751,0.8627561926841736,0.9999999403953552,0.0,40.135807037353516,37.91642761230469,1,2,0.5,0.5,0.5
hf_github_codereview,58d640efbbd4b101,0.5279952883720398,0.4848305583000183,0.08632946014404297,0.4848305583000183,0.6333561539649963,0.5279952883720398,0.0,36.897762298583984,34.34210968017578,1,2,0.0,0.0,0.0
hf_github_codereview,5ab42ea18a20b2f4,0.3505485951900482,0.20305998250842094,0.29497722536325455,0.20305998250842094,0.2534545958042145,0.3505485951900482,0.0,35.08912658691406,36.683128356933594,1,2,0.0,0.0,0.0
hf_github_codereview,ccd4cb3a0f0c24fd,0.4198911190032959,0.29701749980449677,0.24574723839759827,0.29701749980449677,0.3353199064731598,0.4198911190032959,0.0,41.245697021484375,33.766907691955566,1,2,0.0,0.0,0.0
hf_github_codereview,dc32abeb372051fb,0.7283689975738525,0.40548619255423546,0.6457656100392342,0.40548619255423546,0.5482251048088074,0.7283689975738525,0.0,34.357460021972656,37.91314888000488,1,2,0.5,0.5,0.0
hf_github_codereview,8f00eb4614b8b994,0.7186563014984131,0.7186563014984131,0.7186563014984131,0.7186563014984131,0.7186563014984131,0.7186563014984131,0.0,40.38056564331055,44.13773727416992,1,1,1.0,1.0,0.0
hf_github_codereview,8227f4d38066addd,0.5788671970367432,0.5788671970367432,0.5788671970367432,0.5788671970367432,0.5788671970367432,0.5788671970367432,0.0,44.678897857666016,39.56538009643555,1,1,0.0,0.0,0.0
hf_github_codereview,7b313240ea4ef97f,0.5182251930236816,0.4790491461753845,0.07835209369659424,0.4790491461753845,0.5279896259307861,0.5182251930236816,0.0,37.53969192504883,40.72432327270508,1,2,0.0,0.0,0.0
hf_github_codereview,c8625daf60d0464a,0.3177172541618347,0.3177172541618347,0.3177172541618347,0.3177172541618347,0.3177172541618347,0.3177172541618347,0.0,41.99677276611328,35.75596618652344,1,1,0.0,0.0,0.0
hf_github_codereview,2fc5c99ace17c4e8,0.9666581749916077,0.9666581749916077,0.9666581749916077,0.9666581749916077,0.9666581749916077,0.9666581749916077,0.0,47.99141311645508,42.3603630065918,1,1,1.0,1.0,1.0
hf_github_codereview,ab82234b4fd83e15,0.37285375595092773,0.3425012677907944,0.060704976320266724,0.3425012677907944,0.43567848205566406,0.37285375595092773,0.0,36.228431701660156,42.20301055908203,1,2,0.0,0.0,0.0
hf_github_codereview,fa10ec3e6606f066,0.5784380435943604,0.5784380435943604,0.5784380435943604,0.5784380435943604,0.5784379839897156,0.5784380435943604,0.0,31.60438346862793,43.6219367980957,1,1,0.0,0.0,0.0
hf_github_codereview,c1c5228089761225,0.36463406682014465,0.3036229535937309,0.12202222645282745,0.3036229535937309,0.3966768980026245,0.36463406682014465,0.0,31.672256469726562,45.092458724975586,1,2,0.0,0.0,0.0
hf_github_codereview,166322ed6cb6e031,0.4898442029953003,0.44658011198043823,0.08652818202972412,0.44658011198043823,0.5039811134338379,0.4898442029953003,0.0,43.7455940246582,38.97358512878418,1,2,0.0,0.0,0.0
hf_github_codereview,42c71ff82ad8b115,0.29983022809028625,0.2710774739583333,0.01339036226272583,0.25580818951129913,0.29615914821624756,0.29983022809028625,0.0,48.19939041137695,29.43311834335327,1,4,0.0,0.0,0.0
hf_github_codereview,d0d9e75342226eed,0.8576333522796631,0.6379893819491068,0.18712472915649414,0.6379893819491068,0.7992404699325562,0.8576333522796631,0.0,40.121028900146484,37.17851575215658,1,3,0.6666666666666666,0.3333333333333333,0.3333333333333333
hf_github_codereview,813f3df0be0e2c05,1.0,0.6328463405370712,0.7343073189258575,0.6328463405370712,0.7955163717269897,1.0,0.0,44.780094146728516,39.40098571777344,1,2,0.5,0.5,0.5
hf_github_codereview,c36a51224facea7f,0.9100981950759888,0.7121481001377106,0.3959001898765564,0.7121481001377106,0.8721412420272827,0.9100981950759888,0.0,45.37068557739258,43.58775520324707,1,2,0.5,0.5,0.5
hf_github_codereview,cabd058d5f9d3044,0.5767590999603271,0.5767590999603271,0.5767590999603271,0.5767590999603271,0.5767590999603271,0.5767590999603271,0.0,28.428020477294922,33.24474334716797,1,1,0.0,0.0,0.0
hf_github_codereview,478a27d9ff7a3bf0,0.8248535394668579,0.626881331205368,0.39594441652297974,0.626881331205368,0.7570003271102905,0.8248535394668579,0.0,42.150535583496094,35.972068786621094,1,2,0.5,0.5,0.5
hf_github_codereview,9a3f29b2728f5a7a,1.0,0.6278958469629288,0.7442083060741425,0.6278958469629288,0.7923988103866577,1.0,0.0,40.317081451416016,40.09695816040039,1,2,0.5,0.5,0.5
hf_github_codereview,a637d8b04c748299,0.9633537530899048,0.6878910809755325,0.5509253442287445,0.6878910809755325,0.8255079984664917,0.9633537530899048,0.0,38.06399917602539,40.54416465759277,1,2,0.5,0.5,0.5
hf_github_codereview,480010c2d0662df7,0.6743191480636597,0.6743191480636597,0.6743191480636597,0.6743191480636597,0.6743191480636597,0.6743191480636597,0.0,31.567766189575195,31.481435775756836,1,1,1.0,0.0,0.0
hf_github_codereview,e2bf5e8c056774c8,0.8753591775894165,0.44861075282096863,0.6140617728233337,0.44861075282096863,0.6250580549240112,0.8753591775894165,0.0,38.14893341064453,38.63885243733724,1,3,0.3333333333333333,0.3333333333333333,0.3333333333333333
hf_github_codereview,601ec6655d2ff301,0.8666312098503113,0.5596068203449249,0.268463134765625,0.5596068203449249,0.7266424298286438,0.8666312098503113,0.0,40.92334747314453,40.96442413330078,1,3,0.3333333333333333,0.3333333333333333,0.3333333333333333
hf_github_codereview,fe837b500b656a16,0.5517265200614929,0.5517265200614929,0.5517265200614929,0.5517265200614929,0.5517265796661377,0.5517265200614929,0.0,43.30630874633789,26.53418731689453,1,1,0.0,0.0,0.0
hf_github_codereview,8cdddec42494f722,0.9413669109344482,0.6578136384487152,0.5671065449714661,0.6578136384487152,0.8185378313064575,0.9413669109344482,0.0,45.93301773071289,42.57552719116211,1,2,0.5,0.5,0.5
hf_github_codereview,a1a3c2e02a61ec70,0.9708908796310425,0.5564255739251772,0.35201579332351685,0.5564255739251772,0.7649253010749817,0.9708908796310425,0.0,40.86038589477539,37.27904955546061,1,3,0.6666666666666666,0.3333333333333333,0.3333333333333333
hf_github_codereview,32a24925311234eb,0.9949849843978882,0.9949849843978882,0.9949849843978882,0.9949849843978882,0.9949849843978882,0.9949849843978882,0.0,44.06763458251953,43.713775634765625,1,1,1.0,1.0,1.0
hf_github_codereview,cdc5529c89c27d19,0.5692993402481079,0.4801219701766968,0.17835474014282227,0.4801219701766968,0.5371418595314026,0.5692993402481079,0.0,39.31306076049805,34.51374053955078,1,2,0.0,0.0,0.0
hf_github_codereview,383896fec54a6153,0.35427019000053406,0.325666144490242,0.057208091020584106,0.325666144490242,0.3844771385192871,0.35427019000053406,0.0,30.078407287597656,38.06827354431152,1,2,0.0,0.0,0.0
hf_github_codereview,9ec3059ae9e9843a,1.0,1.0,1.0,1.0,1.0,1.0,0.0,43.09075927734375,43.09075927734375,1,1,1.0,1.0,1.0
hf_github_codereview,940458beb10c6621,0.8052588105201721,0.8052588105201721,0.8052588105201721,0.8052588105201721,0.8052587509155273,0.8052588105201721,0.0,33.97787857055664,38.85591506958008,1,1,1.0,1.0,1.0
hf_github_codereview,8978d8a36f299ccc,0.9037454128265381,0.9037454128265381,0.9037454128265381,0.9037454128265381,0.9037453532218933,0.9037454128265381,0.0,38.90294647216797,38.85591506958008,1,1,1.0,1.0,1.0
hf_github_codereview,14fe6c503b2f4939,0.9999998807907104,0.9999998807907104,0.9999998807907104,0.9999998807907104,1.0,0.9999998807907104,0.0,34.35991287231445,34.35991287231445,1,1,1.0,1.0,1.0
hf_github_codereview,6972dea389e278f4,0.701714277267456,0.42011068016290665,0.5632071942090988,0.42011068016290665,0.5590463876724243,0.701714277267456,0.0,40.10875701904297,36.902923583984375,1,2,0.5,0.5,0.0
hf_github_codereview,e3078f7c1046c169,0.7039179801940918,0.7016789317131042,0.004478096961975098,0.7016789317131042,0.7587959170341492,0.7039179801940918,0.0,33.370758056640625,38.11317825317383,1,2,1.0,0.5,0.0
hf_github_codereview,7ba34a1249610362,0.995294988155365,0.995294988155365,0.995294988155365,0.995294988155365,0.995294988155365,0.995294988155365,0.0,40.93819046020508,42.6528205871582,1,1,1.0,1.0,1.0
hf_github_codereview,242918180c162c81,0.70530104637146,0.5044790357351303,0.4016440212726593,0.5044790357351303,0.6099957227706909,0.70530104637146,0.0,29.274761199951172,40.00083541870117,1,2,0.5,0.5,0.0
hf_github_codereview,f833588313d463da,1.0,0.9342968165874481,0.13140636682510376,0.9342968165874481,0.9665903449058533,1.0,0.0,39.00703430175781,39.562957763671875,1,2,1.0,1.0,1.0
hf_github_codereview,42ad28a1319da14a,1.0,0.9342968165874481,0.13140636682510376,0.9342968165874481,0.9665902853012085,1.0,0.0,40.11888122558594,39.562957763671875,1,2,1.0,1.0,1.0
hf_github_codereview,a55fe224cb852299,0.9621775150299072,0.7610703110694885,0.4022144079208374,0.7610703110694885,0.8578161597251892,0.9621775150299072,0.0,39.46803283691406,41.097768783569336,1,2,0.5,0.5,0.5
hf_github_codereview,ea77d97a7f74e140,0.4722059965133667,0.4722059965133667,0.4722059965133667,0.4722059965133667,0.4722059965133667,0.4722059965133667,0.0,44.090972900390625,33.56276321411133,1,1,0.0,0.0,0.0
hf_github_codereview,3e64eb2d56e7c553,0.47223228216171265,0.47223228216171265,0.47223228216171265,0.47223228216171265,0.47223228216171265,0.47223228216171265,0.0,45.21034622192383,26.698894500732422,1,1,0.0,0.0,0.0
hf_github_codereview,360ef9cba0b93846,0.5119740962982178,0.5119740962982178,0.5119740962982178,0.5119740962982178,0.5119741559028625,0.5119740962982178,0.0,36.92858123779297,34.72220993041992,1,1,0.0,0.0,0.0
hf_github_codereview,044a9a04b3e8d102,0.5879673957824707,0.586989164352417,0.001956462860107422,0.586989164352417,0.6494098901748657,0.5879673957824707,0.0,41.53142166137695,35.42500400543213,1,2,0.0,0.0,0.0
hf_github_codereview,3a2a56aa4f67f5bf,0.25012606382369995,0.25012606382369995,0.25012606382369995,0.25012606382369995,0.25012606382369995,0.25012606382369995,0.0,37.44027328491211,31.941354751586914,1,1,0.0,0.0,0.0
hf_github_codereview,35500ff5c3cf39dc,0.8776061534881592,0.8657079339027405,0.023796439170837402,0.8657079339027405,0.8811954259872437,0.8776061534881592,0.0,33.76483154296875,37.481544494628906,1,2,1.0,1.0,1.0
hf_github_codereview,a36f3b1a17558d7f,0.9999998807907104,0.6273307502269745,0.7453382611274719,0.6273307502269745,0.7920421361923218,0.9999998807907104,0.0,41.16800308227539,41.64869689941406,1,2,0.5,0.5,0.5
hf_github_codereview,5a1b969ceec2a89b,0.20507076382637024,0.1674609829982122,0.038203343749046326,0.1674609829982122,0.20297184586524963,0.20507076382637024,0.0,39.932003021240234,42.31109746297201,1,3,0.0,0.0,0.0
hf_github_codereview,0564645296a7767d,0.31191909313201904,0.31191909313201904,0.31191909313201904,0.31191909313201904,0.31191909313201904,0.31191909313201904,0.0,38.41535186767578,47.845680236816406,1,1,0.0,0.0,0.0
hf_github_codereview,4c4bb6d4319fa78d,0.8827042579650879,0.6438063581784567,0.19646555185317993,0.6438063581784567,0.7896174192428589,0.8827042579650879,0.0,29.522281646728516,35.63052558898926,1,3,0.6666666666666666,0.3333333333333333,0.3333333333333333
hf_github_codereview,7085e898bb40bd05,0.9999998807907104,0.9999998807907104,0.9999998807907104,0.9999998807907104,1.0,0.9999998807907104,0.0,45.97395324707031,45.97395324707031,1,1,1.0,1.0,1.0
hf_github_codereview,0722e295ee5efef5,0.9750819206237793,0.6566510945558548,0.636861652135849,0.6566510945558548,0.8078687191009521,0.9750819206237793,0.0,36.35514450073242,39.52505302429199,1,2,0.5,0.5,0.5
hf_github_codereview,b4a8536b228cd9e9,1.0,1.0,1.0,1.0,1.0,1.0,0.0,47.417911529541016,47.417911529541016,1,1,1.0,1.0,1.0
hf_github_codereview,188ba78d50af4113,1.0,1.0,1.0,1.0,1.0,1.0,0.0,37.332889556884766,37.332889556884766,1,1,1.0,1.0,1.0
hf_github_codereview,00df6849c11a1516,0.9999998807907104,0.6136448979377747,0.7727099657058716,0.6136448979377747,0.7833549380302429,0.9999998807907104,0.0,44.94971466064453,44.35610580444336,1,2,0.5,0.5,0.5
hf_github_codereview,7c118d580391c243,0.9311246871948242,0.9311246871948242,0.9311246871948242,0.9311246871948242,0.9311248064041138,0.9311246871948242,0.0,42.165252685546875,43.845699310302734,1,1,1.0,1.0,1.0
hf_github_codereview,5087a9abab00cf75,0.9781099557876587,0.9781099557876587,0.9781099557876587,0.9781099557876587,0.9781100153923035,0.9781099557876587,0.0,39.65400314331055,38.706722259521484,1,1,1.0,1.0,1.0
hf_github_codereview,7c6e26e2a63c87d5,0.9822171926498413,0.600113570690155,0.7642072439193726,0.600113570690155,0.7728323340415955,0.9822171926498413,0.0,39.42375183105469,34.9272403717041,1,2,0.5,0.5,0.5
hf_github_codereview,29a52f2a849e69ab,0.7954373955726624,0.5433695614337921,0.5041356682777405,0.5433695614337921,0.6645019054412842,0.7954373955726624,0.0,45.13778305053711,39.56326103210449,1,2,0.5,0.5,0.0
hf_github_codereview,cdfd3773103e2964,0.9170076847076416,0.6385193169116974,0.5569767355918884,0.6385193169116974,0.7808631658554077,0.9170076847076416,0.0,44.71022415161133,39.56326103210449,1,2,0.5,0.5,0.5
hf_github_codereview,350155b235056245,0.656085729598999,0.43254809081554413,0.4470752775669098,0.43254809081554413,0.5416380763053894,0.656085729598999,0.0,38.82631301879883,38.27068519592285,1,2,0.5,0.0,0.0
hf_github_codereview,bdf948afb48d8fe4,1.0,0.7170110046863556,0.5659779906272888,0.7170110046863556,0.8467649817466736,1.0,0.0,31.3658447265625,35.776132583618164,1,2,0.5,0.5,0.5
hf_github_codereview,0d17ff4ad4c39a68,0.7526871562004089,0.7526871562004089,0.7526871562004089,0.7526871562004089,0.7526871562004089,0.7526871562004089,0.0,46.20301818847656,42.11354064941406,1,1,1.0,1.0,0.0
hf_github_codereview,9d5818af9b273286,1.0,0.5454855225980282,0.9090289548039436,0.5454855225980282,0.7385700345039368,1.0,0.0,44.16191864013672,39.80499076843262,1,2,0.5,0.5,0.5
hf_github_codereview,b2651caf456e27f1,1.0,1.0,1.0,1.0,1.0,1.0,0.0,36.21305847167969,36.21305847167969,1,1,1.0,1.0,1.0
hf_github_codereview,9e2f146ed3d079a2,0.5000039935112,0.5000039935112,0.5000039935112,0.5000039935112,0.5000039935112,0.5000039935112,0.0,43.5118408203125,40.49930953979492,1,1,0.0,0.0,0.0
hf_github_codereview,44a4356bbc605974,0.29448390007019043,0.28186236321926117,0.02524307370185852,0.28186236321926117,0.3197941184043884,0.29448390007019043,0.0,33.020713806152344,38.56062698364258,1,2,0.0,0.0,0.0
hf_github_codereview,1095f4ce2defbced,0.9619326591491699,0.7854758501052856,0.35291361808776855,0.7854758501052856,0.8728880882263184,0.9619326591491699,0.0,45.1005973815918,44.712289810180664,1,2,1.0,0.5,0.5
hf_github_codereview,206b632ef4c601c9,0.9909839630126953,0.9909839630126953,0.9909839630126953,0.9909839630126953,0.9909840822219849,0.9909839630126953,0.0,43.85439682006836,44.28599166870117,1,1,1.0,1.0,1.0
hf_github_codereview,18da411e71e48c91,0.6266770958900452,0.6266770958900452,0.6266770958900452,0.6266770958900452,0.6266771554946899,0.6266770958900452,0.0,39.02899932861328,42.59115219116211,1,1,1.0,0.0,0.0
hf_github_codereview,15362451d4ba4af4,0.6209556460380554,0.4484585225582123,0.3449942469596863,0.4484585225582123,0.5763242840766907,0.6209556460380554,0.0,44.102108001708984,34.57877540588379,1,2,0.5,0.0,0.0
hf_github_codereview,624b8e3674e1b078,0.4735702872276306,0.4735702872276306,0.4735702872276306,0.4735702872276306,0.4735702872276306,0.4735702872276306,0.0,39.0088996887207,33.4124870300293,1,1,0.0,0.0,0.0
hf_github_codereview,c877d98de9f46965,0.9431257247924805,0.9431257247924805,0.9431257247924805,0.9431257247924805,0.9431257247924805,0.9431257247924805,0.0,31.75818634033203,28.985633850097656,1,1,1.0,1.0,1.0
hf_github_codereview,2ff48bb03d829f30,1.0,0.6664082407951355,0.667183518409729,0.6664082407951355,0.816338300704956,1.0,0.0,38.49491882324219,35.4635124206543,1,2,0.5,0.5,0.5
hf_github_codereview,b21783470d9f6850,0.23486220836639404,0.23486220836639404,0.23486220836639404,0.23486220836639404,0.23486220836639404,0.23486220836639404,0.0,35.890953063964844,38.900787353515625,1,1,0.0,0.0,0.0
hf_github_codereview,284a5a6f7cc1b991,0.6354472041130066,0.45512165129184723,0.3606511056423187,0.45512165129184723,0.5300326347351074,0.6354472041130066,0.0,47.28794479370117,39.595088958740234,1,2,0.5,0.0,0.0
hf_github_codereview,f73d575f0c4ee3b7,0.25002411007881165,0.25002411007881165,0.25002411007881165,0.25002411007881165,0.25002413988113403,0.25002411007881165,0.0,41.00101089477539,26.66792106628418,1,1,0.0,0.0,0.0
hf_github_codereview,aa48e61803c5875e,0.39041751623153687,0.39041751623153687,0.39041751623153687,0.39041751623153687,0.39041751623153687,0.39041751623153687,0.0,37.81947326660156,40.99140167236328,1,1,0.0,0.0,0.0
hf_github_codereview,18d7ac5d2d4c9524,0.6358921527862549,0.45243243873119354,0.3669194281101227,0.45243243873119354,0.5643232464790344,0.6358921527862549,0.0,35.78721618652344,32.728158950805664,1,2,0.5,0.0,0.0
hf_github_codereview,296f34b999d69eaa,0.17334893345832825,0.17334893345832825,0.17334893345832825,0.17334893345832825,0.17334893345832825,0.17334893345832825,0.0,34.402862548828125,31.633310317993164,1,1,0.0,0.0,0.0
hf_github_codereview,4bb766fc286009d1,0.8753842115402222,0.6077223271131516,0.5353237688541412,0.6077223271131516,0.7259011268615723,0.8753842115402222,0.0,36.35953903198242,37.74647521972656,1,2,0.5,0.5,0.5
hf_github_codereview,c93c027ba0df3436,0.7572051286697388,0.6204053461551666,0.2735995650291443,0.6204053461551666,0.745698094367981,0.7572051286697388,0.0,38.54399108886719,38.196685791015625,1,2,0.5,0.5,0.0
hf_github_codereview,a9696522c622a414,0.7583655118942261,0.6328164637088776,0.251098096370697,0.6328164637088776,0.7055970430374146,0.7583655118942261,0.0,43.09586715698242,44.634260177612305,1,2,0.5,0.5,0.0
hf_github_codereview,1956404fb8a2a987,0.36572742462158203,0.36572742462158203,0.36572742462158203,0.36572742462158203,0.36572742462158203,0.36572742462158203,0.0,42.2384147644043,33.948829650878906,1,1,0.0,0.0,0.0
hf_github_codereview,66ad4de641373009,0.9985703229904175,0.9985703229904175,0.9985703229904175,0.9985703229904175,0.9985703825950623,0.9985703229904175,0.0,45.9033088684082,45.78947830200195,1,1,1.0,1.0,1.0
hf_github_codereview,6fccd97f583a7813,0.9202178716659546,0.9202178716659546,0.9202178716659546,0.9202178716659546,0.9202178716659546,0.9202178716659546,0.0,31.606487274169922,35.68669509887695,1,1,1.0,1.0,1.0
hf_github_codereview,c98229b05fb59649,0.3552854657173157,0.3291067034006119,0.05235752463340759,0.3291067034006119,0.3991689682006836,0.3552854657173157,0.0,41.11745834350586,33.163326263427734,1,2,0.0,0.0,0.0
hf_github_codereview,60d8870bf730e43f,0.48635923862457275,0.48635923862457275,0.48635923862457275,0.48635923862457275,0.4863593280315399,0.48635923862457275,0.0,38.269981384277344,36.09223937988281,1,1,0.0,0.0,0.0
hf_github_codereview,8833849d356df1e2,0.4427133798599243,0.4427133798599243,0.4427133798599243,0.4427133798599243,0.4427133798599243,0.4427133798599243,0.0,46.648765563964844,39.06376266479492,1,1,0.0,0.0,0.0
hf_github_codereview,95a6dfe313c3495f,0.774707555770874,0.774707555770874,0.774707555770874,0.774707555770874,0.7747073769569397,0.774707555770874,0.0,39.450313568115234,35.283851623535156,1,1,1.0,1.0,0.0
hf_github_codereview,57d3fbd60978db95,0.33370429277420044,0.33370429277420044,0.33370429277420044,0.33370429277420044,0.33370429277420044,0.33370429277420044,0.0,41.77421188354492,31.42496681213379,1,1,0.0,0.0,0.0
hf_github_codereview,00353fa190c2daeb,0.25791582465171814,0.25791582465171814,0.25791582465171814,0.25791582465171814,0.2579158544540405,0.25791582465171814,0.0,34.090999603271484,30.76546859741211,1,1,0.0,0.0,0.0
hf_github_codereview,07b2bcf860e8c73e,0.9072434306144714,0.9072434306144714,0.9072434306144714,0.9072434306144714,0.9072434306144714,0.9072434306144714,0.0,34.21519470214844,37.570411682128906,1,1,1.0,1.0,1.0
hf_github_codereview,1a7ffe9b80af2b97,0.7379604578018188,0.7379604578018188,0.7379604578018188,0.7379604578018188,0.7379605770111084,0.7379604578018188,0.0,48.49867630004883,44.27130126953125,1,1,1.0,1.0,0.0
hf_github_codereview,280d8ba6eb3b1358,1.0,0.5747723802924156,0.8504552394151688,0.5747723802924156,0.7581374645233154,1.0,0.0,45.665653228759766,41.319963455200195,1,2,0.5,0.5,0.5
hf_github_codereview,7bfcd60b5168b74d,0.13083462417125702,0.13083462417125702,0.13083462417125702,0.13083462417125702,0.13083460927009583,0.13083462417125702,0.0,42.92875289916992,40.1821174621582,1,1,0.0,0.0,0.0
hf_github_codereview,807d11e6e4adb6c5,0.7589225172996521,0.7589225172996521,0.7589225172996521,0.7589225172996521,0.7589225769042969,0.7589225172996521,0.0,47.90591049194336,42.3464241027832,1,1,1.0,1.0,0.0
hf_github_codereview,724b15453f8cd7fb,0.7560248374938965,0.7560248374938965,0.7560248374938965,0.7560248374938965,0.756024956703186,0.7560248374938965,0.0,48.41474533081055,42.3464241027832,1,1,1.0,1.0,0.0
hf_github_codereview,17899d5c0538da78,0.24813787639141083,0.24179711937904358,0.012681514024734497,0.24179711937904358,0.25088176131248474,0.24813787639141083,0.0,43.34978103637695,31.14543056488037,1,2,0.0,0.0,0.0
hf_github_codereview,9523c39db86992cc,0.898392915725708,0.898392915725708,0.898392915725708,0.898392915725708,0.898392915725708,0.898392915725708,0.0,41.74394989013672,41.09206771850586,1,1,1.0,1.0,1.0
hf_github_codereview,1c1db6425d37c785,1.0,0.6400048534075419,0.4159613251686096,0.6400048534075419,0.7853660583496094,1.0,0.0,36.47299575805664,40.23601150512695,1,3,0.3333333333333333,0.3333333333333333,0.3333333333333333
hf_github_codereview,f67b8af3b01a51a1,1.0,1.0,1.0,1.0,1.0,1.0,0.0,45.66785430908203,45.66785430908203,1,1,1.0,1.0,1.0
hf_github_codereview,eb396c52d7dca9bd,0.5813866257667542,0.4419245421886444,0.2789241671562195,0.4419245421886444,0.5609239339828491,0.5813866257667542,0.0,44.893646240234375,31.933801651000977,1,2,0.0,0.0,0.0
hf_github_codereview,63e940c36b1fc925,0.7941116094589233,0.7941116094589233,0.7941116094589233,0.7941116094589233,0.7941116094589233,0.7941116094589233,0.0,45.736812591552734,39.527923583984375,1,1,1.0,1.0,0.0
hf_github_codereview,05afc5a36961b0a1,0.30703067779541016,0.254727765917778,0.10460582375526428,0.254727765917778,0.29875731468200684,0.30703067779541016,0.0,41.277366638183594,31.797033309936523,1,2,0.0,0.0,0.0
hf_github_codereview,2ee31b06919afde0,0.9771559238433838,0.9771559238433838,0.9771559238433838,0.9771559238433838,0.9771559238433838,0.9771559238433838,0.0,39.16969680786133,41.60124969482422,1,1,1.0,1.0,1.0
hf_github_codereview,7ebb9a74af614d4f,0.19081589579582214,0.19081589579582214,0.19081589579582214,0.19081589579582214,0.19081589579582214,0.19081589579582214,0.0,45.11440658569336,30.792287826538086,1,1,0.0,0.0,0.0
hf_github_codereview,4764c57b8615e002,0.6360684037208557,0.49488578736782074,0.28236523270606995,0.49488578736782074,0.6028944253921509,0.6360684037208557,0.0,42.719642639160156,40.290557861328125,1,2,0.5,0.0,0.0
hf_github_codereview,d7fc91e12ca4a0cd,1.0,1.0,1.0,1.0,1.0,1.0,0.0,36.719024658203125,36.719024658203125,1,1,1.0,1.0,1.0
hf_github_codereview,bd381bc36ab88d4b,0.9018225073814392,0.5671036094427109,0.34291261434555054,0.5671036094427109,0.7302225828170776,0.9018225073814392,0.0,41.3682861328125,41.04175313313802,1,3,0.3333333333333333,0.3333333333333333,0.3333333333333333
hf_github_codereview,831d01ba1a1d28fb,0.5297268629074097,0.35726140439510345,0.3449309170246124,0.35726140439510345,0.4805876612663269,0.5297268629074097,0.0,42.7159538269043,29.14124870300293,1,2,0.0,0.0,0.0
hf_github_codereview,407cdd0c9198e293,0.5323315858840942,0.5323315858840942,0.5323315858840942,0.5323315858840942,0.5323315858840942,0.5323315858840942,0.0,42.988285064697266,35.02936935424805,1,1,0.0,0.0,0.0
hf_github_codereview,f4cf285693497d34,0.6324847340583801,0.5013129264116287,0.2623436152935028,0.5013129264116287,0.5749176740646362,0.6324847340583801,0.0,36.54785919189453,39.852922439575195,1,2,0.5,0.0,0.0
hf_github_codereview,e4f13e0b91a607bf,0.5048763751983643,0.41235971450805664,0.18503332138061523,0.41235971450805664,0.5151175260543823,0.5048763751983643,0.0,30.116981506347656,36.65595245361328,1,2,0.0,0.0,0.0
hf_github_codereview,5d22d80a44067b5f,0.7907201051712036,0.7907201051712036,0.7907201051712036,0.7907201051712036,0.7907201051712036,0.7907201051712036,0.0,32.211944580078125,36.74468994140625,1,1,1.0,1.0,0.0
hf_github_codereview,a3030c0cef5c73b9,1.0,0.6735748052597046,0.6528503894805908,0.6735748052597046,0.820716142654419,1.0,0.0,43.724666595458984,43.90680503845215,1,2,0.5,0.5,0.5
hf_github_codereview,6d791f1ed9ec6128,0.4475192725658417,0.4475192725658417,0.4475192725658417,0.4475192725658417,0.4475192725658417,0.4475192725658417,0.0,39.04684066772461,32.053009033203125,1,1,0.0,0.0,0.0
hf_github_codereview,36362b7683a3f79e,1.0,0.7509703040122986,0.49805939197540283,0.7509703040122986,0.8665854334831238,1.0,0.0,39.914058685302734,37.69975280761719,1,2,0.5,0.5,0.5
hf_github_codereview,04feada636a0d430,0.9773769974708557,0.8266604840755463,0.3014330267906189,0.8266604840755463,0.9105330109596252,0.9773769974708557,0.0,38.99763488769531,39.53176689147949,1,2,1.0,0.5,0.5
hf_github_codereview,38ac2a3f496ebb36,0.3252508044242859,0.3252508044242859,0.3252508044242859,0.3252508044242859,0.32525086402893066,0.3252508044242859,0.0,33.64915466308594,30.12738037109375,1,1,0.0,0.0,0.0
hf_github_codereview,362a03827a164b0a,0.3209075331687927,0.3209075331687927,0.3209075331687927,0.3209075331687927,0.3209075331687927,0.3209075331687927,0.0,34.99456024169922,30.12738037109375,1,1,0.0,0.0,0.0
hf_github_codereview,aee8f7be4faa8fe5,0.975618839263916,0.6621530055999756,0.6269316673278809,0.6621530055999756,0.8092842102050781,0.975618839263916,0.0,37.7034912109375,36.406686782836914,1,2,0.5,0.5,0.5
hf_github_codereview,2d249636012d89e6,0.5253263115882874,0.5253263115882874,0.5253263115882874,0.5253263115882874,0.5253263115882874,0.5253263115882874,0.0,41.7301025390625,33.998390197753906,1,1,0.0,0.0,0.0
hf_github_codereview,77791e4be1c0baa6,0.8750754594802856,0.8750754594802856,0.8750754594802856,0.8750754594802856,0.8750755786895752,0.8750754594802856,0.0,39.61457061767578,33.998390197753906,1,1,1.0,1.0,1.0
hf_github_codereview,8f99e3b4926834b0,1.0,0.6690656095743179,0.6618687808513641,0.6690656095743179,0.8179643154144287,1.0,0.0,35.018280029296875,33.039734840393066,1,2,0.5,0.5,0.5
hf_github_codereview,64c2b8a465c0fdcb,0.7572053670883179,0.7572053670883179,0.7572053670883179,0.7572053670883179,0.7572053670883179,0.7572053670883179,0.0,28.22652244567871,22.116819381713867,1,1,1.0,1.0,0.0
hf_github_codereview,d246f02272c4237d,0.9502370357513428,0.9502370357513428,0.9502370357513428,0.9502370357513428,0.9502371549606323,0.9502370357513428,0.0,28.574302673339844,30.999887466430664,1,1,1.0,1.0,1.0
hf_github_codereview,537c08c456440cb7,0.8954461812973022,0.6793469786643982,0.4321984052658081,0.6793469786643982,0.7807734608650208,0.8954461812973022,0.0,37.30630874633789,41.91569137573242,1,2,0.5,0.5,0.5
hf_github_codereview,b9c7b90c690286a0,0.5035145282745361,0.5035145282745361,0.5035145282745361,0.5035145282745361,0.5035145282745361,0.5035145282745361,0.0,34.946529388427734,36.79951858520508,1,1,0.0,0.0,0.0
hf_github_codereview,3a8251032a8e4432,0.24952776730060577,0.24952776730060577,0.24952776730060577,0.24952776730060577,0.24952778220176697,0.24952776730060577,0.0,33.596317291259766,29.834260940551758,1,1,0.0,0.0,0.0
hf_github_codereview,3bf7fcddba1801f2,0.4103552997112274,0.4103552997112274,0.4103552997112274,0.4103552997112274,0.4103553295135498,0.4103552997112274,0.0,42.05216979980469,29.834260940551758,1,1,0.0,0.0,0.0
hf_github_codereview,57eb87357af39350,0.4907301068305969,0.4907301068305969,0.4907301068305969,0.4907301068305969,0.49073007702827454,0.4907301068305969,0.0,40.06357192993164,33.17265319824219,1,1,0.0,0.0,0.0
hf_github_codereview,b556364a328cd4ea,0.6921651363372803,0.6921651363372803,0.6921651363372803,0.6921651363372803,0.692165195941925,0.6921651363372803,0.0,34.004276275634766,24.191638946533203,1,1,1.0,0.0,0.0
hf_github_codereview,3bdced951131411e,0.2754761278629303,0.2754761278629303,0.2754761278629303,0.2754761278629303,0.2754761576652527,0.2754761278629303,0.0,42.31616973876953,27.559621810913086,1,1,0.0,0.0,0.0
hf_github_codereview,a45733907a12a080,0.44739508628845215,0.44739508628845215,0.44739508628845215,0.44739508628845215,0.447394996881485,0.44739508628845215,0.0,40.154197692871094,32.11447525024414,1,1,0.0,0.0,0.0
hf_github_codereview,4849553900bb8e3a,0.31346213817596436,0.31346213817596436,0.31346213817596436,0.31346213817596436,0.31346213817596436,0.31346213817596436,0.0,40.60895538330078,31.03464126586914,1,1,0.0,0.0,0.0
hf_github_codereview,ca449711683a9361,0.8845221400260925,0.6262548267841339,0.5165346264839172,0.6262548267841339,0.7708684206008911,0.8845221400260925,0.0,34.67828369140625,32.036892890930176,1,2,0.5,0.5,0.5
hf_github_codereview,c414c7bc3e1373f6,0.6090739369392395,0.47355030477046967,0.2710472643375397,0.47355030477046967,0.5736945271492004,0.6090739369392395,0.0,43.81262969970703,31.607850074768066,1,2,0.5,0.0,0.0
hf_github_codereview,4eb6d974e9580715,0.4664633870124817,0.4664633870124817,0.4664633870124817,0.4664633870124817,0.4664633870124817,0.4664633870124817,0.0,39.253929138183594,28.41768455505371,1,1,0.0,0.0,0.0
hf_github_codereview,a98404af5c467f47,0.8979309797286987,0.8979309797286987,0.8979309797286987,0.8979309797286987,0.8979308605194092,0.8979309797286987,0.0,42.63998794555664,41.42082214355469,1,1,1.0,1.0,1.0
hf_github_codereview,7ec06390eb4c92b0,0.5904953479766846,0.5904953479766846,0.5904953479766846,0.5904953479766846,0.5904953479766846,0.5904953479766846,0.0,25.04770278930664,28.99958038330078,1,1,0.0,0.0,0.0
hf_github_codereview,170d9d40067951be,0.5154560804367065,0.5154560804367065,0.5154560804367065,0.5154560804367065,0.5154560804367065,0.5154560804367065,0.0,27.243675231933594,28.544565200805664,1,1,0.0,0.0,0.0
hf_github_codereview,d8fdc934e73adb4c,0.452859491109848,0.3851042240858078,0.13551053404808044,0.3851042240858078,0.47222086787223816,0.452859491109848,0.0,33.90789794921875,35.54697036743164,1,2,0.0,0.0,0.0
hf_github_codereview,b2c2ea86e0cc3e1d,0.6776910424232483,0.6776910424232483,0.6776910424232483,0.6776910424232483,0.6776910424232483,0.6776910424232483,0.0,35.516963958740234,25.75899887084961,1,1,1.0,0.0,0.0
hf_github_codereview,81ed93736388bd57,0.49635836482048035,0.49635836482048035,0.49635836482048035,0.49635836482048035,0.4963584244251251,0.49635836482048035,0.0,33.61569595336914,27.198589324951172,1,1,0.0,0.0,0.0
hf_github_codereview,3989419cb7c99c5c,0.48255085945129395,0.48255085945129395,0.48255085945129395,0.48255085945129395,0.48255088925361633,0.48255085945129395,0.0,35.001861572265625,34.43853759765625,1,1,0.0,0.0,0.0
hf_github_codereview,02c5fb00bbb700e1,0.5089466571807861,0.5089466571807861,0.5089466571807861,0.5089466571807861,0.5089466571807861,0.5089466571807861,0.0,46.02226257324219,31.17084503173828,1,1,0.0,0.0,0.0
hf_github_codereview,9de9fa1ffd63e30a,0.2454758882522583,0.2454758882522583,0.2454758882522583,0.2454758882522583,0.2454759180545807,0.2454758882522583,0.0,37.48399353027344,29.132579803466797,1,1,0.0,0.0,0.0
hf_github_codereview,5d36624e2341bd1b,0.6405746936798096,0.6068256497383118,0.0674980878829956,0.6068256497383118,0.6569648385047913,0.6405746936798096,0.0,35.70798873901367,29.977961540222168,1,2,0.5,0.0,0.0
hf_github_codereview,2121dafbf8049f8f,1.0,0.6991341412067413,0.6017317175865173,0.6991341412067413,0.8361424803733826,1.0,0.0,32.55145263671875,34.585235595703125,1,2,0.5,0.5,0.5
hf_github_codereview,b8b6faf938ba034b,0.9978389143943787,0.9978389143943787,0.9978389143943787,0.9978389143943787,0.9978389143943787,0.9978389143943787,0.0,42.838077545166016,42.67195129394531,1,1,1.0,1.0,1.0
hf_github_codereview,363ebe67720f3c09,0.9292898178100586,0.5894518494606018,0.6796759366989136,0.5894518494606018,0.7400391101837158,0.9292898178100586,0.0,41.98078536987305,38.6322078704834,1,2,0.5,0.5,0.5
hf_github_codereview,2283adcdb8922a92,0.768120527267456,0.5314171612262726,0.47340673208236694,0.5314171612262726,0.6488267183303833,0.768120527267456,0.0,39.888729095458984,43.319942474365234,1,2,0.5,0.5,0.0
hf_github_codereview,61a3d9ccc9639d85,0.8386752605438232,0.5311456099152565,0.6150593012571335,0.5311456099152565,0.6438708305358887,0.8386752605438232,0.0,37.958499908447266,29.666711807250977,1,2,0.5,0.5,0.5
hf_github_codereview,d157fec223f51182,1.0,0.6581758260726929,0.6836483478546143,0.6581758260726929,0.8112804293632507,1.0,0.0,45.046714782714844,35.58205699920654,1,2,0.5,0.5,0.5
hf_github_codereview,05b225b7770193b4,1.0,0.6059613153338432,0.7880773693323135,0.6059613153338432,0.778435230255127,1.0,0.0,40.020545959472656,36.11027526855469,1,2,0.5,0.5,0.5
hf_github_codereview,6510338cf9e4dade,0.7772115468978882,0.7772115468978882,0.7772115468978882,0.7772115468978882,0.7772115468978882,0.7772115468978882,0.0,39.796932220458984,46.36546325683594,1,1,1.0,1.0,0.0
hf_github_codereview,29f8fb2ea0d31f40,0.5203956365585327,0.5203956365585327,0.5203956365585327,0.5203956365585327,0.5203956365585327,0.5203956365585327,0.0,43.25539016723633,29.239418029785156,1,1,0.0,0.0,0.0
hf_github_codereview,d5a8f0114687188b,0.9180412292480469,0.9180412292480469,0.9180412292480469,0.9180412292480469,0.9180412292480469,0.9180412292480469,0.0,34.005069732666016,29.239418029785156,1,1,1.0,1.0,1.0
hf_github_codereview,4e39ce99b5ec5800,0.7502628564834595,0.47180429100990295,0.556917130947113,0.47180429100990295,0.6080369353294373,0.7502628564834595,0.0,37.966346740722656,37.23971748352051,1,2,0.5,0.5,0.0
hf_github_codereview,884819a8c34ad92d,0.4669589698314667,0.40707483887672424,0.11976826190948486,0.40707483887672424,0.46554362773895264,0.4669589698314667,0.0,32.91510772705078,37.14472579956055,1,2,0.0,0.0,0.0
hf_github_codereview,111c71dc6a2356f0,0.336716890335083,0.31789466738700867,0.03764444589614868,0.31789466738700867,0.3816516399383545,0.336716890335083,0.0,42.298362731933594,32.42162227630615,1,2,0.0,0.0,0.0
hf_github_codereview,b95086ea4efaf63d,0.20639938116073608,0.20639938116073608,0.20639938116073608,0.20639938116073608,0.20639938116073608,0.20639938116073608,0.0,37.73982238769531,36.2558479309082,1,1,0.0,0.0,0.0
hf_github_codereview,a021b89735818f34,0.36896753311157227,0.31802359223365784,0.10188788175582886,0.31802359223365784,0.39510446786880493,0.36896753311157227,0.0,41.512001037597656,35.53021812438965,1,2,0.0,0.0,0.0
hf_github_codereview,5af707f0016e27c3,0.30302658677101135,0.25790082663297653,0.09025152027606964,0.25790082663297653,0.27487948536872864,0.30302658677101135,0.0,41.37905502319336,34.318843841552734,1,2,0.0,0.0,0.0
hf_github_codereview,ece65fb7440177d9,0.35012391209602356,0.35012391209602356,0.35012391209602356,0.35012391209602356,0.35012394189834595,0.35012391209602356,0.0,35.53863525390625,34.81190490722656,1,1,0.0,0.0,0.0
hf_github_codereview,1d07d73fa50c9abb,0.6784360408782959,0.6784360408782959,0.6784360408782959,0.6784360408782959,0.6784360408782959,0.6784360408782959,0.0,44.58271408081055,38.63056564331055,1,1,1.0,0.0,0.0
hf_github_codereview,68c942f2b9e0376f,0.6025654077529907,0.46400803327560425,0.27711474895477295,0.46400803327560425,0.5767190456390381,0.6025654077529907,0.0,43.67064666748047,38.040748596191406,1,2,0.5,0.0,0.0
hf_github_codereview,9025f2d3d69ce108,0.2821645140647888,0.2821645140647888,0.2821645140647888,0.2821645140647888,0.2821645140647888,0.2821645140647888,0.0,44.342567443847656,31.37958335876465,1,1,0.0,0.0,0.0
hf_github_codereview,da8e58106304402d,0.16132304072380066,0.16132304072380066,0.16132304072380066,0.16132304072380066,0.16132307052612305,0.16132304072380066,0.0,31.129497528076172,29.841527938842773,1,1,0.0,0.0,0.0
hf_github_codereview,e1d2c2dbb0a0c7de,0.37710684537887573,0.37710684537887573,0.37710684537887573,0.37710684537887573,0.37710684537887573,0.37710684537887573,0.0,42.47934341430664,29.8129825592041,1,1,0.0,0.0,0.0
hf_github_codereview,c5feda869989d122,0.9923499822616577,0.9923499822616577,0.9923499822616577,0.9923499822616577,0.9923498034477234,0.9923499822616577,0.0,40.18547821044922,42.69773483276367,1,1,1.0,1.0,1.0
hf_github_codereview,6bb16d46ca9b7273,0.9889706373214722,0.9889706373214722,0.9889706373214722,0.9889706373214722,0.9889706373214722,0.9889706373214722,0.0,43.806766510009766,44.446834564208984,1,1,1.0,1.0,1.0
hf_github_codereview,e8c45a6ef6713a67,0.3552827835083008,0.3552827835083008,0.3552827835083008,0.3552827835083008,0.3552827835083008,0.3552827835083008,0.0,41.2977294921875,46.92469024658203,1,1,0.0,0.0,0.0
hf_github_codereview,b58cab06635abefa,0.2826763093471527,0.2826763093471527,0.2826763093471527,0.2826763093471527,0.2826762795448303,0.2826763093471527,0.0,25.728330612182617,34.070133209228516,1,1,0.0,0.0,0.0
hf_github_codereview,d2665824e7730ed6,0.25488731265068054,0.25488731265068054,0.25488731265068054,0.25488731265068054,0.25488728284835815,0.25488731265068054,0.0,31.499319076538086,34.070133209228516,1,1,0.0,0.0,0.0
hf_github_codereview,1daa526ac8b85f58,0.3933676481246948,0.3933676481246948,0.3933676481246948,0.3933676481246948,0.3933676481246948,0.3933676481246948,0.0,44.20563507080078,38.92905044555664,1,1,0.0,0.0,0.0
hf_github_codereview,be867a6c70218a36,0.44959113001823425,0.44959113001823425,0.44959113001823425,0.44959113001823425,0.44959113001823425,0.44959113001823425,0.0,40.90372085571289,34.35969924926758,1,1,0.0,0.0,0.0
hf_github_codereview,c43b8bfdc9351dbd,0.39439141750335693,0.39439141750335693,0.39439141750335693,0.39439141750335693,0.3943914771080017,0.39439141750335693,0.0,39.38924026489258,30.131193161010742,1,1,0.0,0.0,0.0
hf_github_codereview,ccd7ee7a7344b0bf,0.5094324350357056,0.5094324350357056,0.5094324350357056,0.5094324350357056,0.5094324350357056,0.5094324350357056,0.0,40.05946731567383,30.784988403320312,1,1,0.0,0.0,0.0
hf_github_codereview,42631f3909c2a8c8,0.4287838935852051,0.4287838935852051,0.4287838935852051,0.4287838935852051,0.4287838935852051,0.4287838935852051,0.0,28.113632202148438,31.541669845581055,1,1,0.0,0.0,0.0
hf_github_codereview,154eb7ff323a8660,0.2840466797351837,0.2840466797351837,0.2840466797351837,0.2840466797351837,0.2840466797351837,0.2840466797351837,0.0,43.199886322021484,35.344764709472656,1,1,0.0,0.0,0.0
hf_github_codereview,6a3530844ca1cfb4,0.9999998807907104,0.9999998807907104,0.9999998807907104,0.9999998807907104,1.0,0.9999998807907104,0.0,41.382015228271484,41.382015228271484,1,1,1.0,1.0,1.0
hf_github_codereview,5e5c0b62823cd423,0.7142442464828491,0.5329908728599548,0.3625067472457886,0.5329908728599548,0.645382821559906,0.7142442464828491,0.0,41.271385192871094,38.34770965576172,1,2,0.5,0.5,0.0
hf_github_codereview,da03e2d9d04c26a4,0.5820285081863403,0.5820285081863403,0.5820285081863403,0.5820285081863403,0.5820285081863403,0.5820285081863403,0.0,33.40231704711914,41.20848846435547,1,1,0.0,0.0,0.0
hf_github_codereview,50204d2451a85cdc,1.0,0.6762993335723877,0.6474013328552246,0.6762993335723877,0.8223742246627808,1.0,0.0,35.25392150878906,36.281124114990234,1,2,0.5,0.5,0.5
hf_github_codereview,be34c649ebe0e74a,0.8521332740783691,0.8521332740783691,0.8521332740783691,0.8521332740783691,0.8521332740783691,0.8521332740783691,0.0,29.734786987304688,32.17435073852539,1,1,1.0,1.0,1.0
hf_github_codereview,3dcd358548d835c6,0.5454579591751099,0.5454579591751099,0.5454579591751099,0.5454579591751099,0.5454578995704651,0.5454579591751099,0.0,44.34513854980469,38.89518356323242,1,1,0.0,0.0,0.0
hf_github_codereview,27081267127a0310,0.7768087983131409,0.746964305639267,0.0596889853477478,0.746964305639267,0.7719393968582153,0.7768087983131409,0.0,41.507728576660156,41.72417640686035,1,2,1.0,1.0,0.0
hf_github_codereview,b03f3ad542544476,0.8745507001876831,0.7210469841957092,0.30700743198394775,0.7210469841957092,0.7890598773956299,0.8745507001876831,0.0,42.01463317871094,42.15373229980469,1,2,0.5,0.5,0.5
hf_github_codereview,92ab0ab91e78b0c5,0.9999998211860657,0.6281836479902267,0.7436323463916779,0.6281836479902267,0.7925803661346436,0.9999998211860657,0.0,35.255245208740234,33.76223564147949,1,2,0.5,0.5,0.5
hf_github_codereview,43f5d49f8a78bf3f,1.0,0.7353216111660004,0.5293567776679993,0.7353216111660004,0.8575090169906616,1.0,0.0,35.72819900512695,35.73417663574219,1,2,0.5,0.5,0.5
hf_github_codereview,39b16b0294eb5950,0.5432906150817871,0.3827821910381317,0.3210168480873108,0.3827821910381317,0.477694034576416,0.5432906150817871,0.0,48.729652404785156,36.58805465698242,1,2,0.0,0.0,0.0
hf_github_codereview,598d35fa4728ff23,0.29214492440223694,0.29214492440223694,0.29214492440223694,0.29214492440223694,0.29214492440223694,0.29214492440223694,0.0,36.41683578491211,42.311397552490234,1,1,0.0,0.0,0.0
hf_github_codereview,ae969ae0dc15f5c0,0.9247363209724426,0.793327808380127,0.26281702518463135,0.793327808380127,0.8693704009056091,0.9247363209724426,0.0,43.92705154418945,44.11699676513672,1,2,1.0,0.5,0.5
hf_github_codereview,64ae6f598147f251,0.8029413223266602,0.6560490429401398,0.29378455877304077,0.6560490429401398,0.71893310546875,0.8029413223266602,0.0,36.75804138183594,44.11699676513672,1,2,0.5,0.5,0.5
hf_github_codereview,ed45c9a70b4acb58,0.7934306859970093,0.6560570001602173,0.274747371673584,0.6560570001602173,0.7189418077468872,0.7934306859970093,0.0,37.039974212646484,44.11699676513672,1,2,0.5,0.5,0.0
hf_github_codereview,bef6d22865ebd0d7,0.7375435829162598,0.6588348746299744,0.1574174165725708,0.6588348746299744,0.721985936164856,0.7375435829162598,0.0,39.33437728881836,44.11699676513672,1,2,0.5,0.5,0.0
hf_github_codereview,d470808fe25e4a25,0.9999998807907104,0.5893935263156891,0.8212127089500427,0.5893935263156891,0.7677196860313416,0.9999998807907104,0.0,42.50043869018555,41.684139251708984,1,2,0.5,0.5,0.5
hf_github_codereview,fc444c38b967a8dd,0.9908331632614136,0.5795880109071732,0.8224903047084808,0.5795880109071732,0.755237340927124,0.9908331632614136,0.0,42.07372283935547,36.82802677154541,1,2,0.5,0.5,0.5
hf_github_codereview,fbe504bd15d81eb7,0.9999998807907104,0.6233652979135513,0.7532691657543182,0.6233652979135513,0.7895348072052002,0.9999998807907104,0.0,42.40854263305664,41.02678871154785,1,2,0.5,0.5,0.5
hf_github_codereview,6667756c1b5796e6,1.0,1.0,1.0,1.0,1.0,1.0,0.0,41.944339752197266,41.944339752197266,1,1,1.0,1.0,1.0
hf_github_codereview,b94cbcf65da340c8,1.0,1.0,1.0,1.0,1.0,1.0,0.0,42.999107360839844,42.999107360839844,1,1,1.0,1.0,1.0
hf_github_codereview,59889f994de78d02,0.20015046000480652,0.20015046000480652,0.20015046000480652,0.20015046000480652,0.2001504898071289,0.20015046000480652,0.0,40.7932014465332,28.157495498657227,1,1,0.0,0.0,0.0
hf_github_codereview,039b9c806ca6a720,0.5072658061981201,0.4845593124628067,0.04541298747062683,0.4845593124628067,0.5627366304397583,0.5072658061981201,0.0,38.20548629760742,35.291948318481445,1,2,0.0,0.0,0.0
hf_github_codereview,afb64e96e6e116cd,0.3457152247428894,0.27704813083012897,0.09278836846351624,0.27704813083012897,0.38716983795166016,0.3457152247428894,0.0,42.88723373413086,35.18612098693848,1,3,0.0,0.0,0.0
hf_github_codereview,3dd1fdb6c2f4f762,0.2774973213672638,0.22015642623106638,0.085314080119133,0.22015642623106638,0.2448771595954895,0.2774973213672638,0.0,43.28377151489258,31.214871088663738,1,3,0.0,0.0,0.0
hf_github_codereview,3a9c47755c981241,0.31786370277404785,0.18910259380936623,0.25752221792936325,0.18910259380936623,0.2139575183391571,0.31786370277404785,0.0,39.26200866699219,36.68029308319092,1,2,0.0,0.0,0.0
hf_github_codereview,a65097a5115caeba,0.3675411343574524,0.3675411343574524,0.3675411343574524,0.3675411343574524,0.36754110455513,0.3675411343574524,0.0,41.356143951416016,34.78018569946289,1,1,0.0,0.0,0.0
hf_github_codereview,3e40d8207eb1c0aa,0.45292648673057556,0.45292648673057556,0.45292648673057556,0.45292648673057556,0.45292648673057556,0.45292648673057556,0.0,42.14806365966797,31.916500091552734,1,1,0.0,0.0,0.0
hf_github_codereview,8b845afd6f1b2986,0.6823549270629883,0.6823549270629883,0.6823549270629883,0.6823549270629883,0.6823548078536987,0.6823549270629883,0.0,37.4230842590332,44.190948486328125,1,1,1.0,0.0,0.0
hf_github_codereview,e682a769b46acc2e,0.40795910358428955,0.3530227740605672,0.034824371337890625,0.3530227740605672,0.45643818378448486,0.40795910358428955,0.0,31.96837615966797,38.04245376586914,1,3,0.0,0.0,0.0
